Ticker,rank,score,name,sector,index,price,ret_1d,ret_1w,ret_1m,ret_3m,ret_6m,rs_1m,rs_3m,rs_6m,rs_3m_chg,pct_from_52w_high,pct_from_52w_low,new_52w_high,pct_vs_20dma,above_20dma,pct_vs_50dma,pct_vs_200dma,dist_to_50dma,pct_vs_9ema,pullback_9ema,avg_dollar_vol_m,above_50dma,above_200dma,vol_ratio_20_60,volume_x,gap_pct,gap_up,rvol
IQV,1,0.8625433788756894,IQVIA,Health Care,SP500,263.8399963378906,0.021250203617859675,0.00890974144490242,0.15617878994859025,0.4492721335625547,0.48324707159586966,0.9473684210526315,0.9902534113060428,0.9454191033138402,0.02729044834307992,0.0,0.6841567098833432,True,0.05284368316535426,True,0.1633998056000041,0.310196965222139,-0.14045026036061037,0.01893336990290262,False,314.41609367843625,True,True,0.4971222346268107,0.9756284510211697,-0.0013547748993486541,False,0.8096558478016447
CRM,2,0.8587111775452584,Salesforce,Information Technology,SP500,256.92999267578125,-0.004571666121998441,0.24953797673884304,0.34525360116279646,0.35141451302961024,0.3374630817159108,0.9980506822612085,0.9668615984405458,0.9122807017543859,0.5653021442495126,-0.030021571123934665,0.7114974755708934,False,0.2022394579850657,True,0.37222392444171515,0.2856822316710097,-0.271255964723945,0.07443298203578097,False,2763.2276946769102,True,True,1.7023904008711166,2.006678597255402,0.004920458732040833,False,1.0027016489345681
CRL,3,0.8526687296217624,Charles River Laboratories,Health Care,SP500,291.760009765625,0.03336407717616097,-0.011318184577464918,0.2461985983708317,0.622060475264592,0.6246798462565284,0.9824561403508771,0.9980506822612085,0.9590643274853801,0.05263157894736836,-0.022841372876108657,1.0042590855670332,False,0.01983144680163118,True,0.16107305192381594,0.4669109639701787,-0.1387277498663234,0.00757259792369136,False,233.97227050482178,True,True,0.565857949991978,0.8508887107623078,0.011156739878662503,False,0.6513199296381174
CF,4,0.8447071215657479,CF Industries,Materials,SP500,139.27000427246094,0.027064882033586812,0.10795551037130324,0.18523053412969426,0.20057963831337422,0.3423656328946094,0.9707602339181286,0.8382066276803118,0.9142300194931774,0.672514619883041,0.0,0.8571360989414636,True,0.12654582242173995,True,0.16543790495163324,0.3057944759973288,-0.1419534273329638,0.07000129742439509,False,299.9116696907959,True,True,1.0473323649462545,1.2228306857188473,-0.014970491798851349,False,1.8348463232228476
VLO,5,0.8425628720530773,Valero Energy,Energy,SP500,366.0899963378906,0.011326296898046984,0.0518920714361939,0.1857933576600126,0.4056408488563443,0.6367502230808904,0.9727095516569201,0.9824561403508771,0.9610136452241715,0.12670565302144243,0.0,1.40604851775052,True,0.07527575290370292,True,0.18264080734494326,0.5508358884313254,-0.1544347245677885,0.03525854599216971,False,841.660195773529,True,True,0.8223925577001174,0.9368549079185415,-0.0057183260932170965,False,1.0292389716137293
MPC,6,0.8343757375501534,Marathon Petroleum,Energy,SP500,387.0,0.010443864229765065,0.06826403438402084,0.2413540346794012,0.4522648635878015,0.7644638770403485,0.9805068226120858,0.9922027290448343,0.9688109161793372,0.1228070175438597,0.0,1.4072611829149442,True,0.09548207167136535,True,0.2254480634980751,0.6235154795104136,-0.18397194480403145,0.044578392868026784,False,745.4126227232056,True,True,1.015504352808402,1.1336069202940735,-0.006866853479928214,False,1.0267617441761885
DASH,7,0.8306042884990255,DoorDash,Consumer Discretionary,SP500,226.24000549316406,0.0025702464842780604,-0.045118758760295696,0.11795231977030007,0.4635787476599258,0.27279890572806775,0.9103313840155945,0.9941520467836257,0.8674463937621832,0.23976608187134496,,,False,,False,,,,-0.0039502287995035745,False,858.0074001651998,False,False,0.5563953425861579,0.8049607596976247,0.00031016602097766466,False,0.7859542772233186
CTVA,8,0.8199013977394908,Corteva,Materials,SP500,89.97000122070312,0.02553285966097585,0.08785918118046787,0.15134425790318828,0.15889156858099285,0.15858415255894998,0.9454191033138402,0.7504873294346979,0.7290448343079922,0.5419103313840157,-0.0038474940435939686,0.48877593132860375,False,0.12290332817717209,True,0.08544188370465511,0.17147428135367027,-0.07871622146460633,0.0639519711781531,False,363.24330614079287,True,True,0.725075339101043,1.2351261888142395,0.00615517229534146,False,2.024011106852788
RVTY,9,0.8115687200062938,Revvity,Health Care,SP500,130.94000244140625,0.03436295307177906,0.03632769309629458,0.17550949958596207,0.29635017971326705,0.33134974320275434,0.9668615984405458,0.9434697855750487,0.9083820662768031,0.033138401559454134,0.0,0.5927803277629629,True,0.07768662836846763,True,0.13327923513861495,0.2853150687833774,-0.11760493884132028,0.033380855195892734,False,182.80529916012574,True,True,0.7928265626552108,1.3076789267253366,-0.005134638717813278,False,1.3510681249501748
PSX,10,0.8087719298245615,Phillips 66,Energy,SP500,256.0899963378906,0.016149480185825293,0.057218349728831,0.25042115653820995,0.39402866730751285,0.5742975601977356,0.98635477582846,0.9805068226120858,0.9571150097465887,0.2651072124756335,,,False,,False,,,,0.044821576041013333,False,574.4581452090828,False,False,1.0464350353346594,1.172887593532895,-0.0076581537253040954,False,1.0513672799529763
INCY,11,0.8053396445773128,Incyte,Health Care,SP500,128.8300018310547,0.030557552432175283,0.005541732289466417,0.0682421514184317,0.31486014918510397,0.3031559886270625,0.8187134502923976,0.9551656920077972,0.898635477582846,0.08771929824561397,-0.008466027143335664,0.5776389426104376,False,0.03541534973584537,True,0.07329892503207858,0.23296338831046337,-0.06829311324418574,0.020759820141950325,False,203.72100104208374,True,True,0.6601895489845584,0.8153983125298491,0.011359076431323167,False,1.380953173203531
ABNB,12,0.8050682261208577,Airbnb,Consumer Discretionary,SP500,183.25999450683594,0.003916822400298781,-0.0255756507154844,0.22238525043416613,0.3718092636466166,0.35207321517246526,0.9785575048732943,0.9727095516569201,0.9181286549707602,0.4619883040935673,,,False,,False,,,,-0.004515263971511918,False,733.2041548033111,False,False,2.208636761792185,1.1313630121572031,0.004026407832173673,False,0.767828193901385
COP,13,0.8032841196164302,ConocoPhillips,Energy,SP500,137.1999969482422,0.007416069379031498,0.05045552643055684,0.1710624133249563,0.16014356738567548,0.20312604013618563,0.9629629629629629,0.7543859649122807,0.797270955165692,0.571150097465887,0.0,0.6521764295908357,True,0.06547413237710664,True,0.15804123648789625,0.23727656713892253,-0.13647289190426692,0.03266081431241985,False,802.6899016785126,True,True,0.8609050040898137,0.9606125747873225,-0.009031468576911506,False,0.8835695517100575
NWSA,14,0.8009340116609412,News Corp (Class A),Communication Services,SP500,30.649999618530273,0.0006529695824899484,-0.010012902942812318,0.07205314637803228,0.17658351309759146,0.2808190233036074,0.8284600389863548,0.8031189083820662,0.8791423001949318,0.22612085769980506,-0.017313270480316167,0.37402158393826923,False,0.027764730303687202,True,0.08536299048264007,0.17344499904050847,-0.07864925488631302,0.003111502735891003,True,115.08858193912506,True,True,0.7798205075864252,1.1303794300652832,0.0022853935387145974,False,0.8872281866785966
SJM,15,0.7949693616202941,J.M. Smucker Company (The),Consumer Staples,SP500,131.44000244140625,0.0001522163501723739,0.004125351948823797,0.1132987214201957,0.310080134322706,0.16921859912332216,0.9025341130604289,0.9512670565302144,0.7504873294346979,0.07797270955165692,-0.006800619022132248,0.49831853287427386,False,0.06192144415118994,True,0.11298822190489788,0.25505310127447833,-0.10151789541089373,0.017460480274365198,False,168.4540151422882,True,True,0.6984252341731368,1.081566760709027,0.003043746468168518,False,0.8011947188187727
MRNA,16,0.7942390230683836,Moderna,Health Care,SP500,150.80999755859375,-0.022428253179771485,0.007684042952990522,1.6462536079477967,2.07399089557908,1.6091695423742585,1.0,1.0,0.9961013645224172,0.19103313840155944,-0.13516462131113227,5.744632980411291,False,0.3849374676722821,True,0.8388996183996633,1.8136495351093251,-0.45619652644755637,0.07649470543325632,False,2197.97775424453,True,True,8.600575682372009,1.2880912990189015,-0.018603813421225746,False,0.964054354129451
ROP,17,0.781384015594542,Roper Technologies,Information Technology,SP500,415.7900085449219,-0.006024214167434261,0.006073387952571618,0.05863631277797299,0.2566559259838286,0.15673984038991873,0.7933723196881092,0.9200779727095516,0.7251461988304093,0.34113060428849895,,,False,,False,,,,0.0015079612898931671,False,325.5428464844373,False,False,0.5938589581958896,0.7927397842493578,0.011355215098187266,False,0.7290810795882154
SHOP,18,0.7807017543859649,Shopify,Information Technology,NDX,141.8699951171875,0.014661619836817685,-0.056025008617271777,0.15060820442668232,0.2561536395467163,0.09425377397595458,0.9434697855750487,0.9161793372319688,0.6042884990253411,0.6920077972709551,,,False,,False,,,,-0.03217871292372787,False,1219.0987695821334,False,False,0.6494017463192326,0.7882420793533906,-0.0012159449208162254,False,0.6667129029154913
REGN,19,0.7763157894736843,Regeneron Pharmaceuticals,Health Care,SP500,852.030029296875,0.03424294350932655,0.04570509244565302,0.1214274415961869,0.3781807156821928,0.08482412210257095,0.9142300194931774,0.9766081871345029,0.5906432748538012,0.48343079922027293,,,False,,False,,,,0.03652550776364705,False,565.1763034484864,False,False,0.7815812861264326,0.9907256809796379,0.0029375141276508643,False,0.9470662574471926
VEEV,20,0.7753411306042886,Veeva Systems,Health Care,SP500,280.7200012207031,0.005336067670920874,0.14621696551031493,0.32502596248452487,0.5707251527714527,0.48938883480506545,0.9961013645224172,0.9961013645224172,0.9473684210526315,0.11890838206627685,,,False,,False,,,,0.05052808313972701,False,418.768533677362,False,False,1.4188638261713717,1.5311284097510416,-0.0034022568121366836,False,0.7506118501052043
VRTX,21,0.7753114100647734,Vertex Pharmaceuticals,Health Care,SP500,556.75,0.016616406793140692,0.017285209582594607,0.1630214742493945,0.2997852284632667,0.16501701842332128,0.9551656920077972,0.9473684210526315,0.746588693957115,0.34892787524366464,0.0,0.4782805140942239,True,0.04538481746718803,True,0.10075284269417528,0.19735508862064388,-0.09153084942081557,0.020461471095176487,False,760.0875118925171,True,True,1.167586829945383,0.7141893286342493,0.008709866307770486,False,1.1554320962982207
TGT,22,0.7727095516569201,Target Corporation,Consumer Staples,SP500,163.36000061035156,-0.0023816756619752244,-0.004145285927896536,0.11142980889275811,0.31902137768625605,0.38382038447494193,0.898635477582846,0.9590643274853801,0.9317738791423001,0.21052631578947367,,,False,,False,,,,0.006854789710883269,False,650.7660235624196,False,False,0.9198439482119836,0.8669959316920184,0.0015877527135019776,False,0.6240598260130357
NWS,23,0.7717912743992518,News Corp (Class B),Communication Services,SP500,34.40999984741211,0.005258554121617243,-0.02355283176850287,0.05165032285022231,0.15392354793969254,0.2940007412221588,0.7758284600389863,0.7426900584795322,0.8947368421052632,0.1871345029239766,-0.025764435313555767,0.3464671112211726,False,0.016603642396900486,True,0.07476168391726246,0.15608274242998155,-0.06956117345454027,-0.001357104535477105,True,40.90710212036133,True,True,0.782057886565795,1.0916364874485405,0.006427146469332179,False,0.9606532744596231
BDX,24,0.7694717611167929,Becton Dickinson,Health Care,SP500,187.52000427246094,0.0021377146521563972,-0.014142276149818,0.10228079975717974,0.2969025402774661,0.10821621112729485,0.8869395711500975,0.9454191033138402,0.6335282651072125,0.19298245614035092,-0.023333311080932617,0.377951296501736,False,0.01221820816443664,True,0.1126300826893103,0.18514485549810766,-0.101228687271402,-0.0008093421226544883,True,339.93218342178346,True,True,0.7543286552625192,0.8281633695459992,0.0016566778894986367,False,0.7141155138144666
TYL,25,0.7685185185185186,Tyler Technologies,Information Technology,SP500,374.8800048828125,-0.004117599083832135,0.06303703777421155,0.1964383268383767,0.23409164315418973,0.018252936641294237,0.9746588693957114,0.8810916179337231,0.4522417153996101,0.682261208576998,,,False,,False,,,,0.035249342708016496,False,287.8499898974983,False,False,0.706379394486755,2.2605897403865285,-0.00945726331020591,False,0.9272792862345565
MRK,26,0.7663742690058479,Merck & Co.,Health Care,SP500,151.63999938964844,0.01187774437506528,-0.00953629428910685,0.18468749523162842,0.3315647255125038,0.2791961278166504,0.9688109161793372,0.9610136452241715,0.8771929824561403,0.30409356725146197,,,False,,False,,,,0.017584052743270906,False,1379.7622130767668,False,False,1.7639557560944157,0.9404972624360498,0.010943543193440819,False,0.874207726447416
CMG,27,0.7663087089922116,Chipotle Mexican Grill,Consumer Discretionary,SP500,38.52000045776367,0.026926211181690807,0.031601507775944615,0.13897104687611028,0.3402923021757911,0.049305405024011595,0.9259259259259259,0.9629629629629629,0.5165692007797271,0.5165692007797271,-0.0906515603696546,0.3669268999506987,False,0.09205342635312874,True,0.1113739970470442,0.10726565064897353,-0.10021288723955069,0.032246348410376324,False,634.1763476069183,True,True,0.6703542664874385,0.6696416699834473,0.004798728691823184,False,0.633346661074739
DE,28,0.7659546849185744,Deere & Company,Industrials,SP500,698.3699951171875,0.032969437735033136,0.1005925856528036,0.13120171151924032,0.19019558179146778,0.14361940674805873,0.9200779727095516,0.8187134502923976,0.7076023391812866,0.33723196881091616,0.0,0.6047394542752589,True,0.1140258553618525,True,0.1345337692699402,0.23837176758604928,-0.11858066539219125,0.07110342439599338,False,759.4698112218017,True,True,1.1969623634868158,1.2338248226869353,0.0029286185343455617,False,1.6719157075487254
CVX,29,0.7642977648406019,Chevron Corporation,Energy,SP500,211.77999877929688,0.0034588757023614747,0.05778927964357483,0.12199709331324615,0.12607788713756363,0.15887168601749635,0.9161793372319688,0.7017543859649122,0.7309941520467836,0.3820662768031189,0.0,0.4834334493854411,True,0.05747882116830749,True,0.12423237857232938,0.19225449511391024,-0.11050418128865225,0.031123550064049654,False,1556.420634044861,True,True,0.8464598714492403,1.0011621200802903,-0.0026533880620528416,False,0.9156440068493976
AJG,30,0.7634502923976609,Arthur J. Gallagher & Co.,Financials,SP500,264.4599914550781,0.00938928036289366,-0.0021507275661024616,0.06611301321411389,0.3103222927202083,0.1798542824667131,0.8128654970760234,0.9532163742690059,0.7719298245614035,0.15204678362573099,,,False,,False,,,,0.008539811163627897,False,383.4180830745775,False,False,0.7186943606282927,1.0369434129867636,0.005725190839694694,False,1.200259545384652
APA,31,0.7632553606237817,APA Corporation,Energy,SP500,44.70000076293945,0.009029379972184559,0.08521491267917791,0.2486033998756494,0.1743963796257535,0.457103418912304,0.9844054580896686,0.7953216374269005,0.9434697855750487,0.7290448343079922,,,False,,False,,,,0.03859368356355097,False,204.9477477354906,False,False,1.1347168844887396,0.8036444168257055,-0.01241533287884189,False,0.7735291006191275
EG,32,0.7622807017543861,Everest Group,Financials,SP500,378.2799987792969,-0.0008715738755785685,-0.003949655076152969,0.02456598557496603,0.1962260935322906,0.14608766034436593,0.6842105263157895,0.8304093567251462,0.7115009746588694,0.36062378167641324,,,False,,False,,,,0.007187804004622267,False,128.34974912862972,False,False,0.6362654595065593,1.0578575015508227,0.004252439004337472,False,1.091243677877994
TMO,33,0.7568973505013156,Thermo Fisher Scientific,Health Care,SP500,608.5399780273438,0.013388806040539158,-0.03971855118680534,0.07753869504620403,0.2852620735680067,0.18931946562019442,0.847953216374269,0.935672514619883,0.7894736842105263,0.09941520467836251,-0.04644277629871152,0.3896746850560602,False,-0.0007906479602688421,False,0.0750670351050442,0.137475579233447,-0.0698254459059936,-0.010041721122263647,True,1140.3656899725952,True,True,0.6938317738266001,0.681439433135739,0.0018817733269149706,False,0.7951564791238231
HPQ,34,0.7525043925209136,HP Inc.,Information Technology,SP500,31.989999771118164,0.021392084381299137,0.04816511439404492,0.1099930641867164,0.24345192358733936,0.7155810235893794,0.8966861598440545,0.8908382066276803,0.9649122807017544,-0.07017543859649122,0.0,0.8079584362923771,True,0.06923809449645302,True,0.19184226402436688,0.4254546008496616,-0.16096279668468338,0.04830026181086522,False,408.13113037073896,True,True,0.8797151798815737,1.4020722190099986,0.00989781190814032,False,1.002606784234456
ZS,35,0.7519493177387915,Zscaler,Information Technology,NDX,172.72999572753906,-0.031619664428106375,0.01420937234241193,0.058264884424162444,0.2854804048842663,0.10575499842293623,0.7914230019493177,0.9376218323586745,0.6276803118908382,0.2514619883040936,,,False,,False,,,,-0.03197909464562865,False,381.6172738391487,False,False,0.7434512760079723,1.1812047960885743,-0.008914034767148027,False,1.0728766020899656
WELL,36,0.7503898635477584,Welltower,Real Estate,SP500,238.58999633789062,-0.007611687234806208,-0.012295087144893357,0.03420429369586642,0.19991325392404358,0.16175140095716012,0.7212475633528265,0.8362573099415205,0.7426900584795322,0.35672514619883045,,,False,,False,,,,0.00010481297177933335,False,719.9525937141575,False,False,0.7606172928876492,1.0808761075516857,0.001164623498167261,False,0.816300687695812
GPC,37,0.7475633528265109,Genuine Parts Company,Consumer Discretionary,SP500,137.14999389648438,0.01713139736970337,-0.016775478561396717,0.03470381545695145,0.4107066974675586,0.20991224151718146,0.723196881091618,0.98635477582846,0.8050682261208577,0.06627680311890838,,,False,,False,,,,0.009117097350967995,False,203.99764704642783,False,False,0.49849421164803215,0.6507473131526607,0.006303812864141722,False,0.4585016963965073
LH,38,0.7458089668615986,Labcorp,Health Care,SP500,331.6600036621094,0.012362316448324195,-0.00997536925618947,0.06413227400235844,0.28368241016567164,0.18669879144445756,0.8089668615984406,0.9337231968810916,0.7855750487329435,0.07602339181286555,,,False,,False,,,,0.0010109542139398187,False,211.3156606949164,False,False,0.6596074554814337,0.9793923699759283,0.004731291413122118,False,0.9267932309734954
AMGN,39,0.7455165692007798,Amgen,Health Care,SP500,442.8399963378906,0.010773307023891121,0.0056774311232032915,0.1420644752946283,0.3169770277919637,0.18330369430000948,0.9298245614035088,0.9571150097465887,0.7797270955165692,0.1364522417153996,,,False,,False,,,,0.016687059891044242,False,970.0873854718889,False,False,0.8189943153012222,0.8814975140590208,0.005774670883533117,False,0.9214019787317194
TECH,40,0.7448343079922028,Bio-Techne,Health Care,SP500,72.30000305175781,0.00166254843550373,-0.001105197633264332,0.004023720647965412,0.42340361551649397,0.2534839497212582,0.6062378167641326,0.9883040935672515,0.8538011695906432,0.052631578947368474,,,False,,False,,,,0.00012114244206706815,False,377.0286013116875,False,False,0.06818512487563216,0.3980120580213393,0.00027703855613547823,False,0.31141370203093555
J,41,0.7429824561403509,Jacobs Solutions,Industrials,SP500,147.0800018310547,0.005125401425648324,-0.029303077588503146,0.03335287323371694,0.21568920745208842,0.07061668252204334,0.7173489278752436,0.8635477582846004,0.5614035087719298,0.31384015594541914,,,False,,False,,,,-0.007249504796534301,False,126.72273886723421,False,False,0.5811726069016764,1.0348746805431537,-0.003006918853963092,False,0.702578465097872
ZBRA,42,0.7425864736579866,Zebra Technologies,Information Technology,SP500,351.1099853515625,0.021559420661491746,-0.024260813348082166,-0.04804381928211576,0.4083833977277074,0.5171981165397772,0.3333333333333333,0.9844054580896686,0.9532163742690059,0.0,-0.08340733151637458,0.7617159055455707,False,-0.03895531184366796,False,0.13166153472472408,0.37147114904920286,-0.11634356270379953,-0.01188234404514621,False,235.52256084643554,True,True,0.37261448860207264,0.7255003405113477,0.005324371566106656,False,0.6807412867221228
APD,43,0.7414409216863784,Air Products,Materials,SP500,309.45001220703125,0.013526807230902715,0.00909805162591737,0.05001534111272199,0.10310106697765087,0.14268620776620988,0.7582846003898636,0.6432748538011696,0.7056530214424951,0.3391812865497076,-0.015086381481087874,0.3677051589840248,False,0.01347869986298833,True,0.034720036309281666,0.10650399752359507,-0.033555005306675656,0.009077424175496063,False,352.49877878399656,True,True,0.6761758279755065,0.9035297141195328,0.0028494533483476303,False,0.7340151326182756
FDS,44,0.7405458089668617,FactSet,Financials,SP500,306.07000732421875,0.0020626141886355143,0.035945150375372936,0.11504979494107936,0.207662580397032,0.3645227157823816,0.9064327485380117,0.8518518518518519,0.9200779727095516,0.00974658869395717,,,False,,False,,,,0.012758864306408935,False,247.25431106894357,False,False,0.6394313301504386,0.9211431581081498,-0.012932203298384293,False,0.5593833929073194
PFE,45,0.7386642365754945,Pfizer,Health Care,SP500,29.020000457763672,0.016462389956670043,0.025441739933343976,0.14207007603422817,0.16525944358441458,0.1275386099935445,0.9317738791423001,0.7641325536062378,0.672514619883041,0.44639376218323584,0.0,0.3158998459390501,True,0.05221176715159759,True,0.13293508100426887,0.14237137912892295,-0.11733689178944928,0.02617961766281418,False,1060.1328059417267,True,True,1.1607149169543431,0.8930549690197903,0.008406363743619805,False,0.9233362739751133
DGX,46,0.7346978557504874,Quest Diagnostics,Health Care,SP500,240.8000030517578,0.01938871309536383,-0.017142844686702796,0.030292665557403398,0.2484073797870272,0.16494925801154703,0.7076023391812866,0.8966861598440545,0.7446393762183235,0.05653021442495121,,,False,,False,,,,0.0003008762953917721,False,218.2691235014001,False,False,0.5694289857064875,1.07417727929772,0.007662338283127124,False,1.1869161846529077
GDDY,47,0.7339404190596072,GoDaddy,Information Technology,SP500,101.87000274658203,0.013127793682360833,0.0662549902700067,0.14345052120353463,0.2130268953861787,0.14899614864462518,0.9337231968810916,0.8557504873294347,0.7173489278752436,0.5048732943469786,-0.3157576611663421,0.3584478683629786,False,0.06005268076312653,True,0.10051209782573434,0.056450162525808034,-0.09133211531641916,0.0322794635756658,False,184.05373146890258,True,True,0.7843759393844872,0.926158232501042,-0.0017901571328956534,False,0.870916598565065
JNJ,48,0.7242690058479533,Johnson & Johnson,Health Care,SP500,275.2099914550781,0.014823514795831993,0.01929626464843759,0.08487552975627577,0.23887876571526534,0.13394964833479195,0.8557504873294347,0.8869395711500975,0.6861598440545809,0.216374269005848,,,False,,False,,,,0.021344435041070087,False,1969.00158269563,False,False,0.8260375473204803,0.9563207880159699,0.013090408057117697,False,1.0273642640374243
JPM,49,0.7239940908574377,JPMorgan Chase,Financials,SP500,356.2200012207031,0.003577937653179042,-0.0007854103206083041,-0.0036361261829168656,0.18937915692637142,0.20129585307256948,0.571150097465887,0.8167641325536062,0.7933723196881092,0.07797270955165692,-0.024535822429442633,0.27158813093179424,False,-0.004970668325370409,False,0.0220809637936783,0.12835938821157633,-0.02160392823648727,0.00015936238651947932,False,2707.9076657845458,True,True,0.5655309593027056,0.7016312824652757,0.007324906315036239,False,0.6773367000233075
NDAQ,50,0.7201723791291882,"Nasdaq, Inc.",Financials,SP500,95.72000122070312,-0.018659008383651643,-0.03769980852497967,0.022431087508142156,0.10659283037689771,0.08120201848543274,0.672514619883041,0.6588693957115009,0.580896686159844,0.26900584795321636,-0.045677037952066346,0.2455433067176498,False,-0.014836108631949507,False,0.0399577699068836,0.06462919260010258,-0.038422492781088,-0.020787487319519626,True,340.45348957366946,True,True,0.4181531668506671,0.8608613283167456,0.00010254394234765485,False,1.2373652595367457
WDAY,51,0.7200067308280664,"Workday, Inc.",Information Technology,SP500,200.8699951171875,0.012551618979170343,0.05305370965760159,0.17275803683312052,0.3673928077814219,0.40429253737011384,0.9649122807017544,0.9688109161793372,0.9395711500974658,0.0292397660818714,-0.18902663354486637,0.7855110677083332,False,0.042765459241336234,True,0.23710055448889755,0.25194766875851604,-0.19165827193962792,0.018087070633285407,False,782.5584779754029,True,True,1.1640998522931572,1.1740000134871316,-0.0008065513568461524,False,0.5801370686545629
GPN,52,0.7176413255360625,Global Payments,Financials,SP500,92.80999755859375,0.030535199584153183,-0.0016136136763792441,0.0516713604373229,0.37311603903712043,0.2049991728799725,0.7777777777777778,0.9746588693957114,0.8011695906432749,0.12670565302144243,,,False,,False,,,,0.009936974116048436,False,268.08222293400667,False,False,0.8311223735508971,0.7239583793185651,0.002553890330542652,False,0.6047641532801447
SCHW,53,0.71364522417154,Charles Schwab Corporation,Financials,SP500,108.23999786376953,-0.00036942109326099093,-0.010512857960466637,0.020739294644541495,0.25367398560954,0.13437261277535084,0.6686159844054581,0.9083820662768031,0.6900584795321637,0.17543859649122806,,,False,,False,,,,-0.011204723863450616,False,860.2817415596008,False,False,0.75788052753226,0.9444745866023714,0.002031780783000814,False,0.8466230233314703
EXPE,54,0.7130604288499025,Expedia Group,Consumer Discretionary,SP500,308.05999755859375,0.01258911492606729,-0.07478382619793122,-0.011394924346250113,0.3686353080985587,0.3973292758292313,0.5497076023391813,0.9707602339181286,0.9376218323586745,0.07212475633528259,,,False,,False,,,,-0.03042711353403682,False,458.0636777448382,False,False,1.0021121014811514,1.0978272027484979,0.008020255574049617,False,0.9680344160971492
TRV,55,0.7062710338377084,Travelers Companies (The),Financials,SP500,366.17999267578125,0.006210098825728982,-0.013390815849209647,-0.02908657403747439,0.26818704845422947,0.18273813413797857,0.442495126705653,0.9220272904483431,0.7738791423001949,0.033138401559454245,-0.07814311577849131,0.416483954307449,False,-0.010512869779911171,False,0.014208539800041553,0.18046082977888833,-0.014009485468188698,-0.0032290854796851454,True,668.2039656909179,True,True,0.5668277745924839,0.7551716363226425,0.00629253116852424,False,0.623770946434274
OKE,56,0.7060428849902535,Oneok,Energy,SP500,96.01000213623047,0.0033441288186837337,0.011696528898883729,0.0953793549893236,0.11993963610972402,0.15996932366893724,0.8732943469785575,0.6920077972709552,0.7368421052631579,0.4307992202729045,,,False,,False,,,,0.011940351411553696,False,332.1512246382733,False,False,0.9493426214296495,1.0707499280184496,-0.0055387058812272905,False,0.9704978945724596
MA,57,0.697953216374269,Mastercard,Financials,SP500,588.1400146484375,0.01211502212747706,-0.01726060881977276,0.029837226039131304,0.24933930882825495,0.12854420736170602,0.7037037037037037,0.898635477582846,0.6744639376218323,0.2573099415204678,,,False,,False,,,,0.0031321713671834672,False,1791.9202044360725,False,False,0.9295179776392141,0.9167591723104506,0.004990577415079578,False,0.6958857461034165
MELI,58,0.6962962962962964,MercadoLibre,Consumer Discretionary,NDX,2006.5799560546875,0.02194559994429568,0.028783257282949837,0.06252579086824861,0.22461453990636904,0.13428258583729646,0.8050682261208577,0.8693957115009746,0.6881091617933723,0.4522417153996101,,,False,,False,,,,0.030719944489415507,False,785.7806981517558,False,False,1.6478361522024991,0.832865504346745,-0.007069047946180573,False,0.9160848184203358
AMP,59,0.6959064327485381,Ameriprise Financial,Financials,SP500,551.8499755859375,0.016972506060886294,-0.01504614348206701,-0.0031251877786359072,0.25546928345712927,0.18486648758600976,0.5730994152046783,0.9142300194931774,0.7816764132553606,0.13255360623781676,,,False,,False,,,,-0.003431132326541353,False,297.17311876887106,False,False,0.768341807978328,0.7600391920410009,0.0028932759874626957,False,0.8499549977061088
NEM,60,0.6957115009746588,Newmont,Materials,SP500,125.16000366210938,0.020631219647368138,-0.0489361864948592,0.28067123056360477,0.164604096403401,0.05095288372546225,0.9902534113060428,0.7582846003898636,0.5185185185185185,0.6413255360623782,,,False,,False,,,,-0.008489909577560684,False,839.9121605752127,False,False,1.0698976180005642,1.1824075799241378,0.019081823531720943,False,0.7976095445732205
DVN,61,0.6939728494130194,Devon Energy,Energy,SP500,49.029998779296875,-0.0004077565356730428,0.0469783656250744,0.11305334003380652,0.06926657656364044,0.1413344576549671,0.9005847953216374,0.5555555555555556,0.7037037037037037,0.4814814814814815,-0.0516855613819579,0.5739190933444653,False,0.04656497251037872,True,0.09973171427357852,0.13870098230811556,-0.09068731307749522,0.020210944365573802,False,489.9238295712585,True,True,0.8632851010145136,0.843992047575526,-0.012844058673077918,False,0.7667170634185096
BKNG,62,0.6938596491228072,Booking Holdings,Consumer Discretionary,SP500,199.60000610351562,0.019980599996569204,-0.04447313568517908,0.027436051443018528,0.21435726259944587,0.17876157901775103,0.695906432748538,0.8615984405458089,0.7699805068226121,0.09746588693957114,,,False,,False,,,,-0.018692905170729746,False,1207.9510341027085,False,False,0.7189920896047477,0.8195005108017788,0.005007898795609034,False,0.7596726657051484
MDT,63,0.6938321139170798,Medtronic,Health Care,SP500,92.18000030517578,0.0015210711457611659,0.0017387923054377197,0.06937359128358467,0.193222652612135,-0.01913058797121092,0.8206627680311891,0.8265107212475633,0.37037037037037035,0.23586744639376211,-0.10336397959725874,0.2611755611070965,False,0.01275557914194847,True,0.06968540407245105,0.039530714946004464,-0.06514569966753625,0.006973464630363635,False,671.900840536087,True,True,0.6932775681214501,1.4070956057162465,0.002281606718641749,False,1.1765645865800165
BALL,64,0.6930799220272904,Ball Corporation,Materials,SP500,63.29999923706055,0.008443504467607887,-0.008560735749712833,-0.0038951047632929114,0.20200046620512646,-0.016133867383666844,0.5692007797270955,0.8440545808966862,0.3820662768031189,0.4132553606237817,,,False,,False,,,,0.0035922522999038975,False,124.56541009744137,False,False,0.5789433391693075,0.9300512848905402,0.008284219435581663,False,0.9724945614923861
SYF,65,0.6929824561403509,Synchrony Financial,Financials,SP500,78.38999938964844,0.02310097337010819,-0.01742290562693194,-0.004444989631910312,0.1456415100693067,0.14115668414708527,0.5672514619883041,0.7309941520467836,0.7017543859649122,0.25341130604288503,,,False,,False,,,,-0.0018817822077220603,False,274.56183600325295,False,False,0.6712490859704118,0.9464484304426696,0.0066561535963751695,False,0.6890937705020901
HOOD,66,0.6928299198419567,Robinhood Markets,Financials,SP500,106.98999786376953,0.03361989813273314,-0.014280477599812436,0.14415565628905314,0.29136994368429314,0.3014231730356165,0.935672514619883,0.9415204678362573,0.8966861598440545,0.10721247563352831,-0.29824220679351365,0.6419581315337517,False,0.06824420500996387,True,0.05585707789063976,0.1255668569826245,-0.0529021200504044,0.021549807644078545,False,2156.6855617518618,True,True,1.0212791455139627,0.8091017656428038,0.0020287806022483146,False,0.7694410466758741
VZ,67,0.6911100621508929,Verizon,Communication Services,SP500,50.220001220703125,-0.0015904178443502115,0.0005977803310432961,0.07124573541999224,0.09487898537954331,0.012584552401356364,0.8245614035087719,0.621832358674464,0.442495126705653,0.29629629629629634,-0.0015904178443502115,0.37353677525276874,False,0.02773999483533185,True,0.09003419054438955,0.12694089786128115,-0.0825975839339721,0.007595286849408467,False,1196.871727217102,True,True,0.5299425055313144,0.6992969593909705,0.003976158369245031,False,0.7040024006336346
DELL,68,0.6910318272012869,Dell Technologies,Information Technology,SP500,492.20001220703125,0.1581176757812499,0.06118753920629039,0.05335250236374578,0.17083065157886068,2.3619225672695725,0.7816764132553606,0.7777777777777778,1.0,-0.2222222222222222,-0.004671285743414133,3.4524966599532148,False,0.07312843005374936,True,0.13080846777495347,0.9775752008172396,-0.11567694397649864,0.07335762444519967,False,3121.7208482352903,True,True,0.8261755109586071,1.9300337971860444,0.08717644186580875,True,5.60259879462795
TRGP,69,0.6908382066276804,Targa Resources,Energy,SP500,293.4599914550781,-0.008782024336134953,-0.0019386026139687207,0.1159022708776698,0.1223625446559462,0.2191489396769517,0.9083820662768031,0.695906432748538,0.8187134502923976,0.3255360623781677,,,False,,False,,,,0.00530943604059253,False,355.3517487464126,False,False,1.4640629068485602,1.0020839852405556,-0.005032730685205489,False,0.8419284114198561
ERIE,70,0.6907407407407409,Erie Indemnity,Financials,SP500,258.4100036621094,0.009059343814264764,0.004431199506822026,0.05676197175030473,0.2540469572706092,-0.03966969255313468,0.783625730994152,0.9103313840155945,0.31968810916179335,0.16959064327485385,,,False,,False,,,,0.0011906461808979252,False,73.9115033729709,False,False,0.6408951718758841,2.213883335134551,0.003982931892138719,False,0.7209089070190817
MCK,71,0.6907354959396498,McKesson Corporation,Health Care,SP500,924.780029296875,0.019861717279685998,0.03246856788048569,0.11479952755137313,0.2518260896865765,-0.05305294820126516,0.9044834307992202,0.9025341130604289,0.28460038986354774,0.5146198830409356,-0.0692016526534327,0.350626785269218,False,0.05285240779857969,True,0.10039034686750781,0.09993692428205891,-0.0912315771883041,0.034135609676392065,False,860.552358368042,True,True,0.9529509118013004,0.9219709211542089,0.008293126519534955,False,0.8247212257402369
USB,72,0.6907184503361045,U.S. Bancorp,Financials,SP500,62.77000045776367,0.0254860545110962,-0.00047768757422483876,-0.022730855096745328,0.19132856095640616,0.17704984499286436,0.4853801169590643,0.8206627680311891,0.7680311890838206,0.06432748538011701,-0.040507456211449244,0.4262193515819632,False,-0.008537280496138333,False,-0.002086969523352189,0.12353573550204544,0.0020913340738273334,0.006117680346278798,False,475.5948458305359,False,True,0.7600891471240654,0.9189365204435932,0.0076785039655775655,False,0.9584403974288933
IVZ,73,0.6906008793783164,Invesco,Financials,SP500,31.719999313354492,-0.008440151912956217,-0.03820498018103968,-0.002120096859738907,0.185306458219489,0.2740170740074368,0.580896686159844,0.8128654970760234,0.8693957115009746,-0.04873294346978552,-0.04773347326282118,0.5082031781029237,False,-0.013230337404412151,False,0.057016061274140606,0.18411444322481652,-0.053940581759384876,-0.018978585368407463,True,138.72771776112748,True,True,0.570319140531458,0.7572028153309267,0.0,False,0.6262044186230632
GIS,74,0.6881091617933723,General Mills,Consumer Staples,SP500,40.58000183105469,-0.012411738127021676,0.012475049330276988,0.12130432083260123,0.2832589345895622,-0.03628938304352636,0.9122807017543859,0.9317738791423001,0.32943469785575047,0.45614035087719296,,,False,,False,,,,0.006299022976258728,False,360.2635228255758,False,False,0.8724026602394702,0.9150145977732225,0.0031638127922237747,False,0.6722034043790828
ELV,75,0.6881056652593117,Elevance Health,Health Care,SP500,405.8399963378906,0.006947170835663208,0.008197912562523557,0.07365078396267366,0.04145827095982768,0.40677055465956813,0.8382066276803118,0.46393762183235865,0.9415204678362573,0.09161793372319688,-0.04908740080035434,0.4604379041003748,False,0.020450997234574775,True,0.0267406824091716,0.138258713845701,-0.02604424161554264,0.015440828973051213,False,511.9870451809082,True,True,0.5532018994067581,0.6633579432482005,0.0044411919149318635,False,0.7527423025979547
ADP,76,0.6877192982456141,Automatic Data Processing,Industrials,SP500,281.1600036621094,-0.008218937713953545,-0.0008174099092161935,0.03894763408135349,0.2438776526931361,0.31531519955868004,0.732943469785575,0.8927875243664717,0.9025341130604289,-0.021442495126705707,,,False,,False,,,,-0.0012883349417960321,False,625.2985407902933,False,False,0.665780074512025,0.7124213265198486,-0.0017284216418713694,False,0.7458604821462749
EL,77,0.6851156915707305,Estée Lauder Companies (The),Consumer Staples,SP500,101.1500015258789,0.011500015258788965,-0.0339464819093942,0.1669953423816859,0.2369722595113366,0.026973250224869405,0.9571150097465887,0.8830409356725146,0.47173489278752434,0.3957115009746589,-0.14550882634934625,0.5154843550425832,False,0.06681463745314642,True,0.15703058254464586,0.10623666269317678,-0.1357186101332689,0.004844057653299316,True,271.37489200656125,True,True,1.5383984134479758,1.2018891976848223,0.0,False,1.1568831041796235
IFF,78,0.6849902534113061,International Flavors & Fragrances,Materials,SP500,86.94000244140625,0.01352300861059641,-0.002066119140277989,0.07479296696016591,0.18814164695362634,0.12438752878459303,0.8401559454191033,0.8148148148148148,0.6666666666666666,0.10526315789473684,,,False,,False,,,,0.01215355223265946,False,142.4373066854516,False,False,0.7150934491051316,0.8634793498953365,0.006878106501297276,False,0.7252539776237847
PAYX,79,0.6817738791423001,Paychex,Industrials,SP500,124.0,-0.013053162986433109,-0.007046743055512672,0.04500249598084083,0.27263695491620754,0.3248001685005255,0.7426900584795322,0.9239766081871345,0.9044834307992202,-0.007797270955165692,,,False,,False,,,,-0.00651129626089908,False,337.61927304798047,False,False,0.8217677496762491,0.7641194677266875,-0.005014304811194359,False,1.0747729337733358
BAX,80,0.6815789473684211,Baxter International,Health Care,SP500,25.700000762939453,0.008634270983343129,-0.029814503947718785,-0.09312468379473637,0.3867268334206242,0.3517224622528583,0.16374269005847952,0.9785575048732943,0.9161793372319688,-0.007797270955165692,,,False,,False,,,,-0.012557053684007946,False,161.22415449642259,False,False,0.5440328121112806,0.68919551649863,0.0027472408195370335,False,0.6388641841680887
V,80,0.6815789473684211,Visa Inc.,Financials,SP500,378.3999938964844,0.015375480350691362,-0.014326647792245129,0.025739253960948005,0.2135178411744827,0.18541168817908682,0.6881091617933723,0.8576998050682261,0.783625730994152,0.22027290448343073,,,False,,False,,,,0.00602465446282241,False,2768.013498966762,False,False,1.0448504845824698,0.8062069656106353,0.003595664501057305,False,0.7164319900950987
BIIB,82,0.6801169590643276,Biogen,Health Care,SP500,222.6699981689453,0.030688784895634758,0.00723748492205023,0.06821780488792206,0.13630327893425198,0.17231754926209297,0.8167641325536062,0.7153996101364523,0.7563352826510721,0.11890838206627685,,,False,,False,,,,0.020628269218997852,False,239.1518539072465,False,False,0.6461924059799846,0.7316959018883387,0.009998165752803878,False,1.1016779981030556
HUM,83,0.6790448343079923,Humana,Health Care,SP500,400.9700012207031,0.015422397342448324,0.02534138936218988,0.10716257225025583,0.22707451149742774,1.2060904553527685,0.8927875243664717,0.8713450292397661,0.98635477582846,-0.1072124756335282,,,False,,False,,,,0.027491574767642746,False,512.1700078409623,False,False,0.7765450744710491,0.7742844509812651,0.0020006293941277065,False,0.8506259379918738
TRI,84,0.6790448343079922,Thomson Reuters,Industrials,NDX,105.87000274658203,-0.00451335904490735,0.033382195219270105,-0.023712102216267406,0.2772602080033739,0.04011855765496719,0.4756335282651072,0.9259259259259259,0.49707602339181284,0.2378167641325536,,,False,,False,,,,0.0050889103365665544,False,197.2663169701401,False,False,0.6300667592207487,0.750133244972642,-0.00799246343504112,False,0.8527643037756394
KO,85,0.6783625730994152,Coca-Cola Company (The),Consumer Staples,SP500,88.23999786376953,0.0027272484519265117,-0.020426331370819617,0.019408506845654205,0.12759899108989758,0.14494686880234187,0.6666666666666666,0.7056530214424951,0.7095516569200779,0.09941520467836251,,,False,,False,,,,-0.008967261468479037,False,1458.9110327822627,False,False,0.6118765901119328,1.0329940352495566,-0.0011363462968305704,False,1.085455037238476
BMY,86,0.6771929824561405,Bristol Myers Squibb,Health Care,SP500,67.66000366210938,0.011058062065331331,0.001332010769448777,0.02686301849835826,0.2504343856018745,0.10908522903353379,0.6939571150097466,0.9005847953216374,0.6354775828460039,0.1871345029239766,,,False,,False,,,,0.011060719337963043,False,703.9664678730245,False,False,0.7935739176135345,0.7065432048863738,-0.001494298817352635,False,0.6820437331306566
CVNA,87,0.6771011984370493,Carvana,Consumer Discretionary,SP500,74.16000366210938,0.027431467838212376,0.0028398474987656463,0.09010737899172216,0.1651217892266239,0.17245312322463868,0.8674463937621832,0.7621832358674464,0.7582846003898636,0.6471734892787524,-0.22499736889943456,0.318259438605623,False,0.027104194829819406,True,0.08273527997588603,0.01688882384162982,-0.07641321152639324,0.014685134884717899,False,681.0061654686584,True,True,0.9821928484728419,0.5460642866457092,-0.003324991171443914,False,0.6989288395591202
MSFT,88,0.6764272414968663,Microsoft,Information Technology,SP500,496.82000732421875,-0.008382862523551915,0.0009066063852731787,0.01003483298482144,0.1647757428292067,0.23107933119197477,0.6354775828460039,0.7602339181286549,0.8440545808966862,-0.031189083820662766,-0.07593543682856196,0.4107510791556428,False,0.004190394171764478,True,0.13505805304132967,0.15708891197512087,-0.11898779333748488,-0.003010003097035807,True,15716.07435247992,True,True,0.463284680951868,0.6595470456828803,-0.002335202059421837,False,0.41033841792701414
PLTR,89,0.6754652575634402,Palantir Technologies,Information Technology,SP500,169.4600067138672,-0.0581369028542128,-0.04529573682328347,0.04180500982825097,0.19170190120008979,0.10620800321929669,0.7387914230019493,0.8226120857699805,0.6296296296296297,0.22027290448343073,-0.1820638444608046,0.5797521396195602,False,-0.03427008563395251,False,0.151479458425668,0.11992359548138753,-0.13155202840767521,-0.047027713343408495,False,6107.932942035583,True,True,0.696042362303881,0.7482694676793867,-0.016284975020008474,False,0.9503982521693
BX,90,0.6750732086818941,Blackstone Inc.,Financials,SP500,136.82000732421875,0.0011708155848215718,-0.04455300111723748,-0.00276960373524493,0.25331605149021996,0.22215167944660053,0.5750487329434698,0.9064327485380117,0.8265107212475633,0.27875243664717353,-0.24544137034150315,0.3660045152951261,False,-0.03751249039787952,False,0.044544835590688114,0.06462435618893836,-0.042645211649050996,-0.02754209963528742,False,587.9136661394501,True,True,0.9271927573409707,0.7052308207646131,-0.003658714961227716,False,0.5233395377134777
ICE,91,0.6747563352826512,Intercontinental Exchange,Financials,SP500,157.85000610351562,-0.01096491186137527,-0.025135820846434953,0.05797593386194344,0.14435725675713784,-0.044151299112771714,0.7894736842105263,0.7270955165692008,0.3060428849902534,0.530214424951267,,,False,,False,,,,-0.009655638112071485,False,597.3062522280168,False,False,0.5189870624127305,0.7936389875666074,-0.004574003498813428,False,0.7666890454861758
ACGL,92,0.6747117544733783,Arch Capital Group,Financials,SP500,98.20999908447266,-0.0040563991826698675,-0.024920592790010132,-0.013163159191937335,0.11741949899296156,-0.0021337033974759834,0.5380116959064327,0.6764132553606238,0.4171539961013645,0.22222222222222227,-0.07766720521917059,0.15923037853395305,False,-0.006559889383059514,False,-0.016830317059775446,0.022684193110593664,0.017118425590019637,-0.006903931050880052,False,186.28326059346008,False,True,0.5433518847880922,1.6670187044651616,0.007402856941696845,False,2.1731990664311285
STT,93,0.6740723258070439,State Street Corporation,Financials,SP500,190.0399932861328,0.01198146909016451,-0.018489835354493778,0.025967703231332573,0.20969031558985818,0.5193771979617627,0.6920077972709552,0.8538011695906432,0.9551656920077972,-0.03703703703703709,-0.018489835354493778,0.7642640118975046,False,0.002976601798089007,True,0.036300071404206546,0.2915113527131583,-0.035028533149688346,-0.002232674181118832,True,357.2854224797363,True,True,0.889767697845363,0.5846460281075708,-0.0011182249458743243,False,0.567680131598576
MRSH,94,0.6739766081871345,Marsh McLennan,Financials,SP500,187.83999633789062,0.0013860459766392719,-0.0280451118855517,-0.018856101686580362,0.20075406798550866,0.02723778332671878,0.5087719298245614,0.8401559454191033,0.4756335282651072,0.15594541910331383,,,False,,False,,,,-0.009898436020924106,False,444.8000354523328,False,False,0.5594108794204569,1.0408431463839343,0.00495784554165235,False,1.2446626278097481
RJF,95,0.6731968810916179,Raymond James Financial,Financials,SP500,175.9499969482422,0.014121019874594687,-0.004188157127958947,-0.014672174881079414,0.20481159438460983,0.1352691192331681,0.5263157894736842,0.8499025341130604,0.6920077972709552,0.18128654970760227,,,False,,False,,,,-0.0012956803777970372,False,209.32101901597002,False,False,0.8534376780718285,1.006579899722328,0.002017326245046913,False,1.2635406066126003
DXCM,95,0.6731968810916179,Dexcom,Health Care,SP500,89.69000244140625,-0.004992200480243847,0.008205973071564676,0.03163100900363314,0.23251348878483147,0.2303155084237829,0.7115009746588694,0.8791423001949318,0.8382066276803118,-0.08966861598440545,,,False,,False,,,,-0.0019663686339669306,False,383.04795123160227,False,False,0.4802718177364164,0.5305366812560545,-0.0012203307199510904,False,0.3957201239975093
FOX,97,0.6721951240832525,Fox Corporation (Class B),Communication Services,SP500,60.27000045776367,0.02604696519540184,-0.026714526967713703,0.1466784077305805,0.05444908115064906,0.1376324508485105,0.9376218323586745,0.5048732943469786,0.695906432748538,0.3372319688109162,-0.1013421323136946,0.3644413508293387,False,0.01605719439353237,True,0.12755245334961973,0.06573587233003075,-0.11312329902764151,0.0025049861647337135,True,72.17014812050628,True,True,0.8264551427997117,1.025398933112598,0.006298926137423111,False,0.9868887917478015
BAC,98,0.6712475633528265,Bank of America,Financials,SP500,62.599998474121094,0.009840244864297132,0.005945668240502577,-0.004769523759620031,0.20086358601730048,0.258071195781461,0.5653021442495126,0.8421052631578947,0.8557504873294347,0.025341130604288442,,,False,,False,,,,0.004936882730065761,False,1929.4177979569572,False,False,0.8433095329753224,1.1613071875912495,0.0046781270040006095,False,0.9013142517753108
WTW,99,0.6698830409356726,Willis Towers Watson,Financials,SP500,337.7300109863281,0.009746792698080764,-0.015708743901731825,-0.005594305182605841,0.35054325358812544,0.11690443291505859,0.5633528265107213,0.9649122807017544,0.6549707602339181,0.03703703703703709,,,False,,False,,,,-0.0032268147379739265,False,174.3560816136574,False,False,0.6642083270418083,0.7546824393496137,0.009507557222397711,False,0.4755572164152021
GILD,100,0.667738791423002,Gilead Sciences,Health Care,SP500,149.61000061035156,-0.0020677532175821245,0.010264057735492216,0.10617375682330166,0.16748008583648066,0.02178165344355909,0.8908382066276803,0.7719298245614035,0.4580896686159844,0.38791423001949316,,,False,,False,,,,0.01674748247814395,False,918.0399891627876,False,False,0.7972686287498463,0.783427401870533,0.0005336301496250417,False,0.7133568105868239
FOXA,101,0.666374269005848,Fox Corporation (Class A),Communication Services,SP500,67.5199966430664,0.028641030939961398,-0.025599054179451297,0.14790621780626867,0.055045162288646976,0.16087476364342312,0.9395711500974658,0.5107212475633528,0.7407407407407407,0.3333333333333333,,,False,,False,,,,0.0038873380000150615,False,341.49364536817905,False,False,0.8080097130159498,0.913025033275549,0.006246247195639487,False,0.8032694724655418
CTSH,102,0.6652483850383307,Cognizant,Information Technology,SP500,63.400001525878906,0.00015778729021564963,0.021098427606243364,0.13614374917668548,0.19177257556260763,-0.013798921891358895,0.9239766081871345,0.8245614035087719,0.38791423001949316,0.2884990253411306,-0.2554991607979864,0.646572355915148,False,0.04821710842397575,True,0.23545752213175364,0.02118290526324884,-0.19058325997762926,0.00998566590171257,False,457.97215082865904,True,True,0.526114078856598,0.6493443791553184,-0.0012619974306307125,False,0.6142927833614412
JKHY,103,0.6650097465886939,Jack Henry & Associates,Financials,SP500,167.02999877929688,-0.006365302114027527,-0.031092294386732333,0.06639847776462404,0.25463826825759384,-0.0002337191846186748,0.8148148148148148,0.9122807017543859,0.4191033138401559,0.5165692007797271,,,False,,False,,,,0.00015251225023571457,False,169.26625552022506,False,False,0.9994568621922323,0.7372059224603581,-0.0035098844453126388,False,0.7886567628641783
ABBV,104,0.6645224171539962,AbbVie,Health Care,SP500,261.7200012207031,0.006654144587522559,-0.0044883708755271146,0.07350286277535845,0.2139404025489795,0.12523647598771137,0.834307992202729,0.8596491228070176,0.6686159844054581,0.08576998050682261,,,False,,False,,,,0.006774882091877377,False,1675.8695821728763,False,False,0.7445342018469506,0.6462589977798434,0.010423562731062264,False,0.6301126799057364
BLK,105,0.6643034467084503,BlackRock,Financials,SP500,1107.0799560546875,-0.01863311761914732,-0.056366726404171286,-0.02126196699257099,0.12357679833230129,0.06698868962687166,0.49707602339181284,0.6978557504873294,0.5536062378167641,0.18323586744639375,-0.06454758526236293,0.20632628368210493,False,-0.04005386080431206,False,0.01922782059176198,0.05256537136215189,-0.018865086100768202,-0.033513217063462775,False,794.266829697998,True,True,0.6671257709937816,0.9675946562926342,0.0006117041853530569,False,0.9764429332775038
SLB,106,0.6618908382066279,Schlumberger,Energy,SP500,58.130001068115234,0.022425495315178567,0.09014214728177894,0.15000230552413396,0.02782093219062598,0.22651866331437365,0.9415204678362573,0.43664717348927873,0.8304093567251462,0.3060428849902534,,,False,,False,,,,0.04030228921787837,False,638.4607764685105,False,False,0.9686998217998515,1.6290727687090527,-0.0034297721641762813,False,1.0750552014716632
PRU,107,0.6610892577732324,Prudential Financial,Financials,SP500,119.83999633789062,0.023049316734764957,-0.0033266927227668663,-0.018751132648622715,0.20273329751907654,0.2438068070959618,0.5107212475633528,0.8460038986354775,0.8518518518518519,-0.060428849902534165,-0.031219590056851376,0.33560519125032573,False,-0.006499680598518798,False,0.021720549402121092,0.13838026029315498,-0.021258796659058388,0.003151334540023143,False,210.19113039137267,True,True,0.8096222436178774,0.8925735064471512,0.0022195845790096147,False,0.8523765204848569
XOM,108,0.6588672103777131,ExxonMobil,Energy,SP500,164.14999389648438,-0.002430927668519156,0.03767615755164866,0.07308960290313915,0.08315008534120771,0.11022730603360187,0.8323586744639376,0.5847953216374269,0.6374269005847953,0.23586744639376217,-0.029951156409230073,0.5463469596490202,False,0.023524174584717228,True,0.08486503767743314,0.15089910069293588,-0.0782263551041511,0.0163638799154755,False,2210.9566100785523,True,True,0.9438428161696495,0.9094118168581357,-0.003767914703602604,False,0.7672386708410831
SOLV,109,0.6579624821895297,Solventum,Health Care,SP500,91.9000015258789,0.010445350297013656,0.004042420534432711,0.04503069109090796,0.1727922512769695,0.30539772065341,0.7446393762183235,0.7894736842105263,0.9005847953216374,-0.13450292397660812,0.0,0.47063528656531295,True,0.040652271335603896,True,0.10190263550277145,0.18999063279234352,-0.09247880186462731,0.013481408653923,False,96.19699791946411,True,True,0.8057416627942598,0.7357623413908051,0.001869222694274475,False,0.7094835996866969
VTR,110,0.6566276803118909,Ventas,Real Estate,SP500,92.05999755859375,-0.00010863621444145988,-0.01540109563001335,0.013318647273476092,0.17154873138811944,0.0742701428189112,0.645224171539961,0.783625730994152,0.5692007797270955,0.3684210526315789,,,False,,False,,,,-0.002228086841396526,False,321.248386333014,False,False,0.8912770437178171,0.8573282310630284,-0.0010861135489578233,False,0.7977966239081234
PGR,111,0.6559021494943138,Progressive Corporation,Financials,SP500,221.3800048828125,0.0038088855638525043,-0.005078376935507611,0.050438931828291844,0.1448274109764509,0.048216320817328295,0.7641325536062378,0.7290448343079922,0.5146198830409356,0.2807017543859649,-0.0558682663059602,0.16322650243355086,False,0.025957142976701597,True,0.01849916011496089,0.06255958682532947,-0.01816315696605264,0.009833591678681808,False,608.8197929644471,True,True,0.7893232513076732,0.5860329676043887,0.0028566468758122188,False,0.5798977569697747
ABT,112,0.6553099240377974,Abbott Laboratories,Health Care,SP500,110.47000122070312,0.014137527873064437,-0.03181417442561385,0.04750618414302754,0.2789735228761385,-0.0101158141043034,0.7485380116959064,0.9298245614035088,0.39571150097465885,0.11111111111111116,-0.17271719001642505,0.3476006243095413,False,-0.012125969036588025,False,0.06712469164094115,0.04799223845329759,-0.06290238822767935,-0.010597107107834458,True,1067.7508020112457,True,True,0.6232106426133521,0.8057260890745297,0.0035802753011642263,False,0.8003619738931439
BNY,113,0.6541910331384017,BNY Mellon,Financials,SP500,162.0399932861328,0.009532109100107933,-0.006377290490830911,0.03328647951866226,0.1573233241868841,0.37959900578012906,0.7153996101364523,0.7485380116959064,0.9278752436647173,-0.040935672514619936,,,False,,False,,,,0.003309970123671402,False,537.321663068966,False,False,0.8047976744094361,1.0577117725948928,0.003862752459007579,False,0.9054624077020357
HSIC,114,0.6534685617881276,Henry Schein,Health Care,SP500,90.38999938964844,0.021125201282172767,0.00011066758723643488,0.014364255083937127,0.19342490017268377,0.12174233476888663,0.6510721247563352,0.8284600389863548,0.6627680311890838,-0.025341130604288442,-0.0038571576191411827,0.4571981487740573,False,0.011469810565159833,True,0.03716537371463047,0.14570941287455774,-0.035833604415004716,0.008893791225473846,False,108.10727593713379,True,True,0.6817455415469694,0.6937385263164669,0.0056484412444808285,False,0.685745838366977
SPGI,115,0.65269801309452,S&P Global,Financials,SP500,431.7099914550781,-0.019308966550041107,-0.010950992889276145,0.048843225208526464,0.10927261397093502,0.028971094587793678,0.7563352826510721,0.6666666666666666,0.4775828460038986,0.2807017543859649,-0.164290736613934,0.17584230152765956,False,0.0180523589854944,True,0.02112326160981448,0.008023794722747724,-0.020686299493866578,-0.00477383001229581,True,925.6440985444782,True,True,0.6367240645686126,0.9473601470399355,-0.0050203118919976975,False,0.9180364374782278
DG,116,0.652046783625731,Dollar General,Consumer Staples,SP500,130.88999938964844,-0.001525646150196569,0.06605310873906833,0.028524258938264824,0.25185625701413983,-0.12809093949191874,0.6978557504873294,0.9044834307992202,0.15789473684210525,0.29239766081871343,,,False,,False,,,,0.0335513276189594,False,300.72667996555253,False,False,0.7439311663527318,1.7528021917817314,0.0031276502674739692,False,1.1273766758665233
COF,117,0.6516569200779727,Capital One,Financials,SP500,216.60000610351562,0.02488885140896513,-0.002808344880515179,-0.020481760937372084,0.22376366239287715,0.11473194278256682,0.5009746588693957,0.8674463937621832,0.6491228070175439,0.10721247563352831,,,False,,False,,,,0.0033086533483337455,False,800.1508755855326,False,False,0.7863612892855665,0.8935565012591612,0.0018453647979859156,False,1.048600300755699
MTD,118,0.6505847953216375,Mettler Toledo,Health Care,SP500,1367.739990234375,-0.00597398975005381,-0.02196700053001943,-0.048197640755480164,0.16968841126418455,0.06301583471999272,0.3313840155945419,0.7758284600389863,0.543859649122807,0.11695906432748537,,,False,,False,,,,-0.01822460742978227,False,250.07719525246134,False,False,0.4648717917057175,0.9622653433570738,-0.01061075612693696,False,0.9507343775405127
WFC,119,0.6485336410283308,Wells Fargo,Financials,SP500,89.2699966430664,0.02562035505609983,0.0474010691893767,0.01575414173753309,0.1411096642869487,0.07584661752497279,0.6608187134502924,0.723196881091618,0.5750487329434698,0.09941520467836262,-0.058620155049985856,0.22286184107390472,False,0.030420870557999136,True,0.036324084266639245,0.061587954122612976,-0.03505089268705375,0.029629536334172313,False,1238.4812938727569,True,True,0.8305002192719626,1.1388345862257554,0.008157158513379503,False,1.4501949158710412
ALL,120,0.6484405458089668,Allstate,Financials,SP500,259.3399963378906,0.005700551628874395,-0.009434327350888672,-0.012263868261137345,0.23884590080576973,0.2172294909461423,0.5419103313840156,0.884990253411306,0.8148148148148148,0.08576998050682261,,,False,,False,,,,0.0024590010233462856,False,434.6020039188307,False,False,1.0459553227833227,0.8481834494721416,0.005700551628874395,False,0.630879837946436
COR,121,0.646588693957115,Cencora,Health Care,SP500,336.3599853515625,0.016285415931896363,0.02614471638316007,0.1003403396248228,0.27830460683284475,-0.08257026132134893,0.8791423001949318,0.9278752436647173,0.23586744639376217,0.5730994152046783,,,False,,False,,,,0.031077876154168127,False,452.34394940260285,False,False,1.332568661163708,0.9176569217121745,-0.0010575160957932983,False,0.9498306663690793
MSI,122,0.6462962962962964,Motorola Solutions,Information Technology,SP500,478.9200134277344,-0.02507934421373681,-0.017156430332674,0.08144971621788222,0.1762172863475533,0.0071403588373499804,0.8538011695906432,0.8011695906432749,0.43664717348927873,0.44054580896686163,,,False,,False,,,,-0.006242494193888226,False,434.0991486795853,False,False,1.6491530278573692,1.0064368623960807,0.0008143156542927965,False,1.3147719827775672
CAH,123,0.6440545808966862,Cardinal Health,Health Care,SP500,245.49000549316406,0.025652806488724256,0.02973998229109953,0.05112396611170311,0.25618789404143527,0.10503088034481967,0.7719298245614035,0.9181286549707602,0.6257309941520468,0.13450292397660824,,,False,,False,,,,0.03309007474478154,False,480.64361141793387,False,False,1.0286830337704906,0.6564338043817923,0.006851887812107105,False,0.6554209274731551
BBY,124,0.6425925925925927,Best Buy,Consumer Discretionary,SP500,87.0,0.052886395883321446,-0.005032049738345923,0.007527522146670407,0.229021965604995,0.32809081727346934,0.6198830409356725,0.8732943469785575,0.9064327485380117,-0.10136452241715399,,,False,,False,,,,0.027641789500828517,False,310.9435630886467,False,False,1.0024498234075887,1.7993813518243138,0.002783533396814697,False,2.0235227367801656
DRI,125,0.6425121723091985,Darden Restaurants,Consumer Discretionary,SP500,220.02999877929688,0.020736691739329238,0.00557561918703664,0.07557310896790415,0.11872479261145474,0.09885054142821215,0.8440545808966862,0.6803118908382066,0.6120857699805068,0.1910331384015595,-0.0335997634512315,0.33080343324159145,False,0.0035118110829124305,True,0.05234927148268809,0.10812508317583847,-0.049745149164147406,0.01133415105723068,False,274.81003486898805,True,True,1.155052432762459,0.7767160701180992,-0.0005566669073415742,False,0.9468250632999098
SWK,126,0.6423001949317739,Stanley Black & Decker,Industrials,SP500,96.88999938964844,0.025182490737724716,-0.028769072625547953,-0.05380861380981483,0.24603203726528422,0.24106813296222507,0.29434697855750486,0.8947368421052632,0.8499025341130604,-0.060428849902534054,,,False,,False,,,,-0.008266816894740292,False,171.3339844337152,False,False,0.6489244709619846,0.870902523550412,0.005290445335926153,False,0.8085533856113218
VLTO,127,0.6414732646264392,Veralto,Industrials,SP500,97.20999908447266,0.0016485937937531503,-0.014996487185338747,0.00787975282817599,0.14979681056705973,0.02957404196916258,0.621832358674464,0.7368421052631579,0.47953216374269003,0.19103313840155944,-0.10423287018377436,0.18391458761259094,False,-0.008602451949310086,False,0.02599958495582122,0.042450883740006606,-0.02534073632879752,-0.008098905633693199,False,168.23928262467956,True,True,0.7401172854787816,0.95042595258232,-0.00020612335736114318,False,0.9744279678348674
RSG,128,0.641130604288499,Republic Services,Industrials,SP500,222.52000427246094,-0.0034483811940697606,0.0015303430006672336,0.07155928126887057,0.09289731866371453,-0.03353817611654697,0.8265107212475633,0.6120857699805068,0.33528265107212474,0.2651072124756335,,,False,,False,,,,0.006972676546356027,False,305.3391735359659,False,False,0.6320467381376901,1.3025416316744485,0.00035828668305870615,False,1.2089889225993085
T,129,0.6398635477582847,AT&T,Communication Services,SP500,25.950000762939453,-0.0019230475792517687,0.0030923819524864005,0.10992308359383984,0.1166653343009536,-0.08306767767792256,0.8947368421052632,0.6744639376218323,0.23391812865497075,0.5555555555555556,,,False,,False,,,,0.012211865649645048,False,1426.2054535848656,False,False,0.5447027123903883,0.5160999776411349,0.0034615443303034343,False,0.5295654427327615
PYPL,130,0.6398482504217695,PayPal,Financials,SP500,54.66999816894531,0.04332054536191787,-0.11551533806357428,-0.06610868954659577,0.2872615163075385,0.17326663045971635,0.23391812865497075,0.9395711500974658,0.7602339181286549,0.21442495126705652,-0.2756670131127238,0.4077859888899007,False,-0.07729571783457045,False,0.003393552933878441,0.07387588636971287,-0.0033820756810284403,-0.03555919613389469,False,839.0543870273133,True,True,1.198467630873886,1.1656612354685045,0.0032442397708969395,False,0.9691684951345426
SBUX,131,0.6351851851851852,Starbucks,Consumer Discretionary,SP500,106.72000122070312,0.005369756821767435,-0.016314837108661218,0.022511698245393008,0.11933519766447276,0.11129344891586945,0.6764132553606238,0.6842105263157895,0.6393762183235867,0.3430799220272905,,,False,,False,,,,0.0013084087580621517,False,745.207757378512,False,False,0.9805548357725145,0.8241259902261272,0.0002826074316122362,False,0.7295395279843567
AWK,132,0.6331384015594543,American Water Works,Utilities,SP500,139.49000549316406,0.015211147667548497,0.014546511892454816,0.04781609105813911,0.1341396541461104,0.036744386438107624,0.7504873294346979,0.7134502923976608,0.4951267056530214,0.2573099415204678,,,False,,False,,,,0.01267075104341675,False,304.35521669862703,False,False,0.8673810264813807,0.9738806507504332,-0.0016011734386892629,False,1.0605237313204097
KHC,133,0.6318092815496639,Kraft Heinz,Consumer Staples,SP500,26.260000228881836,0.015075352802346176,0.059298074185779814,-0.014264233088318257,0.17468983282357997,0.1308118693249667,0.5321637426900585,0.797270955165692,0.6803118908382066,-0.015594541910331383,-0.04923970199232297,0.2605347900860926,False,0.037760090931034274,True,0.035791209057648876,0.11408421440188454,-0.034554463046863715,0.023708966128177078,False,364.19573025486375,True,True,0.8983188911143354,1.227974585787182,0.008890588897373375,False,1.1615672982816998
DLTR,134,0.6304434479322373,Dollar Tree,Consumer Staples,SP500,131.91000366210938,0.001518464338678971,-0.002042586084371467,0.009180605053973112,0.17253336588541668,0.11930424582123145,0.6296296296296297,0.7855750487329435,0.6588693957115009,-0.17153996101364521,-0.06585937688256283,0.5511524252350295,False,0.012274578115442525,True,0.04021112236027413,0.12894939944824446,-0.03865669333455479,0.011212164670244551,False,361.7966373444977,True,True,0.593089773769973,1.0409520626797293,0.0009110554329267995,False,0.4290704035108069
CNC,135,0.6300194931773879,Centene Corporation,Health Care,SP500,67.33999633789062,0.03234697029542244,0.028562625360027738,0.05103787511537261,0.13081439463700328,0.49677692432985676,0.7680311890838206,0.7076023391812866,0.949317738791423,-0.08771929824561397,,,False,,False,,,,0.027712209908276497,False,303.4443726943347,False,False,0.9178363766403413,1.1710244736366182,0.002606134603659216,False,1.034876658548048
HAS,136,0.6298245614035088,Hasbro,Consumer Discretionary,SP500,93.5,0.003218916969754959,-0.028974980672966666,0.029412846795525027,0.11971444030596001,-0.022206385625405445,0.7017543859649122,0.6881091617933723,0.3645224171539961,0.41520467836257313,,,False,,False,,,,-0.007090002573509557,False,175.04725087232006,False,False,0.6267837632545913,0.5992413027954261,0.0024678472582067013,False,0.6059965437671317
DHR,137,0.62953216374269,Danaher Corporation,Health Care,SP500,209.91000366210938,0.014401058772554043,-0.025306449353623472,0.07767740516291988,0.18118533405217652,0.029618905156723496,0.8499025341130604,0.8070175438596491,0.48148148148148145,0.18518518518518512,,,False,,False,,,,-0.007121444356684159,False,967.2219032134075,False,False,0.8162664121953758,0.6427536963119104,0.0040593999246683055,False,0.5975007272534941
XYZ,138,0.629337231968811,"Block, Inc.",Financials,SP500,82.45999908447266,0.058808448800422575,-0.007701557176896245,-0.025756147458602108,0.1813752933983006,0.2639485252078173,0.4600389863547758,0.8089668615984406,0.8596491228070176,0.042884990253411304,,,False,,False,,,,0.010715807646687558,False,408.2098088395566,False,False,1.2227426781198678,1.1255137790652157,-0.011813022616727675,False,1.1755113593024236
WBD,139,0.626311855872866,Warner Bros. Discovery,Communication Services,SP500,28.389999389648438,0.0024717406630838656,-0.012521760360054368,0.10081420635218818,0.05148145887586808,0.01574234757418691,0.8830409356725146,0.4951267056530214,0.44834307992202727,0.3001949317738791,-0.05303536280405452,1.4120644252755286,False,0.011273956733851342,True,0.049545628966420674,0.04223452224813107,-0.04720674127833069,-0.0027710178798822094,True,575.7809748064118,True,True,0.7406145839742992,0.8009358106871162,0.002118625232660154,False,1.0167050925907282
CME,140,0.6247563352826512,CME Group,Financials,SP500,277.7699890136719,-0.030302052097962218,-0.01142437841534727,0.05764757967245582,0.10517015578074562,-0.10660958186781899,0.7875243664717348,0.6491228070175439,0.19883040935672514,0.5263157894736843,,,False,,False,,,,-0.005004121289467367,False,667.6479101655921,False,False,0.6343759399843778,0.8870466758455954,-0.002932542571726704,False,0.9169908106508426
FANG,141,0.6240714516735287,Diamondback Energy,Energy,SP500,203.4199981689453,0.0012797524224716916,0.017914340956059593,0.06603570806560488,-0.028727555595416066,0.17081419569945777,0.8109161793372319,0.290448343079922,0.7543859649122807,0.17738791423001948,-0.03755325595736836,0.5485006251460649,False,0.008780835310657542,True,0.05015476252485884,0.13949910089646655,-0.04775940110415067,0.005852671582201818,False,385.09990218005373,True,True,0.8074983234039939,1.1160042889419843,-0.011468801875638368,False,0.7911728769110036
ZBH,142,0.6210526315789473,Zimmer Biomet,Health Care,SP500,99.5,0.0010060208509661273,-0.018544064947235817,0.03851375154403458,0.1739749283912655,0.044755157139485746,0.7290448343079922,0.7933723196881092,0.5029239766081871,0.07602339181286555,,,False,,False,,,,-0.002748883322194362,False,210.28587625009965,False,False,0.6316685211853217,0.6092239043882964,-0.0008048473825612579,False,0.6212089061960699
EOG,143,0.6209551656920079,EOG Resources,Energy,SP500,148.9600067138672,0.004111901484695091,0.02844525324596936,0.03790414074318771,0.06053364959523755,0.1831533196186952,0.7270955165692008,0.5243664717348928,0.7777777777777778,0.15009746588693962,,,False,,False,,,,0.012147122070660155,False,434.4286351022837,False,False,0.8932488025287822,1.1162522000533666,-0.006471228003841922,False,1.1423911682294194
GEN,144,0.6207602339181287,Gen Digital,Information Technology,SP500,30.649999618530273,0.020985981051298452,0.03407558197300675,0.08896769974104424,0.1617025426505343,0.3885193095313455,0.8654970760233918,0.7563352826510721,0.935672514619883,-0.21052631578947367,,,False,,False,,,,0.02626990342655211,False,141.22417399975524,False,False,0.9227715837042408,1.1964232629519338,0.000666237756785204,False,0.9102118418164142
A,145,0.6202729044834308,Agilent Technologies,Health Care,SP500,151.38999938964844,0.009737922931967402,-0.023794186212521273,0.08757185853918359,0.10393887681575875,0.26121864176541965,0.8615984405458089,0.6471734892787524,0.8576998050682261,-0.2241715399610137,,,False,,False,,,,-0.009331147041568344,False,309.60424364764157,False,False,0.6706980950575159,1.3519461417667078,-0.0058693368039201,False,1.446690564503884
KKR,146,0.6198091766536421,KKR & Co.,Financials,SP500,106.43000030517578,0.0001879207064958699,-0.019078338201144907,-0.014580472436495184,0.17786645132386347,0.1386709246722686,0.530214424951267,0.8050682261208577,0.6978557504873294,0.3781676413255361,-0.282164796520633,0.27374222457593267,False,-0.017592954204118327,False,0.04542108542275303,0.009985613674439398,-0.043447646174446075,-0.013718422384506934,False,457.1169159653473,True,True,1.186043779253307,0.7738244964293806,-0.0017855693531368955,False,0.9648424955639553
BKR,147,0.6191959719927622,Baker Hughes,Energy,SP500,64.62999725341797,0.015237156901207527,0.04241931053899939,0.05083038740826984,0.009300832110109125,0.06906494994016854,0.7660818713450293,0.39571150097465885,0.5594541910331384,0.2884990253411306,-0.06581490146881475,0.4760643930724573,False,0.020527354038812895,True,0.08524252944616939,0.11455914211098106,-0.07854698570435792,0.021688021653316847,False,497.79771307192993,True,True,0.6928225998675734,0.8672934876866119,-0.010053399170318333,False,0.6115375022873926
AIZ,148,0.6178515546464567,Assurant,Financials,SP500,284.07000732421875,0.011717389269981116,-0.012346823880726276,0.012931727265990345,0.1509763335559018,0.23270332642561353,0.6432748538011696,0.7407407407407407,0.8460038986354775,-0.10526315789473684,-0.05511874806055539,0.4028366265450989,False,0.0022105811422254984,True,0.01860383658807141,0.16612100642057182,-0.018264055091709586,0.002762495514760488,True,101.11353565002442,True,True,0.7534552961504101,0.6637322096240618,0.0020300852151038384,False,0.607149105541705
BRO,149,0.6176269023330624,Brown & Brown,Financials,SP500,72.04000091552734,-0.0001388221486026131,-0.010167599288007034,0.014567551273261259,0.3095171113985731,0.0079115665377818,0.6549707602339181,0.949317738791423,0.43859649122807015,0.08966861598440545,-0.24200902355397402,0.32781853723538523,False,0.004307595528844299,True,0.036562593590840464,0.040897952969362494,-0.035272924005660844,-0.0026638509906744545,True,166.89408573069,True,True,0.6532281117249933,0.6774416486036503,0.008188706632903164,False,0.6977298558572778
MET,150,0.6156920077972711,MetLife,Financials,SP500,96.41999816894531,0.021181953386838703,-0.0010360389307813023,0.00301675776358179,0.19833692560512728,0.3333439539770231,0.6003898635477583,0.834307992202729,0.9103313840155945,-0.015594541910331383,,,False,,False,,,,0.007575445812115111,False,329.3537552439164,False,False,1.0608447590711885,0.7631302940186481,0.003918690465551489,False,0.8180148558592807
CPAY,151,0.6133528265107213,Corpay,Financials,SP500,416.3999938964844,0.028630706770558456,0.02327181921006316,0.05013619851110973,0.182114957832461,0.26673154158609513,0.7621832358674464,0.8109161793372319,0.8615984405458089,-0.09161793372319693,,,False,,False,,,,0.01816032673101864,False,218.65793430779905,False,False,0.8267703906967916,0.7039766460671207,0.007163839613582246,False,0.8421028852636774
BR,152,0.6133528265107212,Broadridge Financial Solutions,Industrials,SP500,178.05999755859375,-0.012916468977982598,-0.0194934384688511,0.05730059786617958,0.17482518327352992,-0.044971144957764,0.7855750487329435,0.7992202729044834,0.30409356725146197,0.2378167641325536,,,False,,False,,,,-0.009501967662304489,False,206.34839735179045,False,False,0.8078581169481938,0.8204486729029299,-0.00044349371542418137,False,0.7627902359424903
RMD,153,0.6122492329478405,ResMed|,Health Care,SP500,230.8699951171875,-0.0021179352172864263,-0.020450622742969493,0.037611053242395664,0.24172753173688433,-0.10356676282546906,0.7251461988304093,0.8888888888888888,0.20272904483430798,0.42105263157894735,-0.17638889796131663,0.26645064605296986,False,0.011477771835341377,True,0.08108060370858494,0.01564093665124644,-0.07499959154797764,-0.010060131971929454,True,318.91739046459963,True,True,0.9437611926306169,0.9180218302458821,0.01456602311677524,False,0.7750306338868437
OXY,154,0.609356725146199,Occidental Petroleum,Energy,SP500,60.90999984741211,-0.0006562906485091391,0.03906518180234486,0.10564530184614318,0.026011756809013686,0.14683598581321888,0.8888888888888888,0.4269005847953216,0.7134502923976608,0.29434697855750486,,,False,,False,,,,0.015253520161146561,False,475.78954346408455,False,False,0.860061780961099,0.8012819523403241,-0.008367549300189236,False,0.6077659458272311
CEG,155,0.6058479532163743,Constellation Energy,Utilities,SP500,290.0400085449219,0.034711608829771645,0.037636018691799,0.08694427953407491,0.08698505480484364,-0.09763956229964821,0.8596491228070176,0.5964912280701754,0.20857699805068225,0.5477582846003899,,,False,,False,,,,0.03705248351879997,False,773.3080606222658,False,False,0.6837765832535873,0.8220565708184866,-0.0011059097474001023,False,0.9912061455457847
DIS,156,0.6056530214424952,Walt Disney Company (The),Communication Services,SP500,107.9800033569336,0.01656940421770048,-0.015050569532263025,0.09981669404457305,0.0947519775399237,0.055972337453816134,0.8771929824561403,0.6198830409356725,0.530214424951267,0.3684210526315789,,,False,,False,,,,0.004757237351697086,False,1038.5806033654662,False,False,1.0893781962954598,0.7717870909635092,0.004613047054588204,False,0.7187320904110994
AVY,157,0.6047876292624936,Avery Dennison,Materials,SP500,174.4199981689453,0.013657178733645692,-0.037823388553801074,0.012311891691698218,0.12536830378239427,-0.05684862978558525,0.6413255360623782,0.6998050682261209,0.27680311890838205,0.16959064327485385,-0.10137842807738362,0.14655031037472144,False,-0.019313838435093822,False,0.033820683765505066,0.020405002900716118,-0.03271426495581353,-0.00987512179710437,False,153.9480793368225,True,True,0.7568461277350217,2.290253425893726,0.003428815672559038,False,1.002063528300925
CFG,158,0.6031918985305815,Citizens Financial Group,Financials,SP500,69.77999877929688,0.023767532719310314,-0.010072338005241765,-0.05293161658150736,0.1414440530169343,0.17505523606411533,0.30214424951267055,0.7251461988304093,0.7641325536062378,-0.00974658869395717,-0.0662385167306091,0.485414202636933,False,-0.023277320704624183,False,-0.020155093026271165,0.10588195307236514,0.0205696767751955,-0.0009474906091263557,False,287.82466677215575,False,True,0.7825241826733372,0.8902745729715842,0.0038144731934701692,False,1.253058037650733
NVDA,159,0.6025502845304592,Nvidia,Information Technology,SP500,224.41000366210938,0.03205482497444945,0.07035199724488828,0.05883741189514535,0.046200483273237225,0.22751157323169768,0.7953216374269005,0.47368421052631576,0.8323586744639376,0.001949317738791423,-0.04695196932606305,0.36024428458062263,False,0.02335275441566842,True,0.07226989028998809,0.14429033133046443,-0.06739897384458238,0.023940919858804754,False,27567.037248230383,True,True,1.097102015484368,1.34163393942745,0.006208567096987361,False,1.1879406199605413
CMCSA,160,0.600682261208577,Comcast,Communication Services,SP500,26.809999465942383,0.01939164424625428,-0.014338282575655503,0.07541111663670086,0.15541188696097774,-0.1433069120249174,0.8421052631578947,0.7446393762183235,0.1442495126705653,0.5925925925925926,,,False,,False,,,,0.008656825390283451,False,780.5614660554302,False,False,0.7596144730790234,0.6383877411274671,0.007224355116705716,False,0.5785149930277416
EXPD,161,0.6000000000000001,Expeditors International,Industrials,SP500,186.16000366210938,-0.008204546143692593,-0.0211378124329048,0.025788009944614165,0.17303092149915344,0.2742208803878503,0.6900584795321637,0.7914230019493177,0.8713450292397661,-0.13450292397660824,,,False,,False,,,,-0.008498010412287815,False,195.01279218335833,False,False,0.8440085768983311,0.8114945796131433,-0.0016515586767922308,False,0.6475358484673115
MOS,162,0.5996341751239085,Mosaic Company (The),Materials,SP500,25.780000686645508,0.04035512398266072,0.06705301529242047,0.13518281488051143,0.10643783393951001,0.009676460283820854,0.9220272904483431,0.6549707602339181,0.4405458089668616,0.3391812865497076,-0.2623847201981738,0.3007064118864582,False,0.10665152452405291,True,0.14303452272771477,0.06296854826634624,-0.12513578538851133,0.06321877484826843,False,182.24169791493605,True,True,0.9164949079879855,0.9116664772303771,-0.003228406839761222,False,1.2205577281931155
AAPL,163,0.5994318132151505,Apple Inc.,Information Technology,SP500,324.9599914550781,-0.000522909067699362,0.03672030243994584,0.05126464256984975,0.04828290741761121,0.24005759450029363,0.7738791423001949,0.48148148148148145,0.847953216374269,-0.13450292397660818,-0.043635977926625324,0.4381603770017277,False,0.04156834572682544,True,0.03695530901566957,0.14871441733962154,-0.03563828517426604,0.022131864591950823,False,17004.936800193052,True,True,0.5857747497607979,0.7266802228260258,0.005351675355223406,False,0.6113871529834806
INSM,164,0.5948343079922028,Insmed,Health Care,NDX,126.62999725341797,0.042136408749686716,0.018007861361529542,0.2823290861105616,0.21923740139856074,-0.15512414512911943,0.9922027290448343,0.8654970760233918,0.13060428849902533,0.8557504873294346,,,False,,False,,,,0.02157740187298396,False,312.8128245112516,False,False,2.6731182998747687,0.6282189755169564,-0.003291922630619726,False,0.7197655861192402
TSCO,165,0.5921052631578948,Tractor Supply,Consumer Discretionary,SP500,34.86000061035156,0.004321565250228199,-0.0042844249749472985,0.05980766911293989,0.20455838127507353,-0.3005372681202366,0.8011695906432749,0.847953216374269,0.03898635477582846,0.4444444444444445,,,False,,False,,,,-0.0008915986052058233,False,356.4968980845977,False,False,0.7913999386331346,0.729821025827843,-0.00259291716974297,False,0.7249571795892253
MCO,166,0.5920401402110157,Moody's Corporation,Financials,SP500,490.0,-0.00952071220802464,-0.04771157006196747,0.015228310850188054,0.0951079876632297,0.04500370814023835,0.6569200779727096,0.6237816764132553,0.50682261208577,0.11890838206627674,-0.08587481562435173,0.19659180838338353,False,-0.00659640621138835,False,0.007574668125318151,0.04074861951929254,-0.007517723862005776,-0.021072434928552375,True,413.16152128735354,True,True,0.7827043441735928,0.824831782809666,-0.004548119178636623,False,0.7665396244338125
NTRS,167,0.5916179337231968,Northern Trust,Financials,SP500,183.97999572753906,0.007116285876281214,-0.019609974756242377,0.008606940594869439,0.09726580690170183,0.2812479245480708,0.6276803118908382,0.6296296296296297,0.8810916179337231,-0.01754385964912275,,,False,,False,,,,-0.007310532656111479,False,190.51784958629997,False,False,0.8469075496096524,0.8510175673342542,0.003448680250007552,False,0.8757413198983333
CCEP,168,0.5900584795321637,Coca-Cola Europacific Partners,Consumer Staples,NDX,107.77999877929688,0.0016728653134607807,-0.011101927774923692,0.015546985476113884,0.1663239314802627,0.04210576632831087,0.6588693957115009,0.7680311890838206,0.49902534113060426,0.04873294346978552,,,False,,False,,,,-0.0017917761414992794,False,199.95053106955703,False,False,0.7038257774320381,0.6960389235458311,0.003252773969186107,False,0.7015442393641202
ADBE,169,0.5896152938399811,Adobe Inc.,Information Technology,SP500,279.7900085449219,-0.021986781049274318,0.023110422700873157,0.08660537945668767,0.09190610056223614,0.024421549307924062,0.8576998050682261,0.6081871345029239,0.4678362573099415,0.24951267056530213,-0.238583750473074,0.44661601389408934,False,0.025709689671282288,True,0.139199936388815,0.04222564770849635,-0.12219096222044146,-0.005789957835505177,True,1271.7764097987672,True,True,0.8151259229912186,0.9016962678452312,-0.009018409862144972,False,0.7254348563262624
ACN,170,0.5888888888888889,Accenture,Information Technology,SP500,187.67999267578125,-0.002179827051369765,0.034733640000942145,0.10121457924847577,0.07048811151015744,-0.08786937360874603,0.884990253411306,0.557504873294347,0.22612085769980506,0.3567251461988304,,,False,,False,,,,0.011293299969489912,False,1172.203929344769,False,False,0.5673376016026621,0.4961902388736523,-0.009463548375529873,False,0.35137852647031104
AMCR,171,0.5872319688109161,Amcor,Materials,SP500,46.68000030517578,0.018769109910070636,-0.009968212205574534,-0.009758147866537059,0.23231253930633544,0.03438542652939769,0.5594541910331384,0.8771929824561403,0.49122807017543857,-0.04483430799220278,,,False,,False,,,,0.001108408638759606,False,164.1738842160517,False,False,0.7123682688260674,0.8981627379301651,0.003928422225548678,False,0.8678779633130572
NOW,172,0.5855789823337616,ServiceNow,Information Technology,SP500,136.72000122070312,-0.043246976485233346,0.08680443484927824,0.15727105067754632,0.15962679772055188,0.2007728832584712,0.949317738791423,0.7524366471734892,0.7914230019493177,-0.15594541910331383,-0.2887686403817753,0.6472289303699172,False,0.05672395080183623,True,0.18939497832504792,0.1505014528649129,-0.15923640319363153,0.0015222043788942763,True,2426.69183048291,True,True,0.8458252633878393,1.0683585143246284,-0.018194478346933884,False,0.6683390727142839
KVUE,173,0.5849902534113061,Kenvue,Consumer Staples,SP500,19.1299991607666,0.020266621907552018,-0.00468263037477612,-0.010576372913057686,0.14933048163541462,0.07621285251700938,0.5555555555555556,0.7348927875243665,0.5769980506822612,0.03703703703703709,,,False,,False,,,,0.0043362444276744405,False,399.52597091017356,False,False,0.8473728693286616,0.9907356650448725,0.0005333455403646603,False,0.9430497071150971
CB,174,0.5837231968810916,Chubb Limited,Financials,SP500,339.4200134277344,0.0020075078613801534,-0.012653738618714883,-0.02549518999843514,0.08866199910026284,0.021979217520449623,0.46393762183235865,0.6042884990253411,0.4600389863547758,0.10916179337231968,,,False,,False,,,,-0.00415160912935042,False,635.0179626061888,False,False,0.5324326700001161,0.826226577075576,0.0013284885753226394,False,0.9563340378648199
WST,175,0.5807992202729045,West Pharmaceutical Services,Health Care,SP500,342.6300048828125,0.01175257953066633,-0.02083335695352395,-0.017576570452937035,0.0839170966047762,0.37884679317691106,0.5185185185185185,0.5867446393762183,0.9259259259259259,-0.13450292397660812,,,False,,False,,,,-0.007375101886677893,False,244.18898335291024,False,False,0.5475930528422254,0.6394271050764726,0.0005906163018931654,False,0.4569004752988622
UNH,176,0.5799937062386908,UnitedHealth Group,Health Care,SP500,399.6600036621094,0.008478465739685914,-0.0033665147269132945,-0.019359549422603317,0.06616086126131404,0.38740755337034916,0.50682261208577,0.5419103313840156,0.9337231968810916,-0.0292397660818714,-0.08408388204010309,0.5517823258287411,False,0.005280971388125222,True,-0.030430110045035264,0.14747003322039576,0.031385164040571345,0.009555490796140154,False,2069.9855919765014,False,True,0.7844567978152998,0.7544877397543148,0.007494325794061618,False,0.6445737991893922
KMB,177,0.5785863512792944,Kimberly-Clark,Consumer Staples,SP500,109.29000091552734,0.0206387658449938,-0.009516000155989746,-0.02043559008275808,0.1691761964646703,0.0709403876191943,0.5048732943469786,0.7738791423001949,0.5633528265107213,-0.003898635477582846,-0.13321641775059545,0.19066237220513682,False,0.00034782768036323297,True,-0.004314720385258375,0.07445933038096353,0.004333417871687173,0.001991970848125746,False,424.43103833721926,False,True,0.77112205750316,0.9223985744735201,0.003642130957970613,False,1.0200357707775491
PSKY,178,0.5785575048732943,Paramount Skydance Corporation,Communication Services,SP500,10.970000267028809,0.03981043305219978,0.021415316649182614,0.3090692263982966,0.054797987508999,-0.08052835444418105,0.9941520467836257,0.50682261208577,0.23976608187134502,0.48927875243664715,,,False,,False,,,,0.03222058582175902,False,98.8222307850244,False,False,0.8849732328283141,0.9920297617324338,0.0,False,1.1423822378409252
INTU,179,0.5772904483430801,Intuit,Information Technology,SP500,342.94000244140625,-0.005769258332503191,-0.00850006476206211,0.05976512970677761,0.10602082092592324,-0.21496889972843236,0.797270955165692,0.6530214424951267,0.06627680311890838,0.6237816764132553,,,False,,False,,,,-0.021120046752049926,False,1341.22324727204,False,False,0.7240667382073579,0.7850350085759263,0.004000825999812774,False,0.712759691570354
NDSN,180,0.5762532889273508,Nordson Corporation,Industrials,SP500,316.6300048828125,0.007092910399554064,-0.05364929885181913,0.022475509908234326,0.09700165998794663,0.10430382656971093,0.6744639376218323,0.6257309941520468,0.6237816764132553,0.050682261208576995,-0.053988666463033796,0.4451856868375168,False,-0.0059149425859037486,False,0.04098380105454558,0.14180664549705857,-0.039370258224025956,-0.01602045455893486,True,116.7572637298584,True,True,1.3669123883418288,0.9265651722292753,0.007379158299165356,False,0.8422048363410211
WMB,181,0.5730994152046784,Williams Companies,Energy,SP500,75.16000366210938,-0.0009304757636671157,0.010079289921899548,0.05104183214713731,0.056586880262692096,0.006461502436727828,0.7699805068226121,0.5165692007797271,0.4346978557504873,0.3255360623781677,,,False,,False,,,,0.015519819916292255,False,534.7539870183517,False,False,1.2064559694354569,1.5089738046656198,-0.0014621906877985147,False,1.2148135424263842
PFG,182,0.5728070175438595,Principal Financial Group,Financials,SP500,111.30999755859375,0.017830988820034976,-0.008020689182978935,-0.03418657215970711,0.10000983173261058,0.210772149796707,0.41130604288499023,0.6393762183235867,0.8070175438596491,-0.10526315789473684,,,False,,False,,,,0.000779709890528224,False,156.47716216240707,False,False,0.6872882104250293,0.9749743954790769,0.0,False,0.804027370649544
ALLE,183,0.5724171539961014,Allegion,Industrials,SP500,155.07000732421875,0.021406928225602417,-0.03250556210854605,-0.06222782564194462,0.1967508266423359,-0.0021791164180722244,0.253411306042885,0.8323586744639376,0.4152046783625731,-0.05263157894736836,,,False,,False,,,,-0.016714892489244182,False,215.48781446542546,False,False,0.6014203612967076,1.9054676738980714,0.00546691168637059,False,0.8522815526972991
UNP,184,0.571150097465887,Union Pacific Corporation,Industrials,SP500,289.7300109863281,-0.0030623637251817604,-0.06725254155959348,-0.02233843421914805,0.10529128901460338,0.09199571615414981,0.49122807017543857,0.6510721247563352,0.6003898635477583,0.01754385964912275,,,False,,False,,,,-0.03201254756984884,False,831.1111362954899,False,False,0.7445308633867652,0.9488498602409084,0.003509805066367555,False,0.6650845901733399
ED,185,0.5699376742803697,Consolidated Edison,Utilities,SP500,107.66999816894531,-0.00027854020563522486,-0.0035169354195249136,0.0013195757263910757,0.04902454806531931,-0.02691488888574778,0.594541910331384,0.4853801169590643,0.3469785575048733,0.17543859649122806,-0.05194576701582554,0.1639751150137585,False,0.002510274710900262,True,-0.01350463184315176,0.019487215446350792,0.013689503548692361,0.001797808353513286,False,241.3780392736206,False,True,0.7251703817805105,0.9645621225467232,0.0006499507595887355,False,0.9683806946323861
HIG,186,0.5686898486874884,Hartford (The),Financials,SP500,137.2100067138672,0.0005834013578798203,-0.014643923464301878,-0.029835367970005855,0.09426628219714694,-0.026057593277170388,0.43859649122807015,0.6179337231968811,0.3508771929824561,0.1578947368421053,-0.054009499886750856,0.1414629322648091,False,-0.006418615333596223,False,-0.007235267476119578,0.01693136418156249,0.00728799809167846,-0.0017939264077997397,False,212.88545202386476,False,True,0.7298798301658099,0.8176662169924855,0.005031739348335229,False,0.7265101227800194
ULTA,187,0.5674463937621832,Ulta Beauty,Consumer Discretionary,SP500,551.739990234375,0.011142501537735772,0.015740326137337224,0.0144890322786273,0.17090044829190343,-0.1657241844898133,0.6530214424951267,0.7797270955165692,0.1189083820662768,0.3508771929824561,,,False,,False,,,,0.023824338061334993,False,324.0490593553193,False,False,1.2242780383294105,1.4622186749773545,3.668865637074248e-05,False,0.9262519506088432
CBOE,188,0.5662444601788477,Cboe Global Markets,Financials,SP500,294.1199951171875,-0.043885313745152366,-0.05526430762212198,0.022595574256167206,0.03450380447039092,-0.016847802192029082,0.6783625730994152,0.4502923976608187,0.37816764132553604,0.38791423001949316,-0.1940136193688473,0.27472802466255386,False,-0.007486661767497904,False,0.04497066808131578,0.03754408325794234,-0.04303534008651844,-0.02665429405377251,False,324.5170752951355,True,True,0.7265807695609466,0.9971505583365422,-0.00835448724079102,False,1.006020292316936
MDLZ,189,0.5658257502250893,Mondelez International,Consumer Staples,SP500,62.45000076293945,0.013634152641880615,-0.0088874396684816,0.005960034165135575,0.027132061147727704,0.08227455920211435,0.6159844054580896,0.4346978557504873,0.5847953216374269,0.0682261208576998,-0.03908289251146546,0.23313332103029194,False,-0.006522416249887031,False,0.01562791901489491,0.0697717826256814,-0.015387445266424993,-0.0019853380067327286,False,535.1182931718673,True,True,0.758120345399528,0.8511177146719826,0.0006492601060066328,False,0.6869706995005109
AXP,190,0.5626705653021442,American Express,Financials,SP500,329.9800109863281,0.01785992319725649,-0.018354850579162196,-0.04825352854279552,0.10085265090039486,0.06657680531553067,0.32943469785575047,0.6413255360623782,0.5516569200779727,0.10721247563352831,,,False,,False,,,,-0.0070724816050254935,False,970.2174707490882,False,False,0.7341507968083557,0.8261996721080636,0.005768207233736167,False,0.7983533351939716
NSC,191,0.5619056984763853,Norfolk Southern,Industrials,SP500,330.05999755859375,-0.008709736817961278,-0.06413744920875641,-0.029020208190362662,0.08605511389744902,0.0471003187073642,0.4444444444444444,0.5925925925925926,0.5107212475633528,0.03508771929824561,-0.06493289340574626,0.23321184495705416,False,-0.034077692247717284,False,-0.010401902360882231,0.07765696085876783,0.010511239245202697,-0.03260177613261439,False,382.1891095377808,False,True,0.8080051823690563,1.0728187384762469,0.00279319803347855,False,0.9935805557727221
BG,192,0.5614380370457784,Bunge Global,Consumer Staples,SP500,122.86000061035156,0.015036348984286407,0.08485651753069812,0.15838718840863697,-0.05916856788139924,0.08145454726166479,0.9512670565302144,0.21832358674463936,0.5828460038986355,0.16569200779727095,-0.05916856788139924,0.6335424928335052,False,0.08274171831735844,True,0.08986194720779062,0.09047912863407537,-0.08245259634765256,0.05298355567147217,False,163.57182760865783,True,True,0.9146567324051001,1.2258241788286244,-0.006939887317675919,False,1.207589270436205
EW,193,0.5603672234897158,Edwards Lifesciences,Health Care,SP500,90.81999969482422,0.0008816600500123339,0.0004406357795243565,0.01361608528437075,0.0560465080793513,0.0657122552676126,0.6471734892787524,0.5126705653021443,0.5477582846003899,0.015594541910331439,-0.0458079491108645,0.25010320423011856,False,-0.0021150974336029416,False,0.01326775702404448,0.06967113378335288,-0.013094028633667154,0.002030673338733191,False,378.23880847724917,True,True,0.6789791106495064,0.6719554071216897,0.00804500081683468,False,0.6058656797795189
GRMN,194,0.5594642435685627,Garmin,Consumer Discretionary,SP500,276.0400085449219,0.0031616639703946348,-0.04491032095408454,-0.10189998145274637,0.16526316582767953,0.10807128776330122,0.13450292397660818,0.7660818713450293,0.631578947368421,-0.15204678362573099,-0.11853363993838406,0.493953885072822,False,-0.06984108270037737,False,0.018851969222865472,0.16770117081897884,-0.018503148437986283,-0.03164829661789925,False,257.7849297278748,True,True,0.5064742396952651,0.9527125991397686,-0.0001090190712396133,False,1.0184841837985281
OMC,195,0.5594541910331383,Omnicom Group,Communication Services,SP500,81.76000213623047,-0.0502961364368697,-0.0697462429854101,-0.0006111162920824365,0.12061419561117348,-0.027289403006980906,0.5906432748538012,0.6939571150097466,0.34502923976608185,0.17153996101364521,,,False,,False,,,,-0.050344989945593,False,255.21461079549982,False,False,0.8394471435179451,0.8590513833992095,-0.0022069325135758433,False,1.53839375743757
EXE,196,0.5588768258463798,Expand Energy,Energy,SP500,99.31999969482422,-0.006601356670824732,0.028476752704674535,0.07356520499969577,0.09714195993928243,-0.045429897738074265,0.8362573099415205,0.6276803118908382,0.30214424951267055,0.48148148148148145,-0.1775581494742321,0.1491284881592656,False,0.033244951210575246,True,0.07886804442883988,-0.007724834136418668,-0.07310258639701694,0.015319180906811836,False,314.15118507623293,True,False,0.8987471404109881,0.6287719632752762,-0.0019004044311534685,False,0.5916924901763285
TFC,197,0.5585769980506823,Truist Financial,Financials,SP500,50.810001373291016,0.027710412310608667,0.0027630394593443075,-0.02556873611506061,0.08210778200652169,0.05590849299417622,0.4619883040935672,0.5828460038986355,0.5282651072124757,0.08382066276803124,,,False,,False,,,,0.0075040711276814775,False,363.73771546117825,False,False,0.7225171592717018,0.9214544257413421,0.009101957432020358,False,0.8795436402713038
UHS,198,0.5583820662768032,Universal Health Services,Health Care,SP500,167.49000549316406,-0.019092207946330486,-0.06157643617180897,-0.001090674798723379,0.15028251891240352,-0.1699953307334151,0.5867446393762183,0.7387914230019493,0.10916179337231968,0.38206627680311894,,,False,,False,,,,-0.02423370061569574,False,136.78542265229518,False,False,0.7985811624073109,0.7831619608247967,-0.003572477952278552,False,0.9512268289639151
MKC,199,0.5581871345029239,McCormick & Company,Consumer Staples,SP500,53.79999923706055,-0.008477683352417387,-0.023593453231602557,0.033422931576452486,0.17276987325366333,-0.16634065120416275,0.7192982456140351,0.7875243664717348,0.11695906432748537,0.24561403508771928,,,False,,False,,,,-0.011895473409531343,False,178.90079983841252,False,False,0.795417534103382,0.7051253695176374,0.001474416393834277,False,0.527078699944182
APO,200,0.5569200779727096,Apollo Global Management,Financials,SP500,132.2899932861328,0.004556084999645549,-0.010323968741798861,-0.0026368168704742345,0.06834566350099291,0.21512890503375304,0.5769980506822612,0.5516569200779727,0.8109161793372319,0.14619883040935677,,,False,,False,,,,-0.007960479101787099,False,521.4945795335731,False,False,1.2408222750148465,0.5458691008057436,-0.003341198521140787,False,0.5011257348446225
ARES,201,0.5544834307992202,Ares Management,Financials,SP500,138.05999755859375,-0.007405268577293733,-0.027609510402210602,-0.03393748498518534,0.13282536755568808,0.2163267319858011,0.41325536062378165,0.7095516569200779,0.8128654970760234,-0.09551656920077978,,,False,,False,,,,-0.01900657663002281,False,287.8790229492032,False,False,0.8053780642318812,0.7760217009940874,-0.007549091087809434,False,0.6760944910206559
PG,202,0.553422669778582,Procter & Gamble,Consumer Staples,SP500,147.63999938964844,0.009780402230469276,0.018206892342403025,-0.0024997981955225956,0.06100379673435219,-0.05330278301968483,0.5789473684210527,0.5263157894736842,0.2826510721247563,0.11500974658869395,-0.10369510792729097,0.0933512007813222,False,0.01863191008383769,True,0.00846531638954029,0.01260437554891114,-0.008394256353651652,0.015177736619428561,False,1333.4710330087892,True,True,0.5623560171049166,0.9154908560416309,0.0014362317586722462,False,0.8156573367670021
ANET,203,0.5532657628126121,Arista Networks,Information Technology,SP500,186.10000610351562,-0.016696547051871402,-0.07985163854874844,-0.02314833095626423,0.0672708110041802,0.38025664597040887,0.48148148148148145,0.5458089668615984,0.9298245614035088,-0.01949317738791423,-0.1159144603158403,0.6025145139494807,False,-0.04220028440398427,False,0.023816834118651764,0.2299448693379218,-0.023262788152095926,-0.03228995424561665,False,1365.2399223356933,True,True,0.809221549503705,0.571124371900991,-0.006657479358589069,False,0.5741255892819365
AIG,204,0.5530214424951267,American International Group,Financials,SP500,76.12999725341797,0.003294675923156243,-0.010913394231039875,-0.04021687410085051,0.05631854259642033,-0.015479601551117383,0.3762183235867446,0.5146198830409356,0.38596491228070173,0.12280701754385964,,,False,,False,,,,-0.003258071603692514,False,276.4383761532531,False,False,0.6151914596099627,1.1683294786740737,0.003690121492180065,False,1.527023422386959
MO,205,0.5517880401052456,Altria,Consumer Staples,SP500,69.55999755859375,-0.0001437708246995184,0.006365665430091205,0.021889200388564456,0.004271036271809914,0.053776370795957984,0.6705653021442495,0.3742690058479532,0.5263157894736842,0.21052631578947367,-0.07154298907302037,0.31182838863631535,False,0.03849566971789864,True,-0.005811377516034444,0.07012267150178753,0.005845347034363346,0.016347732478800392,False,600.004808719864,False,True,0.9553637752674996,0.9679035518437125,0.00043120280909114683,False,1.0698908126794535
CI,206,0.5516569200779727,Cigna,Health Care,SP500,282.8399963378906,-0.0007772246965330742,0.007013925499166129,0.03207447157984289,0.050785682758924144,0.004588016635570735,0.7134502923976608,0.48927875243664715,0.43079922027290446,0.20077972709551656,,,False,,False,,,,0.010890159358678986,False,488.02750856142626,False,False,0.7612163705465149,0.7880604205633963,0.00014134298476276008,False,0.8647879964962593
TROW,207,0.5503238664673642,T. Rowe Price,Financials,SP500,109.37999725341797,0.0036703421193180485,-0.028165310638703978,-0.05535887046745669,0.06424838850120862,0.22123060450112297,0.290448343079922,0.5360623781676414,0.8245614035087719,-0.1150097465886939,-0.1010848374499439,0.2842843509988715,False,-0.021693951993700722,False,-0.04298436273314421,0.07273256546994,0.04491500562718431,-0.014058771480428,False,216.335341693985,False,True,0.5217884916781712,0.7319543441334752,0.002844536144658072,False,0.5689692711582667
CBRE,208,0.5499025341130606,CBRE Group,Real Estate,SP500,142.05999755859375,-0.0166136580626578,-0.05520087136250251,-0.05951675148317348,0.12719192997350204,0.002257598793765636,0.2651072124756335,0.7037037037037037,0.4249512670565302,0.19688109161793377,,,False,,False,,,,-0.03336882371076355,False,240.32832848629076,False,False,1.0431323828236496,1.155314684461578,0.012114079459142113,False,1.300607018066479
TMUS,209,0.548635477582846,T-Mobile US,Communication Services,SP500,187.3000030517578,0.028216948212093085,0.04883360569066619,0.06303814880966407,0.038197896030277345,-0.13794036531982867,0.8070175438596491,0.45614035087719296,0.14814814814814814,0.32748538011695905,,,False,,False,,,,0.031344479360123634,False,876.8997971010169,False,False,0.6495246264015042,0.9061894978112267,0.00768551750295976,False,1.2230781734639304
IT,210,0.5485380116959063,Gartner,Information Technology,SP500,186.75,-0.01674297266577396,-0.032182869495209765,0.005167160496037493,0.13353566009104711,0.11893353402892926,0.6101364522417154,0.7115009746588694,0.6569200779727096,-0.18128654970760227,,,False,,False,,,,-0.026559062354373997,False,227.48486487361362,False,False,0.6051528851447359,0.6501017471796523,-0.004527907043257451,False,0.4858240374829359
AMZN,211,0.5478478832856931,Amazon,Consumer Discretionary,SP500,254.97999572753906,0.0002353583831189443,-0.020362698158193582,-0.08088824386868088,0.019838378411004776,0.17599846469084524,0.1968810916179337,0.41325536062378165,0.7660818713450293,0.04873294346978557,-0.10224630099797272,0.2826601153938766,False,-0.032934038049391545,False,0.008516488034316927,0.06742643725577957,-0.008444569955337378,-0.01596554740832712,False,12135.345807929321,True,True,0.5757722737438572,0.7733220526119028,-0.0025890619286446093,False,0.4856066935692974
ADM,212,0.5463937621832359,Archer Daniels Midland,Consumer Staples,SP500,85.37999725341797,0.009816607589618442,0.06605070742180374,0.07577169651293314,0.02154188563567283,0.286646497461182,0.8460038986354775,0.4152046783625731,0.8869395711500975,-0.025341130604288498,,,False,,False,,,,0.04283238755026497,False,295.1307760779089,False,False,1.1398363364281374,1.060552265461092,0.0011827140214279996,False,0.9449653257518661
STE,213,0.5453216374269005,Steris,Health Care,SP500,230.35000610351562,0.0030481699352744585,-0.02711491343116912,-0.010736525378868156,0.09917429145930035,-0.049510674434088964,0.5516569200779727,0.6354775828460039,0.29239766081871343,0.07602339181286544,,,False,,False,,,,-0.011501667544515981,False,163.34279744010456,False,False,0.5974753994804893,0.8302444585109541,-0.0018288620949610257,False,0.6359475983500517
VTRS,214,0.5450851843110517,Viatris,Health Care,SP500,17.09000015258789,0.02766091491492806,0.014243309536188242,-0.02722179802291158,0.10656643604765259,0.18918215144175732,0.45419103313840153,0.6569200779727096,0.7875243664717348,-0.10136452241715399,-0.03593653550825204,0.8646873690854728,False,0.045318069775899916,True,0.027933340725284417,0.1828892377450948,-0.02717427251223825,0.026793559117857413,False,159.5703382055702,True,True,1.2117907385575426,0.8263487334076517,0.007215925754013419,False,0.8133773852178638
UBER,215,0.5450292397660819,Uber,Industrials,SP500,76.44999694824219,0.016081859633535478,-0.025990584419024354,0.06195303815555797,0.06639690814247601,-0.002609322552579396,0.8031189083820662,0.543859649122807,0.41325536062378165,0.304093567251462,,,False,,False,,,,-0.004028045886816489,False,1404.8818075839608,False,False,1.0797241273717137,0.7476280696504386,0.010765619497423273,False,0.6746493147092627
CTAS,216,0.5412416192449235,Cintas,Industrials,SP500,198.08999633789062,-0.012463233688826625,-0.0373700188892212,-0.02477496325447759,0.13670202268110887,-0.004874129324097587,0.46588693957115007,0.7173489278752436,0.40545808966861596,-0.12085769980506822,-0.08278495660123264,0.21763726506574543,False,-0.021334554891114244,False,0.012286515248546959,0.0661542036722873,-0.01213738903311401,-0.01940881277815032,True,424.8832632579956,True,True,0.48113588409886504,0.7435995993628243,0.0,False,1.0085250344574745
WAT,217,0.5395711500974659,Waters Corporation,Health Care,SP500,412.20001220703125,0.015671239716465557,-0.00475650374685288,0.040698914818369625,0.08539385452122139,0.29200100666682416,0.7348927875243665,0.5906432748538012,0.8908382066276803,-0.3391812865497076,,,False,,False,,,,0.0010502682387607543,False,331.517567392902,False,False,0.7390814019983585,0.7492263428179522,-0.0031539493170880117,False,0.7239026825296837
CDW,218,0.5388801475537373,CDW Corporation,Information Technology,SP500,148.6699981689453,-0.010845008980147397,0.05096840882852405,-0.029998626122000327,0.0879839710795145,0.2033790129901376,0.4346978557504873,0.6003898635477583,0.7992202729044834,-0.07602339181286555,-0.11168654010369206,0.513252205542891,False,0.06162736411937475,True,0.07396784222559627,0.14080931975712208,-0.06887342368865701,0.02075458806928565,False,263.32788864512634,True,True,0.8978871916668643,0.9515531586472958,0.01124419432529411,False,0.7508740912474121
SWKS,219,0.5385964912280702,Skyworks Solutions,Information Technology,SP500,71.66999816894531,0.06319528668458507,0.07580299030567628,0.073064787940188,-0.11145555523185757,0.2845195845230508,0.8304093567251462,0.15594541910331383,0.884990253411306,-0.10331384015594541,,,False,,False,,,,0.052639140217492164,False,370.4157410674192,False,False,0.6184025321833042,1.63777637261082,-0.015131348717523863,False,1.308635303739754
EQT,220,0.5377192982456139,EQT Corporation,Energy,SP500,55.75,0.002878212753605558,0.017521428516724002,0.05978520074386773,0.026709500183218937,-0.08526414656675996,0.7992202729044834,0.43079922027290446,0.22807017543859648,0.3255360623781676,,,False,,False,,,,0.01981216239713479,False,376.7772590775081,False,False,0.7591037480280065,0.9210174936277687,-0.008634638260816452,False,0.850901727246658
LYB,221,0.5357699805068227,LyondellBasell,Materials,SP500,66.56999969482422,0.021482301138778137,0.06307890179359621,0.10059254145623808,-0.0006357795325949711,0.0975579091455181,0.8810916179337231,0.36062378167641324,0.6101364522417154,0.31968810916179335,,,False,,False,,,,0.028120547040878296,False,275.7320422705903,False,False,1.2772368937198744,0.6921872295450849,-0.008286035456491092,False,0.6497637657084074
O,222,0.535672514619883,Realty Income,Real Estate,SP500,61.5,0.002281606718641749,-0.012206847767780138,-0.022257575388180295,0.038620443070084276,-0.047779993987292935,0.49317738791423,0.4580896686159844,0.3001949317738791,0.1267056530214425,,,False,,False,,,,-0.00721195213930903,False,341.2693105982411,False,False,0.5766694737730491,1.0551812669688034,0.003259464813397006,False,0.9928642737597737
GEHC,223,0.5350877192982456,GE HealthCare,Health Care,SP500,70.55999755859375,0.0019880629549657858,-0.037511936865119,0.004269789542300506,0.13815670335697794,-0.10612242215380996,0.6081871345029239,0.7212475633528265,0.20077972709551656,0.02729044834307992,,,False,,False,,,,-0.019667322190420222,False,295.6724216954212,False,False,0.4923463270653773,0.6329867515576558,0.0008521043673463957,False,0.45579601100381717
KDP,224,0.5347953216374269,Keurig Dr Pepper,Consumer Staples,SP500,32.59000015258789,0.021950479032203374,0.011797611888117787,0.04790995989845537,0.07437437424219762,0.14693587406259812,0.7524366471734892,0.571150097465887,0.7153996101364523,0.04678362573099415,,,False,,False,,,,0.021199972762087738,False,420.91638879472777,False,False,1.220297673631131,0.64948702906011,0.007839448252894954,False,0.6196629403839747
PANW,225,0.5345107911782446,Palo Alto Networks,Information Technology,SP500,328.4800109863281,-0.09282218700181588,-0.03191767601953854,-0.10334657894313748,0.17134407718685019,1.0716449044150793,0.1286549707602339,0.7816764132553606,0.9824561403508771,-0.21637426900584789,-0.1705050227617977,1.3186279045095124,False,-0.10420365104719576,False,-0.05491654200048779,0.4171953181951502,0.05810761106403395,-0.0826454956429552,False,2291.449136255554,False,True,1.3266382513738761,1.3420267594459587,-0.0444364564075832,False,2.040479171519978
HCA,226,0.5324412800811196,HCA Healthcare,Health Care,SP500,402.05999755859375,-0.02785431932804361,-0.05876019732261761,0.0033189093299803574,0.10912028986788336,-0.25889492461764296,0.6023391812865497,0.6647173489278753,0.04678362573099415,0.5029239766081872,-0.2598737324454089,0.11498331972613873,False,-0.030054187588950843,False,-8.058280498590698e-05,-0.10972642331375138,8.058929909759982e-05,-0.029755783788047774,False,590.2435918048096,False,False,0.7038623638127212,0.8225544361390965,-0.0027080495999576293,False,1.0452788454466457
GL,227,0.5312865497076024,Globe Life,Financials,SP500,173.33999633789062,0.0060359446762192626,-0.012589044007111805,-0.05742250086499667,0.14852845931715586,0.2025323021486778,0.27680311890838205,0.732943469785575,0.7953216374269005,-0.07797270955165692,,,False,,False,,,,-0.0031960920795995884,False,110.52757718801693,False,False,0.8399293524921355,0.6521776742254723,0.0030760230406825517,False,0.44126897306167095
ECL,228,0.5308507941502986,Ecolab,Materials,SP500,279.8999938964844,-0.001248906702999597,-0.036820412877829556,-0.01144317505237158,0.097754237450425,-0.05527388031559943,0.5477582846003899,0.631578947368421,0.2787524366471735,0.042884990253411304,-0.08735198565278657,0.14215943697506717,False,-0.01028262211439257,False,0.003981467354290613,0.030075523667471238,-0.003965678136253592,-0.011761269434385158,True,384.41877605981443,True,True,0.7426992068999125,0.9283519703280828,0.005102560841324655,False,1.0002617615540248
BEN,229,0.5294346978557505,Franklin Resources,Financials,SP500,33.0099983215332,-0.002719037967879534,-0.057126538014424355,-0.07715968970952103,0.09783672181029579,0.2727078586285925,0.20077972709551656,0.6335282651072125,0.8654970760233918,-0.1929824561403508,,,False,,False,,,,-0.027291607130163542,False,138.66662168505923,False,False,0.6496477468542519,0.7719328191762007,-0.0006041282171671547,False,0.8223250747645751
CHTR,230,0.5279346847437477,Charter Communications,Communication Services,SP500,158.97000122070312,0.08742047038694833,0.033010604010675015,0.03854441506615691,0.23223012161495493,-0.31478447749696925,0.7309941520467836,0.8752436647173489,0.031189083820662766,0.732943469785575,-0.437751974565302,0.2891898821518073,False,0.04457359785496928,True,0.11616797486909647,-0.129761685118715,-0.1040775022081426,0.04392282704155215,False,429.07061704974365,True,False,1.1614821811929195,0.7923175372163455,0.01012378208374587,False,0.9582215028694168
PM,231,0.5263157894736843,Philip Morris International,Consumer Staples,SP500,187.94000244140625,0.00422125872661705,-0.03173623631327538,0.00551066694728064,0.07706113437375728,0.067860642720734,0.6120857699805068,0.5750487329434698,0.5555555555555556,-0.029239766081871288,,,False,,False,,,,-0.006425672135085603,False,921.7485322417901,False,False,0.6794014126632116,0.7666850329179735,0.0011221304873958449,False,0.5968206079142299
EFX,232,0.5247563352826511,Equifax,Industrials,SP500,185.47999572753906,-0.003866816501094106,-0.026658280311389504,0.0471996434102222,0.09003286163445878,-0.09656840510388043,0.746588693957115,0.6062378167641326,0.2124756335282651,0.2085769980506823,,,False,,False,,,,-0.013545432442811478,False,260.2125543382917,False,False,0.7744808609636283,0.5012052727075439,-0.003544595450733712,False,0.46481820701216003
ADSK,232,0.5247563352826511,Autodesk,Information Technology,SP500,241.72999572753906,-0.02406236285324881,-0.05118345302132343,0.019054799063026318,0.05283096385700703,-0.06266244524018583,0.6647173489278753,0.49902534113060426,0.26705653021442494,0.2962962962962963,,,False,,False,,,,-0.040144685492265686,False,491.65651435665205,False,False,0.9681398064342421,1.048199616148023,-0.003996953786611801,False,0.6908913790990084
CINF,234,0.5232943469785575,Cincinnati Financial,Financials,SP500,171.69000244140625,0.0076295736628588795,-0.004002798595320378,-0.0430832449360542,0.09246255638472856,0.033815093535938257,0.36062378167641324,0.6101364522417154,0.48927875243664715,-0.01949317738791423,,,False,,False,,,,0.00308445857623596,False,131.19778093921894,False,False,0.5357095744027406,0.7458266477198465,0.0,False,0.7245121512076989
PNC,235,0.5230019493177388,PNC Financial Services,Financials,SP500,242.4600067138672,0.020927201590578814,-0.009032539631410486,-0.04595889157091493,0.1196821934634924,0.15154979033128768,0.34307992202729043,0.6861598440545809,0.7192982456140351,-0.07602339181286555,,,False,,False,,,,-0.0021525298175258945,False,445.1681559345479,False,False,0.8861543795583046,0.8660404933505129,0.005684411189949667,False,0.7614194217752766
BF-B,236,0.5227606884675565,Brown–Forman,Consumer Staples,SP500,27.3799991607666,0.038694936524944046,-0.02458142292694232,-0.038285921281234536,0.1154554673888879,0.061446294939997426,0.39571150097465885,0.6705653021442495,0.5399610136452242,-0.052631578947368474,-0.09735814332639792,0.21134559985931345,False,-0.01722903698662881,False,0.004608401318156652,0.015071395819035383,-0.0045872613767811155,0.0007141817673554929,False,64.80798932146072,True,True,0.8725168107708653,1.0768858036011724,0.022761701829607572,False,1.7241879783660106
ETR,237,0.5222222222222223,Entergy,Utilities,SP500,106.75,-0.0025228616289990624,-0.004476390393608587,-0.013528789763777471,-0.011713145744442155,0.013929272167630069,0.5341130604288499,0.3333333333333333,0.44639376218323584,0.1793372319688109,,,False,,False,,,,0.0003895397721798144,False,284.04912905687604,False,False,0.7133688811207065,1.025889046376915,0.0008410014026194457,False,1.4438446367222293
CL,238,0.5220019405764037,Colgate-Palmolive,Consumer Staples,SP500,90.0999984741211,0.005243793764427407,-0.02129045336140889,-0.0262617565895773,0.06770971962643868,-0.04303433066256834,0.45614035087719296,0.5497076023391813,0.31189083820662766,0.011695906432748537,-0.0802936403468808,0.2234999143727312,False,-0.015004520482489903,False,-0.017792117874869784,0.03782100880246597,0.018114411621676485,-0.005668978652681567,False,407.8654809683838,False,True,0.6357022203986126,0.9414981650715982,0.005132200140228305,False,0.9166485984478991
LLY,239,0.5177387914230019,Lilly (Eli),Health Care,SP500,1160.0799560546875,6.892763335120122e-05,-0.024659349830715382,0.04128625279171061,0.07690385643963782,0.1596023561584865,0.7368421052631579,0.5730994152046783,0.7348927875243665,-0.1286549707602339,,,False,,False,,,,-0.02167993327551987,False,3311.1698511569275,False,False,1.0456800053261595,0.9651756715560401,0.003577607253502091,False,0.8724208186970984
GD,240,0.515692007797271,General Dynamics,Industrials,SP500,364.07000732421875,-0.014455473010890563,-0.04698702216027428,-0.0562266743371983,0.08495231741258169,0.0034164542404648834,0.28460038986354774,0.5886939571150097,0.4269005847953216,0.005847953216374213,,,False,,False,,,,-0.03126523043109375,False,404.5142397681411,False,False,0.6791905819237136,1.0877037890526706,0.0011910950895870354,False,1.4667341774075875
RF,241,0.5152191015655732,Regions Financial Corporation,Financials,SP500,29.93000030517578,0.02185043938694986,-0.015193824993148364,-0.05372301295696469,0.10341426170495871,0.09674529873144122,0.2962962962962963,0.645224171539961,0.6062378167641326,-0.08576998050682261,-0.06686575826664243,0.3336230849916857,False,-0.021648079826290356,False,-0.020623834819856524,0.07504930050250835,0.021058134303342912,-0.002498964366347556,False,272.02916612700653,False,True,0.807018937184322,0.810696120848139,0.007511072259402507,False,0.7757106140034571
DLR,242,0.5142300194931774,Digital Realty,Real Estate,SP500,183.75999450683594,0.002673597549801787,-0.049992237683396556,-0.0522461442812987,0.00809369937200155,0.01984847543052415,0.3060428849902534,0.38791423001949316,0.45419103313840153,0.11306042884990253,,,False,,False,,,,-0.024250220850426385,False,566.6531129960663,False,False,0.618218569834663,0.9662573313292807,-0.0021826220655223327,False,0.665883936693225
APH,243,0.5136185630993279,Amphenol,Information Technology,SP500,80.04000091552734,-0.018997370902484767,-0.0078095607749808504,-0.06566275538299138,0.0876829146534619,0.21431024454610959,0.24171539961013644,0.5984405458089669,0.8089668615984406,-0.23196881091617927,-0.09210529048641547,0.4691864797071039,False,-0.01511654385183192,False,-0.005642627205583062,0.10549230776812113,0.005674647123826038,-0.0006989421763167192,False,1090.6433599077293,False,True,0.727146679114742,0.8554120244559142,-0.019119961130201535,False,0.9253125689581843
FITB,244,0.5124109476481438,Fifth Third Bancorp,Financials,SP500,54.400001525878906,0.02622152892581897,-0.012704119194684838,-0.05833475688387113,0.10701055851711283,0.11588323434939651,0.2729044834307992,0.6608187134502924,0.6510721247563352,-0.10916179337231968,-0.0837122704298503,0.381319023530295,False,-0.02632847450852316,False,-0.03889256986254619,0.0826276777510655,0.040466412643364924,-0.002567585622341495,False,336.47149218453217,False,True,0.8006622834863378,0.802886197496774,0.007545775109304653,False,0.7373332246333715
AES,245,0.5115984405458089,AES Corporation,Utilities,SP500,14.800000190734863,0.0020311260691547872,0.004752250554918014,0.008174378955344563,0.018185648571449553,0.06103471177579878,0.6237816764132553,0.4074074074074074,0.5380116959064327,-0.005847953216374269,,,False,,False,,,,0.002951800594092724,False,114.29659687083303,False,False,0.7080176499239028,1.0145318864179622,-0.00135412709165883,False,1.2542610625161972
HAL,246,0.5109070009353229,Halliburton,Energy,SP500,37.630001068115234,0.02730002650397023,0.0976957409492627,0.16825211134380003,-0.07860971722519194,0.10268587777705118,0.9610136452241715,0.17738791423001948,0.6179337231968811,0.15204678362573099,-0.11667119771563494,0.7782277010591785,False,0.08974628833482723,True,0.11259845880067831,0.09465709747232043,-0.10120314108834327,0.04862295821309903,False,390.9505426136093,True,True,1.0641465111123616,1.0483210086825394,-0.0035490326050903187,False,0.9534451363155951
NEE,247,0.5092592592592592,NextEra Energy,Utilities,SP500,83.0999984741211,0.002049899533579369,-0.0058786151625903615,-0.03985200857779736,-0.0028595704290975688,-0.0892208875881203,0.3820662768031189,0.3586744639376218,0.22417153996101363,0.22417153996101363,,,False,,False,,,,-0.003048583157173934,False,941.4735923549107,False,False,0.548260045564943,1.0660701023845627,-0.004461627218382391,False,1.1638770043935007
MMM,248,0.5086687820697733,3M,Industrials,SP500,168.75,-0.008752381608821636,-0.0625,-0.06592054277151793,0.11763087156148266,0.05889287326950399,0.23586744639376217,0.6783625730994152,0.5360623781676414,-0.23391812865497075,-0.07776296476791345,0.20655290719005892,False,-0.0545166291286463,False,-0.012718762666078631,0.058322769009618414,0.012882613570601942,-0.0318082710559634,False,559.2977699429016,False,True,0.537909525733871,0.7693161932144069,0.004464253303060772,False,0.6608217346380599
CRWD,249,0.5063645661238299,CrowdStrike,Information Technology,SP500,203.4199981689453,-0.05416845100912193,0.07527225945911065,-0.03692833541652907,0.08837496638457742,0.9958791387706942,0.3996101364522417,0.6023391812865497,0.9805068226120858,-0.3879142300194931,-0.11939394732058306,1.3231405929358493,False,-0.032475936415668705,False,0.02215685986338589,0.43573615837566315,-0.021676575028168665,-0.03194656512030147,False,1927.1159600115052,True,True,1.7103257784044552,1.7029218940640716,-0.003952229853390166,False,1.2896721267346203
C,250,0.5059454191033138,Citigroup,Financials,SP500,134.33999633789062,0.013580829507602976,0.005840062844825189,-0.018484685245518606,0.03919821700095527,0.21866444345674085,0.5126705653021443,0.4600389863547758,0.8167641325536062,-0.09161793372319693,,,False,,False,,,,0.008529262654893177,False,1492.3156463734842,False,False,0.7834578465156242,0.7661922349879616,0.00950663821828357,False,0.6889405601186538
COIN,251,0.5043475030376139,Coinbase,Financials,SP500,174.9600067138672,-0.010519175055462182,-0.03751783535717801,0.16075108918683,0.07192749298714585,-0.16259027977198504,0.9532163742690059,0.5653021442495126,0.12280701754385964,0.5516569200779726,-0.548222140425938,0.24005961623857908,False,0.05360146873023108,True,0.08365772227000656,-0.09634420271534472,-0.07719939659061659,-0.015620744469801884,True,1387.693279381195,True,False,1.1421971921983691,1.025718586835045,-0.014251805045117028,False,0.612891417907308
TRMB,252,0.5042141976765532,Trimble Inc.,Information Technology,SP500,59.11000061035156,0.002884322830057462,-0.009550933175427323,-0.011703740960822828,0.06466138550050893,-0.15460523228953638,0.543859649122807,0.5380116959064327,0.13255360623781676,0.4522417153996101,-0.2922652899165471,0.2095355412783897,False,0.003437611644815153,True,0.06167066361748308,-0.09029207723125754,-0.05808831846907181,-0.008097698548911292,True,183.3796092196045,True,False,0.870100541689879,2.3126611975057485,-0.0059382165299625145,False,1.008319612817073
LITE,253,0.5041910331384015,Lumentum,Information Technology,SP500,870.5800170898438,0.001875832740565242,-0.07289438044732721,0.02485084477941646,-0.07187631440315168,0.2787603300524546,0.6861598440545809,0.1871345029239766,0.8752436647173489,0.10526315789473684,,,False,,False,,,,-0.021377461664756736,False,3836.128130273562,False,False,0.9561233747421835,0.7424872981773237,-0.0014224327427988515,False,0.5890104315374104
WAB,254,0.5036062378167642,Wabtec,Industrials,SP500,279.80999755859375,3.577471787608033e-05,-0.0689758780759121,-0.0634339483837345,0.0659061676635011,0.0753461256260568,0.25146198830409355,0.5399610136452242,0.5730994152046783,-0.12280701754385959,,,False,,False,,,,-0.03224080997711831,False,276.5662991886061,False,False,0.5137945541679843,0.9115589981123795,0.0036455310069731794,False,0.9146864749007273
DOC,255,0.5035087719298246,Healthpeak Properties,Real Estate,SP500,21.030000686645508,0.01008650311716841,-0.025486526367238804,-0.022493737529916014,0.11877635090714955,0.2296708194082695,0.4873294346978557,0.682261208576998,0.8362573099415205,-0.26120857699805067,,,False,,False,,,,-0.0025646924908694357,False,125.78705075190018,False,False,1.0046979352478236,0.8189017360391858,-0.004803092360015082,False,0.9647061905086202
DPZ,256,0.5031189083820663,Domino's,Consumer Discretionary,SP500,346.67999267578125,0.01853864221028423,0.006152760425496062,-0.056986676628066224,0.13708395876232515,-0.13780654991697217,0.2787524366471735,0.7192982456140351,0.15009746588693956,0.09941520467836262,,,False,,False,,,,0.011379565305368322,False,305.7897854453573,False,False,0.8190792614614967,1.2839230665835208,0.007785627213033219,False,0.7345564861891851
NTAP,257,0.5025341130604288,NetApp,Information Technology,SP500,180.77000427246094,-0.013048696996411202,-0.06747485901068262,-0.05087683555510836,0.001320055023422917,0.830715983068075,0.3138401559454191,0.36257309941520466,0.9727095516569201,-0.6257309941520468,,,False,,False,,,,-0.03668237640994687,False,456.5622065219801,False,False,0.5622447442950891,1.1150935882118678,0.021784178612136662,False,1.5387593296550959
KIM,258,0.5021569244486402,Kimco Realty,Real Estate,SP500,24.079999923706055,-0.001658412692186917,0.0020807006088989777,-0.037185137811466595,0.024131741277582774,0.04481500975723596,0.39766081871345027,0.42105263157894735,0.5048732943469786,-0.09161793372319693,-0.08718723693066677,0.25486932162625386,False,-0.0025681380490941708,False,-0.036021107930455876,0.05912719109260145,0.03736711273119586,0.0023303788506032763,False,107.9989034230423,False,True,0.622759088382579,1.4388150048068604,0.004560476748574738,False,1.080945349715301
BRK-B,259,0.49732646264390423,Berkshire Hathaway,Financials,SP500,505.239990234375,0.005793012043669332,0.0006535552274113954,-0.023162254258017212,0.06283525553568858,0.03643222049682149,0.47953216374269003,0.5341130604288499,0.49317738791423,-0.033138401559454245,-0.04567261051021687,0.08560377494708771,False,-0.0035215333571503304,False,0.005422307382914493,0.026071965645931172,-0.005393064529300662,0.0025789088516223746,False,2194.767215658203,True,True,1.0824271477767216,1.1186332285184453,0.002249527030076859,False,0.7516202995816685
HBAN,260,0.4971734892787524,Huntington Bancshares,Financials,SP500,16.8799991607666,0.028014560434550306,-0.009389773835924098,-0.03872439213307732,0.06920437130345958,0.022324023580271968,0.3898635477582846,0.5536062378167641,0.46393762183235865,0.0,,,False,,False,,,,-0.0014280961117831836,False,409.0710032670819,False,False,0.7881969155707668,0.9968074982531796,0.007308211856018598,False,0.8484067205261779
IBKR,261,0.4970760233918129,Interactive Brokers,Financials,SP500,89.12000274658203,-0.01405018975154293,-0.08059486019121609,0.006439031972265585,0.023530498283781842,0.2912658568152082,0.6179337231968811,0.4191033138401559,0.8888888888888888,-0.10721247563352826,,,False,,False,,,,-0.04239197589991528,False,410.3975578644577,False,False,1.2214836618020528,1.016239684124221,-0.0043146298515530646,False,0.9688864648520676
MTB,262,0.49707602339181284,M&T Bank,Financials,SP500,235.47999572753906,0.014912470439467196,-0.018797605579884635,-0.0634646949627572,0.10731963562189462,0.08856098764066633,0.24951267056530213,0.6627680311890838,0.5964912280701754,-0.1228070175438597,,,False,,False,,,,-0.007780426968953313,False,258.3569410019544,False,False,0.8126789335755363,1.0666740932523067,0.006464959798201608,False,1.0936270698454977
BXP,263,0.4961988304093567,"BXP, Inc.",Real Estate,SP500,67.0999984741211,0.0005964944375727033,-0.04551926655366911,-0.050516482062015866,0.11342686867599916,0.21959200132734802,0.31773879142300193,0.6686159844054581,0.8206627680311891,-0.16374269005847952,,,False,,False,,,,-0.01831972066769283,False,92.56745230810984,False,False,1.0638194146190347,0.8619844041532385,0.0010438368233320894,False,0.8420417073057452
WSM,264,0.4952145560712943,"Williams-Sonoma, Inc.",Consumer Discretionary,SP500,221.72000122070312,-0.0018008009421814908,-0.06616683628732045,-0.10912891003396563,0.07411669078455985,0.13755064929900063,0.11695906432748537,0.5692007797270955,0.6939571150097466,-0.3957115009746589,-0.11938993448380897,0.3191431994227618,False,-0.0727222076460905,False,-0.048597619619941246,0.09289684561763978,0.051079985316546894,-0.03979501657991957,False,244.38689301574706,False,True,0.5649877230643872,1.338221902341893,-0.0031514359968938255,False,1.309257155120052
LDOS,265,0.4937621832358674,Leidos,Industrials,SP500,133.77999877929688,-0.038798636159319444,-0.02655893248204766,0.024349100514288846,0.07963460364824981,-0.23833938744542238,0.682261208576998,0.5789473684210527,0.05458089668615984,0.4912280701754386,,,False,,False,,,,-0.03171607969134449,False,182.4089856777892,False,False,1.0065136907278538,0.7460397858987164,-0.006753752206374086,False,0.6676393623133537
SBAC,266,0.4935672514619884,SBA Communications,Real Estate,SP500,186.4199981689453,-0.012658224779155236,0.0023658589714716793,-0.0010315754821589307,-0.045141175789244925,-0.032086960861907876,0.5886939571150097,0.24366471734892786,0.33723196881091616,0.16764132553606237,,,False,,False,,,,0.00042266094590326375,False,181.93583014133998,False,False,0.5070835082207789,0.7803348302438349,-0.0029659317082505465,False,0.8053570080414294
CPRT,267,0.4929824561403509,Copart,Industrials,SP500,32.15999984741211,-0.009547316342364498,-0.015610601472821228,0.09387756002358105,0.05963754343303007,-0.15234578251217634,0.8713450292397661,0.5224171539961013,0.1364522417153996,0.4327485380116959,,,False,,False,,,,-0.012341360891448439,False,354.63961218617885,False,False,1.163178447478737,0.6209618933551376,-0.002771793939154721,False,0.5450571126771149
MS,268,0.49157378998068163,Morgan Stanley,Financials,SP500,211.82000732421875,0.003696048440583466,-0.010556775446122546,-0.024050802264043325,0.013543472197681927,0.2777813727245406,0.47173489278752434,0.39766081871345027,0.8732943469785575,-0.31384015594541914,-0.0680988031016928,0.4627714884112819,False,-0.013928432542128388,False,-0.01520073430656188,0.12254646980634831,0.015435363160895887,-0.007293494173445159,False,1101.8049871312867,False,True,0.7049543291050392,0.7425788419285223,0.004406785273677327,False,0.6997673377140882
LYV,269,0.49064327485380116,Live Nation Entertainment,Communication Services,SP500,179.58999633789062,0.013487581437975571,-0.016699534942785754,-0.022373438642514287,0.09339419383799474,0.13205999135681545,0.48927875243664715,0.6140350877192983,0.682261208576998,-0.11306042884990253,,,False,,False,,,,-0.007678401031930071,False,377.2825403891116,False,False,0.9857277314749311,0.8626327181601517,0.0013544328289925023,False,0.8597540711199734
HPE,270,0.4904186225404068,Hewlett Packard Enterprise,Information Technology,SP500,51.83000183105469,0.018871690963771615,-0.061560705040048846,-0.010689016322157019,-0.05744988507858584,1.4276947795068322,0.5536062378167641,0.2202729044834308,0.9922027290448343,-0.7719298245614035,-0.13356733374341434,1.6289444787890575,False,-0.04685715576501537,False,0.041026475284858144,0.5796035363029921,-0.03940963679490661,-0.01798851819571845,False,912.938696759224,True,True,0.6030926960369837,1.5089184238033253,0.022016960292877474,False,3.4193035261952582
EBAY,271,0.48868652698013093,eBay Inc.,Consumer Discretionary,SP500,106.69999694824219,0.016384011586097813,0.027105668844178865,-0.023588984988256456,-0.01650053938039464,0.1829055239967632,0.4775828460038986,0.31968810916179335,0.7758284600389863,-0.015594541910331383,-0.09783864557574029,0.3559991506451121,False,0.01823779348705945,True,-0.022774065411326205,0.09031771762673735,0.02330481069448087,0.017662894515815486,False,424.5119614781952,False,True,1.0695966774594639,1.1655276329477906,-0.003238749822946141,False,1.0854724194429273
KMI,272,0.48820662768031187,Kinder Morgan,Energy,SP500,31.969999313354492,-0.004049818284926343,-0.001561559765595022,0.018801789941586433,0.028652235309712948,-0.03988318545829306,0.6627680311890838,0.43859649122807015,0.31773879142300193,0.1949317738791423,,,False,,False,,,,0.0038301349169314047,False,329.90084647481876,False,False,1.1937559602403434,1.0262736867961926,-0.0018690829110823426,False,0.7784246604844728
WM,273,0.4853801169590643,Waste Management,Industrials,SP500,219.0399932861328,-0.0033217043824738113,-0.009944007197645988,-0.027569397175880916,0.009124861636411241,-0.09463441627969738,0.4522417153996101,0.3937621832358674,0.21637426900584794,0.09161793372319688,,,False,,False,,,,-0.00868305550684001,False,471.08656018549084,False,False,0.6031528330229315,1.1608703530171507,-0.0031851341613223783,False,1.1419227438073791
WRB,274,0.4850400790216698,W. R. Berkley Corporation,Financials,SP500,68.12000274658203,0.005906696967935332,-0.008009253488112211,-0.04580468792580705,0.05275305483943038,-0.023522514061035227,0.34502923976608185,0.49707602339181284,0.3586744639376218,-0.031189083820662822,-0.10883668110014633,0.08174764647307464,False,-0.01963742991764339,False,-0.041826511236822905,-0.008906225433255588,0.043652336165983074,-0.00482893527958661,False,130.57290626751708,False,False,0.5404624864969052,0.9238685865484664,0.006497377930816395,False,0.9627644910055827
CHD,275,0.48379749822987966,Church & Dwight,Consumer Staples,SP500,99.31999969482422,-0.0011063120789897019,-0.03441571937120025,-0.03278792419499987,0.07248193440479889,-0.024611236495195032,0.4191033138401559,0.5672514619883041,0.3567251461988304,-0.025341130604288442,-0.050464772274714575,0.2299055893415063,False,-0.015224636376252154,False,0.0026695264307206035,0.053974276439938684,-0.002662419032743113,-0.010743800813531434,True,178.2266830266571,True,True,0.8693141636004441,0.9647226220979674,-0.0005028970291093282,False,0.8320253088893267
GEV,276,0.4802144249512671,GE Vernova,Industrials,SP500,921.9400024414062,0.02605363469360089,-0.03268319207665604,-0.09483277279723212,-0.03851413804611514,0.09711364116396237,0.15789473684210525,0.25925925925925924,0.6081871345029239,0.07992202729044834,,,False,,False,,,,-0.016093589588998758,False,2642.559504203952,False,False,0.6481552618656276,0.9811941353745769,0.0,False,1.0167477867627333
CSX,277,0.4797270955165693,CSX Corporation,Industrials,SP500,48.650001525878906,-0.001026678362982647,-0.060084947768641594,-0.04663917911719695,0.04758834979592108,0.1406998432145552,0.341130604288499,0.4775828460038986,0.6998050682261209,-0.19493177387914234,,,False,,False,,,,-0.030839716349100876,False,595.7452880989542,False,False,0.6896936805369243,0.9444921005930559,0.002669426408185238,False,0.8247947123652419
ES,278,0.47890366174529503,Eversource Energy,Utilities,SP500,70.44000244140625,-0.0008510291999113129,-0.017161933290965603,-0.031086583242154853,0.03314758178519561,-0.04368357275135115,0.42884990253411304,0.4444444444444444,0.30994152046783624,-0.005847953216374269,-0.06565853545983524,0.1718984878065064,False,-0.013507515324126307,False,-0.0324175509098229,0.015787166388810725,0.03350365743023276,-0.005842614103797827,False,160.3037366008301,False,True,0.6681621200888879,0.8880734178226741,-0.0009929034726839925,False,0.8363138834726445
PEP,279,0.4780701754385965,PepsiCo,Consumer Staples,SP500,140.52000427246094,0.005222197735097467,-0.011744835363045159,0.010208469494160655,-0.003799338420536591,-0.12599407517245953,0.6374269005847953,0.35477582846003897,0.16374269005847952,0.23391812865497075,,,False,,False,,,,-0.002344551428914876,False,1122.6942518564028,False,False,0.6793652901042352,0.7894421427641035,0.003433800768168016,False,0.8764971707289367
KEY,280,0.4742690058479532,KeyCorp,Financials,SP500,21.799999237060547,0.02781707581589732,-0.003676627304429969,-0.04723885462376598,0.05406055951315114,0.07323990242179246,0.33528265107212474,0.5029239766081871,0.5653021442495126,0.0019493177387913674,,,False,,False,,,,0.003587161463950439,False,230.47638786368077,False,False,0.9635535955192931,0.968222376183578,0.006129234970613684,False,1.0146152495150205
SYY,281,0.4734892787524367,Sysco,Consumer Staples,SP500,81.76000213623047,-0.0042625559800199,-0.018133716437007563,-0.01244110119466968,0.09385856088269362,-0.053721660958269024,0.5399610136452242,0.6159844054580896,0.2807017543859649,-0.07407407407407407,,,False,,False,,,,-0.007825026184407391,False,268.2545712073813,False,False,0.615899008449205,0.724122578293306,0.004749718508701095,False,0.9053355208691675
D,282,0.47163742690058474,Dominion Energy,Utilities,SP500,66.05000305175781,-0.004971289775748899,-0.012853094653745734,-0.0457959854527884,0.009013198526382382,0.06618789046966156,0.3469785575048733,0.391812865497076,0.5497076023391813,-0.19493177387914234,,,False,,False,,,,-0.009231093572427018,False,292.1110839671855,False,False,0.5150708583647051,1.214537723139104,-0.0012050949829774948,False,1.386903028046614
SHW,283,0.47125849002176595,Sherwin-Williams,Materials,SP500,331.25,0.003939953765339066,-0.04993404313441585,-0.08173897036056699,0.11982073624416856,-0.042550507701212714,0.19103313840155944,0.6900584795321637,0.3138401559454191,-0.052631578947368474,-0.10883400801872056,0.1331591446352205,False,-0.05496218444815437,False,-0.03279897163605283,-0.00395786213380267,0.03391122494103782,-0.027712275129862185,False,718.1522307407837,False,False,0.6363773396832408,0.7515686455684989,0.012183630443842741,False,0.6569577801258786
FCX,284,0.4708576998050682,Freeport-McMoRan,Materials,SP500,73.93000030517578,0.020146254448462297,-0.0641772113268888,0.09851407062075612,0.049114454197890955,0.12653771714281992,0.8752436647173489,0.4873294346978557,0.6705653021442495,-0.33528265107212474,,,False,,False,,,,-0.008906894538649679,False,975.8564436503041,False,False,0.9063499149624509,0.9095562300532107,0.007865319238622881,False,0.8022428671728904
KR,285,0.46686159844054587,Kroger,Consumer Staples,SP500,58.220001220703125,0.00483263031810055,-0.004956368298567382,0.014353120609732706,-0.04263480138090714,-0.13328019368334776,0.6491228070175439,0.24951267056530213,0.15204678362573099,0.18128654970760233,,,False,,False,,,,0.008625016356101023,False,396.419871682132,False,False,0.5995320969008742,0.9012653309057521,0.0010355777478971984,False,0.630321269881325
RTX,286,0.4665692007797271,RTX Corporation,Industrials,SP500,200.77999877929688,-0.021349214294352437,-0.05287988312368186,-0.07563443047165808,0.1674701591617842,-0.031289591252810944,0.20662768031189083,0.7699805068226121,0.3391812865497076,-0.12670565302144243,,,False,,False,,,,-0.03887421710369987,False,984.4750924700056,False,False,0.7178582123008385,0.8200326568756166,0.008383706326774654,False,0.990675340781627
NVR,287,0.46364522417153997,"NVR, Inc.",Consumer Discretionary,SP500,6326.9501953125,0.008147201883718092,-0.006465003975644645,0.009509616780230212,0.033915039809928604,-0.1274700599659233,0.631578947368421,0.44834307992202727,0.15984405458089668,0.003898635477582846,,,False,,False,,,,-0.0013140069673861499,False,205.4209020717076,False,False,0.6985885857941098,1.2572717994514258,0.006587240103948622,False,1.151017264617162
TSN,288,0.46101364522417154,Tyson Foods,Consumer Staples,SP500,55.810001373291016,0.013621503474277263,-0.003872301804368816,-0.04101097298838219,-0.013294460200956593,-0.09717419252042636,0.37037037037037035,0.32943469785575047,0.21052631578947367,0.25925925925925924,,,False,,False,,,,-0.0018482738999875403,False,172.7979386106608,False,False,0.7180562493434891,0.8778255805176975,0.001816172750217282,False,0.9835379636167199
PTC,289,0.4605490432608677,PTC Inc.,Information Technology,SP500,149.1300048828125,-0.024082146028241325,-0.0163577317957595,0.052583375156432854,0.06734900930358023,-0.08492358246440534,0.7797270955165692,0.5477582846003899,0.23196881091617932,0.165692007797271,-0.302805006366746,0.3276061822477787,False,-0.016422606301500386,False,0.10306684472435856,0.0006579407889986122,-0.09343662645405104,-0.024265376328676536,True,197.3584387327118,True,True,0.903849202719817,0.7242340206947028,-0.007787464566576863,False,0.8172897941817795
FTNT,290,0.4586661596692279,Fortinet,Information Technology,SP500,154.5399932861328,-0.04516535398032351,-0.01904278359686884,-0.08170420434102543,0.055024561671791705,0.866650459924668,0.19298245614035087,0.5087719298245614,0.9746588693957114,-0.48538011695906425,-0.10556780658658993,1.0542335024618819,False,-0.031837754779428074,False,-0.024543617702214915,0.4137339447999224,0.025161163684633392,-0.03900526499040957,False,823.4622879223633,False,True,1.3746900216869224,1.125356284236651,0.002100687828662684,False,0.9920516218894483
QCOM,291,0.4558479532163742,Qualcomm,Information Technology,SP500,169.9600067138672,0.020106872884240845,0.03811388618762712,0.04481470847101532,-0.31767630489938903,0.23061441013862405,0.7407407407407407,0.025341130604288498,0.8421052631578947,-0.20077972709551656,,,False,,False,,,,0.025609472577496017,False,2361.1555928798443,False,False,0.3986312734225531,0.8137275554285875,-0.003421207143212368,False,0.5406413864734271
ATO,292,0.45565302144249514,Atmos Energy,Utilities,SP500,167.67999267578125,-0.00011928606335698255,-0.010504036159348695,-0.022930608191926383,0.0023234150306246093,-0.09168976688022434,0.4834307992202729,0.3664717348927875,0.2202729044834308,0.22612085769980506,,,False,,False,,,,-0.0006035239912858259,False,185.98127123814797,False,False,0.8221317439954796,0.8414183054974722,-0.00023848113810731597,False,0.8069503012048193
ORLY,293,0.45536062378167635,O'Reilly Automotive,Consumer Discretionary,SP500,86.97000122070312,-0.011142646521247523,-0.02881073973345938,-0.05292388667586878,-0.0046921039780509766,-0.07743710281441063,0.30409356725146197,0.3508771929824561,0.24561403508771928,0.09551656920077972,,,False,,False,,,,-0.020519271707515774,False,640.9884305705947,False,False,0.5070658868534025,0.8070424564422796,0.00022745051910244563,False,1.0432158400742644
GM,294,0.4551656920077972,General Motors,Consumer Discretionary,SP500,84.87000274658203,-0.00887533027224996,-0.01691183891470116,-0.0389536282087346,0.04105229368616303,0.08467375144712297,0.38791423001949316,0.4619883040935672,0.5886939571150097,-0.2846003898635478,,,False,,False,,,,-0.012042736655955677,False,540.9462876568541,False,False,0.6646190640114081,1.0341962401287645,0.00011680645277700741,False,0.8933870662073732
AEE,295,0.4544834307992203,Ameren,Utilities,SP500,105.88999938964844,-0.0018851631175970107,-0.017262186638993593,-0.03243789265865993,0.00382567478733864,-0.05267118852951913,0.42105263157894735,0.3723196881091618,0.28654970760233917,0.10526315789473684,,,False,,False,,,,-0.008730679721283718,False,178.31364928476762,False,False,0.6576470635490231,0.7468631526522813,-0.0003769750920288306,False,0.7412899664386912
L,296,0.4543859649122807,Loews Corporation,Financials,SP500,108.94000244140625,0.002115751622395523,-0.018204728368180767,-0.06017363671875897,0.043471804635317524,-0.02175931977565182,0.26120857699805067,0.4678362573099415,0.3684210526315789,-0.09551656920077978,,,False,,False,,,,-0.008712549377432821,False,86.12225450838051,False,False,0.6288078400058228,1.266864008334503,0.006807081869208087,False,1.1716368813296087
PH,297,0.4528265107212476,Parker Hannifin,Industrials,SP500,949.3800048828125,-0.0028463925639541365,-0.08668672733562854,-0.043590407965578004,0.11591987632840928,-0.03671235333522882,0.35477582846003897,0.672514619883041,0.32748538011695905,-0.009746588693957059,,,False,,False,,,,-0.04139018019194318,False,621.3527078762755,False,False,1.543159842355453,1.0994020450939295,0.0050099868306023865,False,0.9120462444329971
MU,298,0.4513120744062448,Micron Technology,Information Technology,SP500,956.0800170898438,0.024254386558560492,0.01884057141496842,0.07103412839419909,-0.11425186630397799,1.386977208278282,0.8226120857699805,0.15009746588693956,0.9902534113060428,-0.8323586744639375,-0.21204799216897863,7.06616043376091,False,0.02526654145751861,True,0.012794141224910627,0.5963711602812565,-0.012632518992889308,0.01410931370257651,False,39285.36224700318,True,True,0.44402480586640813,0.5977371477637154,-0.0027960933158382995,False,0.5080522907565306
VRSN,299,0.4512670565302144,Verisign,Information Technology,SP500,289.9599914550781,0.00551373709058911,-0.010341646063993681,-0.028037571518154114,-0.021101408745563655,0.2208884102573856,0.4502923976608187,0.3060428849902534,0.8226120857699805,-0.23781676413255365,,,False,,False,,,,0.005177831410789757,False,215.71611641618378,False,False,0.753976644258486,0.9227906302181735,0.0,False,0.9714847819736253
SW,300,0.45051792410772823,Smurfit Westrock,Materials,SP500,45.36000061035156,-0.001540825321461492,-0.08474577575784581,-0.056602866436517574,0.08674332121154515,0.024485870302144885,0.2807017543859649,0.594541910331384,0.4697855750487329,-0.3216374269005847,-0.10693449101579633,0.42439658396913993,False,-0.05695894151075287,False,-0.023494436501563798,0.09141844373998986,0.024059705730085756,-0.04061403144033404,False,246.23374569306947,False,True,0.7076864259848499,1.049206859515778,0.001100577519803636,False,0.6944689808115169
YUM,301,0.4482456140350877,Yum! Brands,Consumer Discretionary,SP500,151.27000427246094,-0.004998977260660453,-0.020335466065525165,0.024309397174478775,0.019064954085889152,-0.043900525691042414,0.6803118908382066,0.4093567251461988,0.3079922027290448,0.19883040935672514,,,False,,False,,,,-0.005558380452407863,False,396.0294116091981,False,False,1.306011065439436,0.6755522891699561,-0.0003289025334427542,False,0.5608994921615214
SPG,302,0.4460340562417504,Simon Property Group,Real Estate,SP500,210.1999969482422,-0.007882183449438473,-0.03182720115463866,-0.06949976703158522,0.043999314290495306,0.05838759019772333,0.2202729044834308,0.4697855750487329,0.5341130604288499,-0.1695906432748538,-0.11195606396984703,0.25527939024896984,False,-0.03815135762935673,False,-0.057831750732826426,0.05609116690026683,0.06138155343040741,-0.02111584445829795,False,368.19419580581666,False,True,0.6019240018206953,0.8123736131606274,0.0038230876351592613,False,0.5471203129054452
CVS,303,0.4457219905768407,CVS Health,Health Care,SP500,97.2300033569336,-0.0037909336370082203,0.03085245622905841,-0.06885649241612457,0.07072285316141458,0.2249054826547996,0.22417153996101363,0.5633528265107213,0.8284600389863548,-0.34113060428849895,-0.11544350085317456,0.42778361727008885,False,0.027122703975886786,True,-0.03529170812753912,0.13825842601730653,0.03658277680918376,0.021909103905090488,False,768.3592360267029,False,True,1.014924902534106,0.8667610227216033,0.002254110903100681,False,0.7072874556480472
TAP,304,0.4456140350877193,Molson Coors Beverage Company,Consumer Staples,SP500,40.540000915527344,0.019617772306889325,-0.025598924239122023,-0.03020713542509823,0.06195084135127038,-0.11407344792429963,0.4327485380116959,0.5321637426900585,0.18518518518518517,0.09941520467836262,,,False,,False,,,,-0.007358261077928252,False,120.14118016447729,False,False,1.0253716472593448,1.0382709522147484,0.006539289416661154,False,0.9267061356815631
ASML,305,0.4444444444444445,ASML Holding,Information Technology,NDX,1682.300048828125,0.010305460218797524,-0.03628466653422169,-0.01728496899164944,-0.024261555129207024,0.20636788901844216,0.52046783625731,0.2962962962962963,0.8031189083820662,-0.5555555555555556,,,False,,False,,,,-0.02056910854641769,False,2964.3394742351925,False,False,0.5244682236119292,0.610054240995015,0.004245856941078374,False,0.5078576433007564
CASY,306,0.4429824561403508,Casey's,Consumer Staples,SP500,753.5900268554688,-0.01736833103688462,-0.066322193212357,-0.1141113363195353,-0.025878542701773033,0.1035084073701178,0.10721247563352826,0.29434697855750486,0.6198830409356725,-0.01949317738791423,,,False,,False,,,,-0.043611222916152714,False,324.68544246851087,False,False,0.7127186307484015,1.0635098986171314,-0.004237785546945205,False,0.9479567462050188
HII,307,0.442495126705653,Huntington Ingalls Industries,Industrials,SP500,288.7200012207031,-0.012653074472091963,-0.02136811018531448,-0.10212814217477828,0.008786491133750962,-0.3334112365516545,0.13255360623781676,0.3898635477582846,0.023391812865497075,0.290448343079922,,,False,,False,,,,-0.02326262267196899,False,144.33493476381886,False,False,0.5192431814499782,0.7759566968781471,-0.0006156322587128615,False,0.7262872175356857
NUE,308,0.4409356725146199,Nucor,Materials,SP500,263.9700012207031,0.047832657745879636,0.04418511880578735,-0.036746485951769436,0.02672670665824528,0.5080411687055841,0.40350877192982454,0.4327485380116959,0.9512670565302144,-0.3957115009746589,,,False,,False,,,,0.03759278121315468,False,366.4266262132606,False,False,1.0260358082654373,0.7978499339701758,0.008693245702302566,False,0.765110801508614
LIN,309,0.440907700242135,Linde plc,Materials,SP500,487.45001220703125,0.0014175413500761014,-0.005873543213963606,0.005798112978005143,-0.03660299695541991,-0.017139912676567337,0.6140350877192983,0.2709551656920078,0.3762183235867446,-0.011695906432748537,-0.10827967374374037,0.26003888800009856,False,0.0037384330901213403,True,-0.031063969646431766,0.019333919156045765,0.03205987668256749,0.0003732786135912658,False,1062.789995706421,False,True,0.6309336458140815,0.7615073216579289,0.002526872471183994,False,0.5407917806396355
FE,310,0.4407337476726195,FirstEnergy,Utilities,SP500,46.290000915527344,0.0028163143098995924,-0.009415763557012125,-0.031712790054765905,0.026545975966195234,-0.07025463583719371,0.4269005847953216,0.42884990253411304,0.25925925925925924,0.009746588693957114,-0.09013552165060756,0.11846085710612053,False,-0.00948465497185047,False,-0.0254192138790007,-0.008772692733368226,0.026082202974853974,-0.0012142831583857872,False,197.8243873416748,False,False,0.8055621909537569,0.9481120345621554,-0.0004332854815811693,False,0.8063582912992435
ALNY,311,0.44005847953216376,Alnylam Pharmaceuticals,Health Care,NDX,267.3999938964844,0.08650600639280692,0.11882842634512292,0.22100453834011136,-0.08606191069587033,-0.1830125149114692,0.9766081871345029,0.1695906432748538,0.08966861598440545,0.15789473684210525,,,False,,False,,,,0.09505750763590237,False,485.8076141573536,False,False,0.7730951948032683,1.0585043554902058,0.0015033729481528368,False,1.7464734043822412
GWW,312,0.4396686159844055,W. W. Grainger,Industrials,SP500,1284.8499755859375,-0.01860663001228524,-0.03784665042280211,-0.010066379359478406,0.0024444216927423934,0.12321085659374043,0.557504873294347,0.3684210526315789,0.6647173489278753,-0.2923976608187135,,,False,,False,,,,-0.017788690070566937,False,390.2949894501355,False,False,0.7525618241738791,0.9271031114910074,-0.0021615754074014726,False,0.9998114590970986
PPL,313,0.43674463937621827,PPL Corporation,Utilities,SP500,34.540000915527344,0.002030742452720835,-0.013706440204512171,-0.01819213712611245,-0.005780546119082075,-0.09099438862247877,0.5146198830409356,0.34502923976608185,0.2222222222222222,0.1871345029239766,,,False,,False,,,,-0.004442966831086803,False,300.6479645240083,False,False,0.9712567459562411,0.9467582334373833,-0.0017406838168307903,False,0.6277801238906285
NFLX,314,0.4346611421428509,Netflix,Communication Services,SP500,82.7300033569336,0.023759508183968103,0.015590526475994348,0.1245073222795432,0.01484306628673182,-0.16146360950616645,0.9181286549707602,0.40350877192982454,0.12475633528265107,0.3684210526315789,-0.34510187725688457,0.22381664533031942,False,0.05180188702424049,True,0.10194126826478533,-0.05111381606380283,-0.09251061848814413,0.023354333507730862,False,2957.407143615875,True,False,0.9963895017304124,0.6523491797049727,-0.0032173557071006886,False,0.5441148972474362
EVRG,315,0.4327485380116959,Evergy,Utilities,SP500,80.7699966430664,-0.009200196649711057,-0.017755158145011607,-0.028573292595878597,0.004618421532098571,-0.01779935605354943,0.44834307992202727,0.3762183235867446,0.3742690058479532,-0.017543859649122806,,,False,,False,,,,-0.009589132953414015,False,172.9360757087552,False,False,0.8492662793106966,1.3279919551546877,-0.001962659952200241,False,1.1485895907826777
XEL,316,0.43089668615984406,Xcel Energy,Utilities,SP500,75.51000213623047,-0.00500721118031533,-0.027935094753092193,-0.0288102619134345,-0.016933803959024774,-0.07704913385409706,0.44639376218323584,0.31773879142300193,0.24951267056530213,0.09746588693957114,,,False,,False,,,,-0.015273953746091973,False,399.9641093486241,False,False,0.8461897671014204,1.2012035898043179,0.004743716079152582,False,1.131077282641684
SNDK,317,0.4303923111216007,Sandisk,Information Technology,SP500,1553.4000244140625,0.010755645792677848,0.03603515441340566,0.08810469853817793,-0.1518427385126604,1.593062515849467,0.8635477582846004,0.10136452241715399,0.9941520467836257,-0.5477582846003899,-0.3347323235914079,28.30390631201087,False,0.04354382378699251,True,-0.010157114404464873,0.5689437092550793,0.01026134000887824,0.015903066127248344,False,22595.97884850293,False,True,0.6431599294659225,0.8302057816529909,-0.003416033897909343,False,0.6031440956553407
PLD,318,0.4298245614035088,Prologis,Real Estate,SP500,136.58999633789062,-0.02212196806927802,-0.0420786882256593,-0.017691525781207695,-0.02988778898203348,-0.005249034954338927,0.5165692007797271,0.2884990253411306,0.40350877192982454,-0.06432748538011696,,,False,,False,,,,-0.025882151086136673,False,622.3998601090412,False,False,0.5342585199511742,0.7593784386519995,-0.007946630940473653,False,0.8289940925231962
AON,319,0.4297270955165692,Aon plc,Financials,SP500,330.8800048828125,0.014036215939884356,-0.06525793939366764,-0.07225568331609578,0.050805572868778404,-0.025414444496778987,0.2124756335282651,0.49122807017543857,0.35282651072124754,-0.15399610136452246,,,False,,False,,,,-0.02565378812210295,False,467.90103106583575,False,False,0.6694881393207193,1.4435954030624916,0.004290605168366657,False,1.6238172436080827
INVH,320,0.4291423001949317,Invitation Homes,Real Estate,SP500,28.84000015258789,-0.009955338706953754,-0.0351287808130295,-0.05349521488345421,0.005344651711340465,0.09915521039850206,0.3001949317738791,0.38011695906432746,0.6140350877192983,-0.12280701754385964,,,False,,False,,,,-0.021225310010298926,False,125.52476804049745,False,False,0.872581824924439,1.1736721231180307,0.0030896036793954806,False,0.7280677262883488
SO,321,0.42865497076023396,Southern Company,Utilities,SP500,88.30999755859375,0.002497459755353537,-0.01615423956247264,-0.04515603637111765,-0.01603271795891892,-0.08044218658503244,0.3508771929824561,0.3216374269005848,0.24171539961013644,0.05847953216374269,,,False,,False,,,,-0.01020980345163569,False,501.6335336313209,False,False,0.7360665821959474,1.1176564161163147,-0.001135185359044888,False,1.0830896121333269
GS,322,0.4282651072124756,Goldman Sachs,Financials,SP500,1004.4199829101562,0.0018552359520547235,-0.029910549596924407,-0.04144497925260926,-0.030432375196665973,0.16896807937075087,0.3645224171539961,0.28654970760233917,0.7485380116959064,-0.4639376218323587,,,False,,False,,,,-0.016292417934656855,False,2075.3591138493753,False,False,0.6187354963768353,0.8920156833511336,0.007161658846618346,False,1.101920101546888
PCAR,323,0.4282366978732332,Paccar,Industrials,SP500,122.12999725341797,-0.0026133091286191235,-0.05494079322799261,-0.09934262762604618,0.07058387794406307,-0.016700731573408012,0.14814814814814814,0.5594541910331384,0.38011695906432746,-0.22807017543859642,-0.11400488830294198,0.3456006995049097,False,-0.05156228742326319,False,-0.04108585102227713,0.028205277518486227,0.042846224624047746,-0.027822219702393847,False,411.5863404349518,False,True,0.514771327226625,0.7754215890405507,0.0012250022835222918,False,0.9963567173296098
PKG,324,0.42808241330780866,Packaging Corporation of America,Materials,SP500,233.5399932861328,0.019291193536751905,-0.05326739005914727,-0.08587757479377967,0.04766276178345996,0.01683943322973791,0.17738791423001948,0.47953216374269003,0.4502923976608187,-0.29239766081871343,-0.09280192700675927,0.2412157092488807,False,-0.06041296549179975,False,-0.03670854823071412,0.05596361392280702,0.03810741615457203,-0.02613653125975479,False,148.97356875686646,False,True,0.6002219124962392,0.9268576480300578,0.0021386413390653836,False,1.0929505911238373
ITW,325,0.42768031189083816,Illinois Tool Works,Industrials,SP500,269.0899963378906,-0.00292725852463549,-0.0575111655146997,-0.08801600161182788,0.08175323566008874,-0.05132289676816504,0.17348927875243664,0.580896686159844,0.2884990253411306,-0.1949317738791423,,,False,,False,,,,-0.030870913794335042,False,367.1861700425751,False,False,0.5558712248904955,0.9165382269262469,0.002408455182763891,False,1.279831345305195
ESS,326,0.4267056530214425,Essex Property Trust,Real Estate,SP500,277.2900085449219,-0.006129001631104414,-0.037755506735057676,-0.0345391288788357,0.0070135552029733095,0.10421707223438625,0.4074074074074074,0.3840155945419103,0.621832358674464,-0.16374269005847958,,,False,,False,,,,-0.020872478548266793,False,135.30204229580625,False,False,0.9695078957730067,1.4778602536241372,0.004265241725470492,False,1.825129158364425
BSX,327,0.4254385964912281,Boston Scientific,Health Care,SP500,48.369998931884766,0.006031553448127669,0.004151977798255269,-0.01466696309768023,0.014258761265615538,-0.33014818522154243,0.5282651072124757,0.3996101364522417,0.025341130604288498,0.32748538011695905,,,False,,False,,,,-0.006294469348889553,False,939.3291304099647,False,False,0.9227412100391285,0.7969037467160182,-0.0035358148329515116,False,0.8434275443962346
PNW,328,0.42500196680040914,Pinnacle West Capital,Utilities,SP500,97.37999725341797,-0.0028671554187136294,-0.013273940172066068,-0.040118283068068084,-0.01131453013433148,-0.0374137983305145,0.37816764132553604,0.33723196881091616,0.3216374269005848,0.0,-0.10153199609296581,0.1779469112303167,False,-0.017718028033727573,False,-0.05213419475853531,0.0045632343462287395,0.05500166212373747,-0.006574476067527146,False,120.48933642312622,False,True,0.646779145027295,0.7401269423633832,-0.007167771363788211,False,0.6325838611207414
EQIX,329,0.42417153996101364,Equinix,Real Estate,SP500,1019.239990234375,-0.008125785443293787,-0.05591833711831473,-0.026076349112831188,-0.04910858064865864,0.06205647552412685,0.4580896686159844,0.23196881091617932,0.5419103313840156,-0.01364522417153996,,,False,,False,,,,-0.029739804114063517,False,625.4670294474699,False,False,0.849666025231419,1.0408597610185826,-0.008914035217557736,False,1.2423045362376828
FAST,330,0.42256663082719254,Fastenal,Industrials,SP500,47.93000030517578,-0.01682050656049683,-0.06295212364898939,-0.03580766067350161,0.03730130116709329,0.043502403502768905,0.40545808966861596,0.45419103313840153,0.5009746588693957,-0.14619883040935672,-0.08495610294380573,0.24438984938643937,False,-0.057664703133446515,False,-0.010738315865032155,0.06802288739355467,0.010854878984241534,-0.035471601892306026,False,381.7175019806442,False,True,0.8614165411557898,0.8042651817679777,-0.0024615165514824122,False,0.9266473280278639
COST,331,0.4217348927875243,Costco,Consumer Staples,SP500,928.47998046875,-0.01221332954120069,-0.028908520676894534,-0.02043571832685176,-0.033138743510070956,-0.07492941055134694,0.5029239766081871,0.2787524366471735,0.253411306042885,0.12280701754385964,,,False,,False,,,,-0.01632812076409007,False,2071.9612147622865,False,False,0.8659219599892045,0.9446663168306717,-0.0015639300650214238,False,0.9810313755654348
GOOGL,332,0.42143113139100863,Alphabet Inc. (Class A),Communication Services,SP500,337.1199951171875,0.006268300914516356,-0.014269020125182719,-0.10732159257072926,-0.06035999912217738,0.11357763043984037,0.12085769980506822,0.2124756335282651,0.6471734892787524,-0.07407407407407407,-0.16218432259195303,0.4657145076738147,False,-0.023311945790710942,False,-0.033293905608369645,0.006004563591052392,0.03444056658122374,-0.011476133855966353,False,10385.089055281554,False,True,0.5326884170852657,0.857414452359427,-0.0028654751553912616,False,0.748097458380283
MSTR,333,0.42068243603528,Strategy (MicroStrategy),Information Technology,NDX,123.19000244140625,-0.013532950425857448,0.0,0.2615463442543706,-0.026550774629198193,-0.15876809350165655,0.9883040935672515,0.29239766081871343,0.1267056530214425,0.290448343079922,-0.6575106296943185,0.4966590462320375,False,0.10996484149401842,True,0.21562763650737993,-0.1177014945952296,-0.17737967617032768,-0.0005454712282936258,True,2407.4371617294923,True,False,1.1408726860949507,1.171931536157467,-0.012251752185676756,False,0.6274429488343559
GOOG,334,0.41854605372424586,Alphabet Inc. (Class C),Communication Services,SP500,333.7799987792969,0.005270608096960672,-0.015688608753945954,-0.11074998440989603,-0.061007414891183886,0.10138791978992345,0.11306042884990253,0.21052631578947367,0.6159844054580896,-0.08187134502923976,-0.16303909479412038,0.4484340573206169,False,-0.025744316133389678,False,-0.03750717684975191,-0.0006234682242882705,0.03896878599779119,-0.011989808852369221,False,6939.9896898302,False,False,0.4808682730548713,0.8788718884125728,-0.0037948672416872054,False,0.6395724245756363
DUK,335,0.4185185185185185,Duke Energy,Utilities,SP500,120.55999755859375,0.0014120622128679372,-0.010911492638563725,-0.021324627137208396,0.004791665222730002,-0.06982915320643834,0.4951267056530214,0.37816764132553604,0.26120857699805067,0.10136452241715399,,,False,,False,,,,-0.004548522429612678,False,509.7725677510943,False,False,0.9789801009334194,0.8565782066467633,-0.0014120622128679372,False,0.8306427102798641
REG,336,0.4175963076600319,Regency Centers,Real Estate,SP500,75.80999755859375,-0.003286878885414235,-0.007462682840024715,-0.04557475428268565,0.002831100035565415,-0.029240409387810695,0.3489278752436647,0.37037037037037035,0.341130604288499,0.007797270955165692,-0.08309146977775195,0.16284451366188124,False,-0.005287840239859398,False,-0.03938024665766071,0.010510366241744284,0.04099462510597229,-0.001376580068857769,False,104.38628248106384,False,True,0.8887821466971629,0.8808680684566914,0.0049961201026829105,False,0.7793459718933816
DAL,337,0.41695906432748536,Delta Air Lines,Industrials,SP500,78.13999938964844,0.023042710127247457,-0.05946078878827987,-0.15770181936846506,-0.005674817694309331,0.2304677168446747,0.056530214424951264,0.3469785575048733,0.8401559454191033,-0.6003898635477583,,,False,,False,,,,-0.030101284288747254,False,539.3643644769475,False,False,0.6641872166535745,0.9015073376370232,0.014663560969582434,False,0.7874490538740718
AEP,338,0.4160818713450292,American Electric Power,Utilities,SP500,123.56999969482422,0.004960967915529135,0.0017023272003375833,-0.02991205426839927,-0.01424438811192108,-0.06070222635239997,0.43664717348927873,0.32748538011695905,0.26900584795321636,0.12280701754385964,,,False,,False,,,,0.0019437040419389984,False,546.1576506050577,False,False,0.8337671198548411,0.7546920061721196,-0.0017078650458380862,False,0.6509834589961068
COO,339,0.4149979457862395,Cooper Companies (The),Health Care,SP500,69.7300033569336,0.006495447251237518,-0.040588840614411925,-0.06640780455675765,0.15561821645012008,-0.14942668331769393,0.2300194931773879,0.746588693957115,0.13840155945419103,-0.07797270955165692,-0.173031266493069,0.18226524072790218,False,-0.05955178903669334,False,-0.039928356004008014,-0.04999024673546948,0.041588933756879776,-0.02622769238508027,False,151.89955650523376,False,False,0.721088312454671,0.7276184485174277,0.00043300779193766736,False,0.746157529056507
OTIS,340,0.4132024755461149,Otis Worldwide,Industrials,SP500,70.83000183105469,0.0032578379873180463,-0.02114426155875404,-0.032328471504397216,0.019155176901419546,-0.21348229887643844,0.42300194931773877,0.41130604288499023,0.07017543859649122,0.1617933723196881,-0.23423323848231548,0.02768001195513503,False,-0.015302640512623089,False,-0.01767216019057971,-0.10637484356845617,0.017990083833935078,-0.007052276107826105,False,254.9149206164856,False,False,0.8308121623150391,1.1409498734406074,0.0021246675512873736,False,1.1092501749941197
IEX,341,0.4126705653021442,IDEX Corporation,Industrials,SP500,224.61000061035156,0.00785246340845025,-0.04376516159057009,-0.05582411540362864,0.046461331904121383,0.08360273644263638,0.28654970760233917,0.4756335282651072,0.5867446393762183,-0.13840155945419108,,,False,,False,,,,-0.02185386305142234,False,151.5743995800096,False,False,0.9981539306357438,0.8862199513681553,0.002153799363836084,False,0.9048586985980733
SNA,342,0.4110848871056565,Snap-on,Industrials,SP500,380.5899963378906,-0.0016002514417794433,-0.042492739714195205,-0.08459304335596707,0.014736295493359197,0.005384549216925771,0.18128654970760233,0.4015594541910331,0.4327485380116959,-0.23391812865497075,-0.08671067862877713,0.21454526083144398,False,-0.04203307151546021,False,-0.05144721492131343,0.024667151032568446,0.054237587755378014,-0.021988490573945807,False,133.9585521182251,False,True,0.5289607082064799,0.7777364467589815,0.0025445991333712392,False,0.6786240757380881
FRT,343,0.41089126653205016,Federal Realty Investment Trust,Real Estate,SP500,117.94000244140625,0.007775815360175464,0.003061750338027913,-0.039732920253570225,-0.003268871060194134,0.09173905551271067,0.3840155945419103,0.3567251461988304,0.5984405458089669,-0.1617933723196881,-0.07228816967322504,0.28253013652521886,False,0.00393694682972634,True,-0.025940631934706637,0.0768520293180881,0.026631469071778158,0.005553385387599752,False,98.47148247331238,False,True,0.9686473708480176,0.8536507200859863,0.005126877556006937,False,0.9518639070816597
AMT,344,0.4106237816764132,American Tower,Real Estate,SP500,172.9199981689453,-0.017611669289117504,-0.015990426375190436,-0.013295302887615934,-0.04208395134109688,-0.0759178616486772,0.5360623781676414,0.25146198830409355,0.25146198830409355,-0.005847953216374269,,,False,,False,,,,-0.011797988650815161,False,503.8988472785794,False,False,0.6167684771268338,0.8480986449161234,-0.0006817996424474115,False,0.8666214511971241
PODD,345,0.4100197554174425,Insulet Corporation,Health Care,SP500,148.13999938964844,-0.0016175056292363488,0.033198454071238004,-0.11197702382463792,0.03377527030576877,-0.39009428234219057,0.10916179337231968,0.44639376218323584,0.005847953216374269,0.21052631578947367,-0.580125853652292,0.11166145502166591,False,0.020704852493606873,True,-0.040639731526484035,-0.3012747051732372,0.0423612826817894,0.009638023328117473,False,250.2386630186157,False,False,0.6047581874624153,1.3880153409470786,-0.002561024870653017,False,0.6709885259094699
LNT,346,0.40614996634585965,Alliant Energy,Utilities,SP500,67.73999786376953,-0.002650181243056604,-0.017121304940885484,-0.04132473318715191,-0.03580852254673428,-0.04887861988468478,0.3664717348927875,0.27485380116959063,0.2962962962962963,0.05263157894736842,-0.12527090166833454,0.09787092239009154,False,-0.018317800086111946,False,-0.06082384567455845,-0.02591536362895852,0.06476297912210605,-0.008394654347891661,False,174.9005431217041,False,False,0.7783986270958067,0.9115881767906594,-0.000588941646138541,False,0.9383391180733501
EXR,347,0.405763599332162,Extra Space Storage,Real Estate,SP500,139.92999267578125,-0.0013559980590017728,-0.028870870760203116,-0.06626189706477548,-0.011104629031544966,-0.04834194989378171,0.23196881091617932,0.3391812865497076,0.2982456140350877,-0.19298245614035092,-0.08452739883428251,0.14323199191374636,False,-0.03966786754277596,False,-0.04619285999150802,0.003812882593073219,0.04842997924202663,-0.01952935180404236,False,161.41241720986937,False,True,0.5342266450216127,1.0511727855477855,-0.0026405590214163555,False,1.067724665739554
PSA,348,0.40506822612085774,Public Storage,Real Estate,SP500,301.3299865722656,-0.005051835347349876,-0.05054040643949087,-0.07706209811837705,0.007150537776989818,-0.011375313351274952,0.20272904483430798,0.38596491228070173,0.391812865497076,-0.2241715399610137,,,False,,False,,,,-0.033357232051542174,False,331.7552362713249,False,False,0.5642756511528237,1.0539017184499482,-0.00650455919701054,False,0.8392193436282065
DTE,349,0.40316785985891485,DTE Energy,Utilities,SP500,136.0500030517578,-7.345661484103871e-05,-0.01205434304827624,-0.040008454135668,-0.03298303328118024,-0.07928060124412428,0.38011695906432746,0.2807017543859649,0.24366471734892786,0.042884990253411304,-0.11901826391076364,0.08280471827008662,False,-0.0129036923178657,False,-0.05605262294838542,-0.0291414787012374,0.05938108872494974,-0.003645455074383963,False,185.45143663696288,False,False,0.7305352082293877,0.8971504274514316,0.0008084713532658938,False,0.908987721046813
AZO,350,0.40228323674157984,AutoZone,Consumer Discretionary,SP500,2934.52001953125,-0.010556929348273458,-0.021500493654134756,-0.030881467112576333,-0.041523324634596404,-0.2105138500050444,0.43079922027290446,0.253411306042885,0.07407407407407407,0.17543859649122806,-0.3261010363420541,0.0037694611018470603,False,-0.027173642525833985,False,-0.03477483370615886,-0.13442470443948829,0.03602769065759359,-0.013924421181261581,False,832.7400793256836,False,False,0.6195481782981641,1.126801914212736,0.00019887981929600507,False,1.1100731084170223
FIS,351,0.3999820802629394,Fidelity National Information Services,Financials,SP500,41.869998931884766,0.025471394910373757,0.030265737222171962,-0.053999084507096895,0.03642042263901368,-0.14712036530952022,0.29239766081871343,0.4522417153996101,0.14035087719298245,0.27680311890838205,-0.37329547135039787,0.11002114466804036,False,0.0058979456648429185,True,0.002787759672719714,-0.14841860498436754,-0.0027800096738611613,0.01621505361595621,False,248.69868598500062,True,False,0.8923671172255888,0.8972964093745025,0.0056331014431010296,False,1.1412397175103863
CLX,352,0.3988304093567252,Clorox,Consumer Staples,SP500,94.2699966430664,-0.007370796763600751,-0.09555796213264367,-0.08883844970295085,0.07727642591495187,-0.17760815736317215,0.17153996101364521,0.5769980506822612,0.10331384015594541,-0.2378167641325536,,,False,,False,,,,-0.059264767886067715,False,262.12631289447086,False,False,0.5730086048965355,1.972535357344172,0.005686015674280398,False,0.9791675997065751
AFL,353,0.39873294346978555,Aflac,Financials,SP500,117.23999786376953,0.010515439200161625,-0.001787987142862102,-0.058486185764865084,0.029086948977665505,0.05299258603057844,0.2709551656920078,0.4405458089668616,0.5243664717348928,-0.1442495126705653,,,False,,False,,,,0.0010318822306802922,False,247.6560324142456,False,False,1.2048751636556616,1.3451226551370405,0.002758142596820612,False,1.0759775656019026
VMRK,354,0.3984405458089668,Vivmark Residential,Real Estate,SP500,64.91000366210938,-0.005667817464862446,-0.02872958426365213,-0.041069562402561544,-0.008402470076551483,0.05731993703467042,0.3684210526315789,0.341130604288499,0.5321637426900585,-0.08382066276803118,,,False,,False,,,,-0.011311359697381507,False,262.9027303965744,False,False,1.3088675272624277,1.3012495167593299,0.004595635069971182,False,1.1172735680259285
DOW,355,0.39766081871345027,Dow Inc.,Materials,SP500,31.280000686645508,0.026920604951392146,0.03132214854365789,0.03132214854365789,-0.11638419948150291,-0.022941533165904082,0.7095516569200779,0.1442495126705653,0.36062378167641324,0.1286549707602339,,,False,,False,,,,0.013678651969398326,False,302.8326021940932,False,False,1.0627462467031341,0.7773713029569908,-0.006565950807686405,False,0.7695922809613123
TT,356,0.3975633528265107,Trane Technologies,Industrials,SP500,439.0199890136719,-0.0025673177291427596,-0.05261114631835451,-0.07034559102928972,-0.05543488430957544,-0.008925713004707347,0.21637426900584794,0.22612085769980506,0.3996101364522417,-0.007797270955165692,,,False,,False,,,,-0.024611926082134583,False,553.2513559034074,False,False,0.5686741029077393,0.758656383774573,0.0031353059228647062,False,0.6875583874290367
VST,357,0.39748774027745,Vistra Corp.,Utilities,SP500,143.4600067138672,0.03896295489186841,0.024494808001651158,0.0016058855909322212,-0.06592384699137366,-0.11938742421855408,0.5964912280701754,0.20077972709551656,0.17738791423001948,0.10526315789473684,-0.33894339025654996,0.06644571256676346,False,0.015293858631394208,True,-0.04604589496359246,-0.09060183412692158,0.048268459373981276,0.025849112992551104,False,643.2960719251099,False,False,0.5797790605085543,0.8931336255893239,-0.001882926588848477,False,1.1080712311513836
MAA,358,0.3965821379557513,Mid-America Apartment Communities,Real Estate,SP500,128.61000061035156,-0.005797773627561176,-0.02197718167033036,-0.03453198612470876,-0.018416914665729367,-0.01559383613905041,0.4093567251461988,0.3138401559454191,0.3840155945419103,-0.10721247563352826,-0.0850340390826616,0.09226051456180406,False,-0.022229992074731086,False,-0.03760112105704372,-0.009804124081704169,0.03907020454797561,-0.010708317643660759,False,132.45202605511474,False,False,0.7909117822735018,0.9053862938419266,0.002396394226430898,False,0.7186839685791248
MCD,359,0.3953216374269006,McDonald's,Consumer Discretionary,SP500,260.95001220703125,-0.0006126657481745346,-0.01545417805119842,-0.020627524723376367,-0.03836655209130402,-0.20242599960600782,0.49902534113060426,0.26120857699805067,0.07797270955165692,0.07992202729044834,,,False,,False,,,,-0.009225496197138416,False,1236.5892847678672,False,False,0.7555478326428035,1.0857619980142683,0.0032553565593103073,False,1.1136864227058634
MAS,360,0.394784482381839,Masco,Industrials,SP500,70.94000244140625,0.00982209881005347,-0.036141251193777424,-0.07562145352014993,0.02431137882867196,0.04605888868713781,0.20857699805068225,0.42300194931773877,0.5087719298245614,-0.20857699805068225,-0.13916756261028018,0.22171113832375933,False,-0.03599417556124407,False,-0.06756476176652348,0.029744350683758025,0.0724605409535215,-0.018126339704856886,False,181.61443615705872,False,True,0.6623631702346294,0.7717387112621623,0.00967971964663028,False,0.8077670911006198
WEC,361,0.39385964912280697,WEC Energy Group,Utilities,SP500,105.7300033569336,-0.0044255518344096245,-0.016648003553004553,-0.02378353536743183,-0.030880102501968043,-0.0849401404986454,0.47368421052631576,0.28460038986354774,0.2300194931773879,0.1111111111111111,,,False,,False,,,,-0.009789659004754259,False,242.97668824763397,False,False,1.00927034387119,0.9166417854222882,-0.002071502802545422,False,0.8033372030085727
EME,362,0.3905458089668616,Emcor,Industrials,SP500,734.260009765625,-0.0013464675068004528,-0.03841068643945933,-0.10442990999570156,-0.12495016519224977,-0.007916142590846165,0.1267056530214425,0.1286549707602339,0.4015594541910331,0.017543859649122806,,,False,,False,,,,-0.030351469101000284,False,346.3333995333924,False,False,0.6075863285369957,0.9566004281160139,-0.0003400204012240504,False,0.6716517857142857
EXC,363,0.39005847953216377,Exelon,Utilities,SP500,43.970001220703125,0.0031941451927852693,-0.010575999561876381,-0.040794042880891945,-0.015450120573806903,-0.0988119362576676,0.3742690058479532,0.3255360623781676,0.20662768031189083,0.02729044834307992,,,False,,False,,,,-0.005256949802475597,False,374.01014982642346,False,False,0.8318839322547898,1.0479494569444787,-0.003878667044045825,False,1.4810827776950979
AME,364,0.38937621832358676,Ametek,Industrials,SP500,233.19000244140625,0.008084018061466303,-0.04898040235037626,-0.08210982231754482,0.02326438448923196,-0.0035765992412563063,0.18908382066276802,0.4171539961013645,0.4093567251461988,-0.15204678362573099,,,False,,False,,,,-0.02367032586309059,False,289.9127304714592,False,False,0.8260145660475302,1.205734221284587,0.0073923197342864455,False,1.101899161612923
CMS,365,0.38864456857140356,CMS Energy,Utilities,SP500,68.05999755859375,0.001471431363570197,-0.01690027071510558,-0.04350686557741534,-0.022938507433522992,-0.11492415337851403,0.3586744639376218,0.30214424951267055,0.18128654970760233,0.11306042884990253,-0.13507478105536896,0.007077276097081642,False,-0.020846245943862307,False,-0.05890674167702781,-0.06191173150158369,0.06259394715248479,-0.007340786677941025,False,255.9622232588501,False,False,0.7723436089746347,0.7449342369279291,-0.0030900395424025007,False,0.7867689679968201
EMR,366,0.3875243664717348,Emerson Electric,Industrials,SP500,148.97999572753906,0.009144420511251639,-0.05881608410813777,-0.058894285104276745,0.0610819510325864,0.03360218383335756,0.26705653021442494,0.5282651072124757,0.4873294346978557,-0.23976608187134496,,,False,,False,,,,-0.029539640106524767,False,409.4238391891791,False,False,0.9266881986685426,0.8720654905101615,0.0025739322052118485,False,1.0502316240122462
ZTS,367,0.38547758284600386,Zoetis,Health Care,SP500,76.16999816894531,-0.013980606227245174,-0.017414841751568155,0.0017095903715516059,-0.011457924586758095,-0.3884202009589004,0.5984405458089669,0.33528265107212474,0.007797270955165692,0.32943469785575047,,,False,,False,,,,-0.0037442076742204566,False,467.462981351035,False,False,1.3510407494231147,0.7351524558902754,0.00271843475045519,False,0.7178505807489167
F,368,0.38468561788127514,Ford Motor Company,Consumer Discretionary,SP500,14.140000343322754,0.02167631412047122,0.017266239667556027,0.0037318558092584997,-0.09018833401823967,0.12984435560755614,0.6042884990253411,0.16374269005847952,0.6783625730994152,-0.723196881091618,-0.18043917628163741,0.2970426074546644,False,0.010713069846232992,True,0.010569038497271643,0.07004062841684666,-0.010458502185053953,0.010516614663500734,False,683.9666064107419,True,True,0.6390912930149469,0.9331749699783958,0.0028901706222559387,False,1.1909657968493148
META,369,0.3838259075691221,Meta Platforms,Communication Services,SP500,592.8499755859375,0.024734673664881024,0.029003298699356028,0.008351146586629055,-0.04748234681738661,-0.11055739753684046,0.6257309941520468,0.2378167641325536,0.19103313840155944,0.021442495126705652,-0.23768911494355527,0.12873677287105112,False,0.03174592721164937,True,-0.0001744136897846582,-0.04611516795085768,0.00017444411522649084,0.02941677756839467,False,10644.513030396973,False,False,0.6533801864300128,0.8580747653064832,0.0004321222551506576,False,0.9229561961215161
ROK,370,0.3835282651072125,Rockwell Automation,Industrials,SP500,425.3599853515625,0.018753111381595522,-0.014800265543572722,-0.0416857403220765,-0.07593128547169337,0.11643783003358155,0.36257309941520466,0.1793372319688109,0.6530214424951267,-0.42884990253411304,,,False,,False,,,,-0.007357528270954483,False,391.0294106301444,False,False,0.6369959953115795,0.9247271908162584,0.00625108585436096,False,0.823163170896882
MPWR,371,0.3821637426900585,Monolithic Power Systems,Information Technology,SP500,1219.3599853515625,-0.005383516424867896,-0.06482193086383459,-0.08664227875550701,-0.2773372637400734,0.11341200971652632,0.17543859649122806,0.037037037037037035,0.645224171539961,-0.01949317738791423,,,False,,False,,,,-0.04509400432091715,False,1191.150119936324,False,False,0.561014963689575,0.6483439287693569,-0.0008482471086512788,False,0.4422201434362332
VRT,372,0.3819688109161794,Vertiv,Industrials,SP500,256.70001220703125,0.0028519396134185637,-0.02695115961245298,-0.049012635971286134,-0.22533968505577306,0.022025336588227917,0.32748538011695905,0.05263157894736842,0.4619883040935672,0.007797270955165692,,,False,,False,,,,-0.01869123064085665,False,1613.9378315184613,False,False,0.5491570592016652,0.6934865540641807,-0.003906707798691511,False,0.5096603089005272
FFIV,373,0.38118908382066274,"F5, Inc.",Information Technology,SP500,391.0799865722656,-0.011725499429202868,-0.021296853884272382,-0.051352367320156134,-0.03594147058675279,0.3668390648898521,0.3079922027290448,0.2729044834307992,0.9239766081871345,-0.6081871345029239,,,False,,False,,,,-0.012790227983788482,False,250.32628155168806,False,False,1.1111520529964218,0.9014098238215942,0.007202077465692902,False,0.5754361766801545
TXN,374,0.3800194931773879,Texas Instruments,Information Technology,SP500,254.8000030517578,0.005763032821394454,-0.026626375270046854,-0.10164651600583086,-0.17008132009498267,0.2718310364412253,0.1364522417153996,0.07992202729044834,0.8635477582846004,-0.2884990253411306,,,False,,False,,,,-0.024293255270225855,False,2189.6697913086564,False,False,0.5513858017011722,0.7254941158133675,0.0,False,0.492319590005185
ISRG,375,0.37855750487329437,Intuitive Surgical,Health Care,SP500,371.8800048828125,0.0071225589243397724,0.003941448631697542,0.009802633874156363,-0.08694051638687283,-0.25799112032114635,0.6335282651072125,0.16764132553606237,0.04873294346978557,0.12475633528265107,,,False,,False,,,,-0.007063393647621097,False,1199.7486811651736,False,False,0.6451885209284104,0.5988739573411468,-0.0006770480704130222,False,0.6434176602308057
PDD,376,0.3784600389863547,PDD Holdings,Consumer Discretionary,NDX,82.25,-0.011061659122277412,-0.051763868738172514,-0.09645170709695461,-0.03688526311002882,-0.1871726651293778,0.15204678362573099,0.26900584795321636,0.08771929824561403,0.12085769980506822,,,False,,False,,,,-0.0331995015613481,False,587.5713348107786,False,False,0.7717687864657246,1.1498000879419066,-0.007574813842585848,False,0.7214665593013353
PEG,377,0.37737698756108007,Public Service Enterprise Group,Utilities,SP500,73.31999969482422,-0.002177512994006703,-0.009590694261516264,-0.0386783411312811,-0.048779384536383086,-0.1115271921133354,0.391812865497076,0.23391812865497075,0.18908382066276802,0.04093567251461988,-0.14259049363995546,0.00977825476524563,False,-0.015554838526909087,False,-0.05520334693880502,-0.07473041278687387,0.0584288129725512,-0.004586010681654096,False,226.03406315226746,False,False,0.8169136730921622,1.2865900130140624,0.00013601668997464955,False,1.4241979047222293
STZ,378,0.3770819674997159,Constellation Brands,Consumer Staples,SP500,129.35000610351562,-0.009798658282568096,-0.03793224961313946,-0.01575096708469459,-0.037154985767023474,-0.1322459881224184,0.5224171539961013,0.2651072124756335,0.1539961013645224,0.16374269005847952,-0.21262818121098415,0.034808322747209575,False,-0.031013514453067548,False,-0.028872430527789983,-0.09785537215356332,0.02973083190654502,-0.018378156895993647,False,277.3448105879822,False,False,1.0552872556982598,1.0493929914738804,0.009033090650496511,False,1.1219210923662686
CSGP,379,0.37660818713450295,CoStar Group,Real Estate,SP500,31.260000228881836,-0.022514050145735043,-0.027380185982518346,0.04828975683415426,-0.0640718921925485,-0.3432772850638409,0.7543859649122807,0.2046783625730994,0.015594541910331383,0.15009746588693956,,,False,,False,,,,-0.0195475335151436,False,220.26884580003,False,False,1.2499844718241007,1.718294300034513,-0.0003127025961532359,False,0.7017165503443683
MAR,380,0.3753411306042885,Marriott International,Consumer Discretionary,SP500,333.1400146484375,-0.004214536529601687,-0.07117962980878167,-0.03297511271131326,-0.1139561700856967,-0.004358126488093195,0.4171539961013645,0.15204678362573099,0.4074074074074074,-0.15594541910331383,,,False,,False,,,,-0.037770018081138224,False,576.8462162867331,False,False,0.5603308536287757,0.9176190457885174,0.004453806026964102,False,0.7876635746494353
FDX,381,0.37417153996101365,FedEx,Industrials,SP500,316.5400085449219,-0.025671005332873476,-0.0578885748229746,0.010212587746316615,-0.020747361581821666,0.030746555121191177,0.6393762183235867,0.3079922027290448,0.4834307992202729,-0.23196881091617938,,,False,,False,,,,-0.030373783781036612,False,559.6470399766572,False,False,0.8703690282808384,0.8279887614169134,0.0017852332047176844,False,0.7108848010484381
MSCI,382,0.3730504637278298,MSCI,Financials,SP500,560.6300048828125,-0.004368789812162044,-0.006362706048562483,-0.015459938944843987,-0.08302897783772878,-0.013458113522706094,0.5243664717348928,0.17153996101364521,0.3898635477582846,-0.10916179337231968,-0.1261123789461226,0.10755776798465466,False,-0.0073195866617887795,False,-0.027575326975152636,-0.014939115128079217,0.028357288477035558,-0.008751212653825391,False,401.94797990100096,False,False,0.5432827678939045,0.5636941678075271,7.099757665218753e-05,False,0.5602493758551138
TSLA,383,0.37154433168122103,"Tesla, Inc.",Consumer Discretionary,SP500,357.010009765625,0.002583654236838928,0.03235788041296073,0.09060639410139548,-0.15739910436636884,-0.1205350356740067,0.8693957115009746,0.09746588693957114,0.17543859649122806,0.04678362573099415,-0.2712296762325954,0.1967350529648555,False,0.03684775382058225,True,-0.0037443343253045214,-0.10741372162104745,0.0037584070578597917,0.009616365319703668,False,13995.816854255127,False,False,0.7440475907136392,0.998500885281577,0.012131785134787965,False,0.8598177505421999
ETN,384,0.3695906432748538,Eaton Corporation,Industrials,SP500,390.8500061035156,0.0003583595288056962,-0.06816230252593636,-0.11906906463844535,-0.06979500933083116,0.11188721883494424,0.09551656920077972,0.19298245614035087,0.6432748538011696,-0.24951267056530213,,,False,,False,,,,-0.04084090869276902,False,907.4940869370441,False,False,0.6049814671726089,0.8450942825965424,0.0014589013249850513,False,0.7353394706771013
NXPI,385,0.36947656885112634,NXP Semiconductors,Information Technology,SP500,228.5,0.027428085750554665,0.023974932779955216,-0.0382996880040104,-0.2877000852478099,0.0651429680215474,0.3937621832358674,0.031189083820662766,0.5458089668615984,-0.015594541910331383,-0.3108032443431238,0.2568233447400201,False,-0.0005423776550951276,False,-0.09709061714866285,-0.05651836974168678,0.1075308541395994,0.012469414324139283,False,992.8656320222779,False,False,0.45038826522186154,0.7581677063465005,0.0031475369884994553,False,0.6906192002954155
LRCX,386,0.36900584795321634,Lam Research,Information Technology,SP500,288.32000732421875,-0.006478307387083437,-0.07849653916936161,-0.09259137601299461,-0.1605623611198852,0.2938835707887091,0.16764132553606237,0.09161793372319688,0.8927875243664717,-0.7524366471734893,,,False,,False,,,,-0.0520672620460898,False,3556.5643868522175,False,False,0.5210773459352414,0.6179754687573206,0.004479626941026105,False,0.4405271927190156
CNP,387,0.36848967211251843,CenterPoint Energy,Utilities,SP500,39.5099983215332,0.0010133544361052849,-0.0020207585437318487,-0.04410506279720272,-0.04318455852926972,-0.09214636684870237,0.35282651072124754,0.2475633528265107,0.21832358674463936,0.029239766081871343,-0.11753740896707587,0.08275936184650501,False,-0.007615896779342157,False,-0.05606548725842997,-0.03665343988453118,0.05939552638624579,-0.0003061581594158147,False,273.6471574570465,False,False,0.8476695362710835,0.9824190871993266,-0.0002534110950375146,False,0.7593091038649585
KEYS,388,0.36765006687121393,Keysight Technologies,Information Technology,SP500,321.5799865722656,0.007235248028573116,-0.0009010114310787909,-0.05761342229732869,-0.08245840991824738,0.06865602892009948,0.27485380116959063,0.17348927875243664,0.557504873294347,-0.05458089668615984,-0.13864040893914753,1.0163018088681985,False,-0.031303890159701364,False,-0.01762163398860883,0.12034293658468509,0.01793772603132071,-0.0037043308322728397,False,473.18627184783935,False,True,0.826036129315022,0.902887864611047,-0.0038524775615453866,False,0.47042503591475954
BA,389,0.3659844054580896,Boeing,Industrials,SP500,208.8699951171875,0.015608243693080892,-0.015182239975020773,-0.11928659178647882,-0.008120461102660181,-0.08112270748959449,0.09161793372319688,0.34307992202729043,0.2378167641325536,-0.14035087719298245,,,False,,False,,,,-0.012477902842803146,False,1242.0378876415332,False,False,0.5386879245866062,0.9327467029664462,0.00651559036287952,False,1.1437206068874137
MRVL,390,0.36296514829675086,Marvell Technology,Information Technology,SP500,206.47999572753906,-0.018584550945636602,-0.15760272851625567,-0.055400525244678867,-0.31532922034533595,1.6461048001870986,0.2884990253411306,0.02729044834307992,0.9980506822612085,-0.9103313840155945,-0.34730925570658777,2.320813619242887,False,-0.07994761200276035,False,-0.07475632752373906,0.3728989336075612,0.08079636721391048,-0.06468143660382097,False,5940.478588553955,False,True,0.6441676284428182,1.1524995520666375,-0.02443081612510012,False,0.564942391931555
ROST,391,0.3619883040935672,Ross Stores,Consumer Discretionary,SP500,230.85000610351562,0.007023209613383097,-0.02293984877866717,-0.08049865232059283,-0.005663235854414306,0.0855852245464328,0.19883040935672514,0.3489278752436647,0.5925925925925926,-0.24561403508771934,,,False,,False,,,,-0.011251895731154149,False,649.1734274625505,False,False,0.8498750719540683,0.823486627380533,0.005103813212830266,False,0.8087140817708923
STX,392,0.36120857699805065,Seagate Technology,Information Technology,SP500,808.5399780273438,-0.009918735888273633,-0.04469678427648638,-0.0435440925317111,-0.13986918233570655,1.1613500982893967,0.3567251461988304,0.11500974658869395,0.9844054580896686,-0.5633528265107213,,,False,,False,,,,-0.029132794968724007,False,4175.345292546237,False,False,0.8754039731745374,0.6908199014214221,-0.013200466672596,False,0.5411650468501522
SRE,393,0.36081871345029237,Sempra,Utilities,SP500,83.79000091552734,-0.005577987286817687,-0.017471832611367866,-0.03300635383713635,-0.05742418191756726,-0.1091609534525102,0.4152046783625731,0.2222222222222222,0.1968810916179337,0.08382066276803118,,,False,,False,,,,-0.0048645164733789326,False,332.6343614173266,False,False,1.4029768881192966,1.6634193323767037,-0.007951647060922107,False,1.761333659573492
UAL,394,0.3590512154826528,United Airlines Holdings,Industrials,SP500,108.3499984741211,0.03555386904668589,-0.05643127452412122,-0.18300405320947732,0.03053071241304095,0.07832399337439355,0.02729044834307992,0.442495126705653,0.5789473684210527,-0.5282651072124755,-0.20395270010835076,0.2715643661339402,False,-0.08059925141641655,False,-0.1155333181972591,0.0021967734098735647,0.13062483932325897,-0.02513469288673853,False,502.5337063717804,False,True,0.7069067243715831,0.8465791529405768,0.020739805555800572,False,1.0194597338370999
PHM,395,0.3584795321637427,PulteGroup,Consumer Discretionary,SP500,123.69999694824219,0.004629251259147482,-0.04868108813719796,-0.06060142900514265,0.0576092050113135,-0.060169836665906584,0.25925925925925924,0.5185185185185185,0.2709551656920078,-0.16179337231968816,,,False,,False,,,,-0.023116453807066284,False,214.25710602786003,False,False,0.8756280788835883,0.8306357330044705,0.006903322687209945,False,0.6859675930308174
CPT,396,0.35743843914719536,Camden Property Trust,Real Estate,SP500,105.54000091552734,-0.003963742663025904,-0.019236127526098157,-0.049446076953332585,-0.021883658977591147,-0.009897702672545083,0.3235867446393762,0.30409356725146197,0.39766081871345027,-0.18128654970760233,-0.10239837326101653,0.11454157916511742,False,-0.024214342767240438,False,-0.052807675058194725,-0.003553380373822912,0.055751797884805665,-0.010870216033345037,False,103.10705348973083,False,False,0.8554944452168054,0.9696534075778799,0.00453004304530924,False,0.8479678551236292
ARE,397,0.35733135779158914,Alexandria Real Estate Equities,Real Estate,SP500,52.720001220703125,0.021111759249236917,-0.004719652524800888,0.07878048645314095,0.0417746899283562,0.012610822972075608,0.8518518518518519,0.46588693957115007,0.4444444444444444,-0.341130604288499,-0.3604167754217569,0.3217467881709666,False,0.04554426322822036,True,0.040141382072743426,0.072641079701951,-0.0385922363676674,0.016401152681894127,False,97.13395180902863,True,True,1.0862810036718515,0.8657822074148182,0.0029052432322003163,False,0.8627940817751311
INTC,398,0.35707785907219475,Intel,Information Technology,SP500,90.05000305175781,0.012138943646584632,0.020512298637888504,-0.10717824205014215,-0.20104690104497192,0.9756472012777477,0.12280701754385964,0.0682261208576998,0.9785575048732943,-0.3684210526315789,-0.36107562443675434,2.7520834604899087,False,-0.04857494178997057,False,-0.11843423616023419,0.22402518898033597,0.13434532171982227,-0.0050731204398462015,False,10964.281297412705,False,True,0.5129287481720396,0.7218810476897342,-0.0013488001004332562,False,0.5644375386370633
VICI,399,0.3567124712628607,Vici Properties,Real Estate,SP500,25.610000610351562,0.0027407866998807595,-0.014999976524939895,-0.03685594346041965,-0.045442146305882614,-0.11461551299651485,0.4015594541910331,0.24171539961013644,0.18323586744639375,0.029239766081871343,-0.18845255245481174,0.0027407866998807595,False,-0.02051898309201272,False,-0.030885995345659945,-0.06264849096761815,0.031870342598832035,-0.010281350898990516,False,255.09137755176545,False,False,0.7513193508259843,0.8768070324272805,0.0,False,0.8163506598498417
RDDT,400,0.35662899151216365,Reddit,Communication Services,SP500,158.10000610351562,0.09305867512904942,0.017636492548916083,-0.011689661204712709,-0.06720159903533562,0.07339271715752438,0.5458089668615984,0.19883040935672514,0.5672514619883041,0.02729044834307992,-0.4159801592334249,0.29760350341005903,False,0.01241996092791231,True,-0.07097270465352645,-0.09603753815673322,0.0763946387894423,0.030560203962773702,False,1020.657605582367,False,False,0.9476086101655671,0.6326697465885792,-0.004286470684483956,False,1.0287590160902533
AMD,401,0.3541189171234015,Advanced Micro Devices,Information Technology,SP500,457.05999755859375,-0.005548155771720742,-0.04963299332690907,-0.11863168171517047,-0.1575241814053161,1.261889350185685,0.09941520467836257,0.09551656920077972,0.9883040935672515,-0.8810916179337231,-0.21319994717171686,2.024083627129469,False,-0.04209111558166834,False,-0.08887977812454595,0.34919127691500873,0.09755000052747742,-0.024221605985424333,False,12844.492474682862,False,True,0.5454442443140972,0.5694493652524736,-0.00021752265861030295,False,0.46138441768784894
IP,402,0.35232519515030725,International Paper,Materials,SP500,36.29999923706055,-0.004388366742451466,-0.12297656988757744,-0.13227652613959628,0.09920302866204378,-0.12491648805571132,0.0682261208576998,0.6374269005847953,0.16569200779727095,-0.31189083820662766,-0.23494996372458465,0.26824570748132626,False,-0.09474404076439025,False,-0.0749948351481251,-0.031815983488501676,0.08107504476489535,-0.061250920407531106,False,190.18207989344788,False,False,0.681354179671786,0.9867058989918815,0.0065826024271351535,False,1.0301678613361356
PPG,403,0.35211409190639775,PPG Industries,Materials,SP500,111.30999755859375,0.014676396127077274,-0.02718056860794149,-0.04921659358566344,0.005496811617695219,-0.042204611637769895,0.3255360623781676,0.3820662768031189,0.3157894736842105,-0.2729044834307992,-0.13818473991233715,0.20336065475064213,False,-0.02312771592475371,False,-0.03816103400878357,0.012119624881151925,0.039675075930674986,-0.010398567339930498,False,202.53726192974852,False,True,0.6271129327401868,0.7339879784733462,0.008295384570873976,False,0.8509011977032586
ARM,404,0.352046783625731,Arm Holdings,Information Technology,NDX,234.86000061035156,0.0001703146447720183,-0.06452639650194114,-0.1628884992369518,-0.42971612493511413,0.8923535529397357,0.04873294346978557,0.007797270955165692,0.9766081871345029,-0.9454191033138402,,,False,,False,,,,-0.03932488882177243,False,1541.370693176145,False,False,0.42065604755021724,0.5684712542349055,-0.006153680602792977,False,0.4308898983958304
FTV,405,0.3519790382783067,Fortive,Industrials,SP500,56.599998474121094,-0.003521140239892029,-0.060580938188861566,-0.0646174178791985,-0.06508745765992696,-0.022108706230313024,0.24561403508771928,0.20272904483430798,0.3664717348927875,-0.14230019493177387,-0.11686687925961659,0.20881376103870974,False,-0.05785222672821233,False,-0.06914633374475088,-0.022941283158789627,0.074282710861441,-0.03528970559609468,False,156.39165013280487,False,False,0.7002015345178237,1.0253631177349278,0.010915474299517891,False,0.9927032932729827
TTWO,406,0.3511966887822446,Take-Two Interactive,Communication Services,SP500,216.13999938964844,-0.0024921234280306237,-0.07414863047709319,-0.10024145245478988,0.001575515908630809,0.0017147662319192403,0.14230019493177387,0.3645224171539961,0.42300194931773877,-0.09746588693957114,-0.1759503132097745,0.13943801258799815,False,-0.08734489726436623,False,-0.10159230955688647,-0.052368128981732376,0.11308040952630205,-0.04791878298940555,False,584.3291596703797,False,False,1.1432394661261016,1.6451406597190905,-0.002861339939747909,False,1.0126512086087585
PWR,407,0.35103890768275947,Quanta Services,Industrials,SP500,610.780029296875,-0.0009977025089512592,-0.009647578941034629,-0.11864353636814573,-0.14643152453149355,0.07497330296730498,0.09746588693957114,0.10526315789473684,0.571150097465887,-0.01949317738791423,-0.22205524555042067,0.6410743004867128,False,-0.060083932355257774,False,-0.06848555883783547,0.042664375249832576,0.0735206624949285,-0.016253716399448614,False,809.716214696167,False,True,0.6777366561724819,0.8165331426621383,-0.0037456271898991256,False,0.6465565576790606
VRSK,408,0.35068532067588004,Verisk Analytics,Industrials,SP500,188.16000366210938,-0.031849767157245634,0.0015436661119887507,-0.02406638649483228,0.05800068329769559,-0.12259570845646339,0.4678362573099415,0.52046783625731,0.17348927875243664,0.003898635477582846,-0.3045837762189807,0.20296654746834952,False,0.00814133596953881,True,-0.010637101713555919,-0.03120348038751264,0.010751466152590927,-0.009789045244163463,False,323.27711846896364,False,False,0.9558729341707694,0.6133799197468868,-0.005917206684629139,False,0.5860135480971312
LOW,409,0.3495126705653021,Lowe's,Consumer Discretionary,SP500,199.83999633789062,-0.0010497711105400542,-0.05000952767606748,-0.0836390560345579,-0.031663670232319974,-0.2187756347638774,0.18518518518518517,0.2826510721247563,0.06432748538011696,0.01364522417153996,,,False,,False,,,,-0.03628365480716944,False,643.3774329055475,False,False,0.7463823893109762,1.1361288815666275,0.004748797469382726,False,0.9236525245640937
DOV,410,0.3491228070175439,Dover Corporation,Industrials,SP500,188.89999389648438,-0.0054230443795948435,-0.07700581199854051,-0.10017624690615734,-0.11526392788869477,-0.14639668353934798,0.1442495126705653,0.14814814814814814,0.14230019493177387,-0.037037037037037035,,,False,,False,,,,-0.04093806715600923,False,237.3480633761659,False,False,0.4883037935251546,1.20552991150569,0.0031064688013064945,False,1.149009452936444
ON,411,0.3489676483186042,ON Semiconductor,Information Technology,SP500,72.33999633789062,-0.004267105044421182,-0.01201864064656255,-0.1044813390560404,-0.45986709255624436,0.15688465936515827,0.12475633528265107,0.003898635477582846,0.7270955165692008,-0.023391812865497075,-0.45986709255624436,0.6111357211468289,False,-0.060751289073127324,False,-0.15149074116846362,-0.07344081672290403,0.17853752282806923,-0.02112786575229364,False,898.6819838499146,False,False,0.4200467989320362,0.657192365684042,0.002890558569332624,False,0.6756814308035778
HSY,412,0.3480170281208752,Hershey Company (The),Consumer Staples,SP500,177.42999267578125,0.00812495838512084,-0.04273004136461234,-0.0012003923371762815,-0.023880569450821953,-0.2234437723848277,0.5847953216374269,0.2982456140350877,0.06237816764132553,0.001949317738791423,-0.23734600482395518,0.126119819852625,False,-0.029544945536437273,False,-0.003816175716610082,-0.06501516131482077,0.0038307947023283884,-0.015934075951207882,False,283.13734693041994,False,False,0.6886666592118066,0.7687894506749909,0.0038068077780983867,False,0.6167670535233338
FIX,413,0.3475633528265107,Comfort Systems USA,Industrials,SP500,1560.1300048828125,0.0037056876957990426,-0.03438774674494771,-0.1210242006448966,-0.15626799161297478,0.0922698439381926,0.08966861598440545,0.09941520467836257,0.6023391812865497,-0.06042884990253411,,,False,,False,,,,-0.024893707421283384,False,834.5052395129145,False,False,0.7522598697044397,0.7973213113226331,-0.0008813828892034747,False,0.6724238704775265
IR,414,0.3471734892787524,Ingersoll Rand,Industrials,SP500,75.0,0.00482315934211397,-0.06214831993045489,-0.16143859549153816,0.07061082669138741,-0.1829406953781093,0.05263157894736842,0.5614035087719298,0.09161793372319688,-0.21832358674463936,,,False,,False,,,,-0.03753829274450804,False,333.8667517946204,False,False,0.592087121865485,0.7648825331868645,0.005091067209610278,False,0.8698339277555632
NOC,415,0.3469785575048733,Northrop Grumman,Industrials,SP500,523.8200073242188,-0.017057225945079413,-0.047513418134038976,-0.05027645921942947,-0.004258050877790853,-0.3020728571957164,0.3216374269005848,0.35282651072124754,0.037037037037037035,0.09941520467836257,,,False,,False,,,,-0.03584898709529649,False,460.1087250318878,False,False,0.9758259749957047,0.8288988276927773,0.0036217256350989935,False,0.8865698102507036
UDR,416,0.3456140350877193,"UDR, Inc.",Real Estate,SP500,36.59000015258789,-0.007594217179505702,-0.035328239963263064,-0.04720161231282838,-0.019884938893073856,-0.011273433276141165,0.33723196881091616,0.30994152046783624,0.3937621832358674,-0.14814814814814814,,,False,,False,,,,-0.01742917402371902,False,121.90814376978972,False,False,0.8294728385466795,0.7961870888440162,0.0037971085897527956,False,0.7279098171149768
ADI,417,0.3453281934282643,Analog Devices,Information Technology,SP500,355.7099914550781,0.003356658237288812,-0.04036106626831781,-0.06178512450444695,-0.18478818867635272,0.0476151999634733,0.2553606237816764,0.07602339181286549,0.5126705653021443,-0.13060428849902533,-0.19908021281167398,0.5992844598117506,False,-0.04885737409910862,False,-0.060216528166937455,0.031078229818914727,0.06407489594330085,-0.022989752434893207,False,1580.6549644935303,False,True,0.5331479532811711,0.8106481954246665,0.0031592735796976967,False,0.7843804348490095
HLT,418,0.341812865497076,Hilton Worldwide,Consumer Discretionary,SP500,311.510009765625,-0.0015384482956950496,-0.06329681244738383,-0.0013399527416200208,-0.05950499710182744,0.022586122383229323,0.5828460038986355,0.21637426900584794,0.46588693957115007,-0.1111111111111111,,,False,,False,,,,-0.02744353635956598,False,740.1673744080836,False,False,0.9746164966801659,0.6819188761651468,0.0040386224079767,False,0.5583296426198827
SYK,419,0.34059126390964956,Stryker Corporation,Health Care,SP500,312.19000244140625,-0.01641459217159691,-0.053022750854954115,-0.07075243963044986,0.061096340011636,-0.17811304534708794,0.21442495126705652,0.530214424951267,0.09941520467836257,-0.17543859649122806,-0.2002623930363746,0.10773381232641976,False,-0.061418609146134284,False,-0.05170915545865207,-0.07560654654060794,0.0545287933088312,-0.0357572497793045,False,806.7975601058349,False,False,0.684793057878397,0.8767293629490558,-0.007372389360076004,False,0.8899493865717648
CCI,420,0.3403569961275886,Crown Castle,Real Estate,SP500,75.37999725341797,-0.006065389064936366,-0.0021181315881674267,-0.029358824377751502,-0.13947644858222574,-0.15290448220742292,0.4405458089668616,0.11695906432748537,0.13450292397660818,0.03313840155945419,-0.20981316311721854,0.024045600168321357,False,0.002246974408605995,True,-0.01567249483074007,-0.09896450610651975,0.015922032807612174,-0.003508639582214257,False,294.6498844863739,False,False,0.5244554209626409,0.710417577789234,-0.0009229918012172433,False,0.8759478812311451
URI,421,0.3400667838005577,United Rentals,Industrials,SP500,979.8200073242188,-0.010432779715333296,-0.07359645286761818,-0.14660886798180028,-0.0710492323848606,0.1545499854722665,0.06237816764132553,0.18908382066276802,0.723196881091618,-0.6900584795321638,-0.15882277733500805,0.38434855630261144,False,-0.10373372923569735,False,-0.10171979992587887,0.06213453459743956,0.11323838588169433,-0.053786911509059676,False,510.8056574519043,False,True,0.7179533795625158,0.9570778050218285,0.0003635664724399579,False,0.810391756793021
MGM,422,0.3361279381812778,MGM Resorts,Consumer Discretionary,SP500,41.439998626708984,0.016433607098911063,-0.04647953291111262,-0.09361335257480374,-0.1420290003873932,0.12977094552699708,0.15984405458089668,0.11306042884990253,0.6764132553606238,-0.6803118908382066,-0.18248175676860445,0.3489583187814178,False,-0.04223727509607711,False,-0.0829789333892782,0.04919091822698074,0.09048748868547318,-0.019063461782575675,False,113.18927237700653,False,True,0.3923024777739231,0.7736919602150988,0.003679119683528853,False,0.6982856757507494
FISV,423,0.3357699805068226,Fiserv,Financials,SP500,51.97999954223633,0.005999639718921701,-0.008960938300600074,-0.06812476371854892,-0.05628181165147572,-0.1696485493729698,0.22807017543859648,0.22417153996101363,0.1111111111111111,0.13060428849902533,,,False,,False,,,,-0.00834685929729051,False,389.7583315176905,False,False,0.9266546452068082,0.8167215077952747,0.0011612420247206767,False,0.7376319993293372
AVGO,424,0.3347227685556692,Broadcom,Information Technology,SP500,367.239990234375,-0.006600309699600682,0.03276243431048109,-0.12177160173568358,-0.23247459354616917,0.160812437130039,0.08771929824561403,0.050682261208576995,0.7387914230019493,-0.2884990253411306,-0.23620408335026433,0.2536083488050025,False,-0.04609768459675878,False,-0.0450881735025872,-0.0043953954517302884,0.047217106597128744,-0.006387564559005687,False,8185.887615944275,False,False,0.6499218225585659,1.0903871009878998,0.0,False,1.7608193144163922
SNPS,425,0.332517329696938,Synopsys,Information Technology,SP500,415.9700012207031,0.0027722720123901645,0.01456097858708083,0.029985678968909912,-0.16475239870485658,-0.034827623980224875,0.7056530214424951,0.08771929824561403,0.3313840155945419,0.04873294346978557,-0.3170519643573456,0.11720789681807542,False,0.0028242619713116923,True,0.002853036935195119,-0.06950442089530828,-0.002844920272579765,-0.014003133858057515,True,774.2986525825805,True,False,1.511929600598854,1.1850146276296818,-0.002507132073089724,False,0.6732053864913583
CSCO,426,0.3315483526953907,Cisco,Information Technology,SP500,109.45999908447266,-0.002551474255033881,-0.025809910200478736,-0.10087069980926511,-0.1314665364555272,0.3659555839824027,0.14035087719298245,0.12280701754385964,0.9220272904483431,-0.8109161793372319,-0.15485011829154516,0.6793404296386452,False,-0.03792573865548099,False,-0.045185566338173055,0.16543827867346605,0.047323924676003326,-0.01230161682549602,False,2490.243271738617,False,True,0.772092779151013,0.6737068507033598,0.005285236398261173,False,0.5193692837098404
ALB,427,0.33099415204678356,Albemarle Corporation,Materials,SP500,137.75,0.016305200113163165,0.024087470266006106,0.14012580986540968,-0.17962676204808325,-0.1776433294445402,0.9278752436647173,0.07797270955165692,0.10136452241715399,0.07407407407407407,,,False,,False,,,,0.015270977654988638,False,289.8906542756528,False,False,1.0594602269448554,0.7793377443946026,-0.011804566356653834,False,1.0647167592716926
DVA,428,0.3307992202729045,DaVita,Health Care,SP500,179.38999938964844,0.018451232038501963,-0.0036656687082623485,-0.21316726581232892,-0.08019278822509368,0.1589250414788892,0.015594541910331383,0.17543859649122806,0.732943469785575,-0.797270955165692,,,False,,False,,,,0.005945977615705367,False,177.12715586105656,False,False,0.6152480554534222,0.6629515086777238,0.0016463795113981217,False,0.5998849949416862
NI,429,0.3300194931773879,NiSource,Utilities,SP500,41.150001525878906,0.004638731583328504,0.0004862741853701724,-0.07590382542272633,-0.09014395279340282,-0.1235218424717287,0.2046783625730994,0.16569200779727095,0.1695906432748538,0.015594541910331383,,,False,,False,,,,-0.0004412487733040926,False,244.3422397999744,False,False,0.7886814216088098,1.0267879592250548,-0.004150346014283879,False,0.9270416592793583
CMI,430,0.32914230019493185,Cummins,Industrials,SP500,550.9000244140625,-0.0004535970043106907,-0.04711659726742734,-0.13052617930437638,-0.18961410550360902,-0.033746803535869785,0.07212475633528265,0.07212475633528265,0.3333333333333333,-0.15789473684210525,,,False,,False,,,,-0.03723331581961309,False,639.199477643196,False,False,0.49178384811774084,1.1841111425967794,-0.011158530602626171,False,1.3897792305550687
FLEX,431,0.3289473684210526,Flex Ltd.,Information Technology,SP500,105.94999694824219,-0.008515849306678924,-0.05249510608658792,-0.16383870480805995,-0.3457453664879533,0.657022196181043,0.04483430799220273,0.021442495126705652,0.9629629629629629,-0.9298245614035088,,,False,,False,,,,-0.04114780106115201,False,557.2120805893567,False,False,0.6480388585023187,0.6303254180645546,-0.0006550598392700557,False,0.6227310746171877
ALGN,432,0.32309941520467833,Align Technology,Health Care,SP500,159.14999389648438,0.027039152046204995,6.280323535423626e-05,-0.08149137200789436,-0.015830886841236458,-0.1263175741273399,0.1949317738791423,0.3235867446393762,0.1617933723196881,-0.01949317738791423,,,False,,False,,,,-0.007008491437935471,False,163.79389092036655,False,False,0.8811702297143439,0.8840301318267421,0.0034847267858597597,False,0.7180509257185755
AOS,433,0.3225194276173743,A. O. Smith,Industrials,SP500,59.2599983215332,0.013164585757737823,-0.05153651159242423,-0.0648571986685581,0.05092275920640055,-0.18257933735406995,0.24366471734892786,0.49317738791423,0.09551656920077972,-0.027290448343079976,-0.2549049072430616,0.06882124100382958,False,-0.042989599461009,False,-0.030738383895010712,-0.08240473830409734,0.031713196297336044,-0.020616383848351738,False,97.55243880024719,False,False,0.9336184276826991,0.8875251431078819,0.004958062788649853,False,0.6550939609650931
SMCI,434,0.32251636815007123,Supermicro,Information Technology,SP500,37.0,0.007899779971664689,-0.01043058026249688,0.1675607250380342,-0.21973847683041925,0.13323118746788465,0.9590643274853801,0.056530214424951264,0.6842105263157895,-0.5867446393762183,-0.3694614893051309,0.8022405632001759,False,0.022466637375887277,True,0.1768447879987023,0.18084290147450988,-0.15027027336326804,-0.0004937168558236671,False,1568.9470186863591,True,True,0.7582089335535898,0.6298153804105949,0.025606169023410397,False,0.6704478289221463
CRH,435,0.31881091617933727,CRH plc,Materials,SP500,92.66999816894531,0.01611843497689347,-0.045131424472769965,-0.058666517042506916,-0.12133911553044241,-0.1726230056927951,0.26900584795321636,0.13450292397660818,0.10721247563352826,0.031189083820662766,,,False,,False,,,,-0.017173351507538737,False,436.91783825275655,False,False,0.8554795115065147,1.2314367891319289,-0.0016446699726262448,False,1.2535123966942148
STLD,436,0.3172221785155465,Steel Dynamics,Materials,SP500,247.63999938964844,0.05788373387899681,0.04976687493394216,-0.06586196270040612,-0.09787511145006256,0.28394504521681196,0.23976608187134502,0.15789473684210525,0.8830409356725146,-0.5458089668615984,-0.12221805278243936,0.9338066488259835,False,0.010060219917728652,True,0.023274474737869033,0.18630128126552004,-0.022745094608004557,0.040729381116760166,False,288.6922749960327,True,True,1.2400396890012166,0.7044723034885599,0.012003919870790858,False,0.9847692762556964
JCI,437,0.3171539961013645,Johnson Controls,Industrials,SP500,139.25,0.0,-0.03519712995639723,-0.09354247867424736,-0.04984145609471302,0.0004697639219772842,0.1617933723196881,0.2300194931773879,0.42105263157894735,-0.23391812865497075,,,False,,False,,,,-0.018096796075360966,False,542.4601340794466,False,False,0.6715801809580968,0.7106364253700936,0.0053859964093356805,False,0.6571292278914208
FERG,438,0.3169590643274854,Ferguson Enterprises,Industrials,SP500,221.22999572753906,0.010597926209944264,-0.061511051893282875,-0.13093269793472473,-0.017845192497825013,-0.09464346096096798,0.07017543859649122,0.3157894736842105,0.21442495126705652,0.037037037037037035,,,False,,False,,,,-0.03648487495809871,False,629.2014479170507,False,False,0.9214052311868719,0.6054775783971573,-0.002923573061723972,False,0.6506884928960974
CAT,439,0.3168275072334548,Caterpillar Inc.,Industrials,SP500,792.280029296875,0.016838719395959156,-0.03607358734091359,-0.09612790157055473,-0.14298539557328172,0.08646658705264398,0.1539961013645224,0.10916179337231968,0.594541910331384,-0.2202729044834308,-0.2546250890610724,0.9257366816061272,False,-0.043095569889286645,False,-0.10053251317103584,0.03088021884929426,0.11176892399463934,-0.015878257912599558,False,2820.99240251001,False,True,0.6076243312840716,0.7664495594074154,-0.0008341847647578282,False,0.7742741609684775
LVS,440,0.3162768031189084,Las Vegas Sands,Consumer Discretionary,SP500,44.540000915527344,0.015967170631912886,-0.03655631934767767,-0.032159920198059244,-0.11867048166952321,-0.19591172909334298,0.4249512670565302,0.13840155945419103,0.08187134502923976,0.029239766081871343,,,False,,False,,,,-0.011147707554125974,False,224.89709436964696,False,False,0.9769317108638099,1.291383704559553,-0.0020529231814471194,False,1.1362519510724942
HD,441,0.3154970760233918,Home Depot (The),Consumer Discretionary,SP500,318.510009765625,-0.003940267352584459,-0.048797957413921234,-0.08537210344148272,0.025334775772832385,-0.12480168087408672,0.1793372319688109,0.4249512670565302,0.16764132553606237,-0.2007797270955166,,,False,,False,,,,-0.031347593776233196,False,1371.8541171403535,False,False,0.8065721545937484,0.8851034143969857,0.005410173079920089,False,0.8627348277983987
DHI,442,0.31539961013645224,D. R. Horton,Consumer Discretionary,SP500,142.25999450683594,0.006295532435370621,-0.046834207659390725,-0.051114223010702786,-0.012567818006158582,-0.06276563800419266,0.30994152046783624,0.3313840155945419,0.2651072124756335,-0.10331384015594541,,,False,,False,,,,-0.021560716922051637,False,345.487766490983,False,False,1.0876660839551235,0.8714685255306333,0.002900216992788973,False,0.7583603106511234
AMAT,443,0.31497215884754237,Applied Materials,Information Technology,SP500,438.4599914550781,-0.0076723200217480025,-0.08608474543495814,-0.19701286214031877,-0.12349211061230181,0.22840585573654204,0.021442495126705652,0.13060428849902533,0.834307992202729,-0.8284600389863548,-0.3929061735003502,1.821665031860312,False,-0.11952926789839113,False,-0.18889052496916936,0.08505815456253041,0.23287919915124844,-0.05976724011785306,False,5025.102058077698,False,True,0.5100518473838014,0.7236232388098773,0.003734285105108315,False,0.7137141648348616
HWM,444,0.31374269005847955,Howmet Aerospace,Industrials,SP500,252.9600067138672,-0.007571865041401171,-0.06081528865647756,-0.12185190972728022,0.017907336097940263,-0.02651472266981103,0.08576998050682261,0.40545808966861596,0.3489278752436647,-0.39766081871345027,,,False,,False,,,,-0.03311181143962205,False,770.9502651816855,False,False,1.0281437914459859,1.9022225109068667,0.011298951041311067,False,1.2914297559176047
UPS,445,0.3125730994152046,United Parcel Service,Industrials,SP500,103.01000213623047,0.0034092973079669076,-0.024988162342825637,-0.04085424092435619,-0.036970674443714824,-0.036954738239975304,0.3723196881091618,0.26705653021442494,0.3235867446393762,-0.42495126705653025,,,False,,False,,,,-0.006392161092229176,False,518.073373079152,False,False,0.6918971470838398,0.7517974465685511,0.006234164882312987,False,0.6413421683161198
TKO,446,0.31062378167641325,TKO Group Holdings,Communication Services,SP500,189.7899932861328,0.041257413932085374,0.01005853885599195,0.028616329394022477,-0.0404887629571401,-0.11530760865599077,0.6998050682261209,0.2553606237816764,0.1793372319688109,-0.050682261208576995,,,False,,False,,,,0.008449737016167136,False,223.29905192108154,False,False,1.091336428807691,0.6432588202147895,0.00482794537442377,False,0.7395532577992266
JBHT,447,0.3084795321637427,J.B. Hunt,Industrials,SP500,260.2200012207031,0.014581994986636149,-0.012972285077039403,-0.0503537358659345,-0.06924149671670587,0.11163006107396178,0.31968810916179335,0.1949317738791423,0.6413255360623782,-0.5048732943469786,,,False,,False,,,,-0.01464428558625197,False,260.7412329696344,False,False,1.0293547832008239,0.8141729573857326,0.0,False,0.890408653478374
GE,448,0.30724088497277074,GE Aerospace,Industrials,SP500,329.5,-0.004802308603332084,-0.07023339716026966,-0.12664333898932034,0.048533944083141156,-0.027717516347579463,0.07797270955165692,0.4834307992202729,0.34307992202729043,-0.45808966861598444,-0.1356696948090098,0.20735853084339428,False,-0.07116117602205341,False,-0.08084776516593162,0.02816812816091052,0.08795905846927177,-0.034145218679394795,False,1446.964649414917,False,True,0.959344448120318,0.8843837160778499,0.006856108728078958,False,0.6610088065736888
WDC,449,0.30672514619883046,Western Digital,Information Technology,SP500,448.8999938964844,-0.0034188982696362613,-0.04261220520871167,-0.18167566739400154,-0.24421902547855334,0.7192191727138222,0.029239766081871343,0.042884990253411304,0.9668615984405458,-0.8206627680311891,,,False,,False,,,,-0.01888484865302109,False,4259.651857983087,False,False,0.8309942572214324,0.7058260645541202,-0.01223250540751375,False,0.4854544260411699
VMC,450,0.30428849902534116,Vulcan Materials Company,Materials,SP500,263.92999267578125,0.01632712154689764,-0.03583691790956256,-0.07253461215543744,-0.07318473639246192,-0.10315559892977533,0.21052631578947367,0.18128654970760233,0.2046783625730994,-0.1189083820662768,,,False,,False,,,,-0.021224618470169765,False,301.8455049648363,False,False,0.800466409713054,1.2010802905934521,0.0022333804413456892,False,1.192423839826529
NRG,451,0.30360623781676416,NRG Energy,Utilities,SP500,111.08999633789062,0.014427852897807902,-0.043482030982410325,-0.05083735928822386,-0.16653455580527643,-0.3162177882514353,0.3157894736842105,0.08187134502923976,0.029239766081871343,0.06237816764132553,,,False,,False,,,,-0.01780678430517424,False,364.604672827055,False,False,0.7477229019709866,0.8670187350145634,0.009040250611427991,False,0.7380898453325025
RL,452,0.3030284355632479,Ralph Lauren Corporation,Consumer Discretionary,SP500,336.5,-0.012675333699260105,-0.07126299073270315,-0.10959994696246667,-0.06150701293028571,-0.059925724594435126,0.11500974658869395,0.20857699805068225,0.2729044834307992,-0.2651072124756335,-0.1857030236588092,0.12294812337728334,False,-0.09968482691641256,False,-0.11793323672811473,-0.07754437134725933,0.13370103221060092,-0.04794080768938502,False,235.50968099011232,False,False,0.6317702321865281,1.1890908973041654,0.011061524947640455,False,1.2850040452018687
ROL,453,0.3021442495126706,"Rollins, Inc.",Industrials,SP500,35.709999084472656,-0.013263320266668321,-0.02697552201324538,-0.05093898741271441,-0.2163354685820087,-0.37919986142489903,0.31189083820662766,0.05847953216374269,0.011695906432748537,0.050682261208576995,,,False,,False,,,,-0.014807732834486442,False,214.61420412963557,False,False,0.6312291990538463,0.7638809676340361,-0.002486879137969078,False,0.9187334803686571
CARR,454,0.301364522417154,Carrier Global,Industrials,SP500,57.58000183105469,0.0057642241232260805,-0.01974803905797895,-0.12345867421127699,-0.144908848261187,-0.05054209530677223,0.08187134502923976,0.10721247563352826,0.290448343079922,-0.21442495126705652,,,False,,False,,,,-0.021671992118660444,False,398.3773487708578,False,False,0.38164238367571285,0.8478277764306297,0.0001746431708855578,False,0.7864477267892402
LULU,455,0.3009755330029109,Lululemon Athletica,Consumer Discretionary,SP500,120.06999969482422,0.017542370295120513,0.03197250768791826,-0.024059165356756562,-0.047290320893438875,-0.30679524830702853,0.4697855750487329,0.23976608187134502,0.03508771929824561,0.05263157894736842,-0.4438113906843639,0.13885990085622457,False,-0.0032624190985119927,False,0.013615038791396694,-0.2169302710440668,-0.013432159419843215,0.00782432710358294,False,362.4675673979187,True,False,1.0146117933352934,1.8413923366102287,0.00466104281150681,False,1.2765737552114005
HUBB,456,0.30053322144424344,Hubbell Incorporated,Industrials,SP500,450.0799865722656,0.015271455755466068,-0.044417093118629736,-0.10107774579666584,-0.06895153948967592,-0.0773228524585774,0.13840155945419103,0.1968810916179337,0.2475633528265107,-0.050682261208576995,-0.18825583186073436,0.11835063194432593,False,-0.06576611831217638,False,-0.0745166432817026,-0.06673477029869013,0.08051645957841291,-0.022282152271172917,False,264.47484008770203,False,False,0.6995971624623343,0.7737392878990865,0.002503926992970529,False,0.822330026974137
PNR,457,0.29980506822612085,Pentair,Industrials,SP500,59.84000015258789,-0.010090994253974306,-0.04804327757620719,-0.12616826490664745,-0.15883214883687413,-0.37805780276784096,0.07992202729044834,0.0935672514619883,0.01364522417153996,-0.003898635477582846,,,False,,False,,,,-0.03307613855412295,False,235.82335928769794,False,False,0.6526785985994848,2.3919310430850547,-0.0004963208207688918,False,0.9223646032021271
WY,458,0.29922027290448344,Weyerhaeuser,Real Estate,SP500,23.190000534057617,-0.008126545488838843,-0.036960107660642394,-0.10220671302540418,-0.04418253663528049,-0.049497176847901225,0.13060428849902533,0.24561403508771928,0.29434697855750486,-0.32748538011695905,,,False,,False,,,,-0.02450638053869092,False,130.08921512564444,False,False,0.7227786686889638,0.9857843606970806,0.0008554516031478165,False,0.9392800974840163
KLAC,459,0.2991044502137256,KLA Corporation,Information Technology,SP500,172.25999450683594,0.008016824402133471,-0.06293862377726533,-0.11765314137660177,-0.1884905456662228,0.16995481946439983,0.10136452241715399,0.07407407407407407,0.7524366471734892,-0.5906432748538012,-0.42840905328066436,1.052248833487929,False,-0.09064344170229488,False,-0.17339416254599016,0.01028139785379012,0.20976643847574739,-0.037343788994935734,False,2536.500479505768,False,True,0.46604766202853765,0.6898695885426307,0.005090965652143398,False,0.532168683046886
WMT,460,0.2987976293499069,Walmart,Consumer Staples,SP500,106.08999633789062,0.0016049676348575126,0.016772091828840763,-0.04666985050625383,-0.09022177165432899,-0.16465382770207393,0.3391812865497076,0.1617933723196881,0.12085769980506822,0.09746588693957114,-0.20757093232835566,0.07585707889460847,False,-0.028501114916980264,False,-0.04463431279172447,-0.10159029842671674,0.04671961050030249,0.001997949335886373,False,2740.107071722244,False,False,1.3636411232375836,1.0514714852162672,0.0004720832007385489,False,1.0140790297422193
TDY,461,0.29795321637426897,Teledyne Technologies,Information Technology,SP500,606.3599853515625,-0.006797635333867347,-0.04293202271583707,-0.11449270298494318,-0.018866758051836685,-0.11191181802643613,0.10526315789473684,0.31189083820662766,0.1871345029239766,-0.1793372319688109,,,False,,False,,,,-0.02914432822474189,False,232.3067482862823,False,False,0.6598188356165813,0.7119376817946368,0.002440566428955071,False,0.5941727484976794
MLM,462,0.297333892778783,Martin Marietta Materials,Materials,SP500,517.0700073242188,0.024063205207498273,-0.02681664129270178,-0.0682077831172615,-0.11187734547231387,-0.21488209527018753,0.22612085769980506,0.1539961013645224,0.0682261208576998,0.017543859649122806,-0.2666592337177951,0.024063205207498273,False,-0.03039291461053728,False,-0.07025316424647321,-0.13814524813994244,0.07556160617587415,-0.011176915972417323,False,350.62861942675784,False,False,0.7568493791341301,1.2067818517040163,0.005406758290718239,False,1.8301157798457788
JBL,463,0.2972709551656921,Jabil,Information Technology,SP500,299.3900146484375,0.0008357290491338709,-0.03705248746576695,-0.1192508506144292,-0.20996545253952015,0.1737688865959548,0.0935672514619883,0.06237816764132553,0.7621832358674464,-0.24951267056530213,,,False,,False,,,,-0.03503682017741927,False,385.4312686553955,False,False,0.9663853073700894,0.7997738396684161,0.00046795521830778064,False,0.7366839939055918
IRM,464,0.2961485677322354,Iron Mountain,Real Estate,SP500,111.83999633789062,-0.020837023790725606,-0.07897557393711374,-0.10891566859748925,-0.11993263525540099,0.0526953326802293,0.1189083820662768,0.1364522417153996,0.5224171539961013,-0.14814814814814814,-0.15947693980197752,0.43954677982113544,False,-0.08181111811334396,False,-0.09108938945020073,0.03171238758091732,0.10021820451089347,-0.04989958876087208,False,231.65335182055665,False,True,1.034756103072532,1.045222534083919,-0.0017510468875784335,False,1.4210945099578476
FICO,465,0.29385964912280704,Fair Isaac,Information Technology,SP500,1099.449951171875,-0.003832725367138301,-0.030210815449534634,0.050105503803103746,-0.06402710641324805,-0.24901473088432835,0.7602339181286549,0.20662768031189083,0.050682261208576995,-0.08382066276803118,,,False,,False,,,,-0.023140426295840788,False,350.3316682931083,False,False,0.8800323235815727,0.6996282917655973,-0.015004401445934956,False,0.5444480996851271
HST,466,0.2867538177781274,Host Hotels & Resorts,Real Estate,SP500,22.110000610351562,0.02171909583915932,-0.014266593422666118,-0.11489187287742564,-0.03741922240599527,0.15319587842188165,0.10331384015594541,0.2631578947368421,0.7212475633528265,-0.6120857699805069,-0.13429914574084734,0.4952570574323687,False,-0.026377181051774223,False,-0.0606480057563632,0.09608401508246023,0.06456366317207518,-0.010005417091738966,False,223.6824357113037,False,True,1.4606998668771285,0.698068429227456,0.0018484711948041355,False,0.7876381631355082
ORCL,467,0.2864526787821572,Oracle Corporation,Information Technology,SP500,145.75,0.0313472434629718,-0.020957850604693684,6.857764827250534e-05,-0.3650108020076883,-0.03676652549406212,0.5925925925925926,0.015594541910331383,0.3255360623781676,-0.021442495126705652,-0.5510272879607238,0.26750154541851834,False,-0.009813545817146108,False,0.04352620208304936,-0.13524807644432313,-0.04171069398752425,-0.004746152539435111,True,4454.252629257934,True,False,0.6827621434383043,0.6923120441517944,-0.007500797922766256,False,0.6742168246481297
LMT,468,0.27790103060341437,Lockheed Martin,Industrials,SP500,531.5499877929688,-0.023783309838441236,-0.05442212619532516,-0.09246476844860296,0.044543705117480625,-0.18983408134948965,0.1695906432748538,0.47173489278752434,0.08576998050682261,-0.20272904483430798,-0.2044641969769162,0.232214321642346,False,-0.07549136271843726,False,-0.03429345885158508,-0.0322564080062806,0.035511262884067696,-0.04267168312830305,False,640.0710539293212,False,False,0.8328385146206904,0.8008887897531807,0.002112074222337057,False,1.0674142742360493
RCL,469,0.27631578947368424,Royal Caribbean Group,Consumer Discretionary,SP500,265.6000061035156,-0.00037638727482514067,-0.08413790998787718,-0.18462573197594723,-0.07269047674097595,-0.06549415089673871,0.025341130604288498,0.18323586744639375,0.2631578947368421,-0.7115009746588694,,,False,,False,,,,-0.05083681718837052,False,642.2859882374665,False,False,0.5379251181783445,0.9203455342897389,0.00910795182151003,False,0.8040368837580775
XYL,470,0.27573099415204677,Xylem Inc.,Industrials,SP500,106.73999786376953,-0.0014033260991246355,-0.055314630659038855,-0.12297442942130743,-0.023190747662761857,-0.1687300925989743,0.08382066276803118,0.3001949317738791,0.11500974658869395,-0.16569200779727095,,,False,,False,,,,-0.03769422129342581,False,219.957369021949,False,False,0.8521366218125952,1.0669642954596554,0.0035550309251359824,False,1.0633918878694495
TEL,471,0.2751925279067125,TE Connectivity,Information Technology,SP500,202.2100067138672,-0.027836506183330778,-0.013754046150413535,-0.06374150007828039,-0.07047221668293147,-0.02504900859399517,0.2475633528265107,0.19103313840155944,0.35477582846003897,-0.26120857699805067,-0.17908138632047932,0.040565047628574824,False,-0.027933274382566542,False,-0.01137366239459714,-0.05908840849805996,0.0115045108166405,-0.01185178082661209,False,489.28686196261594,False,False,0.8508468372681077,0.9247588907096306,-0.012932704045222398,False,1.020845016824227
GNRC,472,0.2733918128654971,Generac,Industrials,SP500,180.75999450683594,-0.003637987370580631,-0.12515729949410115,-0.1732150644019571,-0.36644353140932784,-0.18167415905517503,0.031189083820662766,0.01364522417153996,0.09746588693957114,-0.04483430799220273,,,False,,False,,,,-0.06706504684830428,False,231.24456183639836,False,False,0.6355853987352489,1.220113952012875,0.0014882828529714232,False,0.7358230156444957
TXT,473,0.2732943469785575,Textron,Industrials,SP500,79.23999786376953,-0.005896389739072028,-0.048853676798654266,-0.11086181079804136,-0.13266680607047932,-0.20174974688995329,0.1111111111111111,0.12085769980506822,0.07992202729044834,-0.1442495126705653,,,False,,False,,,,-0.03188693908734297,False,140.7284787448338,False,False,0.5971240108284426,0.9479327428410285,0.005018210142682333,False,1.0978616995179866
MCHP,474,0.27014047325588514,Microchip Technology,Information Technology,SP500,72.76000213623047,0.018904892940614815,-0.017420673360751704,-0.09262714762278901,-0.24186676892976233,0.05243410726446451,0.16569200779727095,0.04483430799220273,0.52046783625731,-0.015594541910331383,-0.28733552774151816,0.5231689225464975,False,-0.04722449832557696,False,-0.09319743971447236,-0.046986235654974284,0.10277588947822003,-0.014250864473748126,False,870.2740586738433,False,False,1.0530071013514632,0.7762752466138285,0.0007001179078471864,False,0.5307342564838275
DDOG,475,0.26836685635363944,Datadog,Information Technology,SP500,209.22999572753906,-0.06526983939142628,-0.08099443312562693,-0.27388512871979,-0.1641833012538929,0.7681905897902932,0.003898635477582846,0.08966861598440545,0.9707602339181286,-0.9064327485380117,-0.27388512871979,1.038980656661031,False,-0.11733129657511743,False,-0.16157958125943606,0.18842544965421126,0.19271904362986936,-0.08613148269660598,False,1151.9944467523194,False,True,1.8481634048925126,0.9051837132446771,-0.019567502214446808,False,1.3498073834867537
GLW,476,0.26783625730994154,Corning Inc.,Information Technology,SP500,144.1300048828125,-0.009824077354807725,-0.05661731879563625,-0.09856773135903996,-0.28207805924250096,-0.0033767657750164437,0.15009746588693956,0.03508771929824561,0.41130604288499023,-0.2884990253411306,,,False,,False,,,,-0.034761691466641986,False,2375.5992949541674,False,False,0.6085434821815726,0.6635319093646204,-0.012434718253310995,False,0.5660548632494087
WYNN,477,0.2642719779019047,Wynn Resorts,Consumer Discretionary,SP500,91.5199966430664,0.010154505347018228,-0.05814553496291608,-0.059999517293811144,-0.12583086705165247,-0.10979342268613956,0.2631578947368421,0.1267056530214425,0.1949317738791423,-0.042884990253411304,-0.3073432748190884,0.010154505347018228,False,-0.07524921177460187,False,-0.06822693340129171,-0.14373962780301042,0.0732226932147153,-0.03212451697960039,False,152.12913597676086,False,False,0.8818555499924414,1.217406101985092,0.0015452471523873523,False,1.1440037593250918
IBM,478,0.26314216033356935,IBM,Information Technology,SP500,231.6999969482422,0.0012964695750683486,0.007961029581619705,-0.007603214633683408,-0.2364555469804861,-0.05990708461256056,0.5614035087719298,0.04873294346978557,0.27485380116959063,-0.3508771929824561,-0.2911882615213309,0.1340918995361593,False,-0.01068043188166834,False,-0.03961458511991478,-0.1074797566463267,0.04124863258659661,-0.006817410208977859,False,2144.3133584154966,False,False,0.334346682580923,0.5103638386497866,-0.0036732535313150905,False,0.49490788115489565
DD,479,0.26266051276672,DuPont,Industrials,SP500,132.92999267578125,0.006206888665818644,-0.03236104039431975,-0.06587261675117928,-0.07223395163458901,-0.07068340404433049,0.2378167641325536,0.18518518518518517,0.2573099415204678,-0.253411306042885,-0.12942277603179997,0.4621965862777726,False,-0.044103051126897275,False,-0.036689364706914085,-0.01823434571321414,0.038086743115580024,-0.019345553904271173,False,206.09862482815552,False,False,0.7567558379002463,0.7348026617284082,0.00590416149945705,False,0.5819089763846778
FSLR,480,0.26208576998050687,First Solar,Information Technology,SP500,202.60000610351562,0.014775919344935051,-0.016170478758324447,-0.16841110682993476,-0.36339353934480556,0.02701881540841411,0.03898635477582846,0.017543859649122806,0.47368421052631576,-0.6783625730994152,,,False,,False,,,,-0.022670133936332326,False,473.9130809519242,False,False,0.6391894372545516,0.9049527037884116,-0.0015025685055832794,False,0.8149084758735345
CDNS,481,0.26169590643274854,Cadence Design Systems,Information Technology,SP500,306.6700134277344,-0.02034882105580249,-0.08369182461164126,-0.09967113550621975,-0.24835781022614123,0.004059918088232584,0.14619883040935672,0.04093567251461988,0.42884990253411304,-0.20077972709551656,,,False,,False,,,,-0.05264612120089551,False,772.2895612792969,False,False,0.9232627732206726,1.017132349877068,-0.0013417244322433408,False,1.1411732289121346
LEN,482,0.260916179337232,Lennar,Consumer Discretionary,SP500,83.58000183105469,0.010030233607911665,-0.040963851202734824,-0.03953108417277573,-0.060156594840769184,-0.20656956177210173,0.38596491228070173,0.21442495126705652,0.07602339181286549,-0.1949317738791423,,,False,,False,,,,-0.016616927929492653,False,207.9699035383575,False,False,0.9585781715434131,1.0730098297515387,0.009184315845685465,False,0.9305685688868442
TER,483,0.25951625451271426,Teradyne,Information Technology,SP500,341.6199951171875,0.018362856433012942,-0.05915728621663652,-0.15348399944524493,-0.1661093467426824,0.11975431073546128,0.05847953216374269,0.08382066276803118,0.6608187134502924,-0.7134502923976609,-0.29394015025038056,2.048381070644685,False,-0.09806277946355713,False,-0.09144149410033486,0.08657586211833435,0.1006445853586373,-0.04456435140463799,False,1373.5014089708861,False,True,0.6417097404589033,0.6176842324474195,-0.004322368468334337,False,0.48715903293486895
LHX,484,0.25941835155901716,L3Harris,Industrials,SP500,261.30999755859375,-0.008536955611026631,-0.006274695581461653,-0.0840868954112386,-0.135380867459996,-0.28601325409825407,0.18323586744639375,0.1189083820662768,0.042884990253411304,-0.025341130604288498,-0.3043685035931105,0.0,False,-0.04961594331903074,False,-0.0792985102136472,-0.1652886488046894,0.08612836092189702,-0.015962833662384157,False,441.3274040203247,False,False,0.6895478341527557,1.1046679641047805,0.003566559607351971,False,0.8914026806482653
Q,485,0.25847953216374264,Qnity Electronics,Information Technology,SP500,117.69000244140625,0.019049308323927816,-0.06743260469591061,-0.16926657752153185,-0.24070966166834673,-0.019001434371692105,0.03508771929824561,0.04678362573099415,0.3723196881091618,-0.28654970760233917,,,False,,False,,,,-0.04589993925044533,False,262.074866020841,False,False,0.7504010353593574,1.0456117434178829,0.009438081110460406,False,1.098880507426469
ECHO,486,0.25265255815173215,EchoStar,Communication Services,SP500,86.69000244140625,0.007554643409605211,0.012615369972606816,-0.05360257766927823,-0.28307969108396835,-0.23976143673215966,0.2982456140350877,0.03313840155945419,0.05263157894736842,0.011695906432748537,-0.38864597619392216,0.3564387834201592,False,-0.017610237505496062,False,-0.05077356832553481,-0.19314266618107945,0.05348941688862241,-0.001114690526099693,False,468.14671069317626,False,False,0.4942320743119747,0.39600980639458977,0.00813571525794643,False,0.4087278697930496
TDG,487,0.25038986354775833,TransDigm Group,Industrials,SP500,1153.75,-0.0017391238221096117,-0.04416520803103807,-0.09513355882744334,-0.04772315991013165,-0.12270362835051274,0.15594541910331383,0.23586744639376217,0.17153996101364521,-0.34502923976608185,,,False,,False,,,,-0.024291728078605246,False,504.7176397929289,False,False,0.7611113527504253,0.8232891932797781,0.004308836113614767,False,0.8271496831406531
HRL,488,0.24951267056530216,Hormel Foods,Consumer Staples,SP500,22.049999237060547,0.002728488702450349,-0.07001264915692129,-0.12983428949156284,-0.035262402401114334,-0.07397231437112173,0.07602339181286549,0.27680311890838205,0.2553606237816764,-0.5886939571150097,,,False,,False,,,,-0.02974272351588525,False,106.3200034216472,False,False,1.1355880545434904,2.063338567790886,0.005457064141992873,False,1.0383812869091376
CIEN,489,0.24748642907717724,Ciena,Information Technology,SP500,354.1600036621094,-0.01712314583876251,-0.12343141664693369,-0.13856931030110953,-0.4291148726572297,0.030883470371521282,0.06627680311890838,0.009746588693957114,0.4853801169590643,-0.01364522417153996,-0.43515150931083035,2.735077038620169,False,-0.1115648792437629,False,-0.13815926911675358,-0.057808953990954204,0.1603071938537446,-0.06702696541055897,False,922.2409457363891,False,False,0.9488791103548183,0.8546586252153153,-0.00854768319885002,False,1.276561450638012
APTV,490,0.2473885261234801,Aptiv,Consumer Discretionary,SP500,45.029998779296875,0.004013384867329384,-0.02679925796842597,-0.05637054427063182,-0.413824538425105,-0.386428680286264,0.2826510721247563,0.011695906432748537,0.009746588693957114,-0.01949317738791423,-0.4921619520787627,0.006032182035042188,False,-0.05342485928575047,False,-0.1636050430124899,-0.3247012840482366,0.19560740012320887,-0.020930015820513237,False,201.60544565213013,False,False,0.6331189307776536,2.0944481105747874,0.003567443764896261,False,0.650248370055615
IDXX,491,0.23236217099799822,Idexx Laboratories,Health Care,SP500,538.989990234375,-0.011317747476153217,-0.02610944663068715,-0.08349068064226972,-0.038770871884184155,-0.16912289179615825,0.1871345029239766,0.2573099415204678,0.11306042884990253,-0.16569200779727095,-0.2969817976425183,0.02383935060931397,False,-0.03887461107387169,False,-0.03568223145370564,-0.11439786355604353,0.037002565562487266,-0.020360090081669502,False,349.43933908459474,False,False,0.790613631683074,0.7989043377971423,0.002879902049966798,False,1.050120631706434
AXON,492,0.2314250998697541,Axon Enterprise,Industrials,SP500,506.9800109863281,-0.021840588603606714,-0.1654375003516545,-0.16505269961445923,0.05296170021214874,-0.11026480202430078,0.04093567251461988,0.5009746588693957,0.19298245614035087,-0.47953216374269003,-0.3480027780501074,0.4655142724414998,False,-0.14709490720522456,False,-0.10074850235952071,0.002375961755024081,0.1120359572643157,-0.10823883834347459,False,542.1975222218017,False,True,1.3508780460505339,0.9616532997155203,-0.0031834138872588458,False,1.0977791767795164
CHRW,493,0.23118908382066278,C.H. Robinson,Industrials,SP500,145.1999969482422,-0.018122855329184562,-0.04303696673809154,-0.061712459138984266,-0.19388488388927283,-0.2300224993522717,0.2573099415204678,0.07017543859649122,0.05847953216374269,-0.1442495126705653,,,False,,False,,,,-0.014528458326964033,False,317.44824684040304,False,False,0.6732482326171284,0.6981608568858848,0.000270444176442286,False,0.5728220165564989
LII,494,0.22892988575074955,Lennox International,Industrials,SP500,374.0,-0.008614976805831676,-0.05008635873098277,-0.16282399566739736,-0.27246978031437263,-0.31720036388548034,0.050682261208576995,0.03898635477582846,0.02729044834307992,-0.04093567251461988,-0.3489078221811934,0.0,False,-0.08182441937516693,False,-0.2203934485210074,-0.24759965911857051,0.2826983022434826,-0.03957072301924269,False,249.4093706743164,False,False,0.4813334475175241,0.8757786177680765,-0.002306150078694502,False,0.7440714247625142
TPL,495,0.21491490310229988,Texas Pacific Land Corporation,Energy,SP500,367.32000732421875,-0.007055349399176625,-0.004034390122446663,-0.06980758176472801,-0.09551159254270647,-0.3126928142807822,0.21832358674463936,0.15984405458089668,0.03313840155945419,0.03313840155945419,-0.31737846296100736,0.348479206046608,False,0.011426768385779829,True,-0.05357213723200949,-0.05828813615155537,0.05660456474234454,-0.004893427975682818,False,141.52388543463135,False,False,1.1011562818866782,0.7710532924259463,-0.007920397734144213,False,0.7535953565147968
TJX,496,0.21091617933723195,TJX Companies,Consumer Discretionary,SP500,131.30999755859375,-0.014707035724708883,-0.040342060941258584,-0.16392059981029317,-0.1657738106201625,-0.18286184068718547,0.042884990253411304,0.08576998050682261,0.0935672514619883,-0.29239766081871343,,,False,,False,,,,-0.04163632380746429,False,934.4807825795389,False,False,0.8021904536811081,1.32752571515764,0.0006752932768474551,False,1.1282635959036607
LUV,497,0.21013645224171537,Southwest Airlines,Industrials,SP500,38.61000061035156,0.02468153656166594,-0.05065152818636509,-0.2071868582036317,-0.05117189136874445,-0.17399557233853302,0.01949317738791423,0.22807017543859648,0.10526315789473684,-0.672514619883041,,,False,,False,,,,-0.02889725282443989,False,249.26443689795514,False,False,0.7497214748307606,0.8047969052224371,0.024946884795536084,False,0.8561860653367587
CCL,498,0.19702139004711583,Carnival Corporation,Consumer Discretionary,SP500,23.739999771118164,0.021954379635460652,-0.07229387926684472,-0.19349993160694268,-0.12166594322491209,-0.14278814377079785,0.023391812865497075,0.13255360623781676,0.14619883040935672,-0.5750487329434698,-0.2903355823017294,0.021954379635460652,False,-0.10096191269434884,False,-0.11907600553132014,-0.137679583409003,0.13517171320000165,-0.040490531284878784,False,517.2626382192611,False,False,0.7385336439489679,1.188487642971085,0.016788691548959234,False,1.16271198277795
NKE,499,0.19579017299102267,"Nike, Inc.",Consumer Discretionary,SP500,38.2400016784668,0.003148025969162749,0.0014421649017062332,-0.06945208215982746,-0.11788061929007265,-0.3350706572915072,0.2222222222222222,0.14035087719298245,0.021442495126705652,-0.09161793372319688,-0.47576840317083025,0.00534999250830559,False,-0.038497960829205646,False,-0.07176770058943682,-0.24477000165298501,0.07731653017785534,-0.01504411864853128,False,1056.0593864368286,False,False,0.890629564755046,1.0222599664303682,-0.0015739129138213626,False,0.7945028815230314
FER,500,0.18966861598440543,Ferrovial,Industrials,NDX,57.84000015258789,0.0024263325441471473,-0.03503501038095358,-0.1304870253835657,-0.12878444518247223,-0.15864749102043285,0.07407407407407407,0.12475633528265107,0.1286549707602339,-0.1695906432748538,,,False,,False,,,,-0.035695853782703235,False,92.95271535368938,False,False,0.9947742008509298,0.7444957474381945,0.005199293467830213,False,0.5186316167721603
ODFL,501,0.18538011695906434,Old Dominion,Industrials,SP500,187.61000061035156,0.004766574096781717,-0.057807778582231295,-0.14325471409199053,-0.20401002509510768,-0.1297490598512253,0.06432748538011696,0.06627680311890838,0.15594541910331383,-0.6003898635477583,,,False,,False,,,,-0.04732604254455641,False,352.2761917494482,False,False,0.8905197700341313,1.1493521017643824,-0.0005890389879578128,False,1.3474418277432858
AKAM,502,0.18401559454191035,Akamai Technologies,Information Technology,SP500,105.08999633789062,-0.012868708983314714,-0.027484742622659097,-0.1480340686024526,-0.34466203580753263,0.020489346593276947,0.06042884990253411,0.023391812865497075,0.45614035087719296,-0.7056530214424951,,,False,,False,,,,-0.03439050310045311,False,419.48219720578874,False,False,1.0379323567536798,0.7195504893335921,-0.0043208631263246255,False,0.6034748918737963
DECK,503,0.1831384015594542,Deckers Brands,Consumer Discretionary,SP500,83.76000213623047,-0.009694959530293423,-0.06382026384896677,-0.16130970428858749,-0.21982114698167765,-0.22972223853484186,0.05458089668615984,0.05458089668615984,0.06042884990253411,-0.3255360623781676,,,False,,False,,,,-0.0424810482987914,False,237.9394598242935,False,False,0.8581055162806822,1.2123202296251891,-0.001182294537198536,False,1.2079344928378846
HON,504,0.16900584795321638,Honeywell Technologies,Industrials,SP500,206.07000732421875,-0.01862076618190689,-0.0661621016262881,-0.16922574384416755,-0.1172743636615462,-0.19437156705749625,0.037037037037037035,0.14230019493177387,0.08382066276803118,-0.5107212475633529,,,False,,False,,,,-0.043525524100823554,False,903.1652439967555,False,False,0.8755042918749586,0.8054484759379296,0.003095576571574332,False,0.7330556424283904
TPR,505,0.16306042884990254,"Tapestry, Inc.",Consumer Discretionary,SP500,123.13999938964844,0.008187326060235423,-0.05458733673974325,-0.21048920673276816,-0.11545266926561693,-0.21086780551884832,0.017543859649122806,0.14619883040935672,0.07212475633528265,-0.4717348927875244,,,False,,False,,,,-0.030631133378864472,False,410.0290121180009,False,False,2.1183437569862407,1.192773501528105,0.006058603794558692,False,1.0038288115630947
COHR,506,0.15764298638974114,Coherent Corp.,Information Technology,SP500,268.6400146484375,-0.012461802544100009,-0.08740693989041581,-0.17017265767249856,-0.3564429500467381,-0.022629597011617708,0.03313840155945419,0.01949317738791423,0.36257309941520466,-0.25146198830409355,-0.370704384196772,2.0365096749379523,False,-0.1265912273238362,False,-0.13949337760046987,-0.023468297366931345,0.16210610583273777,-0.05169956218393257,False,1883.6234291340943,False,False,1.0246408303524266,0.8316773578183767,-0.014373428223560136,False,0.6941971167646527
NCLH,507,0.15062500546333446,Norwegian Cruise Line Holdings,Consumer Discretionary,SP500,15.569999694824219,0.00907319422420727,-0.08894092710312251,-0.22421525004609189,-0.1421487591146834,-0.2624349007745046,0.011695906432748537,0.1111111111111111,0.04483430799220273,-0.6257309941520468,-0.42204902055808846,0.05273831879533453,False,-0.11654563577820665,False,-0.17943800567687618,-0.21640271689759805,0.21867696398112302,-0.054875421003207414,False,288.09591834572984,False,False,0.7116165966176342,1.0354687405126612,0.01296175018208201,False,0.8952617739169211
EIX,508,0.14980506822612086,Edison International,Utilities,SP500,55.189998626708984,-0.06139456899986229,-0.2592940941566171,-0.21926726947767416,-0.2118945056113538,-0.23508609144774373,0.01364522417153996,0.06042884990253411,0.056530214424951264,-0.3469785575048733,,,False,,False,,,,-0.14374360148791865,False,269.889949755221,False,False,1.8424118087044825,4.106198294117889,-0.03435374972744054,False,3.2811176045659547
APP,509,0.13801169590643275,AppLovin,Communication Services,SP500,319.04998779296875,0.023449020939205978,0.03550680913156179,-0.23981420416164645,-0.44107706630509413,-0.3391810662449075,0.007797270955165692,0.005847953216374269,0.01949317738791423,-0.08576998050682261,,,False,,False,,,,0.01709973454147251,False,2404.865019294147,False,False,1.2188979281732844,0.6989030056270161,-0.006415602946854393,False,0.6395663974884932
BLDR,510,0.13795356602767506,Builders FirstSource,Industrials,SP500,63.09000015258789,0.00477781864447091,-0.08125816463005042,-0.1629295760447751,-0.15041747458007249,-0.34274401962039647,0.04678362573099415,0.10331384015594541,0.017543859649122806,-0.2729044834307992,-0.5771731297246536,0.00477781864447091,False,-0.09815386109410684,False,-0.14775721448127666,-0.3027523565065222,0.17337455592697482,-0.053090277248768136,False,163.51683399155425,False,False,0.8601303123640076,1.11428581762155,0.003344466975803595,False,1.0267993212597637
TTD,511,0.13124765076617803,Trade Desk (The),Communication Services,SP500,14.550000190734863,0.0558781184822017,0.11665391319367813,-0.2476732122058477,-0.29231514743777487,-0.4219308642577796,0.005847953216374269,0.029239766081871343,0.003898635477582846,-0.003898635477582846,-0.7312026620427059,0.11665391319367813,False,0.05411867842891249,True,-0.12815780154066436,-0.42479489234359913,0.14699655713744608,0.05430817935009746,False,343.7895180115681,False,False,1.697400986137321,0.8953117237441468,-0.008708264723108816,False,1.0127434767317434
PCG,512,0.10973041722392679,PG&E Corporation,Utilities,SP500,13.329999923706055,-0.05192037511550418,-0.2683863651994912,-0.2361031896332928,-0.20660109310957708,-0.2898769582274945,0.009746588693957114,0.06432748538011696,0.04093567251461988,-0.4444444444444445,-0.2984237329481173,0.00452143661436577,False,-0.21567473936691928,False,-0.22526162281303164,-0.20281032249233555,0.2907583120264985,-0.1487148097847748,False,499.4625085132828,False,False,3.2239309733807135,3.6636989765170136,-0.035561876605806786,False,4.129526898417151
MNST,513,0.10126705653021442,Monster Beverage,Consumer Staples,SP500,44.41999816894531,-0.012669559641165784,-0.07090573325604466,-0.528349989116488,-0.5011231164396913,-0.434931970181209,0.001949317738791423,0.001949317738791423,0.001949317738791423,-0.8810916179337231,,,False,,False,,,,-0.05771930857012142,False,535.6095770254374,False,False,1.3640410553906135,1.2009969512611423,0.007779472350822658,False,1.369549141208422
