Ticker,rank,score,name,sector,index,price,ret_1d,ret_1w,ret_1m,ret_3m,ret_6m,rs_1m,rs_3m,rs_6m,rs_3m_chg,pct_from_52w_high,pct_from_52w_low,new_52w_high,pct_vs_20dma,above_20dma,pct_vs_50dma,pct_vs_200dma,dist_to_50dma,pct_vs_9ema,pullback_9ema,avg_dollar_vol_m,above_50dma,above_200dma,vol_ratio_20_60,volume_x,gap_pct,gap_up,rvol
IQV,1,0.8758982514752726,IQVIA,Health Care,SP500,271.6199951171875,0.02948756400577457,0.03521606091326168,0.15068837790961775,0.4534459975400429,0.5216806449142157,0.93359375,0.990234375,0.9453125,0.03896731846978563,0.0,0.7338183886617831,True,0.075479964954273,True,0.18869022163568805,0.34712528489124383,-0.15873792700678757,0.03880327536046191,False,318.43482490377806,True,True,0.5016576454844262,1.0860897335066952,0.007466651182712392,False,1.455249890811064
CRM,2,0.8670691139981073,Salesforce,Information Technology,SP500,264.42999267578125,0.029190831019343833,0.0491171968820856,0.370245613691067,0.4045693996373503,0.319705720819198,0.99609375,0.982421875,0.8984375,0.5828117385477583,-0.0017070947142048265,0.7614575091703171,False,0.21525325624387182,True,0.3956328256403683,0.3224713754207371,-0.28347916326691247,0.08288350084440732,False,2807.89360415152,True,True,1.6606946267193075,1.4453934797226906,0.01965523081970222,False,1.1274980282519211
MPC,3,0.8625825457613351,Marathon Petroleum,Energy,SP500,387.7099914550781,0.0018346032430960335,0.0664850699841737,0.3056980297080276,0.45580080393738864,0.7954330965045495,0.990234375,0.9921875,0.970703125,0.28263584307992207,0.0,1.4116773231850819,True,0.08379714615809708,True,0.21676375198730513,0.6200031651602742,-0.17814777242769697,0.03685312820422326,False,753.6914395745849,True,True,1.0337593653625858,1.0544374620627535,-0.007881105408187983,False,0.9074005301207686
PSX,4,0.8588476602891377,Phillips 66,Energy,SP500,254.66000366210938,-0.005583945863681827,0.06192404926690864,0.2639428183457808,0.3903096503715777,0.549328682023305,0.982421875,0.978515625,0.951171875,0.31184895833333337,-0.005583945863681827,1.068484168429765,False,0.07208817767329823,True,0.2020732147565545,0.49870687328773466,-0.1681039160310036,0.029559554417417866,False,573.9603357388306,True,True,1.0182174964184916,1.099648275841668,-0.0010933608625908198,False,1.0001413159161467
VLO,5,0.857469774684337,Valero Energy,Energy,SP500,370.69000244140625,0.012565233001532006,0.06953462696026724,0.2258672062051228,0.43759934944054235,0.6396552190773792,0.970703125,0.98828125,0.9609375,0.16956779970760238,0.0,1.4361242328555286,True,0.07806826939115274,True,0.18758806284504193,0.5639390189034021,-0.15795718120949032,0.03824426295040695,False,843.6164408040466,True,True,0.8272957111701384,0.9848152002720798,-0.0029773999530011697,False,0.915378415363919
ABNB,6,0.836267187502992,Airbnb,Consumer Discretionary,SP500,185.25,0.010858919310345438,0.004609577720446012,0.21483371582870414,0.3853574507096158,0.36363630237044187,0.96875,0.974609375,0.908203125,0.4151551839668616,-0.027559055118110187,0.6608391472068886,False,0.002665657989468828,True,0.1423803681557949,0.33189419289204336,-0.12463481702302637,0.00293773396458219,False,743.5754245342713,True,True,2.196604957906574,1.1240927843354842,0.005429501286705829,False,1.1179437132571652
CRL,7,0.8343140516571593,Charles River Laboratories,Health Care,SP500,293.3500061035156,0.0054496719381380565,-0.010323529978029988,0.125153439437087,0.5789332940646108,0.6178578990402077,0.90234375,0.99609375,0.958984375,0.02338419834307992,-0.01751617892676205,1.0151816400624063,False,0.020424155997144533,True,0.15898320008228017,0.47026506409473035,-0.13717472356026683,0.010423596618805542,False,233.97837536938476,True,True,0.5740189101958915,0.8010872902943987,0.00839724981988188,False,0.6944429520970823
CTVA,8,0.814957890793447,Corteva,Materials,SP500,88.62000274658203,-0.015004984503773078,0.07777785303842011,0.1288788320367691,0.14651292047777353,0.1622088449772663,0.91015625,0.73828125,0.7109375,0.5550453825536062,-0.018794746958864628,0.4664368715494278,False,0.09788507660499657,True,0.06691506336168418,0.1521535337313371,-0.0627182665795768,0.038024966899662616,False,364.772948936676,True,True,0.6888948810755189,1.3061985801508778,0.0030009629810283656,False,1.261683644533636
RVTY,9,0.8122026457937199,Revvity,Health Care,SP500,130.6300048828125,-0.0023674778739405378,0.007092730871371966,0.13571560333276267,0.27648355423494864,0.35460487075706326,0.923828125,0.939453125,0.90625,0.056412189327485374,-0.0023674778739405378,0.5890094555789362,False,0.06793223617179533,True,0.12571183031697264,0.27987962119809473,-0.11167318929354708,0.024595311121651253,False,184.00507783569336,True,True,0.7921331747629542,1.2907588546136013,0.011531957222252531,False,1.1536102776765524
CF,10,0.811183896371167,CF Industries,Materials,SP500,137.80999755859375,-0.010483281891848772,0.09625326992477601,0.1868739321734585,0.17869347772493183,0.25551162929227234,0.9609375,0.8125,0.83984375,0.6721491228070176,-0.010483281891848772,0.837667217704732,False,0.10504716136611458,True,0.14645698148006914,0.2888428996510717,-0.12774747229590244,0.046480869867432606,False,300.3726247921753,True,True,1.1710628549849453,1.2351079985823632,-0.004810785871985468,False,0.9060030334477529
EG,11,0.8053667946863857,Everest Group,Financials,SP500,386.25,0.021069052676383038,0.022745316566739282,0.03474603853171265,0.21615377187027507,0.17469982674610596,0.6875,0.8671875,0.734375,0.36036488791423005,-0.03122651574077806,0.2823031658804649,False,0.03687239750743587,True,0.036469229650229806,0.1349393504746197,-0.035186022514664295,0.02179366287035056,False,127.03787803668213,True,True,0.6606362621768123,1.0417424357966611,0.010838548474004117,False,0.8963314972400435
INCY,12,0.7983055911149265,Incyte,Health Care,SP500,128.0,-0.006442612894961619,0.0020354011318188814,0.06844738513653881,0.26432242889059765,0.31511350654428494,0.80078125,0.923828125,0.89453125,0.06612831993177393,-0.014854096702654584,0.5674748256151818,False,0.02478293253421371,True,0.0629234052278238,0.22362338776894353,-0.05919843792915347,0.01131467157184396,False,201.78999719804384,True,True,0.6508244584967992,0.8506652146812916,0.006520191926971952,False,0.536429190521394
TECH,13,0.7973435212651321,Bio-Techne,Health Care,SP500,72.44999694824219,0.00207460428980899,-0.0002760352162822777,0.007364259879735879,0.36386287586630384,0.30013385832485273,0.58203125,0.97265625,0.8828125,0.06427418372319693,-0.0002760352162822777,0.6781635175290004,True,0.0025388038471627628,True,0.00980435255073564,0.19204451170296877,-0.009709160518044935,0.0017178142757652282,False,370.55367164477536,True,True,0.0665877678352962,0.42079455618933254,0.000829841715923596,False,0.4861814565023615
APA,14,0.7953161655173975,APA Corporation,Energy,SP500,44.18000030517578,-0.011633119661930813,0.042472845485952204,0.2746682198405861,0.164075130672374,0.3832226512475525,0.984375,0.775390625,0.92578125,0.7091138218810916,-0.011633119661930813,1.110843736256486,False,0.049855048167170235,True,0.17622598617185603,0.33323468232758735,-0.14982323825832222,0.020449469480883442,False,203.12792095389176,True,True,1.007383677101741,0.7492764493839885,-0.004026852396052272,False,0.6638876107824726
REGN,15,0.7933842067205505,Regeneron Pharmaceuticals,Health Care,SP500,843.469970703125,-0.010046663027609593,0.04427325123827597,0.09872085006131481,0.34311222841032607,0.10561248617625574,0.87109375,0.96875,0.6015625,0.38980263157894735,-0.010046663027609593,0.5261562505935917,False,0.0346052679325779,True,0.15054542544530136,0.15582657204600303,-0.13084700709407893,0.02260380269702944,False,559.5297396599121,True,True,0.7890091104806507,0.8622778201825111,0.007229760610215408,False,0.6405820750624832
TGT,16,0.7928137929728342,Target Corporation,Consumer Staples,SP500,164.00999450683594,0.003978904836287045,-0.011571133934157984,0.11894967861538941,0.3344276279193974,0.386094384404541,0.8984375,0.96484375,0.927734375,0.23384959795321636,-0.03461065927327778,1.0139466232595176,False,0.03175866477060629,True,0.12459863749028766,0.36234272660001676,-0.11079387199716728,0.00782947043806237,False,638.683946484665,True,True,0.9801950196765769,0.7503692246328661,0.0046522680215255185,False,0.44774531791990885
MRK,17,0.7910860649422721,Merck & Co.,Health Care,SP500,152.33999633789062,0.004616176147848039,0.018724108449037047,0.1870957232467345,0.27586483857209254,0.3317132912302905,0.962890625,0.935546875,0.900390625,0.24938703094541914,-0.026270378335074396,1.008931554695586,False,0.05835394810414174,True,0.13608564676426704,0.3004569676626947,-0.11978467217842104,0.017545929339111144,False,1370.627601883789,True,True,1.687973248250495,0.8811252331454976,0.007649720830772866,False,0.6379672540969685
MRNA,18,0.7861898757908332,Moderna,Health Care,SP500,148.8699951171875,-0.012863884840608852,0.042725997493741064,1.64634241028511,1.8856366481270457,1.765558054120369,1.0,1.0,0.998046875,0.17738791423001954,-0.14628976402867022,5.657870798459108,False,0.30997367810743026,True,0.776915663687993,1.7456695093758552,-0.43722708936872257,0.04949727205329779,False,2223.4188392959213,True,True,8.553634409507232,1.1511452928521302,-0.03225906977741855,False,0.764860832498215
VEEV,19,0.7855772743725754,Veeva Systems,Health Care,SP500,284.3800048828125,0.013037915525056842,0.007975046826141696,0.33192830405748297,0.5922732092068761,0.4504743875548798,0.9921875,0.998046875,0.94140625,0.11110730384990253,-0.07132126004450567,0.8779635385156723,False,0.11540160035001223,True,0.30650793244800445,0.4316960418283078,-0.23460089666176032,0.045445551879428336,False,430.98391168136595,True,True,1.4024903872784447,1.0881568751868507,0.011719893597233355,False,0.7575559322170375
LH,20,0.7831453410222956,Labcorp,Health Care,SP500,331.5,-0.0004824327936521211,-0.012864055833481047,0.05813080304945606,0.2729843657163751,0.20731941127547304,0.779296875,0.931640625,0.783203125,0.07978877314814814,-0.02100921221402441,0.35765921411288715,False,0.009209074426404396,True,0.08781911738486214,0.210116723851564,-0.08072952201463512,-0.0003093813610701712,True,210.2515416843872,True,True,0.644530721554407,0.8792551593445956,0.005457388707134303,False,0.7495176941461027
NEM,21,0.776168301485182,Newmont,Materials,SP500,130.42999267578125,0.04427534893789842,-0.012007632678116886,0.2532505619230352,0.2065125077507841,0.12849248598899776,0.978515625,0.857421875,0.640625,0.6332503350389864,-0.03284368640133095,0.758190901357046,False,0.05351274562239916,True,0.22722077692961729,0.20969315346862993,-0.18515069268799444,0.027788679203409217,False,843.1553059373322,True,True,1.1308434309595714,1.2095885821938386,0.026180917558987105,False,0.9749482950468066
AMGN,22,0.774374966265721,Amgen,Health Care,SP500,444.1199951171875,0.0028904317358007248,0.016316174379620074,0.09534726746573563,0.2925794026090114,0.22439820299505864,0.861328125,0.951171875,0.806640625,0.0739788925438597,0.0,0.6831624698031351,True,0.0354770204388386,True,0.1283938195355776,0.2556674558190575,-0.11378458239732447,0.015685448838682392,False,965.3812745828858,True,True,0.8000097893046377,0.8609647675276151,0.006390608601858139,False,0.7473039376747785
COP,23,0.7728933096053446,ConocoPhillips,Energy,SP500,135.72000122070312,-0.010787141111215814,0.04786902983109664,0.18763239706093038,0.14589642177994566,0.17822788660034172,0.96484375,0.732421875,0.73828125,0.5511353252923976,-0.010787141111215814,0.6343541693042147,False,0.0459660912882367,True,0.13987120123082541,0.22133373877183682,-0.12270789987482211,0.01714329571537454,False,800.669803411972,True,True,0.8934946111879982,0.9170629518741514,-0.005903772424275755,False,0.73431436349651
GPC,24,0.7723158561643342,Genuine Parts Company,Consumer Discretionary,SP500,137.6199951171875,0.0034269139017086836,0.006730052593151514,0.04797431801396845,0.4105179413590594,0.19881921332417152,0.736328125,0.984375,0.7734375,0.07404361598440545,-0.05940151704453722,0.5044812170547808,False,0.016358305512050864,True,0.06859935103529735,0.16211772105067168,-0.06419557617065363,0.008992380855528781,False,201.76231990805053,True,True,0.4936163204405178,0.5816515244919203,0.0034998979780518358,False,0.5961436583527434
JNJ,25,0.7703672527545123,Johnson & Johnson,Health Care,SP500,278.42999267578125,0.011700161043131097,0.04763518901849406,0.08623473143663207,0.22629264779036395,0.17436196092421152,0.8359375,0.890625,0.73046875,0.17327607212475638,0.0,0.634730136580578,True,0.04404164812992595,True,0.07050393338176741,0.1944591242727871,-0.06586050847944347,0.02620772877021693,False,1954.5705262120057,True,True,0.8044560163150601,0.8899958431738522,0.007666930470018984,False,0.783331030052019
HOOD,26,0.7689585133741531,Robinhood Markets,Financials,SP500,124.72000122070312,0.16571645678046676,0.13629736509939927,0.3439654861987711,0.41197779503333587,0.5481629220506177,0.994140625,0.986328125,0.94921875,0.1598174037524367,-0.18194939178525527,0.9140576152734006,False,0.22447979392803474,True,0.2241781169702135,0.3119386062457745,-0.18312540786551912,0.1470571367739344,False,2226.505375382767,True,True,1.2761726265162332,1.1431278344974278,0.0636508582480717,True,2.4258357844641583
DE,27,0.7680305749853036,Deere & Company,Industrials,SP500,694.4099731445312,-0.00567037816679361,0.11523143143062686,0.13465681886361325,0.1765269228001003,0.1820855621918409,0.921875,0.80859375,0.744140625,0.3310109039961014,-0.00567037816679361,0.5956399747103442,False,0.1007232560663196,True,0.12462145067955088,0.2289261792885151,-0.11081190973571464,0.0513559561809811,False,768.1282513498535,True,True,1.2161012028869915,1.3681624270772261,0.006987706970419838,False,1.3810595220419677
WELL,28,0.7674880279212718,Welltower,Real Estate,SP500,241.1199951171875,0.010603960007249835,0.006343860496460962,0.020148560936969373,0.20502978555831652,0.1843770257821331,0.626953125,0.853515625,0.75390625,0.24727780823586742,-0.03982930125853623,0.4811422444094098,False,0.018366859088021936,True,0.020524349896054117,0.1516980907755736,-0.020111572936152622,0.008557687645013301,False,703.182389370636,True,True,0.740139384053521,1.0250187157381245,0.002179488999716872,False,0.7572754648665598
SJM,29,0.7627382593788178,J.M. Smucker Company (The),Consumer Staples,SP500,128.50999450683594,-0.02229159981852913,-0.025257902939562316,0.0881162944233922,0.2827762636697151,0.17796088336670657,0.84375,0.943359375,0.736328125,0.06811571028265107,-0.02894062216290172,0.46491861573875504,False,0.03373418043172083,True,0.08488616916922531,0.2257516449666246,-0.0782443094783194,-0.004180638138287618,False,168.14463153388976,True,True,0.74305467524679,0.9563820446145984,-0.013390214036321124,False,0.8496127777715332
BDX,30,0.7623559636041985,Becton Dickinson,Health Care,SP500,187.6199951171875,0.0005332276154457194,-0.002710943243437902,0.09937882978519852,0.2633235826058473,0.11892046640644383,0.873046875,0.921875,0.625,0.12265472709551661,-0.022812525431315067,0.3786862127723414,False,0.009882411542755154,True,0.10798380764317539,0.18432888358539468,-0.0974597344277719,-0.00022124909373688606,False,337.6614426274109,True,True,0.6523940367590745,0.8225509694446458,0.007732492081940157,False,0.5925485727756714
VRTX,31,0.7603086590045124,Vertex Pharmaceuticals,Health Care,SP500,557.9600219726562,0.0021733668121350913,0.019012025224669715,0.15083645283044045,0.2630960164521625,0.21079817087909714,0.935546875,0.919921875,0.79296875,0.2298633954678363,0.0,0.48149335990258235,True,0.04043541326171174,True,0.099546911281994,0.19840056283348817,-0.0905344831226248,0.018061521986911133,False,754.2914833059692,True,True,1.1667229787108722,0.715567498085914,0.00404131118096096,False,0.5296391547998921
DELL,32,0.7574347478812181,Dell Technologies,Information Technology,SP500,516.3900146484375,0.04914669207938038,0.09344429756970851,0.11603631083844257,0.22554988553202926,2.541111763575812,0.892578125,0.88671875,1.0,-0.11328125,0.0,3.6713221422844056,True,0.1162872439428293,True,0.18187405276538438,1.0588902419343276,-0.15388615423092677,0.09840570016503891,False,3277.656784059387,True,True,0.8108615684426055,2.281824203612763,-0.01196670967565927,False,2.843998127786949
ZBRA,33,0.757238006349285,Zebra Technologies,Information Technology,SP500,357.5,0.018199467161377436,-0.009996913677277508,-0.031139029617244574,0.4563304799662502,0.5565811941053915,0.37890625,0.994140625,0.953125,0.009735166910331383,-0.0667258333459474,0.7937781963162236,False,-0.020561354803061427,False,0.14416476419543778,0.3932491550071746,-0.1260000034145542,0.0048747485865370255,False,233.5298496309204,True,True,0.384470447525875,0.7228059639066216,0.0017088836220788828,False,0.549569477513053
ROP,34,0.7559716383424384,Roper Technologies,Information Technology,SP500,422.3500061035156,0.015777189022773364,-0.0008043633299270603,0.07051430160012107,0.2760977805620042,0.1597415739696202,0.810546875,0.9375,0.70703125,0.3332115009746589,-0.1917123970919421,0.34531920159405893,False,0.03222542751716806,True,0.10436673821932563,0.12644542273353676,-0.09450369574477224,0.011409173205031209,True,323.0757457941284,True,True,0.6014217984048772,0.7069118768940764,0.014406287095106718,False,0.7189375854636475
DGX,35,0.753009699450462,Quest Diagnostics,Health Care,SP500,239.39999389648438,-0.005813991434927557,-0.02129923838300629,0.01509496952965228,0.22564428022649086,0.1835564649245074,0.615234375,0.888671875,0.751953125,0.01732684576023391,-0.02285716776945157,0.3979169330382939,False,-0.0021632533723427994,False,0.055639024863213926,0.19898218326426043,-0.05270648730556671,-0.004731470749587241,True,217.4115491819763,True,True,0.5643446974298443,1.0428049006907112,0.004983375967749781,False,1.0861282074772427
NWSA,36,0.7509568761919944,News Corp (Class A),Communication Services,SP500,30.950000762939453,0.009787965681663735,-0.007694766495951133,0.0650378985454596,0.1531296790978327,0.28003850201538416,0.791015625,0.75390625,0.86328125,0.06969572368421051,-0.007694766495951133,0.38747046004772234,False,0.03560198411486071,True,0.09156447288477332,0.18381822897841515,-0.08388370559806502,0.010317258686121544,False,113.94969508070373,True,True,0.7425863381916101,1.0503476505219198,0.009787965681663735,False,0.9255790335551555
TMO,37,0.7499764832431439,Thermo Fisher Scientific,Health Care,SP500,618.4299926757812,0.016252037673017306,-0.019454604873580195,0.0702628357564623,0.284256040857473,0.19432174945705194,0.80859375,0.9453125,0.763671875,0.07786610623781676,-0.030945528375740383,0.41225973039082975,False,0.012256473455273698,True,0.08768793128246943,0.1555158127773819,-0.08061864875072988,0.0048318507421820645,False,1141.769306529358,True,True,0.7189860072102642,0.7170129174237916,0.009021677240216741,False,0.8893717878595256
BMY,38,0.7485110986974949,Bristol Myers Squibb,Health Care,SP500,68.08999633789062,0.0063551973471449585,0.017027624221249038,0.07009264804193571,0.21658337383639337,0.1453508763937028,0.806640625,0.869140625,0.677734375,0.20442327607212474,0.0,0.6523651762342992,True,0.0301837726875831,True,0.08756659997222216,0.1904823670014213,-0.08051608055493675,0.014074398541126909,False,685.1796623210907,True,True,0.758860559143588,0.7134651147174279,0.006207480730310966,False,0.5535466563167197
CVX,39,0.748087233838782,Chevron Corporation,Energy,SP500,211.32000732421875,-0.002172025015249379,0.0578165030021478,0.14352360424583788,0.13174532921377557,0.1327891653244051,0.9296875,0.697265625,0.654296875,0.4321584125243665,-0.002172025015249379,0.48021139482491826,False,0.04896804024654511,True,0.11688685224624673,0.18766987073251573,-0.10465415723281879,0.022974420850808253,False,1548.4525635040893,True,True,0.8482052040206994,0.9757387475371845,0.0028331575548874444,False,0.8018676654998969
PLTR,40,0.7478175567011148,Palantir Technologies,Information Technology,SP500,182.52999877929688,0.07712729580790323,-0.01828641978388701,0.15211770004203085,0.2881439852533545,0.19558525557397566,0.939453125,0.94921875,0.767578125,0.19483278508771928,-0.11897864064055397,0.7015941501951659,False,0.032386146580820396,True,0.22876272768268713,0.20596075484643306,-0.18617323143753628,0.02106643361192928,True,6141.594836086548,True,True,0.7567310921676089,0.7388559160476705,0.01793929638670333,False,0.9114482437451427
BIIB,41,0.7454413039850191,Biogen,Health Care,SP500,224.50999450683594,0.00826333297265558,0.013589139985715315,0.08653142913181378,0.14283531684648798,0.19369413186472095,0.837890625,0.724609375,0.76171875,0.15930723075048736,0.0,0.6548241876384575,True,0.043618500588031184,True,0.07344214188581155,0.17688776187269606,-0.06841742001743034,0.022655455745041575,False,233.71846816738892,True,True,0.6450240296945289,0.7015912176853241,0.012439952823636746,False,0.4818984014309066
DASH,42,0.7450792562577312,DoorDash,Consumer Discretionary,SP500,222.0,-0.018741183655479388,-0.04264952958592283,0.0710667024842444,0.3868931707508654,0.2099411661730235,0.8125,0.9765625,0.7890625,0.08767361111111116,-0.21203944170182676,0.5143246299951976,False,-0.0028723617631503107,False,0.09394956681445588,0.17783067904623673,-0.08588107684711077,-0.02135057726938927,True,844.4761180692138,True,True,0.5696823968015025,0.7970256186118334,0.014984084632860606,False,0.7791127257599788
KO,43,0.7440226073824185,Coca-Cola Company (The),Consumer Staples,SP500,88.80999755859375,0.006459652182950082,-0.0028070964164974566,0.022803128939137274,0.16354309521048815,0.1683498104675396,0.6328125,0.7734375,0.72265625,0.15745309454191037,-0.03456897900883882,0.3800839040456403,False,3.375397336191632e-05,True,0.03372254244318729,0.1416267248442833,-0.032622431124975315,-0.0021567785583896937,False,1438.648629248413,True,True,0.6163993582662091,0.9617065631086466,-0.001473223669142265,False,0.8130944900515706
HPQ,44,0.7417386347493414,HP Inc.,Information Technology,SP500,31.93000030517578,-0.0018755694395644618,0.07762407052156228,0.11956521012200216,0.2288501334259616,0.6981969032092092,0.900390625,0.892578125,0.962890625,-0.07038483796296291,-0.0018755694395644618,0.8045674847012643,False,0.060585945092757054,True,0.18199723058535988,0.4201350947974156,-0.1539743291067014,0.03672693954932349,False,409.786703033535,True,True,0.8858122593050324,1.0470546535828584,-0.009065301977292717,False,0.9119999281213566
SCHW,45,0.7416759462113728,Charles Schwab Corporation,Financials,SP500,110.37999725341797,0.019770874278303596,0.02156403642620952,0.02482753168804841,0.2579757060378409,0.1644386069387782,0.642578125,0.91796875,0.716796875,0.15188687865497075,-0.028772584501165488,0.29703413044583304,False,0.004517435139203663,True,0.05658357635859246,0.14049042853351046,-0.05355333702384624,0.0066543975433690505,False,861.7674928970032,True,True,0.8165091712249727,0.9772234056948816,0.00498892208226942,False,0.7507986766881998
MSFT,46,0.7412727340617424,Microsoft,Information Technology,SP500,510.1199951171875,0.026770233881280303,0.010018606864636403,0.04845589395672456,0.19397339440386618,0.24716875451909592,0.7421875,0.8359375,0.828125,0.04061586257309946,-0.051198012351059474,0.448517215492908,False,0.029907140311515645,True,0.15775480771059547,0.1880076839627407,-0.13625925512030312,0.018854428575296955,False,15637.478188478333,True,True,0.4657647393082251,0.6418695784369823,0.009741951343622324,False,0.6545586589770399
J,47,0.740452713202439,Jacobs Solutions,Industrials,SP500,147.5399932861328,0.0031274914968146827,-0.020448824398502596,0.022325915503262683,0.1968916060340824,0.09014147897714642,0.630859375,0.841796875,0.576171875,0.3739606176900585,-0.09321422016804248,0.38312920078829316,False,0.0006451033770502601,True,0.07105834653205156,0.11742543375205039,-0.06634404816705775,-0.004989294012370138,False,125.4999793899994,True,True,0.5990452345026951,0.9392081435092188,0.010266484144937804,False,0.7860816353102011
VZ,48,0.7396361824572415,Verizon,Communication Services,SP500,50.59000015258789,0.007367561188593497,0.023467526608342837,0.0886593248043479,0.14669967705834552,0.02044339340047574,0.845703125,0.7421875,0.419921875,0.42444870857699807,0.0,0.3836565358509141,True,0.031512197847298085,True,0.09536629422572607,0.13378144376599432,-0.08706338211103792,0.01197906317584252,False,1192.3738289474488,True,True,0.5220582968407395,0.715407216786553,0.007765818004155323,False,0.6807443728006342
DXCM,49,0.7389893613154016,Dexcom,Health Care,SP500,89.70999908447266,0.00022295286567164396,0.004703753663779731,0.08528907706297306,0.23584520747035365,0.2690620453554484,0.83203125,0.904296875,0.849609375,-0.06451404117933723,-0.028481669457666836,0.6358497234657512,False,-0.00025075632354121247,False,0.10975858766086088,0.267959865903582,-0.09890312080594843,-0.0022748028883828875,True,377.67766622070314,True,True,0.4677944538988233,0.4837025514338431,0.0004459907953897613,False,0.35603265171014076
NDAQ,50,0.7360530541176226,"Nasdaq, Inc.",Financials,SP500,98.70999908447266,0.031236918362291366,-0.006441866124589302,0.043887496119142444,0.12000050208256052,0.12583850846281264,0.7265625,0.681640625,0.634765625,0.20015914351851855,-0.015866929495314985,0.2844502413062875,False,0.013845229070510001,True,0.06847273604145476,0.0971238665251819,-0.06408468249282329,0.007824738564043532,False,336.19904973789977,True,True,0.5299226904077301,0.8626337298535618,0.016506496144015337,False,0.5130239358103178
ADP,51,0.7337221070619205,Automatic Data Processing,Industrials,SP500,283.5299987792969,0.008429346586706243,-0.0040396021008546334,0.04976120042814314,0.23505736495485174,0.2934061520492097,0.75,0.90234375,0.873046875,-0.027480811403508776,-0.03247369628518115,0.5132217609067822,False,0.019727019333175777,True,0.0872774722527836,0.20779413670369973,-0.08027157232638071,0.0038478944496784795,True,624.3740702113037,True,True,0.6334518227216409,0.7684963015670765,0.006224213889622465,False,0.9679425991269748
FDS,52,0.7334303100358267,FactSet,Financials,SP500,312.9599914550781,0.02251113786383141,0.03175799948829994,0.12987572887758914,0.23182240070206772,0.4034862048073473,0.9140625,0.8984375,0.931640625,-0.013843201754385914,-0.15126487531172483,0.6694782238017714,False,0.06226574190229606,True,0.15915883271522224,0.26503594225558236,-0.13730545652868587,0.02736784402208725,False,246.2392661448059,True,True,0.6131117341818026,0.8515297639929662,0.014506493073994653,False,0.6916436516528505
TYL,53,0.7332476015151973,Tyler Technologies,Information Technology,SP500,379.2699890136719,0.01171037151536436,0.025386568635507478,0.23709963345657625,0.23079667864954945,0.036625014555217605,0.97265625,0.896484375,0.45703125,0.7229950962475633,-0.3300300205434361,0.3778108916727374,False,0.09350128207657837,True,0.1720311587212191,0.059207453706772606,-0.14678036282663254,0.03213170147923705,False,291.5268961963501,True,True,0.7075622244682145,1.9477655278696082,0.018992731072475344,False,0.9184297254072198
RJF,54,0.7298381059783546,Raymond James Financial,Financials,SP500,181.10000610351562,0.029269731427096213,0.02833459471847144,0.0030462644279221074,0.2075315092289618,0.16715243234568078,0.564453125,0.86328125,0.71875,0.18296935916179335,-0.0004414757451103313,0.29481095718786854,True,0.018795146668295404,True,0.05460501714104016,0.1358052031140493,-0.051777695206751906,0.021072303312894558,False,210.63916931674194,True,True,0.9747701381426169,1.1541570978100872,0.002500724348041272,False,0.8864579403998492
PAYX,55,0.7257182132734081,Paychex,Industrials,SP500,125.08000183105469,0.008709692185924878,-0.011068955476922548,0.057580158800042636,0.2704296844911589,0.30115763405855733,0.775390625,0.9296875,0.884765625,-0.009883650097465835,-0.04901626508700774,0.4959436255656615,False,0.012740229845991102,True,0.084028783238558,0.22577401975739164,-0.07751526946315979,0.0002818838596956308,True,329.9540836860352,True,True,0.7654882202505754,0.8221020908204447,0.0020967914212135508,False,0.9889707419793039
GILD,56,0.7232933719756134,Gilead Sciences,Health Care,SP500,151.22000122070312,0.010761316782189612,0.01585382641861588,0.147692831854646,0.17830815735832517,0.05469387459722719,0.931640625,0.810546875,0.486328125,0.5025546722709552,-0.017469385003410443,0.39371675582174137,False,0.0541064355260108,True,0.11141327288830793,0.13504389204976164,-0.10024468449865676,0.022030362632442735,False,906.2340093684845,True,True,0.8210606123050894,0.7397393070332523,0.007085071547820121,False,0.6642028384529687
AMP,57,0.7230113706062562,Ameriprise Financial,Financials,SP500,565.0800170898438,0.023973982221996204,0.01675152892638221,0.007218843166103772,0.24556777251631168,0.2030611800037021,0.580078125,0.908203125,0.77734375,0.12067875852826515,-0.00981281218512775,0.32182997991970885,False,0.011470983013678993,True,0.06127164175798372,0.16685297112176012,-0.05773417412387272,0.0159726314051154,False,293.3814649937134,True,True,0.8361002502561732,0.7738415376341042,0.009422872949319316,False,0.8267845161018348
GPN,58,0.7216951682429475,Global Payments,Financials,SP500,91.7699966430664,-0.011205699201433106,-0.010459362120408988,0.04903970189197282,0.3585302388051914,0.18053847418410585,0.748046875,0.970703125,0.7421875,0.07011832967836262,-0.03226832362019627,0.4746587105927862,False,0.006189286788523596,True,0.09051625919016804,0.21942367291192677,-0.08300312666350018,-0.0008810538760389841,False,261.3027416138763,True,True,0.810628237167543,0.6905307150443634,0.010236015543874544,False,0.5253854218479056
ZS,59,0.7198277709471472,Zscaler,Information Technology,NDX,177.8000030517578,0.029352211252387628,-0.05072076799365988,0.0999072673372039,0.3145054729598702,0.09780189973611786,0.875,0.955078125,0.58203125,0.2630703277290448,-0.4712581887748273,0.5061414523962631,False,-0.008932403880759554,False,0.11097088840061886,0.027282366283662762,-0.09988640526879633,-0.004680839041419582,True,404.36095665481565,True,True,0.7208228190950551,1.3922604066517674,0.03676261367789291,True,3.4087473630006144
BBY,60,0.7178272260974008,Best Buy,Consumer Discretionary,SP500,87.48999786376953,0.005632159353672783,0.04703207778841789,0.03538459010378148,0.24882756568833853,0.37201397487456256,0.693359375,0.91015625,0.916015625,-0.06840125487329429,-0.029721640896059998,0.5967987131467938,False,0.029596915137034774,True,0.04459931506611614,0.24601818778120577,-0.04269514101997396,0.028539431618036515,False,314.22644298757933,True,True,0.861247054233711,1.4028767408996492,0.006436753547054641,False,0.8958886655182076
TRV,61,0.7165672993930883,Travelers Companies (The),Financials,SP500,374.3399963378906,0.02228413300923937,0.013565131312847534,-0.021205427141548716,0.2810721033883359,0.23034741262276404,0.427734375,0.94140625,0.80859375,0.02522691276803124,-0.057600334355016325,0.4480490711506895,False,0.013133058562591948,True,0.033740001553748344,0.2050103892932731,-0.0326387694227136,0.015129032968010714,False,669.2674996302491,True,True,0.6299746619110675,0.7999817682813675,0.004560635373689115,False,0.8818122298196702
WDAY,62,0.7164467715262698,"Workday, Inc.",Information Technology,SP500,206.9199981689453,0.030118998351288173,0.06896724874513271,0.212611339129539,0.39895877929690515,0.4058975979484092,0.966796875,0.98046875,0.935546875,0.033100328947368474,-0.16460092805766569,0.8392888726128471,False,0.06404204026863725,True,0.26056819034903,0.29061632848769503,-0.20670693766822967,0.038624075573154615,False,787.0401197499084,True,True,1.1849302617399473,0.956872365382578,0.020510830268965607,False,0.6283949639050641
IVZ,63,0.7161676839459179,Invesco,Financials,SP500,32.709999084472656,0.031210586145925978,-0.01801267679620866,0.028702914740037277,0.16893073754831445,0.34193618458236585,0.662109375,0.787109375,0.90234375,-0.025756122076023402,-0.01801267679620866,0.5368611396412701,False,0.015623379263518977,True,0.08500754393753662,0.21886161992344366,-0.07834742201795275,0.009290107649408075,True,136.48481259910966,True,True,0.6296800357875785,0.8116988196401964,0.014501923133006578,False,0.7446918548282222
CMG,64,0.7153795636720082,Chipotle Mexican Grill,Consumer Discretionary,SP500,37.56999969482422,-0.024662532493505807,0.009403505175771265,0.08898549840070191,0.33321502086441734,0.01376142208944331,0.849609375,0.962890625,0.3984375,0.47166255482456143,-0.11307839580995671,0.33321502086441734,False,0.0593244152424357,True,0.08029926670486875,0.07902716955874234,-0.07433057596141635,0.005423467956048089,True,631.8707882416535,True,True,0.6730019610786933,0.6655581539481475,0.00908614927211282,False,0.48320735379318375
JPM,65,0.7152217231493689,JPMorgan Chase,Financials,SP500,362.05999755859375,0.016394352697428616,0.02213312718331162,0.007849925957237991,0.169838319697853,0.24528132757435328,0.591796875,0.791015625,0.82421875,0.03468034234892792,-0.008543718658643895,0.292434995236154,False,0.010529251231312875,True,0.03704572636470305,0.14572034992384442,-0.035722365391316346,0.013201349009567043,False,2694.6150160855714,True,True,0.6074680168732262,0.7113661222665657,0.006905820691281095,False,0.6904924965597807
GDDY,66,0.7149721298755682,GoDaddy,Information Technology,SP500,103.62999725341797,0.017276867177614674,0.06857077403894452,0.12923614519111615,0.22147573935167042,0.11274562772109009,0.912109375,0.884765625,0.615234375,0.44811845151072127,-0.30393609716101255,0.38191759175239937,False,0.07096717897364013,True,0.11415728569890193,0.07615706508748588,-0.10246065538878735,0.039693376087667875,False,181.57676486053467,True,True,0.7801277851502889,0.9388591081762526,0.011288837395490914,False,0.9429804708834013
AJG,67,0.7148318551136799,Arthur J. Gallagher & Co.,Financials,SP500,266.6600036621094,0.008318884814775274,0.025024062726733742,0.062263494239006345,0.2679980969685509,0.1685853179561274,0.78515625,0.927734375,0.724609375,0.07978115862573099,-0.13334746360331406,0.39347706688882567,False,0.029589221571219904,True,0.054859348789102924,0.14407125319676828,-0.052006316152079735,0.011613323874043902,False,375.79706229779055,True,True,0.7732034744783308,1.0774999764878805,0.005104764981983756,False,0.9848133557347611
NWS,68,0.7123734033288958,News Corp (Class B),Communication Services,SP500,34.720001220703125,0.009009048958607657,-0.016987499414078955,0.0479927588688831,0.1280052126758744,0.29354214542492985,0.73828125,0.689453125,0.875,0.03253304702729043,-0.016987499414078955,0.3585974993473189,False,0.02447592528175213,True,0.08026712152957405,0.16546644868534455,-0.07430303110208702,0.006102450361322287,False,40.26125861113358,True,True,0.7409511056416459,0.9910558857074254,0.011624572149162349,False,0.634614789364534
PRU,69,0.7110983407043107,Prudential Financial,Financials,SP500,123.19999694824219,0.028037389127399504,0.0235107928643834,0.037136093528358005,0.2061776524365011,0.2741657852304562,0.703125,0.85546875,0.8515625,0.021160757797271,-0.004057516724273791,0.3730520737179859,False,0.020050371369874753,True,0.0471257646776535,0.16910745774352987,-0.045004875505246233,0.024866115198948435,False,209.5882757646637,True,True,0.9167126889773572,0.9216327116985266,0.01109814645942353,False,0.8606054521929237
ALL,70,0.7090791473805326,Allstate,Financials,SP500,263.1099853515625,0.014536859207632702,0.025561028436352773,-0.001455035938102034,0.25310673623567914,0.2550649904202462,0.544921875,0.9140625,0.837890625,0.07585587231968816,-0.03963857852142949,0.41157925232988424,False,0.015343196541332205,True,0.031101054606187395,0.19884237838409913,-0.030162954898795946,0.01470216125164625,False,423.67124187771606,True,True,0.8579446208299462,0.7976783969013235,0.006208127908827965,False,0.7855653693741848
TRGP,71,0.708549909274985,Targa Resources,Energy,SP500,293.5400085449219,0.00027266779858803325,0.015885087883650728,0.12852264455813045,0.10301755613983254,0.2400943938076754,0.908203125,0.646484375,0.8203125,0.305353770711501,-0.028817176030035196,1.049569756765493,False,0.029477287410248243,True,0.060516268226999737,0.24589305533520878,-0.05706302679182129,0.005185540613939388,False,351.0263086309814,True,True,1.3480250595921075,0.8974073495016684,0.0017379192410391653,False,0.6610468535581259
PFE,72,0.7078057673559649,Pfizer,Health Care,SP500,28.809999465942383,-0.007236422760465766,0.02819411118031656,0.11623402022765061,0.1410665324004703,0.11980000268371183,0.89453125,0.72265625,0.62890625,0.37762701023391815,-0.007236422760465766,0.3063775513292937,False,0.03967808638193082,True,0.12020309133586937,0.13299415388277636,-0.10730473095956583,0.014946936281345025,False,1039.1582597534218,True,True,1.1582677014483582,0.8931895069340444,0.0024121190117174507,False,0.6407179462807626
OKE,73,0.7076522449706455,Oneok,Energy,SP500,95.75,-0.002708073434490199,0.010874142377774287,0.09754702366590307,0.08928227970712088,0.1454760740175327,0.8671875,0.6171875,0.6796875,0.3384350633528265,-0.013598431018585821,0.5455726256243643,False,0.020098336107433834,True,0.05205887722694591,0.1515985314084778,-0.049482855336161924,0.00696449315167591,True,329.3245770864563,True,True,0.929348304749512,1.0007740574347306,0.004686979879488851,False,0.6570384468223746
ICE,74,0.707223010676847,Intercontinental Exchange,Financials,SP500,164.58999633789062,0.042698701132485306,0.0207764247742388,0.09843833662901735,0.1628980311126167,0.01057894512975599,0.869140625,0.771484375,0.38671875,0.5200223866959064,-0.05378956290124759,0.33910984813216083,False,0.043697143067303434,True,0.11808691188030562,0.06533814569849183,-0.10561514550037687,0.02462066076204117,False,600.7496284304657,True,True,0.7246956089208715,0.8561731851822453,0.010516239082257073,False,1.1369310422115033
TRI,75,0.7061502819198386,Thomson Reuters,Industrials,NDX,111.76000213623047,0.0556342612340075,0.06661579918163496,0.14075969204502603,0.31199339588091624,0.05163335986238016,0.927734375,0.953125,0.47265625,0.5262244152046784,-0.3484910373640563,0.4695010905437189,False,0.06842819991935833,True,0.14909245931163007,0.12173308255821924,-0.12974800948649923,0.04715665601900798,False,197.77699149624632,True,True,0.6678495351970016,0.7397942279791004,0.017285294740575052,False,0.9026255216720527
CDW,76,0.7050562949570977,CDW Corporation,Information Technology,SP500,153.9199981689453,0.03531311000645876,0.03322814598698054,0.10389211311388413,0.1090375562981658,0.25148666211470116,0.8828125,0.66015625,0.83203125,0.2663940667641326,-0.08031751302373591,0.5666898471447437,False,0.09418453931923532,True,0.10799997862492705,0.18056329908118474,-0.09747290677655007,0.04493007459880105,False,263.06046962617495,True,True,0.9250604206951083,0.9162692658740861,0.0017488027849470456,False,0.8953484209395814
GEN,77,0.7024870215776118,Gen Digital,Information Technology,SP500,31.329999923706055,0.022185980869137367,0.027213112252657545,0.12587166937614325,0.186580498056359,0.3992371549949729,0.904296875,0.826171875,0.9296875,-0.15043631213450293,0.0,0.76840442664622,True,0.0698755323550524,True,0.13915233459623044,0.2857675284743253,-0.12215428118799632,0.034806830281980616,False,142.65262464823533,True,True,0.8988792376747319,1.190942933337474,0.013703102170351089,False,1.2465204165213215
MSI,78,0.7014060021166278,Motorola Solutions,Information Technology,SP500,472.2300109863281,-0.013968934798787025,-0.029411759171440344,0.07780616971322374,0.15320738006434076,0.01656129462621636,0.826171875,0.7578125,0.408203125,0.4264284844054581,-0.03869794728840592,0.3064919356336684,False,-0.007254838371308581,False,0.06549371533223658,0.12237742293987863,-0.061467950856767595,-0.017080269758820488,True,430.1772428801269,True,True,0.8013529108604461,1.020398042845808,0.0031320470181737115,False,1.0356067637005681
PFG,79,0.7009705894382355,Principal Financial Group,Financials,SP500,118.51000213623047,0.07277994773861352,0.0645550339772174,0.03971387716627106,0.15361929012650544,0.29889211539807503,0.712890625,0.759765625,0.880859375,0.04826465034113059,0.0,0.5639111877538985,True,0.06073877133905614,True,0.06601264754317304,0.22015494531419555,-0.061924825840773634,0.05823218298138544,False,157.1057440888214,True,True,1.4070448222219842,1.274733266269661,0.05304608079657869,True,2.661831454914355
MET,80,0.6999670062294873,MetLife,Financials,SP500,99.2300033569336,0.029143385618662254,0.03096107383827107,0.03085394924986473,0.19631878986533557,0.379350919137766,0.669921875,0.83984375,0.921875,-0.0042108308966861685,-0.0072035379018714485,0.48611331540117186,False,0.0302599590895003,True,0.058227987592258446,0.22633318687482085,-0.055024048007596416,0.02870319055357018,False,327.5949530692291,True,True,0.9052472958482463,0.8643887035715083,0.00757107831151882,False,1.0541534687710483
WTW,81,0.6995983575041312,Willis Towers Watson,Financials,SP500,342.05999755859375,0.012820852253017323,0.0073031718133964585,0.011802260324585534,0.32760383884579736,0.14616810166625882,0.603515625,0.958984375,0.68359375,0.017463907163742687,-0.024775488072434015,0.41791298535334653,False,0.008211647645193665,True,0.08788624437892567,0.14506141934285632,-0.08078624473195728,0.006778035124110682,False,172.76395693804932,True,True,0.6922362472405034,0.6719619666048238,0.007106250017507421,False,0.6662535978414752
AWK,82,0.6963345342138294,American Water Works,Utilities,SP500,140.88999938964844,0.0100365176095214,0.03072643846094425,0.05714916076020127,0.1601401586601059,0.06099447300500915,0.7734375,0.76953125,0.498046875,0.26855659113060426,-0.004788316013120353,0.170867147810998,False,0.028191161702485035,True,0.048862149529509624,0.08460070112566376,-0.04658586407320331,0.017573303335570056,False,303.75500227984617,True,True,0.8416888473338313,0.9044077535087036,0.0019355437883692428,False,0.8121797316537284
MA,83,0.6926150969470822,Mastercard,Financials,SP500,585.7100219726562,-0.004131656774337578,-0.01017348908251181,0.026696890382362115,0.21780941025424472,0.12015425378616196,0.658203125,0.873046875,0.630859375,0.1537486293859649,-0.023588776922023436,0.24417746760948855,False,0.01181792597133402,True,0.05390594436869489,0.1075137120089995,-0.05114872409319737,-0.001963486206853049,True,1769.1155449261475,True,True,0.8944748284468979,0.8040393670942196,0.004335681520484469,False,0.6929378782925694
ACGL,84,0.6910848116876248,Arch Capital Group,Financials,SP500,99.83000183105469,0.016495293368128827,0.0108343425645967,0.007468014133744649,0.1300657229961395,0.028433111619527773,0.5859375,0.69140625,0.4375,0.2508604410331384,-0.0624530551862148,0.17835222370911774,False,0.009551469904771626,True,-0.0015941478659854402,0.03915816098436142,0.0015966932310924609,0.007567639528957226,False,197.58105561235047,False,True,0.593465588439126,2.1617456279358755,0.008043996771121442,False,4.115679263186674
T,85,0.6904269476183091,AT&T,Communication Services,SP500,26.190000534057617,0.00924854582127499,0.029885970104654325,0.135732920234364,0.16559855596231743,-0.07426795005655407,0.92578125,0.78125,0.21875,0.6584429824561404,-0.07840350696682397,0.2959317335729308,False,0.03928572761228555,True,0.1187702832626727,0.06070757612319966,-0.10616145694923418,0.015369998167536592,False,1401.3835125790176,True,True,0.4942862107997462,0.516823628622427,0.0077070847672748855,False,0.527811885926749
DVN,86,0.6888944475650524,Devon Energy,Energy,SP500,48.790000915527344,-0.004894918820003591,0.03544146904707457,0.1591827212794037,0.06842851197466371,0.10947156908873135,0.947265625,0.564453125,0.611328125,0.5020749573586745,-0.05632748357483053,0.5662148871532906,False,0.035166843079301735,True,0.09138659128558291,0.1313385413465844,-0.08373439074227174,0.012136738511254741,False,489.0145918134232,True,True,0.8550935147653371,0.932749581984586,0.00224353687722334,False,1.004687788778161
BALL,87,0.6883833874488017,Ball Corporation,Materials,SP500,62.93000030517578,-0.005845164871157493,-0.003779265118872166,-0.005662221314616578,0.19792237532614476,0.0022509561551409263,0.533203125,0.845703125,0.3671875,0.21607349537037035,-0.06210678120106705,0.37490431056475537,False,0.0030649236063229335,True,0.003718242185007936,0.0733125107739494,-0.0037044680755364823,-0.0024537805309646776,False,120.80588646552276,True,True,0.5876696287546423,0.9724390162899985,0.005529262133283641,False,1.0688652363223068
APD,88,0.687926483566275,Air Products,Materials,SP500,304.2200012207031,-0.016900988140304496,-0.004092054849919147,0.030939730238629393,0.08223372197938406,0.11463397207589865,0.673828125,0.59765625,0.6171875,0.33059971978557506,-0.03173239486690049,0.3445895903126024,False,-0.004351171555313393,False,0.015384534588143373,0.08683254346194658,-0.015151436784866523,-0.006391782548618941,True,346.7767735883179,True,True,0.7047188679640113,0.8726770250758962,0.005332020783312963,False,0.6108860468419237
BAX,89,0.6865552846042196,Baxter International,Health Care,SP500,25.56999969482422,-0.00505840716949324,-0.013503101097203762,-0.06403714516208425,0.32195674594601087,0.3759763488034198,0.224609375,0.95703125,0.919921875,-0.029323525828459984,-0.09771202839606552,0.6198201734854818,False,-0.03298826434196822,False,0.03850654356130989,0.26041420399296733,-0.03707876835254309,-0.013668383297825715,False,159.92033925502778,True,True,0.5222610179264425,0.68750134198594,0.010116665907190736,False,0.7279370798605107
CAH,90,0.6845064690678653,Cardinal Health,Health Care,SP500,248.61000061035156,0.012709255152443921,0.057329968305225076,0.03920915040058537,0.23501129238814578,0.15616672684190158,0.708984375,0.900390625,0.69921875,0.06413331505847952,0.0,0.7033670367022171,True,0.052471157645569644,True,0.0627289015819974,0.15693182630182134,-0.05902624976945492,0.036704131331961154,False,475.32427097460936,True,True,0.9804131085450315,0.7414350819907671,0.00252554117607362,False,0.6759424347380212
EL,91,0.682188807035017,Estée Lauder Companies (The),Consumer Staples,SP500,100.86000061035156,-0.002867038172541636,-0.047146214906555683,0.16378330755153692,0.2207792255763068,0.05970477669155172,0.951171875,0.8828125,0.4921875,0.43641873781676416,-0.1479586851623026,0.5111394035467862,False,0.05504361829040483,True,0.14901541409448305,0.10222623377872186,-0.12968965626272233,0.0015698887264858907,True,270.461601270813,True,True,1.5503056703960203,1.0491471158700216,0.0019772312923891366,False,0.7018509281033332
CTSH,92,0.6817833052927423,Cognizant,Information Technology,SP500,64.63999938964844,0.019558325456244363,0.013801773702651454,0.16563318828659224,0.21758456344550603,-0.004598879792585109,0.955078125,0.87109375,0.353515625,0.3369806895711501,-0.24093797108242632,0.6787765539393915,False,0.06162592828038593,True,0.24821731311301476,0.041690557969748854,-0.19885745094655716,0.023650764003208646,False,449.3836991724701,True,True,0.5330222036548966,0.6380442939989109,0.01750789564095645,False,0.4868138515673796
SPGI,93,0.6817258960572512,S&P Global,Financials,SP500,450.5799865722656,0.043709887402851644,0.03488819544034216,0.10136252595245798,0.1361810827906862,0.06059168304348317,0.876953125,0.716796875,0.494140625,0.3327812804580897,-0.127761978809809,0.2272382361309433,False,0.05678859286548632,True,0.06219986520456189,0.05223878238800106,-0.058557590941308524,0.03074378968447511,False,908.5158417241558,True,True,0.7384838450861922,1.039648262727973,0.016423053619847527,False,1.1575272228430182
EXPD,94,0.6812624779433166,Expeditors International,Industrials,SP500,187.1300048828125,0.005210578006131339,-0.01882338671829309,0.031530792708416966,0.1686129967944443,0.28199520287430313,0.677734375,0.78515625,0.8671875,-0.012114705165692019,-0.020107851041236358,0.67139976018799,False,0.004234197063721634,True,0.052725763068772524,0.1848294034138107,-0.05008499356477525,-0.00384229388396784,True,192.2011312984314,True,True,0.7588409627843503,0.7670693238602025,0.00537172314314649,False,0.7214700122756766
BNY,95,0.681187869835409,BNY Mellon,Financials,SP500,164.3300018310547,0.014132366328096113,0.012882126893041024,0.0352147923929067,0.14556365675588623,0.4192355245509447,0.69140625,0.73046875,0.939453125,-0.0901940180311891,0.0,0.6124335871517135,True,0.01713275601751363,True,0.048445595846851486,0.2466639813701743,-0.046207066955840426,0.01347492978348086,False,529.5554510834046,True,True,0.8046383912368056,1.0152684353862156,0.005924504774398542,False,0.7502407352481096
STT,96,0.6782505678129919,State Street Corporation,Financials,SP500,193.94000244140625,0.020522044269920547,0.0029477547634695345,0.03683506697266359,0.19757504765076028,0.5679047388894172,0.69921875,0.84375,0.955078125,-0.058784113060428855,0.0,0.8004701885287144,True,0.021129189442534724,True,0.05458745358108352,0.31447815930613987,-0.05176190309842954,0.014541782091542999,False,350.1853290492859,True,True,0.905315611123594,0.6573677539161324,0.009945271818668111,False,0.7764153835030697
HSIC,97,0.6772806680201069,Henry Schein,Health Care,SP500,90.86000061035156,0.005199703771177955,0.0064244776129493975,0.014175737519522613,0.19082564844351357,0.13334168249422684,0.611328125,0.833984375,0.65625,0.00942297149122806,0.0,0.4647751474835913,True,0.015235243636810614,True,0.04063827210720872,0.1502503514514688,-0.03905129495662263,0.011279893109809036,False,107.45274135238647,True,True,0.6478698329218685,0.6818226026064967,0.0032083296546692175,False,0.5464731445414629
V,98,0.6755914797204174,Visa Inc.,Financials,SP500,378.75,0.0009249632905949934,-0.002396891042858562,0.029613090374040807,0.18512599497927984,0.18899401090328882,0.666015625,0.818359375,0.755859375,0.11270635355750491,-0.014031380337636512,0.2866820946984785,False,0.020804477705779867,True,0.04662230944374657,0.13852011992904,-0.044545495565181614,0.004396841107533023,False,2723.033950203125,True,True,1.0052994266742328,0.7071019081052853,0.004677641542812028,False,0.5063043693301631
SYF,99,0.6752999572060848,Synchrony Financial,Financials,SP500,79.8499984741211,0.01862481306085395,-0.0010008986707022993,0.007570958663988492,0.13301485950196534,0.16746649895881616,0.587890625,0.701171875,0.720703125,0.18460267422027288,-0.08615377146603698,0.26246739596608926,False,0.008614567231516546,True,0.042154302674665134,0.07171082312890431,-0.04044919506303157,0.014390572230027265,False,273.1555274645538,True,True,0.7300484536209452,0.8638209798925078,0.015052944436323212,False,0.5764325341941156
JKHY,100,0.6750179722924733,Jack Henry & Associates,Financials,SP500,168.3699951171875,0.00802248905995162,-0.007486467089308668,0.09083244871574081,0.28792167535976865,0.012432194370022298,0.853515625,0.947265625,0.390625,0.5281623111598441,-0.11868362948837097,0.3642035133294339,False,0.03587763192427618,True,0.09038885245276584,0.057757276617293574,-0.08289597995196063,0.005050116237018898,False,168.13606434750366,True,True,0.9526195175807316,0.7531571611083548,0.0072442478758920625,False,0.5550603678794263
HUM,101,0.6702688548739646,Humana,Health Care,SP500,406.5199890136719,0.013841404035395355,0.035376777011744354,0.11736567761486794,0.16489164616794683,1.2658289642639238,0.896484375,0.77734375,0.986328125,-0.20316307261208577,-0.007083250253897,1.5022824831545765,False,0.05024114175461292,True,0.048220650543453036,0.463140420590344,-0.046002385584039795,0.03313544531602575,False,501.9392265440064,True,True,0.7760458412804967,0.7283926491383834,0.0024689882818194064,False,0.584000437146526
RSG,102,0.6660025045346052,Republic Services,Industrials,SP500,225.1199951171875,0.011684301612465475,0.026679394038126025,0.08743112004241382,0.085937234904913,-0.022667789904230018,0.841796875,0.6015625,0.310546875,0.22924281189083823,-0.026237239772677445,0.14184605306580633,False,0.02763079829172077,True,0.035977703483682566,0.0515795800197234,-0.03472826042751731,0.014114533149101494,False,304.7886070468445,True,True,0.6274361319537661,1.191952473665818,0.005212962345173988,False,0.9918886184779148
SOLV,103,0.6643333148280991,Solventum,Health Care,SP500,92.44000244140625,0.005875961986521627,0.016606204015865655,0.056819494127625436,0.12157248841381718,0.30601870635302864,0.765625,0.685546875,0.890625,-0.2208858735380117,0.0,0.47927668360520803,True,0.04117862252992932,True,0.10391676517868742,0.1956839808504529,-0.0941346018618231,0.015489058621442897,False,95.86626266403198,True,True,0.5129053664077924,0.7578338799000597,0.017845477284204492,False,0.6819086835328139
MTD,104,0.6634377490053549,Mettler Toledo,Health Care,SP500,1356.22998046875,-0.008415349297239305,-0.036378414051333796,-0.04592973589216809,0.14888011902600207,0.07534036558085733,0.28125,0.744140625,0.53125,0.1827371162280702,-0.09946085518114312,0.3224673502721416,False,-0.035529329108051844,False,-0.001715512306065925,0.027688734664607084,0.001718460345936812,-0.020909938304790376,False,248.19703488745117,False,True,0.47172006725464594,1.023555957662499,0.006156172960819495,False,0.9047997935572664
SWK,105,0.6633856826513592,Stanley Black & Decker,Industrials,SP500,96.5,-0.0040251769233689005,-0.0276098138124794,-0.06555627832995525,0.22975018910336797,0.2654160087863662,0.216796875,0.89453125,0.84765625,-0.06453307748538006,-0.07211538461538458,0.6061129684203255,False,-0.0313238758826736,False,0.01490489918052873,0.193201979680641,-0.014686005745527031,-0.009042304181705707,False,168.9003519255829,True,True,0.6106973862849093,0.8703167811899715,0.010320982622555652,False,0.8297012672289836
XYZ,106,0.6632336450231122,"Block, Inc.",Financials,SP500,83.37000274658203,0.011035698183517573,-0.01744249562939537,-0.009857413678653115,0.1760474462460775,0.23731086590913963,0.51171875,0.8046875,0.81640625,0.023011086744639364,-0.01744249562939537,0.6983092786196903,False,0.025808278254301875,True,0.04001122215568298,0.21409119081853567,-0.03847191386334248,0.016067576848477705,False,401.65210280293275,True,True,0.9954349599810957,0.9563278961576015,-0.0014552843550131866,False,0.6460766348224983
BAC,107,0.6624015789318103,Bank of America,Financials,SP500,63.040000915527344,0.007028793165037239,0.03057058693082304,-0.0033201436280262397,0.16979034383950098,0.27937700740248483,0.541015625,0.7890625,0.861328125,-0.01600572612085771,-0.027310549448272714,0.35632582959607406,False,0.001183210165299542,True,0.024540893060720714,0.15661938150783206,-0.023953063491108706,0.00951371793830802,False,1935.3336767591782,True,True,0.9083204300527573,1.0169785416922243,0.0033546789822485046,False,0.9489145383645812
IFF,108,0.6621409161769437,International Flavors & Fragrances,Materials,SP500,86.45999908447266,-0.005521087456342055,-0.004490493914800053,-0.018280919903831738,0.18690640200303354,0.15986306586833465,0.4453125,0.828125,0.708984375,-0.06661184210526316,-0.018280919903831738,0.4772195048762973,False,0.015802142007534714,True,0.06388213974642931,0.16767004830980414,-0.06004625640360439,0.0029993070979434933,False,141.33936294319153,True,True,0.5860409085682143,0.831909634971761,0.00874159748670511,False,0.8593985236822176
VTR,109,0.6606985752854564,Ventas,Real Estate,SP500,92.11000061035156,0.0005431572135985441,-0.008397015657465867,-0.004539048681358904,0.17129587094659837,0.09749948615967341,0.5390625,0.79296875,0.580078125,0.2900447733918129,-0.08375607551165443,0.407268464462486,False,0.0033987823461953948,True,-0.006907186959306921,0.0908293972208809,0.006955228019582815,-0.0008446803181821894,False,314.39176559243776,False,True,0.8601794235920532,0.8895879777644213,0.004453657103873132,False,0.8112782382379595
FOX,110,0.6593318171308264,Fox Corporation (Class B),Communication Services,SP500,60.470001220703125,0.003318413164433487,0.006101660147126431,0.16414823805958156,0.03471038862585729,0.13586060681276413,0.953125,0.46875,0.66015625,0.30110867446393763,-0.09836001421524265,0.36896913097002826,False,0.014833532878522515,True,0.12484504032403776,0.06902591015227988,-0.11098865696920635,0.004659934447544423,False,71.2444192264328,True,True,0.7368224442001352,0.9413878824122607,0.012112154250735419,False,0.7104199719482192
INSM,111,0.6564693951101183,Insmed,Health Care,NDX,126.68000030517578,0.0003948752494855601,0.043578556241252064,0.27933755402774185,0.20739613530293677,-0.11764300450929766,0.986328125,0.861328125,0.1484375,0.8515815363060428,-0.4007852130420241,0.3787549422294225,False,0.0022587913749154698,True,0.09912420481669737,-0.10267303112956505,-0.09018471650638293,0.02099492904375344,False,309.53029436618044,True,False,0.446587840364146,0.7186460479260864,0.0005527891995775747,False,0.6940634965749667
MDT,112,0.6564675228950289,Medtronic,Health Care,SP500,93.0999984741211,0.009980453090686847,0.0347893432360844,0.08268404217913394,0.1465885925231032,0.01824526714412511,0.830078125,0.740234375,0.4140625,0.11645269858674467,-0.09441521306075751,0.27376266463384646,False,0.01884477893840253,True,0.07694049952859805,0.049932664527732706,-0.07144359373825826,0.013572602163962166,False,671.6956367608642,True,True,0.703029232220426,1.4029337961569952,0.009329579165810342,False,0.9503611251738177
FOXA,113,0.6563133486377756,Fox Corporation (Class A),Communication Services,SP500,67.70999908447266,0.002814017340828201,0.011739637884856435,0.1589833670999079,0.03767383600425278,0.15878588479965283,0.9453125,0.4765625,0.703125,0.2894279970760234,-0.10205284004384263,0.39391560128251313,False,0.012268698773460818,True,0.12614421668636466,0.07412460639146867,-0.11201426497357425,0.004705672994084864,False,335.0202446687622,True,True,0.7295981021816496,0.8293610122959779,0.010515502801644372,False,0.6838511897565457
OXY,114,0.6550309497424766,Occidental Petroleum,Energy,SP500,60.61000061035156,-0.004925287109047494,0.02433669910373637,0.12637054568884998,0.03783804262448753,0.14911826585172339,0.90625,0.478515625,0.689453125,0.3420633832846004,-0.08076758813143414,0.5719184787345701,False,0.02033602511101118,True,0.08344744939177251,0.16448335272662962,-0.07702030166633222,0.008694410196767866,False,470.48206088617707,True,True,0.7433498404763577,0.7472695887085539,0.0009850824731789665,False,0.6787414848891664
USB,115,0.6543666720461997,U.S. Bancorp,Financials,SP500,63.529998779296875,0.01210766793039264,0.01810892990041557,-0.010590255643536106,0.1553138096908957,0.20080328466479624,0.50390625,0.76171875,0.775390625,0.009282102826510763,-0.02889023910956967,0.4434875418868178,False,0.003688971039793154,True,0.008734915755762573,0.13533563447022257,-0.008659277694594625,0.014586151674482517,False,470.32866281573484,True,True,0.7911777589787896,0.9188432337201123,0.003664163462784975,False,0.749644157506944
MELI,116,0.6537370490287878,MercadoLibre,Consumer Discretionary,NDX,1991.06005859375,-0.007734502387561237,0.03123659644891874,0.03562424994569735,0.21793759583062222,0.11834689331134407,0.6953125,0.875,0.62109375,0.42080896686159847,-0.20705540813926548,0.28720397668210196,False,0.04528919886004723,True,0.075966723252477,0.07013801796808927,-0.07060322741473057,0.016313216700406086,False,779.4797406357421,True,True,1.4642974548383647,0.8652932456573796,0.009179820564703345,False,1.014804427210782
SLB,117,0.652901476367634,Schlumberger,Energy,SP500,57.40999984741211,-0.012386052081083676,0.04904348943796877,0.1562388527229146,-0.005207993191118532,0.22384909439789102,0.94140625,0.35546875,0.8046875,0.24045900341130605,-0.0398022678874681,0.8541467067113191,False,0.05836549272481317,True,0.1404992325258123,0.18504404305224775,-0.12319099261001243,0.018688811221738044,True,630.805532157196,True,True,1.0390043070502546,1.5247154668655476,0.0006880629639627323,False,0.71345853534033
COF,118,0.6525557041210215,Capital One,Financials,SP500,220.5,0.018005511480089886,0.017676659728719235,-0.0015852275365298985,0.20785299432143867,0.14391571492001165,0.54296875,0.865234375,0.67578125,0.0952538681773879,-0.1351523196564235,0.2619449409507748,False,0.010572836954171771,True,0.04506652536979261,0.07049649209908315,-0.04312311635266075,0.01746021679229881,False,789.6178847492981,True,True,0.7876508887779379,0.8935244475179906,0.011819009632761945,False,0.8477941625097043
PGR,119,0.6522276648105783,Progressive Corporation,Financials,SP500,223.8699951171875,0.011247584151482304,0.028577998599262022,0.05221846633387939,0.1463272165853826,0.0641338256604207,0.759765625,0.736328125,0.509765625,0.22365755969785572,-0.04524906518115157,0.17630999040690676,False,0.03545005407151747,True,0.02962627072248858,0.07419265683984877,-0.028773810036626046,0.0168818725981148,False,596.0100257514343,True,True,0.7890922977819396,0.6656485394919599,0.006956334141143383,False,0.8692443635881849
FANG,120,0.6519818234468409,Diamondback Energy,Energy,SP500,202.94000244140625,-0.0023596290033411904,0.012068612195205608,0.09608222770158559,0.005507206756587557,0.1460006359070336,0.86328125,0.388671875,0.681640625,0.25806758650097467,-0.03982427320878268,0.5448465587176679,False,0.00283259871516206,True,0.04546771089563095,0.13502223733471475,-0.04349030622541139,0.0027814504936383155,False,382.79421031500243,True,True,0.8137161133100309,1.1737731611397664,-0.0005407561269379357,False,0.8670318063220923
EOG,121,0.6510199836034949,EOG Resources,Energy,SP500,145.9600067138672,-0.020139633893563214,0.01010385269112235,0.08738740489970498,0.043748091180755955,0.13092378812683325,0.83984375,0.490234375,0.650390625,0.26411351730019494,-0.046324705629002594,0.4698127945432615,False,0.0014236807808496454,True,0.03514897065472922,0.1485508706114711,-0.03395547080774053,-0.004953337933849555,False,428.4283119336243,True,True,0.9010162939623634,1.062246136959315,-0.005102106145073448,False,0.9401738656464551
CPAY,122,0.6503434546044016,Corpay,Financials,SP500,419.67999267578125,0.00787703849033261,0.039661056594467725,0.06374672135021475,0.17498180548072417,0.2939907194867726,0.7890625,0.80078125,0.876953125,-0.134891264619883,-0.013074963988051302,0.6458038928462009,False,0.024470545192547988,True,0.0968745399753912,0.24817740372689623,-0.088318705963915,0.020797133107748556,False,215.91125918084717,True,True,0.7976908078820822,0.7278247971381205,0.009702230077184515,False,0.7875888359239109
MCK,123,0.6502138644835217,McKesson Corporation,Health Care,SP500,921.3800048828125,-0.003676576381788421,0.035765242673482245,0.0514452741592486,0.21852081182684135,-0.008558404781441875,0.755859375,0.876953125,0.33984375,0.2941071211013645,-0.07262386084440253,0.34566110272988637,False,0.045949424463971544,True,0.09229880749130848,0.09535490763470889,-0.08449959558528841,0.024120492949938566,False,856.0164930994873,True,True,0.9543117132713487,0.8731935600969322,0.00011893136538221327,False,0.7941554514571508
MCO,124,0.6500178784199229,Moody's Corporation,Financials,SP500,504.29998779296875,0.02918364855707911,-0.009272722727154736,0.044187166715121906,0.1251602298949186,0.07769724764599206,0.73046875,0.6875,0.54296875,0.19822124756335285,-0.059197414630697054,0.23151263140746225,False,0.019071777792020628,True,0.034619655875259836,0.07079232551182568,-0.033461239286018074,0.005988016948525354,True,409.49081301538087,True,True,0.78606594663918,0.8197043309108378,0.012510214046556056,False,0.5861564566145925
IBKR,125,0.6482278029341253,Interactive Brokers,Financials,SP500,92.94999694824219,0.04297569662953182,-0.03641491365245664,0.04839026683858827,0.06862101954712507,0.3685286999578201,0.740234375,0.56640625,0.912109375,0.10831658138401562,-0.05250896326339394,0.5515833689980241,False,0.004034224798005637,True,0.011283231047442221,0.1825179111848927,-0.011157340200089627,-0.0016819614369787406,True,409.7863779070587,True,True,1.1696478132235457,0.9207864074025749,0.00796677583697547,False,1.1918349330462708
EXPE,126,0.6468802430250375,Expedia Group,Consumer Discretionary,SP500,303.1400146484375,-0.01597085940773746,-0.04947948737896479,-0.050312819654323215,0.33628411204492936,0.209436149389282,0.265625,0.966796875,0.787109375,0.04282026681286555,-0.10483584408398416,0.6173229687465147,False,-0.05699189104269353,False,0.03313843740458844,0.1771785396394232,-0.03207550528062597,-0.03840047146455938,False,449.1328025549927,True,True,0.9865117560621163,1.018592715859431,0.007011633055987954,False,1.0319835334335974
BLK,127,0.64490796091886,BlackRock,Financials,SP500,1126.1500244140625,0.017225556523789987,-0.035475323775373546,-0.0065543957450378,0.10751066853256197,0.1002905767603115,0.5234375,0.65625,0.587890625,0.1162889863547758,-0.048433896816983846,0.2271059252678045,False,-0.02338487907372966,False,0.034051410053230535,0.07026377992187016,-0.03293009392200097,-0.01353761771749451,True,775.1680980173339,True,True,0.6994362118901492,0.9314468259021289,0.009339964863490202,False,0.7022733719657981
NOW,128,0.6443443849075559,ServiceNow,Information Technology,SP500,145.58999633789062,0.06487708483025045,0.05172292162782166,0.24202350129456285,0.21975532501182182,0.20942016663617147,0.974609375,0.880859375,0.78515625,-0.03337064449317739,-0.24262602312988946,0.754096341420369,False,0.11313294081905778,True,0.2552484935933641,0.22640665580328911,-0.2033449909688173,0.052500204122053695,False,2447.390361122498,True,True,0.8891444176922124,0.9778442716313751,0.031231745423758506,True,0.8480331983332066
KDP,129,0.6441495039968914,Keurig Dr Pepper,Consumer Staples,SP500,32.880001068115234,0.008898463153407254,0.03136768926202782,0.06926832741838163,0.10160357137904641,0.19096922771556812,0.8046875,0.642578125,0.7578125,0.14355278386939574,-0.018507430802530367,0.33135462202422916,False,0.05000961333799636,True,0.05100308787649421,0.14124679287765463,-0.0485280095413837,0.022851615820555615,False,414.09782311416245,True,True,1.1478297512131885,0.6833800798941221,-0.0027615879768796425,False,0.7333847266776398
XOM,130,0.6440356616508357,ExxonMobil,Energy,SP500,162.2100067138672,-0.011818381082856266,0.03688317682443176,0.07670206890446774,0.07379866785710565,0.09026577407306435,0.8203125,0.580078125,0.578125,0.28573114644249514,-0.04141564974945644,0.528071751818239,False,0.008796555229449998,True,0.06834519984023113,0.13549545833406884,-0.06397295541782944,0.0034786555167256594,False,2211.4755752416077,True,True,0.9576996353159443,0.9051708269597888,0.0017057495565515612,False,0.9380854466529587
MRSH,131,0.6440186262138955,Marsh McLennan,Financials,SP500,188.4600067138672,0.0033007367337321014,-0.008105227821751604,-0.015720449614278653,0.17528310567676786,0.029737018812860283,0.46484375,0.802734375,0.439453125,0.07953749390838205,-0.07512090307041608,0.20471744104588652,False,-0.007768389070003989,False,0.023727563941381202,0.06831202763174393,-0.02317761558556586,-0.006085205197236321,False,442.35799692416384,True,True,0.5744063366896143,0.902160048894233,0.004844568142305716,False,0.8225393978644614
CCEP,132,0.6403490240515985,Coca-Cola Europacific Partners,Consumer Staples,NDX,109.1500015258789,0.012711103749290409,0.017051824788096193,0.005249582659899943,0.18615524350927282,0.08493265974754105,0.57421875,0.822265625,0.55859375,0.058133071393762226,-0.022916458504828485,0.3000519693323691,False,0.012729885964697374,True,0.022488201048191048,0.12509143632955122,-0.021993604449555004,0.007956030339488773,False,196.14866011135865,True,True,0.7500926251531123,0.6780076211213936,0.0012989366416222836,False,0.5131941176091344
VLTO,133,0.6399797077465514,Veralto,Industrials,SP500,97.87999725341797,0.006892276260213714,-0.004981249156070455,0.007410390738687989,0.15676524061798847,0.031333772631146006,0.583984375,0.763671875,0.443359375,0.16912996466861596,-0.09805905906947432,0.1920744540189141,False,-0.0016981981100090415,False,0.030528729856835746,0.049662717229516984,-0.02962433649091656,-0.0010102144837170757,False,167.7599397863922,True,True,0.7358016869973419,1.0776413513096152,0.003909034636321307,False,1.1381699441584847
ADM,134,0.6393855337717383,Archer Daniels Midland,Consumer Staples,SP500,84.37999725341797,-0.011712345188204742,0.06675093402213306,0.0945545198717197,0.018538378264879585,0.28476490468801297,0.859375,0.421875,0.869140625,0.1236293859649123,-0.027536124077466084,0.5508105334788067,False,0.045618142877376755,True,0.049206074422726065,0.18596919377930865,-0.04689838881251163,0.022889005190277478,False,291.38843007455444,True,True,1.186860208087233,1.054118305748644,-0.0009369197028985532,False,0.7064560971718967
GIS,135,0.6382732846710001,General Mills,Consumer Staples,SP500,39.2599983215332,-0.03252842409956036,-0.029179039199977552,0.09268015552668207,0.24035970260599382,-0.06785135723364932,0.857421875,0.90625,0.234375,0.45010964912280704,-0.18406023499773816,0.24151654373568276,False,-0.0046901192648729495,False,0.04360609560442952,0.008380332183322903,-0.041784056061088704,-0.024237778934203202,True,362.4050034361267,True,True,0.9692908869297847,1.0067782302936503,-0.01429279952892537,False,1.338169786381132
CRWD,136,0.6379153583600695,CrowdStrike,Information Technology,SP500,214.97000122070312,0.05677909328346975,-0.05698370376637585,0.024349569215142308,0.19578908449475874,1.0177398101502457,0.640625,0.837890625,0.98046875,-0.15236278630604283,-0.06939393410951034,1.4550464093727693,False,0.020619399896447677,True,0.0751464818144234,0.512953490763197,-0.06989418008196036,0.018330516251173545,True,1955.4486529996339,True,True,1.745576514725832,1.452043445488688,0.024260139627447552,False,1.2506204410674844
DG,137,0.637770189135761,Dollar General,Consumer Staples,SP500,131.25999450683594,0.002826763839199442,0.04265624865535633,0.03403176289856891,0.2744344864608683,-0.095495951512786,0.68359375,0.93359375,0.185546875,0.38193682992202727,-0.15159331417751865,0.38753791743861843,False,0.05824111749508143,True,0.07222398200208846,0.04960581149192822,-0.06735904364611367,0.029834049104347837,False,299.80225494088745,True,True,0.8592458340974142,1.2974330630892852,0.013522838113795066,False,0.6972137303439049
ABBV,138,0.6375122606526721,AbbVie,Health Care,SP500,260.2099914550781,-0.005769561969211634,0.00797984740383062,0.056904933714443606,0.1650312758753556,0.13723355928016767,0.76953125,0.779296875,0.6640625,-0.03746725755360625,-0.021656614427148613,0.3277034996839787,False,0.012425244710849936,True,0.02545754559463531,0.15308535865214434,-0.024825548072663794,0.0020105827208780624,False,1639.7044766935426,True,True,0.7135836230391766,0.5708821159011817,0.008711595478612999,False,0.4379101413988478
SBUX,139,0.6368830658586477,Starbucks,Consumer Discretionary,SP500,105.81999969482422,-0.00843329755982336,-0.01342534414251928,0.004036621246021221,0.13052774141814072,0.08472669226468477,0.568359375,0.6953125,0.556640625,0.3288407651072125,-0.024610546792507293,0.3831304431938356,False,-0.006543739036176444,False,0.007853511091258536,0.09630487997431625,-0.0077923140663122,-0.006638549357834256,True,735.2632014362335,True,True,0.9659231927125232,0.743823161771518,0.005622174543272962,False,0.5964308330007809
PYPL,140,0.6359643856968331,PayPal,Financials,SP500,56.81999969482422,0.039326899540673255,-0.07564668022672472,-0.01916106688251462,0.329122799878929,0.19662682683152322,0.4375,0.9609375,0.76953125,0.07009929337231968,-0.2471812425034121,0.4631499907761274,False,-0.03860715598458697,False,0.03739325439414021,0.11670590899384492,-0.036045399597261385,0.001894518652718169,False,843.1801779358902,True,True,1.206114376363522,1.2437771568715645,0.002560878160505098,False,0.9771810343374766
AAPL,141,0.6357574419764417,Apple Inc.,Information Technology,SP500,328.2099914550781,0.010001231183714099,0.04332762878951102,0.056247714732185594,0.05546715929982304,0.2631899101584463,0.763671875,0.53125,0.845703125,-0.04379873294346981,-0.03407116024608281,0.4525437514113795,False,0.04928313089788716,True,0.044966465651324894,0.159044721213925,-0.043031491563987556,0.025717140590946874,False,16938.464314969482,True,True,0.591460816462088,0.7485667805968308,-0.000276945901825143,False,0.6784966876245275
ELV,142,0.6354710802084171,Elevance Health,Health Care,SP500,414.7799987792969,0.02202839178512872,0.039262393833447096,0.06016769535961819,0.017164292087828104,0.4627023839183044,0.783203125,0.419921875,0.943359375,-0.055711653265107186,-0.02814032551176948,0.49260900242975003,False,0.039873335626844586,True,0.0477263830157062,0.16180265398371096,-0.04555233483606058,0.03002047493745308,False,505.51553563098145,True,True,0.5844760404663487,0.7758441367510138,0.007613829010874484,False,0.9446816381263583
COR,143,0.6331872448312204,Cencora,Health Care,SP500,337.2200012207031,0.0025568316880550945,0.049777385946220276,0.06510915609134549,0.2499035710060129,-0.05741450150433747,0.79296875,0.912109375,0.255859375,0.4871581079434698,-0.0947781515165913,0.33992286912123815,False,0.04665980378279899,True,0.08497248445309635,0.05097628828044298,-0.07831764000533947,0.026748796614396664,False,444.9213663870239,True,True,1.2048339094333698,0.8382029356878256,0.004578453478383482,False,0.7491347641878656
CME,144,0.6287975302528417,CME Group,Financials,SP500,282.04998779296875,0.01540842765085837,0.003950969395303483,0.06522391832196894,0.10721072558300171,-0.08370964281564486,0.794921875,0.654296875,0.205078125,0.5003007736354776,-0.11079470426141913,0.2903741670336859,False,0.03050780497091199,True,0.09611873804530191,0.025234269882806304,-0.08769007837299603,0.005883161256181602,False,655.276538647583,True,True,0.634966692006319,0.933683144859946,0.010620341734923988,False,0.6495363387937342
BX,145,0.6283849529138279,Blackstone Inc.,Financials,SP500,137.67999267578125,0.006285523355693323,-0.04149266735722845,0.012129632517026145,0.17321332910319298,0.2148263816030802,0.60546875,0.796875,0.80078125,0.1574987816764133,-0.2406986383481271,0.3745905685799962,False,-0.03290163763919762,False,0.04698094874190417,0.07129326029701932,-0.04487278283177776,-0.017217547583154524,False,579.2973691994476,True,True,0.9097420249145522,0.7495590828924162,0.007966644346887763,False,0.73499466692524
ERIE,146,0.6280321723894366,Erie Indemnity,Financials,SP500,258.3699951171875,-0.00015482583628689817,-0.00412429584547358,0.030224498719956694,0.18376602834670552,-0.030953452785771884,0.66796875,0.81640625,0.296875,0.13804367690058483,-0.2209190508433151,0.2538527984017067,False,0.00086381471417174,True,0.05095427102836081,0.023977975160781817,-0.048483813647288265,0.00022840124724643474,False,73.57622373379516,True,True,0.6186559423512114,1.9129570853225935,0.01141589585405689,False,0.6643777737855228
WBD,147,0.6272391243676207,Warner Bros. Discovery,Communication Services,SP500,28.3700008392334,-0.0007044223615704226,-0.017659222172902056,0.09241438541913083,0.05074077182345915,0.013214315686907119,0.85546875,0.515625,0.39453125,0.3031493664717349,-0.05370242587011176,1.4103653131568157,False,0.007028283840083693,True,0.04789979767656316,0.04048047785487929,-0.04571028430654167,-0.002780722380912093,True,564.1900416937256,True,True,0.6988242420469154,0.8233987723550925,0.0007044895453913735,False,0.6693458605013183
DLTR,148,0.6270756511179616,Dollar Tree,Consumer Staples,SP500,131.0399932861328,-0.006595484435017673,0.031810970756951384,0.017707353809927495,0.1992312374107481,0.1305322159088964,0.625,0.849609375,0.6484375,-0.11530290570175439,-0.07202048682245166,0.5409218235580522,False,0.005073658504318068,True,0.03144875357621535,0.12024314407567038,-0.03048988470554348,0.003630885635089509,False,359.90354740016176,True,True,0.6060873022877804,0.7756961366618453,0.0021226500759874423,False,0.5810047404428629
KKR,149,0.6258379149869838,KKR & Co.,Financials,SP500,109.76000213623047,0.03128818774317654,0.004024903426953497,0.04087626719315107,0.15198599084062092,0.15267676245263062,0.71484375,0.751953125,0.6953125,0.3367484466374269,-0.2597049577176799,0.3135953104348759,False,0.010065233082270364,True,0.0742423542921371,0.04204590493211602,-0.06911136392593509,0.013665585521656975,False,452.13639321888735,True,True,1.2084029013511666,0.8589050756139213,0.006952906714720264,False,0.9343105930457214
CB,150,0.6216740846925181,Chubb Limited,Financials,SP500,348.25,0.026014926117919224,0.029381344072413107,-0.012168855848811333,0.11076809206459903,0.053864636215126716,0.486328125,0.669921875,0.48046875,0.08902518884015598,-0.04195323246217331,0.30636766684342165,False,0.01471002198492033,True,0.0015340103988550347,0.07136730342878117,-0.0015316608152369238,0.017786991153740273,False,634.9566933027954,True,True,0.6436290205899182,0.8743894594147358,0.00768954465944649,False,1.0667819626493957
HAS,151,0.6209469288432007,Hasbro,Consumer Discretionary,SP500,93.0,-0.005347593582887722,-0.012529202605140899,0.027839200454385482,0.10924376171321004,-0.009487139628986396,0.66015625,0.6640625,0.337890625,0.410651193957115,-0.10216630062519949,0.35306902355930636,False,-0.014716788230934141,False,0.05000331986769413,0.054155610279991384,-0.0476220588273899,-0.009609111635006773,True,173.12634177476502,True,True,0.6019851309675364,0.6234112056114315,0.0054545683019302516,False,0.6992900808718653
A,152,0.6207406556944541,Agilent Technologies,Health Care,SP500,149.97999572753906,-0.009313717337961713,-0.04889344025935971,0.06285872779265511,0.08599034318155274,0.27517871346543576,0.787109375,0.603515625,0.85546875,-0.21129918981481477,-0.056729586619251204,0.3662132910819702,False,-0.012480643693226656,False,0.0561460191806844,0.14322536732428803,-0.05316122786150368,-0.014825845736527454,True,312.63429113824463,True,True,0.7013351689191415,1.2607114313288235,0.008190801890239241,False,1.0252331521442726
OMC,153,0.619895786658854,Omnicom Group,Communication Services,SP500,84.7300033569336,0.036325845683742086,-0.03595398856137688,0.03696003312077911,0.13229989688133847,0.02029354775022396,0.701171875,0.69921875,0.41796875,0.22943317495126708,-0.04733527061960907,0.28571856923124295,False,-0.02181939903658936,False,0.02678640332716742,0.09983027571773895,-0.026087610081677703,-0.013500221146541036,True,253.67852218652342,True,True,0.874425857089389,0.8210144455638596,0.018835627143959144,False,1.0201347089482122
DRI,154,0.617517117566072,Darden Restaurants,Consumer Discretionary,SP500,218.0399932861328,-0.009044246258257505,0.03272859491077873,0.04400281021807695,0.13617007404462544,0.07412658386940185,0.728515625,0.71484375,0.525390625,0.1826800073099415,-0.04234012517461694,0.31876731927002,False,-0.00717166564408156,False,0.04220325596921093,0.0967720271333048,-0.040494266092043096,0.0017491515391494517,False,268.699785991272,True,True,1.1585112949259528,0.7900935001748679,0.004726667048546629,False,0.6460276750115376
ANET,155,0.6128699210537086,Arista Networks,Information Technology,SP500,191.44000244140625,0.028694229783744918,-0.04798843339909131,-0.0297501149957915,0.15318359602453424,0.37331428137339606,0.388671875,0.755859375,0.91796875,0.0151186342592593,-0.09054630669165675,0.6484974336445335,False,-0.014493785703205364,False,0.049763997026773144,0.26273063258909324,-0.04740493784099942,-0.003621082958561561,True,1360.427625758606,True,True,0.8205480289192923,0.5589406138618939,-0.004567469509070388,False,0.5454255806389517
WAT,156,0.6102765093389649,Waters Corporation,Health Care,SP500,413.55999755859375,0.003299333603317356,-0.01827852639351002,0.03389999389648435,0.09852045639128315,0.31043443188170716,0.681640625,0.6328125,0.892578125,-0.12742141812865493,-0.01827852639351002,0.4596921744581708,False,0.004125168358094955,True,0.0575483555758598,0.1468108288704364,-0.054416760493682825,0.0031652216091477836,False,325.26691964086916,True,True,0.7319038106753912,0.6439780052546193,0.009000464204777181,False,0.5183081136564669
CNC,157,0.6079920879128178,Centene Corporation,Health Care,SP500,68.0199966430664,0.010098015179029085,0.04117548961605921,0.015375411436666653,0.08484841810833732,0.5719897370803468,0.619140625,0.599609375,0.95703125,-0.3048740557992202,-0.010186329528554028,1.3741709441096246,False,0.0365583751143963,True,0.03866986937763661,0.35536475517419697,-0.03723018306173387,0.030600070050983197,False,298.8767746111908,True,True,0.7631669659182418,1.0598239509593255,0.002376056887596567,False,0.7756260640848124
MSTR,158,0.6067468745153035,Strategy (MicroStrategy),Information Technology,NDX,144.82000732421875,0.17558246979579795,0.05400301133437124,0.4721968413206197,0.11942500417531998,0.03583441708827251,0.998046875,0.6796875,0.453125,0.6777381822612085,-0.5973755001772394,0.7594461380116819,False,0.27725258682644305,True,0.41491560004840244,0.03925895029080162,-0.293244063486337,0.13522180510309778,False,2462.0025080660857,True,True,1.3634083142723334,1.1718135751905188,0.03896416370838485,True,1.9185015604680402
CVNA,159,0.6032302595525905,Carvana,Consumer Discretionary,SP500,73.43000030517578,-0.009843626225528035,-0.008908031655244009,0.056850845673541706,0.10938204557672648,0.10867855117535541,0.767578125,0.666015625,0.609375,0.5217661123294347,-0.2326262051237893,0.3052829854237147,False,0.013421669453783647,True,0.07035200468504765,0.006205096101679741,-0.0657279141601167,0.003754036437198627,True,675.0408786382751,True,True,0.979374121111985,0.5852263157337402,0.01200106992582528,False,0.5802866765775394
NDSN,160,0.6009799086263293,Nordson Corporation,Industrials,SP500,317.489990234375,0.00271605766446803,-0.040351850596326067,0.021952478552382138,0.11138492278589118,0.13646152377319432,0.62890625,0.673828125,0.662109375,0.08513416788499029,-0.05141924512990714,0.44819760611617965,False,-0.004544766747602402,False,0.04234582254255925,0.14306595791081134,-0.04062550223424555,-0.010706910472417785,False,116.10345810754394,True,True,1.3636669071475325,0.8999788762146177,0.0,False,0.5594959552613079
WST,161,0.6004626761093926,West Pharmaceutical Services,Health Care,SP500,342.7300109863281,0.0002918778334950467,-0.00970841511490006,-0.023616826069186803,0.0807824616977093,0.40459324669243424,0.412109375,0.591796875,0.93359375,-0.07681910940545811,-0.06230140159116693,0.48608943549234396,False,-0.01495683134156156,False,-0.02117560263487861,0.1696804464590025,0.021633709470136653,-0.0032760510299070233,False,238.38020425897216,False,True,0.6180039980729319,0.633259379313781,0.0039109135767281256,False,0.34862908052856945
CBOE,162,0.5973743791546271,Cboe Global Markets,Financials,SP500,298.5,0.014891897713609659,-0.04657054828650231,0.051163079609425566,0.04649582573124733,0.008291365210036483,0.75390625,0.498046875,0.384765625,0.44151666057504874,-0.18201095262992573,0.29371114401850007,False,0.005574846404547085,True,0.056807494462692176,0.05221490586427158,-0.0537538716940823,-0.009751177043338832,False,320.71703372616577,True,True,0.724359976652388,1.0659013916307183,0.00639196557195465,False,0.9692380096692765
AMCR,163,0.5965333383239123,Amcor,Materials,SP500,45.88999938964844,-0.016923755577605504,-0.013542585165862708,-0.03895289236338351,0.219181725126937,0.06785176926538838,0.330078125,0.87890625,0.517578125,-0.04701967592592593,-0.0655060715598812,0.27158473855788756,False,-0.019842389834209495,False,0.01333296422542074,0.09010430115091372,-0.013157535278260912,-0.012456464472377471,False,164.1377035826187,True,True,0.6997266342022014,0.9002274907193185,0.0012853764545577295,False,1.001168985717996
COIN,164,0.5947447367493546,Coinbase,Financials,SP500,192.6999969482422,0.10139454477380827,0.010381688941202283,0.28560943180276155,0.1740692817612992,-0.06324441855529805,0.98828125,0.798828125,0.240234375,0.7793349476120858,-0.5024143300155406,0.3657948965194733,False,0.14413960568691087,True,0.18727086233060275,-0.002366223970001413,-0.15773221450326136,0.06623666148543328,False,1410.4221907247925,True,False,1.2528912155114664,1.12140381815572,0.037037011196144665,True,1.6104472367773193
ED,165,0.5934626419113607,Consolidated Edison,Utilities,SP500,108.75,0.010030666382663478,0.019308252989544084,0.0122038260578603,0.053438848085052726,-0.001351957564071915,0.607421875,0.525390625,0.359375,0.19985456262183238,-0.04243608696464152,0.17565056107018417,False,0.012242706430647177,True,-0.0034141494434166697,0.029208864510746446,0.0034258457929237096,0.009454805076887007,False,238.47595739788818,False,True,0.7402486742379714,1.0023015854858268,0.002414805801542741,False,0.7986771161348785
NTRS,166,0.5933097856097554,Northern Trust,Financials,SP500,187.4499969482422,0.018860752806201475,0.006334850747387488,0.01665035244673585,0.08818067413094832,0.3196954566217012,0.623046875,0.609375,0.896484375,-0.09432870370370372,-0.02099547838738025,0.5524810780388607,False,0.0018465504359010954,True,0.020908318115403723,0.19129860148475908,-0.020480113389614085,0.008945351074406194,False,187.89700604348755,True,True,0.8661639620461399,0.7640384498981738,0.005761482678603436,False,0.6518965497182613
SHOP,167,0.5928197166673609,Shopify,Information Technology,NDX,145.8800048828125,0.02826538312285587,-0.054752782012485235,0.011369934326064257,0.25715273812353323,0.08227622337763418,0.6015625,0.916015625,0.552734375,-0.03915006700779722,-0.18507340729938004,0.5291404879405586,False,-0.026493127241825176,False,0.09288966082144867,0.11123260489790354,-0.08499454624873115,-0.005612662156356474,False,1181.415090879181,True,True,0.6754433518432346,0.7524610298359072,0.008458534209717872,False,0.6512815529645966
BR,168,0.5910988420809685,Broadridge Financial Solutions,Industrials,SP500,178.91000366210938,0.01096232371602257,-0.016757984124456393,0.10159690054596715,0.17606584498519973,-0.04537632176187423,0.87890625,0.806640625,0.27734375,0.2803248355263158,-0.2818505386467324,0.32909001049665254,False,0.01788159625814134,True,0.12277834159596002,0.02297602019866196,-0.10935225328753506,-0.0005060844876334514,True,199.55462766033935,True,True,0.7753624836601384,0.75612895025342,0.007967472748960036,False,0.5834041216599901
IT,169,0.5897003344346118,Gartner,Information Technology,SP500,195.4600067138672,0.046639928856049284,-0.005798572503849186,0.048548913008778394,0.1855401983540832,0.14317470814151645,0.744140625,0.8203125,0.673828125,-0.064677753411306,-0.2598734922780438,0.5546011412962253,False,0.025950605489379663,True,0.20126509725757402,0.09939004668711893,-0.1675442812057487,0.013089074144861712,True,225.3837764092407,True,True,0.6139873080696628,0.5933548428204846,0.013119126898217814,False,0.7378988895214763
BRO,170,0.5881761224673709,Brown & Brown,Financials,SP500,72.55999755859375,0.007218165414463851,0.016388824470489727,0.025059495067945026,0.2674794473702482,-0.002445693530906179,0.64453125,0.92578125,0.35546875,0.0622334917153996,-0.23653771930331557,0.3374029510775416,False,0.010469065095620733,True,0.04077920312911476,0.04898229269391763,-0.03918141619904736,0.0036247813061460743,False,163.203137694252,True,True,0.6603499439580145,0.6827295251216096,0.009161521714703191,False,0.5586308150925802
CFG,171,0.5869345233500453,Citizens Financial Group,Financials,SP500,70.83000183105469,0.01504733548475401,0.00926191967871759,-0.0376358247349744,0.11564743405404299,0.20595814505588383,0.33984375,0.677734375,0.779296875,-0.04351318835282647,-0.05218789442911298,0.5077656060414371,False,-0.007468837542979778,False,-0.005918599633775168,0.120728996280552,0.005953838017283886,0.011236814705525289,False,285.752961524292,False,True,0.8032223760605743,0.9262418679510623,-0.011034632509836828,False,0.7091858666811603
WFC,172,0.5868883298273619,Wells Fargo,Financials,SP500,89.19000244140625,-0.0008960928046183314,0.04966460115425897,0.0059667986464471134,0.09902051588093963,0.0987078544236848,0.578125,0.634765625,0.583984375,-0.0065599110623781876,-0.059463718755458306,0.22176604337707606,False,0.028251285681109906,True,0.03410583388602273,0.060288830541978866,-0.032980989728931154,0.022834413162418743,False,1242.8857322122344,True,True,0.7985954099632901,1.1687770670304796,0.005937116933145692,False,0.9179474788905445
CMCSA,173,0.5861596907169487,Comcast,Communication Services,SP500,26.649999618530273,-0.00596791684443565,0.009087458254630754,0.07676766135475854,0.15787005493062112,-0.13521468095824396,0.822265625,0.765625,0.134765625,0.5667945906432749,-0.1586447847962662,0.2157846498984155,False,0.011692335977874668,True,0.07709145296835818,0.008836308654619707,-0.07157373011911083,0.0006229203875534051,False,768.5614241866798,True,True,0.7771519917429891,0.6595774090263025,0.0029839584222177695,False,0.6856660580432261
O,174,0.5853530158415576,Realty Income,Real Estate,SP500,61.7400016784668,0.0039024663165332374,0.0034164379731382866,-0.010986666738366346,0.04672677729251773,-0.02208570771181373,0.5,0.5,0.31640625,0.18031189083820665,-0.06203602435344768,0.14967184697590818,False,-0.005354922838847864,False,-0.017808880153123208,0.02031999937880946,0.018131786974310726,-0.0005323247702112566,False,334.6929626945419,False,True,0.5612082021078565,0.9440056850905574,0.004878036374968309,False,0.7246147805874104
KVUE,175,0.5848992942758898,Kenvue,Consumer Staples,SP500,18.950000762939453,-0.009409221417861047,-0.013020832815931915,-0.025865420355854374,0.13514384932536383,0.06258148296373722,0.40234375,0.70703125,0.50390625,0.005276864035087758,-0.03372527310289741,0.4076471438327245,False,-0.004800637920749917,False,-0.004924975655197783,0.07786177647536197,0.0049493510888192205,-0.004412627235545252,False,385.9968941887131,False,True,0.7547568715566034,0.9762829810202297,0.002613755703226861,False,0.8916706152421608
CBRE,176,0.58296814255858,CBRE Group,Real Estate,SP500,148.74000549316406,0.047022441569556594,0.010324713081493853,-0.01600951382850435,0.13585344757169682,0.05347406276086053,0.462890625,0.712890625,0.478515625,0.24700368542884993,-0.1332672631889028,0.1933569176952128,False,-0.001440009181835733,False,0.029225779220311665,0.010582133846784192,-0.028395887287677057,0.00869218949137518,False,239.79348855444337,True,True,1.1642559735002296,1.1731769017308793,0.019146848285572116,False,1.1228886673440825
KHC,177,0.5823669576880288,Kraft Heinz,Consumer Staples,SP500,25.420000076293945,-0.031987819697885,0.011540028858421092,-0.012048172229210952,0.1517897792384364,0.0860560450642247,0.48828125,0.75,0.560546875,0.003411306042884976,-0.0796524509808999,0.2202130304979073,False,0.0036521574914425425,True,0.000700729231261743,0.07803766523818867,-0.0007002385536384326,-0.007242892531324707,False,369.0213779173889,True,True,0.9066958513860349,1.2970400623339189,-0.006473727144410746,False,1.6876697263865725
ADBE,178,0.5813979726850176,Adobe Inc.,Information Technology,SP500,285.75,0.021301659362582992,-0.011758581941044621,0.10192037609630611,0.10575801080479508,0.014233015917581193,0.880859375,0.650390625,0.400390625,0.28781752558479534,-0.2223643208925159,0.47743133545051886,False,0.042683438475899615,True,0.15507843324116677,0.06532680998583507,-0.1342579246380824,0.012272920615617133,True,1264.6876424210816,True,True,0.828681643724115,0.7984921998498681,0.020336689187000268,False,0.6736793691309102
AVY,179,0.5813490022552151,Avery Dennison,Materials,SP500,173.02999877929688,-0.007969266163516786,-0.024135988512376527,-0.008796079551593117,0.13563185146736312,-0.04669400279526281,0.515625,0.7109375,0.271484375,0.15343262670565305,-0.10853978256431285,0.13741314578148267,False,-0.027141577832601405,False,0.024267793474502142,0.012155178143984369,-0.023692820987938457,-0.01426323162096177,False,153.85435981973268,True,True,0.7548764108347766,2.3595485797196045,0.00407067263685823,False,0.895816733944631
APO,180,0.5790876884362421,Apollo Global Management,Financials,SP500,134.49000549316406,0.016630223892088347,0.007868727761893402,0.04099032027983873,0.051772291938466886,0.2192344110415232,0.716796875,0.521484375,0.802734375,0.19984694809941522,-0.10817515994073079,0.352219591353373,False,0.0014294359828490588,True,0.06450626277762361,0.06141243700253063,-0.06059735394069643,0.006237349110723933,False,505.16548432177734,True,True,1.188704607035869,0.565581485528088,-0.00128504178375477,False,0.4572024891036583
ABT,181,0.5788278323869185,Abbott Laboratories,Health Care,SP500,108.79000091552734,-0.01520775130453178,-0.025091813910316785,0.029136333910980916,0.2069390099515407,-0.007084848627912033,0.6640625,0.859375,0.34375,0.01726973684210531,-0.18529830124916957,0.3271066491572101,False,-0.027510215301830954,False,0.047064584619062044,0.03300606399835293,-0.04494907507179691,-0.020620718499135493,False,1055.554047381195,True,True,0.6162172275087441,0.7589498307917099,0.0039830038611765595,False,0.5048188160242977
ULTA,182,0.5761381496967836,Ulta Beauty,Consumer Discretionary,SP500,557.1099853515625,0.009732836503125952,0.03149418725148312,0.03269878882312227,0.20451007218002548,-0.1476807220084193,0.6796875,0.8515625,0.1171875,0.49678667153996103,-0.2118078441772011,0.23596225258250136,False,0.045600369186903356,True,0.10516251498756546,0.001953309166684347,-0.09515570204509571,0.02928967851552544,False,331.5843739068604,True,True,1.3289134942427447,1.4643434251044238,0.013647785968307735,False,1.0023536928265109
AMZN,183,0.5751735381822373,Amazon,Consumer Discretionary,SP500,258.8999938964844,0.015373747880732092,0.010301974675150927,-0.05043095656631624,0.02013476002022796,0.18251571667800826,0.263671875,0.427734375,0.74609375,0.11389421905458091,-0.08844446197052103,0.30237940862461277,False,-0.015572527977294581,False,0.022029875355889628,0.08328782263035528,-0.021555020931475655,-0.0006699120393308666,False,11945.836877993592,True,True,0.595110981511192,0.7498381915289662,0.004784753705917577,False,0.5546373666844583
UNP,184,0.5749739692539648,Union Pacific Corporation,Industrials,SP500,289.1499938964844,-0.0020019227137333395,-0.05583308528881603,-0.01708113919768417,0.10076491165293655,0.12221780830095152,0.455078125,0.640625,0.6328125,-0.010447124756335247,-0.06479995814982753,0.3738033696571077,False,-0.03115297461583122,False,-0.009414957677347457,0.123279459740544,0.009504441592689483,-0.026235934726277166,False,816.5462327508545,False,True,0.7454103002769752,0.8874396308088577,0.004728523332890644,False,0.7252550949826649
ACN,185,0.5741186313720238,Accenture,Information Technology,SP500,193.1199951171875,0.028985521385883173,0.030632885498987905,0.13114273970567947,0.09270995836045404,-0.07897419641278902,0.91796875,0.623046875,0.2109375,0.38717942860623783,-0.31690749365742443,0.5705730315829289,False,0.05746746570278538,True,0.20545758075058496,-0.03534567647078968,-0.17043949453837737,0.02983006382554132,False,1152.8935342450256,True,False,0.5607632103860535,0.5502565996408878,0.012361505833104802,False,0.7034152684574646
ZBH,186,0.5727556666408162,Zimmer Biomet,Health Care,SP500,98.91999816894531,-0.005829164131202935,-0.005629324176628647,0.007742405037514333,0.1441094429226195,0.06422888102756485,0.58984375,0.7265625,0.51171875,-0.05901254873294348,-0.054566908446867846,0.24632879899744942,False,-0.0051092495941733596,False,0.043607406661316794,0.08715072143929525,-0.041785259842898714,-0.007642009100767733,True,207.25726291510009,True,True,0.6315411728804532,0.5971418865443167,0.00562811616677128,False,0.5768530046537028
DIS,187,0.5725817899938055,Walt Disney Company (The),Communication Services,SP500,107.16000366210938,-0.007593995826372324,0.003182961694968345,0.05306605161672162,0.0869852836473275,0.05440007110570888,0.76171875,0.60546875,0.482421875,0.2311997441520468,-0.08522635796805367,0.16837391889022046,False,0.005588195247720806,True,0.060783603229637384,0.03748541856079046,-0.0573006624957032,-0.0026638626832383716,True,1018.4858524700318,True,True,0.9884814021532152,0.6899054674154895,0.00592701768616255,False,0.607542864707749
TMUS,188,0.5721897864510929,T-Mobile US,Communication Services,SP500,188.02000427246094,0.00384410682846692,0.06388271705028181,0.09019457574609557,0.06827000927902982,-0.13788328685311924,0.8515625,0.5625,0.12890625,0.4435916179337232,-0.24041804479482876,0.12743791331080967,False,0.04110849512428372,True,0.041758708738805606,-0.023744147783493985,-0.04008481847908951,0.027276448051283042,False,863.0173794920654,True,False,0.5631451932485112,0.8385759754391904,0.0054991925387863905,False,0.6704622933192714
BF-B,189,0.5720026965881195,Brown–Forman,Consumer Staples,SP500,27.510000228881836,0.013296992847003475,0.017011391061668713,-0.022407577621404773,0.09921150013885738,0.08132518603786032,0.419921875,0.63671875,0.548828125,0.08701114766081874,-0.08535571035851652,0.2274528823583577,False,-0.0032202815365344195,False,0.018008471507770407,0.028458144923702466,-0.017689903386656547,0.01118518752947284,False,64.0878148782692,True,True,0.8997862732967804,1.133493080032759,-0.0010681545704812612,False,1.0095699253989994
AIZ,190,0.570772498310743,Assurant,Financials,SP500,287.7099914550781,0.012813686897627852,0.011173588813819357,-0.04301133554276482,0.1507164239386165,0.2747131578632471,0.302734375,0.748046875,0.853515625,-0.17008177997076024,-0.04301133554276482,0.42081213584617205,False,0.016447015273177712,True,0.02983150322580297,0.17955270080213692,-0.0289673632359857,0.012450390079414397,False,99.97441652490234,True,True,0.7457034328273852,0.6639022725110659,0.008131789696323999,False,0.5892846294465585
HIG,191,0.5703878733000917,Hartford (The),Financials,SP500,140.0,0.020333744986624547,0.02042180438927388,-0.020793035718326025,0.1043282980996969,0.01146126687975424,0.4296875,0.6484375,0.388671875,0.1377162524366472,-0.03477397029767859,0.16467314844116632,False,0.015210374296087403,True,0.011742346263167613,0.03728239586954407,-0.011606063842773406,0.01474809526124532,False,210.9312881121216,True,True,0.7990540214829174,0.8098555011617964,0.007288098178475977,False,0.734359526204568
MOS,192,0.5698233492134274,Mosaic Company (The),Materials,SP500,25.489999771118164,-0.011249065469481123,0.07281142784390204,0.08885091573103931,0.11310044522848406,-0.01193812815739903,0.84765625,0.67578125,0.333984375,0.3073601973684211,-0.27068212316996565,0.28607468030257355,False,0.089455897684658,True,0.1255552590631308,0.05097860477706373,-0.11154961789049633,0.04059072142971831,False,181.7026215220299,True,True,0.9287049827156103,0.9523782209517672,0.013188523798760565,False,0.8709859626471258
CI,193,0.5690064770115025,Cigna,Health Care,SP500,286.260009765625,0.012091689548916262,0.0309359884844973,0.058262512996765325,0.019880352128587075,0.023639426959887855,0.78125,0.42578125,0.4296875,0.12558631822612087,-0.06388603884883193,0.1911599734749425,False,0.02577336828037602,True,0.009945667748116005,0.030484956210776515,-0.009847725541802688,0.018151757951260894,False,481.66475833325194,True,True,0.7174213445674108,0.8783080822594247,0.004278006896990094,False,0.9655946078749502
NTAP,194,0.568204341304018,NetApp,Information Technology,SP500,185.3800048828125,0.025502021914007633,-0.027591242780509284,-0.006538055631286177,0.03954298340847151,0.8303346425879521,0.525390625,0.482421875,0.97265625,-0.5058822185672515,-0.10479040349799706,0.9859256495519269,False,-0.04188953372588056,False,0.041565593799058,0.43029931364283835,-0.03990684220611562,-0.00801970429969212,False,467.56273180117796,True,True,0.5421512929358984,1.3022274062054713,-0.10411023333192371,False,2.4323332487458273
C,195,0.5671086900669767,Citigroup,Financials,SP500,138.13999938964844,0.028286460885409648,0.04115169592456436,0.0036326649390963084,0.02732029668241953,0.2803957297998949,0.56640625,0.443359375,0.865234375,-0.07905777899610134,-0.046870731160623125,0.5017813984593755,False,0.026014310559902,True,0.022695910585729617,0.13239936661161922,-0.022192237546672988,0.02949963911282416,False,1489.6178956686401,True,True,0.7340477405024743,0.8498781386508931,0.006550579922595112,False,1.1377539311778728
ALLE,196,0.5668058014941577,Allegion,Industrials,SP500,155.55999755859375,0.003159800162713111,-0.026045602493835585,-0.0772333855204792,0.19832191347282602,0.029768372368238483,0.181640625,0.84765625,0.44140625,-0.0724217227095516,-0.1278159235247024,0.24314570817393566,False,-0.0359265674715985,False,0.021325968824122965,0.03417443179546065,-0.020880668342033948,-0.009615393748177326,False,215.16961386349487,True,True,0.5972767248490957,1.7011790657573826,0.011349677072989062,False,0.7208948066236001
VTRS,197,0.5665903942844587,Viatris,Health Care,SP500,16.940000534057617,-0.008777040210123044,0.002960399420726123,-0.03302827487640714,0.07339937577678168,0.1933471464175054,0.36328125,0.578125,0.759765625,-0.1197307504873294,-0.04439815930120672,0.8483209330677011,False,0.033705029845185974,True,0.017529680418432392,0.1698401811461392,-0.017227684612820204,0.014174671647886106,False,159.4123212710991,True,True,0.6324882182005273,0.8609277324258356,0.007606738420474324,False,0.8357172570411155
GL,198,0.5664931834615804,Globe Life,Financials,SP500,176.52000427246094,0.018345494414177432,0.004209838993645576,-0.03992165948833015,0.1460264484063889,0.23638058293766218,0.314453125,0.734375,0.8125,-0.06874390838206623,-0.05106977627032783,0.36232507857700536,False,0.00222282674752039,True,-0.011139606786351286,0.15098417834788136,0.01126509552086441,0.012834706497657944,False,108.75705925796508,False,True,0.8556076159113407,0.6795367808963139,0.011134233156484985,False,0.6295618068001766
TFC,199,0.5662362651368926,Truist Financial,Financials,SP500,51.61000061035156,0.015744916658889885,0.026043765271587027,-0.013784670246541952,0.05981045499324433,0.08647135869429912,0.48046875,0.5390625,0.564453125,0.043935794346978585,-0.046703942861644365,0.30982843880923516,False,0.008779013781827771,True,0.008890926363008145,0.05892925710388597,-0.008812574412835228,0.01882285091151492,False,354.9187261215973,True,True,0.7625000942372809,0.8872130154908562,0.005510702061190198,False,0.6734765268128338
GRMN,200,0.5635115219841585,Garmin,Consumer Discretionary,SP500,277.17999267578125,0.004129778639221593,-0.043778254580216114,-0.0838538956892898,0.15063536114753484,0.16365389491280946,0.1640625,0.74609375,0.71484375,-0.18762944688109162,-0.11489337899340912,0.5001235839153779,False,-0.06209821421126338,False,0.020260905413540087,0.1704077868333116,-0.019858553146587243,-0.0222423715885407,False,256.1340850874634,True,True,0.5111443739924457,0.971027493730117,0.009310160582111315,False,0.7361352057506342
ETR,201,0.56279524113891,Entergy,Utilities,SP500,107.77999877929688,0.009648700508635866,0.012113822343931435,0.014630361127203395,-0.007838579068795593,0.03351463628865492,0.61328125,0.349609375,0.44921875,0.21510645102339182,-0.07614689032547661,0.272190827813684,False,0.00948575857469236,True,-0.020394113729524155,0.03243406259996151,0.02081869251232038,0.00868795576936865,False,280.086500680481,False,True,0.7091949485512447,1.025290768207872,0.0023419203747072626,False,1.0457766215170219
KMB,202,0.5619618249284565,Kimberly-Clark,Consumer Staples,SP500,107.94999694824219,-0.012260993284471389,-0.018457959144655978,-0.03933439254520521,0.15838602983315053,0.055994677792710945,0.322265625,0.767578125,0.48828125,0.005394889132553593,-0.14384404543164553,0.17606366885545666,False,-0.011596258488440703,False,-0.016741384138198034,0.060878194971927035,0.017026430145770544,-0.008251744559398477,False,413.5501458031616,False,True,0.6674526499801234,0.9395907556958858,0.004208976856246993,False,0.8257742716463569
HPE,203,0.555678983373593,Hewlett Packard Enterprise,Information Technology,SP500,54.439998626708984,0.05035687253421006,0.000551346799871455,0.022923663623128032,0.016935675061583222,1.5594476115698046,0.634765625,0.4140625,0.9921875,-0.5781402290448343,-0.08993649440925566,1.7613299008069534,False,-0.0007067292352592736,False,0.09095569539500148,0.6511068631756995,-0.08337249237428401,0.025012615131662974,False,971.3589356572342,True,True,0.6418675262330723,2.0215025482607523,-0.08161302734894227,False,3.9128934216988003
CEG,204,0.5547042175418492,Constellation Energy,Utilities,SP500,285.04998779296875,-0.017204594555720654,0.009348054589517929,0.07682625484227912,0.0789833213908595,-0.1377874878486932,0.82421875,0.5859375,0.130859375,0.5313566033138402,-0.29039870771601506,0.2071381330783062,False,0.02883337850017531,True,0.07356888890822377,-0.03591567389724892,-0.06852740394055223,0.015170508970496765,False,771.2083617154236,True,False,0.6924089804297487,0.8749466117387311,0.008136757971433317,False,1.0735916040017055
PANW,205,0.5544181463673373,Palo Alto Networks,Information Technology,SP500,331.94000244140625,0.010533339440317313,-0.13297636894471998,-0.0847074419855931,0.1886839836755818,1.0344446861427268,0.162109375,0.83203125,0.982421875,-0.16601943226120852,-0.16176767060250952,1.3430507992635023,False,-0.09135453159966467,False,-0.04752011226379815,0.42821985128505413,0.04989093510073084,-0.059251011034518686,False,2309.5035086416624,False,True,1.3294836359141806,1.3223763882979251,0.014704050203123709,False,1.0427252722819238
CINF,206,0.5522214101311624,Cincinnati Financial,Financials,SP500,174.72000122070312,0.01764807930695289,0.012752126673772457,-0.017267518878235633,0.09347403101237872,0.06236929659999513,0.451171875,0.626953125,0.5,0.005120766325536041,-0.09014215314602181,0.17338217963826397,False,0.017049787662339444,True,-0.01538238516288093,0.052015320454703806,0.015622699544559415,0.016182986139116284,False,128.2753151298218,False,True,0.5800017141156221,0.6854680331271015,0.006756384446469088,False,0.5749041596897858
RMD,207,0.551590150515023,ResMed|,Health Care,SP500,229.19000244140625,-0.007276790883668061,-0.027867289695068242,0.025968480774305025,0.1828309058185149,-0.09708912425580707,0.65625,0.814453125,0.18359375,0.2900866532651072,-0.18238214372031958,0.257234949537156,False,0.0026702790451715863,True,0.06988201325593302,0.008545067587657051,-0.06531749519114127,-0.013858824870333963,True,315.98178003918457,True,True,0.970365618937146,0.8196465265865627,0.0014293838005547954,False,0.5254236605722891
PG,208,0.5511536315617137,Procter & Gamble,Consumer Staples,SP500,146.9199981689453,-0.004876735462473913,0.026407704313363478,0.0008174054134399977,0.05140473225268738,-0.03155182758018937,0.552734375,0.51953125,0.294921875,0.14331292641325538,-0.10806614977965079,0.0880192162075335,False,0.01368179735959174,True,0.00409507902852857,0.007580988323213855,-0.004078377749336837,0.008164886249287795,False,1325.3993690186767,True,True,0.5783001215344344,0.8828031512812258,0.00027088381399442696,False,0.669936655666735
BEN,209,0.5508251453281718,Franklin Resources,Financials,SP500,33.54999923706055,0.016358707754767998,-0.0364733046781861,-0.03923250297026415,0.05995384615013788,0.2771904841809749,0.32421875,0.541015625,0.859375,-0.191927844785575,-0.06206321476915966,0.6455965352951418,False,-0.013728452552079995,False,-0.0033364410139961054,0.1956778023729635,0.0033476101176916906,-0.009640275455381042,False,137.03394501040648,False,True,0.587386308015131,0.7670220123067735,0.007876466205721133,False,0.7992956124731861
SWKS,210,0.5500949814433042,Skyworks Solutions,Information Technology,SP500,71.5,-0.002371957210666853,0.06146079798301285,0.06732351515224688,-0.1054672872887491,0.2769348923370061,0.798828125,0.154296875,0.857421875,-0.009445815058479523,-0.14289137413794328,0.37373867671103,False,0.0472814429581605,True,0.10348019771090344,0.1305395919909047,-0.09377621630688637,0.04138411119295249,False,365.650004652214,True,True,0.6213583139774637,1.475507026240779,-0.007255429836074967,False,0.7049468428896494
NVDA,211,0.5488383114807012,Nvidia,Information Technology,SP500,228.4499969482422,0.0180027325885872,0.0020615897425704244,0.04210380292009308,0.04477267503050575,0.24756537788150101,0.71875,0.494140625,0.830078125,-0.14133695784600386,-0.02979450048576049,0.38473239869108156,False,0.039533658547085127,True,0.088510236364993,0.16374771239002772,-0.08131318696695677,0.0336148400939178,False,27576.97154422339,True,True,1.1106226693485264,1.0952077309278037,0.007174370946384956,False,1.015404223925041
ARES,212,0.5471173908930193,Ares Management,Financials,SP500,141.52000427246094,0.025061616507698004,-0.006249556679740698,0.01252056912432109,0.09536903262974761,0.23796798849414436,0.609375,0.62890625,0.818359375,-0.08649336013645226,-0.2055326962225208,0.5014691065894119,False,-0.00028253443765391406,False,0.08457911418507869,0.0772143277821069,-0.07798335140228929,0.0041380497630969515,True,285.4283423222809,True,True,0.7843629441513004,0.8394571195168561,0.012603256004155572,False,1.437352035958037
WMB,213,0.5465223960008827,Williams Companies,Energy,SP500,74.05000305175781,-0.014768501280836843,-0.0018870384828334474,0.031193504655620208,0.029916105278102956,0.004859537440117689,0.67578125,0.44921875,0.376953125,0.24259106968810917,-0.06049340280436355,0.3438689732590223,False,0.011363361947730688,True,0.008308888298135475,0.06557641160349625,-0.008240419572378754,-5.406697814236416e-06,True,528.8093702822113,True,True,1.227091502135933,1.3191032415346973,0.0009313423551562394,False,0.8909988692506609
INTU,214,0.544777850946008,Intuit,Information Technology,SP500,344.29998779296875,0.0039656655446453914,-0.010632218985721975,0.04988712944370244,0.14519215631182658,-0.25685247931301214,0.751953125,0.728515625,0.04296875,0.6758840460526316,-0.5040979747879014,0.35580473349421826,False,-0.01387961301117313,False,0.09678276396784469,-0.19221274138032818,-0.08824241877918693,-0.014775916933311484,False,1341.9410784923095,True,False,0.6899395385606572,0.775632593572124,0.026214469500130733,False,0.8518378002361183
TSCO,215,0.5420895239849378,Tractor Supply,Consumer Discretionary,SP500,34.599998474121094,-0.007458466198456137,-0.0028819102772229543,0.04277259276121104,0.1862114513535551,-0.30465465718705875,0.720703125,0.82421875,0.02734375,0.42850724902534115,-0.41568255926676656,0.19557422330426633,False,-0.011300758181935211,False,0.06515012187051661,-0.1635797956953836,-0.06116520153619853,-0.0061574033426418096,False,352.54495391451644,True,False,0.7298407602416904,0.7395848218823706,0.006884620182658896,False,0.661182199862074
PSKY,216,0.5405974134379896,Paramount Skydance Corporation,Communication Services,SP500,11.039999961853027,0.006381011223364208,0.02222220063700142,0.2602739353195451,0.03866800678168536,-0.05022713677540025,0.98046875,0.48046875,0.267578125,0.4317358065302144,-0.4326886284450986,0.4135723486220597,False,0.07023409794320634,True,0.15779095980540592,0.0069903669559499,-0.1362862254788434,0.028132544810950177,False,99.93055578520489,True,True,0.7962456155187049,0.9938516976264102,0.015496816057962493,False,0.8778565104543379
TROW,217,0.5405885587507229,T. Rowe Price,Financials,SP500,110.87999725341797,0.013713659148525181,-0.013171977117248601,-0.03565842741183378,0.049088180354722954,0.2373057140388195,0.353515625,0.5078125,0.814453125,-0.12961440058479534,-0.08875742130729125,0.301896588838255,False,-0.00706110391866499,False,-0.03082347826975118,0.08674873611999634,0.03180378143573126,-0.00043037392607336855,False,214.38731823901367,False,True,0.5441505288155328,0.7446315926800813,0.005668337558516923,False,0.47957709586779484
WAB,218,0.5399913251291567,Wabtec,Industrials,SP500,280.8299865722656,0.0036452915284355125,-0.055335078964541706,-0.05126442410542842,0.07085124197275006,0.11877648735722124,0.26171875,0.5703125,0.623046875,-0.08270894249512672,-0.08067677709683363,0.5197533115136597,False,-0.04200478062906521,False,-0.008378073525848517,0.10865607502100039,0.008448858685121907,-0.02250480982491576,False,274.29852936645506,False,True,0.5592477659374566,0.883913203261418,0.00929204147886531,False,0.8957712280526694
CSX,219,0.5399463257700332,CSX Corporation,Industrials,SP500,48.9900016784668,0.006988697675724298,-0.04687392733346374,-0.03904307136633167,0.06260256328257441,0.19744122508204742,0.326171875,0.548828125,0.771484375,-0.1275851303606238,-0.07713475064978159,0.5481971865284163,False,-0.02694548762675464,False,-0.019701331326143712,0.1435511330444561,0.020097274387606445,-0.0185805783166072,False,587.3666172825851,False,True,0.6773298808574705,0.924313179815553,0.002055467029490332,False,0.8392449543030257
AIG,220,0.5392465747215329,American International Group,Financials,SP500,76.86000061035156,0.009588905599242192,0.0030014793837582765,-0.04068899181820784,0.053523484002207855,-0.02801124258853549,0.3125,0.52734375,0.3046875,0.13748020224171542,-0.10119939481567808,0.08258652170273373,False,0.003702198943235757,True,-0.012810588879285323,0.0009737426939553373,0.012976829709652193,0.00465808882918517,False,277.13725953056337,False,True,0.6236278841328381,1.1114657631454208,0.006173666592139915,False,1.548605148814202
BKR,221,0.5387964610781517,Baker Hughes,Energy,SP500,63.63999938964844,-0.015317931391636841,0.024633694481752677,0.03574055397085707,-0.033820591611031015,0.06475688142985492,0.697265625,0.291015625,0.513671875,0.15846201876218324,-0.08012468471520484,0.45345439322743,False,0.004007186442871902,True,0.06594595378185852,0.09602795609982184,-0.06186613265699781,0.0048244737935911886,False,489.48753493131255,True,True,0.6942737404274847,0.7895954038365088,-0.004177574725985678,False,0.5462026367490851
UHS,222,0.5376603518938589,Universal Health Services,Health Care,SP500,169.2100067138672,0.010269276758566592,-0.018374474038149513,-0.013113547571795947,0.18863964454902127,-0.1386949738144747,0.482421875,0.830078125,0.125,0.40707617568226123,-0.3040095302961341,0.20003486690732264,False,-0.017414156525182523,False,0.04061499947868574,-0.08942308467760096,-0.039029804009198976,-0.010590389999378558,False,135.2349794104004,True,False,0.7607626551336099,0.7468894529114147,0.00859745140241186,False,0.5729671334585799
DHR,223,0.5359224766519893,Danaher Corporation,Health Care,SP500,211.02999877929688,0.005335596673088361,-0.021559690534088793,0.05694678407614018,0.13302506669497993,0.04910184237539261,0.771484375,0.703125,0.46875,0.0033199317738791256,-0.12448434701511912,0.306082388025422,False,0.004476659311831499,True,0.048177519785823186,0.04302895175840438,-0.045963130172518296,-0.0026435803878078756,False,949.1814327743836,True,True,0.7941996229941677,0.6235443644445627,0.0028583242068460635,False,0.49743995508635536
HCA,224,0.535515328213143,HCA Healthcare,Health Care,SP500,409.20001220703125,0.017758580042265937,-0.024180817998312065,-0.0010741197775414602,0.13318448067352162,-0.23170619905751166,0.546875,0.705078125,0.052734375,0.4828559027777778,-0.24673022551579116,0.13478384025528656,False,-0.012866238674246189,False,0.01659244998064291,-0.09330303761688463,-0.01632163408350984,-0.010045665016116145,True,591.8335955766602,True,False,0.7290820893466963,0.8735335107741927,0.011789260963929182,False,0.9223675658108548
VRSN,225,0.5348643789230498,Verisign,Information Technology,SP500,293.3500061035156,0.011691318624427183,-0.004682267944802199,0.0027304539657457827,0.0014334181986916938,0.23583487922622082,0.5625,0.375,0.810546875,-0.1103801169590643,-0.05093180052660118,0.3948355279124387,False,0.024163374447374153,True,0.05680545244418944,0.12774922319227766,-0.053752043304478914,0.012378773901301265,False,213.07023929776,True,True,0.7422530145083134,0.9276666901083789,0.0020692720416519705,False,0.7190792090641962
MO,226,0.5297882978014885,Altria,Consumer Staples,SP500,69.48999786376953,-0.0010063211224994317,0.026895223054098416,0.015341837885850751,-0.001002705286138994,0.07063313654538406,0.6171875,0.369140625,0.521484375,0.15471567373294348,-0.07247731497444887,0.3105082680197364,False,0.03610484976889028,True,-0.006078838369021344,0.06788628608446157,0.006116016645672628,0.012222506345370032,False,596.630897098709,False,True,0.9446436228558779,0.9599599046827499,0.0027314900528310204,False,0.6149842776299527
BG,227,0.529344926151998,Bunge Global,Consumer Staples,SP500,120.12000274658203,-0.022301789436412145,0.07663353119247573,0.13372149038829195,-0.06600686359713004,0.07424236779739224,0.919921875,0.201171875,0.52734375,0.1582868847465887,-0.08015079237566636,0.5971115721229006,False,0.053117516993312464,True,0.06332756336765066,0.06490659138027466,-0.059556025395492096,0.023461685911263297,False,161.4363472558899,True,True,0.9426224586917639,1.265472871512136,-0.0002441704309608106,False,1.1083147873730719
NEE,228,0.5277377540378212,NextEra Energy,Utilities,SP500,84.05999755859375,0.011552335765344424,0.014641416523665907,-0.014176272738749884,-0.0042898658437517945,-0.06383795855567853,0.474609375,0.361328125,0.23828125,0.24047042519493178,-0.12839753047686242,0.23944090396888607,False,0.00020498102064570034,True,-0.023173655095491408,-0.028636077269944216,0.023723413292827233,0.008444940637817089,False,940.3879959186248,False,False,0.5531986788143649,1.1603783061855992,0.005294854987792474,False,1.050803832284463
CTAS,229,0.5267732360218312,Cintas,Industrials,SP500,201.0500030517578,0.014942736981115257,-0.015184868662295625,0.0008553902116803513,0.12009476590841595,-0.011781434709537852,0.5546875,0.68359375,0.3359375,-0.11757584064327486,-0.06907925345260257,0.23583221436978064,False,-0.006569205441549597,False,0.024213540887504825,0.08162717411495879,-0.023641106000730217,-0.0038084999839463896,True,423.30865745578,True,True,0.5120255538115722,0.7416912136630069,0.0028775169607579976,False,0.5592381241014307
PODD,230,0.5264943859278122,Insulet Corporation,Health Care,SP500,150.5800018310547,0.016470922448085012,0.04999649944810458,0.12997154463585292,0.02848164786997054,-0.3750311268147598,0.916015625,0.4453125,0.009765625,0.40827546296296297,-0.573210139149843,0.12997154463585292,False,0.03350058177019655,True,-0.025052851582573088,-0.28670245172672393,0.02569662532296224,0.020904332610887977,False,249.54434068389892,False,False,0.548062865911849,1.3701654898795494,0.0,False,0.7035927233827882
EXE,231,0.5252427877008918,Expand Energy,Energy,SP500,99.05000305175781,-0.002718451911961406,0.010714316854671502,0.09717129415888803,0.06686400943116744,-0.06020686813560683,0.865234375,0.556640625,0.248046875,0.41434043006822613,-0.17979386627715976,0.14600463762353977,False,0.02635778303865899,True,0.07337495079906708,-0.009620854040272797,-0.06835910484443808,0.010022093965506906,False,312.45870726338194,True,False,0.8949170215633465,0.5960738178434093,0.003322612082850007,False,0.4941409951298003
GM,232,0.5247034308075977,General Motors,Consumer Discretionary,SP500,87.22000122070312,0.027689388453751906,0.012067775723422436,-0.02175866264831372,0.05033719001795167,0.14981673196016998,0.421875,0.51171875,0.69140625,-0.2563124390838206,-0.034108546256519046,0.5861054383225499,False,0.00975955606793466,True,0.04917482140116203,0.09613285009331785,-0.04686999763822919,0.012238609659212418,False,537.1270464289246,True,True,0.6675523198039276,0.9892674397548641,0.010133151673383134,False,0.7943651383982392
GD,233,0.5232279072785141,General Dynamics,Industrials,SP500,365.8699951171875,0.004944070526979205,-0.037336216735671,-0.0474119769103144,0.07607682377847058,0.023529652819634483,0.2734375,0.583984375,0.427734375,-0.012506853070175405,-0.0760158749671006,0.17582383632815235,False,-0.04753972302543985,False,-0.03075573952541033,0.038831023564823486,0.031731670518586164,-0.02091260708536291,False,400.40068635308836,False,True,0.6984717313963467,1.1659048030261787,0.007361201477370294,False,1.3888551271239526
NSC,234,0.5229120482119844,Norfolk Southern,Industrials,SP500,327.8299865722656,-0.006756380666615769,-0.05777025989893847,-0.03690687603146925,0.07141323322881843,0.0631395451602077,0.345703125,0.572265625,0.505859375,0.0011155275341130366,-0.07125056272672792,0.2248799359552005,False,-0.038735903341743816,False,-0.018571503166244008,0.06954780412351358,0.018922930428613594,-0.03155732684853019,False,383.96348113549806,False,True,0.8101347930482716,1.0547384879557178,0.004181072814094966,False,1.0328259525864862
TRMB,235,0.5214415896866874,Trimble Inc.,Information Technology,SP500,60.099998474121094,0.016748398808105636,-0.023399454338371983,0.025947364212280055,0.07899457182968694,-0.14703378860296645,0.654296875,0.587890625,0.12109375,0.5099179154483431,-0.28041186674173046,0.229793324896298,False,0.018903094316759406,True,0.07560363411433424,-0.07381154162462922,-0.07028949300323561,0.0068004800975485225,False,182.93726374761962,True,False,0.9161455633766218,2.3354560171361167,0.016579251093167935,False,0.7216004044201553
GEV,236,0.5191321532828196,GE Vernova,Industrials,SP500,941.8400268554688,0.021584945182294923,-0.012570363712138932,-0.0747769985796477,-0.02180849246399663,0.15690736985594578,0.1953125,0.3203125,0.701171875,0.1585191276803119,-0.19833849258757874,0.7219967122600384,False,-0.033414920186142005,False,-0.07505611126509548,0.06574030462680747,0.0811466643319887,0.007580286209753151,False,2594.9613685705567,False,True,0.6834076255810622,0.9589459725290437,0.002841828221195941,False,0.6858841889372764
UBER,237,0.5190369575408246,Uber,Industrials,SP500,75.95999908447266,-0.0064093902332169606,-0.012865469824975051,0.11410969117737402,0.051931866051032394,0.0068928502947793735,0.888671875,0.5234375,0.37890625,0.3518975389863548,-0.24115883873753874,0.1519562673958057,False,-0.014159457683728394,False,0.02621743839342816,-0.0058053719330164455,-0.02554764459515735,-0.010024137764818475,False,1364.1356917444764,True,False,1.0837425199353148,0.7326634601771125,0.011576221995530434,False,0.7607243697859025
CL,238,0.5170508720557978,Colgate-Palmolive,Consumer Staples,SP500,90.08999633789062,-0.00011101150277315064,-0.009564674091235181,-0.03419813982795916,0.06470587917060922,-0.01619114239467212,0.359375,0.552734375,0.326171875,0.014722679093567281,-0.08039573833197589,0.22336409180859396,False,-0.013544767206413066,False,-0.017629942408037946,0.03690356854882304,0.017946335265198732,-0.004628839013071762,False,408.9745558448486,False,True,0.6377138555878497,1.0285303327582311,-0.0006658996627062486,False,1.1972008347125278
BXP,239,0.5169539989497045,"BXP, Inc.",Real Estate,SP500,68.2300033569336,0.016840609664817263,-0.02486776952141445,-0.02542492108246508,0.1111945258867133,0.26002816909544624,0.40625,0.671875,0.841796875,-0.15853435672514615,-0.0970582495089779,0.35900766020443364,False,-0.002718607451713706,False,-0.004653894580708529,0.09002734033944115,0.004675654584239464,-0.0017339529028932432,False,91.35796999664306,False,True,1.0372169248141005,0.8617759780172102,0.012369625185234545,False,0.7752465300410833
PTC,240,0.5140262607076043,PTC Inc.,Information Technology,SP500,150.0800018310547,0.006370260290601504,-0.055803682211304384,0.07638248378910895,0.08134598379615254,-0.08627091731473557,0.818359375,0.59375,0.203125,0.2350755360623782,-0.2983636927839979,0.3360633791921088,False,-0.010946273789862904,False,0.10402623415996803,0.008031076049109354,-0.09422442233822426,-0.014492069722379486,True,196.88159064704894,True,True,0.7547377836640213,0.7669420771302781,0.01609329992559383,False,0.8390688055221686
PM,241,0.5132892224348903,Philip Morris International,Consumer Staples,SP500,186.1699981689453,-0.009417921940342522,-0.022627035149448083,-0.014608556681480978,0.07270959901085372,0.1160233401183508,0.470703125,0.576171875,0.619140625,-0.07295093201754388,-0.06994055117182885,0.3241636228367826,False,-0.0148458520394813,False,-0.00897180446096979,0.07983215070492489,0.009053026444005408,-0.013460803726864645,False,911.4626603802491,False,True,0.7734226646783049,0.7282486017819831,0.0037777559106899616,False,0.5641258268718842
WM,242,0.5132601204482808,Waste Management,Industrials,SP500,221.72000122070312,0.012235244780478993,0.018185189262313717,-0.011546504240026456,0.016761122843737652,-0.09152639143029007,0.49609375,0.412109375,0.1953125,0.07877604166666669,-0.09307424572607492,0.14057387562281365,False,-0.006757652623211818,False,-0.029314932961051365,-0.010593951941510915,0.030200251303417858,0.0035711061328878024,False,468.105255094574,False,False,0.5193230132591526,1.13318023023851,0.004291464893255048,False,1.14384102367887
ECL,243,0.5127918811747942,Ecolab,Materials,SP500,278.9700012207031,-0.0033225891249043515,-0.02427338096783771,-0.022769467797685405,0.09987145109859741,-0.022479271783447885,0.41796875,0.638671875,0.314453125,0.030484740497076057,-0.09038434002012219,0.13836451045086706,False,-0.012787374168927834,False,0.0004533034167744088,0.02622810648607854,-0.0004530980258911077,-0.012072149121904907,True,380.08384788812253,True,True,0.7410948574813087,0.8722245829063272,0.005859287903536181,False,0.6750884373119708
EFX,244,0.5121317207809383,Equifax,Industrials,SP500,189.08999633789062,0.01946301861929345,-0.003801121686217601,0.06915726553509716,0.10904970523671986,-0.0777074616432809,0.802734375,0.662109375,0.21484375,0.22936083698830412,-0.2709513929237314,0.248182902147158,False,0.013527463535474071,True,0.0670615924225948,0.01254362340763171,-0.06284697425041974,0.003501177735555583,True,255.1860451367798,True,True,0.800602972784778,0.5769291636563801,0.008194976857201164,False,0.5069401718647528
PNC,245,0.5109202042630794,PNC Financial Services,Financials,SP500,245.17999267578125,0.011218287084863388,0.006858027212917728,-0.03990289633177202,0.08831561954635414,0.17263820161743793,0.31640625,0.61328125,0.7265625,-0.13135812621832355,-0.045880875156302126,0.4068771877228874,False,-0.009207633738622878,False,-0.014617998439217184,0.10543531026349218,0.014834854316461366,0.008000363515755726,False,436.87417917138674,False,True,0.8730300919717883,0.7999667879513057,0.006722715412389668,False,0.7497811900794216
SNDK,246,0.5102159376083087,Sandisk,Information Technology,SP500,1554.989990234375,0.001023539201315593,0.047166599121557296,0.15141798610468338,-0.11632231839242457,1.7493235672483634,0.9375,0.146484375,0.994140625,-0.08158580043859648,-0.3340513960452356,23.87983984375,False,0.03431417180979057,True,-0.004583809415056095,0.5602996145169781,0.004604917479152482,0.01350853149909681,False,22467.50749830322,False,True,0.6060957322711151,0.8300441022001458,-0.0056971645724517295,False,0.5900346558200336
APH,247,0.5101851851851852,Amphenol,Information Technology,SP500,,,,,,,,,,,,,False,,False,,,,,False,1081.8080245499957,False,False,0.7495191867659955,0.9794840068167529,,False,1.507852529530337
DLR,248,0.5080368254759839,Digital Realty,Real Estate,SP500,187.7899932861328,0.021930773289977168,-0.02243629713921147,-0.036628531564786404,0.0018127373677383485,0.05885509478844253,0.34765625,0.37890625,0.490234375,0.06311677631578949,-0.07291424433878668,0.28661673462513493,False,-0.02024571800702535,False,0.005120032158078214,0.058961881245611414,-0.005093950965324168,0.00013285807067831001,False,556.3860207055969,True,True,0.7047272049451756,0.9201136945665628,0.0032651617405947686,False,0.48058647482432926
DOC,249,0.5064356727988556,Healthpeak Properties,Real Estate,SP500,21.030000686645508,0.0,-0.008953752726533426,-0.030120018257968506,0.08852366214567109,0.24662228740256253,0.38671875,0.615234375,0.826171875,-0.33798199926900585,-0.07389627344483707,0.3921550740097661,False,0.00239201609976325,True,-0.01940696543033693,0.15704926683014087,0.019791049646659786,-0.001249150414782907,False,122.99919212871933,False,True,0.8029392482929325,0.807113102981371,0.008559124676655427,False,0.7337507038210583
AES,250,0.50515982403841,AES Corporation,Utilities,SP500,14.779999732971191,-0.0013513822639132922,0.0020338802014367996,0.005442171751297131,0.015429158040384916,0.06481688811027131,0.576171875,0.40625,0.515625,0.004690545808966884,-0.12374457003251615,0.24026864726118125,False,0.0025436565890593066,True,0.008802904107229947,0.03375359225168206,-0.008726089180938867,0.001329200689977883,False,114.65637639735222,True,True,0.7027137524421707,1.003267892066602,0.0013513178264603631,False,1.1775930451834435
MTB,251,0.5045309860348761,M&T Bank,Financials,SP500,240.05999755859375,0.019449642917243715,0.012272423927263132,-0.041005111039914444,0.08965486097778363,0.1264311409512069,0.310546875,0.619140625,0.63671875,-0.1566878350389863,-0.0491197152346432,0.3824038999735515,False,-0.011400096093418965,False,-0.013380713786528609,0.10361861031840669,0.01356218550914634,0.010397668472762911,False,256.09004761141966,False,True,0.8905241257455351,1.0066456351339288,0.003567231237984192,False,0.6541226255584838
MDLZ,252,0.5027506119592702,Mondelez International,Consumer Staples,SP500,61.45000076293945,-0.016012810052573156,-0.015697573881880644,-0.01837057091394423,0.015987627072175048,0.07427949161226666,0.443359375,0.408203125,0.529296875,0.016390259502924,-0.05446987562994743,0.2133872999930475,False,-0.021418888845781137,False,-0.000707689134636813,0.05209595352252139,0.0007081903132266643,-0.014424918422577981,False,531.6315536627656,False,True,0.7864403993665793,0.8759005314490579,-0.004483628351855895,False,0.8786800042064408
BKNG,253,0.501905594447963,Booking Holdings,Consumer Discretionary,SP500,195.1300048828125,-0.022394795010100887,-0.0366804540152702,-0.05743406020801689,0.16795353042715844,0.0625130082243135,0.240234375,0.783203125,0.501953125,-0.08229395102339176,-0.11929348660755912,0.2691919020490219,False,-0.061211501813062674,False,0.006211691696046628,0.05289608959703407,-0.00617334478153031,-0.03245303589905146,False,1176.7579550117186,True,True,0.7950103235083944,0.857326311823818,0.004959870762035745,False,1.1826858384915497
SBAC,254,0.5008301078575409,SBA Communications,Real Estate,SP500,191.52000427246094,0.027357612668216458,0.024390229968126897,0.0809493269222239,-0.07220909790518748,-0.0018469654893802367,0.828125,0.19140625,0.357421875,0.14462262426900585,-0.13293022140875255,0.17473126808630757,False,0.03740453719879966,True,0.0520996042875872,0.005355816323202367,-0.04951965011227788,0.01976967856647205,False,180.1010739774475,True,True,0.5341515740931527,0.7948115682333664,0.003808640279159947,False,0.7966639696271861
UNH,255,0.4997258940227226,UnitedHealth Group,Health Care,SP500,400.94000244140625,0.00320271923026616,0.014909542666595943,-0.028612955926332506,0.017050337713611086,0.4072265323749884,0.39453125,0.416015625,0.9375,-0.266245583576998,-0.08115045987580216,0.55675224892486,False,0.008885063877031918,True,-0.02709543395236713,0.14973391028170502,0.027850042951736542,0.010204949026287657,False,2058.3339644390257,False,True,0.7249146324936478,0.8319111958469427,0.0009007289903015803,False,1.0983036711904235
EQT,256,0.49919427693991103,EQT Corporation,Energy,SP500,55.61000061035156,-0.002511199814321796,0.015336865904094,0.08549680084428202,0.00985566472119248,-0.09288758978670719,0.833984375,0.400390625,0.19140625,0.3048740557992203,-0.1764813680806785,0.1438409971636676,False,0.026819933195059154,True,0.05912292866135305,-0.004646799926848577,-0.05582253680040672,0.013039001599070454,False,371.3374797368088,True,False,0.7438780818441758,0.7831564321932305,0.002869952419948252,False,0.8812909629173298
MMM,257,0.4991824613403666,3M,Industrials,SP500,168.30999755859375,-0.00260742187499996,-0.058826842055280326,-0.07157960761181958,0.10654436695211156,0.08777320154519841,0.20703125,0.65234375,0.572265625,-0.2696835404483431,-0.08016762578751269,0.20340691474650674,False,-0.0539041304745117,False,-0.0156527413290537,0.055461985590982144,0.015901645675518994,-0.02765610634598059,False,554.3640657617493,False,True,0.5331795658931847,0.81431234299752,0.005866699218749938,False,0.9170264643501309
CPRT,258,0.4981855902059709,Copart,Industrials,SP500,33.58000183105469,0.044154290745646474,0.025030633441226247,0.1615358702279832,0.09132276020431496,-0.11678060424121695,0.94921875,0.62109375,0.150390625,0.5294758162768032,-0.32799677785194603,0.23592203668609946,False,0.04930947075030212,True,0.11899022951053251,-0.02628136353019206,-0.1063371478789239,0.024143016799252015,False,351.8456337901802,True,False,1.1638781056286842,0.6288996944058817,0.04228857639316819,True,0.7130530600335496
HAL,259,0.49743905210595246,Halliburton,Energy,SP500,37.290000915527344,-0.009035347938801452,0.05559486823246185,0.17734328240105834,-0.09114355522055873,0.1013595303678172,0.958984375,0.16796875,0.59375,0.14457693713450293,-0.12465238078863894,0.7491979700009421,False,0.07224552216069102,True,0.10023828968722936,0.08310733097460532,-0.09110598188300156,0.031075318855856793,False,383.541221371315,True,True,1.0616142219425295,1.0178856392368418,-0.0015945089446690597,False,0.8732493744046321
WRB,260,0.49720283286563116,W. R. Berkley Corporation,Financials,SP500,69.5,0.02025832645004133,0.01697400825680484,-0.03579358720192383,0.05755833750207362,0.008001823575691125,0.349609375,0.53515625,0.3828125,-0.034044529727095485,-0.09078311291691266,0.10366204343189,False,0.0021195928413919596,True,-0.0222642383127708,0.011577660593376393,0.022771222231199317,0.0122277578855019,False,130.08187671435547,False,True,0.6320289337190996,0.9863189743499926,0.008367581794509249,False,1.1866562252552728
D,261,0.49623482211757564,Dominion Energy,Utilities,SP500,66.79000091552734,0.011203600750626208,0.00436091602296762,-0.021678567457339537,0.00436091602296762,0.07077430887481229,0.42578125,0.3828125,0.5234375,-0.19028691520467833,-0.06834985854385733,0.19442343102034365,False,-0.00717969196788959,False,-0.029466206663108063,0.05302402094689396,0.030360825007233583,0.0031941028437996177,False,291.5375559775238,False,True,0.4707412525775153,1.2100737593295858,0.006358791060406155,False,1.2540575305019261
MS,262,0.49623314998939655,Morgan Stanley,Financials,SP500,217.14999389648438,0.0251628098761576,0.010658071672845715,-0.005131306886210885,0.0003452073848653203,0.3504690914008213,0.537109375,0.373046875,0.904296875,-0.3696431834795322,-0.0446495504607769,0.4995789292664392,False,0.010084529802695252,True,0.009721011014911074,0.14908941535490428,-0.009627422732483515,0.01409876316096459,False,1088.1208150197754,True,True,0.7213061435342866,0.7495200100625826,0.006514916326630038,False,0.7558017085788037
CASY,263,0.4956040565478071,Casey's,Consumer Staples,SP500,758.4199829101562,0.006409262175139929,-0.006497448113561344,-0.1107333021404171,-0.0033894990894445254,0.13206737366026577,0.08984375,0.365234375,0.65234375,0.06114080774853803,-0.17166293926911813,0.5276820889662417,False,-0.07051192336644763,False,-0.08290809364050078,0.045867625744205665,0.09040325518694625,-0.025261295521932348,False,316.11642189294435,False,True,0.6662579379666822,1.0593314662290534,-0.003516533286832879,False,0.9431157338816154
RF,264,0.49391518165527803,Regions Financial Corporation,Financials,SP500,30.440000534057617,0.01703976691218556,0.011471175246608789,-0.03548547797487167,0.08155902057583386,0.11905258247348116,0.35546875,0.595703125,0.626953125,-0.11774716739766078,-0.05096536828972709,0.3563479420546445,False,-0.003943703582291236,False,-0.004747116175880306,0.0921028233176886,0.004769758774915811,0.011565042113642399,False,268.52215621938325,False,True,0.8567603917307125,0.7935015496125798,0.0013364185690232233,False,0.7133603237045487
WSM,265,0.49231381580144157,"Williams-Sonoma, Inc.",Consumer Discretionary,SP500,222.75999450683594,0.004690570451050924,-0.06560402596503201,-0.10264264591723826,0.07407259444596992,0.159121396274992,0.103515625,0.58203125,0.705078125,-0.38483034844054576,-0.11525937093160066,0.3253307335346791,False,-0.06364807552881913,False,-0.04314007727206115,0.0968765070742883,0.0450850498044395,-0.02843357644654665,False,243.0565910046997,False,True,0.5857016835212019,1.2452045208355302,0.011501005943164833,False,1.1286599835435571
LDOS,266,0.49083184722988166,Leidos,Industrials,SP500,132.36000061035156,-0.010614428030366163,-0.05362505339103296,0.043437147832166234,0.06628844475219253,-0.24196244743584816,0.72265625,0.5546875,0.048828125,0.402640716374269,-0.3311984810466998,0.3236000061035156,False,-0.05309357031076711,False,0.08212756860438986,-0.13368445589754574,-0.07589453497641607,-0.03467803575002282,False,181.9524521386566,True,False,0.7047824783033604,0.7872465604634323,0.005232448457388683,False,0.8776092342701588
LYV,267,0.4903093713139129,Live Nation Entertainment,Communication Services,SP500,177.49000549316406,-0.011693250668458832,-0.01743796449915669,-0.03285744681187186,0.10235396278849285,0.11083994773544781,0.365234375,0.64453125,0.61328125,-0.11375335038986356,-0.05820864284144134,0.41302447759511485,False,-0.02778497910894706,False,-0.02264073963350499,0.10768077735461201,0.023165217286645445,-0.015168013786158507,False,372.3886032723999,False,True,0.9465125895356574,0.7740435240435241,0.009521725868571584,False,0.6954228934786358
PH,268,0.4897219292351465,Parker Hannifin,Industrials,SP500,964.52001953125,0.015947265131528,-0.044241932222790825,-0.030532048946098178,0.10803643724128609,0.0033427199713931266,0.384765625,0.658203125,0.373046875,-0.03770330774853803,-0.10001901027864923,0.35706066838262607,False,-0.05388385663589046,False,-0.02566447779457548,0.03505335753414496,0.026340492786800507,-0.018710736696638364,False,617.6795901420899,False,True,0.8054005707876394,1.0018571951854303,0.0027070375518767342,False,0.839755812276682
KEY,269,0.4868240159104923,KeyCorp,Financials,SP500,22.1200008392334,0.014678973090459513,0.014162108341160717,-0.03283462472176979,0.03054220346427794,0.10717037930337892,0.3671875,0.453125,0.603515625,-0.026407163742690032,-0.06911837135441345,0.3724620740853124,False,0.0012401572029576702,True,-0.018452537188824003,0.05446070515549373,0.018799434452181796,0.015072942326181948,False,228.1971210402832,False,True,0.9218685467548834,0.9818383988871916,0.004587173622452312,False,1.0184315277999358
EW,270,0.48470168320738405,Edwards Lifesciences,Health Care,SP500,89.77999877929688,-0.011451232316912363,-0.0018899185626779502,0.009104164858719344,0.026643818323215163,0.07021098381811686,0.59765625,0.44140625,0.51953125,-0.06346704434697858,-0.05673462396054707,0.23578798201836282,False,-0.013791336078321947,False,0.0016377732667418599,0.057205422056586075,-0.0016350953512870303,-0.007569346851042602,False,373.4596936217804,True,True,0.7307428977822413,0.6226586586281407,0.0028628290806445023,False,0.4337221882496825
MU,271,0.48425202134902656,Micron Technology,Information Technology,SP500,958.1599731445312,0.0021755041602256053,0.024342742748490576,0.07273924979627955,-0.03784406122718531,1.4145823705799963,0.814453125,0.283203125,0.990234375,-0.6875571089181286,-0.2103337992978841,6.726413428023795,False,0.023289265126981373,True,0.016940623387127873,0.5903962151622859,-0.01665841937821677,0.013009957361768354,False,38303.32206451172,True,True,0.4429925509243707,0.5879131300584197,0.0008680822105389119,False,0.5838859166467045
KIM,272,0.4840572668484099,Kimco Realty,Real Estate,SP500,23.920000076293945,-0.00664451195677096,0.004619933339725879,-0.03819866227912583,0.007157897949218839,0.0400800451429526,0.337890625,0.396484375,0.458984375,-0.09669301291422999,-0.09325243224917412,0.24653120351339575,False,-0.008147941257315772,False,-0.041274876725158505,0.05111902719618033,0.043051835946648076,-0.0034666957622578876,False,107.24367774111938,False,True,0.5529594867746811,1.366541454852082,0.006644511956771071,False,0.883185426376386
CHTR,273,0.4835476353900981,Charter Communications,Communication Services,SP500,151.3800048828125,-0.047744834117181556,0.020631050481981106,-0.011686317865973073,0.17303371796201228,-0.34165433036651616,0.494140625,0.794921875,0.021484375,0.5493078399122807,-0.46459641327239465,0.22763772508292046,False,-0.0033150180681829067,False,0.05990592714711784,-0.17013628427469396,-0.05652004164969893,-0.004740888487375083,True,433.5578027796936,True,False,1.209630920239854,0.8949376048657718,0.007988955543239529,False,1.210067795759496
GWW,274,0.48155147450065483,W. W. Grainger,Industrials,SP500,1312.8399658203125,0.02178463693522703,-0.006237313795134036,0.023604769303616102,0.020191080724102584,0.15043423743618867,0.638671875,0.4296875,0.693359375,-0.24282711988304095,-0.061786293413861104,0.4382320478339732,False,0.0030323612780844833,True,-0.019390892857125364,0.12049929379810487,0.019774334865829468,0.0034384353269087953,False,365.0227251408691,False,True,0.8047295100458473,0.8875908980840775,0.004358466507643266,False,0.5106391829773073
FE,275,0.4814095392044083,FirstEnergy,Utilities,SP500,47.040000915527344,0.016202203179227492,0.017081100876266797,-0.005935565378926588,0.040892621952902664,-0.04617822447540887,0.529296875,0.484375,0.2734375,0.04577850877192985,-0.07539371250682891,0.13658228240119108,False,0.006418509753493007,True,-0.00949932193187053,0.007024112278378514,0.009590424461291658,0.011938856020039745,False,198.89292294602203,False,True,0.8495765705274849,1.003271245517523,0.004536597112103635,False,1.1760973950920546
L,276,0.48112278960437277,Loews Corporation,Financials,SP500,110.04000091552734,0.010097287033867364,0.0020032892124792756,-0.04871534162163349,0.048387824824464465,0.001502757937859478,0.267578125,0.50390625,0.36328125,-0.0496999878167641,-0.07787533831260962,0.15020532484101223,False,-0.011383956786773952,False,-0.03251882857198385,0.012488599668139866,0.03361184644450055,0.0016145644211595922,False,84.9600106244049,False,True,0.6874223401220444,1.307693132012388,0.00587478772999539,False,1.3296023312991292
FITB,277,0.4761713547740333,Fifth Third Bancorp,Financials,SP500,54.970001220703125,0.01047793527272356,0.0021878350031065974,-0.045659675748074724,0.06872585085747662,0.1472600018629966,0.287109375,0.568359375,0.685546875,-0.1587361415692008,-0.07411146690822346,0.395792394849827,False,-0.014371114392522921,False,-0.028958428037596295,0.0925112882238226,0.029822027062212708,0.006296829180152397,False,332.0460366537094,False,True,0.8134891846699898,0.7843806906123765,0.0045955881063912685,False,0.6355744522614352
FCX,278,0.4751336535681323,Freeport-McMoRan,Materials,SP500,72.55999755859375,-0.01853107995302039,-0.07472584477402033,0.045683790125788715,0.043709424995316715,0.1633622357886475,0.732421875,0.48828125,0.712890625,-0.3401787889863548,-0.0919785479499452,1.0752696184673254,False,0.0011796878020757795,True,0.09609903889334648,0.19809388643605885,-0.0876736822891212,-0.0231427317440962,True,977.4553409628296,True,True,0.8971025004896889,0.9248308265266613,0.01907204148376196,False,0.7582483590398272
AXP,279,0.47458867853359316,American Express,Financials,SP500,329.82000732421875,-0.0004848889532160783,-0.012987779178620928,-0.05492989325362041,0.05821154278859164,0.07994014112162251,0.248046875,0.537109375,0.544921875,-0.06522980628654973,-0.13610282410746155,0.13514346393077936,False,-0.01890673973409951,False,-0.03469341351371946,-0.017943872637740776,0.03594030539043924,-0.005585854481790831,False,960.0274299307251,False,False,0.658934348950008,0.8155983495374781,0.009091459785799838,False,0.7671602282598375
FDX,280,0.4739707791131466,FedEx,Industrials,SP500,324.30999755859375,0.02454662539939001,-0.02142363243432588,0.0437371147158232,-0.007538215231328249,0.08642677811948518,0.724609375,0.3515625,0.5625,-0.13576693469785572,-0.04432004795760647,0.8213294209077058,False,-0.012060234670730585,False,0.014798129313619457,0.11891940038745963,-0.014582337990343364,-0.005497931734006811,True,533.4208076078492,True,True,0.8585035062193589,1.0159894082900498,0.006792171095109101,False,1.4553531354654574
AEE,281,0.47376606926025977,Ameren,Utilities,SP500,106.41000366210938,0.004910796821779639,-0.003184977404127598,-0.023313385564750932,0.0015896319459145491,-0.03161299657758232,0.4140625,0.376953125,0.29296875,0.09235273513645226,-0.10065919593841777,0.10938814663863639,False,-0.011835468043369102,False,-0.03572900895114273,-0.005278832738774386,0.037052871322281966,-0.0021910778330131997,False,176.6945211138916,False,False,0.6297266401498653,0.8127762833656251,0.004438579879235238,False,1.0605331548966095
EVRG,282,0.4735359936230693,Evergy,Utilities,SP500,81.93000030517578,0.014361813920032551,0.0062638436219590865,-0.0053683124520860215,0.00884241359825011,0.013372628660947017,0.53515625,0.3984375,0.396484375,0.010523269980506844,-0.06258819828204631,0.1980614321250782,False,-0.0013824260566702717,False,-0.0217022436658727,0.03277362207100332,0.022183679278990898,0.004868702922550039,False,171.89141713212587,False,True,0.9014802794072427,1.0850100740844664,0.0024762236715270003,False,1.1361707441276951
PEP,283,0.4709420227869595,PepsiCo,Consumer Staples,SP500,140.02000427246094,-0.003558212245927117,0.0021471732689433143,0.008935044704360129,-0.004620700255528076,-0.11165342023100966,0.595703125,0.359375,0.15625,0.2326693469785575,-0.16266476308544042,0.04194792753288645,False,-0.0042561700212262465,False,0.002404028155508442,-0.048515589969807205,-0.002398262664538575,-0.00463504098896006,False,1120.8393297893067,True,False,0.6879009528363182,0.8699966508111815,-0.0014232631807667984,False,1.290671006176188
LITE,284,0.47064708944529654,Lumentum,Information Technology,SP500,847.3699951171875,-0.02666041204373404,-0.11375950997223305,0.02554884068218488,-0.10338809434732499,0.30200360403956283,0.650390625,0.15625,0.888671875,0.09777046783625731,-0.19534890406336547,4.971178727715298,False,-0.04179734292395265,False,0.03844043997069546,0.242428856588095,-0.03701747205817629,-0.03782825526126532,False,3801.940329216675,True,True,0.9993390279904546,0.7130118413038167,0.003928395831538367,False,0.7065792447403024
LYB,285,0.4681295200194022,LyondellBasell,Materials,SP500,64.76000213623047,-0.027189388116137803,0.0269584637792204,0.10839456242808287,-0.011354910186259448,0.003536284781171517,0.884765625,0.341796875,0.375,0.3164557443957115,-0.1974632828770223,0.6243700779679067,False,0.01315190719791448,True,0.07947783793442098,0.09510962133784595,-0.0736261877191492,0.0006460091132325374,False,268.3434856378708,True,True,1.1789229921928737,0.640180539055703,0.005107465357425678,False,0.44881523256946776
HBAN,286,0.467356988572771,Huntington Bancshares,Financials,SP500,17.059999465942383,0.010663525718303868,0.011862327897427694,-0.030681869535405637,0.041382371223958936,0.04251714595619793,0.3828125,0.486328125,0.462890625,-0.04388629995126703,-0.09760321411686745,0.15714858739713877,False,-0.011415703003109234,False,-0.026933339479019325,0.01646627913598997,0.027678822604608744,0.007912144582819192,False,404.00350800923917,False,True,0.7644788437324321,0.9455470321351486,0.0047393322087359024,False,0.7626656202411215
STE,287,0.4669433550740664,Steris,Health Care,SP500,226.8300018310547,-0.015281112130203778,-0.026355321961954004,-0.025267520575693925,0.07192314964118363,-0.0461407553358546,0.408203125,0.57421875,0.275390625,-0.0027793006822611765,-0.1510010975767302,0.13756273206713443,False,-0.03282749252922523,False,0.007937124024065545,-0.02379408515465875,-0.007874622171249679,-0.021076740295791874,False,161.0224001685486,True,False,0.606962190403226,0.766318162666823,0.00520945047295962,False,0.7209464277291783
KMI,288,0.465475143506072,Kinder Morgan,Energy,SP500,31.600000381469727,-0.011573316854286309,0.0019023292390851765,0.01542414939883896,0.006162872479893888,-0.03593131909376679,0.62109375,0.390625,0.28515625,0.13136574074074076,-0.07037701477218106,0.2710877218879413,False,-0.0050221141666594304,False,-0.007504809960584891,0.03331294421622988,0.00756155801650471,-0.005760995163271221,False,327.043164420517,False,True,1.2400310436392383,0.9417368285820757,0.0015640020482670103,False,0.8337191609332101
XEL,289,0.4653832179695788,Xcel Energy,Utilities,SP500,76.33999633789062,0.010991844499788739,-0.010627362432609977,-0.011139904719531746,-0.01098430133497863,-0.05942856025595178,0.498046875,0.34375,0.25,0.12542641325536064,-0.07657889121942829,0.0967784577964872,False,-0.015850358490413052,False,-0.0320904263489552,-0.02042188395071931,0.03315436402587402,-0.0027153591705909585,False,397.3605270142517,False,False,0.8659333864903813,1.106665788621808,0.005694613865855791,False,0.6762476660653818
ES,290,0.4629832424258091,Eversource Energy,Utilities,SP500,71.47000122070312,0.014622355814846166,0.007755260377300122,-0.013798813069625271,0.022753349023742153,-0.02100452078035242,0.478515625,0.43359375,0.3203125,-0.04009046052631576,-0.051996262112764424,0.18903447993554545,False,0.0013310153513572676,True,-0.018204482864994098,0.030597056011359758,0.018542030949699972,0.00694337357601138,False,157.9557628374939,False,True,0.7098183634460928,0.8647644681233495,0.004826750796515622,False,0.7097231757240257
ATO,291,0.46249313346603255,Atmos Energy,Utilities,SP500,169.1199951171875,0.008587801194568145,0.011362240656706435,-0.011964437149598273,0.012977524470008772,-0.07702026584372701,0.490234375,0.40234375,0.216796875,0.25419560185185186,-0.110187749780426,0.0652586047896544,False,0.005458590308691891,True,-0.017485357094550236,-0.026018864830201882,0.017796535879448294,0.006953906692448664,False,181.70357189089967,False,False,0.8077826718921219,0.7607576869053915,0.0036975811251100943,False,0.6446346290308388
BRK-B,292,0.4622001138528179,Berkshire Hathaway,Financials,SP500,508.1300048828125,0.005720082939390636,0.008794902855710829,-0.02066102188984187,0.06163424712001242,0.015447664030002306,0.431640625,0.544921875,0.404296875,-0.07496116593567248,-0.04021377869100329,0.09181351857910047,False,0.00380976049216053,True,0.010637633493175702,0.0319496701364288,-0.010525665323195765,0.006639954115936542,False,2187.2764568837893,True,True,1.0445192676293327,1.010163772926439,0.00269182150151992,False,0.8812375852995287
MKC,293,0.46009856064283444,McCormick & Company,Consumer Staples,SP500,52.58000183105469,-0.022676532031722707,-0.03593690963643992,0.0007613421170595824,0.13806236981793107,-0.17987756769988306,0.55078125,0.71875,0.083984375,0.15149853801169588,-0.25290452441725764,0.1635190623460241,False,-0.03337588884320497,False,-0.0027356691053506133,-0.06802681538274102,0.0027431735204008767,-0.028562947686245233,False,170.01940587120058,False,False,0.8634755258762978,0.7395462011146046,-0.007434901800260629,False,0.7110614831162401
PPL,294,0.4588918271371167,PPL Corporation,Utilities,SP500,35.11000061035156,0.016502596401726688,0.019454181485448085,0.004577964060640927,0.006602610268163112,-0.06065817274120666,0.5703125,0.39453125,0.24609375,0.20544742933723198,-0.11097352029285334,0.07208106738034092,False,0.0010406765046595545,True,-0.013370489303651478,-0.02383828981664793,0.013551681921833758,0.010991058145654042,False,288.81644229496766,False,False,0.958953829987683,0.8718783683784657,0.0037636725527570025,False,0.6994635128143804
EQIX,295,0.45773489881631124,Equinix,Real Estate,SP500,1040.8299560546875,0.02118241633685103,-0.033090247324931266,-0.009843640495654227,-0.039798812777818826,0.10280755200953595,0.513671875,0.275390625,0.595703125,-0.015057718079922011,-0.06284993460871346,0.45533440301059436,False,-0.017810656374570244,False,-0.002026097424181139,0.09413733577845096,0.0020302108291125887,-0.005688833578925356,False,614.8194861837159,False,True,0.9502183920929651,0.990122845624112,0.0016482797887422684,False,0.7723650790459532
GOOGL,296,0.45773209423361944,Alphabet Inc. (Class A),Communication Services,SP500,342.4800109863281,0.01589943031197949,0.005372133047505168,-0.055045062750366136,-0.07927519735176403,0.13974266789350853,0.24609375,0.1796875,0.671875,0.013995492202729054,-0.1488635306147198,0.4785064330016293,False,-0.005583538398109211,False,-0.017765536668695847,0.020984748147465426,0.01808685943317756,0.003389790865384823,False,10216.480072513184,False,True,0.558527757159904,0.8535973611910265,0.010204089022398222,False,0.692550032227039
AEP,297,0.45589742143249,American Electric Power,Utilities,SP500,124.70999908447266,0.009225535263120976,0.016298590293552406,-0.006408867706528043,-0.016672128934547392,-0.04141117084555612,0.52734375,0.33203125,0.279296875,0.17413651315789475,-0.09395437797260042,0.20799293383518358,False,0.005961071089678471,True,-0.03256367300165186,-0.004141271803965285,0.03365975836641022,0.00962427447245462,False,531.205334843216,False,False,0.7887303896175946,0.7257539379165985,0.0014566667121496124,False,0.5477205058996357
REG,298,0.4554445817452042,Regency Centers,Real Estate,SP500,75.91999816894531,0.001451004008627521,0.006095932812796745,-0.0398381375747634,-0.000559831909816233,-0.024277110004943814,0.3203125,0.37109375,0.30859375,0.018267239278752456,-0.08176103182485461,0.16453194199403343,False,-0.003164369055475902,False,-0.03702240180135108,0.011409871481056433,0.038445756028598455,5.7940373973552894e-05,False,103.31339027145386,False,True,0.6753678806235255,0.9831686835877828,0.006727373072875853,False,0.9620940407494749
FTNT,299,0.45308759982953045,Fortinet,Information Technology,SP500,156.36000061035156,0.011776934148359786,-0.09503413754458723,-0.047340547378943,0.04469835319871307,0.8521677801678755,0.275390625,0.4921875,0.974609375,-0.5019645467836257,-0.09503413754458723,1.0784260751457295,False,-0.019283773343521382,False,-0.014434281677320193,0.4255549673713579,0.01464568157046453,-0.022273494962782414,False,819.4493067962646,False,True,1.3486335158434082,0.9861264410342783,0.019153661462807836,False,0.6005535938796224
SYY,300,0.45239024608401124,Sysco,Consumer Staples,SP500,81.08000183105469,-0.008317028955585726,-0.016616072381997915,-0.037168950094373154,0.0977459437192465,-0.04135344178725986,0.34375,0.630859375,0.28125,-0.11767863669590639,-0.09793002057968592,0.18661910655290703,False,-0.02200722955863821,False,-0.02385764193151796,0.03128870411700091,0.02444074036365529,-0.012174002455860311,False,264.0776002791748,False,True,0.6223782830607547,0.7790076453746145,0.00415846782053797,False,0.744542964492181
PKG,301,0.450426322374764,Packaging Corporation of America,Materials,SP500,234.57000732421875,0.004410439615042616,-0.037424576411912325,-0.08374673498522345,0.05087840486775641,0.04990239107712946,0.16796875,0.517578125,0.470703125,-0.21146670930799216,-0.08880078468693964,0.24669001618376507,False,-0.052804965721776176,False,-0.03219813895327983,0.05963921363622782,0.033269350111040374,-0.01754975430880168,False,148.38104419558715,False,True,0.6002831760506543,0.9449204246628081,0.006422882774352878,False,0.8671515955199335
PLD,302,0.45037971745843336,Prologis,Real Estate,SP500,138.35000610351562,0.012885348948038278,-0.02467395029539765,-0.01712125957210997,-0.03084980186033448,0.01904396792658769,0.453125,0.302734375,0.416015625,-0.044244182504873275,-0.07803539681190341,0.2870066692391926,False,-0.016065781963863657,False,-0.026643260545583747,0.017050632130119814,0.027372554650947123,-0.010235823163223357,False,607.9089305819397,False,True,0.5311499653102999,0.7372618341873247,0.004612379381386145,False,0.8022143381679686
DUK,303,0.4497236347236105,Duke Energy,Utilities,SP500,121.4000015258789,0.006967518117913851,0.0046342701502770645,-0.007074903029667734,0.005314180642086219,-0.0614266400999437,0.521484375,0.38671875,0.244140625,0.12356085526315791,-0.07443695704650755,0.09278704446234465,False,-0.004208175082432319,False,-0.021830511079537596,-0.007738911272382465,0.022317718275623566,0.002731422064787381,False,503.14109638716127,False,False,0.9377676776146988,0.8340132805132965,0.002073656312729266,False,0.8222691611345806
QCOM,304,0.44947475577877927,Qualcomm,Information Technology,SP500,168.57000732421875,-0.0027804140850964387,0.028568140636163974,0.07590590652397622,-0.3012843703402741,0.2417040857730215,0.81640625,0.02734375,0.822265625,-0.042831688596491224,-0.3223112176365138,0.3711087044532906,False,0.033319118505050094,True,-0.003325413468868943,0.014936122933356222,0.003336508739971933,0.018111996819674125,False,2250.087332944336,False,True,0.42078593245794543,0.6702945043053601,-0.003194560563325899,False,0.5190511519268364
GS,305,0.4492618913558147,Goldman Sachs,Financials,SP500,1037.9300537109375,0.0333626086407508,0.002059338506153363,-0.016377620571993323,-0.045392755706217924,0.2539321965285313,0.458984375,0.263671875,0.8359375,-0.47511954800194933,-0.09466138402173818,0.43366293929698996,False,0.008782776490452449,True,-0.0014531074566173086,0.10676165621682143,0.0014552220506300895,0.013333926189685652,False,2048.8700716636963,False,True,0.6185466351015836,0.8254894970295501,0.009040060178348686,False,0.8486406755897025
SHW,306,0.44797576448608284,Sherwin-Williams,Materials,SP500,332.260009765625,0.0030490860849057277,-0.03751334552881358,-0.09914519914752418,0.10976035996715017,-0.004646144374861327,0.11328125,0.66796875,0.3515625,-0.12150493421052633,-0.10611683958266338,0.1366142444151115,False,-0.047962799225620745,False,-0.029844126390822012,-0.000957379568576,0.03076219729495211,-0.01989662802715031,False,709.7017137752686,False,False,0.62712629328744,0.7909492297144973,0.011954691185141586,False,0.7510542574664862
TAP,307,0.44742327029765394,Molson Coors Beverage Company,Consumer Staples,SP500,40.56999969482422,0.0007399797390084117,-0.014813030738974886,-0.01975426346600484,0.06799083883395274,-0.10908835790663218,0.43359375,0.55859375,0.162109375,0.21941246345029242,-0.2283572234975897,0.06799083883395274,False,-0.019795930811661755,False,-0.0015720572726695137,-0.057640947233841056,0.0015745325279812317,-0.005816085589737008,False,119.02105756130982,False,False,1.0932806044234096,0.9994576053138325,0.009126761803871952,False,0.929411069681724
DPZ,308,0.4472778976204872,Domino's,Consumer Discretionary,SP500,347.0299987792969,0.001009594181695217,0.045082218065310986,-0.05340821951014041,0.13549280568643152,-0.12853481843771286,0.25390625,0.708984375,0.13671875,0.09689860501949321,-0.24112182975164287,0.22612444008066568,False,0.006890944486568129,True,0.043451954028179474,-0.04222142657954375,-0.04164250578135009,0.008012616327992106,False,303.9595071225586,True,False,0.9845806573369903,1.2234814064029078,0.0022787832052963974,False,0.6408944516851754
NUE,309,0.4466888701802018,Nucor,Materials,SP500,262.4700012207031,-0.005682463890076095,0.04002062962685282,-0.044660367801588,0.0031821922274120062,0.5340615262585291,0.296875,0.380859375,0.947265625,-0.4105636269493177,-0.044660367801588,1.010260944705779,False,0.01383218487108362,True,0.05713509906536296,0.28189522135793244,-0.05404711196882728,0.025702725647095637,False,360.75689194747923,True,True,0.9713524714714383,0.7930941202802887,0.006477976463880042,False,0.7128590638337216
GOOG,310,0.4466881723069783,Alphabet Inc. (Class C),Communication Services,SP500,339.0799865722656,0.01587868599781861,0.0040567207125992155,-0.05845116492694524,-0.08120327188684395,0.12832100734502094,0.236328125,0.177734375,0.638671875,0.00034646076998051667,-0.14974925538790618,0.46156733516006665,False,-0.007734377018432936,False,-0.021887850897309824,0.01429413018143788,0.022377649554184087,0.002956608787999526,False,6862.401009776855,False,True,0.5130054099602417,0.8376931561438511,0.008179073031075346,False,0.6393226950668899
ITW,311,0.44526218019903435,Illinois Tool Works,Industrials,SP500,271.6499938964844,0.009513536710518355,-0.03557361115339586,-0.08633799541025167,0.08830463634536945,-0.026500212495152442,0.15234375,0.611328125,0.306640625,-0.16255101730019494,-0.08633799541025167,0.14821461257129553,False,-0.043270341280300384,False,-0.030306282432130738,0.026814993995726066,0.03125345857467576,-0.016759369065463936,False,360.2976411352539,False,True,0.6042465572146665,0.9046471087709386,0.010293913008173172,False,0.7507190017176365
LLY,312,0.4446749299793053,Lilly (Eli),Health Care,SP500,1159.5999755859375,-0.00041374774751079535,-0.014029419558298728,-0.007349907730376248,0.03198493517831191,0.183065160324692,0.51953125,0.462890625,0.748046875,-0.320735105994152,-0.09430307063563159,0.6329829290847617,False,-0.03686053034775172,False,-0.025448586722081945,0.09425799663008605,0.026113128948718423,-0.0159941583051878,False,3296.781010701416,False,True,0.9814639587961296,0.9398833509079243,0.008551172609730706,False,0.9180404578504068
FRT,313,0.44373640044800317,Federal Realty Investment Trust,Real Estate,SP500,117.16000366210938,-0.0066135218174544486,0.0020527326113815025,-0.038332086503793494,-0.021252972940726256,0.09978816231325971,0.3359375,0.322265625,0.5859375,-0.16116517422027288,-0.07842361210340187,0.27404820118756557,False,-0.002384163058195554,False,-0.031371542753245496,0.06860296278717315,0.032387591463517884,-0.0008776836321131576,False,97.76971720643616,False,True,0.6078050390567146,0.8391141677583264,0.004832963227276554,False,0.6060703174689261
SPG,314,0.4416136137159061,Simon Property Group,Real Estate,SP500,211.52000427246094,0.006279768522279072,-0.01568241950188143,-0.05911655811778993,0.03695343605241552,0.07600060699888345,0.232421875,0.474609375,0.533203125,-0.17061479653996103,-0.106379353613964,0.2631621391474628,False,-0.029822655997020164,False,-0.05101083698123965,0.061789439377554434,0.05375281296044809,-0.012010900302242833,False,361.0299460446472,False,True,0.5912204938120122,0.7755252132053606,0.0065176517405654,False,0.5479951175966916
CVS,315,0.4402205746131045,CVS Health,Health Care,SP500,97.19999694824219,-0.0003086126468725414,0.04606111562244175,-0.019370518009858007,0.03144648487043722,0.2537828668805413,0.435546875,0.45703125,0.833984375,-0.4045671905458089,-0.11571648617568453,0.42734298518880176,False,0.026274494395985837,True,-0.03481503372921302,0.13649902130712466,0.03607084128519822,0.017200698418424087,False,760.4640552670899,False,True,0.9215518079423617,0.8873593977920491,-0.001337086067304205,False,0.6279885617353812
YUM,316,0.4394971893735615,Yum! Brands,Consumer Discretionary,SP500,152.5399932861328,0.008395511190602,0.011873918979322218,0.0011156932099036787,0.030118796595954622,-0.033624571120836166,0.556640625,0.451171875,0.2890625,0.13928103679337234,-0.08925913019712339,0.11947157340294745,False,0.012485101351071615,True,-0.00457713487283562,-0.009930989294251402,0.004598181369131815,0.0014447703698099446,False,391.98498955355836,False,False,1.2850155213274697,0.6336949275611794,0.0028425508272398314,False,0.6008030485553167
GEHC,317,0.4375778723295017,GE HealthCare,Health Care,SP500,69.72000122070312,-0.01190471041602692,-0.03807949790839027,-0.0074031414988784405,0.09323599452660614,-0.09488613847607985,0.517578125,0.625,0.1875,-0.10014619883040932,-0.2080189388923286,0.17272237344120067,False,-0.040505332696150975,False,0.022300415536792517,-0.040816655304336424,-0.021813955269775476,-0.0240191448774979,False,290.15182519797514,True,False,0.49750326321617816,0.6240794028339146,0.006519261626825701,False,0.749082431776521
SW,318,0.437111283118535,Smurfit Westrock,Materials,SP500,45.2599983215332,-0.0022046359672124316,-0.06929884171422751,-0.05771173960312126,0.08024395959900565,0.03598229843699419,0.23828125,0.58984375,0.455078125,-0.2795519615009746,-0.10890337535797978,0.42125630802854697,False,-0.057817737233733624,False,-0.02527826938674238,0.08744781571292926,0.025933831772518623,-0.034477945110150454,False,240.43594149037932,False,True,0.6678987601431118,0.9442329908378128,0.007495594091996072,False,0.5693407162574815
KR,319,0.4370546379532451,Kroger,Consumer Staples,SP500,58.5099983215332,0.004981056247847615,0.02775334635320159,0.0393694059009555,-0.05347919428347048,-0.17253313310470608,0.7109375,0.23828125,0.09765625,0.16420717592592593,-0.21664286332996385,0.06089423756560275,False,0.023516558553181577,True,0.019205415117506286,-0.07675308791906688,-0.01884351754086,0.010592137764884324,False,389.7472133445511,True,False,0.5752126513038402,0.8556664878914146,0.0005152658651303987,False,0.7688390175830636
FAST,320,0.4335512564021828,Fastenal,Industrials,SP500,49.22999954223633,0.027122871453855613,-0.037348452682983924,-0.015203082830818171,0.049621475496088197,0.052091253016986805,0.466796875,0.509765625,0.474609375,-0.16079967714424948,-0.06013748494931548,0.2781414018965105,False,-0.030609744628724234,False,0.014743472451291595,0.09583889635559606,-0.014529260696475532,-0.007462554212462003,False,381.1538079104538,True,True,0.9378743442116981,0.831930398583565,0.0056332246201658,False,0.8406543490781739
F,321,0.4323281815928061,Ford Motor Company,Consumer Discretionary,SP500,14.40999984741211,0.019094731084420058,0.03297491357967308,0.030860919417270205,-0.05045210416887269,0.19527316695203756,0.671875,0.240234375,0.765625,-0.6096681591130604,-0.1647898827454095,0.32180951851078143,False,0.027193847629601864,True,0.028809303681781584,0.08978751848028033,-0.028002569162897673,0.023708366628632183,False,681.527303431654,True,True,0.623866169142989,0.9496332580862437,0.011315406190047561,False,0.8335372930547886
NVR,322,0.432326865507129,"NVR, Inc.",Consumer Discretionary,SP500,6373.9501953125,0.007428539588445249,0.0013353336746328992,0.0012834892867801262,0.031839336010792474,-0.09906791728390496,0.55859375,0.4609375,0.177734375,-0.0010508040935672258,-0.2538979052660073,0.14564798837031945,False,0.0040329646407930575,True,-0.008239581583338595,-0.06438084104053565,0.00830803632644761,0.004313245858593051,False,204.8710376982422,False,False,0.6753240304307556,1.1624413145539907,0.008312036941426015,False,1.1969839773798303
SO,323,0.4300450833582264,Southern Company,Utilities,SP500,88.7699966430664,0.005208912888571282,-0.0031443728140992944,-0.038635890044556365,-0.02310639488671684,-0.07156312307509272,0.333984375,0.31640625,0.23046875,0.04155244883040937,-0.08945548938028414,0.08174257521475159,False,-0.0173475190654796,False,-0.04529551152344069,-0.024956004253111064,0.0474445360529514,-0.002637206200571618,False,499.26378238336184,False,False,0.7304312220325352,1.1064523218682494,0.003170635115362641,False,1.112475473833516
OTIS,324,0.4298830454984021,Otis Worldwide,Industrials,SP500,71.4800033569336,0.009176923748065224,0.0,-0.01623424078786717,0.02953862978462385,-0.20179839780808284,0.4609375,0.447265625,0.0625,0.18995568347953218,-0.22720585530306492,0.03711095306225798,False,-0.004948384116345572,False,-0.008461481071538657,-0.09727309838877563,0.008533688717088594,0.001647264902222556,False,254.143535009552,False,False,0.8287533764456377,1.123818017805661,0.007482687640768981,False,0.7287617519435907
CHD,325,0.4292243578938034,Church & Dwight,Consumer Staples,SP500,98.58999633789062,-0.007350013684823242,-0.03692494194855933,-0.045825790387614806,0.050686499181437084,-0.00647440629748075,0.283203125,0.513671875,0.345703125,-0.09646457724171542,-0.05744380044287578,0.22086588177229793,False,-0.020298584723085655,False,-0.004744306595563241,0.04538023779915501,0.0047669223366455515,-0.014463991251361663,False,178.2149554112549,False,True,0.901520770185033,1.0050784785020712,0.0006040833545921664,False,1.0786084694609182
META,326,0.42908052869080243,Meta Platforms,Communication Services,SP500,610.6799926757812,0.0300750912104224,0.06930488317607697,0.03721312637823315,-0.026011463909866528,-0.07387665191713655,0.705078125,0.310546875,0.22265625,0.04933829800194933,-0.21476260717140483,0.1626836342677056,False,0.06085755345631805,True,0.02805726644337181,-0.017449134936212696,-0.027291540422098803,0.04772497072524784,False,10730.179211011719,True,False,0.6920671455905653,0.9029344722051468,0.01963399701068247,False,1.098671545388429
AMT,327,0.42794930087913186,American Tower,Real Estate,SP500,177.75,0.027932002557250257,0.020613207753805707,0.05759500359340053,-0.0745875055191777,-0.034109487929005367,0.77734375,0.189453125,0.287109375,-0.01912387305068225,-0.07558858991880213,0.09647769619864976,False,0.01937237558532834,True,0.0396317572464473,0.013695111964408868,-0.038120956742813794,0.012197841333510873,False,490.25079743396,True,True,0.6323401196375645,0.7917393874074332,0.011623840666896923,False,0.6700184656133417
MAS,328,0.4275325067552333,Masco,Industrials,SP500,71.41999816894531,0.00676622090527168,-0.018821304153738283,-0.07225558009632682,0.02607923614814256,0.10377758718229946,0.203125,0.439453125,0.59765625,-0.15313946759259256,-0.13334298017647794,0.22997750576808862,False,-0.027011895220754423,False,-0.05970109281895819,0.03584875129253695,0.06349161140465243,-0.009207357680627859,False,180.4179932550659,False,True,0.6401818898816984,0.7598104498696885,0.01240481002442606,False,0.6526936870926691
PCAR,329,0.42678530818141397,Paccar,Industrials,SP500,124.51000213623047,0.01948747184423505,-0.016042348384776917,-0.06374906889938059,0.057336275342973364,0.015302979420296348,0.2265625,0.533203125,0.40234375,-0.24652397051656916,-0.09673908350961558,0.3718229399361068,False,-0.030368377994615114,False,-0.02359331187520819,0.04688048830011926,0.024163406664613918,-0.007114176477995726,False,410.1598351804199,False,True,0.5762293936124274,0.8048211144061573,0.006550422252919796,False,0.842587271854345
FIS,330,0.4266871661129159,Fidelity National Information Services,Financials,SP500,42.279998779296875,0.009792210601177853,0.04266336805883841,-0.01307192743455643,0.030926258592138822,-0.14728237730187133,0.484375,0.455078125,0.119140625,0.2952340704191033,-0.3671586486211491,0.12089070548839054,False,0.01639499542491718,True,0.010854465448366213,-0.13829990778704504,-0.010737911162663427,0.020823860732420707,False,249.96634091704559,True,False,0.9086672244518287,0.9833207856056511,0.010986455956644825,False,1.1462265697431337
TSLA,331,0.42547535226964833,"Tesla, Inc.",Consumer Discretionary,SP500,376.3699951171875,0.05422813036607077,0.06076490997138073,0.17048673427260352,-0.10056163427478726,-0.07195165467660547,0.95703125,0.162109375,0.224609375,0.111427113791423,-0.231709824108413,0.2616317574306801,False,0.08412581444313472,True,0.050231511781587246,-0.058681187575435056,-0.047828989340050976,0.050838326881288864,False,14193.673921950318,True,False,0.8080697120040541,1.1528816011086982,0.02467717239742795,False,1.6185878075624234
KEYS,332,0.4245565251281035,Keysight Technologies,Information Technology,SP500,322.6199951171875,0.003234058673885043,-0.009821411009444114,-0.039878561795736345,-0.059718431724976595,0.13394954146940874,0.318359375,0.21484375,0.658203125,0.021861293859649134,-0.13585472148234312,1.022822647222339,False,-0.02606755118001569,False,-0.01271458292553318,0.12116247571129146,0.012878325462569062,-0.000385838959653495,False,469.4855259525757,False,True,0.8285996601598065,0.8299230210683574,-0.007742988800130024,False,0.5249846243150046
EXC,333,0.42289617477510083,Exelon,Utilities,SP500,44.529998779296875,0.012735900455924432,0.012966326357944702,-0.026879361611722996,-0.0022406965365233678,-0.07835199311902719,0.3984375,0.3671875,0.212890625,0.0436007553606238,-0.10620848661797955,0.0701965859388265,False,-0.0034799065727625367,False,-0.02876837522133402,-0.0219309488237881,0.029620509142595175,0.0067369697721868516,False,372.85818606755066,False,False,0.8098373750443354,1.1324874966888854,0.0020468535385329556,False,1.4520523281939572
IEX,334,0.4192795043894356,IDEX Corporation,Industrials,SP500,223.10000610351562,-0.006722739427152402,-0.046499657332641275,-0.058570300760666605,0.034860833904458266,0.10474379811976253,0.234375,0.470703125,0.599609375,-0.12968673854775825,-0.07242640054675842,0.4214995126717498,False,-0.04312374490456927,False,-0.024716848960190996,0.09085799679100481,0.025343254350122635,-0.021958438401028957,False,150.01326303622437,False,True,0.9607601534459836,0.7849127010984388,0.007078920500289465,False,0.7117194339072075
NFLX,335,0.4186687740642844,Netflix,Communication Services,SP500,82.66999816894531,-0.0007253134963550734,0.03544591634345573,0.11415096454264462,0.013609620446029647,-0.16638096505649536,0.890625,0.404296875,0.1015625,0.3360707541423002,-0.3455768837040477,0.2229289946003974,False,0.0450732684019739,True,0.09797430035036392,-0.05024719270089484,-0.08923187028976931,0.018008223955445324,False,2928.1566186564637,True,False,0.9973092372767405,0.6442958778648097,0.005439344010427449,False,0.6006486544548301
RTX,336,0.41833152178010724,RTX Corporation,Industrials,SP500,202.1300048828125,0.006723807708553631,-0.04691624322112398,-0.087753663315008,0.13037999181492022,-0.0010485874158802089,0.150390625,0.693359375,0.361328125,-0.2345158686647173,-0.10359661200620152,0.3517639536333703,False,-0.058610530319692655,False,-0.023110160634641552,0.054589669293530596,0.02365687481165235,-0.02584336768758444,False,973.0968859217529,False,True,0.7089797553890851,0.757645761901288,0.006076308537307007,False,0.7880429582600671
AFL,337,0.4175434778010193,Aflac,Financials,SP500,118.36000061035156,0.009553077166407409,0.015268474449643632,-0.05259558040275103,0.03179893382138488,0.07683784949532524,0.2578125,0.458984375,0.53515625,-0.1316588998538012,-0.08177463444245525,0.14318337334876463,False,-0.001131341420444243,False,-0.022255060380624192,0.04316765808749068,0.022761621644687535,0.009046840165606085,False,248.95501109376525,False,True,1.1711914542541106,1.3631013539629298,0.010406015378136901,False,0.9971974443176437
CNP,338,0.4171593666584328,CenterPoint Energy,Utilities,SP500,39.97999954223633,0.01189575400328402,0.017561685177673203,-0.010604605937023504,-0.038974273014857674,-0.06822306635151398,0.501953125,0.27734375,0.232421875,0.0980065180311891,-0.1070398510670475,0.09563948632096775,False,0.004755061164395169,True,-0.043181909580494726,-0.025327231854812227,0.04513074116477278,0.009247335249467525,False,271.90812428736115,False,False,0.8856617959508143,1.0196169121093268,0.0025310628465367024,False,0.8477273278283075
SNA,339,0.41688494727399505,Snap-on,Industrials,SP500,384.19000244140625,0.009459013999725707,-0.029431068119099013,-0.07705938169594728,0.02025254884074279,0.01816007575176748,0.185546875,0.431640625,0.412109375,-0.18239446271929827,-0.0780718621521268,0.2230316415772573,False,-0.02956011584669682,False,-0.04221072936388004,0.03348420725232604,0.04407099834794104,-0.010215997996971593,False,132.24470087811278,False,True,0.5694606652767742,0.7680149785412943,0.006568748585237261,False,0.5243706352444263
ESS,340,0.41639581107319706,Essex Property Trust,Real Estate,SP500,278.6499938964844,0.0049045595212717785,-0.007515371832698126,-0.03259968882750908,-0.012296529885192031,0.10030858953326205,0.37109375,0.3359375,0.58984375,-0.2118207846003899,-0.0659671959292436,0.18585899843988196,False,-0.02181049696152093,False,-0.03679076002671655,0.05733821046036236,0.0381960206566716,-0.012304764453558548,False,137.40937146551514,False,True,0.953535659993401,1.4820050656770924,0.005661858553357435,False,1.2932058943365476
AME,341,0.41288221386988405,Ametek,Industrials,SP500,234.1999969482422,0.004331208440592205,-0.03886404272936883,-0.08070339928525183,0.02531535472860247,0.03563533807216146,0.173828125,0.4375,0.451171875,-0.10635964912280704,-0.0940739327671235,0.31241424133956697,False,-0.04437028345566352,False,-0.029909615151406777,0.03922205353104902,0.030831781881927256,-0.013494054962570945,False,291.88895867712404,False,True,0.8765652091115083,1.31715426523749,0.004245423148549143,False,1.0199708083312096
PNW,342,0.41227812904811345,Pinnacle West Capital,Utilities,SP500,98.0,0.006366838817714937,0.0011237165291391182,-0.03448275862068961,-0.015813271820845576,-0.019768762589563504,0.357421875,0.333984375,0.32421875,-0.014943500243664698,-0.09581159512921567,0.18544670934994523,False,-0.010056018292728619,False,-0.0449055054966776,0.010332693082515831,0.04701681954520076,-0.00019960666360419044,False,119.60502636013794,False,True,0.656173061447747,0.7557543789672033,0.003080746151358893,False,0.796593229171116
WEC,343,0.4120617311277128,WEC Energy Group,Utilities,SP500,106.69999694824219,0.009174251021576207,0.0039518081837532915,-0.005818415863079185,-0.03236449961672716,-0.06493130859439378,0.53125,0.296875,0.236328125,0.09999390838206629,-0.09440386011061896,0.05785639445188573,False,-0.007508847407116881,False,-0.03703391754007279,-0.030183914113145027,0.03845817439952648,0.0002230242440564023,False,238.8796143864441,False,False,0.9783759384826421,0.9008554773400733,0.0027427719372505877,False,0.9501501589702546
ORLY,344,0.4119898120382817,O'Reilly Automotive,Consumer Discretionary,SP500,87.37999725341797,0.004714223605383205,-0.005123586112434797,-0.06485450588240671,-0.011538509670300567,-0.07397205714057475,0.220703125,0.33984375,0.220703125,0.05134472465886941,-0.18957524113578206,0.056206862175772754,False,-0.030387807381319076,False,-0.0180654770080253,-0.05256489661702779,0.018397842814385834,-0.011781701781954479,False,633.002335360733,False,False,0.5143373756189604,0.7920826152158829,0.008968595703678028,False,0.5996656497402775
ADSK,345,0.41172338304045697,Autodesk,Information Technology,SP500,237.52000427246094,-0.017416090387985306,-0.12218192009916129,-0.010457003372915219,0.016606766362559755,-0.10071176486628508,0.505859375,0.41015625,0.17578125,0.1801367568226121,-0.2731723796267459,0.26528874242445677,False,-0.057001896366204674,False,0.03219752571352075,-0.03983013392465251,-0.03119318242045166,-0.04746148414017881,False,500.82655697213744,True,False,0.990792825899034,0.9996468611600065,0.01770569997494631,False,1.079433877128204
VRSK,346,0.4113733790491906,Verisk Analytics,Industrials,SP500,190.60000610351562,0.012967699797603816,-0.00219871301199559,0.009801356839817865,0.06177736897343333,-0.09287157796032597,0.599609375,0.546875,0.193359375,0.1121771442495127,-0.29556582739460524,0.21856625652247885,False,0.020982120158882456,True,0.0010830518648239362,-0.018042193183711697,-0.0010818801325288563,0.0024398813591197666,False,315.9813826081238,True,False,0.9692102125241395,0.6314190524182585,0.006058670107679243,False,0.5435474516571654
VST,347,0.41047595559713174,Vistra Corp.,Utilities,SP500,144.22000122070312,0.005297605404074535,0.03154283484098608,0.025892725439162323,-0.06036457441183074,-0.13608733088005442,0.65234375,0.212890625,0.1328125,0.11542473806042886,-0.33544137318837397,0.07209532113680917,False,0.01964777981792043,True,-0.03860767505911389,-0.08492147467849309,0.040158085370078034,0.02487131231811257,False,643.6800622762146,False,False,0.5838526956053206,0.9540977151922921,0.010734652265870448,False,1.0037708469587967
EMR,348,0.40874888579640545,Emerson Electric,Industrials,SP500,150.2100067138672,0.008256215744411932,-0.0475556380744262,-0.07232468249273649,0.060955999938783645,0.06404541552533716,0.201171875,0.54296875,0.5078125,-0.2348090277777778,-0.08310375602692821,0.22785378354558494,False,-0.04391048123945762,False,0.008581546736114332,0.060557681208534664,-0.008508530384960022,-0.016651737836021474,False,400.2848283165283,True,True,0.8183512991357671,0.8210223880597015,0.008524663101639351,False,0.5863495589522987
PSA,349,0.4085924503700688,Public Storage,Real Estate,SP500,305.7300109863281,0.014602013108998335,-0.01757712405571532,-0.06601694138609326,0.0062288158490242385,0.015544226858675625,0.21484375,0.392578125,0.40625,-0.20586242080896688,-0.0748630439767285,0.20612564248966203,False,-0.041875030951109005,False,-0.04700835874770015,0.03885803639017005,0.04932714696839069,-0.014495278738810957,False,321.88539135998536,False,True,0.6712992854160121,1.0009899966602522,0.007234670595375858,False,0.8141316254175909
AZO,350,0.4083373253476891,AutoZone,Consumer Discretionary,SP500,2968.0400390625,0.011422658325092705,0.012178015430082123,-0.03196937361240304,-0.03695721023420684,-0.20683480484578054,0.375,0.28515625,0.060546875,0.19548763401559455,-0.3184033187345553,0.015235176693175978,False,-0.014401881697437946,False,-0.02297986212385228,-0.12338841796510225,0.02352035667740293,-0.0021297868038430146,False,792.0206849428711,False,False,0.6364371541961784,1.2381319358816276,0.0031895721340982064,False,1.0378438683538358
ROK,351,0.4038494653348642,Rockwell Automation,Industrials,SP500,428.2799987792969,0.006864805172778432,-0.010900695659822435,-0.045440978917762664,-0.07061419527534962,0.13850595157211143,0.2890625,0.193359375,0.66796875,-0.21209871466861596,-0.1322629089216929,0.3004015582714461,False,-0.014508323033151305,False,-0.05601273988316158,0.02505994319597482,0.05933633031893759,-0.0001701151264995593,False,388.2865971116333,False,True,0.5975483947398273,0.9384288149202011,0.0031737966663691886,False,0.9558079917213481
COO,352,0.4030975888412809,Cooper Companies (The),Health Care,SP500,70.63999938964844,0.013050279490978367,-0.004509578621094468,-0.05611968404273926,0.13898740516384045,-0.11920196910684899,0.244140625,0.720703125,0.146484375,-0.12530077363547754,-0.16223909339050313,0.19769413255187018,False,-0.045553746845349075,False,-0.027883671012819855,-0.03749466009732105,0.028683471495506208,-0.010845077709328077,False,150.00897655055238,False,False,0.7127218319869875,0.7933771698851585,0.0007169858017554986,False,0.9991040707593477
DAL,353,0.4029788471708803,Delta Air Lines,Industrials,SP500,78.75,0.007806509023755792,-0.02945525520860859,-0.15449859871104676,-0.007113019733036241,0.2910435939470073,0.041015625,0.353515625,0.87109375,-0.5919034783138402,-0.15711678791883077,0.4262165561232032,False,-0.06431567010451877,False,-0.09244670155435741,0.06762246089329826,0.10186366102430555,-0.015793993986812693,False,524.3013624283142,False,True,0.6704263534539759,0.8561289697394481,0.0062707687176466465,False,0.7231949654014915
LNT,354,0.40235997312148386,Alliant Energy,Utilities,SP500,68.0,0.0038382365578657485,-0.003078714078453393,-0.03133898922907685,-0.04024244794549403,-0.03237977533969427,0.376953125,0.2734375,0.291015625,0.025874147173489292,-0.12191348446488903,0.1020848788369475,False,-0.013463316841331285,False,-0.055380426481223766,-0.022331914919168083,0.05862722733441528,-0.003674282758422742,False,174.34539234637452,False,False,0.7705560235701014,0.9818899126656665,0.0028048781723961635,False,0.9673032612621825
INTC,355,0.3995642821423203,Intel,Information Technology,SP500,91.66999816894531,0.01798995071945053,-0.004560736080434613,-0.09291509614577409,-0.17990696752517943,0.9949944863304747,0.1328125,0.072265625,0.9765625,-0.09732501827485379,-0.3495814064069157,2.806893623728748,False,-0.02727597701958251,False,-0.09549455857400024,0.24130831290908117,0.1055765440431713,0.010234200194165322,False,10835.39828827217,False,True,0.5227330053788279,0.6865570412174238,-0.007773509760287012,False,0.7430634441007644
EBAY,356,0.3989277791271489,eBay Inc.,Consumer Discretionary,SP500,105.86000061035156,-0.007872505734916602,0.03825030954195863,-0.04469767034209038,-0.02719323503942994,0.14823917480727555,0.294921875,0.306640625,0.6875,-0.1533983613547758,-0.1049409160122654,0.3453240395551165,False,0.01212744756164863,True,-0.029888301155078123,0.08046090207752021,0.03080913382517192,0.007706195016166761,False,426.4179175752106,False,True,1.0666640035331438,1.158082986964804,0.0070290536218460264,False,0.866345875490879
ASML,357,0.3984530390860467,ASML Holding,Information Technology,NDX,1646.18994140625,-0.021464724706528382,-0.05119282762603383,-0.01908571573216078,-0.06210688969814715,0.2072256353592743,0.439453125,0.208984375,0.78125,-0.5415029544346979,-0.17146585230359312,1.199318558992986,False,-0.061426194149985736,False,-0.060919781787801774,0.11720926335486448,0.0648717549431288,-0.03142726482828495,False,2923.6332103586424,False,True,0.5236264537230891,0.6941732835263893,-0.02372349344428093,False,0.8564112585164514
INVH,358,0.3981256535175084,Invitation Homes,Real Estate,SP500,28.450000762939453,-0.013522863647191796,-0.026684871416771783,-0.06721308973969009,-0.02507122257595029,0.10111813438799366,0.2109375,0.314453125,0.591796875,-0.19431880482456143,-0.06995748215017239,0.19276519964591277,False,-0.043697453346573045,False,-0.04927715874643657,0.0347055977324815,0.05183125576478509,-0.02638459594095033,False,121.90447209710693,False,True,0.849495390988234,1.0111466180275932,0.0058945934602809835,False,0.8530245960667836
DTE,359,0.3959423619997214,DTE Energy,Utilities,SP500,137.07000732421875,0.007497274895855055,0.0060922034467794095,-0.018545011241420384,-0.03201279468695495,-0.0632038274342489,0.44140625,0.298828125,0.2421875,0.018126370614035103,-0.11241330165707508,0.09092280290148635,False,-0.004455817760562808,False,-0.04712045779069873,-0.021978654427896815,0.049450592339769894,0.003057252588443582,False,184.06767015563966,False,False,0.7517414617088032,0.8591674186349469,0.004998108493408537,False,0.7518884676744714
LIN,360,0.39592158549855044,Linde plc,Materials,SP500,482.19000244140625,-0.007533259038409623,-0.0032390122829372148,-0.014809161542869376,-0.046649050637455725,-0.006370887156161187,0.46875,0.2578125,0.34765625,-0.034585160818713434,-0.11499724479886475,0.2505466649402175,False,-0.0031730906078664134,False,-0.03714010430069237,0.010971355313591502,0.038572698340206824,-0.0057384334764915,False,1050.5738561010742,False,True,0.6549134115627432,0.7601268434863087,0.004219321026807554,False,0.8657170738355909
COST,361,0.39532131167793083,Costco,Consumer Staples,SP500,925.4099731445312,-0.003306487365154376,-0.009896647193395558,-0.01760105442916493,-0.04676162176649579,-0.05530784752378337,0.447265625,0.255859375,0.26171875,0.09991395589668617,-0.153007075965771,0.09352274272179883,False,-0.02464759009634021,False,-0.019183527103242448,-0.03387783765442176,0.019558732579791904,-0.01536393321796381,False,2058.4326440218506,False,False,0.8322773785593791,0.8822239536648853,-0.0007431527398769067,False,0.9952709616139241
CMS,362,0.3945740431671913,CMS Energy,Utilities,SP500,68.58999633789062,0.00778722889081207,0.003511307521980367,-0.03417328404125164,-0.01728915101619999,-0.09740209997780203,0.361328125,0.328125,0.181640625,0.09615618908382068,-0.12833932588888708,0.014919731932516278,False,-0.011771188467910587,False,-0.049662936783075984,-0.05436861584443475,0.05225823416269293,0.0003113980173481412,False,254.6373904794159,False,False,0.7893563102002232,0.8153642023611064,0.0036732296351431604,False,0.9062982201296609
EXR,363,0.3929098889189282,Extra Space Storage,Real Estate,SP500,140.97999572753906,0.007503774077875391,-0.01267594119825155,-0.06038388405760553,-0.023013561946607863,-0.022609972265938527,0.23046875,0.318359375,0.3125,-0.21770300316764135,-0.07765789926065003,0.15181054649966663,False,-0.02961139041177685,False,-0.03839597734117506,0.010889415659668611,0.03992909392684374,-0.009761460793489274,False,159.29142658343505,False,True,0.5619370670617133,1.0642123998266275,0.009719150157484036,False,0.9134615384615384
ALNY,364,0.3920888541612811,Alnylam Pharmaceuticals,Health Care,NDX,264.5,-0.010845153188773105,0.11810958205004951,0.15643581054711087,-0.12890268989663578,-0.1747527629685659,0.943359375,0.123046875,0.091796875,0.10160437987329435,-0.461544726715716,0.287229927485106,False,0.12412317709059684,True,0.019792062519438103,-0.1788483758035737,-0.019407939370052585,0.0652290828508757,False,486.24786764312745,True,False,0.6544033888186344,1.0780345684530275,-0.005459953210183333,False,0.8878893574841732
MSCI,365,0.39194110101087354,MSCI,Financials,SP500,574.6500244140625,0.025007615377597547,0.009663532924666374,0.008455111155288408,-0.06813189815104415,0.022214303690737847,0.59375,0.197265625,0.421875,-0.10487862451267055,-0.10425853343556357,0.13525507821117122,False,0.016655184158668845,True,-0.0032371581130593574,0.009555278833669467,0.003247671338681979,0.012789023674840694,False,397.44274583508303,False,True,0.5913930178330844,0.5028638862504677,0.012824861992374315,False,0.42294851469931094
ON,366,0.3906354501466297,ON Semiconductor,Information Technology,SP500,73.6500015258789,0.018109002686002684,-0.015374351322996138,-0.042387231582418305,-0.44128358797058354,0.21035338328235986,0.3046875,0.00390625,0.791015625,-0.011688291910331383,-0.450085824284547,0.6403117822485915,False,-0.0408282649965892,False,-0.12751024257439236,-0.05827384045973072,0.14614526014680962,-0.002723026572514997,False,891.2910996759033,False,False,0.42121969109333796,0.6907759040001971,-0.0020734573414100677,False,0.782500076927811
UAL,367,0.39013793759717874,United Airlines Holdings,Industrials,SP500,108.66000366210938,0.0028611462146197475,-0.03318796821599246,-0.1815305200504933,0.03544883870933968,0.1386356839005065,0.02734375,0.47265625,0.669921875,-0.5020026193957114,-0.20167509238960757,0.27520249770674954,False,-0.06989480963000039,False,-0.10982288359970005,0.004431049630106321,0.12337194652206063,-0.01795661834474016,False,482.8223521494293,False,True,0.701004305354943,0.9238287683991946,0.005999091232420817,False,0.7467956665905422
TT,368,0.38817492418987465,Trane Technologies,Industrials,SP500,445.19000244140625,0.014054060366582188,-0.020074387898565416,-0.07938704081402759,-0.037863929241379934,0.025017246416546568,0.177734375,0.28125,0.43359375,-0.08327241715399608,-0.1157390656708639,0.18820634834141692,False,-0.034508622874440564,False,-0.05184512331494606,0.00453943114363442,0.05468001545929657,-0.0074591169432726145,False,543.776193940979,False,True,0.5844858353033152,0.7653103419757681,0.005330045092360791,False,0.8352358720467896
DVA,369,0.38264942131424806,DaVita,Health Care,SP500,181.66000366210938,0.012654017950746166,0.015541137653244608,-0.03725686940663375,-0.05469113080594468,0.2115512918782212,0.341796875,0.234375,0.794921875,-0.5765411793372319,-0.2460989433909454,0.7489169043859212,False,0.016399145038601626,True,-0.13027906570628223,0.10939642610851563,0.14979410126775794,0.013894237737620996,False,175.52262535427857,False,True,0.5200558327076362,0.6863156397767269,0.0015608382866911796,False,0.8020843247358903
VMRK,370,0.38174233871334506,Vivmark Residential,Real Estate,SP500,64.95999908447266,0.0007702267684890352,-0.008244288786677045,-0.04103925106238815,-0.033361178307894424,0.052601277693959725,0.30859375,0.29296875,0.4765625,-0.10469206871345027,-0.0739843525091245,0.1457341724994985,False,-0.009937221828578813,False,-0.033611306475212044,0.03238922168207847,0.034780318416825384,-0.00791456141414193,False,264.7747838838425,False,True,1.204519054280208,1.238329045427643,0.011092182262945727,False,0.9197065101764758
PWR,371,0.3805765003541277,Quanta Services,Industrials,SP500,620.0599975585938,0.015193634068883632,-0.0028464684601969825,-0.09213896773829167,-0.13767989541876502,0.12937719886175847,0.138671875,0.111328125,0.646484375,0.004115649366471741,-0.21023543762550623,0.666008182888157,False,-0.042282255043546546,False,-0.05196956045152468,0.05678318205894639,0.05481845126858653,-0.0010459016859333259,False,807.2867629724121,False,True,0.6897006910702851,0.8033313105117847,0.0011787725017038397,False,0.7075418041178478
PEG,372,0.37996717849122713,Public Service Enterprise Group,Utilities,SP500,73.80999755859375,0.0066830041708814125,0.006545693652714402,-0.022901818056213274,-0.04646960841325065,-0.10569601560387598,0.416015625,0.259765625,0.169921875,0.03949272051656921,-0.13686042233279794,0.01652660705350706,False,-0.008156778914907292,False,-0.046889803951046916,-0.06813439937951593,0.049196624005728884,0.0016523932456138368,False,225.38422455610657,False,False,0.8250460397810895,1.3828008109994205,0.003409710870711402,False,1.099282438169447
AOS,373,0.3799263495417045,A. O. Smith,Industrials,SP500,60.529998779296875,0.021430990444395448,-0.02292174279507142,-0.04194367700346169,0.06817297351879437,-0.14964230217079588,0.306640625,0.560546875,0.115234375,0.04007903874269003,-0.23893678143002173,0.0917271388065497,False,-0.020534335265994352,False,-0.010196756646980498,-0.06251173257919196,0.010301801611033667,0.00029819942425191037,False,97.12913986083984,False,False,0.9758812251077439,0.9278921509524958,0.012487372585663792,False,0.8334573039087609
SRE,374,0.3796322580610416,Sempra,Utilities,SP500,84.56999969482422,0.009308972082280098,-0.0021238974062038896,-0.0010631226481441214,-0.05717962058586101,-0.08698966163191812,0.548828125,0.23046875,0.201171875,0.10571241471734893,-0.14612140807602603,0.09580120577330242,False,-0.004309126708604172,False,-0.04935016435270578,-0.06289499760647954,0.05191203164633529,0.0035186707750010093,False,334.79014102679446,False,False,1.4680328205673208,1.628732202997085,0.0026256261880808207,False,0.9253161622312153
AMD,375,0.37673792984502635,Advanced Micro Devices,Information Technology,SP500,456.1600036621094,-0.0019690935572829193,-0.04302769041026411,-0.053708090004098596,-0.12813456991739136,1.287089549469806,0.251953125,0.126953125,0.98828125,-0.8340605202241715,-0.21474923008661084,2.018128923542603,False,-0.04064774854836484,False,-0.0883629926351589,0.342386763002021,0.09692782535296485,-0.021024331789474493,False,12704.262976792968,False,True,0.5391830540902932,0.562309419874256,-0.008554683592952417,False,0.5836063969610589
UPS,376,0.37595681410895304,United Parcel Service,Industrials,SP500,103.5,0.004756798889504976,-0.020628314713101004,-0.023674923333453002,-0.045997083550866846,0.027411365575856772,0.41015625,0.26171875,0.435546875,-0.3718095151072125,-0.1067770616693412,0.33565585601409587,False,0.0014171734528962698,True,-0.02932561929105082,0.01620386961802489,0.030211592964504153,-0.0022770978625508143,False,512.1596512496185,False,True,0.4535861374276605,0.7889147432517618,0.0059217609717630015,False,0.9994120860971866
VRT,377,0.3758105494555602,Vertiv,Industrials,SP500,268.8299865722656,0.04725350131830708,-0.001671168334340667,-0.032776915122396444,-0.1699002535148172,0.07687656663376385,0.369140625,0.078125,0.537109375,0.03718932748538012,-0.2853150399083544,1.2092113662136548,False,-0.001975085351376693,False,-0.052075094193127724,0.046942344013533255,0.05493588561089813,0.024395680133994402,False,1585.5644845522156,False,True,0.619706192949363,0.6845039866213063,-0.0008181611323293536,False,0.7412308942100446
VICI,378,0.37493794463425395,Vici Properties,Real Estate,SP500,25.649999618530273,0.0015618511216490827,-0.004656609899176267,-0.02840909131959124,-0.04149166222384415,-0.10725918213496966,0.396484375,0.265625,0.1640625,0.060946637426900596,-0.18718498703592645,0.004306918522311243,False,-0.017316700642455718,False,-0.02858573017756183,-0.06062352253188219,0.029426920177718863,-0.007000677137258049,False,248.3812538153572,False,False,0.7440063293578887,0.9204868041930363,0.0074189231620787055,False,0.9553223904527913
MRVL,379,0.37377432032084756,Marvell Technology,Information Technology,SP500,208.8300018310547,0.01138127737379735,-0.13510041635734626,-0.01037817456670409,-0.33988080130647413,1.7614441713780704,0.5078125,0.021484375,0.99609375,-0.8713031493664717,-0.33988080130647413,2.304514880947351,False,-0.06912159751036673,False,-0.0585049347159704,0.38289207092841626,0.062140458164080314,-0.043701345226062394,False,5821.130421671539,False,True,0.6448964732588818,0.9957811600210316,-0.010315719043476057,False,0.7138998819446744
FFIV,380,0.37061616573281814,"F5, Inc.",Information Technology,SP500,392.1499938964844,0.0027360319140776745,-0.04404955211946593,-0.046606080634010616,-0.040400356329649334,0.3825623101258877,0.279296875,0.271484375,0.923828125,-0.5608742994639376,-0.09068778691164892,0.7507477310564752,False,-0.013769274085845495,False,-0.03068969622194595,0.20146624962575732,0.03166137417742032,-0.007347838453367284,False,246.21916246905516,False,True,1.1957669111833853,0.7822077301846088,-0.001687565631562471,False,0.5298216713732873
NXPI,381,0.3704632439822235,NXP Semiconductors,Information Technology,SP500,224.99000549316406,-0.015361026288122304,-0.0038519220527604148,-0.026649312420397142,-0.299381771599031,0.07761802044229649,0.400390625,0.029296875,0.541015625,-0.003841526559454189,-0.32139001382445764,0.23751714443930982,False,-0.014431533367677885,False,-0.10608072807779212,-0.07159464869000232,0.11866924834239789,-0.002468045845731681,False,980.7184841264954,False,False,0.46531010195561834,0.752139750607488,-0.014354480434559669,False,0.5969584629733717
JCI,382,0.3689700855034573,Johnson Controls,Industrials,SP500,142.22999572753906,0.021400328384481693,0.0001405598251049689,-0.07432475510958425,-0.03240461521692872,0.04288673284426081,0.197265625,0.294921875,0.46484375,-0.17681301778752434,-0.08096406839006065,0.3554069353695588,False,-0.025892005023354647,False,-0.016236312702880396,0.06011401540489092,0.016504281376241492,0.004459849204289101,False,528.7589205613708,False,True,0.6996568746033188,0.7678233293802376,0.001938989389306478,False,0.7041269334709817
ADI,383,0.3685256745240161,Analog Devices,Information Technology,SP500,356.5,0.0022209343676016235,-0.04521473406525578,-0.05322836478475235,-0.1659992352358104,0.08748518901093494,0.255859375,0.0859375,0.568359375,-0.08950109649122806,-0.19730142253061522,0.6028363656321176,False,-0.044232241824446406,False,-0.055363819065210707,0.03150675742400044,0.058608615869893965,-0.016725546201114883,False,1569.299654539917,False,True,0.5356274015057072,0.8084597293868718,-0.014871603706447467,False,0.9056556193029465
EME,384,0.36814077126166145,Emcor,Industrials,SP500,741.3200073242188,0.009615119255707905,-0.0435073953074655,-0.09832632147138265,-0.12269149908836618,0.032075104706985824,0.1171875,0.134765625,0.4453125,0.03340110258284601,-0.21408960299181778,0.2767206519651657,False,-0.05743298289961296,False,-0.05114767607358506,-0.02187197094027138,0.053904780316005985,-0.01370544082956815,False,342.89797285363767,False,False,0.6368968293423307,0.8402747863150973,0.0021109522135946968,False,0.5596003757768464
TXN,385,0.36773250719804246,Texas Instruments,Information Technology,SP500,253.8300018310547,-0.003806912123568873,-0.04768517410670481,-0.0860218899778239,-0.16452295399317274,0.29521135494110395,0.15625,0.087890625,0.87890625,-0.2181522599902534,-0.23218482173444133,0.6832956889727506,False,-0.0526504225278015,False,-0.09460472883570548,0.0712567187952724,0.10448997454343711,-0.020543269976451506,False,2145.1800711519163,False,True,0.5628305754922666,0.7098330744280786,-0.010675043909440629,False,0.558385864890359
CCI,386,0.36561640972665027,Crown Castle,Real Estate,SP500,77.26000213623047,0.024940368152205794,0.029721489980204074,0.046316440519443614,-0.16663247321368835,-0.12175700582487492,0.734375,0.083984375,0.14453125,0.019656889619883045,-0.19010561249633506,0.049585674441165795,False,0.02564785830206584,True,0.01016443004790113,-0.07587387466841078,-0.010062153987563383,0.01700279515943337,False,288.3279041963196,True,False,0.5572843184148136,0.7680713046205032,0.00822503010311415,False,0.6874142849770722
PHM,387,0.36510381025017047,PulteGroup,Consumer Discretionary,SP500,124.30999755859375,0.004931290423610957,-0.019250512358234717,-0.0654085956510212,0.05374442159710546,-0.03710490627623153,0.21875,0.529296875,0.283203125,-0.13347115618908378,-0.124303088959966,0.13135650975632118,False,-0.032761325084857185,False,-0.036468644323216726,-0.00425409093925877,0.03784894399996075,-0.014778695402294484,False,204.1920742474823,False,False,0.8239860349418967,0.8122861199005359,0.013338735380642674,False,0.6492036346152675
STZ,388,0.3628498113842406,Constellation Brands,Consumer Staples,SP500,129.08999633789062,-0.0020101256540870915,-0.017804127431271022,-0.011864689673908746,-0.0556890656257123,-0.11082614246449396,0.4921875,0.232421875,0.158203125,0.13300667032163743,-0.21421089750323719,0.032728227990592496,False,-0.031717304242938726,False,-0.028956455099863887,-0.0997508075519058,0.029819934700087813,-0.016347611275871587,False,277.3072032466126,False,False,1.0699418899026314,1.1216711045535408,-0.005257115597088746,False,1.0079122312915614
ETN,389,0.3617779970431119,Eaton Corporation,Industrials,SP500,397.1199951171875,0.016041931471816984,-0.045476427841413924,-0.10996006360658417,-0.049002488134115785,0.1286733216454441,0.091796875,0.248046875,0.642578125,-0.31530595151072127,-0.13662057027850838,0.2679436173205356,False,-0.06563409144956678,False,-0.042854328176376466,0.048159385137405364,0.044773047027133694,-0.017667031015271895,False,896.4096551152344,False,True,0.6270917151540769,0.838416175851334,-0.0020980102633069153,False,0.6732017563053404
LRCX,390,0.35847473157387305,Lam Research,Information Technology,SP500,292.6600036621094,0.015052706116957859,-0.08136098939873815,-0.04801252072384887,-0.1294368059182316,0.36419869348286316,0.271484375,0.12109375,0.91015625,-0.5046372441520468,-0.3246255446637478,1.930489186049754,False,-0.06482865321171738,False,-0.09607889889114762,0.1261516874518096,0.10629124463770823,-0.027646826432853988,False,3486.192304913208,False,True,0.5406033269504938,0.6655599231664125,-0.015919798214797942,False,0.6732402349759843
HII,391,0.3583264944749385,Huntington Ingalls Industries,Industrials,SP500,290.7300109863281,0.006961796055440228,-0.017505297596143832,-0.0806236669529995,-0.008298461467034501,-0.30349411720236963,0.17578125,0.34765625,0.029296875,0.07670108430799222,-0.3534759155782954,0.10668267759691075,False,-0.05078574800779678,False,-0.017563840234907535,-0.15719633832305235,0.017877843827640794,-0.012024440469516562,False,142.75796704309082,False,False,0.4815730371121092,0.7968221996570839,0.008347200235244934,False,0.5928031473356815
JBHT,392,0.358028828731469,J.B. Hunt,Industrials,SP500,266.2799987792969,0.02328797759651846,0.010972261551816187,-0.021751943134795226,-0.05852552959849455,0.1805338205668927,0.423828125,0.22265625,0.740234375,-0.4245172392787524,-0.10616560371749817,1.0547983884641616,False,-0.009467141238982624,False,-0.03542549456079824,0.1276083699408792,0.036726550785900924,0.008557531167405763,False,260.444302862854,False,True,1.009045120239497,0.9220708819047537,0.005149474796728226,False,1.2534027695585277
NI,393,0.3553590732016204,NiSource,Utilities,SP500,41.65999984741211,0.01239364040393709,0.01708986275843971,-0.02913073885912365,-0.08529638844762899,-0.10285007610756447,0.392578125,0.171875,0.171875,0.054915935672514626,-0.1454939396206124,0.08650606367603508,False,0.003637761258951322,True,-0.05671421360958606,-0.06515701647530758,0.060124104940252776,0.010850912096515009,False,241.9016296744919,False,False,0.7836017583661962,0.9774053090737883,0.0036451447295162698,False,0.8724797227663145
IP,394,0.3545167510666914,International Paper,Materials,SP500,36.439998626708984,0.003856732578261468,-0.08625883523750932,-0.1276928895916637,0.08780921480268145,-0.09453484483579677,0.064453125,0.607421875,0.189453125,-0.3496931347465887,-0.2319993703256812,0.27313699201860975,False,-0.08711659680360984,False,-0.07075069878182605,-0.028135459706266852,0.07613747859597786,-0.04664193178829068,False,188.73376489070128,False,False,0.6233932392831867,1.0041516903726138,0.009917372394433022,False,0.8774906595755998
ROST,395,0.3533717202501657,Ross Stores,Consumer Discretionary,SP500,231.6699981689453,0.0035520556367756306,0.007830526340943944,-0.08510387389570828,-0.0040152367502533926,0.08279807564690023,0.16015625,0.36328125,0.5546875,-0.26439906189083817,-0.09230888983653907,0.611580941455022,False,-0.0291502299797598,False,-0.010810348025126926,0.09382174091359174,0.01092848879236108,-0.003818408042331245,False,640.1863861323242,False,True,0.8478006127315402,0.7852024927752198,-0.008577045414676188,False,0.5380616192486305
PPG,396,0.3494664115936295,PPG Industries,Materials,SP500,110.75,-0.0050309726967603385,-0.023971104181206737,-0.06456128756035218,-0.004655133341995743,0.0026402129189262435,0.22265625,0.357421875,0.37109375,-0.2975488852339181,-0.14252061025883,0.197306580152236,False,-0.025611251275035274,False,-0.04142917856625561,0.006318905488128745,0.04321973675798896,-0.012339730264715132,False,196.63605704492187,False,True,0.6068090411050173,0.8015906974994592,0.012307993680988671,False,0.7047634298525047
HWM,397,0.348724563007196,Howmet Aerospace,Industrials,SP500,260.489990234375,0.029767486245465102,-0.026751368673217923,-0.1057034437244706,0.04526501183704945,0.0330469673911471,0.099609375,0.49609375,0.447265625,-0.31287311159844056,-0.10989237769635818,0.4648278984209282,False,-0.044702701594871774,False,-0.05464105264668451,0.06302057961558205,0.05779926534747548,-0.0031035985418985668,False,765.1880997681885,False,True,1.3516143679642165,1.6846463877515447,0.011464238691947237,False,1.152770021560501
CAT,398,0.34798409071950986,Caterpillar Inc.,Industrials,SP500,800.1400146484375,0.009920716237840743,-0.02063645697865668,-0.08143913423522997,-0.14764336073723439,0.1374779794938903,0.171875,0.103515625,0.666015625,-0.13040250365497075,-0.24723043607884143,0.9310258377841809,False,-0.03027495621404086,False,-0.08762192033926774,0.03942027931395864,0.09603685390145489,-0.004898042662898505,False,2789.1281832070313,False,True,0.6143862873043827,0.8069387172573386,0.005831265393989149,False,0.7436823835274937
MPWR,399,0.3427921304793445,Monolithic Power Systems,Information Technology,SP500,1213.6500244140625,-0.004682752432501491,-0.07431273065436217,-0.09796645039633434,-0.2644912059753176,0.12934610246810374,0.119140625,0.03515625,0.64453125,-0.03696850633528265,-0.28072131442617276,0.4651526306730298,False,-0.08187753624884753,False,-0.08932975324348946,-0.026208739105351597,0.09809231559024889,-0.03684028576521092,False,1170.3058401166993,False,False,0.567902321819633,0.676649787799858,-0.015303138042788489,False,0.46605127465474344
FIX,400,0.34212731610135505,Comfort Systems USA,Industrials,SP500,1580.18994140625,0.012857862140113197,-0.02154208688853354,-0.08980526768863673,-0.1742572764385144,0.17373237893930527,0.14453125,0.07421875,0.728515625,-0.031044407894736836,-0.23493802159894206,1.2418282492108306,False,-0.04522183625389231,False,-0.08045911104165537,0.06254404366495492,0.08749922054341641,-0.004540527750013457,False,822.1494927443848,False,True,0.8026484915683888,0.7598153296516674,-0.002871543047520908,False,0.5545865013061367
DOV,401,0.3420320661301974,Dover Corporation,Industrials,SP500,191.07000732421875,0.011487631010319355,-0.05075697838142457,-0.08946653289062556,-0.10256129827832028,-0.1091652095644714,0.146484375,0.158203125,0.16015625,-0.032830013401559444,-0.17497389913516304,0.1977284987890684,False,-0.05211532537678931,False,-0.07945912597249483,-0.08524922438999649,0.08631786834716992,-0.02193763061314913,False,238.2666382228699,False,False,0.5464885763773665,1.2652043678395894,0.008311314848845841,False,1.3743781638237789
BA,402,0.34185413052386476,Boeing,Industrials,SP500,210.50999450683594,0.00785177109200541,0.0029539049930460415,-0.12356887311248799,-0.03178182191290424,-0.052012983782503075,0.076171875,0.30078125,0.263671875,-0.19629477339181284,-0.1651397993162077,0.1752456467470973,False,-0.03883736855683351,False,-0.04107993727220438,-0.043764244958961585,0.042839793293453665,-0.0022448248618717193,False,1243.4926610703735,False,False,0.4584245709983098,0.9683343587103871,0.005122838843455879,False,1.1095966990549715
FTV,403,0.34144126146935566,Fortive,Industrials,SP500,57.56999969482422,0.017137831216490707,-0.03921893434467805,-0.06146071810214393,-0.0625239546159031,-0.005863978542682835,0.228515625,0.205078125,0.349609375,-0.14579906798245612,-0.1017318928946751,0.2153173685205274,False,-0.03906661204943607,False,-0.05231448141813466,-0.00672344860004781,0.05520236448945548,-0.0150618326633154,False,155.7827993753586,False,False,0.7470596884847807,1.1129711022264093,0.008833922499637659,False,1.150532759011562
HSY,404,0.3396016257648631,Hershey Company (The),Consumer Staples,SP500,175.05999755859375,-0.013357353407088324,-0.03452464986079262,-0.017505055389842483,-0.034336116454057986,-0.21531960622391322,0.44921875,0.287109375,0.056640625,0.014204891569200795,-0.2475330931172166,0.11107773183769654,False,-0.04079413566311185,False,-0.016398890234033514,-0.07753095177067193,0.016672297409195957,-0.02339895555733984,False,278.526150447937,False,False,0.6642591143196267,0.8077301298744255,-0.0178661911728637,False,0.7902348344684439
LULU,405,0.3376936063383464,Lululemon Athletica,Consumer Discretionary,SP500,121.7699966430664,0.014158382215066156,0.05886953602666445,-0.014087972334781873,-0.025216150912992785,-0.29685874931847367,0.4765625,0.3125,0.03515625,0.11172027290448344,-0.43593665977000706,0.15498431462195916,False,0.012093226020307046,True,0.02646189953216216,-0.20457464633128486,-0.025779719192911887,0.017597035324146804,False,393.9134339911041,True,False,1.0353429842679145,2.5068936665136414,0.00899476833346946,False,5.302516272408643
SMCI,406,0.33724777418085095,Supermicro,Information Technology,SP500,37.869998931884766,0.023513484645534266,-0.015340617957167124,0.249010531433131,-0.1925373624777279,0.17462769728012328,0.9765625,0.064453125,0.732421875,-0.4813558418615984,-0.3546353317154891,0.8446175190105423,False,0.03437442204910979,True,0.20037780404763006,0.2083290479182036,-0.16692894801283675,0.018322214942659176,False,1561.4930274205287,True,True,0.7485568773798161,0.6050562145158176,-0.013513513513513487,False,0.7050008162274292
DOW,407,0.33648397811732866,Dow Inc.,Materials,SP500,30.360000610351562,-0.02941176649931232,0.012605382818517308,0.03513044039227742,-0.11720840267325716,-0.07993425304162916,0.689453125,0.140625,0.208984375,0.12892909356725146,-0.2590251096771863,0.5427813203609848,False,-0.008517135019884048,False,0.022746522616884368,-0.012962071558597299,-0.0222406257209099,-0.007440146051148733,False,288.20684123317335,True,False,1.084718330470912,0.8054558824977758,0.008631667023278222,False,0.8124319014873649
LOW,408,0.33419146457813936,Lowe's,Consumer Discretionary,SP500,201.89999389648438,0.010308234569373687,-0.02341110316377415,-0.08202240767787516,-0.021116140771707204,-0.19860661660273915,0.169921875,0.32421875,0.06640625,0.04156767787524368,-0.2897355582748108,0.010308234569373687,False,-0.053055204977214165,False,-0.053043954459821685,-0.13800124966228633,0.05601522341996712,-0.019831262924121518,False,641.8294045335693,False,False,0.7536622377856439,1.1146905124588125,0.005804662146550621,False,1.126851960595016
CSGP,409,0.33290027532258043,CoStar Group,Real Estate,SP500,31.68000030517578,0.013435702918066506,0.010848760399888357,0.048659426191729915,-0.05882351607879044,-0.3522796891431188,0.74609375,0.220703125,0.01953125,0.13298382675438597,-0.6458752444736566,0.1672808038919471,False,-0.007036612631558525,False,0.047328133176554266,-0.27847659369287825,-0.045189403088989555,-0.005531267679306673,False,217.55527184891892,True,False,1.1854307262134187,1.4900189619031563,0.01855406012346017,False,0.626870311967622
MAA,410,0.332345303048418,Mid-America Apartment Communities,Real Estate,SP500,128.55999755859375,-0.0003887959841420985,-0.0017858198581319762,-0.04458977488749816,-0.04983969661842136,-0.020588852767278842,0.298828125,0.244140625,0.322265625,-0.18470927753411304,-0.08538977417389293,0.09183577731459436,False,-0.020722822287326803,False,-0.03735268883935583,-0.01026995746128978,0.038802049729220744,-0.008894092566845258,False,131.4090719055786,False,False,0.7847538130172449,0.9061153370936322,0.008630748814896005,False,0.7373323096815905
ARE,411,0.3315170756338394,Alexandria Real Estate Equities,Real Estate,SP500,52.689998626708984,-0.0005690931961199741,0.007842384410583936,0.05169661140659998,0.004920794381439997,0.047013222473558436,0.7578125,0.384765625,0.466796875,-0.35207648026315785,-0.36078075788321684,0.32099459106682504,False,0.04060509955426417,True,0.03868315296283509,0.07174504201217013,-0.03724249580104555,0.012618249540836013,False,97.07363871817779,True,True,1.0345833836053369,0.8669621360314075,0.024279187209013564,False,0.7499656556313753
TTWO,412,0.3313355119095319,Take-Two Interactive,Communication Services,SP500,214.1300048828125,-0.009299502695067519,-0.08098710350724247,-0.08845940341130165,-0.011631613591809864,0.007528377700585898,0.1484375,0.337890625,0.380859375,-0.104604501705653,-0.18361356549294983,0.12884180571907344,False,-0.09231754535793824,False,-0.1083429840390262,-0.06075030400528503,0.12150746542633395,-0.045939756344222316,False,576.353270480011,False,False,1.1402642382607593,1.5381749538448772,0.0037938712248279938,False,1.1075261764006528
RL,413,0.32993587106067396,Ralph Lauren Corporation,Consumer Discretionary,SP500,344.20001220703125,0.022882651432485135,-0.02188116460075351,-0.09606593489556603,-0.05911500261107927,-0.021028442372481915,0.125,0.21875,0.318359375,-0.24518762183235865,-0.1670697497866671,0.14864415386128904,False,-0.07267833649579292,False,-0.09447166669625484,-0.05663353718325481,0.10432767614413874,-0.021034165670701155,False,236.28651091296388,False,False,0.5631251732390763,1.1834182417363153,0.0044279055999256745,False,1.2359284697889554
BSX,414,0.3294010664250844,Boston Scientific,Health Care,SP500,46.95000076293945,-0.02935700228037985,0.005999627276189967,-0.016547986756432653,-0.03889452959119721,-0.35676117088579473,0.45703125,0.279296875,0.015625,0.2032734831871345,-0.565840567524234,0.10133707686100268,False,-0.05323651622873116,False,0.00290941539642553,-0.29958824525246974,-0.002900975254355842,-0.02513708088070965,False,936.4810005588607,True,False,0.8922533798686575,0.8455522625567755,0.004341594041911145,False,0.9821420211537821
IRM,415,0.3279691547365501,Iron Mountain,Real Estate,SP500,114.9800033569336,0.028075886282724838,-0.06284129864741639,-0.09557141633744282,-0.11120078659124255,0.08769726010431622,0.126953125,0.150390625,0.5703125,-0.1049699987816764,-0.13587850994584993,0.47996333151005643,False,-0.053319691179878226,False,-0.06319404332437517,0.05941315345416753,0.06745691877176707,-0.018666446567109363,False,229.47607020419312,False,True,0.9796122016866641,1.0984851714787591,0.012786126180257318,False,0.8951760018718761
CLX,416,0.32736690921837724,Clorox,Consumer Staples,SP500,94.29000091552734,0.00021220190063941935,-0.09012830826435803,-0.09871957404020926,0.0642811840006201,-0.15044879776284747,0.115234375,0.55078125,0.11328125,-0.3049692373294347,-0.24037452989688912,0.1076580612132958,False,-0.0895186614071597,False,-0.049030643804578,-0.06775342014641539,0.05155859490650316,-0.04715132690773649,False,261.14102496136474,False,False,0.7137844953605085,1.7911430876182772,-0.0007425447896137749,False,0.8862470362777093
URI,417,0.32731913856204786,United Rentals,Industrials,SP500,993.8699951171875,0.014339355889800398,-0.042062258906105265,-0.14324383139111152,-0.08208862759573077,0.18354001135455356,0.05078125,0.173828125,0.75,-0.7072634929337231,-0.1467608377728209,0.404199222926966,False,-0.08389358136677416,False,-0.08736675733366228,0.07640303452911534,0.09573041310484443,-0.032435967530697996,False,506.323317546875,False,True,0.742419362608977,0.9282402524441536,0.0048580450797530705,False,0.6896684294611658
ZTS,418,0.32459958383119447,Zoetis,Health Care,SP500,76.29000091552734,0.00157545949148985,0.01692887669008325,0.02554108806920219,-0.0339308747599556,-0.3687642201101664,0.6484375,0.2890625,0.013671875,0.28321454678362573,-0.4928567204574019,0.0690482658552598,False,0.00811355607194697,True,0.011126618213602946,-0.2538468331618986,-0.011004178916049878,-0.00280160173943389,False,462.98773824391174,True,False,1.3640268849048272,0.724061291434385,0.011028016114980499,False,0.5065024155621576
STX,419,0.3245481693491328,Seagate Technology,Information Technology,SP500,798.6099853515625,-0.012281387371850472,-0.05735366637789274,-0.04661794647579631,-0.1369459408295577,1.1793802759847742,0.27734375,0.11328125,0.984375,-0.42862908138401556,-0.26951537462636743,3.376584030838459,False,-0.06213486120381173,False,-0.06818240185987356,0.35389073828062045,0.07317140392708099,-0.031708762141612445,False,4101.139948533203,False,True,0.8393506950163718,0.5968989402571313,-0.015509410008319513,False,0.6156935472495011
MCD,420,0.32440973576081317,McDonald's,Consumer Discretionary,SP500,259.6300048828125,-0.005058468145123118,0.005442650082378986,-0.04571015466516504,-0.04123123693710806,-0.19606417534350962,0.28515625,0.267578125,0.068359375,0.02391340765107214,-0.22383346107419277,0.005442650082378986,False,-0.025544622618080104,False,-0.030708482140581528,-0.11101308848982672,0.0316813688913713,-0.010935873132953855,False,1230.520169355835,False,False,0.7766871572097097,0.9798717887342946,0.002375915264168027,False,0.9952166096780466
AVGO,421,0.320589052273502,Broadcom,Information Technology,SP500,357.1600036621094,-0.02744795458096083,-0.038703785735295426,-0.14612220353724614,-0.1460569718599254,0.07724766494240809,0.048828125,0.10546875,0.5390625,-0.17133436890838205,-0.2571687189795896,0.2191993637846894,False,-0.06457682082848681,False,-0.07009391298880152,-0.03194064528159024,0.07537741065239145,-0.027110664892005087,False,8396.53168416162,False,False,0.6585168278878497,1.4235639430807863,-0.04220673241524653,False,2.806029152650371
WMT,422,0.3197438526270073,Walmart,Consumer Staples,SP500,108.41999816894531,0.021962502700384245,0.05641626298820257,-0.0325835645024688,-0.07695296566022936,-0.11515338463111391,0.373046875,0.185546875,0.154296875,0.09977689449317739,-0.19016720678975407,0.0888640735278432,False,-0.005624618760375455,False,-0.021838265343097296,-0.08212308228141174,0.022325822580615773,0.019111712823210114,False,2746.5407010599824,False,False,1.414281303290984,1.0129135931323283,0.0031105838669618358,False,1.0263862130220416
DHI,423,0.3179756528114073,D. R. Horton,Consumer Discretionary,SP500,144.41000366210938,0.015113238002902651,-0.005851513678024833,-0.04364235985358034,-0.01072082332979607,-0.030700323214123637,0.30078125,0.345703125,0.298828125,-0.06560291788499023,-0.20591529319212176,0.09619432551249174,False,-0.02057395611724444,False,-0.03430396808725067,-0.031002570275589836,0.035522531887497655,-0.005431264461438823,False,336.1680778017273,False,False,1.0086050958909507,0.8491576995750796,0.014269639095194409,False,0.7730910018092784
MGM,424,0.31657947440108264,MGM Resorts,Consumer Discretionary,SP500,41.130001068115234,-0.00748063631435425,-0.042820574827011404,-0.07593793261912529,-0.14205251885008752,0.10772959560819761,0.189453125,0.109375,0.60546875,-0.6625548245614035,-0.18859731342656827,0.33886725219539127,False,-0.0454640134053822,False,-0.0874316955893355,0.04020194683391942,0.09580838515512413,-0.02123331123420058,False,111.92862560396576,False,True,0.39501990389681085,0.7546789444249353,0.0016891818808870696,False,0.668720136353824
AMAT,425,0.3146786207039134,Applied Materials,Information Technology,SP500,435.9100036621094,-0.005815782152680193,-0.09629733622203052,-0.1831833042493296,-0.13020509012646708,0.2608392425660362,0.025390625,0.119140625,0.84375,-0.8184812073586745,-0.39643689894150913,1.7699762240733463,False,-0.11657761678453038,False,-0.18903419638399788,0.07593671855514583,0.23309761711420673,-0.052878250286388484,False,4951.18517441217,False,True,0.5099122598835174,0.7248708135943435,-0.013775437086744002,False,0.6648982448113843
ARM,426,0.3110589497625825,Arm Holdings,Information Technology,NDX,242.58999633789062,0.03291320662288366,-0.04944951233877637,-0.11650517808571481,-0.38341298588717154,1.0111920976122248,0.08203125,0.009765625,0.978515625,-0.9337041605750487,-0.44798161139843296,1.3203251004956518,False,-0.04815903513328934,False,-0.11942741939362778,0.20563584158432047,0.13562473102602035,-0.002545039424164064,False,1486.200888903717,False,True,0.4301192765853702,0.577330581961616,-0.0160521343041109,False,0.734961635028448
RDDT,427,0.3108145684722989,Reddit,Communication Services,SP500,155.99000549316406,-0.013345986900026086,0.013251111304716234,0.0047018614720870655,-0.15181337400352424,0.0807122727646572,0.572265625,0.099609375,0.546875,-0.02904559576023391,-0.423774480377651,0.2802857040521203,False,-0.0027266550349857033,False,-0.08286166453389399,-0.10714921291634238,0.0903480547367832,0.013400047577448726,False,1019.8354373833008,False,False,0.9400120628687768,0.6760967125218357,0.007337054766214379,False,0.6590882397300766
CPT,428,0.3103286946231239,Camden Property Trust,Real Estate,SP500,105.5999984741211,0.0005684816948388072,-0.0017960340274310038,-0.05638463927711168,-0.04858823865821904,-0.008331796524504997,0.2421875,0.251953125,0.341796875,-0.26266675804093564,-0.10188810316695784,0.11517508580220293,False,-0.021334188158501854,False,-0.051477570000038275,-0.0032681383364191463,0.054271325982286234,-0.008263366700295705,False,103.37125890496826,False,False,0.84435289281899,1.0484667791359426,0.0059692746631887506,False,1.126225110793099
CSCO,429,0.3095897486058692,Cisco,Information Technology,SP500,108.61000061035156,-0.00776537987603243,-0.031564876213670656,-0.10609052995595425,-0.1614130281751952,0.36991665252072914,0.09765625,0.091796875,0.9140625,-0.8399770041423001,-0.1614130281751952,0.6662997132613215,False,-0.040221272700910804,False,-0.05083258489636455,0.1544381041966023,0.05355491990927064,-0.01604124944535934,False,2469.2259547240296,False,True,0.7743597617663279,0.6846518516259433,-0.006029563660104875,False,0.6562650503623906
STLD,430,0.3080490917385693,Steel Dynamics,Materials,SP500,246.02999877929688,-0.006501375441446022,0.04320727018163151,-0.07493605548241833,-0.10930836069498584,0.30198516169495404,0.193359375,0.15234375,0.88671875,-0.49093110380116955,-0.12792484277702432,0.9109123854065078,False,0.006665272778239917,True,0.01618959532104247,0.1760000230038763,-0.015931668062324267,0.026987252206081225,False,288.36176887786866,True,True,1.2268553749621582,0.7224602167464027,0.010539495302795743,False,0.7403053468162374
SNPS,431,0.3077318073800489,Synopsys,Information Technology,SP500,416.30999755859375,0.0008173578308361407,-0.10449787166665925,0.03864575108858115,-0.15808528492751484,-0.05876100147337193,0.70703125,0.095703125,0.251953125,0.05671677022417154,-0.316493751432359,0.11812105544121154,False,0.0023957637958489375,True,0.005982583678474596,-0.06901960113260142,-0.005947005222097013,-0.010585717691098728,False,770.3054553060913,True,False,1.503369375850716,0.9079176794963194,0.0075245928158935715,False,0.7804078609192339
TEL,432,0.30764184419125334,TE Connectivity,Information Technology,SP500,209.41000366210938,0.03560653137423797,0.03157637271975067,-0.03574129365817946,-0.04766618818300328,0.0022810761386027334,0.3515625,0.25390625,0.369140625,-0.1983354653996101,-0.1498513219468035,0.07761595964389723,False,0.007849540795740628,True,0.022664685312803634,-0.02501038674957512,-0.0221623819012301,0.018579497639674925,False,485.37458317489626,True,False,0.9287270937672918,0.9625755773677401,0.004599142697706338,False,0.8744146871312477
Q,433,0.30744053057992204,Qnity Electronics,Information Technology,SP500,118.47000122070312,0.0066275704232838795,-0.061742255103193755,-0.12600360065285898,-0.234180463955028,0.02319321866060986,0.068359375,0.046875,0.42578125,-0.10322246588693956,,,False,-0.08718111648781623,False,-0.1317484968439535,-0.023190731293683653,0.15174001584224728,-0.027191809609099615,False,259.4842877968292,False,False,0.7557385979280917,1.0912260753419836,-0.000339883717372369,False,0.8055919221734578
ORCL,434,0.3066315593799906,Oracle Corporation,Information Technology,SP500,154.0399932861328,0.05687817005923024,0.013821184750450355,0.06683284117512223,-0.3459596581294039,0.0021046334992496085,0.796875,0.015625,0.365234375,-0.015564083820662766,-0.5254905416933999,0.33959471386916995,False,0.04276242515822837,True,0.10334517082581263,-0.08425109930167862,-0.093665313048375,0.04106372215293819,False,4411.224251780731,True,False,0.7419581485274379,0.6656203198825634,0.010428845780177998,False,0.7772959617894509
FISV,435,0.3063604105750487,Fiserv,Financials,SP500,52.72999954223633,0.01442862652183341,0.0028527521102719167,-0.02550362322212263,-0.062244354054654116,-0.1742875189749229,0.404296875,0.20703125,0.09375,0.01209947612085771,,,False,0.002404767271089181,True,0.0130176371258246,-0.0964918673897841,-0.01285035585634886,0.00407552603852257,False,385.18761248264315,True,False,0.8978339422567876,0.7886437726184088,0.008849539986988342,False,0.6380554131445246
KLAC,436,0.3055866187678799,KLA Corporation,Information Technology,SP500,172.94000244140625,0.003947567376378469,-0.05893236969727611,-0.10199447337136702,-0.18757697244614913,0.2128256210225179,0.109375,0.06640625,0.796875,-0.5515274731968811,-0.42615265950676184,0.991010252991444,False,-0.08219363103958777,False,-0.16473873020765661,0.01248466241874402,0.1972301795444349,-0.027016155022214328,False,2504.768222113556,False,True,0.4668969818397342,0.700529358147321,-0.016196408772218396,False,0.5760782771081383
WDC,437,0.3047591554235027,Western Digital,Information Technology,SP500,441.57000732421875,-0.01632877405196831,-0.04422076336749192,-0.1494693031961487,-0.23251929075946687,0.7051504280798611,0.044921875,0.048828125,0.966796875,-0.582750822368421,-0.4082655228528299,3.8873012251383123,False,-0.04540161321265335,False,-0.13610345283318137,0.18960238367086357,0.15754600858116374,-0.027670679268132936,False,4105.550453090393,False,True,0.6219200282444136,0.6353937098110727,-0.013343707542478378,False,0.6829174170629907
HUBB,438,0.3029998697602511,Hubbell Incorporated,Industrials,SP500,460.1499938964844,0.02237381715394693,-0.01850828076549116,-0.10125802579376375,-0.04882658588042399,-0.02842950670012845,0.111328125,0.25,0.302734375,-0.11062378167641324,-0.1700939249107084,0.1433724911988452,False,-0.0402807751554094,False,-0.05160914749905354,-0.046175921698278,0.05441759308723615,-0.0003255240236686996,False,263.9463081267816,False,False,0.7477240749664982,0.8313897668124663,0.005065763524970235,False,1.1004940985654765
ISRG,439,0.30253788965411105,Intuitive Surgical,Health Care,SP500,369.8299865722656,-0.005512580089356733,0.00751894514118967,-0.014312434595024737,-0.11697153883584355,-0.25542585568104337,0.47265625,0.14453125,0.044921875,0.08410240009746589,-0.37618284253659995,0.11387867842208976,False,-0.03265761735961692,False,-0.031031750869790153,-0.20416651785190032,0.03202556007139101,-0.009170344682912446,False,1182.4918156879273,False,False,0.6522171411104413,0.5976370530891392,0.007825114617351803,False,0.5541999767615063
PDD,440,0.3023017497005653,PDD Holdings,Consumer Discretionary,NDX,81.62999725341797,-0.007538027314067275,-0.03613183492473482,-0.10237524673464604,-0.04948765877878336,-0.1896962578477912,0.10546875,0.24609375,0.078125,0.060908564814814825,-0.40903500783431035,0.11364248096658702,False,-0.060947016769409834,False,-0.04447417959516231,-0.16944268021014863,0.04654419445862734,-0.031955832741366375,False,584.6899418184204,False,False,0.7548628475777118,1.0467421134974182,0.0015805137193674046,False,0.8977031152505921
IR,441,0.3022799402273454,Ingersoll Rand,Industrials,SP500,75.4000015258789,0.0053333536783854996,-0.04520703608509369,-0.1620244408538256,0.04732389966033179,-0.1665127658668295,0.033203125,0.501953125,0.099609375,-0.2914191946881092,-0.2359718234706435,0.1003472115908659,False,-0.06518240767708994,False,-0.07779196827168755,-0.08027149496520702,0.08435403465950886,-0.024978390590200794,False,327.37294750265505,False,False,0.5762433800270815,0.81764817611997,0.010933329264323,False,0.6043920691327718
HD,442,0.29962597024573756,Home Depot (The),Consumer Discretionary,SP500,318.07000732421875,0.005977654159716517,-0.024941526997402264,-0.09267164624902091,0.03376008118908036,-0.1014833667163979,0.134765625,0.466796875,0.173828125,-0.19207252071150094,-0.22753454206088464,0.08506352386589056,False,-0.047821548737296715,False,-0.05662569653827498,-0.06111761673329141,0.06002463320284024,-0.01954164345692666,False,1333.1648068735963,False,False,0.7889223679970365,0.8686207783111017,0.006420389734711929,False,0.841924064566206
TDY,443,0.29943886093506455,Teledyne Technologies,Information Technology,SP500,607.8699951171875,0.002490285972200912,-0.029736639876795645,-0.1109502106365946,-0.0173297843044371,-0.07175578182433662,0.087890625,0.326171875,0.228515625,-0.20209323221247566,-0.12068565622594363,0.2547113207950078,False,-0.06018354676738924,False,-0.06029788290901872,-0.008841222318465847,0.06416701826285309,-0.019970735090778624,False,228.35188347070311,False,False,0.6312744785890974,0.6276031913565535,0.002325407701284865,False,0.4931033123250483
MAR,444,0.29690106290953866,Marriott International,Consumer Discretionary,SP500,336.07000732421875,0.008795078786537402,-0.05030092417718013,-0.06796666552408959,-0.12599801347708572,0.013144525564636744,0.208984375,0.12890625,0.392578125,-0.24926139132553604,-0.1634298311718304,0.3081704061177519,False,-0.04296523753493864,False,-0.07207960526433987,-0.02076199273688062,0.07767865182537936,-0.023086418389588914,False,571.0004833302612,False,False,0.6305011472507274,0.8575574775175988,0.0003901493651896626,False,0.8865616058168865
AON,445,0.2965338865994458,Aon plc,Financials,SP500,327.0,-0.011726320193287787,-0.06453827015722013,-0.09159096899435437,0.017084718142491795,-0.029990783445180913,0.140625,0.41796875,0.30078125,-0.28963358918128657,-0.1403625353648278,0.06317638343636878,False,-0.06054188431197549,False,-0.07255115767983689,-0.02735888274834608,0.07822658713804476,-0.032181370651121255,False,457.5387211566162,False,False,1.3921004985882695,1.4036603397947653,0.003384898152380522,False,1.1049786259680159
SYK,446,0.2961782581090326,Stryker Corporation,Health Care,SP500,307.989990234375,-0.013453384715032768,-0.04386565595740799,-0.08616446206599737,0.025238907451108572,-0.16424343580351863,0.154296875,0.435546875,0.103515625,-0.25841024000974655,-0.2110215090540224,0.0928310431873427,False,-0.06992969424450257,False,-0.06419087409274071,-0.08734832274417192,0.0685939817380048,-0.03936733347843757,False,804.7164120488281,False,False,0.6902501408202119,0.9187990903982122,0.005669589031775946,False,1.0821505460459946
MCHP,447,0.29535875971966113,Microchip Technology,Information Technology,SP500,73.11000061035156,0.004810314236464386,-0.031527319125282616,-0.05450743371090194,-0.23624228943504555,0.0900902725102255,0.25,0.044921875,0.57421875,0.009834155701754388,-0.28390738768479074,0.5304959659206703,False,-0.04213631559638398,False,-0.08454167943524338,-0.04371679894691827,0.09234902074306195,-0.007621776347622067,False,858.9780111056061,False,False,1.0087132548479305,0.7515142703397871,-0.015393110413672306,False,0.5397212648340506
FLEX,448,0.2948345933497963,Flex Ltd.,Information Technology,SP500,107.88999938964844,0.018310547402412558,-0.0642671592886519,-0.1147850195194946,-0.32361605476060173,0.6987876277910103,0.083984375,0.025390625,0.96484375,-0.873244852582846,-0.33430002767991474,0.9792699084899517,False,-0.06425090259602384,False,-0.13041586544909944,0.14066832366466175,0.14997498260068087,-0.017258779906878963,False,537.9821826660157,False,True,0.6481467719918989,0.645862831134725,-0.004341662083269027,False,0.847244928503995
UDR,449,0.2932384540652514,"UDR, Inc.",Real Estate,SP500,36.369998931884766,-0.006012605077498567,-0.019147865806610875,-0.05219284445723538,-0.05808515250063173,-0.01513100094983244,0.259765625,0.224609375,0.328125,-0.20618984527290446,-0.11153040473073783,0.11854595479628394,False,-0.02803965359442162,False,-0.057868261905816065,-0.005068071829533283,0.06142268598537659,-0.01785817535113543,False,119.03734971718598,False,False,0.7768915687379203,0.7598833136280618,0.006285857919573257,False,0.8774656535420984
ECHO,450,0.2927393497963796,EchoStar,Communication Services,SP500,89.79000091552734,0.03575958457512307,0.03839481494108421,0.023481106574367194,-0.27960525228480904,-0.18998644879106963,0.63671875,0.033203125,0.07421875,0.01955790082846004,-0.366784210274287,0.3415508816094204,False,0.01593085197194255,True,-0.014656684957551791,-0.16515965490985862,0.014874698730686031,0.02749374217109568,False,457.3780201746826,False,False,0.5382313872036024,0.4738944919638532,0.009458988023197445,False,0.7376575610493998
JBL,451,0.29188391168398653,Jabil,Information Technology,SP500,305.9200134277344,0.02181101058752688,-0.020178040382862528,-0.096373165446478,-0.18146138776459397,0.21349356624473037,0.123046875,0.0703125,0.798828125,-0.26691946881091616,-0.20652927425085843,0.5904794188500868,False,-0.0648505055564057,False,-0.06830746803521093,0.04710694567027773,0.07331546158383562,-0.007283901948497484,False,374.9771497156372,False,True,0.955540765409944,0.8713534532278733,-0.004642822340183095,False,0.9842694053220369
DDOG,452,0.29105633539335335,Datadog,Information Technology,SP500,214.75999450683594,0.026430238934278316,-0.11595932580684465,-0.2415863815974174,-0.11839084923677867,0.7551486877703351,0.005859375,0.138671875,0.96875,-0.8574294895224172,-0.2546937391781213,1.0928714025989534,False,-0.09121686696044229,False,-0.13887541300205297,0.21880604981510543,0.1612721493485636,-0.050204487471535275,False,1163.024454028656,False,True,1.082557794807559,0.9078941619066142,0.051474475421228405,True,1.0468468515307567
ALB,453,0.29057792272896343,Albemarle Corporation,Materials,SP500,132.16000366210938,-0.04058073566526765,-0.026589088139874262,0.11208353866274767,-0.20013656685625458,-0.1897419528600126,0.88671875,0.060546875,0.076171875,0.056648239522417154,-0.38550518868821415,0.8455407316650907,False,-0.01660078388990427,False,0.03031222558326685,-0.15307632681257144,-0.029420426964366975,-0.02221360997235522,False,289.93653051856995,True,False,0.9864738156763841,0.905835530861074,-0.012776729632202777,False,1.2768582214166442
HST,454,0.29048910695444957,Host Hotels & Resorts,Real Estate,SP500,21.989999771118164,-0.005427446219843923,-0.01566698205367656,-0.12495023854002585,-0.06613703641963276,0.15613097457374714,0.072265625,0.19921875,0.697265625,-0.6545824195906432,-0.13899769056981182,0.48714163016831247,False,-0.028688808204462624,False,-0.06440869403084404,0.0886377696506957,0.06884276672935163,-0.012340804317295229,False,220.5566375436058,False,True,0.8031901902626487,0.6660784641635382,0.0018090912290604777,False,0.649323819530055
CMI,455,0.2904759722772742,Cummins,Industrials,SP500,545.5,-0.009802185831823018,-0.049436275390899564,-0.15796931428009375,-0.19255195848434725,-0.01226442639984815,0.0390625,0.0625,0.33203125,-0.17921539961013644,-0.24747394630866604,0.401986521122101,False,-0.08425789720660992,False,-0.1397855456654158,-0.08420550778669711,0.16250081007246786,-0.03499994627312697,False,642.1912966065673,False,False,0.4796743514895059,1.2020541118748902,0.003811899605869584,False,1.590933725145424
GE,456,0.28945769109549074,GE Aerospace,Industrials,SP500,333.4800109863281,0.01207894077793048,-0.026989174287305073,-0.1252295002400371,0.01906208008173782,0.022606514639569086,0.0703125,0.423828125,0.423828125,-0.525489613791423,-0.1252295002400371,0.2219421430351809,False,-0.05446840882024673,False,-0.0680845141492854,0.040103248437218575,0.07305867879975536,-0.018064184716107046,False,1417.492963907898,False,True,0.9658640613413562,0.7780936394803639,0.006221510752560722,False,0.6582352220225841
TSN,457,0.28626985370782065,Tyson Foods,Consumer Staples,SP500,51.7599983215332,-0.07256769310340894,-0.05612993303104519,-0.10219611237160953,-0.08151886590782353,-0.1510871544164064,0.107421875,0.17578125,0.111328125,0.09390990497076024,-0.23369406776167134,0.05638949291864326,False,-0.07994843968882748,False,-0.09552432661643451,-0.12869045583538308,0.1056129307039142,-0.05854150652210888,False,175.28966459303282,False,False,1.0905126267069363,1.1430436512785396,-0.06540049159765271,False,2.44359237269028
TKO,458,0.2857386435307257,TKO Group Holdings,Communication Services,SP500,189.4199981689453,-0.0019494974986888902,0.027557784159565557,0.0346861342146596,-0.060898265376376215,-0.09835136352810803,0.685546875,0.2109375,0.1796875,-0.07561220760233917,-0.1512976082178823,0.08584789365436762,False,-0.01141398953286099,False,-0.003153367890409764,-0.03536814946019684,0.003163343074888525,0.007170365083238872,False,219.8451072406311,False,False,1.0109721908984584,0.6448039537912817,0.010011113454274412,False,0.6485179698748477
HLT,459,0.28561365914872455,Hilton Worldwide,Consumer Discretionary,SP500,314.3500061035156,0.009116870241272057,-0.03478870924547328,-0.03101697010312554,-0.06995964771111907,0.0236835279374219,0.380859375,0.1953125,0.431640625,-0.2218414961013645,-0.10201262581308723,0.2267445876433538,False,-0.025389034145527622,False,-0.03385541520722213,0.0064729014372924,0.035041768840927245,-0.014088109554092232,False,724.3016110835571,False,True,0.9762578675997905,0.6988677927852945,0.002182891895810446,False,0.7709515913288651
MLM,460,0.28320203817278267,Martin Marietta Materials,Materials,SP500,508.94000244140625,-0.01572321884397121,-0.03561264962017696,-0.07879796693030316,-0.12239514648265448,-0.19344311673508663,0.1796875,0.13671875,0.0703125,-0.0016828094541910255,-0.27818971107325574,0.007961635321962257,False,-0.0430840754751417,False,-0.08134737577894868,-0.15110094319238876,0.08855074664150142,-0.021494403172271248,False,350.4761692583008,False,False,0.7195190233718629,1.243770882150459,0.013402426320650918,False,1.0199071170160867
WY,461,0.282282808613452,Weyerhaeuser,Real Estate,SP500,23.040000915527344,-0.006468288705296921,-0.02784809393104215,-0.10835910296154261,-0.05920786702984948,-0.04836042695067233,0.09375,0.216796875,0.26953125,-0.36799844663742687,-0.13509656382706792,0.10829556699058784,False,-0.049132262844533314,False,-0.04759539439573779,-0.041311306758874955,0.04997392296894709,-0.023408046367628277,False,128.23380708733748,False,False,0.6748294824453082,0.9996544144672022,0.00776197934585765,False,1.1705062070328023
CARR,462,0.28156170286870924,Carrier Global,Industrials,SP500,59.08000183105469,0.02605071122437863,0.004078886435153084,-0.09705025897147646,-0.13492185933395406,-0.014840304567798168,0.12109375,0.115234375,0.330078125,-0.26488258406432746,-0.2198361458581739,0.1866340331098204,False,-0.02586211695270424,False,-0.09070318335859207,-0.0315647709711373,0.09975090828274835,0.00425786865840605,False,394.52628927297974,False,False,0.43072346483673407,0.8507011200860898,0.0057311220191633705,False,0.7947712529421592
DD,463,0.2789964903185162,DuPont,Industrials,SP500,131.1300048828125,-0.013540870323817344,-0.051102996912843146,-0.10628411595326659,-0.07865043980944186,-0.056581386791118904,0.095703125,0.18359375,0.259765625,-0.14389163011695905,-0.14121106350796375,0.4423970508670383,False,-0.05286178876017689,False,-0.04889443907131874,-0.03203086688203283,0.05140800462104034,-0.026270990292595497,False,204.9785198720093,False,False,0.7258814808648045,0.8452556414760376,0.010983275365313405,False,1.109500162137101
FERG,464,0.27848919258416727,Ferguson Enterprises,Industrials,SP500,223.22999572753906,0.009040365405345696,-0.042999224108285494,-0.12218282304343131,-0.02834849009340068,-0.05869138834839205,0.078125,0.3046875,0.25390625,-0.05203764619883039,-0.15981573331881493,0.07512633630163501,False,-0.06398460636876813,False,-0.05091890072978533,-0.06134987893076993,0.05365073729625314,-0.02009026949208137,False,623.2320140917968,False,False,0.9130470008573838,0.6022337785594533,0.009808788188098161,False,0.5788122633981044
VMC,465,0.2767578353136477,Vulcan Materials Company,Materials,SP500,260.2300109863281,-0.014018799651914882,-0.04973523758856202,-0.09086191815897138,-0.07894604383530635,-0.0887903981661291,0.142578125,0.181640625,0.19921875,-0.11465567129629628,-0.20777689290701973,0.016387172273539585,False,-0.052672001604739616,False,-0.08070028514470184,-0.09453173480063914,0.08778452102250944,-0.028325107492614077,False,294.4725682032471,False,False,0.7639357847454402,1.0910056902618752,0.013261092324204027,False,0.9775897010250731
LMT,466,0.2714606473104011,Lockheed Martin,Industrials,SP500,532.9500122070312,0.0026338527818907664,-0.05238401275895466,-0.07159552270147707,0.03313066341309434,-0.17594354495387632,0.205078125,0.46484375,0.087890625,-0.22326541179337234,-0.20236887278903015,0.23545979276128914,False,-0.06930761294834253,False,-0.03330711066456837,-0.030404011766274275,0.034454697072889395,-0.032380191392063606,False,635.7144282028809,False,False,0.8247452004254984,0.7992992369160885,0.008371766172938777,False,0.6627317416332799
GLW,467,0.2701712756667749,Corning Inc.,Information Technology,SP500,146.0,0.012974363795435373,-0.04270341007775824,-0.06652891312258602,-0.26011675119524136,0.08727253595556572,0.212890625,0.037109375,0.56640625,-0.21240329556530213,-0.42792085286300374,1.112352605091587,False,-0.054537310963409746,False,-0.12274390677411273,0.021303603280669936,0.13991798714415649,-0.015519904582660837,False,2288.381090949066,False,True,0.5988961759141751,0.6446178759018091,-0.00735445446946037,False,0.6396785853921447
CRH,468,0.2698464478447401,CRH plc,Materials,SP500,92.04000091552734,-0.0067982871033344106,-0.03703704590615697,-0.07591123594481419,-0.13288092276747443,-0.1622713086217774,0.19140625,0.1171875,0.109375,0.004127071150097472,-0.29158432359356734,0.009210570124929651,False,-0.039299494445693806,False,-0.07818832042678836,-0.16868268706775646,0.0848202752898386,-0.0194257014414011,False,430.6073118998261,False,False,0.791001196677418,1.1309844275837315,0.012085926067897157,False,0.9638545343740262
LVS,469,0.2695714577451152,Las Vegas Sands,Consumer Discretionary,SP500,44.5099983215332,-0.000673610089300225,0.0061029980294469155,-0.02922574039657211,-0.11700722496372085,-0.18290066322278498,0.390625,0.142578125,0.080078125,0.03926428484405459,-0.3482525301792737,0.01597801703491708,False,-0.023432404187400557,False,-0.031761785710960555,-0.1714799440279997,0.03280368946631862,-0.00864287596082336,False,224.8711881299591,False,False,1.0301662002239687,1.1495020524412334,0.00381675270433246,False,0.7461585695667599
FICO,470,0.2666204963316253,Fair Isaac,Information Technology,SP500,1118.9300537109375,0.01771804393487786,-0.032954214087343336,0.025083600071483136,-0.040944458267059725,-0.24144962026862604,0.646484375,0.26953125,0.05078125,-0.11253502680311889,-0.40468195863761336,0.21310326618850706,False,0.007421581600255189,True,-0.045123787455057296,-0.1450189622197905,0.047256164581577664,-0.005720715889702799,False,346.529694845459,False,False,0.7477145927331041,0.6847965910918155,0.01373422922994827,False,0.6800216857309229
AXON,471,0.264725002719686,Axon Enterprise,Industrials,SP500,538.1500244140625,0.06148174040844956,-0.11951895669829371,-0.11704862584023612,0.0486165464021191,-0.0566880512785618,0.080078125,0.505859375,0.2578125,-0.47659676535087714,-0.30791685410315384,0.5556166405046259,False,-0.09585010034409824,False,-0.048210068305183595,0.06417441722443984,0.05065200492228117,-0.04319082813902808,False,538.6836353567505,False,True,1.0479286637547618,1.0450903463503933,0.018028292896750564,False,0.9015434888986572
ROL,472,0.26447272154939166,"Rollins, Inc.",Industrials,SP500,35.709999084472656,0.0,-0.006399542321223195,-0.04487626459112204,-0.2283011154693313,-0.3810141459062144,0.29296875,0.05078125,0.0078125,0.04298397904483431,-0.44945682365903217,0.0,False,-0.020230574973404303,False,-0.09648909789006088,-0.3128478856122421,0.10679350704538604,-0.011772411462478982,False,211.34373969828798,False,False,0.5887202807451598,0.805978013950296,0.00980124048702491,False,0.9447006418465068
NRG,473,0.26325643623117223,NRG Energy,Utilities,SP500,111.83999633789062,0.006751282966279026,-0.022463134708122445,-0.07363544083370899,-0.15858015554259097,-0.29838775217367286,0.19921875,0.09375,0.03125,0.06645955165692008,-0.3882480257883201,0.02127654238159571,False,-0.03589534945478201,False,-0.12482140832900479,-0.23415149944877234,0.1426239278667465,-0.006427664121686494,False,358.1167219422455,False,False,0.725333844166758,0.8762985272722632,0.01035198095048151,False,0.8188967504041305
ALGN,474,0.25963118679198405,Align Technology,Health Care,SP500,159.86000061035156,0.004461242482541428,0.006421583328994451,-0.08562604280682462,-0.050092061394573006,-0.08963556347421409,0.158203125,0.2421875,0.197265625,-0.16521990740740738,-0.19062323398111014,0.28010893759029276,False,-0.03301515515042808,False,-0.06913422407107728,-0.061943912311839044,0.07426873547057555,0.00017261860968798004,False,160.6094786088257,False,False,0.8113962384955002,0.9012304622547389,0.0031416903498293625,False,0.7319089526774096
NOC,475,0.25770842862706184,Northrop Grumman,Industrials,SP500,528.239990234375,0.008437980314525362,-0.026576390843118025,-0.04812380055645271,-0.02664776948558112,-0.2797693513401731,0.26953125,0.30859375,0.037109375,-0.02084094785575047,-0.30603649218667184,0.0698004455748662,False,-0.051318287134117124,False,-0.02390639320456789,-0.11648436607852619,0.024491906348053982,-0.01947775288598186,False,450.2210649856567,False,False,0.8883917215847433,0.7838480375808742,0.010270712854773656,False,1.0325487333234107
CIEN,476,0.25663463211654164,Ciena,Information Technology,SP500,317.4599914550781,-0.10362551340508042,-0.20605230309064415,-0.22349142215143447,-0.40731477221009416,0.06067492282916831,0.01171875,0.0078125,0.49609375,-0.009731359649122806,-0.49368422415458035,1.7205414758173894,False,-0.1949147949610034,False,-0.22193733901627366,-0.15685431253232562,0.285243528761131,-0.1353985521560762,False,944.1731483446655,False,False,1.0607989975384764,1.3683739147984122,0.0009317443213616716,False,3.3975352392512157
XYL,477,0.25650831519311745,Xylem Inc.,Industrials,SP500,107.88999938964844,0.010773857493857397,-0.04225478980696651,-0.11410558659403369,-0.017057625614436356,-0.138400687702253,0.0859375,0.330078125,0.126953125,-0.11826495492202727,-0.28471801628359594,0.022430136552893387,False,-0.058089850378453156,False,-0.08066121613010646,-0.12618164446145808,0.087738293592454,-0.02058090509945054,False,218.64493562106324,False,False,0.8418214136752336,0.9640232108317215,0.010118061201697559,False,0.8798044640219173
APTV,478,0.25242096372567185,Aptiv,Consumer Discretionary,SP500,46.529998779296875,0.033311126819076,0.023987680139303524,-0.010210584117729349,-0.36190345655942757,-0.3556294229436954,0.509765625,0.013671875,0.017578125,-0.06625015229044834,-0.47524529446090635,0.03954424763488329,False,-0.0221297659605475,False,-0.13126117485713562,-0.300507986694285,0.15109394337883963,0.009325335596062523,False,201.60616032543945,False,False,0.6670475497195526,2.021094128049414,0.010437513511974972,False,0.8952452861676196
FSLR,479,0.2520925208754601,First Solar,Information Technology,SP500,207.4199981689453,0.02379068075134705,-0.012755867951997457,-0.12407096496696779,-0.34141930423994227,0.08143897220362617,0.07421875,0.01953125,0.55078125,-0.4989872685185185,-0.348248238275113,0.12301029559339871,False,-0.04460976081903534,False,-0.05691948278575465,-0.1014658806997254,0.060354849609117744,0.0029300210059308718,False,470.68882044036866,False,False,0.6113059751466784,0.9013190057293395,-0.0021224477868505565,False,0.8890400910249512
IBM,480,0.2518575821913644,IBM,Information Technology,SP500,234.7100067138672,0.012990978874710013,-0.017086086883786322,0.0020078649574506446,-0.21664279886779036,-0.07178498707090819,0.560546875,0.0546875,0.2265625,-0.35856786062378165,-0.28198010320060807,0.14882486344501333,False,0.001542609323168742,True,-0.025006282522429757,-0.09475389479656837,0.02564763451719898,0.004862085904707714,False,2122.277379638306,False,False,0.33682744052207036,0.48978647033451256,0.011566715450449294,False,0.4760783558650588
TXT,481,0.2518127874070819,Textron,Industrials,SP500,79.37000274658203,0.0016406472276286888,-0.03618695546758921,-0.10275826850518455,-0.12847797328614252,-0.17630405977568286,0.1015625,0.125,0.0859375,-0.11476608187134502,-0.21202450580658605,0.0016406472276286888,False,-0.06219164763141738,False,-0.09875227880891113,-0.11836586256646453,0.10957284716171056,-0.024228927388175392,False,140.73974858685304,False,False,0.6642630231968671,1.0274160409569133,0.008076721439956858,False,1.0742849142597135
TER,482,0.2513067451713456,Teradyne,Information Technology,SP500,338.5899963378906,-0.008869500680888098,-0.08995861269776018,-0.1304605059182421,-0.16779725574310445,0.1084425591177951,0.05859375,0.080078125,0.607421875,-0.4754774305555556,-0.3002025485684825,2.021343452662996,False,-0.10056515574209823,False,-0.09523555421321594,0.07405378226891401,0.10526005377056902,-0.042885791199046674,False,1357.1240683720093,False,True,0.6415217190924186,0.5808847192176354,-0.02564255573687957,False,0.4681205061372969
TPL,483,0.2510673510940498,Texas Pacific Land Corporation,Energy,SP500,366.5,-0.0022324058256237844,-0.007090971910517885,-0.038733691672242276,-0.09746424399687759,-0.2974533230514822,0.33203125,0.1640625,0.033203125,0.05490070662768032,-0.31890242851166883,0.3454687024730936,False,0.0075832742313477475,True,-0.05517592106786795,-0.06072393777694496,0.0583980894414009,-0.00570003879960479,False,140.799068081604,False,False,0.9059015333862535,0.7734294428718759,0.007704417172592848,False,0.7421742785705707
TDG,484,0.24837819236982367,TransDigm Group,Industrials,SP500,1157.8299560546875,0.003536256602112653,-0.0241470778147842,-0.07721306748089041,-0.05721080028423997,-0.10589516974990931,0.18359375,0.228515625,0.16796875,-0.21592881944444442,-0.20149658203124998,0.022023472092665086,False,-0.03974253646917281,False,-0.07029299600700933,-0.08848338809253031,0.07560768683586172,-0.015910441623470994,False,494.3133141496582,False,False,0.7267586457159408,0.7919606823014794,0.0035883117212893723,False,0.6882964537442725
PNR,485,0.24361557488178193,Pentair,Industrials,SP500,60.02000045776367,0.003008026482566706,-0.033494332809431815,-0.13039693745344239,-0.1725157590796481,-0.36994688357249417,0.060546875,0.076171875,0.01171875,-0.034939236111111105,-0.4603894292884715,0.003008026482566706,False,-0.059395072529659254,False,-0.10739632449782177,-0.29705789547851724,0.1203180397362813,-0.022698060215840754,False,234.3916527740402,False,False,0.6095161282978871,2.068667493683653,0.006851601710672339,False,0.6838489976194935
LII,486,0.24278861605561397,Lennox International,Industrials,SP500,386.0799865722656,0.032299429337608654,-0.012961798295618832,-0.1360351091126184,-0.2530009994179214,-0.2658841130319918,0.056640625,0.041015625,0.041015625,-0.042805037768031184,-0.32787791639146524,0.032299429337608654,False,-0.04635581365059005,False,-0.18966030118659005,-0.22265888200885398,0.23405036364911136,-0.006851239167205758,False,250.28815419244384,False,False,0.5331704566046068,0.9872649771837106,0.008288786373036539,False,1.4479058129187803
RCL,487,0.23837187141863134,Royal Caribbean Group,Consumer Discretionary,SP500,265.54998779296875,-0.00018832194803253266,-0.06759129503191386,-0.18896225978080328,-0.09455131990503007,-0.05197172369371783,0.021484375,0.166015625,0.265625,-0.7131266751949318,-0.24987424689298232,0.09142063360164565,False,-0.09137416888587468,False,-0.1102416256119012,-0.07176017044124894,0.12390063278439611,-0.03884739732094877,False,633.1443573652343,False,False,0.5773257444212643,0.9401255350146822,0.0037273727847324523,False,1.0936568093796477
WYNN,488,0.23675668049428036,Wynn Resorts,Consumer Discretionary,SP500,91.55999755859375,0.00043707295667139157,-0.021899402183436334,-0.09259376316579815,-0.11405261681821444,-0.12664657725013306,0.13671875,0.1484375,0.140625,-0.06793676900584794,-0.30704053329625525,0.010596016563365174,False,-0.07029259119314957,False,-0.06554844237896373,-0.1422398448948442,0.07014643171641732,-0.025523011295263687,False,152.37296184934996,False,False,0.8990017334366989,1.1693253724135895,0.0018575809066392335,False,0.9931905084815684
LHX,489,0.2353232825526967,L3Harris,Industrials,SP500,262.1400146484375,0.003176369437061677,0.0006107475967611631,-0.08381092156431924,-0.1503580990970148,-0.26654017397995744,0.166015625,0.1015625,0.0390625,-0.10116654483430798,-0.3021589209684663,0.003176369437061677,False,-0.04182462884581495,False,-0.07473550587061717,-0.16231765886394323,0.08077204555540485,-0.010296169196753913,False,434.70371367126467,False,False,0.6709529943666331,1.0842980089716778,0.011212707906915309,False,0.9038378423996297
CHRW,490,0.2299874328964602,C.H. Robinson,Industrials,SP500,146.69000244140625,0.010261746036366537,-0.02944288054924371,-0.04498700122090171,-0.20259834064393822,-0.20082326174988507,0.291015625,0.05859375,0.064453125,-0.08760508040935672,-0.2995415732786556,0.1921128766988751,False,-0.0007493125567391568,False,-0.13121706699201507,-0.14759068734804126,0.1510355026631367,-0.00492856451983692,False,310.7554808865356,False,False,0.5519586287963464,0.5745811864434446,0.010881555538998278,False,0.415362752656961
GNRC,491,0.22757308886856756,Generac,Industrials,SP500,183.02000427246094,0.012502820504011192,-0.07233001925736737,-0.15818039101409564,-0.3419860694844862,-0.16356653574089475,0.037109375,0.017578125,0.10546875,-0.027256182992202727,-0.3807268086187322,0.34208411546238926,False,-0.10108273208967866,False,-0.16313206616448794,-0.12123535984976896,0.1949316726915622,-0.03778313317358961,False,234.54417059432984,False,False,0.7039095706854821,1.1453159558971129,0.0009404634549206037,False,0.9104597563116034
CDNS,492,0.22704383804721645,Cadence Design Systems,Information Technology,SP500,304.8800048828125,-0.00583692068524877,-0.12277365676552476,-0.09549945632048928,-0.2594247709217171,0.01680899348478615,0.12890625,0.0390625,0.41015625,-0.17146381578947367,-0.2678018344406603,0.14763231453759484,False,-0.06072129726467013,False,-0.11153384472165029,-0.06827992657802129,0.1255352767902651,-0.04920258018677226,False,767.8762318676147,False,False,0.8808133627927324,0.92636214028377,0.0031630129397430817,False,0.9666949542347559
LEN,493,0.2111334984054083,Lennar,Consumer Discretionary,SP500,84.44999694824219,0.010409130152283064,-0.007754713398851809,-0.039030500823580505,-0.07538556751701064,-0.18116999387118238,0.328125,0.1875,0.08203125,-0.19846491228070173,-0.39501080112399023,0.032242644346885285,False,-0.018844729363890367,False,-0.015926102464938863,-0.1347013151739831,0.016183848087863106,-0.005433414076992382,False,204.9948292223511,False,False,0.8842963757629748,1.0741640029763027,0.021177274518900058,False,0.8840184945539032
HRL,494,0.20439025462603927,Hormel Foods,Consumer Staples,SP500,21.68000030517578,-0.016779997491468857,0.018796973948468798,-0.14070548162784002,-0.057967199723918394,-0.08010126962548159,0.052734375,0.2265625,0.20703125,-0.6135934454191033,-0.17238992116178287,0.11144602552600635,False,-0.07768228254599718,False,-0.1137263403048534,-0.05755669859206991,0.12831966634771952,-0.031696506291114424,False,107.71368243103409,False,False,1.125100572448627,1.483106519823316,-0.0027210643092240305,False,1.1087431594494963
LUV,495,0.1999373810249572,Southwest Airlines,Industrials,SP500,38.72999954223633,0.007806381334328094,-0.02134293222433148,-0.20247174102200727,-0.05395012216008099,-0.10591938773560261,0.017578125,0.236328125,0.166015625,-0.6233209978070176,-0.28375653962717773,0.32865546100818466,False,-0.06736641427268841,False,-0.1480217567436336,-0.09106837176439997,0.1737388928828465,-0.015092892023530702,False,237.91213469219207,False,False,0.7005968740801172,0.8246974947188971,0.0039032402989260806,False,0.893644379478909
IDXX,496,0.19683257933105658,Idexx Laboratories,Health Care,SP500,529.2899780273438,-0.01799664628801967,-0.028968295603280958,-0.0948904690473974,-0.06277227187739798,-0.14481678950059584,0.130859375,0.203125,0.123046875,-0.21792763157894735,-0.3096337675643853,0.005413675960642239,False,-0.0510349951327429,False,-0.05236295098677979,-0.12918650224141304,0.05525633578943068,-0.030624948763337545,False,348.6216255107422,False,False,0.8343829677548308,0.8803660998238176,0.005621680090120762,False,0.9452489267636317
FER,497,0.18751025753960393,Ferrovial,Industrials,NDX,58.099998474121094,0.004495130028480343,-0.011400408004490159,-0.1269722643147726,-0.12578995975798546,-0.12759495057204273,0.06640625,0.130859375,0.138671875,-0.10695738913255359,-0.21122292259479059,0.0781357453417666,False,-0.06706758973069715,False,-0.09267662957680867,-0.12459348969503015,0.1021428881894475,-0.021899449430577755,False,90.86707213263702,False,False,0.9387433087828967,0.710353481116399,0.0029391107969716224,False,0.697070503821992
TJX,498,0.18699528955769829,TJX Companies,Consumer Discretionary,SP500,132.19000244140625,0.006701735581251755,-0.015124413357431532,-0.1707910933785165,-0.16404790067389874,-0.17329631528627198,0.03125,0.08984375,0.095703125,-0.31366502192982454,-0.21259376757602388,0.006701735581251755,False,-0.08103528171789631,False,-0.11980335803235853,-0.1410312115037261,0.13610976493223514,-0.025663921588310545,False,939.5452621017761,False,False,0.7792145381364336,1.2900672997422111,0.002360806978580765,False,1.2531680001380832
APP,499,0.18094298926283525,AppLovin,Communication Services,SP500,313.5799865722656,-0.017144652656287174,0.003038677269026735,-0.24944950757716866,-0.43890352083311945,-0.3833962795390007,0.00390625,0.005859375,0.005859375,-0.0877078764619883,-0.5725463508613062,0.05020258688577095,False,-0.0021289246847273624,False,-0.20831966943528624,-0.356277597934499,0.2631360934364626,-0.0016429502877225444,False,2376.4112368116457,False,False,0.5152048183388696,0.7928858240831425,0.012067093718285626,False,0.7357506375623926
CCL,500,0.1785993234115358,Carnival Corporation,Consumer Discretionary,SP500,23.479999542236328,-0.010951989527740014,-0.05891788279568533,-0.2044835083709553,-0.15249641230552524,-0.1256428171498214,0.013671875,0.09765625,0.142578125,-0.6372365375243665,-0.2981078996117731,0.010761945971865083,False,-0.10203458836844415,False,-0.1252967426772732,-0.14679388431125417,0.14324485661660713,-0.04121968829540745,False,508.4605965353546,False,False,0.7256106943591264,1.2475075843316854,0.004633555661840649,False,1.0339726826649378
NKE,501,0.17285626585137126,"Nike, Inc.",Consumer Discretionary,SP500,38.77000045776367,0.013859800105482822,0.01928394244051934,-0.07700182886415896,-0.101758916325974,-0.3186510188199998,0.1875,0.16015625,0.025390625,-0.14978527046783624,-0.4685027136197669,0.01928394244051934,False,-0.021741482375600918,False,-0.05770814318967632,-0.23253292029819028,0.061242323991867575,-0.0011145720974492512,False,1050.5526145234223,False,False,0.9310303387846524,0.9717769759561179,0.007322143488674104,False,1.1451357215268145
COHR,502,0.16502189018117358,Coherent Corp.,Information Technology,SP500,264.4100036621094,-0.015746019787349352,-0.10487832848107415,-0.19441227628198787,-0.373287491141837,0.04151734646726002,0.01953125,0.01171875,0.4609375,-0.25728709795321636,-0.3806132854153018,1.765216440778243,False,-0.13047623934594188,False,-0.1460353429340019,-0.0410249071699369,0.17100864974405572,-0.05402517156983422,False,1869.522966345703,False,False,1.0568232276199068,0.809929812865544,-0.0066260765329561044,False,0.7038902195268588
HON,503,0.16424499833587533,Honeywell Technologies,Industrials,SP500,207.6300048828125,0.007570231004744521,-0.05789733899983518,-0.1606762509617018,-0.0876252531917634,-0.16242748080701985,0.03515625,0.169921875,0.107421875,-0.5045420626218323,-0.1950470623255779,0.06650259625747035,False,-0.0685591551534922,False,-0.09362944562536091,-0.08912007870243932,0.10330150860865239,-0.02837859034748136,False,886.0127116111807,False,False,0.8164707233643096,0.7776229909154511,0.011112695708938691,False,0.6434027966505992
AKAM,504,0.16348196970850234,Akamai Technologies,Information Technology,SP500,106.5,0.01341710639684357,-0.04261055335127195,-0.12897683058831322,-0.3301043976468563,0.054455445544554504,0.0625,0.0234375,0.484375,-0.3859192251461988,-0.33908402380916536,0.47978321791891076,False,-0.05513067783462278,False,-0.08287534549146236,-0.027363951159086408,0.0903643197073063,-0.014894029917130513,False,409.1250474529419,False,False,1.006213329099386,0.7528294145135003,0.0031401831054751472,False,0.9398308545681384
ODFL,505,0.15845954366840345,Old Dominion,Industrials,SP500,185.75,-0.00991418689995427,-0.0700864729428301,-0.13651195378581182,-0.24226745760637725,-0.11584244371892716,0.0546875,0.04296875,0.15234375,-0.5437758893762183,-0.25204640523594646,0.47996200073382256,False,-0.08636260543237972,False,-0.1359825999574622,-0.050903266663724245,0.1573840989206552,-0.044300614621861745,False,355.95492469503785,False,False,0.8437885304004825,1.3437013248657392,0.01140663814661469,False,2.253152023723612
BLDR,506,0.14184927869678632,Builders FirstSource,Industrials,SP500,64.18000030517578,0.01727690838408047,-0.045082559449058035,-0.15396783827051508,-0.1440384444949362,-0.3280284905278006,0.04296875,0.107421875,0.0234375,-0.26294849537037035,-0.5698679886245789,0.022137272963547616,False,-0.07707794598434259,False,-0.12803178692253014,-0.2891639595267209,0.1468307961257702,-0.029601943231802985,False,159.444922879982,False,False,0.8378317930120721,1.1214719203857695,0.029957254711912906,False,0.7112347237342265
NCLH,507,0.14181672474348186,Norwegian Cruise Line Holdings,Consumer Discretionary,SP500,15.59000015258789,0.0012845509412771072,-0.06366363304673461,-0.23201966805367558,-0.18504961649129792,-0.2547801101466479,0.0078125,0.068359375,0.046875,-0.7386581688596491,-0.4213066130834343,0.05409061479366173,False,-0.10582161148533475,False,-0.17366322196318873,-0.21486270843668043,0.21016034452172527,-0.04339481321018002,False,282.10169529582214,False,False,0.6722788430566162,1.049456894015688,0.007707121895382807,False,0.8832956298084892
DECK,508,0.14026217137277064,Deckers Brands,Consumer Discretionary,SP500,84.5,0.008834740268582664,-0.02119775040241456,-0.1491289691136658,-0.22448604341038703,-0.2145380315878771,0.046875,0.052734375,0.05859375,-0.29034554702729043,-0.31805344602826946,0.06235854950190722,False,-0.06234049120379748,False,-0.13354128581131852,-0.17581881687439294,0.15412308010123876,-0.025932984136385895,False,238.07477488793944,False,False,0.8672627110307175,1.1337970410387008,0.002865303935632557,False,0.9976138332298238
TTD,509,0.13627102505773275,Trade Desk (The),Communication Services,SP500,15.09000015258789,0.03711339895355392,0.12444113761548725,-0.20411387757155075,-0.28245365383319465,-0.4934541897001896,0.015625,0.03125,0.001953125,0.0020102339181286566,-0.7212266792014436,0.15809673536708235,False,0.10355419574397473,True,-0.09296370351094274,-0.40026528623150415,0.10249171270299251,0.07337845692212719,False,345.905478646389,False,False,1.6782979476700115,0.9166050357317067,0.021305804940111583,False,1.1051199937815168
TPR,510,0.12445000484098126,"Tapestry, Inc.",Consumer Discretionary,SP500,122.5999984741211,-0.004385260014649117,-0.005193114254642417,-0.22970598358117522,-0.124723313921143,-0.17593755445441894,0.009765625,0.1328125,0.08984375,-0.5280062134502924,-0.2559776709409426,0.2519968386536915,False,-0.08654366348087261,False,-0.13201451709357637,-0.11048325115979907,0.15209300120035385,-0.025583258977809997,False,411.6634905574188,False,False,1.9995818825701452,1.1094142289088837,0.011125570516262284,False,0.9709351219969485
EIX,511,0.12235139047761637,Edison International,Utilities,SP500,56.29999923706055,0.02011235075143447,-0.23588492122867633,-0.1759367756360556,-0.20667962250122507,-0.19044892881415065,0.029296875,0.056640625,0.072265625,-0.27864202607212474,-0.2995769947644963,0.12250841764926457,False,-0.18042931185482025,False,-0.22651847259501756,-0.1642834121810839,0.29285569799576616,-0.10548548844651207,False,281.06989717430116,False,False,3.5636409107531857,3.733019510445922,0.00416741344372884,False,2.096141100082155
PCG,512,0.12218083228136238,PG&E Corporation,Utilities,SP500,13.960000038146973,0.04726182430958059,-0.22228415349321062,-0.18837212680674142,-0.16762154171729438,-0.2255505777742789,0.0234375,0.08203125,0.0546875,-0.3682611476608187,-0.26526595867493985,0.05199695226684131,False,-0.17119363063436888,False,-0.18570200896189892,-0.16453806989416853,0.22805166045560088,-0.08870989170493049,False,510.07566491579246,False,False,3.3073540645531687,3.807091787408836,0.0015004094432216064,False,2.1491929493798336
MNST,513,0.10770494487085772,Monster Beverage,Consumer Staples,SP500,44.08000183105469,-0.0076541276881079146,-0.056102759937510904,-0.5333474247481698,-0.5021459072141896,-0.4252933039775706,0.001953125,0.001953125,0.00390625,-0.8713412219785575,,,False,,False,,,,-0.049836772742870794,False,529.2965791878447,False,False,1.0433033937737979,1.1292828192104205,-0.00045017208218589566,False,1.1569607226603853
