Ticker,rank,score,name,sector,index,price,ret_1d,ret_1w,ret_1m,ret_3m,ret_6m,rs_1m,rs_3m,rs_6m,rs_3m_chg,pct_from_52w_high,pct_from_52w_low,new_52w_high,pct_vs_20dma,above_20dma,pct_vs_50dma,pct_vs_200dma,dist_to_50dma,pct_vs_9ema,pullback_9ema,avg_dollar_vol_m,above_50dma,above_200dma,vol_ratio_20_60,volume_x,gap_pct,gap_up,rvol
MPC,1,0.8851836593004583,Marathon Petroleum,Energy,SP500,413.9200134277344,0.007496877415291037,0.03625077833423096,0.15878435440934324,0.6570981551045363,0.7861504747971995,0.9805068226120858,0.9961013645224172,0.9668615984405458,0.03898635477582846,0.0,1.5747120960108978,True,0.086626693378407,True,0.21424472709257492,0.6710825091169708,-0.1764427897542279,0.03991329583793535,False,808.6827281654663,True,True,0.6096882267521337,1.208542771139039,-0.013460224974660928,False,1.2279857643202223
IQV,2,0.8707510786097664,IQVIA,Health Care,SP500,268.82000732421875,-0.0031520230696446827,0.04607360818628248,0.11432598741105648,0.5003628401599887,0.5960340735849994,0.9610136452241715,0.98635477582846,0.949317738791423,0.025341130604288442,-0.010308474498575526,0.7159453660171016,False,0.02747372864051223,True,0.125348114527563,0.3226639539576832,-0.11138607948011359,0.01698300540566655,False,327.9487130676575,True,True,0.5447874785658665,1.047964228673431,0.0045240522117973025,False,1.2328179137676467
VLO,3,0.8698815150509455,Valero Energy,Energy,SP500,403.2799987792969,0.015716275690309978,0.03684274616923777,0.1615541805451517,0.658290704355224,0.723859783852866,0.9824561403508771,0.9980506822612085,0.9610136452241715,0.042884990253411304,0.0,1.6333548649946898,True,0.10045228230145531,True,0.21457479719954664,0.6420569941619994,-0.1766665978038514,0.045401218432510104,False,915.1943832176514,True,True,0.7205870276366002,1.320961539299708,-0.013499938932562738,False,1.2914907298174558
GEN,4,0.8611940810931439,Gen Digital,Information Technology,SP500,30.649999618530273,-0.018571883836298042,0.029905893239365655,0.1182050269666115,0.25295556402671404,0.47241181867486093,0.9668615984405458,0.9376218323586745,0.935672514619883,0.1871345029239766,-0.024196123291113425,0.7300221874913537,False,0.0200176266219545,True,0.08232748936517398,0.24846564840389163,-0.07606522995499465,0.0023102166876993735,False,143.44566640926362,True,True,0.7975516432691964,1.180041969724752,-0.010566760440061884,False,1.410977192567292
SWKS,5,0.8579525297261419,Skyworks Solutions,Information Technology,SP500,85.58999633789062,-0.04900004069010422,0.11823876814884327,0.2636939627307531,0.19840378790581759,0.6074048256738831,0.9941520467836257,0.9044834307992202,0.9512670565302144,0.668615984405458,-0.04900004069010422,0.6444515847400807,False,0.16714957554759735,True,0.2701413050786792,0.33631326251948557,-0.21268602477418463,0.05424713086373578,False,425.69384185619356,True,True,1.3354632501183699,1.770346205576535,-0.0068889194064669645,False,1.336684086186646
PSX,6,0.8569162632608921,Phillips 66,Energy,SP500,264.6300048828125,-0.0011323285443783915,0.014763425575340827,0.10594278400824408,0.5467124719513978,0.5515369999894433,0.9512670565302144,0.9902534113060428,0.9473684210526315,0.03898635477582846,-0.0011323285443783915,1.1494659610513533,False,0.054506567791682725,True,0.1723920619094248,0.5118208862640312,-0.14704301360472982,0.02237036763760103,False,613.456143303711,True,True,0.6803637647796019,1.0755805602635806,-0.01687238645785749,False,0.9848333452550648
APA,7,0.8461477132710011,APA Corporation,Energy,SP500,44.790000915527344,-0.05526258047494548,-0.0011150588066548561,0.07720055178244878,0.31655723416715986,0.2658811540583801,0.9239766081871345,0.9629629629629629,0.8460038986354775,0.47173489278752434,-0.05526258047494548,1.1162949918138736,False,0.02303486760434903,True,0.13399517104378633,0.31817952348770606,-0.11816202966759581,-0.0005609130466888157,False,216.41693512174226,True,True,0.9360840172727979,1.217944074578935,-0.020459844417318074,False,1.696289503234527
AAPL,8,0.8379987258862529,Apple Inc.,Information Technology,SP500,332.4100036621094,0.0032293334219983816,0.05413207180331181,0.08776467700390267,0.11180552670615951,0.3098501960462223,0.935672514619883,0.7797270955165692,0.8791423001949318,0.4775828460038986,-0.02171043685644991,0.4025471262260236,False,0.037516794776629725,True,0.04156734004603568,0.16479733644383998,-0.03990845185698555,0.01574519275874864,False,15153.86963495404,True,True,0.7332818583982972,0.9597137044055739,0.0035914844406308433,False,0.7550099459682056
RVTY,9,0.8345013980918813,Revvity,Health Care,SP500,145.72999572753906,0.03951774869572677,0.17666530095266708,0.254454661483293,0.44063796450868753,0.6703156693689796,0.9922027290448343,0.9805068226120858,0.9590643274853801,0.1364522417153996,0.0,0.7726887584538831,True,0.13910739092804048,True,0.22609287733452188,0.4096694821784188,-0.18440110167350376,0.10158693813277808,False,193.1561026959381,True,True,1.2900673834724092,1.4364825326964916,0.004921909047648665,False,2.1895002778521
NWSA,10,0.8283434995403272,News Corp (Class A),Communication Services,SP500,30.190000534057617,-0.00821287764828682,0.0195879740543905,0.05545581446895387,0.16820604437251552,0.24451856117479154,0.8927875243664717,0.8713450292397661,0.8362573099415205,0.29044834307992207,-0.028804669123658866,0.35795401802237103,False,-0.0029996076311100683,False,0.04337567658210206,0.15009844861771904,-0.041572443709050666,0.0018945393223726015,False,104.80152742557907,True,True,0.7095875115112615,0.9156641846818169,-0.002956640966125912,False,0.8834389423021192
VRSN,11,0.8247334470117454,Verisign,Information Technology,SP500,298.4599914550781,0.004036808349697774,0.04014772745401474,0.09739388592820042,0.09298623532547556,0.23944832028007146,0.9454191033138402,0.7485380116959064,0.8265107212475633,0.6549707602339181,-0.03439958816580946,0.41913274614040197,False,0.03041955077126879,True,0.05288563414746705,0.13965946353838388,-0.05022922949299158,0.016637222711393562,False,212.71873789630126,True,True,0.651269679962374,0.7674684689479006,-0.004608743430600248,False,0.8474756214732752
MSFT,12,0.8212496614443262,Microsoft,Information Technology,SP500,490.29998779296875,-0.013719036432262244,-0.002745868240160876,0.022635513216800796,0.24729703721973828,0.23253534587767333,0.8011695906432749,0.9337231968810916,0.8226120857699805,0.267056530214425,-0.08806240215039529,0.39223708122032175,False,-0.01181272261895927,False,0.06657897282143832,0.1402831011331176,-0.062422918994283094,-0.012411753590387264,False,13254.031252587769,True,True,0.448678813565853,0.6042841283253694,-0.008227382479207068,False,0.5651516306107952
SOLV,13,0.8184925784781588,Solventum,Health Care,SP500,88.83000183105469,-0.013657514555658445,-0.013328856653479604,0.023151372302415485,0.16026651859635077,0.2935780428086039,0.8031189083820662,0.8615984405458089,0.8713450292397661,0.1442495126705653,-0.039052363857733474,0.42150743231079635,False,-0.015417675250818719,False,0.03800772272597719,0.14392785734485036,-0.03661603078073716,-0.008044119998818156,False,90.64225773544311,True,True,0.5318672351106619,0.8228499120093503,-0.0002220369043802739,False,0.9210756972862526
ELV,14,0.8153797736350007,Elevance Health,Health Care,SP500,412.55999755859375,-0.011927027073843521,0.04397997167096368,0.06179704504441097,0.04161805788149597,0.40673431470332844,0.8966861598440545,0.6471734892787524,0.9220272904483431,0.40545808966861596,-0.029134581914156854,0.4910819205917576,False,0.021324412569834417,True,0.04209140553371471,0.14882230181028056,-0.040391279795803814,0.0018778790193374473,True,474.7108038770752,True,True,0.7391368016793529,1.161437516653344,-0.0012933097041496477,False,0.9296047185086427
TRV,15,0.8149761771246992,Travelers Companies (The),Financials,SP500,378.9200134277344,0.0025134592797393385,0.036433279819058084,0.04308666831435226,0.236433040162499,0.246384977430671,0.8693957115009746,0.9259259259259259,0.8382066276803118,0.10916179337231968,-0.042808628655770065,0.47077735743744364,False,0.027994414805194934,True,0.031815491645273086,0.21030335364646713,-0.03083447758139579,0.014940079549848662,False,654.919729970398,True,True,0.5775165732913944,0.7780961691894503,-0.00388920077243049,False,0.9008846890092068
TECH,16,0.8146153053867545,Bio-Techne,Health Care,SP500,72.33000183105469,-0.00013816017890366794,0.0011072917793035764,0.0002777014005139744,0.29234525289537405,0.4207624346187242,0.7192982456140351,0.9590643274853801,0.9317738791423001,-0.033138401559454245,-0.00193182540762038,0.6753840636100508,False,0.0003251275765800976,True,0.004729826928467018,0.18118596546722832,-0.004707560979777536,0.0007038761595918874,False,222.0525653999939,True,True,0.054999768992911154,1.0277107005198227,0.00013826564468910618,False,1.1685981624377377
TMO,17,0.8135462323998733,Thermo Fisher Scientific,Health Care,SP500,648.4299926757812,0.010976126641451645,0.07138476066617017,0.10831066315906202,0.37301274975480236,0.37415654248173813,0.9532163742690059,0.9707602339181286,0.9161793372319688,0.03703703703703698,0.0,0.4819033500205152,True,0.0467975813670749,True,0.10848040933984393,0.2091281672582912,-0.09786407448053103,0.04128507882436794,False,1141.712344767578,True,True,0.8344327966967322,1.0750236872747663,0.0009510365575255975,False,1.4965952458157692
DELL,18,0.8107136181397177,Dell Technologies,Information Technology,SP500,563.2899780273438,0.03639301559551478,0.05238669411927832,0.1739854961203795,0.39630967401664075,2.69888619912948,0.9844054580896686,0.9746588693957114,1.0,-0.025341130604288553,-0.007051067628427554,4.095584485066861,False,0.15083024766184483,True,0.2322429542545703,1.1062152718479856,-0.18847172422670722,0.05975737886697674,False,3587.361990216492,True,True,0.8586905913035284,1.366254766406645,0.018619703290380096,False,1.723091483435077
VTRS,19,0.80669691733138,Viatris,Health Care,SP500,17.020000457763672,0.02222227313576708,0.0315151792584043,0.056540431099297184,0.06905541143153848,0.25170880465032774,0.8947368421052632,0.7017543859649122,0.8421052631578947,0.47953216374269003,-0.03988528610527198,0.8570495195821057,False,0.024779480582959756,True,0.018619483714582996,0.15483367136849613,-0.01827913564610384,0.019437825137730735,False,151.98431835300065,True,True,0.7248493822121048,0.9599946053527816,0.006006029054705486,False,0.9470019801737242
CRM,20,0.8031667830153773,Salesforce,Information Technology,SP500,250.5399932861328,-0.019988268070996518,0.026130363402405044,0.311933768050747,0.5493165721614441,0.2893085099491286,0.9980506822612085,0.9922027290448343,0.8615984405458089,0.4230019493177388,-0.054145502720786665,0.6689315310099424,False,0.045011733604975124,True,0.2287793214793894,0.24735462333893543,-0.18618422159314207,0.0005761026540580527,False,2936.248162923004,True,True,1.6990798502614346,0.7759137481573168,-0.014864024579274604,False,0.6690731280357956
EG,21,0.8004499452588854,Everest Group,Financials,SP500,377.7699890136719,-0.004689761129086922,0.026911664522491607,0.0401862807947444,0.12460481602294493,0.18479605934715826,0.8654970760233918,0.7914230019493177,0.7621832358674464,0.3840155945419103,-0.047343802307997174,0.26096984963219416,False,0.01047127197079667,True,0.012898103797621019,0.10735096602803962,-0.012733861134958002,0.005563359631982623,False,123.7087681940918,True,True,0.7515262816065899,1.0403423942242103,-0.004478940176861235,False,1.151665807742444
ADP,22,0.7977239521940315,Automatic Data Processing,Industrials,SP500,273.19000244140625,-0.012078242334048972,0.03664273704837839,0.03336987650547241,0.23846113778927958,0.3208617194091963,0.8440545808966862,0.9278752436647173,0.884990253411306,0.06627680311890838,-0.043626120310363836,0.4673676744534656,False,-0.012906494389828271,False,0.028467913113480625,0.16597742404738902,-0.027679923457504585,-0.0007937897196261812,False,593.6092656027832,True,True,0.7551428588386554,0.975071621445098,-0.011680508446051285,False,1.1171989277916687
TRGP,23,0.7945844443681501,Targa Resources,Energy,SP500,284.7699890136719,-0.003185395146457215,-0.022685207489783088,0.024573600461507805,0.10175114256284501,0.19390316753347592,0.8148148148148148,0.7660818713450293,0.7816764132553606,0.4307992202729045,-0.05783295611688377,0.988335075095724,False,-0.025210986637315247,False,0.015189257982657134,0.1842280426719931,-0.014961996360009389,-0.013784190334311108,False,323.74835485760497,True,True,0.6114968389614273,0.7803818479831093,0.0016802401240358922,False,0.9615784872830204
META,24,0.790559160458223,Meta Platforms,Communication Services,SP500,673.3099975585938,0.004580459788955826,0.030014219345424475,0.18338406634453275,0.12179066145161377,0.08234677153101666,0.9883040935672515,0.7894736842105263,0.5750487329434698,0.6783625730994152,-0.1342303769741533,0.2819259257537692,False,0.11882684304454161,True,0.11270715141413112,0.0803485324775719,-0.1012909382948537,0.04404572758063918,False,10858.991348850586,True,True,0.5693782336196844,1.055181251707714,0.014427642413241903,False,0.9574051971943195
CRWD,25,0.78985820716174,CrowdStrike,Information Technology,SP500,241.36000061035156,-0.004660006009378992,0.16150142957521907,0.1283777816616316,0.42083035264198543,1.2286241348950182,0.9727095516569201,0.9766081871345029,0.98635477582846,0.005847953216374324,-0.004660006009378992,1.7564311275985904,False,0.14233516628518883,True,0.17617476572227742,0.6552007014455421,-0.14978621447816065,0.07527579947289831,False,1990.6269677153625,True,True,1.8987014121038803,1.4334073903292741,-0.02297004906610789,False,1.234958861375173
CRL,26,0.7895831664396913,Charles River Laboratories,Health Care,SP500,273.4100036621094,0.0019422411675948936,-0.017747448654874876,-0.046155492290755884,0.4795714789531673,0.7787391303096161,0.5087719298245614,0.9824561403508771,0.9629629629629629,-0.015594541910331383,-0.084298961893296,0.8782028570841574,False,-0.045661035701134334,False,0.045700899790177774,0.34094911170669073,-0.04370360568624143,-0.016261436204097146,False,235.65860086795044,True,True,0.5770435014332732,1.0945627003918774,-0.00036648380872972286,False,1.135031630562192
NWS,27,0.7875798705286811,News Corp (Class B),Communication Services,SP500,33.439998626708984,-0.010065132175086755,0.010882611116313168,0.026334214165038228,0.1350457370178284,0.22545122495565373,0.8245614035087719,0.8128654970760234,0.8109161793372319,0.253411306042885,-0.050379394561135604,0.312447439415247,False,-0.01745726164742145,False,0.022018047785040018,0.11873297867049071,-0.02154369762134678,-0.003645251687793727,False,36.59973239658737,True,True,0.6889145695159373,0.8429343739930543,-0.005920572986070183,False,0.9324802855659767
AIZ,28,0.786010498086922,Assurant,Financials,SP500,283.55999755859375,-0.008912613762275368,0.011125356903530115,0.011832580405062076,0.09167633996757285,0.31332691206702656,0.7777777777777778,0.7446393762183235,0.8810916179337231,0.15984405458089668,-0.05681515617623201,0.38508110303012866,False,0.0005918137673195378,True,0.008082201773160325,0.1512456946409333,-0.008017403500373499,0.0003457202549477234,False,98.38405169793701,True,True,0.6685672397773209,1.0443534981829854,-0.0024465475701346273,False,1.2042236924544896
HPQ,29,0.7859845580465624,HP Inc.,Information Technology,SP500,32.70000076293945,-0.03311646782942368,0.00957089778118636,0.1230539394428507,0.3593159930246346,0.7823887385736601,0.9707602339181286,0.9688109161793372,0.9649122807017544,0.005847953216374324,-0.07835396886032908,0.8660450513972193,False,0.04809264862253393,True,0.14828918587051976,0.44065752514509193,-0.12913923399714122,-0.00410063595425969,True,440.5974134002647,True,True,0.9023576556545804,1.13664875905232,-0.0005913795962195767,False,0.8448967926151992
CVX,30,0.7858491357770379,Chevron Corporation,Energy,SP500,211.5399932861328,-0.028608214465264514,-0.010616922961419806,0.052719003719051694,0.18475457175949161,0.08774345185736498,0.8888888888888888,0.8908382066276803,0.5867446393762183,0.40935672514619886,-0.028608214465264514,0.48175230773538913,False,0.016427907821491283,True,0.07731535306582238,0.17156354016847697,-0.07176668637070704,-0.002529850827699631,True,1529.907195411316,True,True,0.8423196407155498,1.1102554367900175,-0.012306598163157711,False,1.0301525554380366
INCY,31,0.7847678557123403,Incyte,Health Care,SP500,124.75,0.024724841375459494,-0.009999223195538587,0.010121457489878471,0.2506265664160401,0.3240288514514311,0.7680311890838206,0.935672514619883,0.8869395711500975,0.03508771929824561,-0.039867566903563745,0.5276756601210464,False,-0.00877207294859983,False,0.022862934879651853,0.18350661355533116,-0.022351904737208828,0.006555443767613411,False,191.49788506579588,True,True,0.7210616215201185,0.9261121975379243,-0.0021356539460998247,False,0.8564018789608507
EXPD,32,0.7836104721468815,Expeditors International,Industrials,SP500,189.0399932861328,-0.02506447015643609,0.003876563841555658,0.004089812483127009,0.15254230192623375,0.32728532243243613,0.7426900584795322,0.8499025341130604,0.8888888888888888,0.04483430799220267,-0.02506447015643609,0.6884593127769538,False,-0.00020629898297019889,False,0.0391094862505581,0.18227432541943767,-0.037637502850327964,-0.006993229337338147,False,191.55986607064818,True,True,0.6101623483070843,0.882416201591632,-0.0015471263662282242,False,0.9188225137075521
IFF,33,0.782521562658549,International Flavors & Fragrances,Materials,SP500,84.4000015258789,0.001899378753168257,0.0010675361154246499,0.03140657017373916,0.08986860960061716,0.1973533592203922,0.8382066276803118,0.7426900584795322,0.7855750487329435,0.11695906432748537,-0.04167137710528457,0.44202324526751435,False,-0.011368079783356078,False,0.028590949199425397,0.12838326129350275,-0.027796228638486742,-0.002160705531579432,False,134.59238761180114,True,True,0.5171479334795247,0.9767091224123781,0.0049858239433844265,False,0.9918363585211343
ABBV,34,0.7805943702482996,AbbVie,Health Care,SP500,262.510009765625,-0.0020148979701936076,0.046231740202502536,0.04865580571836725,0.1883783307717548,0.21301356437472596,0.8810916179337231,0.8947368421052632,0.8050682261208577,0.11890838206627685,-0.013008953788765876,0.33943918417162644,False,0.010911700292939086,True,0.03079133708040116,0.15704876197417916,-0.02987155205205161,0.013060766733216322,False,1267.0725494107055,True,True,0.7678726757266707,0.8607614337023402,-0.00399185780275535,False,0.6128568232952426
DGX,35,0.7792382401971444,Quest Diagnostics,Health Care,SP500,247.0800018310547,0.0,0.049350185958790815,0.04908286917836757,0.23400615988181683,0.2545527274992412,0.8830409356725146,0.9200779727095516,0.8440545808966862,0.040935672514619825,0.0,0.44276230745955125,True,0.027097029451788046,True,0.06923917160457238,0.2246636587151063,-0.0647555509032347,0.027445907599252584,False,223.66791219924926,True,True,0.8582178361848387,1.1119325926231878,-0.006516110565080946,False,0.9789616629243165
WST,36,0.7765023288815647,West Pharmaceutical Services,Health Care,SP500,362.010009765625,-0.008191754066780854,0.07440495976306183,0.04443041188915098,0.0991155350777897,0.5141571567092531,0.8732943469785575,0.7621832358674464,0.9415204678362573,0.08382066276803124,-0.009551927506179725,0.5696882951717077,False,0.04214678436691788,True,0.03781972783252119,0.22190485975678342,-0.03644151948383889,0.029429033593195486,False,219.99569556292724,True,True,0.8314148867527403,1.0822428604891143,-0.005178122324486334,False,0.9785753455741921
KO,37,0.7744372346391092,Coca-Cola Company (The),Consumer Staples,SP500,87.87000274658203,-0.009469015292072669,0.009644012576173866,0.016260453857962043,0.10107538744578903,0.14675210780087955,0.7894736842105263,0.7641325536062378,0.7017543859649122,0.25536062378167634,-0.03908752963508799,0.37362460691341015,False,-0.00968918520385853,False,0.01759096484375622,0.12590719359350167,-0.017286872084656624,-0.0026156701374554503,False,1341.4761712106629,True,True,0.5823141866908013,0.8531177574119772,-0.0025926697093081597,False,1.0975058076895339
FOXA,38,0.7740082702952207,Fox Corporation (Class A),Communication Services,SP500,66.16000366210938,-0.020867190159582716,0.03601633306882546,-0.03956791585142161,0.26962739964214455,0.13983366337466574,0.5614035087719298,0.9551656920077972,0.6803118908382066,0.4775828460038986,-0.12260835630843114,0.36200653570339236,False,-0.014477330788273401,False,0.06260104267369804,0.048413707311955045,-0.0589130258296966,-0.006046344071283571,False,311.86661427767945,True,True,0.6364685388624892,0.854683664562522,-0.0022938993635772675,False,0.9110728587708743
CF,39,0.7737358998714442,CF Industries,Materials,SP500,131.99000549316406,-0.026191441410761462,-0.044312468975029384,0.12064872526017534,0.2564643822850967,0.08047466156072125,0.9688109161793372,0.9395711500974658,0.5730994152046783,0.7953216374269005,-0.0522725537155484,0.7600586733904902,False,0.00622461012607034,True,0.061734231238654624,0.2089047902388863,-0.058144712134442056,-0.010261680343585433,True,306.8108067466278,True,True,1.1156240107191882,0.9800382920944408,-0.017042922185463105,False,0.661603473097067
CNC,40,0.7694542673273748,Centene Corporation,Health Care,SP500,66.01000213623047,-0.024386660309965835,0.030440284919666327,0.024840838117547337,0.0752566019305263,0.8892388303006635,0.8167641325536062,0.7153996101364523,0.9727095516569201,0.14035087719298245,-0.04898431561004157,1.0777463388452526,False,0.003519419742666008,True,0.007063670304700453,0.2855981692736915,-0.007014124839359148,-0.007965597169153904,False,287.5404318793793,True,True,0.7578971318643852,0.9169349885367817,0.010937005966849211,False,0.9707197854191203
FOX,41,0.7660229340474475,Fox Corporation (Class B),Communication Services,SP500,59.150001525878906,-0.019721554917131456,0.03590198085008556,-0.033305829254219654,0.23966679706266025,0.1277181628611126,0.5847953216374269,0.9317738791423001,0.6647173489278753,0.4678362573099415,-0.11804191403418485,0.33908590294579044,False,-0.012534300284138156,False,0.06393802292994355,0.044836538531076275,-0.06009562733162477,-0.004139537616920319,False,61.01478254042053,True,True,0.6586523172365066,0.8767023807588297,-0.006960589701366815,False,0.9005095199785466
ADM,42,0.7646061500783923,Archer Daniels Midland,Consumer Staples,SP500,85.0,-0.018589084389858956,-0.01790875790993207,0.052275553250982654,0.09637894762531851,0.1938915333202098,0.8869395711500975,0.7582846003898636,0.7797270955165692,0.4639376218323587,-0.021976798776066397,0.5622054946246042,False,0.021788119854996735,True,0.03753904149098619,0.17612914019403036,-0.036180847167968766,-0.004832132818640256,True,302.5857061335907,True,True,0.9967204879084786,0.9746725438355661,-0.01039142731250986,False,1.1236282475241541
DE,43,0.7617628546251473,Deere & Company,Industrials,SP500,669.469970703125,-0.02129993537254382,-0.011429321803279158,0.11593210723801572,0.14679087468372964,0.17223614230438544,0.9649122807017544,0.8323586744639376,0.7446393762183235,0.34892787524366475,-0.041382110652123605,0.5383319486106117,False,0.015906171899452204,True,0.06857711221987262,0.16793280976757385,-0.06417610056929812,-0.008592074441150066,False,739.9393389158936,True,True,1.2489354188487536,1.0103283311340023,-0.003376992036716042,False,0.7359534717988642
GDDY,44,0.7583402951824004,GoDaddy,Information Technology,SP500,99.08999633789062,-0.03213519245740659,0.058653824287053125,0.07275082160325308,0.25732774276790304,0.16466847914103133,0.9200779727095516,0.9434697855750487,0.7309941520467836,0.4853801169590643,-0.3297030703474242,0.32137617229836857,False,0.003580205244402501,True,0.04208729580092507,0.040715367602540686,-0.04038749533797703,-0.00395467400691718,False,179.2785408540802,True,True,0.7591075040424644,0.9436606204259115,-0.012111720033554985,False,0.9377647106984321
WAT,45,0.7580828021347127,Waters Corporation,Health Care,SP500,418.6400146484375,0.0037162682494336075,0.03416421820916593,0.02673278234935217,0.16114718124625704,0.40960984684386226,0.8265107212475633,0.8635477582846004,0.9239766081871345,0.015594541910331383,-0.0062194251921637855,0.4776224898560184,False,0.01789661331347414,True,0.05615080272188511,0.15848635724311544,-0.05316551630427646,0.016982113429890644,False,299.8202135045166,True,True,0.7756089599424781,0.8758937556971162,0.0018460980134562543,False,0.9339433484785974
ALL,46,0.7577278432000853,Allstate,Financials,SP500,254.85000610351562,-0.00917532533713672,0.0050082982226140604,-0.008482531278614314,0.14711847597121674,0.24117719230594026,0.6861598440545809,0.834307992202729,0.8284600389863548,0.06237816764132553,-0.06978781592660988,0.36726464634623435,False,-0.00800626671031035,False,-0.009567118437431965,0.1512203000489527,0.009659532327257025,-0.00493101889334524,False,416.72089687734984,False,True,0.6832373440585279,1.0412965375656362,-0.005170820016523026,False,0.8740940757405782
COP,47,0.7555950378228677,ConocoPhillips,Energy,SP500,132.5399932861328,-0.06146443747019181,-0.02922438679292727,0.03904041880568032,0.19834758745063752,0.09396580474072702,0.8635477582846004,0.9025341130604289,0.6023391812865497,0.47758284600389866,-0.06146443747019181,0.5960600410915395,False,-0.013934711992413362,False,0.06731760990715752,0.1714588298507458,-0.06307176915502521,-0.024961349375981046,True,810.0007151101685,True,True,1.0288132748901297,1.0200312366019477,-0.019827241379086757,False,1.3949010759638893
FFIV,48,0.7534973277943718,"F5, Inc.",Information Technology,SP500,423.5899963378906,-0.016918883360355852,0.04685760133030481,0.07091567777468732,0.08934033609125591,0.4809285674428023,0.9161793372319688,0.7407407407407407,0.9376218323586745,0.19883040935672514,-0.017785125571700422,0.8911111475945659,False,0.06458535615901306,True,0.047782054570172816,0.27041547803923294,-0.045603047276634445,0.03130105331569388,False,238.43656153881835,True,True,1.2386976042647975,0.977138542743647,-0.001763854801829834,False,1.2454147031750176
A,49,0.7486141151966675,Agilent Technologies,Health Care,SP500,153.69000244140625,0.022759020907089145,0.061761674897452545,0.03529811789077386,0.19982565279246778,0.36884233649791676,0.8499025341130604,0.9064327485380117,0.9122807017543859,-0.01949317738791423,-0.03339621106033808,0.4000088680047531,False,0.013234900206820166,True,0.06413032760763038,0.1716765375422491,-0.06026548247319263,0.028743849678012356,False,306.65580557635496,True,True,0.7692134439840176,0.8631233361401002,0.0037266090548475628,False,1.1855123273993895
DVN,50,0.7472183121426091,Devon Energy,Energy,SP500,48.439998626708984,-0.05630241771386901,-0.004619903815824,0.02488363954392714,0.13671523644061478,0.03543830173915574,0.8187134502923976,0.8148148148148148,0.4834307992202729,0.6393762183235867,-0.05702927561579252,0.565050045654593,False,0.0008500591595492768,True,0.060114062643077615,0.11550210234454061,-0.05670527800867131,-0.014560870527603686,True,483.18952084648134,True,True,0.8606414758971708,1.2938362198985776,-0.01675434599013126,False,1.4151287482273684
BRK-B,51,0.745406896236024,Berkshire Hathaway,Financials,SP500,519.7999877929688,0.005882765635681686,0.025813045746675867,0.04329321062763625,0.050207041060831514,0.05526006326428301,0.8713450292397661,0.6627680311890838,0.52046783625731,0.30409356725146197,-0.018170819817392547,0.11688868631266924,False,0.02709610856331124,True,0.030303345507528556,0.05515924961421903,-0.029412061641516885,0.015251857118674828,False,2091.381671312012,True,True,0.5732644487581853,0.9839725973144055,-0.0007741009491890605,False,1.2781668111555118
ZS,52,0.7428104126373773,Zscaler,Information Technology,NDX,191.5800018310547,-0.01191395928549932,0.15340153396297662,0.03871177236574108,0.5057769140632051,0.22807693481445312,0.8576998050682261,0.9883040935672515,0.8187134502923976,0.3079922027290448,-0.43027921583788575,0.6228716381062558,False,0.07994454907264492,True,0.1573649069635612,0.13488420985304184,-0.13596827242362175,0.06086213931919704,False,464.17683458337405,True,True,0.9826398497977421,1.4362733123943958,-0.015575864056772915,False,1.198591768881863
BIIB,53,0.7424699496076569,Biogen,Health Care,SP500,216.00999450683594,-0.000740175155963696,0.02505575326885867,0.032799430124520246,0.10428911524375728,0.16579417310067024,0.8401559454191033,0.7699805068226121,0.732943469785575,0.253411306042885,-0.037860229869370876,0.5921721635010706,False,-0.008832926466712743,False,0.029309152569835906,0.12231320069452867,-0.028474586567758475,-0.0024538054624749783,False,213.16329187249755,True,True,0.7683456277009585,0.7794234998734891,0.001110262733945655,False,0.5839659229646404
ZBRA,54,0.7410869258381876,Zebra Technologies,Information Technology,SP500,341.17999267578125,-0.004522563711552796,-0.010584908617625288,-0.08102143053013744,0.4372129978220922,0.6319716667946382,0.2826510721247563,0.9785575048732943,0.9551656920077972,0.011695906432748537,-0.10933014449363498,0.7118915577094973,False,-0.03634672775678782,False,0.044705720711236685,0.3071291687322524,-0.04279264468926325,-0.020013648197048317,False,227.1138975928955,True,True,0.4241654624346576,0.767289684588165,0.006214729661708329,False,0.7412927291910497
PM,55,0.7407079342191094,Philip Morris International,Consumer Staples,SP500,191.7100067138672,-0.01236409195269661,0.032308436718999856,0.03896597807785396,0.05019771597859557,0.12842078659163203,0.8615984405458089,0.6608187134502924,0.6666666666666666,0.45808966861598444,-0.042264033234080456,0.3635678117906511,False,0.010443904546926674,True,0.014203430052026178,0.10216834111012396,-0.014004517862158727,0.005695921540380233,False,872.6645119060975,True,True,0.7369490431843752,0.8693345226593062,-0.00870641613565648,False,0.6331419081228117
MRK,56,0.738530115242444,Merck & Co.,Health Care,SP500,144.91000366210938,0.007789209460131286,-0.011961143553906206,0.07204075027777979,0.2656540666845739,0.26705443946666385,0.9181286549707602,0.9512670565302144,0.8499025341130604,0.11695906432748537,-0.06829413299793774,0.922231263105908,False,-0.02290701978894727,False,0.06363083481494791,0.22342347348683456,-0.05982417276010854,-0.003683250050503628,False,1311.216731181961,True,True,1.752358290134081,0.8225513774214361,0.0011823731530193893,False,0.7544995501337279
BBY,57,0.7373134129082218,Best Buy,Consumer Discretionary,SP500,92.44999694824219,-0.00847276848591949,0.05021013552467313,0.0820458135127431,0.239484902505277,0.5187902826849144,0.9298245614035088,0.9298245614035088,0.9434697855750487,-0.05653021442495121,-0.025097593977195354,0.6873247201039274,False,0.05575695353630117,True,0.07632409368677129,0.3034879300544955,-0.07091181376915534,0.020748534195154544,False,320.25777344758603,True,True,0.9626181679453983,0.9810597885606842,0.0,False,1.0736166790027852
MO,58,0.7341693274281594,Altria,Consumer Staples,SP500,70.0999984741211,0.0041541459055909336,0.049043721976806065,0.1135018728237116,0.014668393828158433,0.09744480286143276,0.9571150097465887,0.5769980506822612,0.6140350877192983,0.50682261208577,-0.04939163279376724,0.34312639241335763,False,0.03697357130382484,True,0.026477703933203367,0.08515840352121251,-0.025794719000468702,0.020939336564394617,False,588.3681094816055,True,True,0.6913255805134633,0.9055724121618874,-0.0030081520099810577,False,0.9309980508317962
WELL,59,0.7333659491193738,Welltower,Real Estate,SP500,234.5,0.007475535032773761,-0.005934692381122764,-0.0033999279276755168,0.10250705307305652,0.1080354203524414,0.7056530214424951,0.7680311890838206,0.6335282651072125,0.1949317738791423,-0.06619096958158732,0.44047720366451015,False,-0.012887185154255465,False,-0.011407243962380575,0.11221294098664103,0.0115388706752233,-0.004126473022653676,False,651.9468209257813,False,True,0.48112589033010544,0.7442171358830327,0.0,False,0.7653176390667424
GILD,60,0.7326274209114871,Gilead Sciences,Health Care,SP500,147.67999267578125,0.009432601471205837,0.0196482079693987,0.0690452102891872,0.1672699792050747,0.0352341021252216,0.9122807017543859,0.8674463937621832,0.48148148148148145,0.3664717348927875,-0.03506586046417026,0.36875629559834033,False,0.008138964396561255,True,0.06853513783106058,0.107161258225281,-0.06413933936714034,0.010607586106083255,False,828.2161432673034,True,True,0.8307180373947027,0.8252771050423292,0.0019138672143281799,False,0.8497872214960344
V,61,0.7308745608313019,Visa Inc.,Financials,SP500,370.92999267578125,-0.012486029770441331,0.009635476975963009,0.03369188624811614,0.1155712461228029,0.20725383248831308,0.8460038986354775,0.7816764132553606,0.8011695906432749,0.21052631578947367,-0.03438856007944391,0.2601161187130443,False,-0.010034992264784881,False,0.013718989191768838,0.10891625601145871,-0.013533325643536376,-0.004852481580287948,False,2428.739743490173,True,True,0.9047273158709431,0.7735457313770567,-0.0017571047087189262,False,1.0831757715613985
GPN,62,0.7307091930740092,Global Payments,Financials,SP500,86.48999786376953,-0.027983877267071744,-0.003276511223321399,-0.0403310262112222,0.2663874743961421,0.20225767116323068,0.5536062378167641,0.9532163742690059,0.7933723196881092,0.015594541910331383,-0.0853646296661752,0.39374899031911204,False,-0.04756139274840632,False,0.0016032289425911284,0.1422732322794682,-0.0016006627138009932,-0.027681290412048032,False,250.88110169473268,True,True,0.5954535069095508,0.7288291789873275,0.012474634064739476,False,0.6699558022407236
MRNA,63,0.7298028175461485,Moderna,Health Care,SP500,145.6199951171875,0.012867710855879233,0.07381457460204333,1.2590753519303872,1.6285196950610965,1.7001667771771185,1.0,1.0,0.9980506822612085,0.08382066276803124,-0.16492722193093412,5.512521965217332,False,-0.00035014736382976697,False,0.5339464848877093,1.4705862019413365,-0.3480867749612505,0.018423283244923816,False,2333.8640521702955,True,True,8.51425718704042,0.5955506992976646,0.010363707241402675,False,0.5094172369584986
LH,64,0.7266743723845382,Labcorp,Health Care,SP500,324.510009765625,0.0016668473713219445,0.010619755830867383,0.0057702322753534485,0.2283039518452783,0.2050083081599241,0.7563352826510721,0.9181286549707602,0.797270955165692,0.021442495126705707,-0.04165215654635346,0.32903168877877453,False,-0.01026677251266006,False,0.04274764195464509,0.17466639001538242,-0.04099519407640573,0.009158947738947543,False,217.76717743420411,True,True,1.0517453275735593,1.2021558886485224,-0.0014198581762042695,False,0.7988116005543587
PANW,65,0.7261740729296604,Palo Alto Networks,Information Technology,SP500,375.6499938964844,0.001492968525050431,0.12100861550101683,-0.0002927822713472139,0.34208646690936084,1.2202848187000837,0.7173489278752436,0.9649122807017544,0.9844054580896686,-0.025341130604288442,-0.05138890430180709,1.651584659784576,False,0.0648369747504427,True,0.0696659490661935,0.5732410138719071,-0.06512869660571241,0.05106113113525623,False,2194.715530298584,True,True,1.5359931806844485,1.0586994082170151,-0.020208447695942766,False,0.8291981765769664
XOM,66,0.724829387013958,ExxonMobil,Energy,SP500,163.32000732421875,-0.03543585955858741,-0.005540939091480013,0.011519884386278934,0.15873066565625127,0.042083227899955,0.7758284600389863,0.8576998050682261,0.5009746588693957,0.5126705653021442,-0.03543585955858741,0.5189212723396235,False,0.002818389502902141,True,0.04509500373418951,0.12754880002313396,-0.043149190813335014,-0.006649586171425748,True,2212.619543910736,True,True,0.9681804327471244,0.9548612409155872,-0.012343559569293339,False,0.9461969400445264
DXCM,67,0.7247059810866587,Dexcom,Health Care,SP500,87.33999633789062,0.0102949614929575,0.041249394346298374,-0.015998262327218016,0.19382165071056812,0.2973855723978205,0.6569200779727096,0.898635477582846,0.8752436647173489,-0.07017543859649122,-0.05414771711387112,0.5926330433055089,False,-0.010115354120188491,False,0.049252600222749576,0.2173551351284675,-0.046940651099929176,0.012458209682699506,False,381.0465852502289,True,True,0.5586907546315021,0.7953378344433207,-0.004626881557021401,False,0.7833359612022587
FTNT,68,0.7218262551355558,Fortinet,Information Technology,SP500,171.77000427246094,-0.003480831129099027,0.09254549636679332,0.10214948697769866,0.1683444380407766,1.065536275952876,0.949317738791423,0.8732943469785575,0.9805068226120858,-0.00974658869395717,-0.0058455522281029015,1.2832646099653497,False,0.07255031102915632,True,0.07542435799435143,0.5202883261358862,-0.07013450777237051,0.04320478337305356,False,762.9119906604615,True,True,1.4557441679345162,0.8418810155921129,-0.01810056973701446,False,0.8111628789107633
AMP,69,0.7183760390321315,Ameriprise Financial,Financials,SP500,540.8599853515625,-0.03303901136451548,-0.019968144222927586,-0.036981677173006045,0.1511037616487967,0.24339213994656395,0.5730994152046783,0.8440545808966862,0.8304093567251462,0.07017543859649122,-0.05225346552697585,0.265174704386975,False,-0.026432664356649926,False,-0.008606355638272278,0.10657351907418566,0.008681067996772596,-0.0233364462466511,False,270.9239204744873,False,True,0.92831724795919,1.109906897875608,-0.004469553187628428,False,1.2216873554557077
JNJ,70,0.716150345422155,Johnson & Johnson,Health Care,SP500,267.2799987792969,0.00029935093043209626,0.0007488850422610049,0.023738224486382187,0.14209635528561626,0.1345299687811703,0.8050682261208577,0.8245614035087719,0.6744639376218323,0.11890838206627685,-0.040045951189849105,0.569265953909986,False,-0.008334946860106052,False,0.01989878343328222,0.1333006194038162,-0.019510547278326018,-0.002643966214353588,False,1807.9870322729187,True,True,0.753791914609187,0.7090930786693067,-0.001459635593636488,False,0.6975664745610112
BDX,71,0.7152655230160637,Becton Dickinson,Health Care,SP500,181.85000610351562,-0.02189109351072227,0.011401574065422526,0.0045715054459531945,0.26014342369647236,0.13964353704339083,0.746588693957115,0.9454191033138402,0.6783625730994152,0.05847953216374269,-0.047279098176429835,0.3441668475021915,False,-0.016799102687392153,False,0.05308459233175178,0.14495361712131838,-0.05040866870363314,-0.0025510199688623114,False,302.4626261968689,True,True,0.9513755423601532,0.998476793364574,-0.003980236125495362,False,0.9897034314285063
EOG,72,0.7149563406232478,EOG Resources,Energy,SP500,144.92999267578125,-0.0573046214556987,-0.014148710351512661,-0.008347596795434953,0.10568401926969284,0.08413800754913914,0.6881091617933723,0.7719298245614035,0.580896686159844,0.34502923976608185,-0.0573046214556987,0.4594405847453702,False,-0.018179292761825838,False,0.008366210484367587,0.1252601422638464,-0.008296797728227001,-0.01890201530902713,False,432.16246185058594,True,True,0.8999039555994385,1.227255959363273,-0.024391829491425043,False,1.4715968651389655
GPC,73,0.712353562750102,Genuine Parts Company,Consumer Discretionary,SP500,130.52000427246094,-0.003740098121669866,-0.03490092449709126,-0.007425257735547586,0.2262143164483279,0.29322220743103644,0.6900584795321637,0.9161793372319688,0.8693957115009746,-0.05653021442495132,-0.10098406866093934,0.43797027651532017,False,-0.03008803503061508,False,0.0046915991517264555,0.1065726769565225,-0.004669690834170126,-0.02001095650290996,False,172.25963522149658,True,True,0.5497945946018453,0.698941372198297,-0.003663809996679479,False,0.6501657012934637
PLTR,74,0.7115828002273568,Palantir Technologies,Information Technology,SP500,174.33999633789062,0.010315245737601897,0.028372545232278723,0.010373765601127793,0.30836770234814725,0.12419392751760427,0.7738791423001949,0.9610136452241715,0.6588693957115009,0.06822612085769986,-0.15850949656747204,0.6252447263328913,False,-0.007508885389580167,False,0.11465740153207316,0.14952246346103992,-0.10286335637701693,0.009406264018016142,False,5787.558216432298,True,True,0.6156686729593754,0.6371228950690239,-0.01257532568177322,False,0.5546924659147111
VZ,75,0.7112854434411753,Verizon,Communication Services,SP500,49.7599983215332,-0.032847471649088744,0.00040202336935313276,0.03537238659312547,0.08299303043954254,0.016814092654341195,0.8518518518518519,0.723196881091618,0.43859649122807015,0.2865497076023392,-0.032847471649088744,0.3609556571230397,False,-0.007400646601495642,False,0.049691334239940765,0.10383959408328236,-0.04733899634974237,-0.013050354866354197,False,1020.95247939814,True,True,0.6638999916084014,0.8856703429464821,-0.0038872839645032187,False,1.110469706025983
WDAY,76,0.7087904311768768,"Workday, Inc.",Information Technology,SP500,187.75999450683594,-0.0152619902976604,0.009191031588440257,-0.01788889162029228,0.48110751344021074,0.3890655992475476,0.6471734892787524,0.9844054580896686,0.9200779727095516,0.0,-0.2419557000438377,0.6689777289496528,False,-0.03552819522882211,False,0.08061192299331799,0.18144593166879575,-0.07459840232932213,-0.015376622393159844,False,759.0727161029815,True,True,0.6257646675135073,0.5094293231275572,-0.019877239851728734,False,0.43561809208815905
MA,77,0.7083355267926285,Mastercard,Financials,SP500,567.75,-0.009629004383943873,0.0004405286343611703,0.009764148506068437,0.13438603900259327,0.12455888763884393,0.7621832358674464,0.8109161793372319,0.6608187134502924,0.15594541910331383,-0.053529133690662256,0.2060264136444372,False,-0.023208154204819698,False,0.005779411346803265,0.07055496871918887,-0.005746201683591967,-0.009637389817126252,False,1577.5507433511964,True,True,0.7814874667909063,0.7845317802439695,-0.002930543406325259,False,0.8477166416589133
EBAY,78,0.7073311131710555,eBay Inc.,Consumer Discretionary,SP500,109.16999816894531,0.010552618740442998,0.054680667722001086,0.08482185095961392,0.0016640815021926603,0.17301026999731128,0.9317738791423001,0.5458089668615984,0.7485380116959064,0.4853801169590643,-0.07695448708996244,0.3873892129990082,False,0.03679425404555681,True,0.007783951384217058,0.10263258690117327,-0.00772382947111383,0.020888988969546496,False,458.27263614964295,True,True,0.8719273705201538,0.9254827546771823,-0.005461412057367276,False,1.106624132393162
WBD,79,0.7043249295231991,Warner Bros. Discovery,Communication Services,SP500,28.06999969482422,0.001427007035278649,0.0057327068537029735,0.005012509420649458,0.05526313128846927,0.0155571749157426,0.7504873294346979,0.6705653021442495,0.42884990253411304,0.29434697855750486,-0.06370913530940081,0.641520413370402,False,-0.010992899148467794,False,0.02794906668110997,0.022083844436551203,-0.027189155170253554,-0.002427569958874387,False,565.4448945113068,True,True,0.47991735914053235,0.9265580303559091,-0.0014270750819639355,False,0.9792148441908328
OKE,80,0.7023962112282228,Oneok,Energy,SP500,92.69999694824219,-0.021326058344891763,-0.03256108074012609,-0.027486390631244362,0.08684150948425629,0.0966889767556931,0.6120857699805068,0.732943469785575,0.6101364522417154,0.3235867446393762,-0.049328326147180857,0.4963402368529004,False,-0.02523150690940168,False,0.0036072515629292923,0.10000281035277103,-0.003594286068889674,-0.026161576593256797,False,325.84541366348265,True,True,0.7730317256763425,0.9064445674806303,-0.014463711242885702,False,0.8454254237903372
IT,81,0.7020370561105961,Gartner,Information Technology,SP500,191.57000732421875,-0.02070334267487628,0.12894103699696524,0.06908870313153037,0.3468082109531798,0.18260386954738972,0.9142300194931774,0.9668615984405458,0.7602339181286549,0.14035087719298245,-0.2746033171240837,0.5236618325728717,False,0.007642701645427019,True,0.1230810942581122,0.08887458845952612,-0.10959234812817997,0.021363824383163088,False,230.4086536453247,True,True,0.8749188919082916,0.85476863511244,-0.014875720662282266,False,0.6716322283313916
KDP,82,0.701516729418676,Keurig Dr Pepper,Consumer Staples,SP500,31.799999237060547,0.009844378158005096,-0.008728259913099112,0.05019810158344584,0.000828403034644376,0.17190365095115667,0.884990253411306,0.543859649122807,0.7426900584795322,0.10526315789473689,-0.05074629143102849,0.28762402247671237,False,-0.005535247796332965,False,0.0209781870146728,0.09580437028073407,-0.020547145160870417,-3.657992134042942e-05,False,345.23707965752027,True,True,0.6554302574229834,0.9343813962717487,-0.0012702130349139251,False,0.9969831445713581
OXY,83,0.7010597269429282,Occidental Petroleum,Energy,SP500,59.36000061035156,-0.06549118100492168,-0.0272041926410852,0.010033565515586984,0.11109343488941525,0.037724309503350595,0.7641325536062378,0.7777777777777778,0.48927875243664715,0.5497076023391814,-0.09559451230852778,0.546563833197089,False,-0.01568303305338603,False,0.03114194909409984,0.12802604905866266,-0.030201418069994546,-0.02613157517836484,False,479.6796138946533,True,True,0.9243979067638782,1.1460113394796156,-0.017632224871117375,False,1.3787998793541143
PAYX,84,0.7005975746062264,Paychex,Industrials,SP500,116.72000122070312,-0.013355890027859196,0.01716776662922115,-0.015353464491038471,0.1760600317255201,0.2923531422259489,0.6627680311890838,0.8830409356725146,0.8654970760233918,-0.02729044834307992,-0.08339873898698602,0.39595890027222547,False,-0.04298451990933072,False,-0.010547598953130621,0.1391775418444674,0.010660036745548274,-0.01476682453373479,False,314.5477528668518,False,True,0.7450893390056241,0.8705210182391467,-0.0049028048697592475,False,0.9019249596053074
KHC,85,0.6999982833796822,Kraft Heinz,Consumer Staples,SP500,24.729999542236328,0.0,0.004876023116971773,0.015166215939003802,0.05568754954524224,0.11755087729218028,0.7875243664717348,0.672514619883041,0.6510721247563352,0.10916179337231968,-0.09031998243173178,0.2060698821728535,False,-0.008647817772968747,False,-0.014584028572009244,0.06347060674239935,0.014799870303375595,0.0005941137575546929,False,437.1781205407791,False,True,0.7425338128662002,2.3457375852291666,0.00020222677750925122,False,0.7965223199908484
CTAS,86,0.6985599462888575,Cintas,Industrials,SP500,199.4600067138672,0.002563507280463506,-0.002899353088039902,0.008290361585926664,0.13167406900021827,0.03983553624096414,0.7602339181286549,0.8031189083820662,0.49707602339181284,0.060428849902534054,-0.07644140493436968,0.22605856709086303,False,-0.012173217885353638,False,-0.004971066527378554,0.06902560434099692,0.004995901486029686,-0.0037382248119737227,False,426.9108876557312,False,True,0.5023239694630329,0.8900683930774442,-0.006835891586896459,False,0.9930104410535904
LITE,87,0.6981729437749624,Lumentum,Information Technology,SP500,919.4000244140625,0.09588061449253171,-0.07035527253211782,-0.05108886237249799,0.050310774766352484,0.4154197116042815,0.4834307992202729,0.6647173489278753,0.9259259259259259,0.41715399610136455,-0.12695016166269446,5.1453112804175,False,0.028064075518458687,True,0.1008942114627247,0.29891669011914934,-0.09164750837291591,0.02450161966462172,False,3838.979933508789,True,True,0.8744595872002008,0.9441311011203982,0.020310834343783668,False,1.4266539584054725
VEEV,88,0.6960149612997486,Veeva Systems,Health Care,SP500,264.8999938964844,-0.006451133644148177,0.015720883034589406,0.11143743377817339,0.6213733993121684,0.41885376661211815,0.9551656920077972,0.9941520467836257,0.9298245614035088,0.011695906432748537,-0.1349356905476531,0.7493231638969153,False,-0.0003245715895284773,False,0.14575031523421011,0.33139124679717624,-0.1272094917158425,-0.004309009835239852,False,394.82171963516237,True,True,1.3133001315434911,0.6606688216952256,-0.005063409077485925,False,0.6537114089547192
CPAY,89,0.6942981502462396,Corpay,Financials,SP500,402.2699890136719,-0.013439634546482226,-0.009406799868668214,-0.013124984464948919,0.11626937443240548,0.3501711274664552,0.672514619883041,0.783625730994152,0.9025341130604289,-0.07017543859649122,-0.05401655946808526,0.5775293686810661,False,-0.01824906458117559,False,0.022778387870876715,0.17874856267456196,-0.022271088381418114,-0.014430307549513466,False,191.82291962176512,True,True,0.6333423376374411,0.819469839213532,-0.003016581204973945,False,0.7903392076972167
NOW,90,0.692684145676215,ServiceNow,Information Technology,SP500,139.82000732421875,-0.014658116009384492,0.06643281727800932,0.18793552208589848,0.3798480686631942,0.197909577295466,0.9902534113060428,0.9727095516569201,0.7894736842105263,0.12670565302144254,-0.2726420931601363,0.6845784014966114,False,0.0292348260113231,True,0.150647474495061,0.18837530072232278,-0.13092409085690615,0.013433483663842782,False,2364.852523077789,True,True,0.9405174871131499,0.6698498684134058,-0.019027463455790095,False,0.4881378195322452
BMY,91,0.6894095970519908,Bristol Myers Squibb,Health Care,SP500,63.599998474121094,-0.002039872415644295,-0.012575766836429914,-0.015936853211647062,0.15017767973330698,0.08827863825792992,0.6588693957115009,0.8401559454191033,0.5886939571150097,0.1578947368421053,-0.06594210758197594,0.5434048768954605,False,-0.03680876824435719,False,-0.003128570034173772,0.0976642906299181,0.0031383887030256297,-0.014583252057796536,False,645.5806596383209,False,True,0.7685100912512131,0.7874295945744846,0.005335009493646181,False,0.9313443416265156
PGR,92,0.6894004417436285,Progressive Corporation,Financials,SP500,216.99000549316406,-0.019520094496797147,0.006914178622571043,0.06451142754867223,0.060717133982225446,0.06579663606052999,0.9005847953216374,0.6881091617933723,0.5458089668615984,0.3703703703703704,-0.07459054312973468,0.1401595428027147,False,-0.01099574138236925,False,0.003411786791377436,0.0400500593776969,-0.0034001860814166784,-0.007372878144528805,False,524.398782953186,True,True,0.7616731884996557,0.667171882445474,-0.005467405306702311,False,0.6662122164003653
SJM,93,0.6878486169762306,J.M. Smucker Company (The),Consumer Staples,SP500,123.55999755859375,0.015283489375456538,0.0020274106313333817,0.048629344296835075,0.07524747729152392,0.22858840192950947,0.8791423001949318,0.7134502923976608,0.8206627680311891,-0.040935672514619936,-0.06634425738444005,0.4084923221640222,False,-0.020127215728779402,False,0.02941550481467603,0.16890902439449773,-0.02857495800004639,-0.00023710082175798508,False,164.5560636591339,True,True,0.709309607621973,0.9537840328880957,0.0002465604720118808,False,0.9309732300679133
SMCI,94,0.6858050758555444,Supermicro,Information Technology,SP500,36.849998474121094,0.03395059217717322,-0.05342927857049484,-0.037356331002528,0.26112249623768613,0.1694699526007828,0.571150097465887,0.9473684210526315,0.7368421052631579,0.10526315789473684,-0.37201775251404023,0.7949341082142061,False,-0.01894230305771538,False,0.11342083550100135,0.16825758635264543,-0.10186699573478519,-0.0174740581110695,True,1558.471888212593,True,True,0.5721869616674168,0.7393515708576154,0.008698130712680552,False,0.6720230736471289
CTVA,95,0.6822297372045029,Corteva,Materials,SP500,81.01000213623047,-0.02854055966947766,-0.04412976830406523,0.0680524740853905,0.05610342075228214,0.01648681499949789,0.9103313840155945,0.6744639376218323,0.4346978557504873,0.567251461988304,-0.10305306723759189,0.34051061176984776,False,-0.03449013839026238,False,-0.024819628133850746,0.04255148796471375,0.025451320442755332,-0.032006168767123366,False,374.60936004893495,False,True,0.8482981157691957,1.0785543957974668,-0.00971336568560166,False,1.4534797647407167
NTAP,96,0.6816016449037359,NetApp,Information Technology,SP500,191.49000549316406,0.008213620162908164,0.036537835873615254,-0.06224285820288078,0.19106787996659946,0.8941858653868795,0.4191033138401559,0.8966861598440545,0.9746588693957114,-0.09746588693957114,-0.07528489569267849,1.0513804268271003,False,0.015323460861790705,True,0.04545551249293811,0.44057061922934415,-0.04347914564489441,0.0110687259600597,False,462.27641992959593,True,True,0.7345325537695262,0.859167201324367,0.0026325489352991838,False,0.7492433345469148
PSKY,97,0.6804337708807789,Paramount Skydance Corporation,Communication Services,SP500,11.140000343322754,0.011807457923560971,0.09505666601013418,0.08866530136970208,0.08655129260043148,0.218329463671189,0.9376218323586745,0.7309941520467836,0.8089668615984406,0.3255360623781677,-0.42490451784119143,0.432967859868403,False,0.0452861068926782,True,0.1575499489406158,0.03864327711022586,-0.13610639358137822,0.03354938645633432,False,108.55869978569984,True,True,0.9471067004801415,1.0871265317410355,-0.009990972576277013,False,1.548025936371468
HPE,98,0.6803147518720699,Hewlett Packard Enterprise,Information Technology,SP500,56.68000030517578,0.014316378342323022,-0.03769102144636993,-0.016143035850075593,0.17155847568863836,1.6401652510750204,0.6549707602339181,0.8791423001949318,0.9961013645224172,-0.11695906432748537,-0.08713158051404224,1.874948265403559,False,0.04106972395504305,True,0.09188139650758775,0.6472264899132352,-0.08414961258747788,0.009614306746093648,False,1074.742623192482,True,True,1.055193280686273,1.3412072470683272,-0.0066213804493492345,False,1.17957046232197
PFG,99,0.6795214825496009,Principal Financial Group,Financials,SP500,116.63999938964844,-0.014615217680085335,0.022978449602869322,0.04033735040109665,0.05718194863647219,0.3503293054612322,0.8674463937621832,0.6783625730994152,0.9044834307992202,0.03508771929824561,-0.015779282025768726,0.5392341020020706,False,0.03171459374690544,True,0.037863593604208434,0.1835862001923052,-0.03648224471649386,0.007862705219888522,False,154.8639920330963,True,True,1.4548744075904505,0.9560849297870362,-0.0036326796924754934,False,1.3616171310143426
AIG,100,0.6789143711638304,American International Group,Financials,SP500,76.06999969482422,0.007816591304330212,0.020577164957148675,0.010076607870245224,0.018134692010755016,0.005777346844777487,0.7660818713450293,0.5925925925925926,0.40350877192982454,0.3313840155945419,-0.10454499692718111,0.07855690013654715,False,0.006086001532521701,True,-0.013256920738059064,-0.003317086366847577,0.013435027837210622,0.008066557454036616,False,266.7150516628265,False,False,0.6178082292402987,1.4226746750352732,-0.00172237515938789,False,1.2869893169423365
ACGL,101,0.6779732817584295,Arch Capital Group,Financials,SP500,96.97000122070312,-0.0007213488681347968,0.008843096648281312,-0.008588041701845683,0.047418441378512366,0.027224572598334884,0.6842105263157895,0.6549707602339181,0.46393762183235865,0.2651072124756335,-0.0893125642037389,0.1445939544793875,False,-0.013605249874051872,False,-0.02664992203015315,0.007545960020748588,0.0273795858585002,-0.0027059727241516285,False,227.7562482972412,False,True,0.7367335747750217,1.7906374245164347,-0.009274541605397868,False,2.3820811364901906
MET,102,0.6775652983295377,MetLife,Financials,SP500,97.2300033569336,-0.010079391686678707,0.016093644855640354,0.005688902048217814,0.11936356087460531,0.4225403805211754,0.7543859649122807,0.7875243664717348,0.9337231968810916,-0.023391812865497075,-0.027213543515335004,0.4561602463655212,False,0.009951005833976234,True,0.019573168305069055,0.18792625603731294,-0.019197414088100606,0.0012910345791272704,False,319.821437585083,True,True,0.9571976968849463,0.8026621843768987,-0.0024434724168883593,False,1.0458819648777269
MDLZ,103,0.6774556253647818,Mondelez International,Consumer Staples,SP500,62.36000061035156,0.0041868299938656595,-0.0009611912905117537,0.0028948263797419216,0.01178944866625975,0.09470405864779252,0.7387914230019493,0.571150097465887,0.6042884990253411,0.18908382066276808,-0.04046772333999615,0.2313560915981958,False,-0.004557377500190807,False,0.007870973338656384,0.06234785238820173,-0.007809504933536493,0.0016379884249986265,False,501.8791961542282,True,True,0.6239809251271928,0.7660239438283637,-0.0008051407131899335,False,0.7605392319182911
MDT,104,0.6764914569528846,Medtronic,Health Care,SP500,92.5999984741211,-0.012266682942708385,0.007726619753929853,0.02207505555942446,0.14898539447046977,0.0651102668070167,0.7992202729044834,0.8382066276803118,0.543859649122807,0.05653021442495121,-0.0992786521343294,0.2669218338845962,False,0.003147003847562946,True,0.0488425182972545,0.0472919015138904,-0.04656801897824281,0.00029792706452869133,False,662.2346033861542,True,True,0.7630230391406748,1.001049785628638,-0.003306640624999968,False,1.4083092474489283
DIS,105,0.6760529558294518,Walt Disney Company (The),Communication Services,SP500,106.98999786376953,0.005356133289152298,0.02697252400040684,0.033719786123377116,0.06447276903258214,0.07487341675613468,0.847953216374269,0.6939571150097466,0.5555555555555556,0.4074074074074074,-0.06964268725677736,0.16652033234624564,False,-0.00301455053548505,False,0.04475685655685191,0.03441237935967534,-0.04283949540599763,0.002873618353097962,False,969.7982185188141,True,True,0.9352306025893917,0.8604669000733919,0.0005638525561053598,False,1.0593090198658308
TGT,106,0.6758282693033955,Target Corporation,Consumer Staples,SP500,154.67999267578125,0.0018134636681694793,-0.018029529708286085,0.024303015048313004,0.16842014267091288,0.34754947209909726,0.8109161793372319,0.8752436647173489,0.898635477582846,0.007797270955165692,-0.08952855829366702,0.8993796681226798,False,-0.04080668348790151,False,0.03046237139774499,0.25424800027702044,-0.029561847422361565,-0.019284486242331145,False,614.0146366003113,True,True,1.1296093683424215,0.7622210042250301,0.0007772693051855128,False,0.6736959108887169
MSI,107,0.6753821387563277,Motorola Solutions,Information Technology,SP500,460.5299987792969,-0.01581431840726588,0.003981090038539525,0.010153312474684428,0.14366611958975906,-0.0101509294408898,0.7699805068226121,0.8284600389863548,0.37816764132553604,0.11695906432748537,-0.06009105327884301,0.27741700594925756,False,-0.029520155560027295,False,0.022879059832546123,0.08722555482933547,-0.022367316656469405,-0.014425910675518794,False,429.0683309274292,True,True,0.7468982665679971,1.0075986720767245,0.0005770511304605819,False,1.0549323221151314
WRB,108,0.6750592234009681,W. R. Berkley Corporation,Financials,SP500,69.94999694824219,-0.0186588363332153,0.0005720681452987542,0.002867339759744514,0.03233498575491511,0.02513791611734839,0.7368421052631579,0.631578947368421,0.4600389863547758,0.17738791423001948,-0.08489622836138333,0.11080800820074033,False,0.010261438947365198,True,-0.01415005484660914,0.021319650840248894,0.014353152745175235,-0.001017544761860556,False,146.17008202041626,False,True,0.6895099393587223,1.6509265409010228,-0.0065937321654336856,False,2.355637948743643
RSG,109,0.6737435292950794,Republic Services,Industrials,SP500,219.8000030517578,-0.014526498977331381,-0.012001609899289334,0.021090814181813577,0.05459358891020227,-0.01647072752205303,0.7933723196881092,0.6666666666666666,0.3645224171539961,0.2884990253411306,-0.04822889318584489,0.1148621685863751,False,-0.009905438727730198,False,0.006336544407123945,0.025148360090725408,-0.006296645433717218,-0.011061751049234236,True,312.68802917156984,True,True,0.7495171928079059,1.0852744593051773,-0.0023313711859952457,False,1.2121895879558247
T,110,0.6730009956397843,AT&T,Communication Services,SP500,25.860000610351562,-0.032185581029304466,0.028230656166617463,0.047812005291114845,0.1315311742409826,-0.04917276533731951,0.8771929824561403,0.8011695906432749,0.3001949317738791,0.40935672514619886,-0.09001583099076682,0.27960270094648276,False,0.0033172488492905217,True,0.06906073149826786,0.04540181252753395,-0.06459944647062332,-0.005270775419786933,False,1231.494921241085,True,True,0.7355344809167134,0.7337985799065138,-0.0037424579599864005,False,0.7179295337327753
FDS,111,0.6729832572298325,FactSet,Financials,SP500,276.4100036621094,-0.0024540498927000387,-0.009886483622423392,0.0024989969368527376,0.16792233900567766,0.33399703741233466,0.7348927875243665,0.8693957115009746,0.8947368421052632,-0.03898635477582846,-0.16271951982155086,0.474503234011338,False,-0.05670780855015767,False,7.989572858257965e-05,0.11569409635592898,-7.988934576497186e-05,-0.014289329795683425,False,244.83984795098877,True,True,0.8771776860588175,1.152946494152212,-0.009563657770065848,False,0.7907324263499222
ANET,112,0.6728457368688083,Arista Networks,Information Technology,SP500,197.5399932861328,0.02437252145559543,0.023894680896498377,-0.021110057984153663,0.17576334590080211,0.4844817194969864,0.6335282651072125,0.8810916179337231,0.9395711500974658,-0.07797270955165692,-0.06156772785685127,0.7010246961003761,False,0.026824553850878008,True,0.05712110763329603,0.2792951474593077,-0.05403459189380866,0.020613293286569467,False,1247.9367732937621,True,True,0.7983485926146263,0.6732198919516612,0.02385400430860618,False,0.6598546920441946
UHS,113,0.6691134228264726,Universal Health Services,Health Care,SP500,181.2100067138672,0.024653663895264577,0.03089093168892343,0.06387755827852515,0.23501045244278918,-0.060925675976480353,0.898635477582846,0.9239766081871345,0.26900584795321636,0.6432748538011696,-0.2546514231803453,0.28513868956267463,False,0.04453772377818721,True,0.08981269904295308,-0.012594403190134384,-0.08241113277705825,0.034859207679712956,False,132.72219232785034,True,False,0.7668796300809478,0.8658993342873141,-0.003279625733884295,False,1.1035220065948428
NEM,114,0.6689896354279917,Newmont,Materials,SP500,121.76000213623047,-0.019566794890130357,-0.05399739115146773,0.01399041751354746,0.12517024557805656,0.10139021181675911,0.7855750487329435,0.7933723196881092,0.621832358674464,0.21442495126705652,-0.09713285729786714,0.569229127930015,False,-0.045149300029472705,False,0.09526062608747643,0.11266736645147346,-0.08697530415912902,-0.026354372088920885,False,849.4552503972168,True,True,0.937934035022473,0.8119856036190112,0.013447122442349801,False,0.8345959821498934
VTR,115,0.665725195790084,Ventas,Real Estate,SP500,88.20999908447266,-0.003952105733624589,-0.013090156689399168,-0.03246681083603342,0.05765477008767794,0.014722250453172547,0.5867446393762183,0.682261208576998,0.42300194931773877,0.25925925925925924,-0.12255048089547371,0.34768389543842804,False,-0.03401375622890346,False,-0.04779279785429846,0.03903310342334665,0.05019159458844902,-0.016198112163401723,False,292.4461603325043,False,True,0.40751688603999525,0.9651607999619971,-0.0027100030531362895,False,0.9157781468218668
DOC,116,0.6656719805602285,Healthpeak Properties,Real Estate,SP500,20.350000381469727,0.009424629736890067,0.003078357033758694,-0.006182309527748342,0.02773348360280692,0.18889203744857008,0.6939571150097466,0.6237816764132553,0.7738791423001949,0.10331384015594536,-0.09931602369528536,0.3539430771534515,False,-0.020267635966714215,False,-0.03895413889465349,0.11659533592463167,0.04053306972244841,-0.0028283548747781717,False,110.1309558504982,False,True,0.6938499415255612,0.7802548509349327,0.0014881293091557612,False,0.944847100262325
APD,117,0.6624815463315824,Air Products,Materials,SP500,287.0799865722656,-0.01197691015820701,-0.027638544682350052,-0.0458020323413717,0.029889223024059053,0.015811589989948915,0.5146198830409356,0.6296296296296297,0.43079922027290446,0.3021442495126706,-0.08628541856355343,0.2688342646219186,False,-0.04489413933885811,False,-0.041455075865164726,0.019363166598228565,0.04324792174198966,-0.021934167136486882,False,306.23262400708006,False,True,0.5833440456257979,1.0029969639876217,3.444990951639859e-05,False,1.4462410362260785
ABNB,118,0.662122009742774,Airbnb,Consumer Discretionary,SP500,167.50999450683594,-0.0048123382969117445,-0.012497850114672526,-0.0657036043305379,0.1863314314959783,0.26949600895058956,0.3937621832358674,0.8927875243664717,0.8518518518518519,-0.04678362573099415,-0.12068244353366964,0.5017930171409661,False,-0.07093864268722938,False,0.008112531046661209,0.18528274183516213,-0.00804724750146546,-0.027943735342730314,False,763.4391997655334,True,True,0.6037380797772003,0.6760566510784332,-0.004960828645039217,False,0.7068493224046934
DVA,119,0.6581371617781135,DaVita,Health Care,SP500,193.86000061035156,0.015505535927215597,0.05928641292380532,0.09711377452448833,-0.07235139930283296,0.2925723838699599,0.9434697855750487,0.3216374269005848,0.8674463937621832,0.2573099415204678,-0.195468147373707,0.8663713823453303,False,0.07180175832122537,True,-0.042388605775946164,0.16475210342958713,0.044264934640103615,0.04110926728981901,False,159.95338777435302,False,True,0.5702753083231359,0.838234032135123,0.0027763163763341314,False,0.7503461884216562
JKHY,120,0.656411767623015,Jack Henry & Associates,Financials,SP500,158.97999572753906,0.03186855435781166,0.003154972321299132,0.06464314997216514,0.2341099758825962,-0.038944340862418825,0.9044834307992202,0.9220272904483431,0.31773879142300193,0.35672514619883045,-0.16480876013025536,0.29280560515756693,False,-0.0360191460649697,False,0.011289910032009853,0.003846460020324516,-0.011163870933560971,-0.012234532985109126,False,161.65244505819703,True,True,1.3010482837420045,1.182379093577164,0.007853517216571904,False,1.596885436046738
RMD,121,0.6553198063652281,ResMed|,Health Care,SP500,228.25,-0.005186551729183142,0.03773586345496027,0.03873037423783976,0.1802877806149783,-0.016763589642364685,0.8596491228070176,0.8869395711500975,0.36257309941520466,0.34307992202729043,-0.18573553074790916,0.2520785120425131,False,-0.005483459949000569,False,0.05063385298351397,0.008578420655245944,-0.048193624105798194,0.010779705945267892,False,301.61558879226686,True,True,0.7826985060956615,0.791919594276692,-0.0054480473618335745,False,0.7299280501534435
ADBE,122,0.6552282532816058,Adobe Inc.,Information Technology,SP500,250.5,-0.028165772387370502,-0.01710743388491731,-0.013934787355098122,0.20827701693186773,-0.01455545630472821,0.6686159844054581,0.9083820662768031,0.37037037037037035,0.5769980506822612,-0.31829313170105067,0.2951760263529484,False,-0.07603443809074917,False,-0.017257040238510712,-0.0571899899248095,0.017560075162175615,-0.03757173824983706,False,1294.1486319548644,False,False,0.905689345441255,1.4235689135707552,-0.017147785770777246,False,0.8633679754638205
CB,123,0.6548191254391688,Chubb Limited,Financials,SP500,341.5299987792969,-0.0009652681986933587,0.014636967520389232,0.004992429277435706,0.0415692147039306,0.038566589894980075,0.7485380116959064,0.645224171539961,0.49122807017543857,0.2007797270955166,-0.057601858109786575,0.2850296367632046,False,0.0041588690824887475,True,-0.011248271418019984,0.04799552536053331,0.01137623439015556,0.0038196131956675927,False,608.7969691622314,False,True,0.6855801727064107,0.7324312596695375,-0.004709487569616644,False,0.8727737939693073
MTD,124,0.6533250935558074,Mettler Toledo,Health Care,SP500,1378.68994140625,0.036297291119981256,0.0684537315612912,-0.02732436492943857,0.19722640022786497,0.14251025497068914,0.6140350877192983,0.9005847953216374,0.6881091617933723,-0.04873294346978563,-0.08454740074745593,0.34436818232568855,False,0.011721770305365142,True,0.010552671587757745,0.04857830356259285,-0.010442475572478238,0.03394920740021723,False,235.89630300561524,True,True,0.9178728142780571,1.2228141285466125,0.005381865640630146,False,2.10292256561284
ACN,125,0.6518116066421763,Accenture,Information Technology,SP500,189.63999938964844,-0.019441544082201112,0.07872580260317719,0.1156606904121964,0.15949893251342795,-0.025733284187200334,0.9629629629629629,0.8596491228070176,0.3391812865497076,0.5555555555555556,-0.3292166541810323,0.5422715217554246,False,0.01910965230958328,True,0.12178899584595215,-0.04232741123529815,-0.10856675925414094,0.01174484360650574,False,1011.0119735041809,True,False,0.7341305967769293,0.6947612932776065,-0.01737332324917229,False,0.5332381696421395
ULTA,126,0.6507944137360144,Ulta Beauty,Consumer Discretionary,SP500,530.52001953125,-0.025352710918724153,-0.02092785244689188,0.07538571335869237,0.14415119891145545,0.01424285870478803,0.9220272904483431,0.8304093567251462,0.42105263157894735,0.5847953216374269,-0.2494269912652598,0.1769717571408762,False,-0.017003944044303942,False,0.025771958116701077,-0.048127801391505076,-0.025124451797276626,-0.02130179387623843,True,320.3898281663208,True,False,0.9286322690659669,0.8724482024390955,-0.005823748654287586,False,1.0596237506584039
HIG,127,0.6497364034134042,Hartford (The),Financials,SP500,134.94000244140625,-0.008012911472998652,-0.01186288185522566,-0.008617313975084029,0.03443690544396527,0.006241169645552436,0.682261208576998,0.6374269005847953,0.40545808966861596,0.3079922027290449,-0.06965997996757067,0.12257848227956059,False,-0.01603036826382742,False,-0.02731801600499295,-0.0013603646831049643,0.028085249294730552,-0.01176678099848183,False,207.53195482870484,False,False,0.7651361410869937,1.0287098630760376,-0.0035286020131326534,False,1.3896847753904158
CDW,128,0.648351281552435,CDW Corporation,Information Technology,SP500,149.9600067138672,-0.024586956187307774,0.05331187649779867,0.11364651058645214,0.15824726424518243,0.2906147492033446,0.9590643274853801,0.8557504873294347,0.8635477582846004,-0.07407407407407407,-0.08533934831475942,0.5263826844546744,False,0.029368821003484147,True,0.06278390921349497,0.14640547991902353,-0.05907495274364638,0.0034288663660289043,True,259.5303769550781,True,True,1.0163875715032662,0.7106027580457475,-0.008846107465581121,False,0.5218901065308112
AWK,129,0.6448175232602054,American Water Works,Utilities,SP500,137.75999450683594,-0.0018838556555303976,-0.01831402615751987,0.025381378849309133,0.07944507852790927,0.010405287364168903,0.8206627680311891,0.7192982456140351,0.41325536062378165,0.18518518518518523,-0.026897886911023683,0.1448552242844907,False,-0.005684020705168047,False,0.016878270451818667,0.056743822997312066,-0.016598122845440932,-0.0064858750694143374,False,284.91085419717405,True,True,0.8258978509537404,0.7656793711681272,0.0021010960524268096,False,0.6535879709545884
UNP,130,0.6440482866221872,Union Pacific Corporation,Industrials,SP500,280.9200134277344,-0.010810158499273137,-0.013415666705250406,-0.05894070465456569,0.05523894572250021,0.17072439596363287,0.43664717348927873,0.6686159844054581,0.7387914230019493,0.06627680311890838,-0.09141824706999446,0.3256950558627618,False,-0.04785164578421741,False,-0.04329304030851189,0.08028512137664379,0.04525214316667325,-0.019120322775900145,False,776.7697099068604,False,True,0.6533028696194578,0.7403148898022212,0.010880652291091142,False,1.0072971900065757
REGN,131,0.643269322469034,Regeneron Pharmaceuticals,Health Care,SP500,774.6099853515625,0.0006459030492584894,-0.04090885663808408,-0.03773960577319391,0.26155306929262045,0.023216908155889948,0.5692007797270955,0.949317738791423,0.45419103313840153,0.2573099415204678,-0.09086539356975742,0.40156248826620833,False,-0.047311591916325946,False,0.021625659809649145,0.058349214111573566,-0.021167890216929663,-0.02429824916000123,False,533.0905497186279,True,True,1.0651549014332558,0.7047005554248191,0.0022090168128752197,False,0.5346854306947699
VLTO,132,0.6431482053688254,Veralto,Industrials,SP500,95.75,0.002827782086025632,0.010874142377774287,-0.01033591731266148,0.14183305318560935,0.05545995786450364,0.6764132553606238,0.8226120857699805,0.5243664717348928,0.15399610136452235,-0.10248617773058477,0.16613334874532004,False,-0.015140603407953424,False,-7.309819993506217e-05,0.028405960992765378,7.31035436725147e-05,0.00012287239857400323,False,148.60144832704162,False,True,0.8095541404784334,0.6813678953233995,0.00219940382372652,False,0.6997212118265551
AMZN,133,0.6402675257397681,Amazon,Consumer Discretionary,SP500,245.9600067138672,-0.00990255000889717,-0.025515005302489735,-0.05874245527588218,-0.00016257433387323328,0.14293685038026793,0.4405458089668616,0.5380116959064327,0.6900584795321637,0.31968810916179335,-0.13400459042329094,0.23728565330669915,False,-0.043649311724699213,False,-0.03754570522469658,0.024356395881961923,0.03901037735351576,-0.02645370817242232,False,10120.415111896393,False,True,0.6059062928223045,0.7913686091167969,-0.0012881091207965767,False,0.8411656313535227
JPM,134,0.639536054748744,JPMorgan Chase,Financials,SP500,348.9200134277344,-0.010127881374069392,-0.01632313204258029,-0.0333554363706875,0.058440124742030086,0.2279464903934605,0.5828460038986355,0.6842105263157895,0.8167641325536062,-0.12475633528265107,-0.04452593125079285,0.24552957778577134,False,-0.017022891353789982,False,-0.010271669024610519,0.09626791010358082,0.010378271191335608,-0.012161374666611935,False,2554.4151574886473,False,True,0.74171172196424,1.1373263757027299,0.0025249359502257374,False,1.1420983612510183
VRTX,135,0.6378348840136872,Vertex Pharmaceuticals,Health Care,SP500,513.260009765625,-0.0026620972430464462,-0.015082870404531268,-0.004441815695015339,0.13259923330622803,0.10977539104256384,0.7017543859649122,0.8070175438596491,0.6393762183235867,0.05847953216374269,-0.08011328849152177,0.3628060549624328,False,-0.045786471556026886,False,0.006391385913625536,0.09360911149000928,-0.0063507955285441176,-0.018925234313462158,False,614.230735940918,True,True,0.8819367948091101,0.658522054976954,-0.0016128423954463456,False,0.5126046775377626
NVDA,136,0.6372287263058712,Nvidia,Information Technology,SP500,213.89999389648438,0.008153818836165172,-0.0426103497917949,-0.0483118782618035,0.03244461901264195,0.17841428392973846,0.5009746588693957,0.6335282651072125,0.7524366471734892,0.3781676413255361,-0.09057050163537261,0.2979894711939328,False,-0.02030954232091864,False,0.002513604685636439,0.0825246169886853,-0.002507302318779603,-0.014855184912899166,False,26727.124604590765,True,True,1.1288965890598934,0.8156376930284823,0.00928501313901342,False,0.7630204616926868
BAX,137,0.6372041214146478,Baxter International,Health Care,SP500,23.530000686645508,-0.007591666165226774,-0.03526030030849159,-0.09150601922975099,0.15049266539181239,0.3366238713616361,0.23586744639376217,0.8421052631578947,0.8966861598440545,-0.13840155945419108,-0.16969742492057893,0.4905893722818697,False,-0.07283503894512777,False,-0.05775439996188525,0.14591961970719103,0.06129442255771633,-0.03193422872835083,False,159.1152071142578,False,True,0.5188899881921828,1.0328924002441389,0.0021088631944286007,False,1.5169253283013056
HUM,138,0.6368823504728336,Humana,Health Care,SP500,384.7200012207031,-0.030003514807588894,-0.03824805813002963,0.0010668566124065748,0.04367556782667359,1.2696384909218996,0.7251461988304093,0.6510721247563352,0.9883040935672515,-0.22612085769980506,-0.06120055470801056,1.368095409796433,False,-0.022600701307462723,False,-0.011295874082733026,0.35152659623202687,0.011424928638032572,-0.03214951188829718,False,469.90291252575685,False,True,0.6281632962639654,0.6913492931569035,-0.000529452517934903,False,0.855127547105043
FANG,139,0.6360789721640477,Diamondback Energy,Energy,SP500,194.5399932861328,-0.0803196028516544,-0.039925042697197766,-0.05695865229731367,0.03982225749907764,0.050567321893095096,0.45419103313840153,0.6432748538011696,0.5146198830409356,0.33723196881091616,-0.0803196028516544,0.45113200692206945,False,-0.043432545298444314,False,-0.01946015549053448,0.07415850530605805,0.01984636891555369,-0.04146498068357085,False,424.5841071209717,False,True,0.9622230105033959,2.1389777220669064,-0.06854819686889324,False,8.191498414994788
GRMN,140,0.6358161385198156,Garmin,Consumer Discretionary,SP500,276.92999267578125,-0.007312644857853212,0.021391676862452025,-0.09592726803205487,0.18319015634782088,0.18772332943967363,0.2124756335282651,0.8888888888888888,0.7719298245614035,-0.05653021442495132,-0.11226728355574322,0.5045743115154433,False,-0.017705111197828916,False,0.0004855194481692138,0.15652731407894271,-0.00048528383343016124,-0.004517156147271106,False,251.149697461792,True,True,0.5200972807686688,0.739009164563687,0.007563484755815031,False,0.8883220607919441
QCOM,141,0.6331446958339533,Qualcomm,Information Technology,SP500,184.83999633789062,-0.01576148384327447,0.04784582048431951,0.14592423963648038,-0.13184481634555023,0.417527330028177,0.9785575048732943,0.1617933723196881,0.9278752436647173,0.13255360623781676,-0.2569022565836987,0.5034449599480122,False,0.08988596884889088,True,0.10021620911129947,0.10811268565676357,-0.09108774101069583,0.034113180715028335,False,1946.4513857634583,True,True,0.4241711996503254,1.1122024370748407,0.007294968556576187,False,0.8260023869361307
MOS,142,0.6321463857512885,Mosaic Company (The),Materials,SP500,24.790000915527344,-0.026315718501102592,-0.046171490837827345,0.17757157019629788,0.15259762573987778,-0.12403736342464589,0.98635477582846,0.8518518518518519,0.16764132553606237,0.6393762183235867,-0.2847065189443171,0.2613443204762347,False,0.009084313147672107,True,0.07258120921731548,0.02716709657622962,-0.06766966323256729,-0.013572520018694356,True,182.44871633457947,True,True,0.8786410966193372,1.0798510718782346,-0.002356616971717629,False,0.9727515047488445
BALL,143,0.6319724348924061,Ball Corporation,Materials,SP500,61.2599983215332,0.0040976890161914525,0.01608886036284729,0.004497958095035948,0.056112539302669795,-0.0012818143192049325,0.7446393762183235,0.6764132553606238,0.3937621832358674,0.07797270955165692,-0.08699607928216557,0.3384178507709037,False,-0.016113002376360264,False,-0.01974486959382893,0.03566984520514249,0.02014258225371135,0.0013901805076883544,False,114.05480469230652,False,True,0.7281597324261957,1.0889264338755673,0.0011474104482440683,False,0.9461539137040013
AES,144,0.6315161953590216,AES Corporation,Utilities,SP500,14.8100004196167,0.0006756911319565351,-0.0006747149401772345,0.003387546745224679,0.023745332074907255,0.0684810157848772,0.7407407407407407,0.6081871345029239,0.5477582846003899,0.2475633528265107,-0.12196593234301512,0.24278606551099458,False,0.0025045974212802857,True,0.007005646701669033,0.031500212666646155,-0.006956909054696259,0.0008925742249743518,False,110.548030672472,True,True,0.8516844679246727,1.0574804353752352,0.0013513178264603631,False,1.0788198796932702
PFE,145,0.6265608847079647,Pfizer,Health Care,SP500,27.459999084472656,-0.003266793287849623,-0.011519135862609331,0.021957507510673047,0.07297932862121015,0.034666148457341395,0.797270955165692,0.7095516569200779,0.47953216374269003,0.20662768031189083,-0.05375607679818872,0.24516223276202576,False,-0.022567120669256813,False,0.04097521438100471,0.07346351573463683,-0.039362334294740786,-0.01169610585443559,False,965.5887867676354,True,True,1.0686357480039244,0.8135585984354249,0.003266793287849623,False,0.7021166521646662
ICE,146,0.6257809668768572,Intercontinental Exchange,Financials,SP500,154.10000610351562,-0.01457976513484538,-0.012061169244928172,0.0019598497680006766,0.09436880705313255,-0.03502890394335778,0.732943469785575,0.7524366471734892,0.31968810916179335,0.48927875243664715,-0.11086254124623651,0.2579319694472104,False,-0.030063112899394784,False,0.01814050280425672,-0.0006052422480079533,-0.01781728823702855,-0.01734538639512795,False,553.6320936852723,True,False,0.8215338444697049,0.7203872857280971,-0.003772837811980456,False,0.7850403563915732
NDSN,147,0.6244889239842376,Nordson Corporation,Industrials,SP500,309.0199890136719,-0.000743770368078045,-0.01271569005216655,0.00038094820339362734,0.061202646454774134,0.1504862768899775,0.7212475633528265,0.6900584795321637,0.7115009746588694,0.05458089668615984,-0.07395269936900362,0.4123654771895815,False,-0.03245105803364756,False,0.009197034098385348,0.10268125309819243,-0.009113219507825732,-0.010193576123207038,False,114.27537018139648,True,True,1.5489061329729705,0.9977831834779748,0.0045594297885509505,False,0.993659223932365
CINF,148,0.6242222756281877,Cincinnati Financial,Financials,SP500,170.77000427246094,-0.005242581150368908,0.009219298485294125,-0.0016952723621633803,-0.0004895033197988008,0.04824553762519335,0.7153996101364523,0.5360623781676414,0.5087719298245614,0.17153996101364527,-0.11071184003531853,0.14685484449454322,False,0.0002723859639395254,True,-0.023588903355624025,0.02618493087859508,0.024158782542201607,-0.0007608568037772434,False,116.65519150857544,False,True,0.5979240883988872,0.8170955965613139,-0.00046602103983217624,False,1.154089834941282
CTSH,149,0.6229945106296945,Cognizant,Information Technology,SP500,61.849998474121094,-0.02259798250254752,0.06271473648340375,0.09896936075694751,0.21866128901329174,0.02171135833001392,0.9473684210526315,0.9142300194931774,0.4502923976608187,0.11695906432748537,-0.2737007151359361,0.6063169597766043,False,-0.004714953678081835,False,0.12285202602657241,0.0042662924116541046,-0.10941069987762131,0.0010584254003411786,False,429.9669131236649,True,True,0.8177687335496618,0.7033895085047849,-0.015486718728524251,False,0.6525402922405398
EL,150,0.6229565542471094,Estée Lauder Companies (The),Consumer Staples,SP500,95.5999984741211,-0.006753262606534083,-0.03209474816933533,0.13735754192834482,0.09528115474021681,0.08306849742269029,0.9746588693957114,0.7563352826510721,0.5769980506822612,0.3138401559454191,-0.19239393312067843,0.43233118975839235,False,-0.048403519405814666,False,0.05675166143209909,0.04005968344586641,-0.05370387717696112,-0.02444727558314852,False,270.7974595075073,True,True,1.6620328121274868,0.7511484067482763,0.0,False,0.7114293685483121
TRI,151,0.62011230511591,Thomson Reuters,Industrials,NDX,101.30999755859375,-0.012669360140581287,0.04464831977499184,0.029396581950723366,0.25658676619756204,0.0922249537411135,0.8362573099415205,0.9415204678362573,0.5984405458089669,0.15009746588693962,-0.3760427243020218,0.3320968955768526,False,-0.025110802493894635,False,0.015188103628643201,0.02873072353984485,-0.01496087628918763,-0.005871102064233691,False,197.80988580827332,True,True,0.9778971398254729,0.7039994988248656,-0.015982841632329103,False,0.48615456586452244
NSC,152,0.6186873195164471,Norfolk Southern,Industrials,SP500,317.0,-0.010055590557829674,-0.019486507982805934,-0.07070824185753577,0.023952254592229716,0.09718345608284773,0.36257309941520466,0.6120857699805068,0.6120857699805068,0.09746588693957114,-0.10193214875196355,0.1603863480121479,False,-0.05538370412813576,False,-0.05377467700508476,0.028551972649568658,0.05683073122042592,-0.02122356131630254,False,393.8925495033569,False,True,0.7111140358490309,1.0618736220110205,-0.0029042304423085863,False,0.6772637044344728
GM,153,0.618261025470831,General Motors,Consumer Discretionary,SP500,84.29000091552734,-0.01265083514475962,0.006327587939108037,0.0011178243600351578,0.02368576424664992,0.14326581947341333,0.7270955165692008,0.6062378167641326,0.6920077972709552,-0.025341130604288442,-0.06462557791742474,0.5359928984342632,False,-0.01896241924209341,False,-0.0009988818499171437,0.052793250097483035,0.0009998806125131043,-0.015194826774081127,False,521.2895443605804,False,True,0.7759293673601632,1.0293395422258322,-0.003748385668606913,False,1.0357961106443403
TYL,154,0.617878219139935,Tyler Technologies,Information Technology,SP500,346.44000244140625,-0.01894487114915755,0.010972364439094884,0.08100346531810865,0.16149802260369683,-0.00576843075106781,0.9259259259259259,0.8654970760233918,0.3820662768031189,0.5263157894736842,-0.3541146215599592,0.2585462137835868,False,-0.02966952829984948,False,0.04684324238253912,-0.019641405837957926,-0.04474714120131995,-0.014057908743272396,False,288.881325378479,True,False,0.9882527491522268,0.78508172404077,-0.019992630082330876,False,0.7539989559835194
AMD,155,0.6161211628767505,Advanced Micro Devices,Information Technology,SP500,512.5,0.016461696929830127,-0.0165035041045003,0.012845849802371578,0.010270242597566925,1.6106668349737574,0.7816764132553606,0.5653021442495126,0.9941520467836257,-0.20467836257309946,-0.11776346819150019,2.2562424676755364,False,0.06261222463813265,True,0.03528785968843051,0.4589252053550099,-0.034085070503048764,0.026423628581455194,False,11647.045558278625,True,True,0.6062846772788056,0.846478673913782,0.026160258076293408,False,0.9415935309848628
HAS,156,0.6149172398271172,Hasbro,Consumer Discretionary,SP500,89.30000305175781,-0.010087529563798436,0.0037091359618628417,-0.053444921313620664,0.05896973484251844,-0.027584504066626603,0.47173489278752434,0.6861598440545809,0.33528265107212474,0.4191033138401559,-0.13788653662214312,0.2992372896030646,False,-0.03712406699087645,False,-0.00858076749500769,0.005941611078555731,0.008655034332274214,-0.017290927470958062,False,165.613039817688,False,True,0.5771522977116147,0.6952799342385968,0.0018844714629264736,False,0.7443894752075639
SLB,157,0.6128918185875649,Schlumberger,Energy,SP500,52.29999923706055,-0.03505537821280025,-0.08326029909767863,-0.023925625409585982,-0.009395766092468505,0.1456102697840449,0.6257309941520468,0.5009746588693957,0.6998050682261209,0.30604288499025345,-0.12526840636847003,0.6891111584068668,False,-0.05569544908479218,False,0.008605596737969679,0.061592132551920864,-0.008532172303824082,-0.047108833702002695,False,647.9847096958847,True,True,0.9908917082650927,1.0818327407070107,0.0016605193970666843,False,1.7500375063728006
CI,158,0.6110340539323956,Cigna,Health Care,SP500,280.45001220703125,-0.02924881228097509,0.008196421861586423,0.024251587905569583,-0.03382500765125385,0.07656109093439478,0.8089668615984406,0.43664717348927873,0.557504873294347,0.253411306042885,-0.07779358532800651,0.17346360317006004,False,0.0029852548566298154,True,-0.006183187716674476,0.01310422792278576,0.006221657392239566,-0.007565917197889682,False,459.1462690479126,False,True,0.7682164784593436,0.8107088573797617,-0.0020422165121333213,False,0.7146534604917992
MCK,159,0.6074665354405802,McKesson Corporation,Health Care,SP500,887.2899780273438,-0.01364002352767002,-0.004923307335026994,0.03292525136830626,0.13088761555780382,-0.05592461350980926,0.8421052631578947,0.7992202729044834,0.28654970760233917,0.15984405458089668,-0.1069357379433159,0.29074695707060516,False,-0.00246306010261077,False,0.028018848935106977,0.05326917500338513,-0.027255189886966402,-0.008053191563516582,False,818.9395714196777,True,True,0.9269736054131771,0.9310222642177995,-0.004435490956916532,False,0.9472890649116654
ARE,160,0.6065767539091259,Alexandria Real Estate Equities,Real Estate,SP500,53.52000045776367,0.011146800475839047,0.06317044687200513,0.14017899496295794,0.047571264421799375,0.11495933800251135,0.9766081871345029,0.6569200779727096,0.6432748538011696,0.20662768031189088,-0.3507114248934571,0.34180362424153854,False,0.02731443531133082,True,0.05789149948425454,0.08621255513930048,-0.05472347543436917,0.028848413925994576,False,92.81656526099395,True,True,1.0510340236885136,0.9883792142572803,0.004156456063379554,False,1.1242330160590606
J,161,0.606470514185006,Jacobs Solutions,Industrials,SP500,143.49000549316406,-0.009799172818022672,0.01227517102761233,0.001462295647617795,0.15237967733406776,0.10673066817561216,0.7290448343079922,0.847953216374269,0.631578947368421,-0.05653021442495121,-0.11810558187520237,0.3451621638207123,False,-0.023336494865002,False,0.021214087780068835,0.08460983940753808,-0.020773399068734322,-0.0051058622105930596,False,118.11388105926514,True,True,0.7563264069659886,0.677901205501214,-0.004485605816345717,False,0.6428821150502684
CME,162,0.6060493700003434,CME Group,Financials,SP500,272.4599914550781,-0.009560525347428794,-0.008154425381914132,0.021871771587058886,0.04640287799296239,-0.12182575498853487,0.7953216374269005,0.6530214424951267,0.17543859649122806,0.5750487329434698,-0.13699623381838155,0.25235162166281255,False,-0.016806787144631352,False,0.03243767500597783,-0.006411805303481288,-0.03141853091111768,-0.013401041950138248,False,566.0294916128234,True,False,0.6819624890304496,0.7832060207344268,-0.005925351355962727,False,0.7558039678566338
HSIC,163,0.6031805159779206,Henry Schein,Health Care,SP500,86.7699966430664,-0.008569470164158433,-0.013641065829089749,-0.030719393466521083,0.06846444552733444,0.15894207906954616,0.6003898635477583,0.6998050682261209,0.723196881091618,-0.1364522417153996,-0.04501435108750362,0.3988392447305149,False,-0.025428521688735328,False,-0.011787521860185612,0.09000823650744483,0.011928124893114234,-0.01626446194492237,False,102.16150810432434,False,True,0.7653225491632478,0.9666954720656215,0.0,False,0.8725050776864604
CSX,164,0.6028095352536593,CSX Corporation,Industrials,SP500,47.900001525878906,-0.015618543442589505,-0.009716713177267522,-0.05039285580590558,0.02411795852014542,0.19519644544958714,0.4873294346978557,0.6140350877192983,0.783625730994152,0.021442495126705707,-0.09766798657844966,0.4804916336121303,False,-0.03886527130077089,False,-0.043851057844151775,0.10276416109559805,0.045862162170341225,-0.019288187681430702,False,559.3385836166458,False,True,0.7894486911913,0.8185172869294527,-0.013152474140060488,False,1.0248674656720327
SCHW,165,0.6024601076511675,Charles Schwab Corporation,Financials,SP500,105.16000366210938,-0.024399269237218357,-0.012952855655709361,-0.04901427092781241,0.12593841257388516,0.1268507132085548,0.49902534113060426,0.7953216374269005,0.6627680311890838,-0.01949317738791423,-0.07470301583617933,0.2356959349656178,False,-0.035561129939652436,False,-0.012567970730844702,0.07909487293274586,0.012727935045966365,-0.020441177482206307,False,818.283827778183,False,True,0.9368977772853085,0.9273838339439354,-0.0026904250214694336,False,1.254806945383332
L,166,0.6014633234532298,Loews Corporation,Financials,SP500,108.79000091552734,-0.0038457849323892956,0.0010121513621887956,-0.03140252440984925,0.0018497863590902774,0.003074929385729508,0.594541910331384,0.5477582846003899,0.39766081871345027,0.08187134502923982,-0.08835021851543767,0.12773092296425403,False,-0.007281811790582848,False,-0.03619986064680847,-0.00010789109669506747,0.03755950966255539,-0.0028346868054303087,False,84.38221348739624,False,False,0.6830143255112107,1.2151602188668347,-0.0019228924661945923,False,1.4378540575461978
INSM,167,0.5984664858493266,Insmed,Health Care,NDX,122.58000183105469,0.0221814851794937,-0.048291933799129216,-0.04473196045462435,0.2832915215554763,-0.14833594060426203,0.5224171539961013,0.9571150097465887,0.1286549707602339,0.21832358674463936,-0.4201788008718318,0.33413153564819753,False,-0.017319946598856273,False,0.03792517535165252,-0.11231804190007944,-0.036539411753649165,-0.015596875268242494,True,296.85400879681396,True,False,0.46124449432432235,0.851725449807629,0.0006671266867597225,False,0.5694952630767838
ZBH,168,0.595944389131123,Zimmer Biomet,Health Care,SP500,96.77999877929688,-0.01656340638304532,0.02293624516378956,-0.014460266935585997,0.08627742336802524,0.05167184440777439,0.6647173489278753,0.7270955165692008,0.5165692007797271,-0.013645224171539905,-0.06174926948953696,0.219366173456347,False,-0.015512963701711291,False,0.009873325149407863,0.06165495048687597,-0.00977679566686962,0.0020483661456769386,False,205.25219666101074,True,True,0.8718011021792819,1.005581485585515,-0.006706672467724939,False,0.8836143636761349
DHR,169,0.5956235718672633,Danaher Corporation,Health Care,SP500,208.36000061035156,-0.004776461583323788,0.017134461324166406,0.028278120660624406,0.15132211972195075,0.07185768200671294,0.8304093567251462,0.8460038986354775,0.5516569200779727,-0.023391812865497075,-0.135561564490713,0.2895575450898604,False,-0.009050569398850294,False,0.025981422235186846,0.03378484527738723,-0.02532348215290703,0.009002084781664754,False,917.8053950137939,True,True,0.8173465033727784,0.7427218481841324,0.0014806914295473206,False,0.7734444591895238
BNY,170,0.5937925101948173,BNY Mellon,Financials,SP500,153.47000122070312,-0.007758433842686374,-0.0556273065762275,-0.065745435994783,0.06667253499654535,0.33217755674179616,0.391812865497076,0.6978557504873294,0.8927875243664717,-0.1228070175438597,-0.06897594861553613,0.4948899229391832,False,-0.04632888210608821,False,-0.034759189336644125,0.14582139678595518,0.03601089899292176,-0.03419095529107796,False,495.66519579125975,False,True,0.9216367550869465,1.0586908431736017,0.0009051489707494476,False,0.9981613488115685
MELI,171,0.5933709845389731,MercadoLibre,Consumer Discretionary,NDX,1839.7099609375,0.005888667685265192,-0.019516820588521333,0.029168097593427644,0.09893792962741976,0.06456070997913876,0.8323586744639376,0.7602339181286549,0.5419103313840156,0.07017543859649122,-0.267330958791856,0.18935738148097747,False,-0.04669472197472424,False,-0.020158844998253045,-0.008573227021107854,0.020573584703346137,-0.026542617557928305,False,813.2987810803222,False,False,1.1244429093105004,1.2745822177084296,-0.003794515746052274,False,2.2377865356789277
WTW,172,0.5923570341378561,Willis Towers Watson,Financials,SP500,312.9100036621094,-0.028139259944231054,-0.0025819123914382347,-0.04032998219636341,0.2095088868531383,0.08705253751274733,0.5555555555555556,0.9103313840155945,0.5847953216374269,-0.011695906432748537,-0.10788309718571809,0.29707992927020754,False,-0.06016661549957081,False,-0.02796233591113828,0.046723267865216744,0.028766720616066666,-0.029278503402235034,False,165.67500561773682,False,True,0.9754146843221176,0.8114058974558469,-0.005311027265257451,False,1.0304972804972805
PG,173,0.59226033119328,Procter & Gamble,Consumer Staples,SP500,147.02000427246094,0.0023863510457842185,0.03070670850781254,0.027249925156020982,-0.028674022655898468,-0.014834682642636099,0.8284600389863548,0.44834307992202727,0.3684210526315789,0.15009746588693956,-0.10745902460904155,0.08875981356472873,False,0.012339243284242407,True,0.007801722370063491,0.008064961836570017,-0.007741326688464056,0.008811663419684423,False,1283.5978972332764,True,True,0.6662859222394473,1.0651318324528154,0.0010909092800632791,False,0.7870395431370102
STT,174,0.5899053188526872,State Street Corporation,Financials,SP500,182.89999389648438,-0.012045648611848314,-0.04684978644931426,-0.05252797214211702,0.07309467037873207,0.522199005890607,0.4756335282651072,0.7115009746588694,0.9454191033138402,-0.16959064327485374,-0.05847833280954717,0.6795850183375021,False,-0.0379431527747478,False,-0.021263602564225437,0.21418717034409163,0.021725566373064886,-0.030303397806648147,False,336.9099523360596,False,True,1.0345051336936708,0.9835074319724326,0.0036190684992927213,False,1.0204283133065433
GOOGL,175,0.5887864638765865,Alphabet Inc. (Class A),Communication Services,SP500,342.8699951171875,-0.006116342402297192,0.036957512312940866,-0.0026442192247441154,-0.08080276205124848,0.10412747980365578,0.7076023391812866,0.28460038986354774,0.6276803118908382,0.23391812865497075,-0.14734660184824633,0.45310775894542266,False,0.0052464149575333074,True,-0.008669774944641606,0.01811386293001105,0.00874559730503277,0.004792129338395901,False,9270.814710886536,False,True,0.6076240995122589,0.9313468063707869,0.006087238445884102,False,0.7001275672519673
BEN,176,0.5885079899139021,Franklin Resources,Financials,SP500,32.720001220703125,-0.017122249298538006,-0.04103158719250011,-0.042994953642890965,-0.0039664360799018805,0.36195713004203767,0.5341130604288499,0.52046783625731,0.9103313840155945,-0.003898635477582846,-0.08526696108550269,0.6048858977070832,False,-0.03833998618650081,False,-0.02895907185510782,0.14514260217746622,0.02982270985264468,-0.024760166393438143,False,131.23296964768983,False,True,0.8138462236052147,0.6675132690285264,0.0027035190781838914,False,0.6508372047612462
GOOG,177,0.5836169571569716,Alphabet Inc. (Class C),Communication Services,SP500,339.3599853515625,-0.00606275772083209,0.03343681194190973,-0.005475802394607099,-0.0849359085132414,0.09816962643472427,0.6978557504873294,0.26900584795321636,0.6159844054580896,0.21637426900584794,-0.14849472410677367,0.43267450293974585,False,0.004270286466183215,True,-0.012989532813423077,0.011519666203680501,0.013160481317334938,0.00396662300035544,False,6107.432441990112,False,True,0.567709154001252,0.910076759736244,0.005652674683486181,False,0.7183019889681755
AVY,178,0.5825982383660827,Avery Dennison,Materials,SP500,172.27999877929688,0.004430938012505381,0.01466520756007017,-0.018903748389828112,0.07016565918897855,0.01917896212302561,0.6413255360623782,0.7037037037037037,0.4444444444444444,0.05458089668615984,-0.11240382445180985,0.13248301883613012,False,-0.01674147193606801,False,0.012693535482015239,0.006472994598117676,-0.012534429259463353,0.0026989400153227816,False,159.17986877075197,True,True,0.7908589160087353,0.903844176321382,0.004197768206438468,False,1.1531291322537989
MRSH,179,0.5793566869990807,Marsh McLennan,Financials,SP500,176.75999450683594,-0.016688919068062802,-0.0004523967016026864,-0.040443037487118305,0.06583491962954957,0.03916837773591286,0.5497076023391813,0.695906432748538,0.4951267056530214,0.011695906432748537,-0.13253943399795387,0.1299259295096451,False,-0.05052482403923442,False,-0.047474695989234816,0.0015776854248301664,0.049840876446362925,-0.020742364698077664,False,427.44966415444947,False,True,0.7377414251455334,0.9999947873046542,-0.005173524166668164,False,1.3324038581414828
HCA,180,0.5759627378949658,HCA Healthcare,Health Care,SP500,430.42999267578125,0.017468759411852774,0.022268760229515072,0.06480223935415186,0.08639721400784928,-0.1525528417866272,0.9064327485380117,0.7290448343079922,0.1189083820662768,0.567251461988304,-0.2061884112523199,0.19585925615292665,False,0.031431443067607256,True,0.0632357673406787,-0.03855812538212122,-0.05947483077891691,0.02233839477124855,False,596.5104304091186,True,False,0.8867722188710164,0.8982318546647104,-0.005555044572731149,False,0.9222436053691601
LYB,181,0.5751929290501749,LyondellBasell,Materials,SP500,64.9000015258789,-0.008100241125246432,0.006045564668016201,0.012976563187510282,0.04761099575084793,-0.06943967217078018,0.783625730994152,0.6588693957115009,0.2475633528265107,0.6003898635477583,-0.19572834391992766,0.6278818274909785,False,0.0046446182832737826,True,0.051405185254743024,0.0813197162339514,-0.04889188866068628,0.007664656040895279,False,255.8148040621109,True,True,0.9788603356110432,0.9932446246431151,-0.014825022408358368,False,1.0280985932772506
WMB,182,0.5743563627485762,Williams Companies,Energy,SP500,70.9000015258789,-0.010191201389502025,-0.049702389200092845,-0.027707649121191724,-0.000911252734913881,-0.02371787531372227,0.6101364522417154,0.5321637426900585,0.3489278752436647,0.3781676413255361,-0.0939265126339317,0.2928560939809741,False,-0.026147531726504636,False,-0.02457266092576471,0.01867416207435313,0.02519168772641356,-0.02194570083605718,False,505.8815896700592,False,True,1.0577058345236636,1.1578007478822838,0.0001396361386847289,False,1.3367539715374357
XYZ,183,0.5728905597326649,"Block, Inc.",Financials,SP500,76.62999725341797,-0.021453203391032627,-0.03488670301294783,-0.04451371359936773,0.026111367705859978,0.2816523846802168,0.5263157894736842,0.6198830409356725,0.8576998050682261,-0.03898635477582846,-0.09687685761373577,0.5610103282792156,False,-0.05365272134435406,False,-0.04801306394450788,0.10452161378556624,0.05043458279317092,-0.03317133015085694,False,364.81158397042844,False,True,0.8724077552537441,0.7349884950174541,0.0019792974604666558,False,0.9242255319092703
PRU,184,0.5709071003231061,Prudential Financial,Financials,SP500,117.04000091552734,-0.01902603880241971,-0.004677229692081064,-0.049524969021065623,0.08456541748403223,0.2700260070810392,0.49122807017543857,0.7251461988304093,0.8538011695906432,-0.12475633528265107,-0.05385461005024217,0.3043995125465193,False,-0.021390847175665084,False,-0.01799945633078026,0.10323784885230958,0.01832937511778332,-0.016147348689139918,False,207.5785901772461,False,True,1.091423015173742,0.8298506092136753,-0.001257177936079601,False,1.2873314539722542
CSCO,185,0.5681997993461584,Cisco,Information Technology,SP500,107.73999786376953,-0.021168364109337312,-0.015443684882511244,-0.045704194795131214,-0.095567030539774,0.3716291432281764,0.5165692007797271,0.24561403508771928,0.9142300194931774,0.08771929824561403,-0.1681303927331137,0.6359848627026836,False,-0.020768023291825588,False,-0.05088271045217041,0.12896963713994625,0.05361056111032547,-0.016295075877187926,False,2175.970174825241,False,True,0.5885432301102625,0.7278715133051263,0.00536026136931933,False,0.8147536898000326
SWK,186,0.5669663122799389,Stanley Black & Decker,Industrials,SP500,89.05000305175781,0.0053059518061373545,-0.028686706420849473,-0.09805207359832491,0.06151012857847027,0.27812379751176786,0.1968810916179337,0.6920077972709552,0.8557504873294347,-0.2436647173489278,-0.13629817167964875,0.49501636108092906,False,-0.05944237571994804,False,-0.05452093916976586,0.09551945781326587,0.057664882733511336,-0.02121807666392772,False,166.9309842801056,False,True,0.5994301786016896,1.0377565891016067,0.006434857564254326,False,0.9908420191319292
COR,187,0.5669563940292132,Cencora,Health Care,SP500,318.5,-0.014816444734809364,-0.014907853566220375,0.019134811201041435,0.13379390031386107,-0.044388830878396845,0.7914230019493177,0.8089668615984406,0.3060428849902534,0.005847953216374324,-0.145029483131782,0.26554009925350086,False,-0.01854443751627788,False,0.007349221096473624,-0.002333230595144564,-0.007295604088991325,-0.015761120910041226,False,425.25045454180906,True,False,0.7250672738213504,0.756718056275558,-0.00451613701031961,False,0.6818278346272757
HOOD,188,0.5668305085392326,Robinhood Markets,Financials,SP500,104.41999816894531,-0.054594829750177265,-0.09420541919976066,0.08488309785917214,0.0797228741336069,0.3499676823378477,0.9337231968810916,0.7212475633528265,0.9005847953216374,-0.13840155945419108,-0.31509908454275526,0.6025167633571769,False,-0.045141361836517624,False,0.012261121442393996,0.09902859539960396,-0.012112607293385702,-0.05988899517437174,False,2171.4364748343046,True,True,1.3293567741610495,1.1100242569339915,-0.0016296995033882045,False,1.6255131367473388
AJG,189,0.5661194462564326,Arthur J. Gallagher & Co.,Financials,SP500,243.77999877929688,-0.01717462756871513,-0.0020468315150588,-0.01427047721950192,0.1321507721564752,0.1725231914064298,0.6666666666666666,0.8050682261208577,0.746588693957115,-0.05263157894736836,-0.20559114578619908,0.2773174453692666,False,-0.052804166503762295,False,-0.04026146215921145,0.048757938118875854,0.041950448556323794,-0.023681942857521565,False,346.13931147918703,False,True,1.1623828878247078,0.9695734994520729,-0.007377788347843528,False,0.8592941340891919
TRMB,190,0.5647844878558649,Trimble Inc.,Information Technology,SP500,57.31999969482422,-0.02517006056869997,-0.001393760085853235,0.02926918851338378,0.12879088366960967,-0.14562523738801536,0.834307992202729,0.797270955165692,0.13840155945419103,0.5224171539961013,-0.31369729407690583,0.17290773373490564,False,-0.03225534395499552,False,0.007707232827537158,-0.1059932953986199,-0.007648285708847569,-0.016882468031080622,False,175.8779219297104,True,False,0.8139249506537642,0.6341353222449422,-0.011564631190457364,False,0.6764583820850523
IVZ,191,0.5639221722494974,Invesco,Financials,SP500,30.079999923706055,-0.022742064565422937,-0.06263634214161073,-0.0764507152118229,0.03702700543383375,0.28604308305239723,0.31773879142300193,0.6413255360623782,0.8596491228070176,-0.15399610136452235,-0.0969679170345179,0.39990494845886104,False,-0.06466207811906777,False,-0.02909686660139421,0.10608148753687918,0.02996886671849741,-0.045631554837660904,False,135.4332510660591,False,True,0.7257052292423118,0.8736021358520222,0.0025990877817219094,False,1.064204534076573
AFL,192,0.5635384122406474,Aflac,Financials,SP500,116.80999755859375,-0.006295240101680255,0.01804078554439159,-0.02960584067442318,-9.97907007606047e-05,0.0774855395936096,0.6023391812865497,0.5399610136452242,0.5594541910331384,0.14619883040935677,-0.09379940726668878,0.12821262556005264,False,0.0029278012081457305,True,-0.031215613949403198,0.026995163303154213,0.032221425529635805,0.0028136649792642743,False,246.54391113728332,False,True,1.1343327617809125,0.9701419615077939,-0.002722243186019546,False,1.2192023008091244
ALLE,193,0.5623800749972344,Allegion,Industrials,SP500,152.80999755859375,-0.011578321308236772,0.010695275135763627,-0.0539618038682822,0.13704155125911788,0.05534199549518126,0.4678362573099415,0.8167641325536062,0.5224171539961013,-0.08187134502923976,-0.14019119424023618,0.22550694672363347,False,-0.022727053271353492,False,-0.008347260194408457,0.021350138992501266,0.008417523452862063,-0.0077260492149581195,False,205.43528264031983,False,True,0.6339512535621469,0.7845894221108162,0.003945670027613923,False,0.7789024197374664
WAB,194,0.56051468091843,Wabtec,Industrials,SP500,276.3699951171875,-0.006292248060994821,-0.014618340947948005,-0.07980955421513769,0.01666637852430841,0.1639288290970511,0.290448343079922,0.5906432748538012,0.7290448343079922,-0.07407407407407407,-0.0952769762018103,0.4956174032870879,False,-0.03658013080642941,False,-0.03163622369397723,0.0773451535390921,0.0326697719060276,-0.015533962048403405,False,260.93616579815676,False,True,0.5439751526071943,0.7151113254030633,0.0055372090175429545,False,0.8700766062404133
AMT,195,0.56044315507185,American Tower,Real Estate,SP500,176.38999938964844,-0.007427872794716128,0.0054723066405264476,0.024153769757332633,-0.04380116971641168,-0.028189404579018085,0.8070175438596491,0.4015594541910331,0.3333333333333333,0.0935672514619883,-0.08266144551332466,0.08808832721936977,False,0.002113412233490486,True,0.022958718837412295,0.005695462603021895,-0.022443446069363104,0.0005650479492504967,True,434.5662028692322,True,True,0.6486606388173624,0.8887451835857235,-0.0018007276581447629,False,0.9266762989131764
CL,196,0.5602816020263749,Colgate-Palmolive,Consumer Staples,SP500,87.0199966430664,0.0002298464720276172,-0.011473385780257472,-0.03536196068929265,-0.034647417198768404,-0.020871964970796242,0.5789473684210527,0.43079922027290446,0.3586744639376218,0.08187134502923976,-0.11173305307654902,0.18167535198864515,False,-0.02812217259710259,False,-0.04328996515582628,-0.0028910876943423203,0.045248783413124105,-0.010861435431692157,False,403.2494633847351,False,False,0.6007481513439039,1.1202705492387535,0.0011494077485183496,False,1.3314019884073898
BR,197,0.5598152535066738,Broadridge Financial Solutions,Industrials,SP500,167.08999633789062,-0.01856096130460716,-0.006008386251949549,0.0016631559458877287,0.16846774690933186,-0.050124320625773766,0.7309941520467836,0.8771929824561403,0.2982456140350877,0.17738791423001943,-0.30275494447622076,0.2412813170918604,False,-0.0506602599239101,False,0.018015199005845917,-0.03311618286131468,-0.01769639492950481,-0.023312693376985827,False,185.48726109527587,True,False,0.8831850091391035,0.7274419699458083,-0.002584448995044064,False,0.7937677425998158
BG,198,0.5588386872813693,Bunge Global,Consumer Staples,SP500,117.12999725341797,-0.038025663613509564,-0.05157896960795172,0.02574651676288653,-0.012991639355244278,-0.058611616647208264,0.8226120857699805,0.4951267056530214,0.2807017543859649,0.3567251461988304,-0.10304751332797779,0.5573564002861424,False,-0.0070783984814087875,False,0.017104607758057,0.02793764867316395,-0.016816960249309787,-0.027363130997944518,False,165.3316243665619,True,True,1.0769483456557263,1.0874870067425972,-0.01018401339856001,False,1.2500984030395146
EXPE,199,0.5552520952304658,Expedia Group,Consumer Discretionary,SP500,286.9700012207031,-0.020847501131080914,0.05271458105445048,-0.0976963770574607,0.17992974577844456,0.19375687429098964,0.20077972709551656,0.884990253411306,0.7777777777777778,-0.09161793372319693,-0.1525854506081359,0.5310522849899064,False,-0.06394480162568461,False,-0.0331135613812521,0.10768429511772637,0.034247622118432686,-0.011203355968840811,False,483.00450323059084,False,True,1.128866746782454,1.091785214709348,-0.009553664259768002,False,1.2085428408665426
ERIE,200,0.5541105427190502,Erie Indemnity,Financials,SP500,245.5800018310547,-0.02007102177505482,0.007177131554190641,-0.008758822074451333,0.09459882968612843,0.005400088094075217,0.6803118908382066,0.7543859649122807,0.4015594541910331,0.031189083820662766,-0.24323403354923645,0.19178379202934148,False,-0.037348886801280345,False,-0.002472086623547365,-0.020507465807522718,0.002478212980707273,-0.014422330276276929,False,70.31705171603393,False,False,0.6728788212036257,0.552027800262372,-0.006184920984728559,False,0.5465790861581243
CMG,201,0.5532562380074997,Chipotle Mexican Grill,Consumer Discretionary,SP500,33.68000030517578,-0.033017555711224666,-0.06522338478322187,-0.0023696096070714434,0.03281201088001717,-0.021214749941105504,0.7095516569200779,0.6354775828460039,0.35477582846003897,0.26705653021442494,-0.20491029698084184,0.19517388007230863,False,-0.08271372121422116,False,-0.04066355191804205,-0.03752315877560308,0.04238716458583691,-0.06010353150087766,False,572.643323256279,False,False,0.815998533286051,0.7399124933295397,0.01177145638409205,False,0.793045115482515
GL,202,0.5531461835715621,Globe Life,Financials,SP500,172.97999572753906,-0.0017888947464028693,0.018607868725899257,-0.03583974027825243,0.02439471577797181,0.24341470182891278,0.5750487329434698,0.6159844054580896,0.8323586744639376,-0.08187134502923976,-0.07010003357392869,0.3350044219805999,False,0.0018301152779398588,True,-0.02551641771569979,0.11618085098603625,0.026184553726278814,0.0021839212490915028,False,96.85743148471069,False,True,0.9270440607393893,0.6536348546498818,0.004097217042964729,False,0.6723152766584624
FAST,203,0.5529596441636816,Fastenal,Industrials,SP500,49.029998779296875,-0.007690772501290244,0.004918996910556528,-0.042943603017713716,0.07055486038513403,0.0790713262778382,0.5360623781676414,0.7076023391812866,0.5633528265107213,-0.05653021442495121,-0.06395575067785886,0.2729487253893892,False,-0.015679285806202148,False,0.0044756613008591906,0.08165058396957958,-0.004455719011710935,-0.0053459644284769015,False,365.6862911100998,True,True,0.8692861544117397,0.8387129629113895,0.003845347648163022,False,0.7946956338776875
UNH,204,0.5474777125462057,UnitedHealth Group,Health Care,SP500,375.260009765625,-0.0017822012694105327,-0.03940694480346685,-0.04562282584905397,-0.07378703697147793,0.32046868642439263,0.5185185185185185,0.31773879142300193,0.8830409356725146,0.04093567251461988,-0.13470678982265127,0.4660149518617578,False,-0.036118134655484635,False,-0.0713265625752354,0.07346637958091118,0.07680478379248767,-0.02203055015858868,False,1988.1246349699707,False,True,0.8551516644346872,1.023115131330878,-7.979884521414071e-05,False,0.8947872546980942
NDAQ,205,0.5451736266083779,"Nasdaq, Inc.",Financials,SP500,88.76000213623047,-0.005267300269204855,-0.05476480492843838,-0.07881603687158467,-0.002575191263914145,0.03364743589231001,0.30409356725146197,0.5263157894736842,0.4775828460038986,0.05263157894736842,-0.11207623385021748,0.15888183469478112,False,-0.07155092895196302,False,-0.05439533982732969,-0.012733578998907813,0.057524399062708786,-0.036749394554506765,False,303.87159192622374,False,False,0.6526874222580212,0.961397542485203,0.00011200836557145877,False,0.9511930512844464
GWW,206,0.544421365437948,W. W. Grainger,Industrials,SP500,1258.260009765625,-0.008877316228188659,-0.016084973761893107,-0.04509443986646822,-0.044708497828652494,0.18557603632571773,0.52046783625731,0.3996101364522417,0.7641325536062378,0.015594541910331383,-0.10079155240091553,0.37843904639363957,False,-0.031047424343918384,False,-0.05195196740928332,0.06108055957462044,0.054798876874745384,-0.01697359401914933,False,340.6884744772949,False,True,0.9019607560893537,1.0294426837150266,0.0038281767578622894,False,1.0283488658892583
VMRK,207,0.5444167877837668,Vivmark Residential,Real Estate,SP500,62.9900016784668,-0.04022544088730218,-0.03062483188152154,-0.010524633530493932,-0.04150124714045811,0.055639140332241155,0.6744639376218323,0.40545808966861596,0.5263157894736842,0.1364522417153996,-0.10206699489194915,0.11098827687746815,False,-0.03994754786919308,False,-0.05534457288963923,-0.003487826794007276,0.05858704804029413,-0.0321245233266888,False,307.2634644164124,False,False,1.1370027911269083,1.5568789635203417,-0.0030473404938589077,False,1.7422631651264635
ROP,208,0.5437577963172773,Roper Technologies,Information Technology,SP500,375.82000732421875,-0.021149125033999794,-0.03722300128629619,-0.03564184761852707,0.11689603560754747,0.07037026510435296,0.5769980506822612,0.7855750487329435,0.5497076023391813,-0.021442495126705596,-0.2721215902540929,0.19710646155604872,False,-0.07506966670968407,False,-0.034514138952344786,0.007720497859048381,0.035747948618215286,-0.04173665004847227,False,294.2225018239746,False,True,0.8175228295965237,0.9114228076921052,-0.015705575717438136,False,0.9629779167901086
WFC,209,0.5429975242520303,Wells Fargo,Financials,SP500,87.05000305175781,-0.029759230189680408,-0.0292181908184187,-0.005597416708304159,0.02939172263829093,0.15506107039931138,0.695906432748538,0.6276803118908382,0.7173489278752436,-0.15009746588693962,-0.08203067707713585,0.19245133863942576,False,-0.0020577573664674054,False,0.0009664278856647002,0.03169418994735396,-0.0009654948045620948,-0.01732716177837712,True,1239.3841391408844,True,True,1.0359030804702523,0.9987960939313177,0.0,False,0.954143420068178
WM,210,0.5411660811084026,Waste Management,Industrials,SP500,214.0,-0.014959723820483273,-0.006903669888804198,-0.04050633327075681,-0.016671503366069373,-0.08545958956777222,0.5477582846003899,0.4873294346978557,0.22807017543859648,0.16569200779727095,-0.12078362181851743,0.10572577784621195,False,-0.0219408132547928,False,-0.0522558627997034,-0.041711137902373685,0.055137099506699094,-0.011035482033166066,False,446.112500645813,False,False,0.6896387645804831,1.085893724388942,-0.0030379915402042323,False,0.8846666151401604
FCX,211,0.5360780184860934,Freeport-McMoRan,Materials,SP500,69.23999786376953,-0.002017863868415515,-0.09169625062765108,0.012576786266375262,-0.01057657735053652,0.19746760985310696,0.7797270955165692,0.49902534113060426,0.7875243664717348,-0.031189083820662766,-0.13352528230954397,0.9803153867336647,False,-0.06373602496087705,False,0.019632740991903486,0.11976072119007641,-0.019254718098601464,-0.031076972081852117,False,959.2825657013474,True,True,1.0234504620091636,0.8863856007723524,0.010233483894202422,False,0.7678003424120665
NUE,212,0.5340695727141292,Nucor,Materials,SP500,260.67999267578125,0.007186404833195548,0.010740137933156202,-0.04400762917090184,0.008646865044999563,0.6177904713383999,0.5282651072124757,0.5633528265107213,0.9532163742690059,-0.2222222222222222,-0.05117564991758006,0.9965514807316265,False,0.02769303981325444,True,0.030415980021701428,0.24692785269113604,-0.029518156367354442,0.010937485227262789,False,336.05432563461306,True,True,0.9703471157507283,0.7167912177908384,0.01089563111203451,False,0.8146651693256433
DASH,213,0.5304795474225901,DoorDash,Consumer Discretionary,SP500,196.75999450683594,-0.007565822866742233,-0.0024588741025515226,-0.07502823722395635,0.15720752760949708,0.15870677425186908,0.3235867446393762,0.8538011695906432,0.7212475633528265,-0.07797270955165692,-0.3016256075569732,0.34215543188928565,False,-0.09551956701475972,False,-0.04143567263435888,0.04311625697678623,0.04322680434836723,-0.03854815913503318,False,806.7308106609497,False,True,0.7718997079063773,0.7158690006270311,0.0002522094882642101,False,0.7703779602732771
SBAC,214,0.5303693022510615,SBA Communications,Real Estate,SP500,180.02000427246094,-0.017036120604922544,-0.035985868175146485,-0.004656464566222263,-0.07391807883971291,-0.025607533893526657,0.6998050682261209,0.3157894736842105,0.341130604288499,0.22612085769980506,-0.184994247261707,0.10419341678293281,False,-0.03092354105102535,False,-0.01520181376494989,-0.053705469562656094,0.015436476201349913,-0.02258071227757308,False,176.431768072052,False,False,0.6496160382726517,1.0252580934079913,-0.0020202856744598874,False,0.8986162698149499
LLY,215,0.5292882129219548,Lilly (Eli),Health Care,SP500,1137.8199462890625,0.0015051015830751524,0.012106266466642035,-0.038321179367810876,0.015100580874507052,0.22686290637521078,0.5672514619883041,0.5847953216374269,0.8148148148148148,-0.16179337231968816,-0.11131420039671847,0.6023116486556712,False,-0.031050917457886573,False,-0.03492359199474315,0.07067208667851754,0.036187385480624945,-0.0017417539836489526,False,2956.883551697266,False,True,0.784514683260435,0.7437616324941583,0.0010563002329533333,False,0.5817470074766753
KMI,216,0.5286418100044632,Kinder Morgan,Energy,SP500,30.729999542236328,-0.001299997235367334,-0.021649166140693454,-0.04948970609959791,-0.013446843635130046,-0.059092273532664996,0.49317738791423,0.49317738791423,0.27680311890838205,0.31189083820662766,-0.09597108969482337,0.23609255190591028,False,-0.022427249507991576,False,-0.030599490848441158,-0.001663598224733498,0.03156537525983194,-0.012280075659702905,False,332.0743882065277,False,False,1.0892315364817535,1.20582308660387,-0.00292493179229647,False,1.2644343987193116
REG,217,0.528522981731345,Regency Centers,Real Estate,SP500,73.26000213623047,-0.010668479175823475,-0.01776090646805717,-0.03100846379834865,-0.06208008376713792,-0.03449862796403458,0.5964912280701754,0.35477582846003897,0.3216374269005848,0.07212475633528265,-0.10496029693178566,0.13511002629386737,False,-0.02217520209689572,False,-0.05107104884226821,-0.017844658216101594,0.053819676151686036,-0.014677478509441122,False,98.82028080245972,False,False,0.6541232065863237,1.1423317108290423,-0.0005401878984310216,False,1.1382222712446624
NTRS,218,0.527706061195607,Northern Trust,Financials,SP500,176.63999938964844,-0.011748942816251273,-0.04358656638337377,-0.0731020307832243,0.015060429538388265,0.3034387727883763,0.33723196881091616,0.5828460038986355,0.8771929824561403,-0.14814814814814814,-0.0731020307832243,0.46985184451104645,False,-0.04127691615302831,False,-0.040055893405280596,0.11106718788212344,0.041727318424167326,-0.03232903610684135,False,191.36336785565186,False,True,1.0669272122007534,0.9797245424395038,0.00016783472292125623,False,1.0657989877078815
ESS,219,0.523779196850574,Essex Property Trust,Real Estate,SP500,271.3399963378906,-0.017062096226609924,-0.01104347717760723,-0.04140465386062564,-0.024323683417263542,0.10208539583327392,0.5419103313840156,0.46393762183235865,0.6257309941520468,-0.015594541910331383,-0.09047025592191726,0.15474962620478938,False,-0.034090206661940514,False,-0.05204561609971092,0.025775692177731457,0.0549030807638371,-0.014918585504478221,False,133.4257206920166,False,True,0.8447472217642187,0.9092273325587079,-0.000796961530272311,False,1.17276524361831
CHD,220,0.5224223038570551,Church & Dwight,Consumer Staples,SP500,95.51000213623047,0.010580890671852528,0.0033616943651324505,-0.025209237967721898,-0.0266081098113653,-0.012290618364610872,0.6179337231968811,0.45419103313840153,0.3762183235867446,0.04093567251461988,-0.08688973110020903,0.1827255026614587,False,-0.02882213998298211,False,-0.032052183178965854,0.007276924150525721,0.03311354457540161,-0.0038913098718130756,False,179.8733405828247,False,True,0.8502310496158173,1.123931249177884,0.0026452226679631874,False,1.0123120368965222
ED,221,0.5221512685824149,Consolidated Edison,Utilities,SP500,105.41999816894531,0.0017103792173085441,-0.019257602902250426,-0.0248223521711618,-0.019243262856399435,-0.06723339001781947,0.621832358674464,0.4775828460038986,0.2553606237816764,0.10526315789473684,-0.07175743285116165,0.13324826760176633,False,-0.01637968388719957,False,-0.027577570763544057,-0.005486006446609015,0.028359661330722208,-0.009232866705977005,False,229.80859809194945,False,False,0.743861017665073,0.8018924908169082,0.006461424543698913,False,0.8674452461982107
ECL,222,0.5196558748469347,Ecolab,Materials,SP500,274.0799865722656,-0.0018937345946524742,0.009544585782850001,-0.0037408583419044072,0.0034254357964575988,0.01088475925472987,0.7037037037037037,0.5555555555555556,0.4171539961013645,-0.05653021442495121,-0.10395461872700851,0.1213815649005272,False,-0.020965127013054863,False,-0.011098664551737691,0.009031790708303733,0.011223227387701762,-0.0054701591913082215,False,357.4558850557251,False,True,0.7256995608509259,0.8886713590950761,0.0036052083480355712,False,0.9871281962080362
KR,223,0.5188721423040097,Kroger,Consumer Staples,SP500,61.13999938964844,-0.017831335106049173,0.08327428910877543,0.09042268097768913,-0.04008257424267214,-0.1650864893642513,0.9395711500974658,0.4093567251461988,0.10721247563352826,0.3645224171539961,-0.18143127274272453,0.108581010048862,False,0.04928947548380891,True,0.05878357617795604,-0.03148166535842134,-0.05551991691272318,0.0274268691473869,False,396.3466392106018,True,False,0.872001216135094,1.400917304478568,-0.005140557346573815,False,1.2406921472175032
INTC,224,0.5180168839145047,Intel,Information Technology,SP500,101.05000305175781,0.04025122181054952,-0.048851608776073197,-0.02357710756959952,-0.13669371706829458,1.2934634566991616,0.6296296296296297,0.15594541910331383,0.9902534113060428,0.003898635477582846,-0.2830282297336565,3.058233116459875,False,0.07221113451126526,True,0.03959625089524965,0.32140304246008267,-0.03808810474369395,0.024496854249337563,True,10189.835198992127,True,True,0.6847592144941749,0.9230613370010279,0.04354543322536153,True,1.1301816788155736
BF-B,225,0.5172495546323953,Brown–Forman,Consumer Staples,SP500,25.739999771118164,-0.01680674289261297,-0.015678770684248056,-0.058774079939918566,-0.024464130811936102,0.13111466715481246,0.43859649122807015,0.4619883040935672,0.6686159844054581,0.021442495126705652,-0.14420415811885867,0.14847824965818424,False,-0.047136077098363094,False,-0.046348900041546126,-0.036404626709528376,0.048601527375751186,-0.022836905669120888,False,61.46975824095535,False,False,0.8995781246252729,1.0439599516385216,0.0007639594167505592,False,1.0042178116689855
CBOE,226,0.5165739691694992,Cboe Global Markets,Financials,SP500,270.42999267578125,-3.701288838420247e-05,-0.0734573707475411,-0.08074165992550453,0.022399460409098237,-0.07217865700466397,0.28460038986354774,0.5984405458089669,0.24561403508771928,0.5672514619883041,-0.2589320868034892,0.17135857145132638,False,-0.08333336048746653,False,-0.06385687443508758,-0.05080281453351454,0.06821272590828809,-0.046765073618994846,False,298.62342494451906,False,False,0.8066944092540027,0.9096887372515343,-0.007247416940483031,False,1.1039212602653554
MNST,227,0.5161364217240209,Monster Beverage,Consumer Staples,SP500,44.56999969482422,-0.0013444179219139762,0.0403828089653222,-0.020869963826580462,-0.04098975453130238,0.14885943545427693,0.6354775828460039,0.4074074074074074,0.7076023391812866,-0.007797270955165692,-0.10806486679935534,0.3932478903942904,False,-0.021342951253137343,False,-0.04597392239979614,0.060361113166084834,0.048189377082271,0.006619796814453238,False,491.62026526792147,False,True,0.8701076326715077,0.8212009354474573,0.0006721662240403159,False,0.7511393671244115
CVS,228,0.5148897739020306,CVS Health,Health Care,SP500,91.72000122070312,-0.029315236593189797,-0.038372784001979854,-0.024359119917994332,-0.08371884151817965,0.24445753802674086,0.6237816764132553,0.2729044834307992,0.834307992202729,0.05847953216374269,-0.16557111611225594,0.32845119093385455,False,-0.031196679518850967,False,-0.07695770726306705,0.06304467036735883,0.08337397740993868,-0.03012682034038161,False,726.6784422655182,False,True,0.8099724262673924,0.6847048439324995,-0.0003174810030170949,False,0.9977660695701867
RJF,229,0.514417894050194,Raymond James Financial,Financials,SP500,164.57000732421875,-0.024770326967592626,-0.062118845504392284,-0.08307326029779127,0.043248348447575635,0.14715183478178373,0.27485380116959063,0.6491228070175439,0.7037037037037037,-0.06627680311890838,-0.09167670837301445,0.17662640268541452,False,-0.059376899706519604,False,-0.0556368706889111,0.02704739336882156,0.0589147002483017,-0.04177542793181577,False,199.1168713309326,False,True,1.0601924770969238,0.9659456658833874,-0.02269630714699078,False,1.204224335524486
EW,230,0.5131950881770637,Edwards Lifesciences,Health Care,SP500,89.27999877929688,0.04128762542252429,0.03597120518848396,-0.016848351728119604,0.007902426436807497,0.05945178991107358,0.6530214424951267,0.5594541910331384,0.530214424951267,-0.04678362573099415,-0.061987828398421096,0.22890566970592752,False,0.0027066703691580596,True,0.005940082398196989,0.05056427598675173,-0.005905006174955818,0.02137810399538398,False,343.1127955563202,True,True,1.0692399505911492,0.9175486404681923,-0.008747376005206586,False,1.2894442846343732
STE,231,0.5104603212750293,Steris,Health Care,SP500,209.89999389648438,-0.0018071375547769053,-0.024129445951791895,-0.08361069486341233,0.019516967360796666,-0.04071719956490594,0.26705653021442494,0.594541910331384,0.3138401559454191,0.06627680311890838,-0.21197109110678025,0.05586981152394355,False,-0.07010923443555028,False,-0.06537323927683836,-0.08692747012484958,0.06994582439117858,-0.02681949027070718,False,154.68293357446288,False,False,0.6397766265561252,1.0014608630999922,-0.004470241805512143,False,0.9306068517111815
INTU,232,0.5070251732832843,Intuit,Information Technology,SP500,318.1300048828125,-0.03383237009916751,0.013346507003956232,-0.05205602176096058,0.13719071517727843,-0.3021104755222799,0.47953216374269003,0.8187134502923976,0.03313840155945419,0.7719298245614035,-0.5417910338857578,0.2527510362446326,False,-0.0709620331468993,False,-0.014827279985101027,-0.2306639604916595,0.01505043702882558,-0.030539209441632353,False,1254.7954266542968,False,False,0.8233288193424271,0.7231429793323604,-0.021441363604809416,False,0.626565968958902
BLK,233,0.5066646830165215,BlackRock,Financials,SP500,1037.239990234375,-0.020233165750806914,-0.03245248557572422,-0.09113954460230433,-0.009187185702002054,0.07973957866740866,0.2378167641325536,0.5029239766081871,0.5692007797270955,0.02729044834307992,-0.11906271616324648,0.13602546109291924,False,-0.07155749656266297,False,-0.05632924043289134,-0.012025139789326289,0.05969162428931396,-0.03592141632940138,False,716.2976205268554,False,False,0.7207740819012975,0.7358166049056477,0.0044584385456492015,False,0.9733768606868763
PEP,234,0.505121822821895,PepsiCo,Consumer Staples,SP500,134.33999633789062,-0.008560912635493523,-0.017192231045009887,-0.017830446599524263,-0.07079704579499035,-0.12329950880867258,0.6510721247563352,0.3255360623781676,0.17348927875243664,0.2046783625730994,-0.18804956895856073,0.010360082764983902,False,-0.030978754156799626,False,-0.024485485169194465,-0.0761546462489201,0.02510007262520464,-0.015780573819194843,False,1059.7493086077882,False,False,0.591466774332876,1.091796557408305,-0.0005904194173778077,False,0.8881682721772934
DG,235,0.5045225315953507,Dollar General,Consumer Staples,SP500,123.01000213623047,-0.013552484790462116,-0.012523059825122251,0.024400401902875624,0.08692205576136214,-0.051220666145293636,0.8128654970760234,0.7348927875243665,0.29434697855750486,-0.009746588693957059,-0.20491762453958884,0.3003279699157404,False,-0.022123630834879116,False,-0.008049451055834766,-0.024117534403282015,0.00811477050383469,-0.021859430094376853,False,298.35044529708864,False,False,1.0239599209560324,1.0126546447541502,-0.0025661563965958534,False,0.9626639573397312
TROW,236,0.5041837851859482,T. Rowe Price,Financials,SP500,102.4000015258789,-0.01755734214828608,-0.03774012363907864,-0.061435150204733224,-0.048339728184439434,0.18698810161822954,0.42300194931773877,0.38596491228070173,0.7680311890838206,-0.165692007797271,-0.14797935589273148,0.21728595239861637,False,-0.05473911920176189,False,-0.08374518666590247,0.01153767271605921,0.09139945072830535,-0.029895142598435953,False,191.3972367351532,False,True,0.5725688197615041,0.9700252671813903,0.0013431774454522039,False,0.8952742011116087
CCEP,237,0.5036220688708072,Coca-Cola Europacific Partners,Consumer Staples,NDX,102.7300033569336,-0.0027181707940028277,-0.010498905231117628,-0.026901547277638826,0.03516732737091477,0.030340225847982127,0.6159844054580896,0.6393762183235867,0.47368421052631576,-0.11306042884990253,-0.08038667801571264,0.22358535324470297,False,-0.03614567446739769,False,-0.03825986573157558,0.05253131066346395,0.03978191651602336,-0.015721388414285498,False,187.0046334278717,False,True,0.9075516212022837,0.9075827919886323,0.0030093927984176094,False,1.3718304107531571
ROK,238,0.5031999710081901,Rockwell Automation,Industrials,SP500,414.9200134277344,-0.004987977391524234,-0.026192202159766254,-0.06675661778751951,-0.10746470749725501,0.16814126673842478,0.38791423001949316,0.21832358674463936,0.7348927875243665,-0.015594541910331383,-0.15933154359727053,0.2598360501554908,False,-0.028478068741650264,False,-0.06743034995564035,-0.011563170874189233,0.07230596658644517,-0.017210196885011575,False,339.4957624108887,False,False,0.5424736995978807,0.9836155923502689,0.005323743934539937,False,0.8834924426334866
MSTR,239,0.5030237313222173,Strategy (MicroStrategy),Information Technology,NDX,126.18000030517578,-0.02638893238637796,-0.04913335940474395,0.2917690408574851,0.027440785062911255,-0.16036730549562128,0.9961013645224172,0.621832358674464,0.1111111111111111,0.6198830409356726,-0.6491979219641208,0.5329851056714274,False,-0.015507054212822058,False,0.15924187149650892,-0.08135551255328355,-0.13736725304007313,-0.03450631152656802,False,2373.503642566086,True,False,1.402584595906061,0.9329459396400943,0.003240726459610155,False,1.0553781778577174
GIS,240,0.5016777102573786,General Mills,Consumer Staples,SP500,36.810001373291016,0.00628757601758978,-0.007549171694391066,-0.030805639364060444,0.08858068430337651,-0.017056194885565867,0.5984405458089669,0.7387914230019493,0.36062378167641324,0.011695906432748537,-0.23497847289049312,0.16404043896274145,False,-0.05519689849119547,False,-0.025944006439126532,-0.046339499483358026,0.02663502571785692,-0.012155801496684382,False,336.72505730477906,False,False,0.9689552395159647,0.9701885968106022,-0.000820191156159833,False,0.7035275642342536
USB,241,0.4980550691797988,U.S. Bancorp,Financials,SP500,59.72999954223633,-0.040019312594263834,-0.03831912807482041,-0.0792354399062597,0.022944192535250263,0.17997694435106082,0.2982456140350877,0.6023391812865497,0.7563352826510721,-0.2378167641325536,-0.08697644124071546,0.3571462993816079,False,-0.04132126034359973,False,-0.05346430129716717,0.0551348294797791,0.05648418899618535,-0.0363279013088561,False,454.8590078071899,False,True,1.04946834394009,1.2101244578853791,-0.0012857896092112187,False,2.496857238821812
FISV,242,0.4976608187134503,Fiserv,Financials,SP500,49.45000076293945,-0.0113954356179089,0.01644397146904497,-0.05286340490195551,-0.007625949310690383,-0.1504895801290247,0.47368421052631576,0.50682261208577,0.12085769980506822,0.37037037037037035,,,False,-0.04242752406763062,False,-0.050386175882638384,-0.14650952255915506,0.05305964867294444,-0.022700454999495134,False,377.5509689058609,False,False,0.7601020537781009,0.8331124679675983,0.001399434110028075,False,0.5104944463824853
TXN,243,0.4974981212544299,Texas Instruments,Information Technology,SP500,260.6700134277344,-0.010477088125055434,-0.0035168887305916385,-0.07861153704885282,-0.14296337040293883,0.3542603669676043,0.3079922027290448,0.14619883040935672,0.9064327485380117,0.017543859649122806,-0.21149434115469223,0.7286558195725916,False,-0.0013064188137358324,False,-0.05242692786183134,0.08086261817128526,0.05532758306811281,-0.004144935662016236,False,1794.0381937484742,False,True,0.5203030691040418,0.8017363459994545,0.014501034166296556,False,0.5539389339372142
PYPL,244,0.4952958881221318,PayPal,Financials,SP500,52.709999084472656,-0.020442338984298036,0.010350794220437276,-0.12617507726340516,0.21054279544631016,0.14923864741322923,0.13060428849902533,0.9122807017543859,0.7095516569200779,-0.031189083820662766,-0.2999105230198025,0.36066752384509626,False,-0.06600844472379663,False,-0.060796397721774365,0.04389567128695271,0.06473186173296241,-0.022789248942092666,False,807.6135595784531,False,True,1.2345966894576774,0.650780107990353,-0.0033451087266673785,False,0.5710814698715434
PLD,245,0.49471147427167617,Prologis,Real Estate,SP500,133.74000549316406,-0.00764252878586591,-0.006325885715263935,-0.041375111956243216,-0.07745805830944907,0.01929414736366164,0.543859649122807,0.3060428849902534,0.44639376218323584,0.03508771929824561,-0.10168047779266876,0.24012228627280408,False,-0.029372329078448778,False,-0.04793192369648802,-0.01300905457300039,0.05034505923419674,-0.010799289072750184,False,581.4941175788574,False,False,0.621714117271166,0.763953798096714,0.001706692921855213,False,0.6992284292689805
LYV,246,0.4940467607374601,Live Nation Entertainment,Communication Services,SP500,171.1300048828125,0.0052279097799028396,0.006706273032588861,-0.07216437531127295,-0.017059167814946763,0.09825437581155949,0.3508771929824561,0.4834307992202729,0.6179337231968811,-0.06237816764132553,-0.09195585914080051,0.36239156158964003,False,-0.034669081318923434,False,-0.04812386809148139,0.057188138397229915,0.050556859740765514,-0.007147812832631328,False,340.2902779251404,False,True,0.807944269029501,0.9403371559536221,0.004992897188085932,False,0.9050589341923414
SW,247,0.49223667998001086,Smurfit Westrock,Materials,SP500,44.58000183105469,0.01990397540161659,0.05639812855656112,-0.06755907654168702,0.021260330246289927,0.1352399226204597,0.37816764132553604,0.5964912280701754,0.6764132553606238,-0.2943469785575049,-0.12229141335853666,0.39990303057890864,False,-0.03464699608967503,False,-0.03333736645023411,0.06026004165878107,0.034487074697211684,0.007092177231065477,False,218.8375652938614,False,True,0.7032664153831757,0.9022282031928958,0.015099516386093192,False,1.1555374966965073
ADSK,248,0.491871612059067,Autodesk,Information Technology,SP500,220.30999755859375,-0.027328929101131383,0.0662569101003112,-0.08827181710367293,0.09400135175682922,-0.12893405363924115,0.2475633528265107,0.7504873294346979,0.15984405458089668,0.4307992202729045,-0.3218309194954406,0.17360961072855763,False,-0.07621606061254405,False,-0.05358779147944559,-0.09842535377667783,0.05662204163998985,-0.017924533289751632,False,495.65681699557496,False,False,1.2237203375536547,1.1178582114681321,-0.017395154266694246,False,0.8818899549228235
EVRG,249,0.4912454271142087,Evergy,Utilities,SP500,80.38999938964844,0.0023691078383565323,-0.010219180233687508,-0.03418034720779839,-0.03464047293544703,-0.012916544532761809,0.580896686159844,0.4327485380116959,0.3723196881091618,0.001949317738791423,-0.08020830114417932,0.16713120215241117,False,-0.013274588357987671,False,-0.030871483250387355,0.009824948124793842,0.03185489098383787,-0.007733822960652947,False,168.98473298527526,False,True,0.9043011492955034,1.1260007063809747,0.00523698022845176,False,0.957173474742993
PTC,250,0.4900958637079762,PTC Inc.,Information Technology,SP500,131.16000366210938,-0.011977373543432202,0.017611950370163942,-0.10152070488541531,0.10983248708254689,-0.14897477408833382,0.18323586744639375,0.7758284600389863,0.12475633528265107,0.4346978557504873,-0.3638876661860384,0.1676311005440485,False,-0.09693985475534772,False,-0.050947506861862,-0.10961036192536266,0.0536824962056619,-0.03415172201200012,False,196.8371052349243,False,False,0.9699061225580006,1.0586193598148863,-0.01258002387152779,False,0.858254659989501
PKG,251,0.4897552099426649,Packaging Corporation of America,Materials,SP500,231.4499969482422,0.0010379751196150089,0.024938309327932284,-0.07914779427334773,0.014802788162399105,0.08574856439000023,0.3001949317738791,0.5789473684210527,0.5828460038986355,-0.20467836257309935,-0.09510159677211705,0.23806935611004,False,-0.02427189050082046,False,-0.03560809975549295,0.04493373714860249,0.0369228523657914,-0.003592096507080478,False,148.80481869720458,False,True,0.7803523218336856,1.0937842190016103,0.0070498230037276954,False,0.8284912586404607
HAL,252,0.4892341203083813,Halliburton,Energy,SP500,34.5099983215332,-0.032520322594858375,-0.07056295909541233,-0.0017230907624679048,-0.06800647552187622,-0.023073657674943626,0.7134502923976608,0.3333333333333333,0.3508771929824561,0.29239766081871343,-0.18991032104899697,0.6136003418911962,False,-0.03552650837815008,False,0.006533973983095853,-0.009688158871876129,-0.006491558309988488,-0.03334905310951941,False,386.8554335084076,True,False,0.8739185187104729,0.9127324825508273,-0.00588727488793328,False,1.2270100310153154
BAC,253,0.48837466573587696,Bank of America,Financials,SP500,57.900001525878906,-0.02721772378067,-0.07611292137279924,-0.08913111291706921,0.023846060498377453,0.23726274125303637,0.24561403508771928,0.6101364522417154,0.8245614035087719,-0.28460038986354774,-0.10206119393183943,0.25209289326190754,False,-0.060720015673666694,False,-0.061697093518991775,0.059581488433744445,0.06575391922250273,-0.04597757183166651,False,1981.0052200145722,False,True,1.3315875130029433,1.3902179221367266,-0.004200268784900318,False,1.5747771770147616
ITW,254,0.4871106609751166,Illinois Tool Works,Industrials,SP500,267.3299865722656,-0.004728293009645501,0.012651980989602407,-0.06944448723128083,0.01192296424855055,0.010867915784211535,0.3723196881091618,0.5730994152046783,0.4152046783625731,-0.14035087719298245,-0.10086781922902988,0.1299547353486472,False,-0.025992534009936175,False,-0.044543014952431736,0.006219784749799784,0.04661959214230249,-0.006701641972916561,False,349.06764151190185,False,True,0.6669936132882798,0.9894463964418638,0.00450480799546904,False,0.9589063089532709
ADI,255,0.48378137123630993,Analog Devices,Information Technology,SP500,362.0400085449219,0.001909512743189401,-0.008299774614478062,-0.06953196073145651,-0.12705993974134966,0.1609314047704813,0.37037037037037035,0.1695906432748538,0.7270955165692008,0.04678362573099415,-0.1848274899130078,0.6277444362119591,False,-0.008548254710680436,False,-0.030234526463435385,0.03201940325334762,0.031177152918401285,-0.004850457481447523,False,1348.8121919143678,False,True,0.6390378811031799,0.8863993656427753,0.012259561646478012,False,0.8376388385281052
CAH,256,0.48375733855185915,Cardinal Health,Health Care,SP500,232.5399932861328,-0.00047281587465031194,-0.03108336130778,-0.013239456536927041,0.02338920569277314,0.07973343450692583,0.6705653021442495,0.6042884990253411,0.5672514619883041,-0.1949317738791423,-0.06463942433838532,0.5932623720128045,False,-0.018321542609978314,False,-0.005970022434581224,0.07628699386358173,0.006005877658944447,-0.015038682389782232,False,443.269912898407,False,True,1.0102080312414625,0.7915675463735411,0.0018053446754924263,False,0.629875913516169
CPRT,257,0.4825064945468695,Copart,Industrials,SP500,30.81999969482422,-0.007087667983703971,-0.03777705684006327,-0.027760285392297135,0.0026024698861975004,-0.09486048794740487,0.6081871345029239,0.5497076023391813,0.2222222222222222,0.34502923976608185,-0.3389103303100779,0.13433933044832513,False,-0.052901691436633924,False,0.014549987130639375,-0.09716995343631829,-0.014341321093295667,-0.021629411387505293,False,328.70766674455643,True,False,1.1919659834748808,1.1658260823413897,-0.015141791457487175,False,0.687056192463105
TMUS,258,0.4820817263859802,T-Mobile US,Communication Services,SP500,176.25999450683594,-0.023328013993409447,-0.006090007067536707,-0.015782330939626,-0.03841791542997375,-0.16456923772003296,0.6608187134502924,0.42105263157894735,0.10916179337231968,0.22417153996101363,-0.2484717817504346,0.05692051851563806,False,-0.026158969147659028,False,-0.026074753673753004,-0.07984387663230319,0.026772849119693687,-0.021812119326673485,False,787.838792975586,False,False,0.6603695261816905,0.9145858676837936,0.0011635809478458548,False,1.2139638123473615
TAP,259,0.4818791651884658,Molson Coors Beverage Company,Consumer Staples,SP500,39.11000061035156,-0.00407435308242976,0.016372169324579522,-0.028820094012360076,-0.025471133801800105,-0.06010333823704539,0.6062378167641326,0.4580896686159844,0.2709551656920078,0.18518518518518517,-0.25612645582955806,0.029556881263041568,False,-0.03206297325344043,False,-0.03685330014102106,-0.08735460013027041,0.038263433957067106,-0.005999706899448731,False,117.64518659644318,False,False,0.886136216542714,1.1118266978922717,-0.0005093062778337432,False,1.1540266705629296
MMM,260,0.4814332253769889,3M,Industrials,SP500,162.64999389648438,-0.012266984240738799,-0.01064476925164548,-0.0934909167354947,0.01071586783604972,0.10161608280131351,0.22612085769980506,0.5692007797270955,0.6237816764132553,-0.2826510721247564,-0.11110015910156612,0.16293821031258426,False,-0.04985736736294555,False,-0.05201584908642787,0.020161742670002702,0.05486995646108661,-0.017327325088948298,False,547.2981585230102,False,True,0.6880129729056901,1.0177670170983357,0.005465532065835443,False,0.9093349820288408
C,261,0.4795457059696426,Citigroup,Financials,SP500,132.9499969482422,-0.023646921230828566,-0.03519597965243848,-0.040141489994206525,-0.06548754288852254,0.2464771293265957,0.557504873294347,0.341130604288499,0.8401559454191033,-0.28654970760233917,-0.08268036815286717,0.4453585726384661,False,-0.01146537609945264,False,-0.010849672338038685,0.07615021356787244,0.010968678910195484,-0.021402199461297067,False,1370.9749116403198,False,True,0.8412737777534065,0.9778502146045318,0.004993816139489349,False,0.9238405805601498
NEE,262,0.4790192757388143,NextEra Energy,Utilities,SP500,80.37000274658203,-0.008634475772507977,-0.027586191617709477,-0.06084001683207507,-0.06094893546352054,-0.1184753895864642,0.4249512670565302,0.3586744639376218,0.18128654970760233,0.24561403508771928,-0.16665839990450104,0.17593167483458205,False,-0.030630857482250362,False,-0.05721654373374019,-0.07113549911031225,0.06068895604122826,-0.01953915810310103,False,896.3997886577454,False,False,0.706075888951784,1.0593942697017602,0.00851119333913486,False,0.9080893443777295
DDOG,263,0.4781130909465444,Datadog,Information Technology,SP500,230.7899932861328,0.0022581708603983675,0.024503879384649485,-0.06683654192366362,-0.001384653729278762,0.7908745404720836,0.38596491228070173,0.5282651072124757,0.9688109161793372,-0.23391812865497075,-0.19906299436174102,1.2490863722720817,False,0.019982871293782623,True,-0.05765770972534223,0.29303041829166054,0.061185527085425795,0.021581557854931877,False,1082.422215069458,False,True,0.8124202310550604,0.6396610838690353,-0.0049507072935977,False,0.6215647418605632
IEX,264,0.4778941264882144,IDEX Corporation,Industrials,SP500,221.5,-0.006013266738071565,-0.015992918729020866,-0.07858063745417965,-0.007082804910856,0.1713671796954106,0.30994152046783624,0.5087719298245614,0.7407407407407407,-0.19883040935672514,-0.07907867925578071,0.4113049459563909,False,-0.02670733272248027,False,-0.03074486856601788,0.07090026284766093,0.0317200988356201,-0.009955545109130437,False,143.98589739611816,False,True,0.8386638454681062,0.8128147644783722,0.004173433628854362,False,0.7819991455290599
TFC,265,0.475694182183007,Truist Financial,Financials,SP500,48.439998626708984,-0.04003171808192241,-0.03409776365186168,-0.07786027503583037,-0.004273195977338218,0.10869904402166264,0.31189083820662766,0.5185185185185185,0.6354775828460039,-0.115009746588694,-0.10525758770085769,0.22937583853501775,False,-0.03855508255135098,False,-0.053024181643407164,-0.011390251261387596,0.05599317386522795,-0.032369084979443574,False,349.7532732055664,False,False,0.9512876383314364,1.1147699590741331,-0.0001981435139637444,False,1.7318737974640817
LDOS,266,0.4752924930286141,Leidos,Industrials,SP500,129.35000610351562,0.0008511343676582683,0.01272125436684779,-0.08773215550007607,0.14254356688623493,-0.229325915345039,0.24951267056530213,0.8265107212475633,0.06432748538011696,0.13840155945419097,-0.3442849654126622,0.29770101560923123,False,-0.04109101046195285,False,0.026262777740830634,-0.13781512075435265,-0.025590695005663466,-0.01141160093707383,False,174.72920495690917,True,False,0.771249561554762,0.9082092326847532,-0.006190057395193516,False,1.2455031543091513
KVUE,267,0.47445993217442384,Kenvue,Consumer Staples,SP500,17.829999923706055,-0.005022329922138247,0.004507037955270743,-0.0510910561493364,-0.021772036762653713,0.02678567996087078,0.48148148148148145,0.4697855750487329,0.4619883040935672,-0.1189083820662768,-0.09083495444767575,0.324450959296821,False,-0.04471054830936394,False,-0.05484915674406843,0.00948734337852275,0.05803217246796244,-0.015489605621144764,False,426.8613039700317,False,True,0.867478346618742,2.0122820628229685,0.0039062329534707008,False,1.019058531635664
ATO,268,0.47319039608152796,Atmos Energy,Utilities,SP500,161.9600067138672,-0.0004936224116252053,-0.027792723007403985,-0.04098553357152512,-0.03945912868530321,-0.12365976647078614,0.5458089668615984,0.41325536062378165,0.1695906432748538,0.23586744639376217,-0.1478594951484994,0.02015903361508098,False,-0.028151890430634707,False,-0.05127444523710101,-0.0658664683876381,0.05404560357807098,-0.015062397421584217,False,168.13004283621217,False,False,0.8640175020070566,1.0459783655115544,0.0071587491370788126,False,1.1918460289967419
SPGI,269,0.4720625765326558,S&P Global,Financials,SP500,406.760009765625,-0.013962909438204107,-0.02772725880126814,-0.006958592430058141,-0.0053994938165763395,-0.002370441204450624,0.6920077972709552,0.5146198830409356,0.391812865497076,0.015594541910331383,-0.20761825315077975,0.10788639484614304,False,-0.05150147309010478,False,-0.044710442411141194,-0.04630388285640219,0.04680302642896028,-0.027993702915566354,False,806.4962188790283,False,False,0.8860033749955538,0.9135033384824466,0.0033453042751021567,False,0.7716292939822986
BXP,270,0.47203072368897897,"BXP, Inc.",Real Estate,SP500,64.04000091552734,0.003132844023518544,-0.003888629591536019,-0.03973611379317599,-0.015435556098766012,0.22642718426884167,0.5594541910331384,0.49122807017543857,0.8128654970760234,-0.1949317738791423,-0.1396456556356772,0.2755510409169055,False,-0.04651299571814094,False,-0.059886009502427395,0.0251092164093214,0.06370079597553024,-0.016127019146976895,False,88.84370094652557,False,True,0.9929421492334719,0.9033531240467952,0.002192972890254108,False,1.2824242499268843
EXE,271,0.4710535852569018,Expand Energy,Energy,SP500,88.73999786376953,-0.05826175631522035,-0.08155666175543819,-0.057711760147236224,0.010334462410167111,-0.15589229080984945,0.4444444444444444,0.5672514619883041,0.11306042884990253,0.368421052631579,-0.2651682149228989,0.026718283304264068,False,-0.08003797925439515,False,-0.04879878477230881,-0.10576544908797825,0.05130227336876114,-0.06061282122122569,False,294.91239877745056,False,False,0.9625548237364635,1.0528092956588853,-0.011015621109852991,False,1.5906931671353652
UBER,272,0.47044819049144926,Uber,Industrials,SP500,70.97000122070312,-0.006439858357936035,-0.0015475606009832665,-0.05360710438169802,-0.03112626319859213,-0.0876719323120988,0.4697855750487329,0.442495126705653,0.22612085769980506,0.19298245614035087,-0.2910089680066176,0.07628144666458714,False,-0.061131595121390214,False,-0.03841201317756504,-0.06416290984314654,0.039946436211726555,-0.024408312729441217,False,1333.0549864258423,False,False,0.8085626713769531,1.244112586426396,-0.0015399777387875568,False,0.9872440825678824
SYF,273,0.470272523012249,Synchrony Financial,Financials,SP500,74.87999725341797,-0.015514072351458519,-0.031932789520732974,-0.0726935324654121,-0.0011511317647436847,0.15899390524721224,0.3391812865497076,0.530214424951267,0.7251461988304093,-0.11695906432748537,-0.1430330574182732,0.18388932561642424,False,-0.04026457316401788,False,-0.02258970982807884,0.0028305191396009732,0.023111798653260962,-0.02206452150633853,False,267.3184468636017,False,True,0.818990404612096,0.7741364723422849,-0.002629462985298092,False,0.7746030663620762
AME,274,0.47025058841929784,Ametek,Industrials,SP500,232.19000244140625,-0.009639558695899053,-0.0158362695749531,-0.08514628048284123,0.0027097299482159443,0.0803349457748932,0.26120857699805067,0.5516569200779727,0.571150097465887,-0.05847953216374269,-0.1005400730311522,0.30304674698671374,False,-0.02171168105088428,False,-0.036043933858466604,0.023863617892357247,0.03739167699077939,-0.013397734252566518,False,301.5155454967651,False,True,1.1318065124205061,1.1127889548117944,0.0005971396522532757,False,1.0909403229716343
SBUX,275,0.46946323190014605,Starbucks,Consumer Discretionary,SP500,97.33999633789062,0.00786906701622736,-0.026989249829341477,-0.09803560054265414,-0.037183656007846455,0.009254636791122595,0.19883040935672514,0.42300194931773877,0.41130604288499023,0.13255360623781676,-0.1027744653463808,0.2722918738365083,False,-0.06192331656905159,False,-0.06844130336558141,0.0014540165150453976,0.07346966284878187,-0.026594262204307162,False,700.5122438061065,False,True,1.0129329646703182,1.0264920090912801,0.008386804133744485,False,1.4007126377234147
ABT,276,0.46912486696192535,Abbott Laboratories,Health Care,SP500,102.36000061035156,0.0032343608252756173,-0.02727361641191972,-0.07257408658965103,0.13760827986025337,-0.06298606637939508,0.34307992202729043,0.8206627680311891,0.2631578947368421,-0.09746588693957114,-0.23345100027950283,0.24866840954631453,False,-0.06374765146702022,False,-0.031107522428411527,-0.02006949213533815,0.03210626890857782,-0.020551627399985617,False,990.7654800756226,False,False,0.6547010956745566,0.7726328041619248,-0.0013721394817545196,False,0.5449842296803814
JCI,277,0.4680226059822311,Johnson Controls,Industrials,SP500,140.47000122070312,0.015764032398640104,-0.030706576072782266,-0.08738303734566855,-0.0323758146140668,0.06260324950250928,0.25146198830409355,0.4405458089668616,0.5360623781676414,-0.056530214424951264,-0.09233648095988789,0.3386347436207273,False,-0.011689871848137301,False,-0.028705281737899768,0.038097754996309297,0.02955362692516328,-0.007356910268522476,False,479.9951582313232,False,True,0.8875403908894645,1.3360996000534706,0.011714588579266438,False,0.9465172228863502
APO,278,0.46644007278470145,Apollo Global Management,Financials,SP500,124.52999877929688,-0.01944882850947338,-0.04924413772053626,-0.07049192688123151,-0.09693809578398394,0.15330493124464106,0.3645224171539961,0.23976608187134502,0.7153996101364523,-0.003898635477582846,-0.17422156511420173,0.25207745693144457,False,-0.053960632595068,False,-0.027521999257779428,-0.01805634877659945,0.02830089651053691,-0.03360614204523571,False,431.88024277720643,False,False,0.6271190686613968,0.6993645091929851,0.0023622287539986075,False,0.8978896470429548
PODD,279,0.46608492311448335,Insulet Corporation,Health Care,SP500,140.60000610351562,0.009767312242876525,0.019431612312577284,0.006442442197095222,-0.04800593283694654,-0.38999521561603856,0.7582846003898636,0.38791423001949316,0.01364522417153996,0.2378167641325536,-0.5940639448843845,0.06547437822114399,False,-0.02179392336864372,False,-0.070938983228502,-0.30888167844017866,0.07635556970737634,0.004196936008228347,False,248.28557101434328,False,False,0.5741643546892842,1.0554648815955312,-0.0027291357930258053,False,0.8117427008838721
EQT,280,0.4659952773867699,EQT Corporation,Energy,SP500,50.40999984741211,-0.05101655005580219,-0.07724695475369714,-0.04904732232494613,-0.015609908352285373,-0.21293475913431803,0.49707602339181284,0.48927875243664715,0.07212475633528265,0.34307992202729043,-0.2534872567207551,0.036882366192435345,False,-0.07077484683427382,False,-0.04497673485133258,-0.09540301219857517,0.04709491013743117,-0.05643425074520381,False,358.2349506027679,False,False,0.8072645104368399,0.9969643792877151,-0.009600872209865274,False,1.4428510181889929
SHOP,281,0.4647083843551039,Shopify,Information Technology,NDX,129.9600067138672,0.0007701070618018058,0.02500201731563867,-0.12573150319556936,0.14775238771472798,0.01690143670211497,0.13255360623781676,0.8362573099415205,0.4405458089668616,-0.14230019493177382,-0.27400697892930026,0.3622641995305764,False,-0.08292547245794835,False,-0.042884554483152315,-0.004894693625736801,0.04480604161600854,-0.026552989043483355,False,1228.8650411967774,False,False,0.7576628201505948,0.9496307968073772,-0.0016171778290478,False,0.6966147297923304
TKO,282,0.463657812720538,TKO Group Holdings,Communication Services,SP500,192.42999267578125,0.01209692175827981,0.011188744687809837,-0.00984961224169012,-0.034055147994294654,-0.03203019497261139,0.6783625730994152,0.4346978557504873,0.3235867446393762,0.08187134502923976,-0.13428078245728325,0.1076195960902393,False,0.014723779232170608,True,0.02602752909327788,-0.017791195950756622,-0.02536728143764233,0.010944518512058021,False,204.4681863755188,True,False,1.0823991579016694,0.9192907058963975,0.01157101399959548,False,0.6280854928731524
MKC,283,0.46362710429040643,McCormick & Company,Consumer Staples,SP500,50.060001373291016,0.00401124670058528,-0.02758349226052903,-0.07193172695960626,0.07043086564090828,-0.10714981396869394,0.35477582846003897,0.7056530214424951,0.20272904483430798,-0.02729044834307992,-0.288710550946335,0.10775511279064376,False,-0.06062053969062908,False,-0.05006961674467325,-0.10378815376319706,0.05270872226771939,-0.023045591504443963,False,152.2577515031433,False,False,0.7258956700021275,1.12151813225066,-0.0010027925481045363,False,0.9665468190365022
AMCR,284,0.4629808921085057,Amcor,Materials,SP500,41.970001220703125,-0.011540223135537486,-0.026895428209707695,-0.06494574914805851,0.02783727670463798,0.06318367258587809,0.3996101364522417,0.6257309941520468,0.5380116959064327,-0.24951267056530213,-0.13305240351330905,0.17967316244477538,False,-0.06762988837406292,False,-0.05977959623112572,0.008854672625293158,0.06358040730822179,-0.028077725717380986,False,161.48684226057435,False,True,0.7840593739592439,0.953607020131716,0.0035327727063885206,False,0.8279531855058707
GD,285,0.46256833102543266,General Dynamics,Industrials,SP500,360.0,0.003904054301884896,0.020784263739983766,-0.07961347211286118,-0.00693634650281727,0.019573704850090134,0.29434697855750486,0.5107212475633528,0.44834307992202727,-0.2241715399610137,-0.09084021797058917,0.15695899288640391,False,-0.02562471745784345,False,-0.04530758482344199,0.019782192360356277,0.0474577823215061,-0.000242842932524856,False,389.5850724066772,False,True,0.6671525769684696,1.0363853006552484,-0.0028165358294317544,False,0.9738835377382298
AVGO,286,0.4621620642168588,Broadcom,Information Technology,SP500,339.510009765625,0.000707462374290424,-0.06825290845798715,-0.13485203449746974,-0.09732324818631988,0.06053549441737327,0.09746588693957114,0.2378167641325536,0.5341130604288499,0.13255360623781676,-0.2938776657868909,0.1589494446762909,False,-0.057958118058067165,False,-0.10995585192012447,-0.07938168778213572,0.12353977289478979,-0.03751233752481242,False,8364.277912006164,False,False,0.6291734880437593,1.1355645654627387,0.009137283590947787,False,1.0410010827483718
LIN,287,0.46139320905002235,Linde plc,Materials,SP500,462.0899963378906,-0.0018792015146992247,-0.009771772459521988,-0.022596623200309196,-0.10529027346445463,-0.05864229766960927,0.631578947368421,0.2202729044834308,0.2787524366471735,0.08966861598440545,-0.15188843020524934,0.19841784544839514,False,-0.03234410007184585,False,-0.05897243893205617,-0.0360566366920434,0.06266813148929473,-0.012686430060380505,False,978.7062316358642,False,False,0.5740307294210802,0.821472725779013,-0.00021601457007403013,False,0.6652931923533542
INVH,288,0.46009048496431343,Invitation Homes,Real Estate,SP500,27.209999084472656,-0.01555717491574271,-0.03442161853081904,-0.08352985533766266,-0.05213035985207626,0.09541647227065697,0.26900584795321636,0.38011695906432746,0.6062378167641326,-0.10916179337231968,-0.11049365973374436,0.14077817645031465,False,-0.05766236314426676,False,-0.07843312957639592,-0.011537324933482918,0.08510845180485238,-0.02449719208115486,False,118.9423253583908,False,False,0.8129601077620401,1.4595833957591948,0.0,False,1.192270826940015
MCO,289,0.4597668066665904,Moody's Corporation,Financials,SP500,465.29998779296875,-0.003981539204040985,-0.01953351326080932,-0.024875883439316904,-0.004540269700155197,0.05978265591565646,0.6198830409356725,0.5165692007797271,0.5321637426900585,-0.08771929824561397,-0.13195430877614323,0.1362737833346015,False,-0.05597791331514612,False,-0.04763224333958327,-0.01212497978107785,0.050014548483467314,-0.024608686025132,False,369.5822888690796,False,False,0.9575081090017893,0.8921758122046859,0.0036176094446402907,False,0.9500730419740846
EXR,290,0.45963443616651983,Extra Space Storage,Real Estate,SP500,136.42999267578125,-0.006336564869911854,0.01772552969141472,-0.06028917329062056,-0.05714391166480548,0.008492993114310732,0.42884990253411304,0.3684210526315789,0.4093567251461988,-0.1539961013645224,-0.09693088393362692,0.12774266899394315,False,-0.024320932022356634,False,-0.04862822954506374,-0.01353497261021519,0.05111380330510551,-0.005944179669483685,False,164.87162111264038,False,False,0.6597240861212085,1.5147026352254729,-0.005753885851146445,False,0.975299778293085
COIN,291,0.4584841098179238,Coinbase,Financials,SP500,164.50999450683594,-0.044157841360547456,-0.058436393329519776,0.09272661024310169,-0.028120810808057728,-0.21747610783361704,0.9415204678362573,0.4502923976608187,0.07017543859649122,0.4327485380116959,-0.5752059308137398,0.16599332891651453,False,-0.08180382815552811,False,-0.006898797834813619,-0.1343551975405276,0.006946721864572014,-0.06476726921711262,False,1479.103496306305,False,False,1.5118477343319108,1.3255221567218025,0.002265989124777157,False,1.5880339374129844
PDD,292,0.4542146843516706,PDD Holdings,Consumer Discretionary,NDX,78.76000213623047,0.008709020097708686,0.0019081735747901174,-0.09408787756463133,-0.03468555372818294,-0.24537702343971868,0.22417153996101363,0.42884990253411304,0.05458089668615984,0.3469785575048733,-0.4298125001657003,0.07448838822854209,False,-0.053097895241399184,False,-0.07776468641300849,-0.18607016217735517,0.08432195695320566,-0.011524899660593668,False,564.6326915942993,False,False,0.5909581069272747,1.1463251834809167,-0.0008965124639171984,False,0.9922338385594776
SHW,293,0.4538229134480036,Sherwin-Williams,Materials,SP500,321.4599914550781,-0.005445237791528945,0.0025573127781310934,-0.07934109650485976,-0.0007350102913773471,0.007291617857296595,0.2962962962962963,0.5341130604288499,0.4074074074074074,-0.18518518518518523,-0.1310984102557038,0.09966891758998231,False,-0.040994001938632896,False,-0.05224934061443598,-0.03255459228152768,0.05512983831455176,-0.012827866835780855,False,609.475011487854,False,False,0.6095654919486467,0.9602901424782966,0.00479545754320565,False,0.9054105170985839
COF,294,0.45355016155304556,Capital One,Financials,SP500,203.19000244140625,-0.017693998327840355,-0.036374837080261235,-0.08245651279509258,0.01638689603975596,0.11646948989759887,0.27680311890838205,0.5867446393762183,0.6491228070175439,-0.18128654970760227,-0.20304579464645878,0.1628779847288353,False,-0.04888734312688359,False,-0.04162236709652867,-0.014530843820825146,0.04343002765040627,-0.02822502159017748,False,774.7102138099975,False,False,0.8139086471947079,0.9594865122545491,-0.002272183741043321,False,1.1493895504387939
SNA,295,0.4529861564108139,Snap-on,Industrials,SP500,372.9800109863281,-0.004909013131465634,-0.011764088504692904,-0.06461755370324862,-0.036199925005056866,0.028458156237369803,0.40350877192982454,0.4269005847953216,0.4697855750487329,-0.19298245614035087,-0.10497211067966872,0.17033348801409254,False,-0.03137925349002957,False,-0.0607710428214745,-0.0021346727951050415,0.06470311882635382,-0.013048738705535357,False,126.34743857836914,False,False,0.5286749491252988,0.7926633058028532,0.002401136222447864,False,0.9893782678600818
CFG,296,0.4519117428273881,Citizens Financial Group,Financials,SP500,66.83999633789062,-0.048405490166346654,-0.03647118795618132,-0.10052484815132712,5.890185034007622e-05,0.18686190362263844,0.18908382066276802,0.5419103313840156,0.7660818713450293,-0.29044834307992207,-0.10558017750056636,0.422829944669316,False,-0.0425989625131602,False,-0.060145993236417006,0.04510329664403989,0.06399503838211174,-0.03816920887711128,False,270.0196462016449,False,True,1.046528802520674,1.1201513101041887,0.0001423994381359872,False,1.34789559201216
AEE,297,0.4516870563013317,Ameren,Utilities,SP500,103.04000091552734,0.00019417853924275086,-0.030211756089154385,-0.052060035186825226,-0.06072602022918694,-0.06885452080613885,0.4775828460038986,0.36062378167641324,0.25146198830409355,-0.01949317738791423,-0.12296325379107509,0.0818749094810074,False,-0.024589142579714007,False,-0.047458557734058604,-0.031076744681229895,0.04982308971372662,-0.013948370418268907,False,156.8780890328064,False,False,0.6037045398790875,0.9678722277975672,0.006309469491937225,False,0.7417446680025254
DUK,298,0.45162850047493164,Duke Energy,Utilities,SP500,117.76000213623047,-8.486462699175412e-05,-0.022170540248936277,-0.04709499602355316,-0.057628310129435256,-0.09874448153911053,0.50682261208577,0.3664717348927875,0.21832358674463936,0.011695906432748537,-0.102188595177366,0.06002136931751689,False,-0.022807498239008295,False,-0.04254063049674739,-0.037345996298872586,0.04443074228707822,-0.012416711481168408,False,487.34444331295776,False,False,0.699282604792236,0.9221703057472748,0.005519245515892335,False,0.9644784115898998
BRO,299,0.4497755042095345,Brown & Brown,Financials,SP500,65.87999725341797,-0.020080411068080006,-0.009770051673008262,-0.04327626097182491,0.10607216630925964,-0.030790584315550817,0.530214424951267,0.7738791423001949,0.32748538011695905,-0.05458089668615984,-0.30682333675171136,0.21427929586894434,False,-0.06608832433979328,False,-0.058571984517884146,-0.041023798178228765,0.0622161052726784,-0.03047086637064267,False,153.88223413905334,False,False,0.9284862195565406,0.870867927062939,-0.012643255407899123,False,0.8454502189483076
MSCI,300,0.44637888480714727,MSCI,Financials,SP500,540.6099853515625,-0.007326460545801772,-0.025119906999914066,-0.018286495711035577,-0.10789353245135458,-0.02838490172457253,0.645224171539961,0.21637426900584794,0.3313840155945419,0.005847953216374269,-0.157318784399347,0.06800696968178777,False,-0.036861743609207354,False,-0.056118091567817774,-0.05017014782592566,0.05945456848625441,-0.021085115193921644,False,360.00268565942383,False,False,0.5868656031061514,0.9236244026719734,0.0028094553166824188,False,1.0258999775223272
TPL,301,0.4462438440088044,Texas Pacific Land Corporation,Energy,SP500,348.57000732421875,-0.062050957284424224,-0.06814412233530043,-0.03231911298913581,-0.02026211509688358,-0.3392353533905521,0.5886939571150097,0.47368421052631576,0.021442495126705652,0.3489278752436647,-0.35222315849697317,0.27964553347440657,False,-0.056373372894142904,False,-0.08594385117748449,-0.11309119877192064,0.09402469562531479,-0.04578504549614426,False,128.12407168127442,False,False,0.8071944324330644,0.9878594023362256,-0.016279682025283848,False,1.3764059981322754
TSCO,302,0.44602449807929256,Tractor Supply,Consumer Discretionary,SP500,32.779998779296875,-0.007568877058412138,-0.03588238884420958,-0.04825669118714726,0.09256736254621645,-0.3002220571081239,0.5029239766081871,0.746588693957115,0.037037037037037035,0.0721247563352827,-0.43929862150177434,0.1326856447634044,False,-0.04985009128093543,False,-0.004800290050357203,-0.19318417973847357,0.004823443980505271,-0.026841362756163112,False,336.1286658619232,False,False,0.7582066648390787,0.7809278375789027,0.001816572071102307,False,0.8383228346968143
ETR,303,0.44291588941913385,Entergy,Utilities,SP500,102.31999969482422,-0.00582975597352986,-0.045255188550768155,-0.05713229948425658,-0.08416401109960447,-0.02429945093919439,0.4522417153996101,0.2709551656920078,0.3469785575048733,0.011695906432748537,-0.1229481260848061,0.19399241740675666,False,-0.03571310473797418,False,-0.057842186681607566,-0.024448634401197378,0.061393309978378774,-0.023513836528631593,False,274.1125955548554,False,False,0.7634497038151341,1.1914608682559997,0.008258827139948188,False,1.1416916076579913
AMGN,304,0.4426782328728976,Amgen,Health Care,SP500,376.3500061035156,0.0018634692357379912,-0.03813219344465213,-0.0973593951282351,0.0882859895667043,0.05615154918234189,0.20272904483430798,0.7368421052631579,0.5282651072124757,-0.15204678362573099,-0.15259387048266038,0.42632235885034975,False,-0.10137279718421177,False,-0.054744718266865555,0.05722507831487311,0.057915273603645456,-0.040249874482015335,False,1012.3043600095215,False,True,1.633317079352197,1.0546430447987671,0.0036204336250180713,False,0.9461006689250472
MS,305,0.44245068531297804,Morgan Stanley,Financials,SP500,202.4199981689453,-0.018712432776778587,-0.06004182757420051,-0.07236152357406267,-0.07832143548943371,0.2965092425342071,0.3489278752436647,0.30214424951267055,0.8732943469785575,-0.354775828460039,-0.10945410231687125,0.3631551987143029,False,-0.04864408982646906,False,-0.056781108930367696,0.05942658124414413,0.06019929145606562,-0.035232021639270306,False,1071.3245436326904,False,True,0.8838237461989825,1.2370965158189828,0.0077079520423684045,False,1.4105629797951504
WSM,306,0.4415376340394366,"Williams-Sonoma, Inc.",Consumer Discretionary,SP500,218.1999969482422,-0.014764998665450224,-0.04096346320852651,-0.09242160132240296,-0.0363211694218758,0.20657009013022565,0.23196881091617932,0.4249512670565302,0.7992202729044834,-0.5399610136452242,-0.13337041065160204,0.2982006156576922,False,-0.05041876846702664,False,-0.058967512093572316,0.06407411301900612,0.06266256781926938,-0.029350517465092762,False,239.50062731726075,False,True,0.7748738026314493,1.09651024168202,-0.004108925168616939,False,1.272429935758163
HST,307,0.4407327298459239,Host Hotels & Resorts,Real Estate,SP500,21.760000228881836,-0.01671933781817403,-0.012704204855465528,-0.046032409541626684,-0.09260505186866297,0.21462818783143134,0.5126705653021443,0.25146198830409355,0.8070175438596491,-0.33138401559454195,-0.14800315392108743,0.47158720098507345,False,-0.026746567836695045,False,-0.06431942488200115,0.06477765585232542,0.06874079316425896,-0.015786019189430567,False,206.58277821544647,False,True,0.6421736705740224,0.8769681112773245,0.002259428210816372,False,0.9312077430877873
FITB,308,0.44048916049637027,Fifth Third Bancorp,Financials,SP500,52.40999984741211,-0.04133891343016305,-0.032847367123193694,-0.09010414521175347,-0.012315994078051284,0.20440151559115938,0.24171539961013644,0.49707602339181284,0.7953216374269005,-0.3274853801169591,-0.11723091139782349,0.33078911363652885,False,-0.03736832810666424,False,-0.06727507479583883,0.030799611985206532,0.07212745470601978,-0.03173072454138792,False,308.30007361990357,False,True,1.0355910395063268,1.0596725137913243,0.0,False,1.3652195466771935
FRT,309,0.4396134933986412,Federal Realty Investment Trust,Real Estate,SP500,112.41999816894531,-0.013253771018921556,-0.023793030618542765,-0.047449573236791776,-0.08041308760197363,0.0735698189837588,0.5048732943469786,0.29434697855750486,0.5536062378167641,-0.13840155945419103,-0.11570832535416553,0.22250334557624796,False,-0.03329135449099396,False,-0.06138487525544145,0.017657085060094113,0.0653994098722277,-0.020473729335657054,False,92.98501542556762,False,True,0.6161836772811525,0.758676310170657,-0.001931020978792497,False,0.8911041797275089
VRSK,310,0.43869033313878314,Verisk Analytics,Industrials,SP500,181.75,0.0092736458905196,0.023861894832101882,0.03767903979757925,0.014627172151888246,-0.10332054291440129,0.8538011695906432,0.5750487329434698,0.2046783625730994,0.06237816764132553,-0.27009955454088985,0.16510011444445527,False,-0.019803278337770736,False,-0.039925106090245355,-0.05321076582581419,0.04158540791297716,-0.000258266486273695,False,274.882124173584,False,False,1.104767236760787,0.7498755052816363,-0.00688585895466276,False,0.8881685261968625
CBRE,311,0.43737997962943886,CBRE Group,Real Estate,SP500,138.55999755859375,-0.01106275815434754,-0.008018293069267157,-0.06353074296253358,0.022809450875079795,0.01673025241942727,0.4093567251461988,0.6003898635477583,0.43664717348927873,-0.052631578947368474,-0.19258786162934272,0.11168162898836953,False,-0.050945922272889965,False,-0.043986576150113366,-0.0549153329618548,0.04601041685479523,-0.02015711372538609,False,229.66626268063354,False,False,1.152308289746005,1.0453646676654107,0.004353726412777537,False,1.163161308716769
RTX,312,0.43676867206066916,RTX Corporation,Industrials,SP500,196.8300018310547,0.006803078419717057,-0.003644653047737423,-0.11193826758218484,0.05736394343698237,-0.024706299349882332,0.1617933723196881,0.6803118908382066,0.34502923976608185,-0.22612085769980506,-0.1271009932321734,0.2723025889204753,False,-0.03850521179188038,False,-0.05246588633583382,0.021259746515749356,0.05537097353988174,-0.009536392643312963,False,931.8199078865662,False,True,0.6410578352126091,0.812465030199561,-0.0005626629685502316,False,0.7778419740871151
PNC,313,0.4358489450414469,PNC Financial Services,Financials,SP500,231.49000549316406,-0.03858291109407386,-0.038223427873710025,-0.09059122876500203,-0.005771089698597298,0.15304061828985893,0.23976608187134502,0.5126705653021443,0.7134502923976608,-0.27680311890838205,-0.09915552635132352,0.328322004762579,False,-0.044529314758453675,False,-0.06630917643476719,0.03254047126944615,0.0710183443611132,-0.037161366126681195,False,412.4256064090881,False,True,1.1330774956887915,1.0516425498396413,-0.0012874722159871288,False,1.6769876842219398
DRI,314,0.43567919036556385,Darden Restaurants,Consumer Discretionary,SP500,208.0800018310547,-0.004973189127849831,-0.006398607342215756,-0.0772505462037486,0.003410278914856235,0.03687727493818116,0.3138401559454191,0.5536062378167641,0.4853801169590643,-0.14814814814814814,-0.0860856969221585,0.2585262521000462,False,-0.035165804724277216,False,-0.01046379458763802,0.03793052211464354,0.010574443391161648,-0.018709108757530846,False,245.28996241629028,False,True,1.1807689729787825,1.0548617343958362,0.012767780371499615,False,0.9331829140452311
EQIX,315,0.4316861407704955,Equinix,Real Estate,SP500,1016.1599731445312,0.009116360656453049,-0.025789584432449053,-0.06978311879208776,-0.06729346580802742,0.05034927808208267,0.3684210526315789,0.33723196881091616,0.5126705653021443,-0.05847953216374269,-0.08506247371076836,0.4208397435881024,False,-0.02723551710775307,False,-0.02379776238741027,0.055902385655420384,0.024377901904435673,-0.007984572285455127,False,570.5232033645019,False,True,0.8825700043255065,0.9504296582802723,0.008758870578651434,False,0.7941705047330089
HSY,316,0.4307011821791923,Hershey Company (The),Consumer Staples,SP500,170.7899932861328,0.0021710780493067183,-0.008130606512708805,-0.05672155313675742,-0.056909520333681796,-0.20326945239110428,0.45614035087719296,0.37037037037037035,0.07797270955165692,0.1793372319688109,-0.2658870114999673,0.08397669945938158,False,-0.04379863980359022,False,-0.03662355370254455,-0.09859373205681643,0.03801582843684814,-0.015003372348675659,False,254.44654176379396,False,False,0.6606495055567219,0.9118787769459727,0.003931452741133823,False,0.7099032217474793
GEV,317,0.43053753104221737,GE Vernova,Industrials,SP500,925.0900268554688,0.047892558323761936,-0.02728586786193854,-0.14264130967982502,-0.05828874652978455,0.09657330315985857,0.08576998050682261,0.36257309941520466,0.6081871345029239,0.01949317738791423,-0.21259551062278548,0.6913721432165505,False,-0.009909550093892716,False,-0.06475149499720423,0.030160394019454806,0.06923453461923534,0.003858797760255772,False,2345.957694819214,False,True,0.8400449554065794,0.9717972365755773,0.01720642322064103,False,1.4881553105331262
MTB,318,0.42979080120392305,M&T Bank,Financials,SP500,226.00999450683594,-0.03976717850417322,-0.05037817434102543,-0.10041719561124696,-0.0038603310697938875,0.14460510682526406,0.19103313840155944,0.5224171539961013,0.6978557504873294,-0.33333333333333337,-0.10477193150840503,0.30149576590530325,False,-0.04734625976380946,False,-0.07073109142435496,0.028408302089661497,0.07611477234589659,-0.04013628087275101,False,259.98652534234617,False,True,1.1329805328308342,1.2661446093723732,-0.006160500396493851,False,1.7710076936437258
DLR,319,0.4297055423947998,Digital Realty,Real Estate,SP500,181.07000732421875,0.010040737484571682,-0.035796488173507446,-0.07881563114258228,-0.042732408925255205,0.017390961405241434,0.3060428849902534,0.40350877192982454,0.442495126705653,-0.04483430799220273,-0.09996009717751808,0.2490824195598076,False,-0.028298732506173097,False,-0.027227425143853345,0.021072567086003913,0.0279895073603198,-0.011852791054041467,False,450.27299335513305,False,True,0.801550809983835,0.8109623433038361,0.007809415201199155,False,1.0850084586760318
OMC,320,0.4285153523077099,Omnicom Group,Communication Services,SP500,79.33000183105469,-0.006512168478436942,0.013154517741410965,-0.07172943270639165,0.025332803604679155,0.022810432763954447,0.3567251461988304,0.6179337231968811,0.4522417153996101,-0.1949317738791423,-0.10805037493317637,0.20377718166150194,False,-0.05789999700371029,False,-0.04605348105393481,0.02480586593949652,0.04827679554281028,-0.019144181468572885,False,224.74670156814574,False,True,0.8804488338015294,0.8087803249417383,-0.0043831995091963005,False,0.7611773948950321
D,321,0.42842398995967845,Dominion Energy,Utilities,SP500,63.5099983215332,-0.005636458687520718,-0.024423966050013957,-0.06715696200744337,-0.06348011404227016,0.027986270024296322,0.3820662768031189,0.3508771929824561,0.4678362573099415,-0.2729044834307992,-0.10515268195154182,0.14724037902121223,False,-0.03075012359871443,False,-0.059784429183291965,0.00762229637724543,0.06358587438767982,-0.017622929319420444,False,267.52369289286804,False,True,0.6925244941937998,1.2523073747901527,0.007828461297306522,False,0.8847572823434855
URI,322,0.4283705839942322,United Rentals,Industrials,SP500,1006.25,0.017308134454192103,-0.021890236985629752,-0.13613258151548835,-0.05778938268813727,0.35576003942019674,0.0935672514619883,0.3645224171539961,0.9083820662768031,-0.4366471734892788,-0.13613258151548835,0.42169043739332834,False,-0.022866155280356182,False,-0.06141066415566088,0.08013435110501188,0.06542868303571447,0.0018775501031449426,False,487.6546089071045,False,True,0.7129304783883003,0.8546628382187148,0.005358231745883346,False,1.0781362764253402
CCI,323,0.4282927638731532,Crown Castle,Real Estate,SP500,73.22000122070312,-0.0004095396491040626,-0.011909480780243231,-0.0020869980055449044,-0.15710145100647555,-0.14532626992683384,0.7115009746588694,0.13255360623781676,0.14035087719298245,0.07797270955165692,-0.22129545432232056,0.009165154913831186,False,-0.01532124220902975,False,-0.02297919900406198,-0.10627098989054062,0.02351966199761346,-0.00784405056924542,False,265.2559181482544,False,False,0.5681367249717785,1.1060183125982335,0.0,False,1.1963462686432298
ROST,324,0.42733050281716467,Ross Stores,Consumer Discretionary,SP500,224.8000030517578,-0.006452715860178371,-0.0020863906058912196,-0.04269600585227684,-0.039470871259826845,0.07880900308188399,0.5380116959064327,0.41130604288499023,0.5614035087719298,-0.17543859649122812,-0.117523467477617,0.5668131117832484,False,-0.02624186715350385,False,-0.048384913845253896,0.0512368060745263,0.050845047067051174,-0.0144251125461613,False,559.1429662964173,False,True,0.7777378540972192,0.7115296287040102,0.0017236780655744965,False,0.8753879283576679
ES,325,0.42590513574652,Eversource Energy,Utilities,SP500,67.86000061035156,0.009671202718838812,-0.036626941249764955,-0.056320440071008226,-0.02765439575666173,-0.05210461633161645,0.4600389863547758,0.4522417153996101,0.290448343079922,-0.05847953216374269,-0.0998806053887672,0.12112802706625647,False,-0.03505153247848991,False,-0.05944120244754625,-0.023671145462434207,0.06319775287012974,-0.01641463686340605,False,149.94406878562927,False,False,0.847790444821006,0.9742572771254056,0.00937356438029635,False,1.179729462351062
CMCSA,326,0.4251601225285435,Comcast,Communication Services,SP500,23.729999542236328,-0.028255550036932475,-0.034973591094551226,-0.07195933416300881,0.016623997347259722,-0.19105668749057203,0.35282651072124754,0.5886939571150097,0.07992202729044834,0.1695906432748538,-0.25083080084697484,0.08257296804938719,False,-0.09052584948269238,False,-0.05100500302547717,-0.10279643891599188,0.053746335005016244,-0.052756740404494296,False,672.5576191483307,False,False,0.9851799987323926,0.9475310384441138,-0.001638039123766255,False,0.884935546851492
SPG,327,0.42428540910876883,Simon Property Group,Real Estate,SP500,202.94000244140625,-0.005683506258794768,-0.007773902837629021,-0.07466867263670962,-0.046981389307719446,0.0883772177120068,0.32748538011695905,0.39571150097465885,0.5906432748538012,-0.22222222222222227,-0.1334254473749127,0.22493170021092057,False,-0.03566350103824667,False,-0.06765890256888896,0.02321719069591377,0.07256882996503111,-0.014109999748582958,False,292.6815093299255,False,True,0.7090775364274359,0.8810253187366991,0.001322827072993471,False,0.9762035059751477
AEP,328,0.4238110496942508,American Electric Power,Utilities,SP500,120.69000244140625,0.0006633100957618154,-0.031924246298180026,-0.04615503354328787,-0.06274476996570466,-0.08328062759638777,0.5107212475633528,0.35282651072124754,0.23196881091617932,0.05263157894736842,-0.12316053935303661,0.1690535739240664,False,-0.020623764411671464,False,-0.04834495439299724,-0.03738884402926279,0.05080092268324066,-0.01490427838973818,False,458.65102651266477,False,False,0.8388838868175683,0.8821916231230009,0.0020727966067064507,False,1.1205870576243289
OTIS,329,0.4230143471311459,Otis Worldwide,Industrials,SP500,69.25,0.010948905109489093,-0.0007215447266354369,-0.01856572567914161,-0.0522411280632078,-0.1669612566521368,0.6432748538011696,0.37816764132553604,0.10526315789473684,0.1267056530214425,-0.25131516498352713,0.02003241453201321,False,-0.020488407620113946,False,-0.03321450725031494,-0.11796397830366545,0.034355611973290845,-0.005094941640315764,False,262.12907247483827,False,False,0.9061946367922629,1.2235171947001937,0.0043796065950045815,False,1.6884611535510559
PNW,330,0.421373639578398,Pinnacle West Capital,Utilities,SP500,94.98999786376953,0.000948328097403417,-0.022535526183669052,-0.053978743159683096,-0.07699841369086058,-0.057469437947105795,0.46588693957115007,0.30994152046783624,0.28460038986354774,-0.04093567251461988,-0.12358311584570425,0.14903653457922372,False,-0.024327631123276627,False,-0.059030644127450516,-0.024467880690950072,0.0627338645610962,-0.01248189966710922,False,108.32194695614623,False,False,0.5443930959806951,0.747133204362576,0.013066362948702226,False,0.7466480623146832
MU,331,0.42019546583353357,Micron Technology,Information Technology,SP500,926.5499877929688,-0.0011319402981931903,-0.09848509862590282,-0.08421053838105386,-0.09215438033293544,1.008017867748502,0.2631578947368421,0.253411306042885,0.9785575048732943,-0.6998050682261209,-0.23638512447993976,4.917471849500966,False,-0.030305898583464663,False,0.0003780885571620374,0.46505607642083047,-0.000377945660232637,-0.027818919141672782,False,31949.192770973998,True,True,0.4303280761336522,0.6611774055040808,0.007147482812970729,False,0.5626352142863682
SYY,332,0.4178633417638464,Sysco,Consumer Staples,SP500,78.70999908447266,-0.011180897069210216,-0.03506191762966304,-0.038362852146432536,-0.0026221504669463602,-0.0529244272088083,0.5653021442495126,0.5243664717348928,0.2884990253411306,-0.12085769980506822,-0.12429790761168269,0.15193359956185626,False,-0.03980579587532629,False,-0.048656211984939746,-0.00242875205299653,0.051144720339698635,-0.029403933528198367,False,277.4300337216644,False,False,1.1496791004843474,1.7905136809883542,0.0016332272023191763,False,1.9187066603925689
ETN,333,0.41618963695387634,Eaton Corporation,Industrials,SP500,397.79998779296875,0.013761452549637232,-0.041953695333850405,-0.12648222853645563,-0.021905896510788447,0.09872437785415156,0.1267056530214425,0.4678362573099415,0.6198830409356725,-0.20272904483430798,-0.1351421967494758,0.27011485405056535,False,-0.025230588414309252,False,-0.041088863765996964,0.0418001082991426,0.042849501078241925,-0.015696880952842274,False,859.871901967041,False,True,0.8486469253768173,1.0398173468712888,0.013379205101070824,False,0.8634379384310475
DAL,334,0.415569746283517,Delta Air Lines,Industrials,SP500,77.87000274658203,-0.012929352908579772,-0.011174568297371068,-0.11097150357002372,-0.06107436788698939,0.20730171610259718,0.16569200779727095,0.3567251461988304,0.8031189083820662,-0.50682261208577,-0.16653564393893927,0.41027920180996325,False,-0.027239026969211988,False,-0.08071673957109304,0.04402400464094702,0.08780399148509832,-0.01543034319576797,False,476.1374115901337,False,True,0.729827619763299,1.0384994622046835,0.009760480142201322,False,1.2350463299347907
IBKR,335,0.415441190495264,Interactive Brokers,Financials,SP500,86.73999786376953,-0.023198255824243508,-0.03921135316119584,-0.07962979198546993,-0.06747020899187206,0.2663042794239985,0.29239766081871343,0.33528265107212474,0.847953216374269,-0.19103313840155944,-0.11581093920597241,0.42681391387613243,False,-0.05964706206335513,False,-0.05406851399811541,0.08832278422834317,0.057159017115123056,-0.03670466682092688,False,377.62572472273257,False,True,1.0778384429742753,0.8768267627549724,0.002139581142817981,False,0.9157914106410323
EMR,336,0.415062008140595,Emerson Electric,Industrials,SP500,145.8300018310547,-0.007959171217315042,-0.029998633874512515,-0.10009256967136593,-0.016702177931654738,0.10888307103890305,0.19298245614035087,0.4853801169590643,0.6374269005847953,-0.33723196881091616,-0.10983972464508118,0.19205053924140247,False,-0.04359658995300153,False,-0.02968703055126365,0.0229977868760336,0.03059531459022935,-0.023074213853845116,False,386.3684978270264,False,True,0.797499231741091,0.8665297292572602,0.008775464531515675,False,0.9845053877800812
NFLX,337,0.4143595289593848,Netflix,Communication Services,SP500,76.41000366210938,-0.019127058210320347,0.00499809139699714,0.005130321445213415,-0.029344480726281152,-0.19022887698321,0.7524366471734892,0.44639376218323584,0.08187134502923976,0.3840155945419103,-0.3844604475194343,0.1303255234741012,False,-0.039809954848869844,False,0.008095423739235885,-0.1097497154840541,-0.008030414134019392,-0.021557915447728893,False,2697.6815829078673,True,False,1.015301868024228,0.7005203379238057,-0.0021822614328042,False,0.69719126958957
NXPI,338,0.414086204857654,NXP Semiconductors,Information Technology,SP500,218.97999572753906,-0.028206845232553013,-0.015021548481750413,-0.05480670595786197,-0.27131458729277813,0.1434747096249549,0.46393762183235865,0.03313840155945419,0.6939571150097466,0.009746588693957114,-0.336545124040605,0.20988023081271323,False,-0.023141341263952175,False,-0.0949323407439765,-0.09804697937025253,0.1048897723536073,-0.024380695152537823,False,900.7105380314026,False,False,0.6264985668036365,0.8923681336162044,0.01177792956631274,False,0.8940565102560385
SO,339,0.4139807280758976,Southern Company,Utilities,SP500,86.2300033569336,0.0032577826484394556,-0.02388491134736459,-0.0656625582238366,-0.07812497451094458,-0.10794856185684465,0.39766081871345027,0.30409356725146197,0.19883040935672514,0.01949317738791423,-0.11550914687304059,0.050790463214372306,False,-0.026969040240588105,False,-0.05924762799800243,-0.05285067417295841,0.06297898337680374,-0.012617256869260185,False,481.80432514828493,False,False,0.7474990771041298,0.9952374539819703,0.005352027111114266,False,1.118370031511677
VICI,340,0.4110428277695761,Vici Properties,Real Estate,SP500,24.530000686645508,-0.009289157516567448,-0.026973360671241453,-0.05508468598839311,-0.10952548775776139,-0.11432138915513479,0.4619883040935672,0.2124756335282651,0.19298245614035087,0.06432748538011696,-0.21733366236581453,0.0,False,-0.042544869985269074,False,-0.06060673410890216,-0.09802619324245376,0.06451689224258095,-0.0195105866600761,False,243.55910732816696,False,False,0.676244393633517,1.1147112830096249,0.001615468812962817,False,1.0381101534490789
MAS,341,0.41039947662153864,Masco,Industrials,SP500,68.27999877929688,-0.008710779588356088,-0.015854691808407373,-0.07237347535884697,-0.08316273755992876,0.11591591748856955,0.3469785575048733,0.2787524366471735,0.6471734892787524,-0.38206627680311894,-0.17144578867618,0.17590121458341001,False,-0.043148887483139275,False,-0.07976963367004564,-0.014874861008494555,0.08668441793350223,-0.017940512735462488,False,175.32851980081176,False,False,0.628251717391395,1.0745020024960243,0.010162668489392068,False,1.168801124111544
RF,342,0.41037677908622394,Regions Financial Corporation,Financials,SP500,28.469999313354492,-0.04076822706805305,-0.047507531123795244,-0.0927841824953809,-0.008319260723939625,0.14080634061919817,0.22807017543859648,0.5048732943469786,0.6861598440545809,-0.2748538011695906,-0.11238453222393885,0.26856836464042466,False,-0.04995672416788899,False,-0.06819245922932216,0.012545861442303519,0.07318298709293725,-0.04094159914410189,False,260.40249920521927,False,True,1.1184669871317248,0.9257201908253568,-0.003706219987214099,False,1.2391359116956135
F,343,0.40928386415048273,Ford Motor Company,Consumer Discretionary,SP500,13.350000381469727,-0.011111082854094345,-0.007434901800260629,-0.04982204980514837,-0.06352632279970005,0.14444606228436618,0.48927875243664715,0.3489278752436647,0.695906432748538,-0.1111111111111111,-0.22622793185118628,0.22457700734633002,False,-0.044620144253759486,False,-0.04858771439775311,0.005542036484103896,0.05106904244672106,-0.029932846936209012,False,669.6545789397239,False,True,0.9866684083865827,0.9165822286040577,0.0029629601372613834,False,1.124150306239012
APH,344,0.4086048454469507,Amphenol,Information Technology,SP500,77.26000213623047,-0.005022529066125769,-0.050159753938414764,-0.09568672857697036,-0.025545477167546737,0.14756499106345955,0.21442495126705652,0.45614035087719296,0.7056530214424951,-0.49122807017543857,-0.12363885064768498,0.31203427818779383,False,-0.03241155469738566,False,-0.034727780173800515,0.05591272022497318,0.035977188051732556,-0.030509239144671962,False,980.5838464096985,False,True,0.7994211028725674,0.8775884822038871,0.017643207859189936,False,0.7222146378854343
KIM,345,0.40839694365289175,Kimco Realty,Real Estate,SP500,22.59000015258789,-0.017398852653873642,-0.04157825858824804,-0.06167639361107513,-0.0893400727964122,-0.005260743428144199,0.42105263157894735,0.2631578947368421,0.3840155945419103,-0.2222222222222222,-0.1335267516527946,0.19116493563716208,False,-0.04089885309314689,False,-0.07277228896485832,-0.002503645384967612,0.07848372961547545,-0.026767606220707507,False,113.2497119328003,False,False,0.6064408879011032,1.5143484830623815,-0.0021748254701315917,False,1.3666342453073128
AZO,346,0.4077516851489454,AutoZone,Consumer Discretionary,SP500,2849.0400390625,-0.003919224171838098,-0.021274672107203574,-0.05639055642439639,-0.08912043216415844,-0.17170397831179662,0.4580896686159844,0.2651072124756335,0.09551656920077972,0.18128654970760233,-0.3359252900956613,0.0,False,-0.035293561535525986,False,-0.051736503422505464,-0.14882112922093094,0.05455920596884156,-0.020049996599796005,False,682.1407285732422,False,False,0.7363906487564287,1.3684229000666923,0.0016676932195611727,False,1.3107464545382788
DOW,347,0.40731013225605867,Dow Inc.,Materials,SP500,30.079999923706055,0.007705177195880708,0.023129262380914728,-0.029066052712684254,-0.07678786270885363,-0.16720434655734373,0.6042884990253411,0.31189083820662766,0.10331384015594541,0.27680311890838205,-0.2658588868150803,0.5285530323355039,False,-0.006333851953911229,False,0.003742549647879123,-0.0325460215828034,-0.0037285951952441554,0.011581879694808395,False,276.90548093159106,True,False,0.9454833939312969,1.003397862217109,-0.01507540225087578,False,1.31927827299653
O,348,0.40723345654852505,Realty Income,Real Estate,SP500,57.150001525878906,-0.02657124140556033,-0.04924303866939095,-0.08011254146438984,-0.06880637831079961,-0.08475964595667274,0.28654970760233917,0.3313840155945419,0.2300194931773879,-0.03898635477582846,-0.13176804045802726,0.06420076704133182,False,-0.06390541509060366,False,-0.08461602720815242,-0.058784425318312294,0.09243774167257945,-0.03875732058624448,False,342.2299292117462,False,False,0.7327941353059616,1.460851239723455,0.000851630690516636,False,2.15484782770867
UDR,349,0.40407945281773683,"UDR, Inc.",Real Estate,SP500,34.400001525878906,-0.0146089465414595,-0.024248486910906975,-0.07245956737050441,-0.09871805186660298,-0.01605925016824994,0.34502923976608185,0.23196881091617932,0.3664717348927875,-0.06042884990253411,-0.1561955677256679,0.06231436527812417,False,-0.05566658076537634,False,-0.08748381362804991,-0.056415840424177244,0.09587097186283855,-0.026204801395053434,False,123.18579336131286,False,False,0.6782486961447166,1.3527833999769627,0.0,False,1.2842108635607208
UPS,350,0.4038929134098565,United Parcel Service,Industrials,SP500,98.7699966430664,-0.034978035021269505,-0.004535422012702184,-0.03185649977396743,-0.08794046425067992,0.04363582747560368,0.5906432748538012,0.26705653021442494,0.5029239766081871,-0.2046783625730994,-0.1475978104306369,0.27461544384073133,False,-0.036949324141038575,False,-0.06392623160999367,-0.03455140942613155,0.06829187374830847,-0.023703414206169837,False,499.11045499217227,False,False,0.6520666437462662,0.8266416316639195,-0.0024425989616717603,False,1.0471821933907308
CHRW,351,0.3984422624292848,C.H. Robinson,Industrials,SP500,153.47000122070312,-0.026390937849694707,0.020073142796406263,0.06459429913696169,-0.18620924688626916,-0.09934885578519004,0.9025341130604289,0.09941520467836257,0.21442495126705652,0.031189083820662766,-0.26400550872061646,0.2525918168516261,False,0.03227422508205047,True,-0.0574052596651744,-0.10468104792764177,0.060901315495122565,0.004848464787019724,False,297.0732922581482,False,False,0.5690655882643579,0.7814549791293978,-0.012878251071590352,False,0.8787628971214967
XEL,352,0.3975097561254735,Xcel Energy,Utilities,SP500,72.70999908447266,0.0030349182947497777,-0.037982852308524384,-0.07466117497532576,-0.07196651375119412,-0.09287701175288965,0.32943469785575047,0.3235867446393762,0.22417153996101363,0.0,-0.11339844710101765,0.040512792573921264,False,-0.0380399007359411,False,-0.05905688961666444,-0.057760098072214494,0.06276350712914502,-0.020037841517103527,False,395.2491941935272,False,False,0.8923680459258857,1.3512649854232746,-0.0012415000764623985,False,1.5150666030998305
ARES,353,0.396858394082619,Ares Management,Financials,SP500,124.20999908447266,-0.027710378986515405,-0.06584362588560211,-0.11191031503832205,-0.07006526269468394,0.19984003069382505,0.16374269005847952,0.32943469785575047,0.7914230019493177,-0.3645224171539961,-0.2948006771457756,0.33174311161136427,False,-0.08964502235006067,False,-0.0593574182008888,-0.041534753487057596,0.0631030524764884,-0.05175484377874229,False,272.7182536637573,False,False,0.6041759733703523,0.86776409768043,0.0016438284498838662,False,0.8775319505144203
MRVL,354,0.39453370870097626,Marvell Technology,Information Technology,SP500,229.7100067138672,0.03612994982356721,-0.02255218040445761,-0.01971576443940959,-0.17548835293142107,1.5320154333394442,0.6393762183235867,0.1111111111111111,0.9922027290448343,-0.8128654970760234,-0.2738783496898243,2.2431585555433,False,0.009095549246660006,True,0.06473979961091669,0.4646314238109317,-0.06080339969875659,0.019008261303798957,False,4979.012649955658,True,True,0.6603237022154933,0.7345926664945958,0.02268831235244062,False,0.6911460262141432
TSLA,355,0.39375932220200427,"Tesla, Inc.",Consumer Discretionary,SP500,358.0799865722656,0.004206629806734918,-0.026453905687482293,0.055349246846291944,-0.11510902156947045,-0.1031632819264956,0.8908382066276803,0.18908382066276802,0.20857699805068225,0.1617933723196881,-0.2690455152217851,0.20032172761077605,False,0.0005322527525484233,True,0.01828982632465692,-0.10024468420213617,-0.017961316956952023,-0.005798920290496112,True,13227.797780754943,True,False,0.9213165186813628,0.8180801153137781,0.0037859839428817654,False,0.8444908814990345
ORLY,356,0.3935933822379389,O'Reilly Automotive,Consumer Discretionary,SP500,83.68000030517578,-0.017379089869533404,-0.027881058025408523,-0.07259229533492517,-0.07719452995635312,-0.06387738140127885,0.341130604288499,0.3079922027290448,0.26120857699805067,-0.001949317738791423,-0.22381966236761608,0.011483100564416482,False,-0.04617524238487403,False,-0.05427092953930612,-0.08720626707558055,0.05738528214308669,-0.026798390176012488,False,553.7977131478576,False,False,0.6415910809578612,0.8896340771043978,-0.003405365230818691,False,1.1451176612524288
COST,357,0.3928464616640536,Costco,Consumer Staples,SP500,893.739990234375,-0.008442875195747934,-0.009816070896535245,-0.06267436787165703,-0.09275454482821177,-0.10008446021209882,0.4152046783625731,0.24951267056530213,0.2124756335282651,0.16374269005847952,-0.18199341954065051,0.056099418933984735,False,-0.03864347314234773,False,-0.04690359493723939,-0.06743732128891333,0.049211805529946195,-0.017995340487187317,False,1864.3027191032716,False,False,0.9511515126757003,1.0047243461976796,-0.0003328205481714086,False,1.054420126757702
PCAR,358,0.39230133934531913,Paccar,Industrials,SP500,118.22000122070312,-0.03462353336165547,-0.030029505375724797,-0.09645364926942301,-0.02071186370623579,0.0300720071049847,0.20662768031189083,0.47173489278752434,0.47173489278752434,-0.2884990253411306,-0.14237005205998354,0.30252124715901774,False,-0.05380473694830068,False,-0.07397970443179425,-0.014046322426401692,0.07988993846662984,-0.032977141294622925,False,391.66052539627077,False,False,0.6506508755506509,0.7549464077606158,0.008982512513023178,False,0.8896168282713912
ISRG,359,0.3910743372891895,Intuitive Surgical,Health Care,SP500,382.2900085449219,0.013601667284446117,0.08223875867302621,-0.02059789999212691,-0.08339127285232928,-0.20811583227343178,0.6374269005847953,0.27680311890838205,0.07407407407407407,0.16764132553606237,-0.35516568392013637,0.15140660561006158,False,0.028846419469204854,True,0.02084252649874707,-0.1633428930952444,-0.020416984948924632,0.027605738624398857,False,1153.1106226141967,True,False,0.7226493255602513,0.852611424863309,0.0022271617608826677,False,0.6840994944253456
TTWO,360,0.39020725329304995,Take-Two Interactive,Communication Services,SP500,211.80999755859375,-0.00047192724169398126,0.0031732413132619097,-0.12333927807821488,-0.07896683726448805,0.024622660157864074,0.13450292397660818,0.2982456140350877,0.4580896686159844,0.06627680311890838,-0.19245876450411004,0.11661128595335546,False,-0.052285174282435065,False,-0.09712175944885271,-0.06703221234075252,0.10756905536849182,-0.0208353739886995,False,530.4688815229187,False,False,1.0046115655083785,0.9444650964487753,-0.0015101095686308463,False,0.9508179088265737
FE,361,0.388847499265668,FirstEnergy,Utilities,SP500,45.380001068115234,0.001103005405711066,-0.017961437628253862,-0.04301976338257307,-0.039205839217033356,-0.09582959290538962,0.5321637426900585,0.4152046783625731,0.2202729044834308,-0.1325536062378168,-0.10802224707916364,0.09241333446222488,False,-0.02001855606736258,False,-0.039736864558835294,-0.02901148966197631,0.04138122467919092,-0.012014684598521175,False,202.24444236676788,False,False,0.78377625619456,0.8960331390858668,0.006176897595116637,False,0.7582676559648105
PWR,362,0.3874598978420175,Quanta Services,Industrials,SP500,619.280029296875,0.009668303492263997,-0.012281016000093459,-0.14263954342312835,-0.13890829765849189,0.0837174462623742,0.08771929824561403,0.15204678362573099,0.5789473684210527,0.025341130604288498,-0.2112288758335953,0.6483801130276869,False,-0.009529130042368661,False,-0.037963194837115743,0.04220496569637944,0.03946127074700456,-0.007306460586068764,False,676.0924803735352,False,True,0.6982297048071043,0.7893975389863548,0.019923424186342187,False,0.7028813700098915
KEYS,363,0.38421624838351587,Keysight Technologies,Information Technology,SP500,322.0400085449219,0.027699845542247914,-0.027098882076268427,-0.10829291433623145,-0.08064746156291569,0.1206068726884566,0.17153996101364521,0.2884990253411306,0.6549707602339181,-0.08576998050682261,-0.13740822921779805,1.0191861399034492,False,-0.00033988099414439255,False,-0.01140728587381834,0.09685306807798999,0.011538913559464348,-0.003774253171811126,False,411.82686185827635,False,True,0.8976282597919066,0.8761681320780633,0.014871087183902176,False,1.4240581500308804
NVR,364,0.383154614084679,"NVR, Inc.",Consumer Discretionary,SP500,6186.43017578125,-0.01134967395896358,-0.0001405506333459483,-0.0178445681102114,-0.039013091766758934,-0.062200299271421566,0.6491228070175439,0.4171539961013645,0.26705653021442494,-0.2241715399610137,-0.24357213191751625,0.11194331127492418,False,-0.0174497467892214,False,-0.023857132614807486,-0.08609520203023258,0.02444020584682849,-0.006929407712366498,False,214.73316440234376,False,False,0.7511039925815124,1.113534543739684,0.002010337989293731,False,1.1503844549085056
HII,365,0.3816117538900524,Huntington Ingalls Industries,Industrials,SP500,278.0899963378906,-0.004902294278527286,-0.009827344510036085,-0.12236318739301566,-0.0640618436202326,-0.3365641219452761,0.1442495126705653,0.3469785575048733,0.02729044834307992,0.14619883040935672,-0.3815847230245356,0.04225485982071642,False,-0.03970711174029362,False,-0.05973868721281772,-0.19171714038854837,0.06353413290581589,-0.016440459900528892,False,137.34908095672608,False,False,0.4354629987705211,0.8964626769961351,-0.0008945824362847077,False,1.0179225838500656
CPT,366,0.3807059505689643,Camden Property Trust,Real Estate,SP500,101.30000305175781,-0.014974653257211479,-0.026990659323023358,-0.0642896632840857,-0.0901723757389149,0.015105721241365888,0.4074074074074074,0.25925925925925924,0.4249512670565302,-0.21052631578947367,-0.1384589090472108,0.06976562811576348,False,-0.04071058541516237,False,-0.07389120445099795,-0.04477550099736827,0.07978674298973143,-0.02182076988783488,False,102.07463491688537,False,False,0.6319451188719643,0.9079975430503117,-0.000583406852686208,False,1.0430077613665525
LNT,367,0.37923633284123553,Alliant Energy,Utilities,SP500,66.11000061035156,0.001818499022075537,-0.025788387625405473,-0.06027004912202316,-0.09787748739916258,-0.0759824012490895,0.43079922027290446,0.23391812865497075,0.24171539961013644,-0.01949317738791423,-0.14631911650047558,0.06876547613585404,False,-0.027078719919182093,False,-0.06279688219568469,-0.049861692401353186,0.06700455963356755,-0.01458615465004176,False,164.41844106008912,False,False,0.6389441111897001,0.7759013403424689,0.0050007855999016915,False,0.8195545615314385
KMB,368,0.37881671454130006,Kimberly-Clark,Consumer Staples,SP500,98.0999984741211,-0.005877602647557656,-0.006079012083817337,-0.0800003863691815,-0.04797506611817459,0.0015999846700591736,0.2884990253411306,0.3898635477582846,0.39571150097465885,-0.2729044834307992,-0.1788993866281201,0.08157729958016025,False,-0.06390376027597033,False,-0.0819602726764187,-0.02446702642553611,0.0892774792168991,-0.02410164184593866,False,412.52263856254575,False,False,0.763324172766444,1.7793460792662652,0.0,False,0.9184754614375641
COHR,369,0.3773499578474344,Coherent Corp.,Information Technology,SP500,289.92999267578125,0.06918161418702118,-0.04464879998688709,-0.17450603135328802,-0.24262690492715278,0.17953616385729276,0.05263157894736842,0.05263157894736842,0.7543859649122807,-0.03898635477582846,-0.3208321049285934,1.8036938633434647,False,0.018034055752021105,True,-0.025074445261037415,0.0298056589858402,0.025719343532595307,0.01657123979444508,False,1856.7496429368896,False,True,0.699317410213459,1.1260460598749187,0.03462766407009732,True,1.2250550143620047
BKR,370,0.3772488679842681,Baker Hughes,Energy,SP500,56.31999969482422,-0.007052212927895818,-0.11502199505072397,-0.13220341493572085,-0.08115751642333813,-0.004978628264983853,0.11306042884990253,0.2807017543859649,0.38596491228070173,-0.007797270955165692,-0.18593057867717577,0.2862749450756821,False,-0.0877505617359916,False,-0.06954101688149594,-0.037813412495671606,0.07473840130859277,-0.050764095925738384,False,476.7728169034195,False,False,0.8543636701541857,1.2334579989644865,-0.00687587061451056,False,1.2058287575141695
EME,371,0.3754685419789962,Emcor,Industrials,SP500,739.4600219726562,0.005356757582094307,-0.019660815451202907,-0.14269478423037885,-0.11371759273043347,0.016005084003377634,0.08382066276803118,0.19298245614035087,0.4327485380116959,0.050682261208576995,-0.21606146644030633,0.27351733667995726,False,-0.02278375460899007,False,-0.04370927856808571,-0.03216290730093152,0.045707103068653554,-0.01468584329393574,False,309.5638074593506,False,False,0.6826990083591907,0.7433668801463861,0.01566233167036768,False,0.7647399043951535
KKR,372,0.37538919597319026,KKR & Co.,Financials,SP500,96.83999633789062,-0.031600036621093786,-0.06965126578029157,-0.1101718762421513,-0.019662343391728787,0.09266501632195334,0.1695906432748538,0.4756335282651072,0.6003898635477583,-0.14619883040935677,-0.3468461389550721,0.1589701400888881,False,-0.08567763670460637,False,-0.06664246091635362,-0.0755971840735934,0.07140078493583712,-0.0517252952676468,False,435.7288372079773,False,False,0.8291852478631812,0.8615153837405545,0.0020999908447265625,False,0.9735765502528605
LMT,373,0.3726580530473825,Lockheed Martin,Industrials,SP500,537.25,0.00710452118479088,0.02438694560404575,-0.08954589230471499,0.00862584802657862,-0.14492181045333408,0.24366471734892786,0.5614035087719298,0.1442495126705653,-0.13450292397660824,-0.1959333647080833,0.245427823356837,False,-0.015969810119978334,False,-0.029059215438043906,-0.028163349995447562,0.0299289265628635,0.004980297475271511,False,612.3472142215576,False,False,0.697565454932581,0.893176347860104,0.00251183924778009,False,0.8264537735284572
DLTR,374,0.37070339471204644,Dollar Tree,Consumer Staples,SP500,112.4000015258789,-0.0034577479074632267,-0.050595471700739525,-0.1323142863099772,0.014990100181792254,0.005007199627371284,0.1111111111111111,0.580896686159844,0.3996101364522417,-0.3937621832358674,-0.2040224050577788,0.321730953854634,False,-0.11031251669863285,False,-0.11248815584534422,-0.04457230086058661,0.1267455263681443,-0.05768691901471923,False,313.91962333605954,False,False,0.8579583098317828,1.375939409819462,0.009575333117193052,False,1.4513436567128208
PSA,375,0.3700602342995999,Public Storage,Real Estate,SP500,294.67999267578125,-0.0067412702217020115,0.0105342363466161,-0.08204065665532057,-0.07017093470600833,0.050113384405979344,0.2807017543859649,0.32748538011695905,0.5107212475633528,-0.2865497076023392,-0.0991515333804901,0.17446004412583815,False,-0.033293599828965514,False,-0.05965145827707741,0.006657321213614065,0.06343547698578123,-0.0064532173619149535,False,309.698230173523,False,True,0.7956670033520291,0.849585385496384,0.0010448886552740788,False,0.8154890196897411
CVNA,376,0.3697529592626924,Carvana,Consumer Discretionary,SP500,65.4000015258789,-0.02242152415227905,-0.10911322349333752,-0.06691389723295371,-0.06624784878636092,0.038952779942066806,0.3840155945419103,0.3391812865497076,0.49317738791423,-0.06432748538011696,-0.3165430049400907,0.16254267851879134,False,-0.09205126784049045,False,-0.05575381401266921,-0.10620496609577967,0.05904584507733168,-0.06337439672936895,False,596.7186395906677,False,False,0.7822105593901466,0.8048689981707055,0.011210762076139469,False,0.9526019767986753
RDDT,377,0.36757056263184595,Reddit,Communication Services,SP500,157.60000610351562,-0.012716899813334792,0.07620870988837036,-0.04194525165036089,-0.10143105848703704,0.09194210561982885,0.5399610136452242,0.22807017543859648,0.594541910331384,-0.15984405458089668,-0.41782715423095895,0.2934997606734506,False,0.022609696415787806,True,-0.04848266500654774,-0.0900059379409589,0.050953002350589305,0.007294617166651696,False,985.6349243275451,False,False,0.6383153266467009,0.7131769755565317,0.006201780392738554,False,0.47783515470174825
MCHP,378,0.36624113556341387,Microchip Technology,Information Technology,SP500,69.58999633789062,-0.0265771657945707,-0.04684297628095402,-0.1277263631516914,-0.2679212536795358,0.08933377744428328,0.12085769980506822,0.03898635477582846,0.5925925925925926,-0.009746588693957114,-0.3183848741269172,0.4568076566052659,False,-0.051526614981749264,False,-0.10063309738709403,-0.10029296423685274,0.11189326302171843,-0.034420482667783636,False,738.6441878253174,False,False,0.4707522016678346,0.8586077988338805,0.015526656085047996,False,0.7608720697426623
CAT,379,0.3654020896991337,Caterpillar Inc.,Industrials,SP500,782.719970703125,-0.0010465417811650335,-0.040266843584502054,-0.11221011849535834,-0.17059212116829847,0.11918080411531884,0.15984405458089668,0.11500974658869395,0.6530214424951267,-0.1111111111111111,-0.26361916635620664,0.7524645066425881,False,-0.02862972057801172,False,-0.07419179801593989,0.0037239837376004115,0.08013733066626827,-0.01870623816485939,False,2293.8666003383787,False,True,0.5666590595379294,0.8065625444603098,0.01717847506204273,False,0.966710909840403
CSGP,380,0.36462140892566275,CoStar Group,Real Estate,SP500,30.360000610351562,-0.03802277807025267,0.026369191638178524,-0.031578939683309604,-0.05035967274263908,-0.31389829129149016,0.5925925925925926,0.3820662768031189,0.031189083820662766,0.2222222222222222,-0.6598700438745733,0.11864411544280573,False,-0.0374280455968351,False,-0.002746040471329758,-0.28467672910545394,0.0027536019737917083,-0.016245959332478632,False,214.89441193647767,False,False,0.9348806844180131,0.8658800094677126,-0.009822543447027487,False,0.6574582506826866
AXP,381,0.36331582380609057,American Express,Financials,SP500,312.42999267578125,-0.03698794892860657,-0.029117450194608874,-0.07072960168845599,-0.08057395817542123,0.04664352902592084,0.36062378167641324,0.290448343079922,0.5048732943469786,-0.20272904483430798,-0.18165247000491913,0.07529214797822892,False,-0.05066774316382905,False,-0.07592102310131466,-0.06695897287026564,0.08215858708972501,-0.03387174000501281,False,905.4657024805298,False,False,0.8160923091644045,1.0056237451324372,-0.006503669201975093,False,1.750237911814021
BX,382,0.36312146423898406,Blackstone Inc.,Financials,SP500,123.44999694824219,-0.02565114505352073,-0.04354234180725902,-0.12178992305584779,-0.024718136741539887,0.12379315692639192,0.14619883040935672,0.4600389863547758,0.6569200779727096,-0.32748538011695905,-0.31917661495313665,0.23251896080419443,False,-0.0962830342757568,False,-0.07423462732956965,-0.03723348229510237,0.08018730179487599,-0.046812643676580556,False,554.9946974026184,False,False,0.7769750873767091,0.8528284269126526,0.004340987095544202,False,0.8650806814341645
NI,383,0.3625498296731174,NiSource,Utilities,SP500,40.65999984741211,0.0017245551751927657,-0.024238021740205062,-0.04035872380411665,-0.14223685433532007,-0.12846104509039857,0.5516569200779727,0.14814814814814814,0.1617933723196881,0.050682261208576995,-0.16600536697320922,0.05400049541738916,False,-0.011703512379629855,False,-0.058390884659616504,-0.08682016710661267,0.06201180904935133,-0.010582956049845604,False,227.96333441506957,False,False,0.7263638106325742,0.7834944678330407,0.007144639429346178,False,0.7984545868873648
ORCL,384,0.36248097412480973,Oracle Corporation,Information Technology,SP500,143.16000366210938,0.02002135686778117,-0.11427334444551018,-0.023798093280784416,-0.23720038163827217,-0.06807300672583028,0.6276803118908382,0.05847953216374269,0.253411306042885,0.042884990253411304,-0.5587637245942396,0.24497787913443814,False,-0.037870874547655475,False,0.017391051816516345,-0.13746785245378468,-0.017093773122404787,-0.03359016088478939,False,4512.596063954437,True,False,0.7139877891218526,1.516941953693375,-0.00228006633631872,False,1.0498228874990378
TDY,385,0.36191334500635153,Teledyne Technologies,Information Technology,SP500,601.0999755859375,0.004327355897233431,0.00986172623993986,-0.11246628633883882,-0.045979068042472315,-0.06525055536335544,0.15789473684210525,0.39766081871345027,0.2573099415204678,-0.1578947368421053,-0.1304788280049044,0.2407372470356588,False,-0.022484052311676272,False,-0.06025767496836765,-0.026571509924965042,0.06412148667065654,-0.003996699711447893,False,214.3360273039551,False,False,0.6346645799878787,0.811606366715626,0.0066832633284885645,False,0.9311573341010508
NOC,386,0.36108307297925174,Northrop Grumman,Industrials,SP500,530.780029296875,-0.0008846507352940902,0.02950137082565263,-0.06490000226885106,-0.032684481595276926,-0.26033360219313384,0.4015594541910331,0.43859649122807015,0.04483430799220273,-0.017543859649122806,-0.3026995725092857,0.07494457508243046,False,-0.008931005994005425,False,-0.020114964358553644,-0.11013907163681025,0.020527881972792983,0.00664164112062382,False,424.3923779494629,False,False,0.7076184463196702,0.9426118345505198,-0.0023529411764705577,False,0.6790580026606957
KEY,387,0.3610369149662589,KeyCorp,Financials,SP500,20.719999313354492,-0.045161355535925374,-0.04647953291111262,-0.0920816240429172,-0.08050817294788404,0.10605517586009805,0.23391812865497075,0.29239766081871343,0.6296296296296297,-0.28460038986354774,-0.12803499210810543,0.2855972944727201,False,-0.04535752333988685,False,-0.07188098269874432,-0.021094057609050365,0.07744802267682949,-0.04040351577936674,False,244.08973881890486,False,False,1.1984690694795381,1.774589396070129,0.00046075212818785793,False,2.5861204276053202
TSN,388,0.3607450895122128,Tyson Foods,Consumer Staples,SP500,52.119998931884766,-0.00818268908503672,0.007344361057029403,-0.10243018842341156,-0.08094744522473829,-0.14532049672073366,0.18128654970760233,0.2826510721247563,0.14230019493177387,0.20662768031189083,-0.22836426458802916,0.06373679948546784,False,-0.04323610880535311,False,-0.07497360262064401,-0.12227445394771097,0.08105023038590864,-0.014214506896197965,False,180.58356175928498,False,False,1.0030633522242298,1.0494812251426864,0.0005709342422404173,False,0.839785140775215
TT,389,0.35875476362138226,Trane Technologies,Industrials,SP500,421.67999267578125,-0.0024838981933100746,-0.05063381154075186,-0.11075299106074954,-0.11079035966063644,-0.004052879667985176,0.16764132553606237,0.2046783625730994,0.38791423001949316,-0.10721247563352826,-0.1604558310321368,0.12811919310013753,False,-0.050456896334753254,False,-0.08500374241250819,-0.04870909257739875,0.09290064490168715,-0.02883459526785981,False,502.12295007202147,False,False,0.6336494188740681,0.9524323177955566,0.011047199841005106,False,0.8653146773711876
WEC,390,0.3585119572141922,WEC Energy Group,Utilities,SP500,103.37999725341797,-0.0012559644491302313,-0.02609518824910828,-0.06434972167451714,-0.09059772718944559,-0.10329536507950798,0.40545808966861596,0.2573099415204678,0.20662768031189083,-0.05847953216374269,-0.12258173259476868,0.024940902350684135,False,-0.02692936211572905,False,-0.05150772594511699,-0.05926830363175961,0.054304845019893744,-0.015670841080399622,False,243.70925512104796,False,False,0.823867202081745,1.1007376444992567,0.006762602007494012,False,1.1977924484928595
GLW,391,0.3584034286629817,Corning Inc.,Information Technology,SP500,144.16000366210938,0.004109467909674702,-0.1442479050415323,-0.16614828604301657,-0.1859347566990397,0.11365632223606603,0.06042884990253411,0.10136452241715399,0.6413255360623782,0.021442495126705652,-0.43513060310763163,0.8914826053800626,False,-0.049312522431883776,False,-0.07784752787430094,-0.01241295189638747,0.08441936689151941,-0.049578828017055154,False,1686.9891940818177,False,False,0.6842511759751511,0.8040704332715561,0.02542309472926152,False,0.7480504297547079
MAR,392,0.35748084060989616,Marriott International,Consumer Discretionary,SP500,334.9700012207031,-0.006731078992423978,0.010406649135382917,-0.05866810629833141,-0.15898094173349908,0.02760095559809228,0.442495126705653,0.13060428849902533,0.46588693957115007,-0.14814814814814814,-0.1661680472329926,0.30388857376197187,False,-0.025197271540955524,False,-0.05826116435199624,-0.02900094316922175,0.06186552167821269,-0.004710661112297565,False,555.0954579562988,False,False,0.7015029210854579,0.9656527183354415,0.0010378546840557057,False,0.7811933520331253
DD,393,0.35660746233925755,DuPont,Industrials,SP500,127.56999969482422,-0.0036706780377463444,-0.002736073163938313,-0.10441576507584327,-0.11094059270644874,-0.05841244066387086,0.17738791423001948,0.20272904483430798,0.2826510721247563,0.031189083820662766,-0.16452612416205803,0.4032380075442006,False,-0.03862561079655624,False,-0.06446157046722978,-0.0624021228113274,0.06890317749899744,-0.008968517070874427,False,193.03170533769227,False,False,0.7393474588855807,0.8226004770997773,0.005388960306052848,False,0.7115057506223739
GEHC,394,0.356030868648028,GE HealthCare,Health Care,SP500,63.4900016784668,-0.00905256780271646,-0.02577867941814771,-0.1227027874962272,0.004679281173748162,-0.12141580267966356,0.14035087719298245,0.557504873294347,0.17738791423001948,-0.2085769980506823,-0.27878838696425945,0.06793092591122729,False,-0.08767591701674737,False,-0.069367264765264,-0.12155180617062089,0.07453774420235426,-0.0325661554316643,False,275.87670603907014,False,False,0.4745032776133284,0.8044961893976941,0.00031210618326293904,False,0.7818011844117881
CEG,395,0.3554033485540335,Constellation Energy,Utilities,SP500,259.5299987792969,-0.001385262414285604,-0.11695956224893389,-0.06567596851088531,-0.030115831436833274,-0.15391202366580858,0.39571150097465885,0.4444444444444444,0.11695906432748537,0.04678362573099415,-0.35392792703818643,0.09906532755860487,False,-0.07099947951350971,False,-0.04046798009608654,-0.11436167066398872,0.042174705227803644,-0.05462745817019421,False,721.2626857750549,False,False,1.0010050021761434,1.009352430688197,0.010427455086121862,False,1.0200147375159099
MAA,396,0.3548919864348848,Mid-America Apartment Communities,Real Estate,SP500,121.9000015258789,-0.020804854866532163,-0.0437715852221241,-0.07031722036801702,-0.09622307733382562,-0.02535375865848688,0.3664717348927875,0.24171539961013644,0.34307992202729043,-0.2046783625730994,-0.13277076819348343,0.03527368892487459,False,-0.051439367153241156,False,-0.0726120185671354,-0.06090868700878993,0.07829734697978918,-0.029112456091753947,False,130.7547705875244,False,False,0.758904765961221,1.1463260071417793,0.0015262466436394284,False,0.9849801666889513
ECHO,397,0.3539482267312117,EchoStar,Communication Services,SP500,93.45999908447266,0.014766564960733364,0.02343407136224207,0.010269126865257494,-0.22741177034494675,-0.16754251466128833,0.7719298245614035,0.07212475633528265,0.09941520467836257,0.06432748538011696,-0.34090270047202165,0.3963842620398923,False,0.04959934572116431,True,0.03847905059240331,-0.13842892600050272,-0.0370532757213089,0.017881971580689937,False,355.9011217254486,True,False,0.4819656895792408,0.660056190062837,-0.0019544007400430496,False,0.8055383362321981
MPWR,398,0.35278931728102597,Monolithic Power Systems,Information Technology,SP500,1147.6099853515625,0.004507837990082697,-0.04663760303089304,-0.1895352415862701,-0.23313051182134847,0.0796869727878422,0.037037037037037035,0.06627680311890838,0.5653021442495126,-0.021442495126705652,-0.3198604332302549,0.34616178218981486,False,-0.07503470506072818,False,-0.12336707364199384,-0.0881310342029823,0.14072831390731055,-0.033781534628805066,False,974.1610690510254,False,False,0.5513929614194811,0.9014287099589489,0.013094623461058719,False,0.8285776415304488
CNP,399,0.3507785826819713,CenterPoint Energy,Utilities,SP500,38.33000183105469,0.009215436888805995,-0.03620816218592415,-0.05097057530678706,-0.11051745272158031,-0.11199781887565163,0.4853801169590643,0.20857699805068225,0.1968810916179337,0.0,-0.14389283302767142,0.044307819904351176,False,-0.025413447320225657,False,-0.06474082768151646,-0.06563558945775949,0.0692223392164395,-0.015142496159537333,False,255.58274745568846,False,False,1.0131190849819869,1.1697560524975332,0.007372269159337419,False,1.0698808190393172
PH,400,0.3498054496973026,Parker Hannifin,Industrials,SP500,918.75,-0.006756756756756799,-0.03235486287194056,-0.12636617008999718,-0.019083008653727807,0.03287910659470472,0.1286549707602339,0.47953216374269003,0.4756335282651072,-0.3391812865497076,-0.14272641566492517,0.29266315247917163,False,-0.05554215905347537,False,-0.06783914561750592,-0.01877268010168731,0.07277622236394565,-0.024788742880448744,False,608.8346097822266,False,False,0.859943043524624,0.872680733849592,0.007329761402027124,False,0.6785115395426832
FLEX,401,0.34888305237980793,Flex Ltd.,Information Technology,SP500,107.9000015258789,-0.0009259117974175224,-0.042421004316214206,-0.16999998826246998,-0.26563665075534804,0.6500994423156397,0.05847953216374269,0.04093567251461988,0.9571150097465887,-0.0935672514619883,-0.33423831276797267,0.979453400262809,False,-0.01988389770367205,False,-0.08526452473624668,0.11557007487682935,0.0932122204090331,-0.017471966785074455,False,441.8488375738678,False,True,0.7524083687994855,0.7785255446053956,0.02546296296296302,False,0.7456006954274174
CMS,402,0.34822768488954503,CMS Energy,Utilities,SP500,65.98999786376953,0.0010618886038924469,-0.03197888167420948,-0.07577035779401942,-0.10141083461057254,-0.14370651925982947,0.3216374269005848,0.2300194931773879,0.14814814814814814,-0.03508771929824561,-0.16138082674384913,0.0010618886038924469,False,-0.031914990419872,False,-0.0667096535971412,-0.08763613769189549,0.07147792094309913,-0.01754050374016236,False,244.7655392034607,False,False,0.5932520103142632,0.8012416998402685,0.006371331623355125,False,0.5905941663665827
FIS,403,0.34777735815947786,Fidelity National Information Services,Financials,SP500,36.849998474121094,-0.01312270156573192,-0.02086191262647441,-0.09458862387866374,-0.05630919433668635,-0.24942343168055858,0.2202729044834308,0.3723196881091618,0.05263157894736842,0.14230019493177387,-0.4420610183870237,0.0,False,-0.0715627234606454,False,-0.10436903865250069,-0.22542303392492247,0.11653129822072561,-0.03967292188092075,False,247.3898988500595,False,False,0.8400618618661556,1.0093374015009036,-0.0037493141155955367,False,0.8461899348003529
TEL,404,0.34704207245663626,TE Connectivity,Information Technology,SP500,202.1999969482422,0.0038724991877054915,-0.0121164540564912,-0.06619962715293459,-0.0645643886156132,-0.002769078522821933,0.3898635477582846,0.34307992202729043,0.3898635477582846,-0.12475633528265107,-0.1791220232951457,0.0405135377532051,False,-0.010603062445740163,False,-0.017679940302149144,-0.05554140689996212,0.017998146457059327,-0.011592900619960322,False,472.3585242103272,False,False,0.8655823594624137,0.8123811278898745,0.011716813781182056,False,0.7620281726349031
FIX,405,0.34670847590818754,Comfort Systems USA,Industrials,SP500,1587.3499755859375,0.0067035008642111205,-0.01720596283322784,-0.1561945532780723,-0.17020799087224203,0.11536615091717528,0.0682261208576998,0.11695906432748537,0.645224171539961,-0.023391812865497075,-0.23147143206347387,1.0849124813722142,False,-0.010641832440032362,False,-0.05455929067446619,0.04798525808270626,0.05770778657647191,-0.0091158367281865,False,721.3196745056152,False,True,0.7410337900689894,0.6776931264354938,0.021499526747037256,False,0.5764895330112721
FDX,406,0.3457698660654681,FedEx,Industrials,SP500,301.7200012207031,-0.021215883792044088,-0.020329035505632254,-0.08623347460842345,-0.0944135405073111,0.06387985173544553,0.2553606237816764,0.2475633528265107,0.5399610136452242,-0.30994152046783624,-0.10739804076040294,0.6951750554455836,False,-0.05849467714997758,False,-0.049779542371376606,0.03094913713020042,0.05238736123994503,-0.0313986440547257,False,481.52614009564206,False,True,0.7566978503055203,0.7757350467825997,-0.0010056366339229461,False,1.0439673802350464
GS,407,0.3448940082321481,Goldman Sachs,Financials,SP500,937.97998046875,-0.03961420246184155,-0.08825992558407536,-0.10342928498436121,-0.1357845821660305,0.17308679361886425,0.1793372319688109,0.15789473684210525,0.7504873294346979,-0.442495126705653,-0.18184323279129788,0.2844863137641349,False,-0.07837054950927125,False,-0.09484225692671899,-0.009756906185144798,0.10477981064902697,-0.058711779804035635,False,2001.5297841000977,False,False,0.8177499542670541,1.1563379129611855,0.004904460202848959,False,1.8785386154054786
UAL,408,0.34418046638666683,United Airlines Holdings,Industrials,SP500,106.30000305175781,-0.005798682452349491,-0.0076549633476403756,-0.13054145923119598,-0.10302927064702039,0.14068033337153896,0.11695906432748537,0.22612085769980506,0.6842105263157895,-0.6939571150097466,-0.21901401384849173,0.24750621046689192,False,-0.03553020038478549,False,-0.09874771185920295,-0.022519268151803606,0.10956722458137724,-0.017682560047689866,False,440.2783724044189,False,False,0.7363117516197951,1.1433604899856613,0.012906892129121994,False,1.1123904821952002
ON,409,0.34231240200959023,ON Semiconductor,Information Technology,SP500,66.5999984741211,-0.09016391733988438,-0.06170758911896623,-0.20124729350010884,-0.4367864822484474,0.09216134755777117,0.02729044834307992,0.001949317738791423,0.5964912280701754,-0.009746588693957114,-0.5027252884621081,0.48329612941627653,False,-0.08610636742200906,False,-0.17384899071439197,-0.15914666629541985,0.21043246181436404,-0.07030672371524904,False,751.9500582910919,False,False,0.6709117647981765,1.3448091142506582,0.015437225818622613,False,2.03892153774292
AXON,410,0.342136543794799,Axon Enterprise,Industrials,SP500,468.4200134277344,0.05958203867064915,-0.044040788922991125,-0.22488084499835825,0.07586301400588491,-0.07531040792959409,0.01364522417153996,0.7173489278752436,0.24366471734892786,-0.27095516569200784,-0.3975925266433231,0.35404986449080345,False,-0.14192680088602005,False,-0.1546538218497565,-0.0703467527844206,0.1829473248322533,-0.044185750470773,False,501.77976437683105,False,False,0.9239103854302357,1.6427119043000886,-0.0016965255672740653,False,2.9194660734149056
ALNY,411,0.34162785197392265,Alnylam Pharmaceuticals,Health Care,NDX,239.36000061035156,0.004574626761009393,-0.07224805964980019,0.06571680367645771,-0.15090455554161453,-0.25298049254237553,0.9083820662768031,0.14230019493177387,0.050682261208576995,0.12280701754385964,-0.5127234232817648,0.1648822541720143,False,-0.02770330223643802,False,-0.04623618309137789,-0.23837185197003907,0.04847760239137666,-0.0313219753220374,False,488.0017096399231,False,False,0.7495510660755252,0.6904025831966857,0.005162192913433561,False,0.430974860388781
ASML,412,0.34147202099617385,ASML Holding,Information Technology,NDX,1602.219970703125,0.006748429365232456,-0.07360426441471724,-0.1491673526607007,-0.11064859422240114,0.1573873531483978,0.07992202729044834,0.20662768031189083,0.7192982456140351,-0.6647173489278753,-0.1935961188569345,0.8489379695680099,False,-0.05697321163848501,False,-0.07213220042977031,0.06794705823333036,0.0777397388541563,-0.030008986056888398,False,2590.510584055664,False,True,0.6728922674188369,0.9089000951171429,0.024109631027772194,False,0.8799505048453012
DTE,413,0.34111801573950096,DTE Energy,Utilities,SP500,130.6999969482422,0.002300637007667028,-0.03939439002299916,-0.07403469642305427,-0.11494730790408825,-0.1178511566832735,0.3333333333333333,0.19103313840155944,0.18518518518518517,-0.10526315789473684,-0.15366183288863522,0.04022469826481978,False,-0.03454085848305566,False,-0.07140322085359185,-0.0675989770136779,0.07689367705887129,-0.0181585814378894,False,186.34225389398193,False,False,0.7038575748036797,1.3555997473129384,0.00805217101920519,False,1.7515830790696247
IBM,414,0.3390771449170873,IBM,Information Technology,SP500,237.49000549316406,-0.04380557167901855,-0.010210873232113449,0.03775398365399352,-0.11674743400041243,-0.0591772822566381,0.8557504873294347,0.1871345029239766,0.27485380116959063,-0.24171539961013644,-0.273475589632737,0.16243200258116652,False,0.004851020957927776,True,0.014800943824416324,-0.07675525156254193,-0.014585071007755301,-0.011021679735992773,True,1988.2358425598145,True,False,0.4911530266625102,0.6482145565445246,-0.03168657757340709,False,0.7008211150356044
PPG,415,0.3362142036979816,PPG Industries,Materials,SP500,104.9800033569336,0.0008580795863180057,-0.020343413873422644,-0.0745768591537398,-0.12446810087826543,0.023307341013328653,0.3313840155945419,0.17348927875243664,0.45614035087719296,-0.4210526315789474,-0.187194679787545,0.13492775443485705,False,-0.04908986819905592,False,-0.07227502578405898,-0.050172987838898786,0.07790565932014659,-0.018579333121008235,False,187.50686562135314,False,False,0.6272863042864156,1.0321162552766896,0.007817710931411703,False,0.9623478085618428
BA,416,0.3360085907310132,Boeing,Industrials,SP500,201.9600067138672,-0.036863921205299466,-0.02160639228098349,-0.10617389049963266,-0.1122247050983699,-0.0420263746444417,0.17543859649122806,0.19883040935672514,0.30994152046783624,-0.1267056530214425,-0.19904813958957213,0.12751235048737497,False,-0.039253294010492934,False,-0.070607302547534,-0.08658283335749839,0.07597144107229781,-0.029318933690954174,False,1191.1830800411988,False,False,0.6306601807431306,1.040702299915708,0.002384472288514239,False,2.412941660035332
AKAM,417,0.3354258935008755,Akamai Technologies,Information Technology,SP500,104.4800033569336,-0.00872863525262313,-0.05661396517441453,-0.15036185801595792,-0.21033931460346056,-0.012849518405266158,0.07602339181286549,0.07407407407407407,0.3742690058479532,0.04093567251461988,-0.351619686281038,0.45171601479532186,False,-0.02770406993023089,False,-0.09082520743602684,-0.052053121977811756,0.09989851036222608,-0.017404102253948728,False,395.109853745224,False,False,0.6505376040384981,0.9666818697447053,-9.489692680897388e-05,False,0.7252512993143932
XYL,418,0.33409417760535276,Xylem Inc.,Industrials,SP500,107.2699966430664,-0.0021395661110101827,-0.003437409408027281,-0.08335554844932624,-0.03884470444533439,-0.11218453002510809,0.2709551656920078,0.4191033138401559,0.1949317738791423,-0.12085769980506827,-0.2888284694951414,0.016554693353533212,False,-0.022324590511429432,False,-0.07293179278720474,-0.12230411554102971,0.07866928476219903,-0.0046148984427241135,False,236.77032714666748,False,False,0.8362339177366244,1.3145121693244914,0.009674427121184603,False,1.4447306200754486
ZTS,419,0.33276150803187576,Zoetis,Health Care,SP500,73.0,-0.005855921331726743,-0.00422858503502177,0.0004111111250517663,-0.07337864243337744,-0.3932560258533996,0.723196881091618,0.31968810916179335,0.011695906432748537,0.09941520467836257,-0.4956820512204242,0.022945634695232364,False,-0.03259362984094594,False,-0.03113487110959312,-0.272982447347739,0.03213540273169957,-0.012118263813387764,False,431.96098258892823,False,False,0.9242233369569401,0.805069186613983,0.0005447489494907476,False,0.8001624482980403
SNDK,420,0.3311389203602614,Sandisk,Information Technology,SP500,1519.969970703125,-0.0071363801493522505,-0.13842207222613823,-0.14935781320717656,-0.23679047303003453,1.1105711245573349,0.07797270955165692,0.06042884990253411,0.9824561403508771,-0.8245614035087718,-0.34904926308217343,15.175055347006325,False,-0.03774017673947738,False,0.00808064022053867,0.4429533144695599,-0.008015866884191758,-0.04442208687427196,False,20873.38034148877,True,True,0.4416104355079623,0.5937250228716476,0.012309773343501584,False,0.5147844246877196
STLD,421,0.33059093700766373,Steel Dynamics,Materials,SP500,238.22999572753906,-0.004138472904072432,-0.010220643520355788,-0.07720021557117551,-0.12949695442379938,0.3874139211300187,0.3157894736842105,0.16569200779727095,0.9181286549707602,-0.4639376218323587,-0.15557264557120043,0.7714707119109154,False,0.009932712534837851,True,-0.020441509868265095,0.12119473368634504,0.020868085034428274,-0.0016979639206310404,False,275.54235379107666,False,True,1.1925468921748643,0.7836498123593573,0.007817051699879674,False,0.7966493608481305
TTD,422,0.3285582678156579,Trade Desk (The),Communication Services,SP500,14.489999771118164,-0.03400001525878904,0.04394810170373087,0.08134329728491752,-0.23575946883959564,-0.42201835071782345,0.9278752436647173,0.06237816764132553,0.001949317738791423,0.056530214424951264,-0.7323111124109443,0.1120491226452276,False,0.03938022292911736,True,-0.09183215216936091,-0.40014842217350055,0.10111803934561481,0.0037727079625913262,False,333.9157282002449,False,False,0.5746378342877544,0.7209326973047498,-0.005333328247070335,False,0.6977131183700211
CMI,423,0.32835742323846145,Cummins,Industrials,SP500,527.5,-0.019553212054108315,-0.04913838287864658,-0.17421003956789194,-0.24359118096017784,-0.022352868380368096,0.05458089668615984,0.050682261208576995,0.35282651072124754,-0.050682261208576995,-0.27230523680627194,0.31186100820960494,False,-0.062088323525093636,False,-0.1385759814236628,-0.11906457502260115,0.16086849035470974,-0.03577316211083359,False,596.8547158127442,False,False,0.5551135167888619,1.2014181741211716,0.006728365090097332,False,1.488357296060261
HLT,424,0.3276084045730765,Hilton Worldwide,Consumer Discretionary,SP500,305.6300048828125,-0.007017783560684165,-0.0044300641546136665,-0.06240293323828994,-0.12692260146776346,0.015271111446328423,0.4171539961013645,0.17153996101364521,0.4269005847953216,-0.18518518518518517,-0.12692260146776346,0.1927149579502072,False,-0.03637782709236981,False,-0.047371295608060304,-0.02578373700019676,0.049726924445655074,-0.01153554783921229,False,619.0343344238281,False,False,0.812911022314785,0.8235612484214324,0.003931223956223695,False,0.9590008297995795
WMT,425,0.3272381867911789,Walmart,Consumer Staples,SP500,107.5,-0.005458380589136946,0.015780006992830442,-0.057488351583900976,-0.10966407483698881,-0.13507694921729785,0.44834307992202727,0.21052631578947367,0.15789473684210525,0.1539961013645224,-0.19703904500676206,0.07747848329707385,False,0.011708048662457449,True,-0.02247362566722022,-0.09091312451381095,0.022990301087845166,0.002532296818780644,False,2577.3163288789215,False,False,1.7179757622479055,0.7850963202410446,0.002127887544880691,False,0.6392302985076518
ARM,426,0.32594347360028686,Arm Holdings,Information Technology,NDX,243.97999572753906,0.008890517637205164,-0.07663783225531051,-0.10113103816434454,-0.38441742447931126,0.9164244788807616,0.18518518518518517,0.005847953216374269,0.9766081871345029,-0.8966861598440545,-0.44481863998652804,1.3336201683968962,False,-0.01319756294595309,False,-0.07165933360391308,0.18470951597783003,0.07719077295418053,-0.017890361850165903,False,1283.4830105666808,False,True,0.5760230491233007,0.8558178769371254,0.020841058793250156,False,0.5335521770705188
EXC,427,0.3246615396939838,Exelon,Utilities,SP500,42.439998626708984,0.005687153067075235,-0.028833000325689584,-0.059817902635206144,-0.08040141857044436,-0.13575106341608623,0.4327485380116959,0.2962962962962963,0.15594541910331383,-0.16569200779727095,-0.14004738578182285,0.02060269860803854,False,-0.02589069643171571,False,-0.053903780067430906,-0.057587722510526906,0.056974944970473285,-0.013750887140349444,False,340.68944099297335,False,False,0.7349789160816995,0.8805154396298298,0.0021327049990702562,False,0.6965698273607251
SRE,428,0.3238467172497454,Sempra,Utilities,SP500,81.69999694824219,0.006157635699404196,-0.03893665574415495,-0.04933680908439453,-0.10336843191111467,-0.13636100793161077,0.4951267056530214,0.22417153996101363,0.1539961013645224,0.0682261208576998,-0.17509898774863641,0.020571965759898836,False,-0.027884394066876705,False,-0.0651040425639291,-0.091936636175592,0.06963774101930587,-0.01668100795593952,False,315.0793469730988,False,False,1.564341711471943,0.8131887464093789,0.007142879961244075,False,1.1448281828774634
TXT,429,0.32294892482347426,Textron,Industrials,SP500,80.70999908447266,-0.00012391149751245223,0.010519264191210853,-0.07894599827957893,-0.13878398376500156,-0.11741594973749381,0.30214424951267055,0.1539961013645224,0.1871345029239766,-0.06237816764132553,-0.1985187916013591,0.020998922330383918,False,-0.0069523057096158025,False,-0.06391337071497216,-0.10287224208304901,0.06827719648531727,0.0024266005147071112,False,140.5412198336792,False,False,0.6833084129255742,1.0866339906084896,0.001610471400545821,False,0.8079337962318012
PHM,430,0.32151135067501324,PulteGroup,Consumer Discretionary,SP500,117.55000305175781,-0.01607096467169533,-0.00943808718827066,-0.08313853578175434,-0.055726749295633815,-0.031999008345690805,0.2729044834307992,0.3742690058479532,0.3255360623781676,-0.3469785575048733,-0.17010944580759013,0.07217694483813819,False,-0.05193070314136217,False,-0.06933599461057027,-0.05680021332414209,0.07450163991413539,-0.018816534236225202,False,195.43256302752687,False,False,0.8067716126395201,0.978973582391876,-0.0002510988448175544,False,0.9438272542369361
DOV,431,0.32032802706919505,Dover Corporation,Industrials,SP500,188.36000061035156,-0.00322802882156481,-0.015985777807254076,-0.0852954126357438,-0.15169094030495078,-0.11457161338208688,0.25925925925925924,0.14035087719298245,0.19103313840155944,-0.06627680311890838,-0.1866755068535607,0.1807407343640599,False,-0.03326360880536394,False,-0.07121241503732523,-0.09995492334369316,0.07667244501355719,-0.010956184410831682,False,234.67189217678833,False,False,0.6587622425596388,1.0647295885367432,0.006508947026478085,False,1.2333574244640295
STZ,432,0.31765448629183307,Constellation Brands,Consumer Staples,SP500,123.02999877929688,-0.004772722489698178,0.012176023779356449,-0.05767462408167945,-0.13955028078370568,-0.17692992971401644,0.44639376218323584,0.15009746588693956,0.09161793372319688,0.04678362573099415,-0.2510989614724686,0.016944911270295515,False,-0.04657840836263527,False,-0.05910895295845375,-0.14070750965418288,0.06282231417156181,-0.013939617964104145,False,255.7890233920288,False,False,0.9043451662491944,1.1206706105964863,0.0008089182324813038,False,0.7177205051314087
FTV,433,0.31726023582548457,Fortive,Industrials,SP500,55.29999923706055,-0.020372037384167818,-0.009138185337414062,-0.08695048076526402,-0.0978054546794297,-0.007489072260150498,0.253411306042885,0.23586744639376217,0.38011695906432746,-0.13060428849902533,-0.13610043395918325,0.16519961386578697,False,-0.04038796635124253,False,-0.07343468356630944,-0.047464778863890555,0.07925472955210133,-0.012940805056917193,False,146.93780338468932,False,False,0.8436480346095039,0.8084962913014161,0.0005314221238517103,False,0.9754140755130383
PPL,434,0.31656500459672776,PPL Corporation,Utilities,SP500,33.40999984741211,0.005416801313734565,-0.02495256259933354,-0.06292378897489048,-0.07399982089484702,-0.11635166379389317,0.41325536062378165,0.3138401559454191,0.18908382066276802,-0.07212475633528265,-0.1469830751997666,0.028656935751979695,False,-0.02618336295725565,False,-0.04406210838196023,-0.06227229696699732,0.04609306605409258,-0.015170968073171198,False,263.1697077118454,False,False,0.8670217412840068,0.7623636965009098,0.007824319585078454,False,0.5615804101032856
STX,435,0.31392179077831567,Seagate Technology,Information Technology,SP500,783.1799926757812,0.014731598648829891,-0.11596983047710996,-0.212718252119088,-0.24007751296176338,0.8644602557242633,0.021442495126705652,0.056530214424951264,0.9707602339181286,-0.8089668615984404,-0.2836291130293803,2.719535493633129,False,-0.057388599868521184,False,-0.07326615257236169,0.27724719061210124,0.07905846190438459,-0.042983987641667554,False,3838.3299014130857,False,True,0.7004064046845012,0.8198757818524172,0.016830554508836748,False,0.7425556238325078
HBAN,436,0.311871383176358,Huntington Bancshares,Financials,SP500,15.819999694824219,-0.05552240627915117,-0.04870712608653216,-0.11866300710766264,-0.07835708657563178,0.04777511398998935,0.15594541910331383,0.3001949317738791,0.50682261208577,-0.43664717348927873,-0.16319359178286352,0.07304166896571451,False,-0.05950897616954387,False,-0.08750074703662314,-0.060553496661182815,0.09589130813253943,-0.04756921664148461,False,423.74709637802886,False,False,1.0713659036703447,1.4574583931837213,-0.013731315954407686,False,3.2916709340488652
APP,437,0.31072811404462447,AppLovin,Communication Services,SP500,326.55999755859375,-0.014783062881809195,0.07047793933018176,0.04673372029884493,-0.36614908808005464,-0.2886797792077236,0.8752436647173489,0.007797270955165692,0.03898635477582846,0.003898635477582846,-0.5548527693205478,0.09367360448690887,False,0.037072093393182515,True,-0.10642213325029237,-0.31722586177780043,0.11909665314047135,0.012408969395975689,False,2178.1039469016723,False,False,0.43913864334476477,0.8003150545765431,0.006395930645749726,False,0.592696437326718
WDC,438,0.30996135696928784,Western Digital,Information Technology,SP500,416.9700012207031,0.012161398848294036,-0.1354192538025638,-0.22183572023323395,-0.38758465308751033,0.3295070024200768,0.017543859649122806,0.003898635477582846,0.8908382066276803,-0.5925925925925926,-0.4410518455270478,3.1385763845215857,False,-0.07827676183070509,False,-0.14350747671376696,0.08876876596229732,0.16755251541852378,-0.05213598695817745,False,3474.5578513729247,False,True,0.5050180649229035,0.9062493619803793,0.023036267959986922,False,1.0624424134364643
EFX,439,0.307736426301675,Equifax,Industrials,SP500,163.8000030517578,-0.019631306819193672,-0.025522002377281083,-0.07085217233849939,-0.0170924761790352,-0.12001226677732235,0.3586744639376218,0.48148148148148145,0.1793372319688109,-0.13450292397660818,-0.3684585838661679,0.0812436783568089,False,-0.10034247764290971,False,-0.08107552201440138,-0.1158057518015766,0.08822871079909578,-0.045846537982396574,False,252.98764577108764,False,False,0.9078451633885308,0.9446650773630626,-0.003112307079016885,False,0.7851447223609718
MCD,440,0.30429403035747665,McDonald's,Consumer Discretionary,SP500,248.55999755859375,-0.016694363640644028,-0.019409808473540124,-0.05725634612920527,-0.13059860053599903,-0.22762947672195621,0.4502923976608187,0.16374269005847952,0.06627680311890838,-0.009746588693957114,-0.25692736050465503,0.0,False,-0.043598204516299255,False,-0.06232173128856555,-0.1436013628327304,0.06646387504981699,-0.02331319807645449,False,1180.7246783757323,False,False,0.8144706865289356,1.099008254162387,-0.0020571416843583323,False,1.6216427887119746
BKNG,441,0.3035341397634116,Booking Holdings,Consumer Discretionary,SP500,171.39999389648438,0.00046688401147587655,-0.009318231427809187,-0.1609008591360115,-0.022228903450058235,-0.03065589447946404,0.06432748538011696,0.46588693957115007,0.32943469785575047,-0.4619883040935672,-0.2244553536087477,0.117536270107653,False,-0.11464210955648424,False,-0.1108726068777729,-0.07021411938621147,0.12469822405137765,-0.04139963377095557,False,1139.4308695988464,False,False,0.9026154332290768,1.1940191111650589,0.00011667646986524005,False,1.0077497962397601
LHX,442,0.3017133778128731,L3Harris,Industrials,SP500,250.74000549316406,0.0043258904718930236,0.0013178460374130285,-0.09497322177695577,-0.1884640032049566,-0.31420563860164286,0.21637426900584794,0.0935672514619883,0.029239766081871343,-0.005847953216374269,-0.3293087223635961,0.021177862463210184,False,-0.03020220590160938,False,-0.08917675297428862,-0.1921203999827108,0.09790785782586764,-0.005974852637386285,False,422.29209036184693,False,False,0.47623704510499354,1.1238360976822994,0.0016422480817723795,False,0.8329077962709993
CARR,443,0.29979000011444135,Carrier Global,Industrials,SP500,54.2599983215332,-0.02304649933191283,-0.06367562368982926,-0.13267268014001943,-0.23464351029092934,-0.04090766541841573,0.10721247563352826,0.06432748538011696,0.31189083820662766,-0.12085769980506822,-0.28348530629182855,0.08982318409003898,False,-0.06980734425220991,False,-0.1336096133561071,-0.1137316995205565,0.154214099574288,-0.04577308492493115,False,391.9997643054504,False,False,0.6045186415462817,1.2790501713247844,0.008282302428699762,False,1.321898538654182
MGM,444,0.29972534074913315,MGM Resorts,Consumer Discretionary,SP500,38.38999938964844,-0.021162718134148162,-0.055828835865284754,-0.12311556738090446,-0.19987495298214641,0.04150837639615235,0.1364522417153996,0.08771929824561403,0.49902534113060426,-0.668615984405458,-0.24265140205743807,0.24967448723085317,False,-0.07633084599163853,False,-0.12438761299947376,-0.036667623903887,0.14205784985017456,-0.0415075726317885,False,97.98067473851776,False,False,0.37780176603317794,0.998298813117084,0.0,False,1.2409216922528499
PEG,445,0.2996805178852764,Public Service Enterprise Group,Utilities,SP500,70.38999938964844,-0.0004259980130204566,-0.03044075937908497,-0.06056024311380359,-0.12177245481622356,-0.15448966911474948,0.4269005847953216,0.1793372319688109,0.11500974658869395,-0.06042884990253411,-0.16935772987356557,0.0,False,-0.030232539916281498,False,-0.06509534008836348,-0.09989411678552762,0.06962778439302686,-0.018310616641388555,False,213.153688473999,False,False,0.8668755610700827,1.1113864531706696,0.004544159374394008,False,1.0334913030002524
WY,446,0.2995792372865192,Weyerhaeuser,Real Estate,SP500,21.809999465942383,-0.021534384471495915,-0.03452858261960445,-0.08593784785270087,-0.11211714407355378,-0.07848256262724063,0.2573099415204678,0.20077972709551656,0.2378167641325536,-0.28654970760233917,-0.17373888051929343,0.05877899201595427,False,-0.057792073136960664,False,-0.0799957019826194,-0.08630980466928884,0.08695144376500319,-0.025984809940517772,False,125.43111013359069,False,False,0.7288865210864204,1.3086854061029725,0.0017944821236344222,False,2.5625383235189996
Q,447,0.2988304093567251,Qnity Electronics,Information Technology,SP500,114.86000061035156,0.0023562639068839264,-0.08456205074620549,-0.1834578807663979,-0.24503117376308903,0.01254144848107308,0.042884990253411304,0.04873294346978557,0.4191033138401559,-0.025341130604288498,,,False,-0.062419148455654216,False,-0.12443590786842229,-0.06626238428842357,0.14212084413544268,-0.03905533813032824,False,231.4637873170166,False,False,0.8396642168605378,0.9078196527407836,0.020944249957056016,False,0.796720141807601
HON,448,0.2976116089310033,Honeywell Technologies,Industrials,SP500,207.66000366210938,0.02074322242459936,0.013321676103542623,-0.09496619558050401,-0.13461182977705444,-0.1371126790524323,0.21832358674463936,0.15984405458089668,0.15204678362573099,-0.1871345029239766,-0.1949307611891632,0.0666566865876359,False,-0.016272275694264482,False,-0.07736637867455798,-0.09020186710427047,0.08385384716786559,0.007398084050986631,False,703.9004358558044,False,False,0.582817821617422,1.0774989707183005,0.0069308083227903605,False,1.6265419881089458
BSX,449,0.2970798381036305,Boston Scientific,Health Care,SP500,43.90999984741211,0.0009118057100809818,-0.023354076032959137,-0.14621816863973225,-0.0641517143861573,-0.38328649256359026,0.08187134502923976,0.34502923976608185,0.015594541910331383,0.15204678362573099,-0.5817298681338631,0.030025774037670372,False,-0.0663902516670164,False,-0.06361290679382481,-0.32296268421639196,0.06793441222690833,-0.021812354645175946,False,921.2738962380218,False,False,1.208212734768283,1.1664342113948547,-0.0004559028550404909,False,1.4709619112011223
LRCX,450,0.296817195194989,Lam Research,Information Technology,SP500,269.2300109863281,-0.006054506443764152,-0.14757467670971725,-0.2169904203879861,-0.2705375568442372,0.1896483765285888,0.01949317738791423,0.03508771929824561,0.7758284600389863,-0.7582846003898636,-0.3786951761266373,1.2208372889793315,False,-0.10499657018436759,False,-0.1314006523639044,0.013019740277002034,0.1512787831599378,-0.0653059667009408,False,2890.591164817627,False,True,0.6246347406970707,1.0689200487538009,0.02311075378768579,False,0.7943059528674568
JBHT,451,0.2965295659239423,J.B. Hunt,Industrials,SP500,236.72999572753906,-0.13301590803574082,-0.11601939313548182,-0.16459046544557587,-0.15256497834810678,0.18714133638266595,0.06237816764132553,0.13840155945419103,0.7699805068226121,-0.36647173489278756,-0.20535746663997767,0.8267703768665293,False,-0.11008946787979335,False,-0.13509035574544226,-0.014778144308918106,0.1561901369036911,-0.10194298645383137,False,271.78896220700074,False,False,1.7563558973398594,1.5372211124214783,-0.11045592291396888,False,5.202768307709724
DHI,452,0.29516885821860583,D. R. Horton,Consumer Discretionary,SP500,138.32000732421875,-0.01340934140474681,-0.0043905951466218784,-0.06754745355964697,-0.11256812540939365,-0.021021554839733225,0.38011695906432746,0.1968810916179337,0.3567251461988304,-0.3645224171539961,-0.19988419648290945,0.049966091604211726,False,-0.03722801571162937,False,-0.053095521945120905,-0.07082526326963068,0.056072732968999395,-0.011150579253968451,False,338.8296286456604,False,False,0.8474714807916041,1.2635289794474562,0.014408019375397485,False,1.716438884650768
CHTR,453,0.2931865432225923,Charter Communications,Communication Services,SP500,135.0,-0.04390932777792367,0.00829039222803507,-0.06315062954944328,-0.047820558877638475,-0.39331297228135276,0.41130604288499023,0.391812865497076,0.009746588693957114,0.05458089668615984,-0.5225295159411555,0.09480174092008609,False,-0.08726738748322804,False,-0.05943402300045997,-0.2505514707532538,0.06318963736074945,-0.053900780459439024,False,402.2692077921753,False,False,1.2222080236793802,0.8913476673818134,-0.009773297831793037,False,0.7304500122314835
MLM,454,0.29208180268021655,Martin Marietta Materials,Materials,SP500,496.760009765625,-0.019829892546282757,-0.01238589353606634,-0.07628968099716804,-0.1756286618002697,-0.14458906271365135,0.31968810916179335,0.10916179337231968,0.14619883040935672,-0.06042884990253411,-0.29546413240044056,0.0,False,-0.039237521395268926,False,-0.0791768972962471,-0.16619088246909963,0.08598491617311188,-0.019424900554480873,False,336.3555411065674,False,False,0.7061834422434735,1.2676876658964615,-0.003393779185471346,False,1.1811475279233918
YUM,455,0.29080807040432133,Yum! Brands,Consumer Discretionary,SP500,137.9600067138672,-0.019961621604805746,-0.04960041861807685,-0.04467719337544296,-0.12059641525242226,-0.14879293000853433,0.5243664717348928,0.18128654970760233,0.1267056530214425,-0.007797270955165692,-0.17215623552748227,0.017575548511370442,False,-0.073328562608861,False,-0.08006134449911151,-0.09917993229815392,0.08702900353232756,-0.04252212561775304,False,381.03983157635497,False,False,1.2563898325203764,0.908460017649188,0.0026993650102331568,False,0.9312692706025107
IP,456,0.2899474714182717,International Paper,Materials,SP500,34.060001373291016,0.0020594201637995635,-0.016743591991249973,-0.1539989370771061,-0.04708508812832035,-0.06494364292060661,0.07017543859649122,0.3937621832358674,0.25925925925925924,-0.5477582846003899,-0.282159561189644,0.189984888329775,False,-0.09411277578501209,False,-0.12024554750420025,-0.09047530893983158,0.13668080583516495,-0.03017869274973839,False,187.56427540525817,False,False,0.7290757306055626,1.1204447851496493,0.009120257231117979,False,1.0892983763931565
SNPS,457,0.28818621897208774,Synopsys,Information Technology,SP500,378.4700012207031,0.029290151362866723,-0.03751080808252494,-0.08409563887842841,-0.15591686270751726,-0.11838152836697302,0.2651072124756335,0.13450292397660818,0.18323586744639375,0.09746588693957114,-0.2919971510228493,0.029290151362866723,False,-0.0661702311940634,False,-0.06410440682423602,-0.15317598236828123,0.06849525448315363,-0.02959394856113562,False,737.9562954609376,False,False,1.592596162181525,1.0228642684763913,-0.0005439548555647988,False,0.9399950604223994
TER,458,0.28526071647917356,Teradyne,Information Technology,SP500,341.1499938964844,0.024936120296742637,-0.11087077660153055,-0.2298573030435055,-0.1662855258754734,0.14031380756765932,0.011695906432748537,0.12280701754385964,0.682261208576998,-0.7894736842105263,-0.2946406954754558,1.9899476983964486,False,-0.05100737228054464,False,-0.06259813480793164,0.056754279897760496,0.06677833395936927,-0.03024119516321888,False,1090.7684472328492,False,True,0.7051142196827319,0.9799717565669949,0.023013379965891145,False,0.8191373802946741
VRT,459,0.28463853698172376,Vertiv,Industrials,SP500,239.41000366210938,0.020459498909979557,-0.08909173645179913,-0.18110757237189112,-0.20070531632203203,-0.1076393478351374,0.04483430799220273,0.08382066276803118,0.20077972709551656,0.06237816764132553,-0.3633720772176985,0.7515524261497275,False,-0.07535945217767814,False,-0.12753177644359004,-0.08029567960242778,0.14617354878981947,-0.045008002415537374,False,1442.658907100006,False,False,0.8634340301309811,1.3599339603128862,0.02297429510944138,False,1.0094358510909915
IRM,460,0.28000995639784393,Iron Mountain,Real Estate,SP500,112.1500015258789,0.000981797656664618,-0.019081621676592997,-0.12993513574686344,-0.11846652284009018,0.05403961427451609,0.1189083820662768,0.18518518518518517,0.5185185185185185,-0.23196881091617932,-0.15059812878467616,0.4547534512939433,False,-0.034529820000874456,False,-0.0674911562537206,0.029875650662824826,0.07237588866458378,-0.010776743179738646,False,213.02462689421083,False,True,0.9614616689879579,0.8558500643979636,0.007229539021553988,False,1.010120728139149
LOW,461,0.27891398969264863,Lowe's,Consumer Discretionary,SP500,194.10000610351562,-0.002620597632374766,-0.022658609575542887,-0.10059770956247627,-0.12820474862963627,-0.18135643887092456,0.1871345029239766,0.16764132553606237,0.08576998050682261,-0.056530214424951264,-0.3171751528400125,0.0,False,-0.0533531066010966,False,-0.07367530389705634,-0.1671819275944978,0.07953507469573995,-0.02097919632690126,False,637.4390549179687,False,False,0.6424468388639512,0.9987646557643053,0.008529899064298574,False,0.9851627971782306
AMAT,462,0.2771206936671969,Applied Materials,Information Technology,SP500,415.3800048828125,-0.013747437757496761,-0.11404500485150404,-0.2232086857080765,-0.26821144448859047,0.18124357141195824,0.015594541910331383,0.037037037037037035,0.7582846003898636,-0.7933723196881091,-0.4248628346251607,1.3447902334200479,False,-0.09841215668436909,False,-0.18023570921844645,0.003964635454416721,0.21986284502172193,-0.05703056341170554,False,3708.4195236779174,False,True,0.4694989077274057,0.7795331881528786,0.02032432814702867,False,0.7411243366213108
JBL,463,0.2744870166283288,Jabil,Information Technology,SP500,297.239990234375,0.0040195996975971315,-0.04538011081477045,-0.19640980166256394,-0.20826554655019403,0.13349099086255878,0.03313840155945419,0.07797270955165692,0.672514619883041,-0.4600389863547758,-0.22904282027742862,0.5453520648542818,False,-0.032996379008300436,False,-0.07094929716634613,0.002785568031419716,0.076367518963117,-0.0220363023849649,False,318.28405856073,False,True,0.760657607247031,0.8941151863628227,0.02219222291883094,False,1.038007503524745
FERG,464,0.27266186775920015,Ferguson Enterprises,Industrials,SP500,214.35000610351562,-0.0035330505540399626,-0.03973656065173803,-0.12176615027434257,-0.08368943899073855,-0.04400558258347198,0.14814814814814814,0.27485380116959063,0.3079922027290448,-0.27485380116959063,-0.1932379812195626,0.0,False,-0.057960775646903606,False,-0.08190442735750625,-0.0964764508759991,0.08921122135658077,-0.029768464695359653,False,617.2065482339173,False,False,0.7338545137759211,0.49957480815138877,0.0019989432130593787,False,0.5670489025495528
VST,465,0.2713885169544867,Vistra Corp.,Utilities,SP500,140.38999938964844,-0.008054825121747933,-0.07088025335041992,-0.039148594872416065,-0.11363346255138063,-0.14331906866223088,0.5633528265107213,0.1949317738791423,0.15009746588693956,-0.22612085769980506,-0.35308983204281985,0.043624048024451856,False,-0.012311815918158886,False,-0.051591944213718044,-0.10302678237374807,0.054398466882428,-0.023065973227495706,False,653.4460000877075,False,False,0.7374039338489391,1.0080222255174287,0.013071476856299169,False,0.8639699147315679
HUBB,466,0.26894290520822606,Hubbell Incorporated,Industrials,SP500,439.07000732421875,0.0012314061670239962,-0.03494734565756874,-0.126649553486337,-0.12378270046100015,-0.06253090564578423,0.12475633528265107,0.17543859649122806,0.2651072124756335,-0.25925925925925924,-0.20811293884743087,0.0909932341103965,False,-0.04101455342113047,False,-0.07923023227949166,-0.09255513799164516,0.08604782113517584,-0.02329593825621079,False,244.22078035455567,False,False,0.6519079991655552,0.8800947977259733,0.011971814960467952,False,0.5755652505478555
CIEN,467,0.2664885196247849,Ciena,Information Technology,SP500,340.5,0.018454860992257238,0.007396449704142105,-0.23514082932297975,-0.2086915880559458,-0.07985404342048252,0.007797270955165692,0.07602339181286549,0.23586744639376217,0.050682261208576995,-0.4569377990430622,1.4967003065631364,False,-0.05721500864159412,False,-0.12279391140525309,-0.10944385722678485,0.1399829675167492,-0.000929575986213238,False,845.4464918392945,False,False,0.8914555202797251,1.2128569256828172,0.0471390853306497,True,1.810176977758783
AOS,468,0.26616274323556227,A. O. Smith,Industrials,SP500,56.88999938964844,-0.005767246137969084,-0.016254580868808932,-0.07345280169626034,-0.04989218937591522,-0.1244311263340453,0.33528265107212474,0.3840155945419103,0.16569200779727095,-0.1832358674463938,-0.2847036690385857,0.02607562387082374,False,-0.05113751620587015,False,-0.060449957102196694,-0.11592493019905548,0.0643392627770567,-0.018511897102562958,False,92.57602102875519,False,False,0.9634832690760607,0.8788281246939263,0.0038447640914460735,False,0.8818836461098046
KLAC,469,0.2636635347882644,KLA Corporation,Information Technology,SP500,167.36000061035156,-0.0039281254929568465,-0.08501450298193325,-0.18662516972029086,-0.2940245167078299,0.13250081002769898,0.03898635477582846,0.01949317738791423,0.6705653021442495,-0.6530214424951267,-0.44466815138541516,0.7121632596354117,False,-0.06411034084646228,False,-0.140462791749844,-0.03477948543574505,0.16341676707143127,-0.0409762434272507,False,2044.4309162658387,False,False,0.5273225325671802,0.8546592264033959,0.020830852940132205,False,0.6262628867231483
RL,470,0.26244015670836146,Ralph Lauren Corporation,Consumer Discretionary,SP500,338.3599853515625,0.009336796416362647,0.008194035100353991,-0.10795922193088392,-0.16610439997036675,-0.026036446791410928,0.17348927875243664,0.12475633528265107,0.33723196881091616,-0.5789473684210527,-0.18120204164449638,0.129155042736244,False,-0.0357353477247937,False,-0.08665597440827721,-0.07276732585660395,0.09487769337751573,-0.008417730513162636,False,231.6374370218506,False,False,0.7386071586352679,1.0946677635984465,0.010709054142640673,False,1.079471730109585
LUV,471,0.2599310300103379,Southwest Airlines,Industrials,SP500,39.150001525878906,-0.003309502481107174,0.012151013883012762,-0.0926557630278021,-0.1707068589009355,-0.03927195040018405,0.2300194931773879,0.11306042884990253,0.3157894736842105,-0.5243664717348928,-0.27598939014347745,0.3430637887177641,False,-0.00590048074780436,False,-0.10194774107218352,-0.08710972266111972,0.11352094497696474,-0.0008306291754198725,False,219.1667310967636,False,False,0.6837526100655528,1.1799037448520258,0.017057077506726248,False,1.5453136338380695
IR,472,0.2596378694071556,Ingersoll Rand,Industrials,SP500,71.44000244140625,-0.006535964354995261,-0.029083981195896724,-0.1320616624906289,-0.08995325649526342,-0.14969198779610948,0.11500974658869395,0.26120857699805067,0.12280701754385964,-0.46393762183235865,-0.27609849214888127,0.042557107316049336,False,-0.06351180612414997,False,-0.1131827360774561,-0.12729323932014924,0.12762802516589455,-0.026951331352493058,False,321.1327144320068,False,False,0.6180419029696934,1.14237448523967,0.009456162441270344,False,0.9415746798353077
IDXX,473,0.2595091228833118,Idexx Laboratories,Health Care,SP500,513.6199951171875,0.005658535955774813,-0.0029700654651336755,-0.059459118719402904,-0.1036300259734948,-0.12497868375847976,0.4346978557504873,0.2222222222222222,0.16374269005847952,-0.14035087719298245,-0.3300725204467536,0.017673831373907767,False,-0.041219795515367585,False,-0.07098613987473079,-0.14362212392340712,0.07641020540334997,-0.008334159752842463,False,319.6965897009888,False,False,0.7657390308673633,0.7847192292185132,0.0016250984951182712,False,0.6483342584579953
GE,474,0.25902961360783994,GE Aerospace,Industrials,SP500,312.8999938964844,0.01905229225236127,-0.03847341593829268,-0.1530195162819622,-0.10928830680540769,0.03707517710152186,0.07212475633528265,0.21442495126705652,0.4873294346978557,-0.6998050682261209,-0.17921412073199594,0.14653255517986774,False,-0.06497513712943115,False,-0.10558194281796673,-0.027613092047696464,0.11804540613884162,-0.028430589974208775,False,1315.9723823702393,False,False,1.0917203305961747,1.2148663937760602,0.010193795822336593,False,1.1999548087567051
HD,475,0.25468770861705253,Home Depot (The),Consumer Discretionary,SP500,302.4700012207031,-0.009853377168300925,-0.02570465670011457,-0.09820357450813455,-0.0960900818525483,-0.10088619253625752,0.1949317738791423,0.24366471734892786,0.21052631578947367,-0.43274853801169594,-0.2549689162492813,0.031845687524107325,False,-0.057622042424620434,False,-0.08647482738537482,-0.10460599870663556,0.09466058514608089,-0.025875702659543087,False,1250.6591459486694,False,False,0.761166157947391,1.077081904975364,0.0065797406565395455,False,0.983990711280029
FSLR,476,0.2520765383779082,First Solar,Information Technology,SP500,191.07000732421875,-0.055698276256029744,-0.05923189767490922,-0.12292861156300283,-0.277235520080235,-0.04665198548123395,0.13840155945419103,0.029239766081871343,0.30409356725146197,-0.08771929824561403,-0.399622914927828,0.03448841624919785,False,-0.07592527021155182,False,-0.11216865144740595,-0.1649076508149857,0.12634004378226926,-0.059830191715957715,False,476.1322141402893,False,False,0.6655951617795416,0.9293354390953529,0.015716160878346486,False,1.430767378763045
LII,477,0.2515953124821185,Lennox International,Industrials,SP500,361.0400085449219,-0.0031751122028014223,-0.039225052643187874,-0.13238650347601022,-0.31500146546861474,-0.2546551140938058,0.10916179337231968,0.017543859649122806,0.04873294346978557,-0.021442495126705652,-0.3698577522423322,0.0,False,-0.06144633512289921,False,-0.18913514865912384,-0.26787403157681955,0.23325113716097445,-0.027824230707653608,False,229.7348985449829,False,False,0.4716462643044103,0.9969323980079712,0.008835175420251806,False,0.8066492559603587
ROL,478,0.2483583387692977,"Rollins, Inc.",Industrials,SP500,33.529998779296875,-0.0071069492216018215,-0.029241520250696484,-0.06912830779629009,-0.27990220085756123,-0.3945503047021691,0.3742690058479532,0.025341130604288498,0.007797270955165692,0.015594541910331383,-0.48306601781209546,0.0,False,-0.05962534133053898,False,-0.12368643361141163,-0.342391037490675,0.14114403605679726,-0.0331318902111849,False,206.70248244718934,False,False,0.7469433593251258,1.027715410782577,0.0,False,1.0268613572418661
LVS,479,0.24564455278226005,Las Vegas Sands,Consumer Discretionary,SP500,41.060001373291016,-0.0050884197272440534,-0.052388653631137316,-0.09619191949217087,-0.1556559448939251,-0.23245377932778655,0.20857699805068225,0.1364522417153996,0.05847953216374269,0.06432748538011696,-0.3987699387678475,0.0,False,-0.07508980158246847,False,-0.09593875171637856,-0.2232499773386062,0.10611974785836709,-0.03744114076738492,False,232.38177470270537,False,False,1.0799105813328356,1.0020919807404949,0.002423030603632581,False,1.189789833696552
NKE,480,0.24065471898925397,"Nike, Inc.",Consumer Discretionary,SP500,35.779998779296875,-0.012148051534430881,-0.042034799436793335,-0.07496661372925506,-0.19716799543132302,-0.33811482047194585,0.3255360623781676,0.08966861598440545,0.023391812865497075,-0.042884990253411304,-0.5043618950932128,0.0,False,-0.06534834465974837,False,-0.11400771813862487,-0.2781571694032001,0.12867800371703786,-0.03374429115261235,False,957.6362671161652,False,False,0.763414026541885,1.1718357567897708,0.004417444561560568,False,1.282091136946026
AON,481,0.238142921992958,Aon plc,Financials,SP500,300.57000732421875,-0.013457202621905306,-0.013521924198939828,-0.13435284180772833,-0.09109929419329721,-0.05956203189137488,0.10331384015594541,0.2553606237816764,0.2729044834307992,-0.2982456140350877,-0.2098433056832828,0.0,False,-0.08985061451738963,False,-0.13551576660699594,-0.10198057504632874,0.15675909562296098,-0.03573229323516569,False,468.27473211169433,False,False,1.5432970180603516,1.8344925495648923,-0.004168508469085785,False,2.4164389861636817
TPR,482,0.23088390687525512,"Tapestry, Inc.",Consumer Discretionary,SP500,117.94000244140625,0.007087369368362184,0.03719992428978225,-0.08241290490926423,-0.20753005346825992,-0.17068190143309836,0.2787524366471735,0.08187134502923976,0.09746588693957114,-0.17543859649122806,-0.2815445649102455,0.20897438694842796,False,-0.04083942242205352,False,-0.1348143768365162,-0.14449282529211038,0.15582133270266096,-0.007341902648364762,False,398.1762533124237,False,False,0.651925840275655,0.8890753003868935,0.017504935881424766,False,0.9778351082014348
CRH,483,0.22870837672568026,CRH plc,Materials,SP500,86.69999694824219,-0.011289833112110736,-0.02965866335908718,-0.09734519319564472,-0.2285760931361318,-0.16740644832490248,0.2046783625730994,0.07017543859649122,0.10136452241715399,-0.04873294346978557,-0.33268531524379075,0.0,False,-0.061373440016831204,False,-0.1046823572719503,-0.21079741403285612,0.1169220311050514,-0.029288139018769144,False,416.8418588098144,False,False,0.8261723479706842,1.0559835383334875,0.00114036345463564,False,1.0912298187743736
RCL,484,0.22817088383058104,Royal Caribbean Group,Consumer Discretionary,SP500,253.9199981689453,0.018531869477066643,-0.02248233514446274,-0.15862026250233208,-0.1883390834249573,-0.08155245657617538,0.06627680311890838,0.09551656920077972,0.23391812865497075,-0.6140350877192982,-0.2627178276164568,0.043620864789994274,False,-0.06859878223533666,False,-0.12666399576070386,-0.11298572375663385,0.14503466609169768,-0.02179863237235735,False,583.0754813161926,False,False,0.597693837551691,1.0041075499970666,0.00681908113691132,False,1.1428308160571965
PNR,485,0.22467260235825484,Pentair,Industrials,SP500,56.459999084472656,-0.002120939248824283,-0.018428396468274766,-0.1191887608660851,-0.24592189031335465,-0.3634766376940838,0.1539961013645224,0.04678362573099415,0.017543859649122806,-0.01949317738791423,-0.49135660370900225,0.004983958308577563,False,-0.06354183414809678,False,-0.12176850860919053,-0.3244346609433124,0.13865194974545036,-0.0206232533348103,False,230.94082664658356,False,False,0.5258419201199891,0.7008001664868778,0.010074225457365804,False,0.636465109673382
TDG,486,0.22456998661036154,TransDigm Group,Industrials,SP500,1080.1099853515625,-0.004506925943260409,-0.04048225622293644,-0.12740945192417408,-0.16991236867262138,-0.12365013120099766,0.12280701754385964,0.1189083820662768,0.17153996101364521,-0.3762183235867446,-0.25509656182650864,0.0,False,-0.06848243436091339,False,-0.10880426025409695,-0.14370331684318738,0.12208794925918198,-0.036376617805451095,False,473.9969814633789,False,False,0.727969375118739,1.1484341396472975,-0.00019351238479259347,False,1.5757638961309834
VMC,487,0.22408113129093665,Vulcan Materials Company,Materials,SP500,244.3000030517578,-0.01966289709667246,-0.02236982813055377,-0.1216968958745478,-0.1864044905565072,-0.07616776419425031,0.15009746588693956,0.09746588693957114,0.23976608187134502,-0.30214424951267055,-0.2562729150764387,0.0,False,-0.0722966719504402,False,-0.11165562635481308,-0.14604317696108582,0.1256895745246307,-0.03468324894967367,False,272.07614310528567,False,False,0.7516939594191981,1.0067862580794789,0.0011235906208899582,False,1.246445094432876
GNRC,488,0.2178644861773917,Generac,Industrials,SP500,175.11000061035156,0.000457074967792126,-0.060971661184505255,-0.20854237012270482,-0.34084921254058087,-0.14655421161333848,0.025341130604288498,0.009746588693957114,0.13255360623781676,-0.03313840155945419,-0.4074913867922726,0.2840801267160964,False,-0.0800606197571273,False,-0.14394661284079313,-0.16525146344420283,0.16815144358984035,-0.036127780579282676,False,210.53205922616579,False,False,0.6601353350557024,0.8787935386849002,0.01216937038032162,False,1.4494128742136194
SYK,489,0.21462388848834416,Stryker Corporation,Health Care,SP500,284.760009765625,0.011580851742895248,0.03402445484143368,-0.14146160138160868,-0.08068708251802048,-0.17993529840337696,0.08966861598440545,0.28654970760233917,0.08966861598440545,-0.23196881091617932,-0.2611036974367762,0.05462760440919712,False,-0.07365596854815748,False,-0.11666660649041205,-0.1478690074631105,0.13207539457653916,-0.009367333711843284,False,824.743950364624,False,False,1.0924967004957828,1.308516825284337,-0.004120794536800587,False,1.3130519174480328
ALGN,490,0.21385942024009796,Align Technology,Health Care,SP500,150.4499969482422,0.02346936699484492,-0.016152244639542013,-0.12099793334166586,-0.16193185512684505,-0.14575288939716868,0.15204678362573099,0.1286549707602339,0.1364522417153996,-0.40740740740740744,-0.23826641115604397,0.20475656836326817,False,-0.03870116366949272,False,-0.10102035973609558,-0.11986638002867411,0.11237224427734538,-0.01359325619602636,False,147.10787280059813,False,False,0.6896228941390528,0.9441141444065188,0.008027161059736443,False,1.0784284682327903
LEN,491,0.21104263703398526,Lennar,Consumer Discretionary,SP500,78.36000061035156,-0.021356301873236894,-0.02971770012871533,-0.09452276656618441,-0.12199525914462006,-0.18329195112380037,0.2222222222222222,0.17738791423001948,0.08382066276803118,-0.27485380116959063,-0.4020967707946089,0.005904994550222753,False,-0.061382650219859336,False,-0.07097937108050945,-0.18396408021414457,0.07640236273661971,-0.02673229931465937,False,222.60599364485168,False,False,0.8147951817419654,1.7201061794866588,0.006993849890447157,False,2.377471778003262
CDNS,492,0.20600340272294132,Cadence Design Systems,Information Technology,SP500,279.8999938964844,0.021682006959692357,-0.016514448721837827,-0.13469566624353213,-0.2783292780926754,-0.047148956948138254,0.10136452241715399,0.02729044834307992,0.30214424951267055,-0.08771929824561403,-0.3277936932930371,0.05360231136820559,False,-0.08976352041645841,False,-0.14846729045952312,-0.14239415183423354,0.17435300933964393,-0.02856026217943841,False,756.4866532024536,False,False,1.0133590161098736,1.024144212262854,0.001058579916656921,False,1.08103590288129
NRG,493,0.20207424955081768,NRG Energy,Utilities,SP500,107.37999725341797,0.013114439264684474,-0.06925548498698264,-0.12249738626064344,-0.18424559193312284,-0.30151102186904777,0.14230019493177387,0.10526315789473684,0.03508771929824561,-0.05847953216374269,-0.4126437591304205,0.013114439264684474,False,-0.04958735042234652,False,-0.12648539229139544,-0.25438893239222227,0.14480054617883353,-0.030812097795451243,False,335.0134041871033,False,False,0.8106912780511056,0.982552354540101,0.01792623421241135,False,0.7285640930426861
CLX,494,0.19567964813098193,Clorox,Consumer Staples,SP500,84.86000061035156,-0.02638828539606497,-0.05311316659619281,-0.19898056772949113,-0.11956364028978461,-0.21962702129059786,0.031189083820662766,0.18323586744639375,0.0682261208576998,-0.5750487329434698,-0.31634517691616926,0.0,False,-0.12355987382342204,False,-0.13495849251680936,-0.15751272111560188,0.15601389222289064,-0.054895590979692765,False,274.2716819746399,False,False,0.725671191196328,1.219108279347802,-0.0009178731951966501,False,1.2309058691143946
DPZ,495,0.19480779574507046,Domino's,Consumer Discretionary,SP500,301.29998779296875,-0.030628721790484925,-0.05691738296574467,-0.09616808329280147,-0.054122176245633535,-0.23005318350418436,0.21052631578947367,0.3762183235867446,0.06237816764132553,-0.23196881091617932,-0.3007202448364983,0.07113496281567189,False,-0.09245383252053407,False,-0.09702223738260163,-0.15592329558047835,0.10744698418859189,-0.0547782311412649,False,292.0232541151123,False,False,1.1224163247418844,0.7437374291460962,0.0,False,0.8849152918208772
FICO,496,0.19455793212101793,Fair Isaac,Information Technology,SP500,991.3499755859375,0.0054667060460498185,0.008299487509300096,-0.06863901715287324,-0.1642922311276418,-0.17382686389089042,0.3762183235867446,0.1267056530214425,0.0935672514619883,-0.05263157894736842,-0.47255994794922784,0.0747855858645814,False,-0.07673053105173455,False,-0.12426630845354136,-0.2237849956718151,0.14189965471592103,-0.013671415883218074,False,380.35358303808596,False,False,1.2932080686885137,0.8776160936865905,-0.006044892125272705,False,0.6236669768624754
FER,497,0.1927991592375154,Ferrovial,Industrials,NDX,55.119998931884766,0.016224137650927117,-0.02545973137274804,-0.1376720821205516,-0.20793214782980496,-0.14631831092061343,0.09161793372319688,0.07992202729044834,0.13450292397660818,-0.08771929824561403,-0.2516799861288115,0.016224137650927117,False,-0.0611920088609883,False,-0.11249798694194724,-0.16598019644547135,0.12675800762897937,-0.01812942432018827,False,86.34304137139893,False,False,1.1018422869173206,1.035256331850709,0.018805247262212887,False,0.9233335574665695
APTV,498,0.1806149696921146,Aptiv,Consumer Discretionary,SP500,43.34000015258789,-0.009371425083705365,-0.0262861876671715,-0.13389289848834618,-0.3401339836904269,-0.3982226857440382,0.10526315789473684,0.011695906432748537,0.003898635477582846,-0.08382066276803118,-0.5112213708405515,0.0,False,-0.055907101556812666,False,-0.15307561520568125,-0.33668967418653495,0.1807429540983836,-0.03404251599988761,False,199.0148747862549,False,False,0.6221919970677837,0.8428660025697405,0.0025142996651785765,False,0.7655191817876675
CCL,499,0.1799761961982582,Carnival Corporation,Consumer Discretionary,SP500,22.350000381469727,0.010854806173356657,-0.015418518489265676,-0.19401367650843904,-0.2729107652152891,-0.09905677205342567,0.03508771929824561,0.031189083820662766,0.21637426900584794,-0.6198830409356725,-0.3318871798438996,0.010854806173356657,False,-0.07055079253581786,False,-0.13978010820495212,-0.1848788448133455,0.1624934618906202,-0.022496394567894984,False,482.53185476969526,False,False,0.6970316568019934,1.062123439855215,0.013116191776265218,False,1.3602167038098727
ODFL,500,0.17989704092804307,Old Dominion,Industrials,SP500,174.36000061035156,-0.03647218091648019,-0.0417674534133573,-0.176114372070454,-0.24604608011304374,-0.05193207245164877,0.050682261208576995,0.04483430799220273,0.29239766081871343,-0.3664717348927875,-0.297910152142261,0.3892122495356469,False,-0.08799112226822403,False,-0.16666327065727438,-0.11830688009518753,0.1999951097664039,-0.04431509060457606,False,351.46564672189334,False,False,0.8251647715769289,0.9799772156155928,-0.04387711177509479,False,1.6633856010505848
HWM,501,0.177999603269971,Howmet Aerospace,Industrials,SP500,227.72999572753906,0.013619965209118456,-0.02102140612282699,-0.21233398044561236,-0.17871786879880114,-0.05119692314577806,0.023391812865497075,0.10721247563352826,0.2962962962962963,-0.48343079922027293,-0.22183495480238657,0.2396333987487973,False,-0.09482426429752322,False,-0.15456566026927276,-0.07549122438971212,0.18282396752242436,-0.03029954340346941,False,721.3618972381287,False,False,1.8455244169141378,1.3311992923587799,0.0069435063484564186,False,1.1894217801568565
ALB,502,0.1674608896670901,Albemarle Corporation,Materials,SP500,109.47000122070312,-0.0350814969995531,-0.12764040364146978,-0.1802463182804226,-0.33875864741231343,-0.33790778436813895,0.04873294346978557,0.01364522417153996,0.025341130604288498,0.0,-0.48929045786294934,0.3819914883255835,False,-0.15357052794746806,False,-0.12833327736446987,-0.2961752052960196,0.14722745979845087,-0.08505864266734353,False,280.5244823548584,False,False,1.0298291830768842,1.0342491793798092,0.0048479776690406595,False,1.23239910374236
HRL,503,0.16611792037170553,Hormel Foods,Consumer Staples,SP500,20.780000686645508,-0.0004810114690455558,-0.009060497516944932,-0.13488758157250336,-0.14689028586722652,-0.06943318276733212,0.09551656920077972,0.1442495126705653,0.24951267056530213,-0.6939571150097466,-0.20674641307882324,0.06530668120359939,False,-0.0597922881238272,False,-0.12735856975702742,-0.09548392380119208,0.14594604993893823,-0.016330529454021914,False,101.60140984085083,False,False,1.1207742582363438,0.9077760036591006,0.0004809197254886932,False,0.6528350117895944
BLDR,504,0.16336121887671995,Builders FirstSource,Industrials,SP500,59.650001525878906,-0.00913619983538505,-0.028343343884491556,-0.15040589227025292,-0.2424434449556223,-0.34219231004486184,0.07407407407407407,0.05458089668615984,0.01949317738791423,-0.18323586744639375,-0.5395244355608253,0.011531292031532914,False,-0.08365400052948835,False,-0.14328225892893331,-0.3273306057255725,0.16724558400039902,-0.02921618874375065,False,151.61190380324555,False,False,0.7959802167150286,1.2598357347265496,0.007807265781551331,False,1.2053789445188423
TJX,505,0.16101154713267188,TJX Companies,Consumer Discretionary,SP500,122.83999633789062,-0.014125217959741865,-0.02600702772963026,-0.18568119743000933,-0.2590934839239015,-0.20433006490728833,0.04093567251461988,0.042884990253411304,0.07602339181286549,-0.290448343079922,-0.2682882447916799,0.0,False,-0.07491295236456275,False,-0.15881207288298216,-0.197445767443159,0.1887949978398702,-0.03441198805792178,False,934.9926588719787,False,False,0.8483220767251215,1.2613674219868383,0.0028089765522252286,False,1.6089379736256006
DECK,506,0.15881236576982793,Deckers Brands,Consumer Discretionary,SP500,77.95999908447266,0.005805662957553359,-0.028293707808560886,-0.13483521744070603,-0.29236633947364443,-0.2554674838495604,0.09941520467836257,0.021442495126705652,0.04678362573099415,-0.1442495126705653,-0.3553828550463012,0.005805662957553359,False,-0.08401432517747698,False,-0.17019339196609562,-0.23871277333462737,0.20510006827897165,-0.03646530877238041,False,237.0432839099121,False,False,0.9115347656857953,1.3227720027935854,0.00903105314088215,False,1.1963254200448101
NCLH,507,0.15587007854491633,Norwegian Cruise Line Holdings,Consumer Discretionary,SP500,14.529999732971191,0.017507003128492515,-0.021548864665205114,-0.20077010511190407,-0.2852926813822414,-0.2831771383899494,0.029239766081871343,0.023391812865497075,0.04093567251461988,-0.7056530214424951,-0.43175596768144275,0.017507003128492515,False,-0.08518542925176675,False,-0.1912141367213097,-0.2636942628414102,0.23642121530927573,-0.028318755164156273,False,263.51978179197505,False,False,0.5975577785150544,1.1619611101031266,0.015406181452570333,False,1.1091190812000624
LULU,508,0.15293008014709528,Lululemon Athletica,Consumer Discretionary,SP500,95.9800033569336,-0.02429601832791939,-0.03750499215791281,-0.17072744834585374,-0.1690042999399689,-0.3973755209251959,0.056530214424951264,0.12085769980506822,0.005847953216374269,-0.06627680311890838,-0.5554011432923812,0.0,False,-0.136715208729268,False,-0.17285999391254814,-0.361313176910809,0.2089851689440252,-0.05981355066218896,False,503.290936025177,False,False,1.8193101165829617,1.197244434583834,0.007115959425613605,False,0.8772126523125496
WYNN,509,0.14984397828666032,Wynn Resorts,Consumer Discretionary,SP500,84.2300033569336,-0.028601035102342243,-0.06649672810345675,-0.1805622861492756,-0.18552900948355044,-0.180702515889007,0.04678362573099415,0.10331384015594541,0.08771929824561403,-0.40350877192982454,-0.36251667734316884,0.0,False,-0.093296838518662,False,-0.12791955979837877,-0.20126328629746815,0.14668321166428666,-0.048550025200215785,False,151.7871472053528,False,False,0.8802831200636972,1.2479619427622384,0.001845273484013088,False,1.5672400916793283
CASY,510,0.12421121296391666,Casey's,Consumer Staples,SP500,589.0,0.003167873599410953,-0.06363770795111368,-0.3229962949981774,-0.3187851075163386,-0.1473436616848588,0.001949317738791423,0.015594541910331383,0.13060428849902533,-0.2982456140350877,-0.3567013794937339,0.15045330013730074,False,-0.19841970454762636,False,-0.26712403965514797,-0.19188537107574954,0.36448738137003933,-0.09060177575009365,False,327.8144475345459,False,False,1.0971253221114479,1.8185867603320356,0.004871044861888718,False,1.7083253355555452
COO,511,0.10004425065708411,Cooper Companies (The),Health Care,SP500,54.61000061035156,0.02515487405806094,-0.1397290327008135,-0.27283619547382854,-0.18916107130521786,-0.2420541527094462,0.003898635477582846,0.09161793372319688,0.056530214424951264,-0.7816764132553606,-0.35234818776092014,0.02515487405806094,False,-0.1870124403613881,False,-0.22623297446200152,-0.24959772011978,0.2923786708340308,-0.0736635262407388,False,174.09784827858735,False,False,1.7987531313970264,3.057769764650708,0.020649492484860366,False,2.068657585609826
EIX,512,0.09782160881656196,Edison International,Utilities,SP500,54.810001373291016,0.004582111321617122,-0.04578686135613952,-0.23127631097710388,-0.2303545911923004,-0.23024771599449945,0.009746588693957114,0.0682261208576998,0.06042884990253411,-0.3333333333333333,-0.3181139183111834,0.0928007827215318,False,-0.13197027095264213,False,-0.2163865277261826,-0.18653778035892477,0.2761393663872216,-0.039686885770686686,False,296.1245334487381,False,False,3.4460552971623324,1.004418329574723,0.012646602077373892,False,0.9770039872743737
PCG,513,0.08399137112186861,PG&E Corporation,Utilities,SP500,13.350000381469727,0.015209183934699277,-0.059196562632377714,-0.23714283534458702,-0.20018930133227408,-0.2686689258178939,0.005847953216374269,0.08576998050682261,0.042884990253411304,-0.4463937621832359,-0.2973710812918925,0.015209183934699277,False,-0.13398849716159478,False,-0.1981307548143546,-0.1974343045989343,0.2470861128593156,-0.04329092737158713,False,555.7776963464756,False,False,3.596535827169058,0.9100762942834991,0.01368823653212381,False,0.6407245501024975
