Ticker,rank,score,name,sector,index,price,ret_1d,ret_1w,ret_1m,ret_3m,ret_6m,rs_1m,rs_3m,rs_6m,rs_3m_chg,pct_from_52w_high,pct_from_52w_low,new_52w_high,pct_vs_20dma,above_20dma,pct_vs_50dma,pct_vs_200dma,dist_to_50dma,pct_vs_9ema,pullback_9ema,avg_dollar_vol_m,above_50dma,above_200dma,vol_ratio_20_60,volume_x,gap_pct,gap_up,rvol
MRVL,1,0.9017742213814938,Marvell Technology,Information Technology,SP500,279.2149963378906,-0.027159378288234115,0.056791966118221904,0.23869833548485797,0.14804074104723308,1.4414477772027272,0.9799196787148594,0.8795180722891566,0.9879518072289156,0.8404555722891566,-0.11739128463496973,2.789823481490249,False,0.09990928497205331,True,0.2018608785689553,0.6443298974943226,-0.1679569425783367,0.03361478209575641,False,4979.232851745616,True,True,0.5843823919763336,0.9377615688191743,-0.020957508253281576,False,0.09902541566785343
AMD,2,0.8693544971215508,Advanced Micro Devices,Information Technology,SP500,636.1400146484375,-0.020448967711478527,0.03985223697794971,0.2578400500890412,0.16355730307475547,1.7441117873779763,0.9839357429718876,0.9036144578313253,0.9939759036144579,0.4309582078313253,-0.020448967711478527,2.331448152999269,False,0.08346556233657543,True,0.21760936579978551,0.6684832271442844,-0.17871853807304527,0.01988192903675534,False,11422.376073876794,True,True,0.7444029418771102,0.6999172790597361,-0.023140578511643306,False,0.0723589123285542
NVDA,3,0.8663632478502721,Nvidia,Information Technology,SP500,237.88999938964844,-0.005642894467974724,0.04164109949868755,0.05504893920283438,0.17445604125070746,0.3094999471676396,0.8493975903614458,0.9116465863453815,0.8815261044176707,0.27883408634538154,-0.005642894467974724,0.44356579392670015,False,0.054479283420517666,True,0.07913095303642881,0.18146718512168358,-0.07332840635677473,0.019780147578877916,False,26088.97010255166,True,True,0.5835172566258569,0.788036330864605,-0.006541558290722227,False,0.04801815284927385
PTC,4,0.8661021733101761,PTC Inc.,Information Technology,SP500,193.1699981689453,0.0008808195282139497,0.37683530981594715,0.44957231075854587,0.5604652778115897,0.3384838439966522,1.0,0.9959839357429718,0.9076305220883534,0.6795776857429718,-0.06168940229008579,0.7196652276341515,False,0.32850539916980415,True,0.3193482450690681,0.32875669340668856,-0.24205000178125835,0.16231725061262048,False,345.84253373693446,True,True,2.769593324527427,3.680053523465778,0.0010362536178352144,False,0.03251882410901334
LITE,5,0.8607939064726648,Lumentum,Information Technology,SP500,1100.3800048828125,-0.029133596982513277,0.1329407098191404,0.12451780987114969,0.40038430778924683,0.22807524485722186,0.9377510040160643,0.9718875502008032,0.8333333333333334,0.3078250502008032,-0.029133596982513277,6.35498964236136,False,0.1396282192541758,True,0.21858668578673734,0.45324615303001003,-0.17937721488037972,0.05098562739164536,False,4228.644924275159,True,True,0.7190194778425919,0.8422571058201034,-0.027157251309207875,False,0.05598068319779142
NTAP,6,0.853837173289934,NetApp,Information Technology,SP500,232.8000030517578,0.01904139269698124,0.1081492813341387,0.2308993657352456,0.3597337461046459,1.347512546493748,0.9779116465863453,0.9578313253012049,0.9819277108433735,0.24298757530120485,0.0,1.4939232123146686,True,0.14031565850955063,True,0.18904000465266813,0.6620933210713273,-0.15898540327740174,0.06438302505798288,False,497.4695801103192,True,True,1.1186179229823716,1.0791536139136477,0.018953827484776475,False,0.033257520854856365
MRNA,7,0.8487493826110896,Moderna,Health Care,SP500,189.72000122070312,0.012055875524882076,-0.014799844187144084,0.351956094528594,1.4780565212989263,2.641458863284614,0.9979919678714859,1.0,1.0,0.0,-0.06753172633325977,7.48479409847924,False,0.08018241757599243,True,0.43801896691581854,1.678489183685247,-0.3045988801213497,-0.0008812987497436309,False,3134.4294740429473,True,True,0.20391316535447968,0.6281508609103355,-0.02373846179267236,False,0.03705947697018874
MSFT,8,0.8476490007408668,Microsoft,Information Technology,SP500,528.510009765625,-0.001492495835183627,0.030434752599973747,0.06996658913758358,0.37762761610154394,0.41760423452208806,0.8795180722891566,0.9658634538152611,0.929718875502008,0.06937907881526106,-0.016993237896929858,0.5007367972901458,False,0.043338721550137516,True,0.06595039632708422,0.2227418658145457,-0.061870042503223144,0.019436725635816998,False,13213.442798655373,True,True,0.4689120531058775,0.6381594861352102,0.0026922120268895178,False,0.0317396181901276
DDOG,9,0.8473995275456666,Datadog,Information Technology,SP500,276.3699951171875,-0.0067207992482041234,0.009202077624637095,0.31460781398372273,0.027397751365009215,1.3722746361990343,0.9959839357429718,0.6807228915662651,0.9839357429718876,0.5400978915662651,-0.04088148196709229,1.6932709727684552,False,0.09132763451230375,True,0.12212968792655032,0.47860013988932026,-0.10883740911642681,0.019920033993854336,True,1014.8508941336377,True,True,0.4928351618272543,0.4438639015657106,0.001653328021858913,False,0.0171825260937295
KEYS,10,0.8414646742210778,Keysight Technologies,Information Technology,SP500,383.1400146484375,-0.012602077535867728,0.05246677742882966,0.14912122613623335,0.1892479084940637,0.2035938516947069,0.9497991967871486,0.9216867469879518,0.8112449799196787,0.5310617469879518,-0.012602077535867728,1.4022822838567106,False,0.08819080702438309,True,0.13200170351905105,0.2549917738606211,-0.11660910324489593,0.025165969758406126,True,402.5971288748389,True,True,0.8170921048989919,0.8151856554723337,-0.0013787688163091616,False,0.017170910572418006
SWKS,11,0.8377265741392991,Skyworks Solutions,Information Technology,SP500,82.00499725341797,-0.009481865604885509,-0.0406528540833726,0.08788803716359395,0.3678898450342092,0.46299189148834263,0.9156626506024096,0.963855421686747,0.9377510040160643,0.588855421686747,-0.10328048124670564,0.5755725372112175,False,-0.05339619343446911,False,0.08706455020717785,0.2496479400605891,-0.08009142620885268,-0.029740372134933746,False,541.8758189728732,True,True,1.7379791576415076,1.5952072833561444,-0.017393434297404142,False,0.09448049030256701
PLTR,12,0.8365881115186553,Palantir Technologies,Information Technology,SP500,192.4600067138672,0.0020305064548162832,0.02892276703471852,0.13012333097477669,0.4914756410991674,0.3672919453298249,0.9457831325301205,0.9859437751004017,0.9136546184738956,0.048443775100401654,-0.0710492638396294,0.7941643771488567,False,0.05068066907928337,True,0.10803424236911141,0.26434990996447083,-0.09750081562291901,0.0171522081623956,False,5610.893253643271,True,True,0.3006893083514968,0.4347981742028332,0.0032799999999999496,False,0.018548233423431742
HPE,13,0.8274714786565619,Hewlett Packard Enterprise,Information Technology,SP500,70.47000122070312,-0.0001419145254550891,0.10298954286922068,0.2609003246291637,0.43857139697721714,1.8364667231658238,0.9859437751004017,0.9799196787148594,0.9959839357429718,0.2260134287148594,-0.0001419145254550891,2.5834516289097187,True,0.12827798489187692,True,0.23658794086271717,0.8835831356246149,-0.19132318296558792,0.055311840844633364,False,1186.4491849385442,True,True,1.3449541271038445,0.7526737317570609,-0.010073874575054709,False,0.028948115538140827
SNPS,14,0.8241694854012827,Synopsys,Information Technology,SP500,505.3399963378906,0.00033648654044782234,0.16186139122939935,0.28903399717220224,0.13977039922226542,0.23205576318014343,0.9899598393574297,0.8674698795180723,0.8373493975903614,0.8127823795180723,-0.054661780444018926,0.37432684134196337,False,0.18761433374042236,True,0.21868106043081204,0.13426585332096908,-0.17944076389724706,0.07296084307916484,False,829.3318023003704,True,True,1.21814934951948,1.5866139967148667,0.0003563011877130151,False,0.049550048182649305
ZBRA,15,0.8236493731984388,Zebra Technologies,Information Technology,SP500,383.0,-0.0072061765464603855,0.025956986163718554,0.08640151675493257,0.4047313719926642,0.7319345258980237,0.9116465863453815,0.9779116465863453,0.9618473895582329,-0.01818210341365467,-0.0072061765464603855,0.9217260117178006,False,0.05508915405258996,True,0.0710692223788536,0.4234751143715032,-0.06635352869257916,0.019247530754009645,False,234.16478191111815,True,True,0.36174900196971466,0.5255021439070054,-0.019285609583048036,False,0.022135147037807223
ABBV,16,0.8213929432447532,AbbVie,Health Care,SP500,267.6000061035156,0.0034122151328461747,0.02297492201445661,0.0756491977512821,0.07840718459553409,0.28427904715106833,0.891566265060241,0.7811244979919679,0.8694779116465864,0.036983872991967925,0.0,0.3654105387433926,True,0.016406482242148357,True,0.03618840363199283,0.1624432871199113,-0.03492454027196912,0.010794731649718559,False,1173.1513308844123,True,True,0.400290265648682,0.9595013610348658,0.00393710969048966,False,0.012877241212453715
FFIV,17,0.8195867390934707,"F5, Inc.",Information Technology,SP500,468.44000244140625,-0.0028736373251040392,0.05224855148098473,0.2022996979416103,0.08858522603729768,0.5370783154970331,0.9678714859437751,0.7991967871485943,0.9417670682730924,0.4749780371485943,-0.0028736373251040392,1.0913433231542222,False,0.06401730884925505,True,0.12803175175598436,0.34535607461487783,-0.113500131141415,0.030801491260000313,False,229.36692659302247,True,True,0.8908961364093697,0.7557818740045537,-0.0025969075512733975,False,0.011076247147105017
SMCI,18,0.8153057542670684,Supermicro,Information Technology,SP500,42.839900970458984,-0.014268249587589654,0.043094747718194215,0.06408104213819388,0.516993672722071,0.8331150805326311,0.8694779116465864,0.9899598393574297,0.9678714859437751,0.8395692143574297,-0.26994034172354364,1.0866974933091829,False,0.052487054139126244,True,0.1473294179718445,0.3305887592165415,-0.1284107385935257,0.010556231046340736,True,1604.2376483129553,True,True,0.7039870275235263,0.5684138784092371,-0.02162905307204266,False,0.03637221898914218
A,19,0.8142676426472018,Agilent Technologies,Health Care,SP500,170.2949981689453,0.005698909392639395,-0.010220565522468417,0.16138157172462853,0.2766591004425687,0.4614859094119801,0.9558232931726908,0.9457831325301205,0.9357429718875502,0.23875188253012047,-0.026603011180789893,0.5535815631319434,False,0.04560616880350943,True,0.10444801271791126,0.28181437033716805,-0.09457032971690316,0.007614546404909994,False,343.2115591894098,True,True,1.087141560736538,0.7932832098216004,0.020315374736949776,False,0.014966832688351675
VRSN,20,0.8140515312257093,Verisign,Information Technology,SP500,295.1000061035156,0.006823609547430776,0.04641677913762554,0.045712237202245376,0.09625260080960807,0.0954359427087541,0.8393574297188755,0.8072289156626506,0.6666666666666666,0.43418204066265065,-0.045270067734639485,0.40315651691213006,False,0.007053828007345109,True,0.017866765987997635,0.1115355836022156,-0.017553148000323038,0.014763199234965052,False,218.97630646021975,True,True,0.6573799076281597,1.2230182308161244,0.00034120130137527127,False,0.9457876390723733
VEEV,21,0.8059989327268753,Veeva Systems,Health Care,SP500,284.0000915527344,0.0017639913676696928,-0.005079420537019597,0.07234592765361136,0.4971011919953856,0.7049893682236854,0.8815261044176707,0.9879518072289156,0.9538152610441767,-0.010095067771084376,-0.072561914895801,0.8754547004488864,False,0.04350222468650866,True,0.10887635581232957,0.40443822317893474,-0.09818620014904178,0.014987171455157045,False,440.9456399061402,True,True,0.5059195359979558,0.5309667260876388,0.006490286906139842,False,0.021205646647644273
WAT,22,0.8052451362911323,Waters Corporation,Health Care,SP500,437.57501220703125,0.0026236041300227164,-0.00413073210791659,0.08603660427849014,0.16027631464380865,0.37373250206872455,0.9096385542168675,0.8975903614457831,0.9176706827309237,0.18860598644578308,-0.012825423979933803,0.5444550363373737,False,0.025775389042740127,True,0.0572751872872419,0.20062482462340747,-0.05417245006401672,0.008555154048503377,False,308.73353839573855,True,True,0.959505345184691,0.9389016041381051,0.021332167162741333,False,0.012978789516699698
FTNT,23,0.8026772285715443,Fortinet,Information Technology,SP500,190.07000732421875,-0.006273837619268363,0.0632692613835939,0.20702359719820462,0.1608746856654888,1.276014878004148,0.9698795180722891,0.9016064257028112,0.9799196787148594,0.21605955070281124,-0.006273837619268363,1.5265186606787635,False,0.083572569109434,True,0.14596099336537516,0.5813595387140262,-0.12736994907368304,0.040179772522833446,False,748.3891561966601,True,True,0.9363504565501566,0.6079733816328541,-0.001150212870752787,False,0.02940034635577868
CPAY,24,0.8021217050662327,Corpay,Financials,SP500,405.18499755859375,-0.003945551642404399,0.04267882448426974,-0.004581722860346971,0.1538472301317888,0.3331961689154703,0.6606425702811245,0.8875502008032129,0.9016064257028112,0.055518950803212896,-0.0471615867188967,0.5889607747395833,False,0.012885885282716725,True,0.004752908638945952,0.16377684507720658,-0.00473042535938939,0.01386694026144042,False,197.94133643145264,True,True,0.5609384402973009,0.8131687226757386,-0.008013986816652552,False,0.015977265550994633
VTRS,25,0.796047319317593,Viatris,Health Care,SP500,17.63599967956543,0.005473133353892878,-0.00474038583769909,0.06176995975391186,0.08740936974345681,0.3189948251415966,0.8654618473895582,0.7931726907630522,0.893574297188755,0.2443445657630522,-0.03470173849551439,0.8748705194036122,False,0.019669489913821003,True,0.04335537637888742,0.1581002427998104,-0.0415537959169372,0.0027687558235578447,False,153.6254166780855,True,True,0.6822934876285949,0.6517817953319435,-0.0011402768939405838,False,0.0060096368619766355
AAPL,26,0.7912188446325625,Apple Inc.,Information Technology,SP500,338.19500732421875,0.013682829405615715,0.015539662726775205,0.0694927772395344,0.07041516983342366,0.308607652125406,0.8775100401606426,0.7650602409638554,0.8795180722891566,0.2259977409638554,-0.008429354496911401,0.3839617415229959,False,0.01088240909697058,True,0.04942586194949761,0.16723432113368464,-0.047098002576075326,0.010994713193297923,False,14137.967214200957,True,True,0.6534313945998494,0.6189795930682503,0.010145999208956091,False,0.04105820818375651
NDSN,27,0.7889307608458025,Nordson Corporation,Industrials,SP500,330.54010009765625,-0.011010415623261438,0.008205258331736243,0.04650496337134369,0.15770780836230425,0.21088302891526345,0.8413654618473896,0.891566265060241,0.8192771084337349,0.14156626506024095,-0.011631410648913043,0.47626814363384007,False,0.028641605464291953,True,0.04295924737244916,0.15132122392550018,-0.04118976602458568,0.0027513360351469895,True,118.3949895704016,True,True,0.6821055917593429,0.6774552644543782,-0.009903648933350273,False,0.02917974002689377
PWR,28,0.7860525013359893,Quanta Services,Industrials,SP500,705.719970703125,-0.019234013706191044,0.09856778312986059,0.10451575087432152,0.05637909105934047,0.22509482353255295,0.9317269076305221,0.7269076305220884,0.8293172690763052,0.5687045055220884,-0.10097724124605745,0.7133776862298193,False,0.08782598571598266,True,0.08836224488843114,0.15762779689656603,-0.08118826732866802,0.041627483274224275,False,662.2497264330029,True,True,0.7134459558994104,0.7604687993023763,-0.041219597038697264,False,0.04637386662502309
DXCM,29,0.7858265977215314,Dexcom,Health Care,SP500,84.2300033569336,0.010073197906623754,-0.023872957894743307,-0.003548981742523716,0.15351968267902727,0.28009117705783204,0.6706827309236948,0.8855421686746988,0.8674698795180723,0.19022966867469882,-0.08782752114566839,0.5359227411117866,False,-0.025978120705355656,False,-0.032628506645267286,0.14860713926026614,0.033729034677376646,-0.01649592996531224,False,388.78912167237934,False,True,0.5450114516616335,0.5339073750224264,0.005756126159573771,False,0.011475096062965855
CRWD,30,0.7845854435888715,CrowdStrike,Information Technology,SP500,274.32501220703125,-0.016262545301413356,0.03616624063090179,0.30618515677747915,0.3826865959993977,1.5727416091151327,0.9919678714859438,0.9678714859437751,0.9919678714859438,0.014746485943775145,-0.016262545301413356,2.1329052072180583,False,0.08846065414247839,True,0.21700084222486438,0.7598917103811849,-0.178307881716954,0.026295257867793298,False,2192.859330998779,True,True,0.8475414243719549,0.5358037163690162,-0.0070285862369502405,False,0.05070200441199228
PM,31,0.7738095147728009,Philip Morris International,Consumer Staples,SP500,191.47999572753906,0.005672278706279066,0.012063711585182713,0.04542855310062954,0.06597123767626911,0.20991114473252104,0.8373493975903614,0.748995983935743,0.8172690763052208,0.17868348393574296,-0.035210035855851696,0.3736109504159144,False,0.010269641488379166,True,0.017693838318919797,0.09085768994067545,-0.017386209538369113,0.009399852658383834,False,824.7754461802729,True,True,0.6266420997732178,0.7419440159648,-0.0036238823778130813,False,0.011338420144052003
EMR,32,0.7735923153298678,Emerson Electric,Industrials,SP500,158.3800048828125,-0.018711208970731308,0.021147637976930644,0.04094650828948909,0.15324468925500345,0.11845906058030042,0.8293172690763052,0.8835341365461847,0.7008032128514057,0.20579976154618473,-0.03323330599331353,0.2946373712889032,False,0.025810449905979693,True,0.020620771853264275,0.0977978537090407,-0.02020414675258919,-0.00178178939291751,True,396.84865467798215,True,True,0.7858655194438166,0.8817032497006337,0.011462243949662998,False,0.013389612011088242
IEX,33,0.7730799710940537,IDEX Corporation,Industrials,SP500,234.97000122070312,-0.0055442592067108665,0.033944396343492,0.04457428612419645,0.07271609396603762,0.1995582221416925,0.8353413654618473,0.7730923694779116,0.8052208835341366,0.2828579944779116,-0.01996244174362105,0.48096584515779095,False,0.03472424094356574,True,0.02230578892061552,0.11756249189596324,-0.021819096753982747,0.01267680216651823,False,141.2312817745111,True,True,0.8090957216098661,0.8298751635779129,-0.0007194776105620138,False,0.008187372195387848
RVTY,34,0.7723861297002526,Revvity,Health Care,SP500,154.0850067138672,0.005120702194926441,0.007816124854400863,0.2125039698906681,0.3650432596721229,0.7068835320491285,0.9718875502008032,0.9598393574297188,0.9558232931726908,0.01062060742971882,-0.02081211161528773,0.8743207799075399,False,0.06168322986140051,True,0.1806348380812075,0.4393226657740572,-0.15299805854855086,0.015699595948283296,False,249.9314241717209,True,True,1.3334665670451409,0.8474911108415274,0.05427261513243842,True,0.016638287090090645
SHOP,35,0.7718187771246275,Shopify,Information Technology,NDX,162.61500549316406,-0.011098254203033564,0.09652732398400699,0.21263980679938888,0.32024850134457483,0.3539967323830069,0.9738955823293173,0.9497991967871486,0.9096385542168675,0.039642946787148636,-0.09158700361306249,0.7045597787443632,False,0.14122800685626458,True,0.13660910046837338,0.25545960047498606,-0.12019004635109776,0.056098807694167974,False,1386.2411720676605,True,True,0.753826594053861,0.6081502559238466,-0.011371899108635786,False,0.04323955249917276
IT,36,0.7702003705345577,Gartner,Information Technology,SP500,186.21499633789062,0.007003018504046166,-0.0017422373750366482,0.07894432058116196,0.4033837735448089,0.24641903577930857,0.8955823293172691,0.9738955823293173,0.8493975903614458,0.3586612073293173,-0.2787117532919253,0.4810704793290017,False,0.003725916663380291,True,0.00900716073454566,0.08175743857283546,-0.008926756008340364,0.000205808484708081,False,227.5666559196924,True,True,0.6872619517512762,0.48555905198085403,0.019197507500051447,False,0.005093940195819
META,37,0.7689404417063415,Meta Platforms,Communication Services,SP500,735.9600219726562,-0.003951904085724101,0.014865315377908583,0.20059472306495962,0.16637246108027193,0.20378741766369401,0.9658634538152611,0.9056224899598394,0.8152610441767069,0.3724193649598394,-0.053537215557100115,0.4023119948689531,False,0.033108058278565444,True,0.1619625909682305,0.17071641084618783,-0.1393870957870268,0.005994580607924904,False,12509.427114273758,True,True,1.1125118884945753,0.5499997092863398,-0.0012349442127375099,False,0.029139698771998828
WAB,38,0.7638598623323942,Wabtec,Industrials,SP500,288.2900085449219,-0.009857106337030186,0.003865227026430773,0.013499722879589005,0.11093501091214941,0.07149223536542881,0.7449799196787149,0.8293172690763052,0.6305220883534136,0.1535360190763052,-0.05625569754425541,0.5161862295330346,False,0.00863124184130215,True,-0.005014207818832328,0.09941113305871485,0.005039476802819909,-0.002424933507489624,False,239.6335814926996,False,True,0.5256850329095325,0.8300652631397044,0.0049113637099715834,False,0.006706771520060275
JCI,39,0.7629718217628579,Johnson Controls,Industrials,SP500,156.8249969482422,-0.012188193660528479,0.054994977379216436,0.07442813528803471,0.11907813775647424,0.13452669470874556,0.8855421686746988,0.8413654618473896,0.7309236947791165,0.4019123368473896,-0.012188193660528479,0.4986766239335745,False,0.0641575009547608,True,0.06978506035411147,0.14021458070247927,-0.06523278641693853,0.02195631945544463,False,472.43050939987063,True,True,1.058389531662813,0.7846865234355179,-0.006865686417264816,False,0.008679471070424221
EXPD,40,0.761758715810824,Expeditors International,Industrials,SP500,191.63999938964844,-0.0008342213741581173,0.03791161191041703,0.030544162565669053,0.123197777951076,0.3137879690665657,0.8012048192771084,0.8433734939759037,0.8855421686746988,0.07384224397590367,-0.012775581031938099,0.7116819358973066,False,0.009574727829698482,True,0.029944928794381598,0.17622903392806744,-0.029074300923481622,0.0064692282039122695,True,187.0295700049655,True,True,0.9508275596881354,1.0756651598512015,0.009071898887850649,False,0.007987677433667928
VLO,41,0.7615194649566005,Valero Energy,Energy,SP500,426.1099853515625,0.016435246674292303,0.09932664651319678,0.11299458941721996,0.5209128109395971,0.7934779558076372,0.9357429718875502,0.9919678714859438,0.9658634538152611,0.0017334964859437862,0.0,1.7824305265292235,True,0.07257653517961571,True,0.1764357938218648,0.6214125262892334,-0.14997486029278417,0.044189145547416375,False,1109.8611803115357,True,True,1.0772223903518396,0.6463849793468193,-0.007084588550295701,False,0.030443120312015636
MPC,42,0.7598895076272834,Marathon Petroleum,Energy,SP500,439.2950134277344,0.01603993965938555,0.11095796497416899,0.10439456359447785,0.5548813031138524,0.9061085090574728,0.929718875502008,0.9939759036144579,0.9698795180722891,0.0017884036144578674,0.0,1.7325525417898815,True,0.07857841517464359,True,0.1785809428972751,0.6606811663460388,-0.15152200107552583,0.04683717795245612,False,976.3218176877093,True,True,1.0842655064567297,0.6170227925638073,-0.009043327960500225,False,0.02174618076946101
XOM,43,0.7575361805083236,ExxonMobil,Energy,SP500,166.36000061035156,0.011429991072754664,0.022181263350854463,0.035478630762576735,0.21807948095674234,0.07907872350322998,0.8132530120481928,0.9337349397590361,0.642570281124498,0.3458443147590361,-0.017481730367512216,0.5471940513195448,False,0.018735394782555703,True,0.03406867915850387,0.12092050916879882,-0.032946244137505465,0.015243597044142021,False,2195.9463142900613,True,True,0.8662673357413885,0.6560442747697955,-0.008633257574358955,False,0.0047146515521760204
SOLV,44,0.7572674645153193,Solventum,Health Care,SP500,86.2750015258789,-0.00878905539524144,-0.021270561174630775,-0.04255908399175068,0.13579518912230726,0.3222222456073396,0.463855421686747,0.8554216867469879,0.8995983935742972,0.06635918674698793,-0.06669191640745653,0.38062088667870997,False,-0.024151586710244866,False,-0.024692692050099496,0.10543394421211216,0.02531785812412668,-0.017065186372808183,False,89.72236577222641,False,True,0.5761499027750265,0.7160046309274721,0.016199402778996452,False,0.017213612855038408
PFE,45,0.7571876973620286,Pfizer,Health Care,SP500,27.655000686645508,0.005636388605291254,-0.03032958475576375,-0.004857870616564286,0.16036264891590823,0.04125504857548301,0.6566265060240963,0.8995983935742972,0.5622489959839357,0.19842651857429716,-0.047036517904429864,0.22139943008826335,False,-0.010156113128789945,False,0.0059839133908454745,0.06948601209346794,-0.005948319164146065,-0.008246830754817913,False,954.3043177674044,True,True,0.5143911746351267,0.7077098135408116,-0.0007272893732244157,False,0.021297152928075956
TER,46,0.7563043251635576,Teradyne,Information Technology,SP500,413.48028564453125,-0.0391330205267445,0.03135437346935399,0.11132690522424271,0.14028699477900575,0.15491724039933819,0.9337349397590361,0.8694779116465864,0.751004016064257,0.5120560366465864,-0.1450910979487432,2.136592454309176,False,0.061355614372825995,True,0.08664062466503442,0.2216049659210273,-0.07973254698787113,-0.007294517985824922,True,1020.0697858685767,True,True,0.7978180201177564,0.6553735261807491,-0.034323339096157146,False,0.03549626470467623
CRL,47,0.7533996115510428,Charles River Laboratories,Health Care,SP500,304.0400085449219,-0.0030167331319976842,0.03060912674275329,0.0829177873256619,0.3015410984629514,0.7366767340213718,0.9056224899598394,0.9477911646586346,0.963855421686747,-0.046349460341365445,-0.02165582490802842,1.0278798332392274,False,0.059101624135770914,True,0.08339631697081962,0.43656468101769286,-0.07697674033450297,0.021875535576227678,False,266.98568433904114,True,True,0.9544523835122769,0.9467901953268649,0.04866210897725787,True,0.009263109168481056
TMO,48,0.7533972330855682,Thermo Fisher Scientific,Health Care,SP500,664.0,0.01130095756347238,-0.016369140053014375,0.10196830266625456,0.2664307794928329,0.32120744223135533,0.9257028112449799,0.9417670682730924,0.8975903614457831,-0.013311056726907577,-0.02296903472288958,0.5174865992135249,False,0.013841766424348423,True,0.06579881368208729,0.22220814210021111,-0.06173661749046966,0.0004603062003556424,False,1226.5838529072412,True,True,0.9609717944328156,0.9151948931958417,0.040771814248545146,True,0.021762811522118158
FAST,49,0.7524522611615818,Fastenal,Industrials,SP500,50.599998474121094,-0.004133101623577495,0.02160306321815364,0.02470630578405575,0.09768437136452968,0.061618348421196734,0.785140562248996,0.8092369477911646,0.6044176706827309,0.18228382279116462,-0.03398248487393907,0.3137102089588306,False,0.01266833429155656,True,0.010560931702553233,0.09898604107709175,-0.010450564009792718,0.003368837623784593,True,340.95349837896805,True,True,0.5294260079771087,0.6944646499396309,-0.006297966663555976,False,0.007297758804695837
PSX,50,0.7496237343527336,Phillips 66,Energy,SP500,273.8699951171875,0.015122823095897964,0.07269592940376035,0.0568417829594301,0.45044554201807196,0.6507287513213946,0.857429718875502,0.9839357429718876,0.9518072289156626,-0.0043455070281124275,-0.0012399122879748203,1.2245179492712297,False,0.04493241753449739,True,0.12157247556224582,0.4838684124098507,-0.10839466749690108,0.03236507067017125,False,711.4091805116358,True,True,0.9378425644508688,0.5671226601292209,-0.011268054592969423,False,0.010044463109481998
PANW,51,0.7495896261457121,Palo Alto Networks,Information Technology,SP500,413.17999267578125,-0.016027269956977674,0.039943608805985464,0.22612611788580161,0.22130589003424395,1.377603841513003,0.9759036144578314,0.9357429718875502,0.9859437751004017,-0.011522653112449821,-0.016027269956977674,1.9164960684410604,False,0.07965872209643554,True,0.12443515186469889,0.6282486961737577,-0.1106645871559091,0.029372815751127934,False,2214.54176079958,True,True,0.99938334888364,0.6708204448716607,-0.015479507378515334,False,0.03534935431233471
NUE,52,0.7459458423411387,Nucor,Materials,SP500,248.0050048828125,-0.012207760194343997,0.06098397810828882,-0.030443464463893677,0.11838357482138684,0.3680545893413618,0.5461847389558233,0.8393574297188755,0.9156626506024096,0.4135761797188755,-0.09516520866209366,0.9039866061167929,False,-0.0011470925615459926,False,-0.02764972446014602,0.1536165284574671,0.028435971229395562,0.009584725865902977,False,342.3784522008301,False,True,0.9932108607706139,0.7848838222242454,0.006850622980597354,False,0.011754192721615285
NOW,53,0.744489386477361,ServiceNow,Information Technology,SP500,138.88999938964844,0.006668102926763453,0.0364152308249186,0.034870668666002524,0.27609338536238504,0.42495124294866105,0.8112449799196787,0.9437751004016064,0.9317269076305221,0.10588447540160639,-0.2661340465679374,0.6733734866222703,False,0.017117958370941322,True,0.05902446542391071,0.20253476336126708,-0.055734751510470804,0.017465928957852483,False,2037.7078454853959,True,True,0.6348693077931251,0.47101816117964324,0.00355153648495099,False,0.03871253970909917
MU,54,0.7432543935823942,Micron Technology,Information Technology,SP500,1014.610107421875,-0.0296013135902512,-0.04741282930796953,0.014346367460609022,0.023163741311488906,1.4949380815791824,0.751004016064257,0.6666666666666666,0.9899598393574297,0.10807291666666663,-0.16381050014813947,4.592525366689019,False,-0.013962311609616251,False,0.050652965162502506,0.4628419830338033,-0.048210938189917174,-0.03465656009206963,False,27743.658036259083,True,True,0.49580226284162443,0.7866693175285302,-0.026961687418011526,False,0.06240278965721429
MTD,55,0.7424804181443516,Mettler Toledo,Health Care,SP500,1547.7449951171875,0.009572328296988175,0.02435225860179857,0.1676511650608823,0.2016466915478996,0.1700875318958477,0.9598393574297188,0.927710843373494,0.7730923694779116,0.10349209337349397,0.0,0.5092146996205993,True,0.06743335996894828,True,0.09004824208247664,0.1717232260746766,-0.08260940993808163,0.022573715256968052,False,264.67957365775146,True,True,1.1957006304753641,0.7099354798668186,0.01756609590849023,False,0.013855566847216838
MSTR,56,0.742323629194196,Strategy (MicroStrategy),Information Technology,NDX,158.05999755859375,-0.0394409320741409,0.03246457207911635,0.15777902587187298,0.6834593522856087,0.23195630396696387,0.9538152610441767,0.9979919678714859,0.8353413654618473,0.3905700928714859,-0.5221886233638084,0.9203013272607146,False,0.04360341096742837,True,0.23853999991993846,0.16224047546079268,-0.19259773599185992,-0.006169049045993358,False,2983.7748403858977,True,True,0.900698456073043,0.7294164694159895,-0.0408993959448436,False,0.0657296593596556
ADI,57,0.7397122512226326,Analog Devices,Information Technology,SP500,411.010009765625,-0.022684528128057324,0.03604652924948115,0.13163545140890887,0.04730778897285881,0.19404836578302387,0.9477911646586346,0.7048192771084337,0.7931726907630522,0.5700536521084337,-0.07456619869692804,0.8479152602837463,False,0.05925091549804873,True,0.08803900769301998,0.14179213844785066,-0.08091530457137741,0.011591599134266106,False,1281.8414984399976,True,True,0.8825928562114047,0.5985297454821528,-0.021531311231992922,False,0.012256167168469214
HST,58,0.7395215817908732,Host Hotels & Resorts,Real Estate,SP500,22.450000762939453,-0.0013344652983872107,0.0026798291615297565,0.026365665504612057,-0.021939145880504052,0.19331378181384262,0.7871485943775101,0.5441767068273092,0.7911646586345381,0.35277045682730923,-0.11308184509770647,0.5319039443747924,False,0.013751163467414562,True,-0.0066550799524750515,0.0855495511332145,0.0066996667704875,0.003144723501461666,False,201.39980103068962,False,True,0.5649654097928009,0.8701882612954825,-0.000889700096572299,False,0.006858688782082589
MET,59,0.7372508810443387,MetLife,Financials,SP500,96.6500015258789,-0.005249095481759003,0.02644432632675775,0.012041900794543592,0.06690932721536114,0.3181865621671849,0.7429718875502008,0.7530120481927711,0.891566265060241,-0.024331701807228878,-0.03301646346294684,0.44747404355616216,False,0.00110314801399225,True,0.002077776310903001,0.16126932098147462,-0.002073468107986698,0.005219153298069212,False,315.2411004366408,True,True,0.6528634453880554,0.943938814217127,0.00030875646527550593,False,0.01332333016401236
WDAY,60,0.7350500160925961,"Workday, Inc.",Information Technology,SP500,188.8699951171875,0.0124363014070068,-0.008348270191276486,0.013903781162030393,0.36525950641114013,0.5848787280287582,0.7469879518072289,0.9618473895582329,0.9457831325301205,-0.0010432354417670986,-0.23120447541460432,0.6788444010416668,False,-0.00465082164762376,False,0.0029034959891101053,0.2044001425329982,-0.0028950901065974977,0.0016491614707587754,False,701.5813842597584,True,True,0.5034063287215245,0.4352839972466116,0.001500931518179538,False,0.008223552645384744
APA,61,0.7346661089924214,APA Corporation,Energy,SP500,44.7400016784668,0.014512544818369388,0.0770342005876874,0.0273249704306211,0.353406190001087,0.1704895651353815,0.7911646586345381,0.9558232931726908,0.7771084337349398,0.12769829317269077,-0.0563171942108972,1.1139325642000562,False,0.01818351184549849,True,0.06228901762166483,0.26526921780196644,-0.058636601328254656,0.023944749853740843,False,236.6091281955663,True,True,0.9284305778570655,0.6479039239970341,0.012244919143120425,False,0.011289965964188407
WSM,62,0.7333588132773028,"Williams-Sonoma, Inc.",Consumer Discretionary,SP500,240.05499267578125,-0.009060917747032993,0.053149908329448436,0.05365838891487118,0.09594809917744551,0.2894801054550835,0.8473895582329317,0.8032128514056225,0.8755020080321285,0.045400351405622486,-0.04656845722599845,0.4282288892851087,False,0.04689103405503947,True,0.02530948817972445,0.14960718909019732,-0.024684730290224333,0.02086755760850334,False,252.4414693771985,True,True,0.940755419284537,0.8916974891469419,-0.006398361410764997,False,0.01850636518888893
WST,63,0.7303011946981475,West Pharmaceutical Services,Health Care,SP500,371.760009765625,-0.002361541563491887,0.002697162513918716,0.10069580981680226,0.04010193856773725,0.3999293015610197,0.9236947791164659,0.6967871485943775,0.9216867469879518,0.12842777359437751,-0.01327104753795505,0.6119645357618377,False,0.014549918332893874,True,0.049206850350322906,0.22430999799478024,-0.046899093666699754,0.002765478960707002,False,195.58114917146727,True,True,1.023705038840109,0.8105614842828073,0.017121012544113023,False,0.009105526294494112
DELL,64,0.7288228265886126,Dell Technologies,Information Technology,SP500,563.780029296875,-0.017804827008928603,0.04801564551299431,0.05600513999512979,0.2543015496992187,2.0541807925436366,0.8534136546184738,0.9397590361445783,0.9979919678714859,-0.03485033885542166,-0.041842274125845735,4.100017543958936,False,0.01951952593313111,True,0.13293606148205672,0.8844329301850029,-0.11733765567330934,0.013714367597977617,False,3871.1661753830053,True,True,0.8811233167209359,0.5702501716527596,-0.021297866874455562,False,0.015943679035503356
FOXA,65,0.7266346763060307,Fox Corporation (Class A),Communication Services,SP500,61.959999084472656,-0.001933033876329593,-0.011013606138879806,-0.05013037105897,0.15805246286928676,0.03343966278283683,0.40963855421686746,0.893574297188755,0.5441767068273092,0.600605547188755,-0.1783073997774276,0.2755429116392125,False,-0.03326470217317612,False,-0.03984578609726219,-0.011808711475474798,0.0414993607488332,-0.01140835118478023,False,321.91599060440876,False,False,0.49774949969175514,0.7723025382368265,-0.0035438339918519857,False,0.009433684342110345
CVX,66,0.726128480656497,Chevron Corporation,Energy,SP500,208.8350067138672,0.006045885305627552,0.022648253503465332,-0.004599601162315281,0.2103277765765479,0.10211520558125864,0.6586345381526104,0.9317269076305221,0.6807228915662651,0.20516440763052213,-0.04102951454882098,0.4628049681161317,False,0.003362028402236872,True,0.028476095174627458,0.12831565904722297,-0.027687658768376422,0.008914653411348006,False,1730.4090986834185,True,True,0.8170439308287296,0.582618336814951,-0.009707097850824797,False,0.02217178153292677
BDX,67,0.7243849895549943,Becton Dickinson,Health Care,SP500,179.2899932861328,-0.005601828888128546,0.0016200742242056254,0.006964280893691166,0.1955406242906217,0.15614442756630242,0.714859437751004,0.9257028112449799,0.7550200803212851,0.027265311244979884,-0.06069112808127619,0.3252443451014415,False,-0.00848069132232876,False,-0.007521943595022673,0.11262219222676562,0.007578952044813292,-0.004116436077112207,False,322.7460451281046,False,True,0.7994014855615845,0.7672695106955075,0.016916267332964363,False,0.009856530731097877
HAS,68,0.7232421875,Hasbro,Consumer Discretionary,SP500,90.93000030517578,-0.0010985221955626123,0.03706660571040343,0.006865272542829759,0.18377430295797148,-0.015848727241499216,0.7128514056224899,0.9156626506024096,0.39959839357429716,0.2633189006024096,-0.12215033808443321,0.3229524772273,False,0.019623233841796983,True,-0.009007556985505483,0.016687136622512755,0.009089430549142685,0.010058219595155737,False,148.3048277432785,False,True,0.6756896507624266,1.116646131425952,-0.005382817426566544,False,0.008314862390496494
AMZN,69,0.7210085806937427,Amazon,Consumer Discretionary,SP500,254.71499633789062,-0.006145429609110908,0.022335952549604965,-0.00877536238510479,0.031067856461881815,0.15125422073622885,0.6485943775100401,0.6907630522088354,0.7469879518072289,0.16341930220883538,-0.10317933177009808,0.2813270533756742,False,0.01331411608099109,True,-0.012367758599833745,0.053316169449658224,0.012522635533141369,0.010573131202361363,False,10081.763085829056,False,True,0.4849892642893997,0.7270298987494165,-0.008662066981491412,False,0.041527327434428475
DHR,70,0.7204385966244009,Danaher Corporation,Health Care,SP500,218.4499969482422,0.013171913778818878,-0.013992354144953034,0.06630191106778938,0.11662991973184056,0.11774879979138353,0.8734939759036144,0.8373493975903614,0.6987951807228916,0.09906814759036142,-0.09209425355438972,0.35440145926773803,False,0.015229140215737402,True,0.041072393430249265,0.08814364591023716,-0.0394520051529933,0.0015953434353443985,False,803.8191284886133,True,True,0.8051125881276648,0.8367980217853401,0.03659384707255375,True,0.016535528772298257
FOX,71,0.7198001684155979,Fox Corporation (Class B),Communication Services,SP500,55.470001220703125,-0.00197914009945388,-0.014742416120870239,-0.047561819676042894,0.15078152105371112,0.023198559076653913,0.42971887550200805,0.8815261044176707,0.5180722891566265,0.6022292294176707,-0.1729126822806819,0.2557750592539081,False,-0.03233402020975329,False,-0.03703089244722457,-0.014582201258819039,0.03845491216362307,-0.011762013709284203,False,63.76009621335327,False,False,0.5540417140375695,0.7968893626388461,-0.003418539675183796,False,0.005966379235258253
ANET,72,0.7177785360190763,Arista Networks,Information Technology,SP500,209.60000610351562,-0.026745888236030524,0.02952016245263067,0.07509232091448803,0.13487467287251875,0.4448197113210175,0.8895582329317269,0.8534136546184738,0.9337349397590361,-0.08213322038152615,-0.026745888236030524,0.8048739435180399,False,0.03580600526885913,True,0.07067259275359028,0.3082690354529898,-0.06600766026132432,0.010870577214934896,False,1160.7249798332703,True,True,0.7031631053350109,0.6365855053596431,-0.03417533706116549,False,0.029948399166159257
AME,73,0.7162924885023967,Ametek,Industrials,SP500,250.9199981689453,-0.011035799457221995,0.01287693253309019,0.05688795362013033,0.0785255446427442,0.09185820544309897,0.8594377510040161,0.785140562248996,0.6586345381526104,0.22849993724899598,-0.027983630410542526,0.4081591969079965,False,0.02695970047808882,True,0.02750625216791569,0.0889509022192645,-0.026769912212096902,0.003642909581563769,True,335.86080354829494,True,True,0.9656207319816339,0.8281982275557604,-0.003980744529310409,False,0.007277229626106607
CSCO,74,0.7155999502040421,Cisco,Information Technology,SP500,116.90499877929688,-0.008775679503852607,0.09038561066936057,0.07500418131999509,-0.008044930215383439,0.4073744240022852,0.8875502008032129,0.5803212851405622,0.9236947791164659,0.47680566014056225,-0.09386741735716309,0.7650356883887901,False,0.06839445626304763,True,0.045983035534463035,0.1984554475377467,-0.04396155001784252,0.042090367538077045,False,2119.936291474348,True,True,1.0414945225732988,0.7428809222292813,-0.01008989669978555,False,0.023956918129593812
HPQ,75,0.715542651958641,HP Inc.,Information Technology,SP500,31.850000381469727,0.003781936368251859,0.018222496237590313,0.03174607980218447,0.3327611016315588,0.7231910984104628,0.8092369477911646,0.9538152610441767,0.9578313253012049,0.020221511044176688,-0.1023111388839043,0.8175394703716294,False,-0.020075368805538396,False,0.03728217799986755,0.36603755140356453,-0.035942175418222755,0.0018557952290236823,False,463.6296813380827,True,True,1.072990569712561,0.5721086467301789,-0.008824418006188828,False,0.01118257814871661
KO,76,0.7129057307860475,Coca-Cola Company (The),Consumer Staples,SP500,86.50499725341797,0.003887653378103373,0.004937214374105103,-0.015151800735579757,0.05314281176288649,0.13317392013062745,0.6244979919678715,0.7188755020080321,0.7269076305220884,-0.0057338729919679254,-0.05401470340883607,0.34308281227160475,False,-0.009985609869891832,False,-0.013445380341869373,0.08969216470226615,0.013628622352940267,-0.0011384241122296412,False,1333.9486900545353,False,True,0.5367367458642631,1.014538906816724,0.004990139425705031,False,0.05172402513377939
ASML,77,0.709830121898886,ASML Holding,Information Technology,NDX,1801.8900146484375,-0.01756172584169513,-0.005398350173951516,0.020987641768361875,-1.6394192255742013e-05,0.272411943658009,0.7690763052208835,0.6004016064257028,0.8614457831325302,0.19219848142570284,-0.09310136699408877,0.9373827656065503,False,0.03784865680439431,True,0.040598772662065574,0.16128713163550534,-0.03901481889912828,-0.0029132684253277974,True,2236.3637747917724,True,True,0.7878613881415194,0.9013659563011722,-0.02397905297103542,False,0.06427233716249096
DE,78,0.7093154751060694,Deere & Company,Industrials,SP500,676.280029296875,-0.0095343355057389,0.0070434689745901835,-0.004166348732834835,0.1433526272813943,0.1154251848224801,0.6686746987951807,0.8755020080321285,0.6967871485943775,0.0005020080321285203,-0.04452018411154868,0.557688549789167,False,-0.00949736485915409,False,0.03942605660333731,0.15019447184685153,-0.037930602521332624,-0.006750893742516806,False,801.1134771123145,True,True,0.6414664344121865,0.6833075613391336,0.001918595176775284,False,0.008543314621076806
TXN,79,0.7077052919338643,Texas Instruments,Information Technology,SP500,291.30999755859375,-0.019917280250703495,0.040058557490099345,0.12509648714312127,-0.05097872815099724,0.4087567083900505,0.9397590361445783,0.44377510040160645,0.9257028112449799,0.32268135040160645,-0.11881087305485705,0.9318475338128862,False,0.05890861288094085,True,0.07323712303292695,0.16995563911184908,-0.06823946121613977,0.015931936321438522,False,1575.8792828982885,True,True,0.643456893103428,0.5469604849310883,-0.022642434268313805,False,0.017848281989481966
LLY,80,0.7076837086248219,Lilly (Eli),Health Care,SP500,1171.4459228515625,0.01205706549078811,0.012415707939370746,0.042295101232520116,-0.036012495845048176,0.2327116307066872,0.8333333333333334,0.5,0.8393574297188755,0.181640625,-0.08505088169998798,0.4743351366498718,False,0.014287380168388486,True,-0.0017847988790913316,0.09173747885512928,0.0017879900817852068,0.010000797094321001,False,2935.254647880005,False,True,0.5520556777173561,0.6714023477439829,-0.008933093078600907,False,0.022654581080773187
EOG,81,0.7052674407306646,EOG Resources,Energy,SP500,145.60659790039062,0.009194615555292884,0.05695850541838787,0.001696459060289035,0.09845157331961207,0.06311494139287888,0.6947791164658634,0.8112449799196787,0.608433734939759,0.2936668549196787,-0.052903650983251005,0.46625397862205853,False,0.013837046135831033,True,0.007690665424781473,0.10715660913324498,-0.007631970493186646,0.01862784515740179,False,434.34960340821533,True,True,0.9381186079815395,0.8050210753952022,-0.007762649893702456,False,0.008548324840242823
ROK,82,0.7042341113445718,Rockwell Automation,Industrials,SP500,449.2650146484375,-0.003272342410023499,0.032010264640611075,0.046920535820196285,-0.03600384065762918,0.1591637180063996,0.8433734939759037,0.5020080321285141,0.7610441767068273,0.2695861571285141,-0.08974521797553225,0.3641190968311774,False,0.04137369331626517,True,0.029118481338606506,0.06285501956080686,-0.028294585965195407,0.011991680307809727,True,329.796552924414,True,True,0.6458099312835673,0.7664953116241147,0.015929412408306476,False,0.02011119696745004
MCK,83,0.7040302211871681,McKesson Corporation,Health Care,SP500,924.385009765625,0.002945768990866071,0.08265891991056007,0.03966282936173249,0.16719956398189595,0.06337464393565462,0.8253012048192772,0.9076305220883534,0.6124497991967871,0.08731802208835338,-0.06959924290755692,0.2774808166464382,False,0.041788594601478435,True,0.04893521190188488,0.09055723935318594,-0.046652273035202696,0.0266332576534396,False,803.0628271404443,True,True,0.8397805607389346,0.7383502839424805,-0.0007269227842712223,False,0.007666563712444627
AMGN,84,0.7038816177006413,Amgen,Health Care,SP500,402.45001220703125,-0.00037256307553512613,-0.04521837469338341,0.02360301768283901,0.11325548680586794,0.16594369954109278,0.7771084337349398,0.8313253012048193,0.7690763052208835,0.04421592620481929,-0.09382595552618844,0.4256163968324733,False,0.009847576059841767,True,-0.018239040415292007,0.11102040866187646,0.01857788317739506,-0.008393241244920358,False,1139.9070493638756,False,True,0.8276841632404629,0.805215265350451,0.0011425520320529348,False,0.04599101008889497
MO,85,0.7034103399485038,Altria,Consumer Staples,SP500,69.04499816894531,0.007220935013143137,0.025319303887388678,0.029011738412019206,-0.020146200682443105,0.06582001225063427,0.7971887550200804,0.5502008032128514,0.6204819277108434,0.26504455321285136,-0.06369822536631153,0.32291233302918076,False,0.00573972490799779,True,0.024064019718301743,0.05224396220894034,-0.023498550144278374,0.010674850455354878,False,587.5792581135767,True,True,0.4864929762584629,0.658095994180592,-0.012399796727563084,False,0.011587972076356133
INTC,86,0.7028010226389428,Intel,Information Technology,SP500,112.83999633789062,0.0030221896701387863,-0.06146558107549771,0.08011864668695723,0.002665678158190632,0.9141644593299243,0.9016064257028112,0.6144578313253012,0.9718875502008032,0.3937547063253012,-0.1993756606836855,2.356335512279706,False,-0.004815445491360482,False,0.1030345810945894,0.3704427687758789,-0.09341010958363949,-0.026544205040939683,False,10597.629658720232,True,True,0.9286305308762787,0.7591527328691604,-0.00666666666666671,False,0.09170218298286213
ACN,87,0.7026717884643412,Accenture,Information Technology,SP500,195.1999969482422,0.009307151543765046,0.06451438155677769,0.09032004847902186,0.40371063120430106,0.02776723530666958,0.9196787148594378,0.9759036144578314,0.5301204819277109,0.47395048945783136,-0.30955016094594334,0.5874889121965094,False,0.04159162087451018,True,0.06987394135655012,0.014660557144588804,-0.06531044327330116,0.01709292263490836,True,1114.612942900918,True,True,1.2016251541421668,1.7248050066323053,0.010496374577878331,False,0.012694974376779257
GRMN,88,0.702246852834726,Garmin,Consumer Discretionary,SP500,277.5899963378906,-0.005802067142171574,-0.03224794351588167,0.010827529861192398,0.1396872461807892,0.10724026292374589,0.7329317269076305,0.8654618473895582,0.6867469879518072,0.025618097389558225,-0.11015156167901075,0.5081602689996327,False,-0.0188236595007808,False,-0.04030764869951442,0.12938097296233608,0.04200059388291799,-0.018935719705371,False,259.14848507780397,False,True,0.6090499124461128,0.6483390950899989,0.024032169972455275,False,0.009078271538868185
FIX,89,0.7008100193111154,Comfort Systems USA,Industrials,SP500,1775.0050048828125,-0.02362810896700729,0.07310064238406433,0.07675907746485433,-0.0030850470788824635,0.16487462059648395,0.893574297188755,0.5903614457831325,0.7670682730923695,0.47903332078313254,-0.14061670364834977,1.24939262950392,False,0.0713264510729692,True,0.06863721319790694,0.132356197422689,-0.0642287320245094,0.03268505325085269,False,600.6778082761914,True,True,0.7494265004188221,0.7108566133922075,-0.05113421798880635,False,0.017359666250546826
MDLZ,90,0.7002574815390596,Mondelez International,Consumer Staples,SP500,59.54999923706055,-0.0011740975524704433,0.029920434994246348,-0.025204766836065096,0.03047397640930538,0.02975018193005763,0.5783132530120482,0.6887550200803213,0.5341365461847389,0.2903175200803213,-0.0756018957099005,0.18626891925923483,False,-0.009035356327685262,False,-0.028910077623406916,0.014988037868896464,0.029770752385787302,0.006476025531183316,False,482.32481289580153,False,True,0.583882564368818,0.7852211707919606,0.002515959888732766,False,0.012064654950328648
CHD,91,0.7000836890910416,Church & Dwight,Consumer Staples,SP500,96.55000305175781,0.00010360613357796034,0.02472937593788438,0.00010360613357796034,0.012275528636914279,0.03142861520766482,0.6847389558232931,0.6345381526104418,0.5381526104417671,0.19703815261044177,-0.07694694506321687,0.19560410781352444,False,0.014292566212485314,True,-0.016989948443783542,0.008651718913899487,0.017283595846132593,0.009922608154738999,False,180.8504185966098,False,True,0.5083668539843144,0.8816169816857145,-0.0042469821651247575,False,0.006707597249837485
APH,92,0.6996778950479338,Amphenol,Information Technology,SP500,87.19999694824219,-0.016023535932406796,0.03440087534402414,0.06819028898717483,0.0766178075254782,0.29274296958318513,0.8755020080321285,0.7791164658634538,0.8775100401606426,-0.00018040913654615576,-0.016023535932406796,0.4681830020190043,False,0.054115383159781816,True,0.06526560462583575,0.17398849005273553,-0.0612669782469506,0.01519151283590281,False,989.422119025444,True,True,0.8915056287510802,0.6885332887368139,0.000902665303327721,False,0.020302794040740316
TT,93,0.6984283783318759,Trane Technologies,Industrials,SP500,471.3500061035156,-0.01057958477286991,0.042855866733835235,0.05683857870743414,0.0009837967126025138,0.05354411950482629,0.8554216867469879,0.606425702811245,0.5923694779116466,0.30759757781124497,-0.06156527214837204,0.2610012279194929,False,0.058333531247287906,True,0.03932190666777924,0.053955775934855676,-0.0378341940216107,0.02041237930816653,False,512.1135379939496,True,True,0.8080209785328284,0.9524527842185354,-0.008942273420169733,False,0.012427390239461924
STLD,94,0.6957477844847131,Steel Dynamics,Materials,SP500,234.24000549316406,-0.016500788117710385,0.05699203487219595,-0.022925288358599638,0.05737557053525699,0.25470975307858934,0.5903614457831325,0.7309236947791165,0.8534136546184738,0.6000643197791165,-0.16772768447028197,0.67637064948969,False,0.002258231580669623,True,-0.030032095754408572,0.0802344531253818,0.030961947939675882,0.004138660476376899,False,257.26711281078184,False,True,0.8445372639589157,0.6702254708432053,-0.018432209864377658,False,0.009714967047267995
MPWR,95,0.694118232000583,Monolithic Power Systems,Information Technology,SP500,1444.62744140625,-0.019720905451975468,0.07230257331494805,0.18732979848260745,0.05285620363211918,0.10360624202501834,0.9618473895582329,0.714859437751004,0.6847389558232931,0.673843812751004,-0.14256619336432907,0.6970702692974649,False,0.10339053129523745,True,0.10132781980456929,0.12208339072061092,-0.09200513959826229,0.02732835241345244,False,926.2716522292285,True,True,0.9026502651310592,0.6391534306130235,-0.01764949801482185,False,0.009961137976649851
COHR,96,0.6929423971085956,Coherent Corp.,Information Technology,SP500,326.37750244140625,-0.03541341597383696,0.13400335363597216,0.08114978522046701,-0.0026356430103515738,0.15822950617277276,0.9036144578313253,0.5923694779116466,0.7570281124497992,0.5728382279116466,-0.2354529474993874,1.9841592232345997,False,0.07440407915864711,True,0.084111999506991,0.12000094616479129,-0.0775860792475701,0.02354201026087721,True,2081.804413749874,True,True,0.8137321735551338,0.9452237219972097,-0.006354161217528409,False,0.0401532073762054
BF-B,97,0.6922589551755408,Brown–Forman,Consumer Staples,SP500,26.450000762939453,0.0037950808357503085,0.00954198445496357,0.002273640571380575,0.05769443597190671,0.0021447868036823525,0.7028112449799196,0.7329317269076305,0.45582329317269077,0.29738485190763053,-0.12059825672277835,0.1801573756719086,False,0.008983601462079216,True,-0.023163430905308258,-0.0017981250979496322,0.02371269835523826,0.007116815271295929,False,59.54111634896766,False,False,0.5364980861330672,0.7554251156704656,0.006072100383141876,False,0.006477312058997899
TGT,98,0.6922371567924924,Target Corporation,Consumer Staples,SP500,153.50999450683594,-0.005313337099006943,-0.020294900025669915,-0.05654238723749716,0.169488605472484,0.2682728414536506,0.35943775100401604,0.9096385542168675,0.8594377510040161,-0.059111445783132543,-0.09641535665230305,0.8850125996264238,False,-0.01880137893267997,False,-0.017504336238535756,0.19755596524267838,0.017816196940270146,-0.011707727494127296,False,627.105400241289,False,True,0.638470534544059,0.8940984384323537,-0.009557481280472735,False,0.0128492949946502
ETN,99,0.6908182756226521,Eaton Corporation,Industrials,SP500,431.7300109863281,-0.03001636851307765,0.004700890301409633,0.022741823591006405,0.06643725624451635,0.1255466152637681,0.7710843373493976,0.751004016064257,0.7188755020080321,0.20998839106425704,-0.06137486084266763,0.37844812290124685,False,0.012741105153210475,True,0.017765565156400154,0.10883313918852,-0.01745545906111501,-0.00628258782290525,True,866.9548701892962,True,True,0.8895264712776174,0.6554092856803733,-0.01952414683076642,False,0.015274845278894408
ADP,100,0.6906589563900766,Automatic Data Processing,Industrials,SP500,264.0799865722656,0.006555882439154503,0.02332786588632363,-0.008172567095901306,0.10150056275558539,0.33373062499918116,0.6506024096385542,0.8172690763052208,0.9036144578313253,-0.03234029869477917,-0.07551814103931731,0.418435639310627,False,-0.007915530921936087,False,-0.024139158284953166,0.12337249293338304,0.024736271047139713,0.005455675415744432,False,594.2169022704229,False,True,0.6881134533998043,0.6373308029529359,0.002515641481016795,False,0.036316613383309444
AES,101,0.6882437132602993,AES Corporation,Utilities,SP500,14.90999984741211,-0.0013396153620129914,0.0006711563179773172,0.00539446555074985,0.02436054566804602,0.06075532436241282,0.7108433734939759,0.6686746987951807,0.6024096385542169,0.2272684487951807,-0.11603730966490389,0.1499807690086894,False,0.0038375968727366594,True,0.008606829874449051,0.030308667046565985,-0.008533384485925444,0.0010306859269586521,False,113.02397085233437,True,True,0.6918383186810229,0.9279218219218461,-0.0032150257677301397,False,0.0152284179049168
IFF,102,0.6879377262072484,International Flavors & Fragrances,Materials,SP500,83.70999908447266,-0.0025023723671906417,0.0027550996441108033,-0.017680351112733805,0.07100739463102257,0.14614237480484205,0.6144578313253012,0.7670682730923695,0.7389558232931727,-0.09621297690763053,-0.04500723335820611,0.43700379694099434,False,-0.0050766716551856605,False,-0.003883935315266207,0.10247244281478651,0.0038990790862261093,-0.0019324466364463166,False,135.5730371617885,False,True,0.47898075866459583,0.889614444518965,0.0010724972503450836,False,0.01050268994304079
PYPL,103,0.6853971708406207,PayPal,Financials,SP500,54.470001220703125,-0.0025636218290373547,0.036931324699951196,0.024257256640177083,0.20486631867066452,0.19486456192085644,0.7791164658634538,0.929718875502008,0.7991967871485943,-0.029265499497991954,-0.27653425930026154,0.4061004681032758,False,0.01942658792958807,True,-0.03229778186897059,0.0908938199481415,0.033375744380692574,0.011472687807433157,False,649.2247036042108,False,True,0.49200749480002637,0.6243524454993264,-0.007507779579375984,False,0.01789633654021531
ZS,104,0.6848224804459774,Zscaler,Information Technology,NDX,212.55999755859375,0.0014605303113957024,0.06589108168838931,0.31258487312610117,0.4448069916620132,0.5419658189857184,0.9939759036144579,0.9819277108433735,0.9437751004016064,0.04052146084337349,-0.3678888854100162,0.8005929018519296,False,0.07391365699450958,True,0.16282821851476625,0.2796871201528959,-0.14002774951810182,0.04138574939154904,False,534.9145599110669,True,True,1.4035855505560435,0.6868429067947704,0.0176678445229681,False,0.052990848193225776
EME,105,0.6842510920698924,Emcor,Industrials,SP500,803.344970703125,-0.02568166730525634,0.06475232422046262,0.03904107637107468,0.025976162002225855,0.018969060959368234,0.8192771084337349,0.6726907630522089,0.5100401606425703,0.4734720130522089,-0.14833383879831896,0.3835416616517413,False,0.05301855613822881,True,0.03498401711358845,0.036409866792481926,-0.03380150469487775,0.024978491901340938,False,293.4172711944531,True,True,0.6656446394681164,0.7987048798615652,-0.046499813160710834,False,0.016616275428753293
ELV,106,0.6835237244340265,Elevance Health,Health Care,SP500,401.9700012207031,0.004698954985179693,0.03382026040012698,0.004427433218087362,-0.039654721255139136,0.27380294657073967,0.7068273092369478,0.4799196787148594,0.8634538152610441,0.2182009287148594,-0.0540557116479079,0.45280736132278987,False,-0.0025880078018435393,False,0.011786788952943716,0.10494500520278272,-0.011649479002529217,0.014832558185814193,False,413.0825439970496,True,True,0.7532704324868288,0.7774020833668328,-0.008523091537708694,False,0.009626055443542747
MSI,107,0.6821431643914367,Motorola Solutions,Information Technology,SP500,457.42498779296875,0.0025093999665448674,0.02568555405276407,-0.009443555955008676,0.09922545496893642,0.02736542686082255,0.6465863453815262,0.8132530120481928,0.5281124497991968,0.03004988704819278,-0.06642815968548965,0.2688043339233128,False,0.00023686129426425673,True,-0.010236434290717078,0.06343805603861474,0.01034230259161073,0.007507428068512789,False,428.8890074148035,False,True,0.5589434249849043,0.706990329676299,-0.0007013398024784401,False,0.008102079643114872
CRM,108,0.6764771029683249,Salesforce,Information Technology,SP500,225.53500366210938,0.002422321683804185,-0.017576353763019137,-0.0930805018832156,0.3903494690993621,0.2875285793716671,0.1566265060240964,0.9698795180722891,0.8734939759036144,-0.006682981927710885,-0.14704789648233607,0.5050079493036645,False,-0.050032670053495654,False,0.01126214789586455,0.13201243391188267,-0.01113672445794378,-0.02146966346996071,False,3040.47055517708,True,True,0.5302176894640482,0.4668854473075766,0.03004575466371695,True,0.011281814065239206
DVN,109,0.6734077438787408,Devon Energy,Energy,SP500,48.43000030517578,0.008538105862217371,0.05191136711820499,0.007100197618174375,0.16001081830815922,0.024636784600950312,0.7168674698795181,0.8955823293172691,0.5200803212851406,0.2647229543172691,-0.057223910726570404,0.5647270094445263,False,0.0055698580394776265,True,0.03045879706891985,0.09386266116410025,-0.02955848128577121,0.014247270880726193,False,521.9226595483748,True,True,1.06926166687706,0.5936398862809386,-0.01134947893476046,False,0.016324384371824055
MRK,110,0.6713908051561084,Merck & Co.,Health Care,SP500,141.99000549316406,0.0003522830132292043,-0.02284765068618877,-0.03793523021890888,0.14198558775743586,0.16784577110619114,0.4979919678714859,0.8734939759036144,0.7710843373493976,-0.06595914909638556,-0.08706840224704548,0.7718436360520577,False,-0.025388391014476097,False,-0.0024470845608143277,0.16284198790432813,0.0024530874732966446,-0.013487949526912235,False,1430.2987990508618,False,True,0.5916556410489258,0.7095873293374086,-0.012751849566445705,False,0.02978035461598349
MAR,111,0.6702599333827245,Marriott International,Consumer Discretionary,SP500,360.5950012207031,-0.0018960295640728653,0.013847070618927537,0.096733452505251,-0.029914343962699208,0.03861673491172435,0.9216867469879518,0.5240963855421686,0.5562248995983936,0.45573701054216864,-0.10238041337984516,0.40363525131784095,False,0.03579889145196136,True,0.029101174038807853,0.03300979702506068,-0.028278243940386805,0.011196303833493682,False,560.1978908828772,True,True,0.6588661163263447,0.6221234784422407,-0.004650112603680423,False,0.09891816846360857
GOOGL,112,0.6686711437483807,Alphabet Inc. (Class A),Communication Services,SP500,346.6499938964844,-0.0029624907989956872,0.007469214788750733,0.024500558292400942,-0.03348438135234266,0.09378539941030684,0.7831325301204819,0.5120481927710844,0.6626506024096386,0.3343138177710844,-0.1379464535410858,0.4691276662957966,False,0.006863443545986003,True,0.0034399702594491988,0.021878745273633093,-0.0034281774310422897,0.0053924936681915,False,8901.601818630015,True,True,0.6592753732404316,0.7957683203670267,-0.003077563698687058,False,0.04515813349569491
COP,113,0.6672671279877574,ConocoPhillips,Energy,SP500,131.3000030517578,0.015075352580050438,0.04914104235633743,-0.02769542669074654,0.22362304533911703,0.06339277069185845,0.5562248995983936,0.9377510040160643,0.6144578313253012,0.15259475401606426,-0.07024499421609565,0.5811280981963489,False,0.007342192563365435,True,0.021186427457738022,0.13259116311253893,-0.020746875289443523,0.02062290570724845,False,851.6044267104535,True,True,1.0911667653770494,0.6924430236258649,-0.008967944394073335,False,0.014299721767183863
GOOG,114,0.6655825924666408,Alphabet Inc. (Class C),Communication Services,SP500,343.55999755859375,-0.002989055951255426,0.008276126680284879,0.024390221708773252,-0.03496781761365675,0.09293365085806427,0.7811244979919679,0.5080321285140562,0.6606425702811245,0.3342040035140562,-0.13795626139026296,0.4504057687575449,False,0.007764440206879053,True,0.00242758321504688,0.01755215861571502,-0.0024217043262726445,0.005679931310774489,False,5855.605644771388,True,True,0.649295789595561,0.7727938301139564,-0.002785894730782612,False,0.06701451292061818
TRGP,115,0.6634373684253143,Targa Resources,Energy,SP500,284.8599853515625,-0.0030099953292255233,0.05382704274493144,-0.032043300552352716,0.048249761781631983,0.17881356643913904,0.5281124497991968,0.7068273092369478,0.7831325301204819,-0.02950081576305219,-0.0575352014836642,0.9889636638743775,False,0.004285255710070546,True,0.009559893504215822,0.14699032515233834,-0.009469367360695369,0.007994653227777926,False,336.79203151696777,True,True,0.6735348864514495,0.8701123051146266,0.0025199538626172746,False,0.006295066956621266
CTAS,116,0.6593427768533813,Cintas,Industrials,SP500,196.47000122070312,0.002602543832225024,0.007228563927802911,-0.020099744535146513,0.10856191863568587,0.13131320763868004,0.5983935742971888,0.8253012048192772,0.7228915662650602,0.008894954819277157,-0.09028601126924518,0.207679334527207,False,-0.005174897586296745,False,-0.020966053103167903,0.04796386291003141,0.02141504201118094,0.001233795197209675,False,385.64068460330384,False,True,0.7480853035674114,0.6448504577397621,0.002194287921254867,False,0.013521946012538286
ADM,117,0.6576048270703784,Archer Daniels Midland,Consumer Staples,SP500,82.44999694824219,0.002919326924245791,0.03867472664458971,-0.024260391145062843,0.050560826723391905,0.16453349795953942,0.5863453815261044,0.7108433734939759,0.7650602409638554,0.13271837349397586,-0.06402542427195534,0.5153392736979505,False,-0.007869686003738718,False,0.01004429220388836,0.11316459372364007,-0.009944407667481614,0.009800389801322362,False,305.7941645993805,True,True,0.8773100803731017,0.6656030004784362,0.0006082356442607129,False,0.006410780952996467
GILD,118,0.6556404423136093,Gilead Sciences,Health Care,SP500,145.7274932861328,0.010382705421572824,-0.02229124251994319,-0.0006255510065270586,0.08683087714075444,0.04218888981160296,0.678714859437751,0.7911646586345381,0.5642570281124498,-0.01156971636546189,-0.04782330488686615,0.2791583407635281,False,-0.016043389549434628,False,0.015658674531577876,0.07452653702484646,-0.015417260664661425,-0.007764182420755494,False,847.9845120070453,True,True,0.6133434371833093,0.6548388865379889,0.008389424874926776,False,0.017809215419142956
TSLA,119,0.655267491336313,"Tesla, Inc.",Consumer Discretionary,SP500,382.19000244140625,0.003966611838492451,0.07716807607229548,0.03810842742215237,-0.05991879494033481,0.1134450180376001,0.8172690763052208,0.41365461847389556,0.6927710843373494,0.28474836847389556,-0.2198293487548395,0.28114103331338525,False,0.04013271664780582,True,0.08631638999533542,-0.024247887626369313,-0.07945787322209696,0.027707264066007875,False,12745.57703730665,True,False,0.5204889751032582,0.8722869135420787,-0.006120591092503291,False,0.03490249715641657
TEL,120,0.6545100259910612,TE Connectivity,Information Technology,SP500,218.22000122070312,-0.005876694995282539,0.03382603433632325,0.06453971107376866,0.10136285053064431,-0.01394931362123597,0.8714859437751004,0.8152610441767069,0.4036144578313253,0.43635479417670686,-0.11408508515242644,0.12295187391513207,False,0.029606748545338624,True,0.041009034368007846,0.02460827628760076,-0.039393543201000414,0.007111868703863822,True,403.6381221153894,True,True,0.8984959681616206,0.5631863310438628,0.011252340588192133,False,0.008448512357532982
PG,121,0.6531032016169517,Procter & Gamble,Consumer Staples,SP500,148.3000030517578,-0.0007411940410836371,0.02078747451704488,0.018683893299161314,0.017412757987285366,0.03886896447339905,0.7650602409638554,0.6445783132530121,0.5582329317269076,0.23442206325301207,-0.09968830412357854,0.09823887214051052,False,0.01237653854142895,True,0.017923151132849924,0.013827476012263418,-0.01760756802996688,0.009965171276531404,False,1250.4287532139294,True,True,0.8357724449220847,0.8422580901988472,-0.002627851088369826,False,0.25489119508784924
KDP,122,0.6525724622279441,Keurig Dr Pepper,Consumer Staples,SP500,31.010000228881836,-0.0038547682338521128,0.022083061071995314,-0.0404039515723682,0.0167595330209791,0.21738913286833728,0.4839357429718876,0.642570281124498,0.8273092369477911,0.05077340612449799,-0.06761637124099884,0.2632425006934629,False,-0.0013482056684722687,False,-0.0029162791421973866,0.06754822275642702,0.0029248087008064694,0.0023124846883142425,False,337.6708441703483,False,True,0.8633291387192995,0.881689422371476,-0.003533527335958353,False,0.013393737197123584
BRK-B,123,0.6511421315301529,Berkshire Hathaway,Financials,SP500,505.7749938964844,0.0004648204842161441,0.015714392002464272,-0.00010871770602982611,0.020839603259791062,0.05424699092544949,0.6807228915662651,0.6606425702811245,0.5963855421686747,0.1606425702811245,-0.04466206372433901,0.08675333160614596,False,-0.00175610854499475,False,-0.0035994829535616057,0.026315538836008345,0.003612486035466267,0.0031392696804759535,False,2188.306568087845,False,True,0.8001341219280069,0.7285229019317151,-0.00238362358957922,False,0.021320757014863974
HUM,124,0.6505841409994818,Humana,Health Care,SP500,407.6050109863281,0.008249491832903466,0.06823126336548646,0.011201008929660361,0.024751108655955978,1.0594115295674955,0.7369477911646586,0.6706827309236948,0.9759036144578314,-0.09103601907630521,-0.005356214914651325,1.5089611989604164,False,0.043095656579266395,True,0.05460246407621461,0.38313916212522536,-0.051775399675406564,0.03126650369903006,False,448.4937091003723,True,True,0.9668710212219507,0.8860540533134437,0.0018551958354113829,False,0.012164446826934973
CNC,125,0.6505447445022023,Centene Corporation,Health Care,SP500,64.51499938964844,-0.001470379504808439,0.038554418849714,-0.0010065413373059329,-0.04563608216135784,0.7305526154007356,0.6767068273092369,0.46184738955823296,0.9598393574297188,0.10833176455823296,-0.0705230372309158,1.0287736143861594,False,0.0037456520475613875,True,-0.003624734484940384,0.2133442377067014,0.0036379209825794234,0.014857617692735081,False,287.04285285382235,False,True,0.8763727357158133,0.7696963875927357,-0.005726710154569381,False,0.005312059789513549
ADSK,126,0.6485741099478559,Autodesk,Information Technology,SP500,230.60000610351562,-0.0029401274618223727,0.10334931150007476,0.08665943550176003,0.10557102348813219,-0.04176184520200632,0.9136546184738956,0.821285140562249,0.3493975903614458,0.608394515562249,-0.2660491921714774,0.22842533882363614,False,0.06320444843849393,True,-0.012922721327348397,-0.030898997382564852,0.013091904359024298,0.048711767815567075,False,484.3314442221949,False,False,0.9234572302823519,0.9102087017528634,0.0006053242406924841,False,0.01444191977741711
CDNS,127,0.6440326958033749,Cadence Design Systems,Information Technology,SP500,358.7699890136719,-0.002169375068220014,0.08655618389698905,0.2627855672503865,-0.0704236878706962,0.23927457344964376,0.9879518072289156,0.37349397590361444,0.8433734939759037,0.36372835090361444,-0.1383799409393014,0.3504855231048942,False,0.1424140357410124,True,0.12171917411363342,0.09946042388713994,-0.10851127173591746,0.04666231609066762,False,745.1583000414581,True,True,0.9001188208529086,0.7626104686883348,-0.0033096995739336776,False,0.016586451125671014
FDS,128,0.6436757741652093,FactSet,Financials,SP500,274.2825012207031,0.00835444054811152,0.016049226959653495,-0.050925601312445945,0.13814021731910953,0.24079222106248643,0.39759036144578314,0.8614457831325302,0.8453815261044176,0.017695783132530174,-0.1252351717461817,0.463154117884357,False,0.003969194616874505,True,-0.029040451781893406,0.10963989981209998,0.02990902333180423,0.005326469835552627,False,235.63057235229738,False,True,0.9201677213060006,0.7487251686865076,0.012940659855513514,False,0.00684479744657691
FCX,129,0.6433455723093988,Freeport-McMoRan,Materials,SP500,71.01000213623047,-0.02136156938417244,0.014428601946149477,-0.07321848615571636,0.17598474612291404,0.09583873358965711,0.2751004016064257,0.9136546184738956,0.6686746987951807,0.01912336847389562,-0.11137531120022948,0.8503714540839173,False,-0.004311668356007825,False,-0.0015438464343172642,0.11283514105242776,0.001546233581518619,-0.008058930184768776,False,909.0418286842265,False,True,0.7473890707228612,0.7409636868365879,0.003858858719927083,False,0.02091129526589746
IRM,130,0.6427457182560887,Iron Mountain,Real Estate,SP500,116.2300033569336,-0.002317567751642935,0.0475890631268292,0.009072345547407101,-0.01964248045880823,0.10249534707781716,0.7269076305220884,0.5522088353413654,0.6827309236947792,0.33345883534136544,-0.11969700401687922,0.5076771843680157,False,0.02463632251627046,True,-0.012369221067206504,0.04381606021477169,0.012524134859964953,0.020365235283731575,False,193.96460276162796,False,True,0.8927466876756956,0.8178980390454317,-0.021802582965899986,False,0.018657787645129417
MA,131,0.6417343770242261,Mastercard,Financials,SP500,568.010009765625,0.002523902419160784,0.029992637752172424,-0.0050447631048268216,0.08564601780028691,0.1238758631025505,0.6546184738955824,0.7871485943775101,0.714859437751004,-0.05855453062248994,-0.05309568293219469,0.2065787318217145,False,0.006850191966914387,True,-0.0062861566810380465,0.06930642380616758,0.006325922420525654,0.00955601813379836,False,1617.420076257959,False,True,0.7249592606877457,0.7124296259677688,-0.005436155524269681,False,0.015255793882191523
GM,132,0.6407111814192253,General Motors,Consumer Discretionary,SP500,81.45999908447266,-0.006706536244739714,0.057922066032112474,-0.05047210379818268,0.06495055074663858,0.0660073146994069,0.4036144578313253,0.7469879518072289,0.6224899598393574,0.2860504518072289,-0.09603038629876826,0.4844225737475636,False,-0.013287799767618402,False,-0.041624034754497496,0.013396100095883767,0.043431843309879925,0.007651672468001358,False,532.4783137273101,False,True,1.3518058657823886,0.9306550873553482,-0.0070723303980801955,False,0.009387129462636225
TECH,133,0.6404801033772186,Bio-Techne,Health Care,SP500,72.43499755859375,6.89942481970629e-05,-0.000483008990199596,0.0017286682923576269,0.01918778649292241,0.31587463834652896,0.6967871485943775,0.6526104417670683,0.8895582329317269,-0.3259051832329317,-0.0024101783540387833,0.6778160857891318,False,0.0003141324794071476,True,0.002064633952033379,0.16559638504906693,-0.002060380021486785,-0.00029295484279145967,False,211.07950606071472,True,True,0.04732606397044676,0.6577807583625532,0.0,False,0.015645839145128074
OXY,134,0.6401409949272898,Occidental Petroleum,Energy,SP500,58.869998931884766,0.009257621873459021,0.0641720762227822,-0.02489477716111521,0.13078652386842515,-0.005967896181330978,0.5823293172690763,0.8473895582329317,0.41767068273092367,0.2712176832329317,-0.10306004488065823,0.5337973428613314,False,0.00715976153317599,True,0.007881138005304544,0.0925569711604679,-0.007819511357164632,0.017099342675226614,False,482.80394406773974,True,True,1.0951844690037655,0.8824862807238413,-0.013715121320841295,False,0.017211017402285166
ULTA,135,0.63998592656918,Ulta Beauty,Consumer Discretionary,SP500,546.9299926757812,-0.0006577598092697423,0.001391526062225923,-0.004187658858327059,0.18835825717200239,0.026481710817170212,0.6666666666666666,0.9196787148594378,0.5240963855421686,0.05249121485943775,-0.2262103689646915,0.2133776875779949,False,0.0033875425199405562,True,0.016321572098644266,-0.014555198664839786,-0.016059456521168913,0.0028323202799505065,False,310.27561861360226,True,False,0.6346845575053504,0.48899751865692864,0.0005664228672908056,False,0.009366070124054134
GDDY,136,0.6388407840029474,GoDaddy,Information Technology,SP500,98.08000183105469,-0.0010185218355088788,0.026908173357157894,0.05598626971799736,0.11619436400745764,0.21356102699089474,0.8514056224899599,0.8353413654618473,0.821285140562249,0.03651324046184734,-0.27509239010486164,0.3079077827049892,False,-0.002643863740161012,False,0.01391866366715444,0.0544632418099551,-0.013727593904636626,0.0037877119496478873,False,220.31090858569428,True,True,0.8579072992964483,0.5431591553847721,0.011000222323260145,False,0.005994870964397501
DIS,137,0.6372408737773675,Walt Disney Company (The),Communication Services,SP500,103.4000015258789,-0.006055919069599569,-0.014299332489808858,-0.015800457560348202,0.07517940620350627,0.05053737077711595,0.6184738955823293,0.7771084337349398,0.5863453815261044,0.17554593373493976,-0.10086036566004952,0.1273783208983128,False,-0.013391713626612067,False,-0.012510732265102686,0.0017282704409713467,0.012669233655369094,-0.004089220366796598,False,936.770137147702,False,True,0.8558083699480863,0.6542717454510303,-0.005863699101311126,False,0.04071096886951194
NDAQ,138,0.6369986498413007,"Nasdaq, Inc.",Financials,SP500,91.5999984741211,-0.007261278783146641,-0.004456077084992627,-0.03293703673394166,0.05015616948856927,0.04710317932724317,0.5240963855421686,0.7088353413654619,0.5763052208835341,0.02719471636546189,-0.08366591181889205,0.195961826666049,False,-0.006814625059873625,False,-0.031736058678558,0.016848195873369054,0.03277624759551201,-0.00541313331824167,False,283.9057860150597,False,True,0.7279474540074078,0.920651794933828,-0.012029836581124886,False,0.018968977323013142
BAX,139,0.6366978119129745,Baxter International,Health Care,SP500,24.030099868774414,-0.013542723042336835,0.0012541611989338453,-0.03338297349967012,0.07031928642735985,0.39511974137554917,0.5200803212851406,0.7630522088353414,0.9196787148594378,-0.19788529116465858,-0.15205043696479825,0.5222698866981434,False,0.01701772695245274,True,-0.050105910757951455,0.15018399461005294,0.05274894467227664,0.00611216130247394,False,173.85587009385083,False,True,0.5398238981743219,0.8432501594117695,-0.001642073666876076,False,0.008003933209689885
ESS,140,0.6339278737935614,Essex Property Trust,Real Estate,SP500,271.5199890136719,-0.003559768268437291,0.007906656703716486,-0.011889642016902235,-0.05842362733451689,0.09778452067743282,0.6325301204819277,0.42369477911646586,0.6706827309236948,0.07408540411646586,-0.0811794761427157,0.16654530950926372,False,0.0046137689652221425,True,-0.020592841715364907,0.029813322294123923,0.021025823163710378,0.002438213854242699,False,137.74328492796752,False,True,0.5722280579229323,0.8544758513121311,-0.0004403652298724525,False,0.008489906271122206
VLTO,141,0.6326835694592888,Veralto,Industrials,SP500,96.12000274658203,-0.0034214018880398545,0.019084001882758495,0.00753130921384404,0.045053898247554125,0.06545085610599632,0.7228915662650602,0.7008032128514057,0.6184738955823293,-0.05114991214859432,-0.07827570971829723,0.17221631398688642,False,0.0071246446350081705,True,-0.004251640233730147,0.0372338980066238,0.004269793861099824,0.0032216795825967814,False,154.8177672064058,False,True,0.6838827968038386,0.906124723328737,0.0037325103342900068,False,0.011854143821400206
MMM,142,0.6310684142821286,3M,Industrials,SP500,162.83999633789062,-0.004888798916778847,-0.007980491058804717,-0.027937009403119162,0.052870114032263826,0.10208961475593692,0.5542168674698795,0.7168674698795181,0.678714859437751,0.050851844879518104,-0.11006177517119953,0.16429671696770676,False,-0.014914836129058862,False,-0.054453652282259735,0.020877728033114273,0.057589617276502914,-0.009406437593807326,False,481.14041766405273,False,True,0.8151225624382759,0.7900823458717143,-0.00036664360069382784,False,0.020436964284362043
BLK,143,0.6305159144643089,BlackRock,Financials,SP500,1067.0,-0.011506219487936176,0.008230221032048846,-0.025899919884287415,0.051776713269968244,0.07686092804163125,0.570281124497992,0.7128514056224899,0.6385542168674698,0.007773280622489942,-0.09378727131276299,0.16861977787054805,False,3.701716179360659e-05,True,-0.03555096544770331,0.014974472970158414,0.036861424682960386,-0.0017167987689414854,False,617.754856863291,False,True,0.735896844603234,0.8057132512129547,-0.00037986526374733653,False,0.013928919484935824
AMT,144,0.6231267054103512,American Tower,Real Estate,SP500,166.19000244140625,0.008556885984675189,0.015272771474817981,-0.044062921376716524,0.018101889943874294,-0.027785010660381304,0.45582329317269077,0.6485943775100401,0.3815261044176707,0.4513287525100401,-0.12636328415459663,0.03625207936821462,False,-0.016032075208440966,False,-0.028250803731074803,-0.040159795877480864,0.02907211432697343,0.006330578899776507,False,423.1284779890564,False,False,0.7001221369255813,0.834474368481928,-0.011651888476567618,False,0.03190847452864211
ECL,145,0.6221673741336312,Ecolab,Materials,SP500,279.45001220703125,-0.004878552387493462,0.01773627311866699,0.00748776372923543,0.026233051834249288,0.027224019203229366,0.7208835341365462,0.6746987951807228,0.5261044176706827,0.03407379518072284,-0.08639856968828663,0.14335269758037228,False,0.015500806956698199,True,0.0027105105109248573,0.024488990934631527,-0.002703183503625306,0.008593497428450725,False,358.70659511341916,True,True,0.7444230898316861,0.7836348768524078,-0.007335650968114282,False,0.008612527614902912
ROST,146,0.6216200487433605,Ross Stores,Consumer Discretionary,SP500,223.60000610351562,-0.0027206663042922408,-0.04198795222469098,-0.02490075232598221,0.015558284868470107,6.210010687457412e-06,0.5803212851405622,0.6385542168674698,0.4497991967871486,0.22449171686746983,-0.12223418425495791,0.5263751344341527,False,-0.028750849888987684,False,-0.053842126572164695,0.026722254616588392,0.05690607041835416,-0.0221000366463473,False,542.629600405899,False,True,0.7018946217622865,0.8364120958145558,-0.0025422920795242776,False,0.008805609304806948
V,147,0.6214771130894546,Visa Inc.,Financials,SP500,370.0199890136719,-0.001672851311949497,0.02974982005643545,0.003743419895831046,0.06463920560986058,0.20234310249117393,0.7048192771084337,0.7449799196787149,0.8092369477911646,-0.06752008032128509,-0.036757497517378335,0.2570245417440633,False,0.006800950775048165,True,0.0026146256515342525,0.09825610677631058,-0.00260780721190379,0.00854057066450431,False,2324.6461957758456,True,True,0.8259647506550161,0.553606302230493,-0.004991382555578627,False,0.017807461222487893
TRV,148,0.6198918278962625,Travelers Companies (The),Financials,SP500,359.010009765625,-0.004519756035395783,0.0070124258268191575,-0.014829429735234267,0.06743345463355199,0.19945451718398322,0.6265060240963856,0.7550200803212851,0.8032128514056225,-0.1707611696787149,-0.09310336905864847,0.39349687873870254,False,-0.021240388304832436,False,-0.02698963917045849,0.12471456915469625,0.027738285486958558,-0.006621518139247495,False,559.0499009358887,False,True,0.5794177438293264,0.5343462487803416,-0.0016637258183913595,False,0.029365280101273754
RCL,149,0.6183500635606944,Royal Caribbean Group,Consumer Discretionary,SP500,286.0799865722656,-0.00934972026610048,0.07605507535842593,0.08801516167251,-0.0010413424238022717,0.03585223252679359,0.9176706827309237,0.5983935742971888,0.5481927710843374,0.30347169929718876,-0.16440192272963006,0.24220574373145687,False,0.11541462375066458,True,0.02368191094048866,0.00710086534552179,-0.023134052372510316,0.054068325625955094,False,632.7082730986499,True,True,1.344402524655702,1.0253760956806441,-0.0310963744867635,False,0.05187168082130645
EQIX,150,0.6162432618579157,Equinix,Real Estate,SP500,1039.2850341796875,-0.007709814471444143,0.027387865143428503,-0.0018487402445509504,0.00906470415264704,0.031204641995040916,0.6746987951807228,0.6265060240963856,0.536144578313253,0.30033414909638556,-0.0642409626318391,0.4531742250280413,False,0.013257242329048013,True,-0.0018464384134017076,0.05551461635531285,0.0018498540549880538,0.00975996974103066,False,563.8152630951978,False,True,0.9518118487659476,0.6104388264233106,-0.003103040067841678,False,0.007926851283532512
IVZ,151,0.6153016299067237,Invesco,Financials,SP500,30.049999237060547,-0.010862407268668495,-0.0036472351096845657,-0.07081017021405589,0.057357068730725436,0.25928820582339274,0.285140562248996,0.7289156626506024,0.857429718875502,-0.12850621234939763,-0.09786856805249,0.3798371820827422,False,-0.022637112907669565,False,-0.04228394880037922,0.08891027683771457,0.044150819804486874,-0.013042200517296099,False,131.92670851337493,False,True,0.5963959441856499,0.793132948835272,0.011520750202051566,False,0.011919891697786553
COST,152,0.6149889249538476,Costco,Consumer Staples,SP500,938.6199951171875,0.0031421024970286204,0.03106528047481838,0.031246569546971914,0.029729705117515604,-0.08618475666315872,0.8052208835341366,0.6867469879518072,0.26506024096385544,0.5051063629518072,-0.14091643996456482,0.1091325371676799,False,0.030121009334848958,True,0.007079661277873184,-0.022850828461863704,-0.007029892023526663,0.016151883502733888,False,1879.4611461669922,True,False,0.81124214797884,0.7989360778750481,0.005514742454769461,False,0.03920909235446307
HLT,153,0.6147728388351795,Hilton Worldwide,Consumer Discretionary,SP500,322.20001220703125,-0.0012708011628483895,0.012825402843165357,0.05823237401137615,-0.04532293825526179,0.016697847897992224,0.8614457831325302,0.463855421686747,0.5,0.344714796686747,-0.07958792013032068,0.2563514597350176,False,0.03085531059619684,True,0.015718066923022134,0.018524132046608965,-0.015474832470626199,0.012457391406047513,False,559.8787722810364,True,True,0.7706072271750405,0.6101622787195291,-0.014103679363831279,False,0.004945334460921042
ICE,154,0.6146202881080775,Intercontinental Exchange,Financials,SP500,153.14999389648438,-0.002215203495414708,0.007366934987702134,-0.02599359088198061,0.13729001522114515,-0.0808156246831867,0.5682730923694779,0.8594377510040161,0.27309236947791166,0.08404712600401609,-0.11634399099372983,0.25017693583749745,False,-0.006190379340838881,False,-0.013163682764489204,-0.004981294279525761,0.01333927677222646,0.0017033063805322879,False,509.63517457454714,False,False,0.5905696024350957,0.5861013470373823,-0.005016641116057707,False,0.010679800007947323
PH,155,0.6136420303188561,Parker Hannifin,Industrials,SP500,975.0250244140625,-0.010036398249587242,0.02051981521695878,0.020039366644756473,0.02930854836258101,0.013609109354717708,0.7670682730923695,0.6827309236947792,0.4919678714859438,0.03819967369477917,-0.09021692789568747,0.37184100332534786,False,0.01868031956423155,True,-0.011795722653117235,0.033266276993247246,0.011936522562709717,0.003516214676954732,False,599.5116452557862,False,True,0.680165429238944,0.5153931807905163,-0.004985199945590102,False,0.011444231615458288
EL,156,0.6124126040452131,Estée Lauder Companies (The),Consumer Staples,SP500,93.0999984741211,-0.0027849414581263554,0.003557204300915995,-0.0844724531522626,0.1393613740455022,0.3126740439930935,0.2289156626506024,0.8634538152610441,0.8835341365461847,-0.042796184738955856,-0.21351333897239344,0.39487482959573694,False,-0.020453707111371622,False,-0.012127790388380078,0.018807365695919787,0.012276679382597688,-0.004727651619267248,False,301.0517282132317,False,True,0.6734075870547627,0.6766563351950927,0.007283636468832455,False,0.011472995917867775
SJM,157,0.608660663318597,J.M. Smucker Company (The),Consumer Staples,SP500,117.51499938964844,0.006121543828845555,-0.011731597254213688,-0.05731593183510131,0.06986837353734576,0.2787390574428317,0.3514056224899598,0.7610441767068273,0.8654618473895582,-0.16278394829317266,-0.11202204441951913,0.3395838268848974,False,-0.022929139807687737,False,-0.03684258095147508,0.09467901665781508,0.038251878896256475,-0.005960172126182051,False,154.8310667512015,False,True,0.587022703904687,0.6797224130459897,-0.0019692067716100548,False,0.009466479743170827
ALLE,158,0.6061755337883794,Allegion,Industrials,SP500,151.42999267578125,-0.024291265119793737,-0.015217607671607292,-0.026159059808972818,0.12510451366384,0.05608935237279988,0.5662650602409639,0.8453815261044176,0.5983935742971888,-0.07258722389558236,-0.14795600262444342,0.21443964587579023,False,-0.013942059409902563,False,-0.03954226040533271,0.015236435650096913,0.0411702241287788,-0.014868851204879574,False,184.51563414956178,False,True,0.4974899012980809,0.5910215936577627,-0.005476745241238756,False,0.03604246314055558
NWSA,159,0.6053683736963986,News Corp (Class A),Communication Services,SP500,28.59000015258789,0.0014010828930397512,-0.0020942222248260256,-0.038021506960763785,0.04351399548771595,0.15251903251842047,0.4959839357429719,0.6987951807228916,0.748995983935743,0.011295180722891596,-0.08027578116059897,0.28598558779981875,False,-0.02032005026203154,False,-0.02626187722542994,0.07919434551038673,0.026970164370887728,-0.005777710769024003,False,119.96545853069917,False,True,0.9058915018089739,0.675872435235565,-0.0014010160857304,False,0.014265597197911964
EG,160,0.6002967515222178,Everest Group,Financials,SP500,366.9750061035156,0.00036803447544642154,0.004942883066543002,-0.00232439034325993,-0.00547076237771571,0.11377926417067874,0.6726907630522089,0.5863453815261044,0.6947791164658634,-0.16170149347389562,-0.0745664713193448,0.2249368255419273,False,-0.012325884523411434,False,-0.011897416943454364,0.062386180524498736,0.012040669812491966,-0.003543978502484335,False,132.4849023240845,False,True,0.5485783962074717,0.8185731359915168,-0.0023715928630262395,False,0.012524690744970812
TRMB,161,0.5991468014193871,Trimble Inc.,Information Technology,SP500,60.5,-0.007383113327425472,0.05935912017892675,0.029261674998689147,0.14778981314424122,-0.09349712411598643,0.7991967871485943,0.8775100401606426,0.24497991967871485,0.2036819151606426,-0.27562257624895947,0.23797833685908576,False,0.04002819222695697,True,0.03405016104900005,-0.0300616743976313,-0.03292892582160378,0.02701804939546082,False,177.31112911730654,True,False,0.7371018199145021,0.7373888142433149,-0.008039403975934722,False,0.003957608607717822
T,162,0.5987137309317917,AT&T,Communication Services,SP500,24.618600845336914,0.007720038387440287,0.008959066812469496,-0.038335918808938274,0.18575279910425735,-0.07826873668077439,0.4939759036144578,0.9176706827309237,0.2791164658634538,0.11298318273092367,-0.1336992844676751,0.2181758465468271,False,-0.022758437961007405,False,-0.014000669098303442,-0.007422242827075487,0.014199471195887936,4.3873789395521e-05,False,929.7665676925113,False,False,0.7310519243830235,0.6700417182528339,-0.009823977409747164,False,0.02272494659046043
QCOM,163,0.5970401262307294,Qualcomm,Information Technology,SP500,179.05999755859375,-0.010882181041744654,-0.0270593126994767,0.02854845956258667,-0.057953377872901224,0.4171396855595262,0.7951807228915663,0.42771084337349397,0.927710843373494,0.38083584337349397,-0.28013913244899014,0.4564318123316584,False,-0.03924883545760571,False,0.042187338438718136,0.06599583041567181,-0.04047961137382283,-0.024452632220749226,False,2107.9039615176916,True,True,1.1710314201710443,0.6855393614803102,-0.013037612498063456,False,0.026271293264658765
ORLY,164,0.5962161397606556,O'Reilly Automotive,Consumer Discretionary,SP500,85.91999816894531,0.009161366982482155,0.005971133180763255,0.0003492697579468018,0.009398442158713438,-0.07672468920013509,0.6887550200803213,0.6285140562248996,0.28112449799196787,0.36874843122489964,-0.16623002790411168,0.038559104104573416,False,0.006778621101297899,True,-0.024700355133694063,-0.05415233233373695,0.025325914208735423,0.0071534558474362075,False,492.1040417522162,False,False,0.7118171658471284,0.8333567688629371,0.0005873038773347439,False,0.012813100769018534
LH,165,0.5958403042614006,Labcorp,Health Care,SP500,313.5899963378906,0.0060312628223322395,0.017785892203640463,-0.03469183501155282,0.13194656879986888,0.1470801284774057,0.5120481927710844,0.8493975903614458,0.7409638554216867,-0.0802899096385542,-0.07390130450487864,0.2843088222859964,False,0.0027884405190015116,True,-0.01844682462212832,0.1194411341469388,0.018793505115020315,0.00942467365946631,False,229.5685611954657,False,True,1.1296034187756907,0.7895912051472807,-0.004170504085866278,False,0.008338934745785497
DLR,166,0.5937150061941313,Digital Realty,Real Estate,SP500,182.88999938964844,-0.009531516734425649,0.04193015815835377,-0.028263421263977295,0.02684481824509022,-0.0013907852416965572,0.5522088353413654,0.678714859437751,0.4397590361445783,0.153324234437751,-0.09091351068915532,0.26163721027365794,False,0.010217820913635656,True,-0.019310567157881264,0.019389163021763745,0.019690807824774614,0.012410807320481387,False,365.74960569103973,False,True,0.8030063065839299,0.7140063776230713,-0.016165722767502277,False,0.008163040904853841
KMI,167,0.5926413441062638,Kinder Morgan,Energy,SP500,32.04999923706055,-0.003420417004772247,0.06301823026765563,0.0021888585311506947,-0.0015565408286554172,-0.009446185943703722,0.7008032128514057,0.5963855421686747,0.41164658634538154,0.12177616716867468,-0.05713874659390761,0.28918860838478233,False,0.03016567059251951,True,0.019276304270203326,0.0288232331237952,-0.018911755516581974,0.022217904031663238,False,356.6617373501644,True,True,0.8734255887409966,0.8550197343497997,-0.024253752809276663,False,0.011451128688217878
HUBB,168,0.5919505137485427,Hubbell Incorporated,Industrials,SP500,477.4049987792969,-0.01649122354796939,0.05248014187713368,0.027229690756959357,-0.013443525538416434,-0.08893321906080653,0.7891566265060241,0.5662650602409639,0.25301204819277107,0.3221244352409639,-0.13897365987988697,0.18624741933140498,False,0.03785556510323218,True,0.01291899656298967,-0.017826998318214327,-0.012754224776932888,0.011731667993977846,False,230.45758806789857,True,False,0.6779851842737956,0.7792066247352207,-0.003914204244144348,False,0.013292214754224286
CTSH,169,0.5917810480834629,Cognizant,Information Technology,SP500,57.47999954223633,0.0045438363506908885,0.0006963947855795904,-0.040720939607330586,0.332189728884849,-0.04549635397986118,0.4819277108433735,0.9518072289156626,0.3393574297188755,0.1842291039156626,-0.3250172418519819,0.4928229650850886,False,-0.02929181419928195,False,-0.032126403960698546,-0.041617000281526595,0.03319276824180872,-0.01117136596723134,False,433.83914728664183,False,False,0.7911458562519614,0.806378949200711,0.0027962223697790556,False,0.005911990988259286
VZ,170,0.5906703553123785,Verizon,Communication Services,SP500,46.129798889160156,0.003257924062966211,0.0056638317707655705,-0.08490777566371455,0.11070493181775398,-0.008704519734876293,0.2248995983935743,0.8273092369477911,0.41566265060240964,0.07144986194779113,-0.10340528269946214,0.26166826522947995,False,-0.03184232883429894,False,-0.04372787107578635,0.010120106385106187,0.04572743443331273,-0.004219320219365108,False,977.0922845890427,False,True,0.7929940442216737,0.8539732096948892,-0.00021744936130363435,False,0.025832457720643864
CI,171,0.5884506018023707,Cigna,Health Care,SP500,277.80499267578125,0.012519581658798407,0.021980673209970547,0.00716022985049225,-0.04267484005781952,0.012272890586157992,0.7188755020080321,0.4718875502008032,0.4879518072289157,0.2336063002008032,-0.08260271511124773,0.16239612004874515,False,0.008876517077816892,True,0.003130932660561303,0.0018501521002141086,-0.0031211605171592716,0.016209084982576005,False,460.8042599358496,True,True,0.8550265788328134,0.7881755190233337,-0.009658468286054878,False,0.02771086883029074
MCHP,172,0.5862401850344928,Microchip Technology,Information Technology,SP500,79.6449966430664,-0.019874544064822253,0.024109554853210424,0.08537748193165307,-0.09218017206369467,0.13850313733128683,0.9076305220883534,0.2791164658634538,0.7349397590361446,0.2302883408634538,-0.21989887528609553,0.6673005751653529,False,0.04887480577804704,True,0.05036387201193593,0.01533128671390327,-0.04794897592532932,0.005890707101244619,True,672.0744702759375,True,True,0.6288446575067825,0.5957923224877023,-0.026889061414558824,False,0.011741737798205297
CME,173,0.5856516286921881,CME Group,Financials,SP500,271.1449890136719,0.003571679487935464,0.034983501194761235,-0.020889769310333373,0.13644750625038649,-0.09570263081345942,0.5943775100401606,0.857429718875502,0.2389558232931727,0.146492218875502,-0.1411614400690715,0.24630726472368658,False,0.004288125675784515,True,0.002055397557218397,-0.012557480040399693,-0.002051181563643145,0.011293916657839631,False,498.1776463560126,True,False,0.7593425127956424,0.7361608811770703,-0.0007032439357352871,False,0.015784516318117815
AVY,174,0.5847904344191281,Avery Dennison,Materials,SP500,168.01499938964844,-0.0025823542088124762,-0.015556329804777391,-0.015729335715265802,0.06237147931845177,-0.029864597285249705,0.6204819277108434,0.7429718875502008,0.37349397590361444,0.002737512550200827,-0.1343774075576477,0.1044470342857069,False,-0.013531901429331916,False,-0.0320544001090215,-0.01646472186349124,0.0331159107625798,-0.010252634619967393,False,164.02662796279816,False,False,0.5599015291186102,0.6617588844395512,0.011338698110491707,False,0.007950939383784097
TDY,175,0.5819832758453167,Teledyne Technologies,Information Technology,SP500,614.1270141601562,-0.013006584365692242,0.012058167517017493,0.01495173665430971,-0.027541494858712157,-0.06994136628128123,0.7570281124497992,0.5321285140562249,0.29116465863453816,0.20205038905622486,-0.1116345653052786,0.26762650445385816,False,0.00837097098234496,True,-0.027976655326825584,-0.017717526385308324,0.02878187594993631,-0.0008653817428009303,False,173.98519956259156,False,False,0.5576756812737695,0.5727201609094373,-0.00017676281177247954,False,0.012988619495299357
CB,176,0.5815952570362094,Chubb Limited,Financials,SP500,334.20001220703125,-2.985921517018042e-05,0.027517331920157595,-0.004249123710866831,-0.036200143174153765,0.010868968226634967,0.6626506024096386,0.4959839357429719,0.4819277108433735,-0.03917231425702811,-0.07782779946332274,0.25745006830332073,False,-0.003862898340896481,False,-0.018471672788166082,0.017333238955055563,0.018819296678515007,0.004313668861545494,False,549.2358702135643,False,True,0.5295341783479484,0.9141194307997523,-0.01229761364604487,False,0.014195341530467358
VRTX,177,0.5808364632926868,Vertex Pharmaceuticals,Health Care,SP500,506.75,0.008839167969951323,-0.03071861217954963,-0.041879416509010836,0.020644511581067393,0.14153447619340942,0.4738955823293173,0.6566265060240963,0.7369477911646586,-0.22618599397590367,-0.09178080858123894,0.24395514169919164,False,-0.015440155319546567,False,-0.02458075891151157,0.06814265376527251,0.025200198925829476,-0.007436330787822132,False,559.7134710323413,False,True,0.5239958172156014,0.7109277235067886,0.003951774559113996,False,0.01620234946180599
COIN,178,0.5787991431451613,Coinbase,Financials,SP500,180.79440307617188,-0.026626479329861952,-0.030124995845804747,0.010363253657453386,0.1410906355106416,0.03257985526067886,0.7309236947791165,0.8714859437751004,0.5401606425702812,0.16836094377510036,-0.5331566911842754,0.281411919830197,False,-0.03154443969425069,False,0.03870272679324116,-0.02009899149269878,-0.03726063848193306,-0.03142598245790329,False,1648.8537753676678,True,False,1.0483023355039112,0.6943353929184549,-0.029692038476069715,False,0.058667636348948456
LIN,179,0.5784133889388199,Linde plc,Materials,SP500,486.7550048828125,-0.006521088365375238,0.02550302568626628,0.03923096590042818,-0.07078546127118279,-0.02113521029621701,0.821285140562249,0.36947791164658633,0.39156626506024095,0.18197791164658633,-0.10661872239547798,0.2623858746908141,False,0.03626463441873451,True,0.017691788120871577,0.004617101480412833,-0.017384230006944223,0.01613658472973567,False,1009.0804986162328,True,True,0.7023109890773434,1.0150070796261013,0.00010202631232436588,False,0.04603867597531668
MDT,180,0.5771980689896684,Medtronic,Health Care,SP500,87.7699966430664,0.007808018529906979,0.01715141629199768,-0.042214150703762,0.07403603488543187,0.007199466781393049,0.4718875502008032,0.7751004016064257,0.46987951807228917,-0.03544647339357432,-0.1392582973530907,0.2106879128521082,False,-0.017645139734865145,False,-0.019182840049490446,0.008507857901965954,0.019558018387910714,0.000510370449813502,False,1028.2225416658293,False,True,0.7375196834857474,2.7780162168055513,0.0101045460996263,False,0.013224133537421969
NWS,181,0.5749186008145485,News Corp (Class B),Communication Services,SP500,31.530000686645508,0.00031726614012073107,-0.005989868563111678,-0.05144396170337495,0.01589650427470124,0.10191140035087476,0.39357429718875503,0.6405622489959839,0.6767068273092369,0.029234123995983907,-0.10461903196295586,0.237484161643982,False,-0.023838985147384695,False,-0.04363761186363779,0.047540074142681465,0.04562874116021365,-0.007544947079943243,False,37.83928908941922,False,True,0.8444276803428137,0.715498270511909,-0.007931471966029835,False,0.016856994482978473
GWW,182,0.5746616632862095,W. W. Grainger,Industrials,SP500,1268.56005859375,-0.005487785504758702,0.01830211970956963,-0.015987018507262807,-0.06874158145326781,0.110652924781798,0.6164658634538153,0.38353413654618473,0.6907630522088354,0.043690386546184734,-0.0934306803672742,0.3897229672813365,False,9.897973879446909e-05,True,-0.020513506513943014,0.050851856502116766,0.020943123412487497,-0.0020445390935366348,False,337.2924252317285,False,True,0.7246334731084297,0.7658346240951621,0.008662803984309964,False,0.00882122467256241
EBAY,183,0.5741541518898174,eBay Inc.,Consumer Discretionary,SP500,107.91000366210938,0.007939530383889837,0.01753890199742658,0.03174306760173384,-0.0774900336301797,0.12137782518199236,0.8072289156626506,0.3393574297188755,0.7088353413654619,0.0678730547188755,-0.08760789274475012,0.3713764133976607,False,-0.00041217508172997075,False,0.010218396384135353,0.06908449214239631,-0.010115036927371257,0.006888679845320711,False,488.97788080539243,True,True,0.7304383239456458,0.5214766520328575,0.006538432594803689,False,0.010152510762752125
CL,184,0.5734854235490349,Colgate-Palmolive,Consumer Staples,SP500,87.43499755859375,0.0021203158578080306,0.02478900458666833,-0.011028232814489614,-0.033773756486246476,0.03428116056867836,0.6405622489959839,0.5100401606425703,0.5461847389558233,0.029571410642570295,-0.10749688196155871,0.1873109193985807,False,0.01057847881796814,True,-0.021372352107711712,-0.00607782437312554,0.021839105152753557,0.012930621237836837,False,427.1501702645538,False,False,0.766226248498324,0.9056277016684828,-0.008022887658936217,False,0.014043271240738932
ISRG,185,0.5734846012072484,Intuitive Surgical,Health Care,SP500,405.2900085449219,0.0013094148792114346,-0.003295370045987678,0.15744232438382877,-0.015210738509840449,-0.1232802422446646,0.9518072289156626,0.5582329317269076,0.19477911646586346,0.4976860567269076,-0.3163700341821598,0.22067954326759787,False,0.026839632276855152,True,0.057517558743960695,-0.08909592187081705,-0.05438922339244712,0.006681199121999715,False,909.204991635119,True,False,0.5396994714327465,0.562268214072057,0.0011611849228270188,False,0.01387512106655573
SLB,186,0.570842404395809,Schlumberger,Energy,SP500,49.880001068115234,-0.002399978637695366,0.023809520081029323,-0.12644479157522415,0.061363451885426246,-0.02849472939116049,0.08835341365461848,0.7409638554216867,0.37751004016064255,0.30932323042168675,-0.16574352846764762,0.6109534916741846,False,-0.03281785774937873,False,-0.053588988551729444,-0.007364985290666315,0.05662337811319795,-0.005149197739130251,False,649.7049089627507,False,False,0.7131001323422158,0.7670007399030542,-0.007200012207031259,False,0.01779327551066235
FTV,187,0.5706678908173015,Fortive,Industrials,SP500,57.5099983215332,-0.006564191952352694,0.049261026830732746,0.0176959835374646,-0.0583808341141695,-0.029358805384969378,0.7610441767068273,0.42570281124497994,0.3755020080321285,0.25968718624497994,-0.10157570925092285,0.2084698775923235,False,0.0296210522308622,True,-0.009139538446463202,-0.012015458862854045,0.009223840087567492,0.013188816223863142,False,136.70560015793282,False,False,0.8350143178586843,0.9219160611843364,-0.003800332061196454,False,0.004123330086164766
FANG,188,0.5704425438649761,Diamondback Energy,Energy,SP500,186.3300018310547,0.0072981194437049535,0.013709832467940775,-0.0667167166172613,0.029429386139615543,0.010278407030577252,0.3032128514056225,0.6847389558232931,0.4799196787148594,0.26286395582329314,-0.11913202426921488,0.3898912246244286,False,-0.025778961204438566,False,-0.05270267746556323,0.014620146671905143,0.05563477929459393,0.0013444403532851812,False,476.19064953471775,False,True,1.0800304607834965,0.8288462974198537,0.009892971528392414,False,0.010940035676566807
RMD,189,0.5694275337236041,ResMed|,Health Care,SP500,222.89999389648438,0.010014008023154108,0.008141057183535416,0.008369105719005177,0.07238981850386672,-0.028156113213627654,0.7248995983935743,0.7710843373493976,0.3795180722891566,-0.02579066265060237,-0.204821269544731,0.2227307456394103,False,0.0003971634485084863,True,-0.005998356056622356,-0.006545706395419515,0.006034553456899516,0.004371556480829097,False,300.4974545753711,False,False,0.4760262733856572,0.5654213387580963,0.01454525089295955,False,0.007503038202088874
TRI,190,0.5684793230381204,Thomson Reuters,Industrials,NDX,98.3949966430664,0.003109392563591662,0.010942102044345425,-0.004199989128440662,0.11516686825309486,0.17672087330872066,0.6646586345381527,0.8333333333333334,0.7811244979919679,-0.05729166666666663,-0.37264012122989265,0.2937683617326794,False,0.00047531934995181935,True,-0.029380976962968264,0.022270611554809694,0.030270349401391616,0.0037814034197991564,False,177.2692070993666,False,True,0.7642312757029371,0.6000217428370135,0.0037720742215900938,False,0.005114274207619451
AVGO,191,0.5677403287545343,Broadcom,Information Technology,SP500,373.1600036621094,-0.00705141937069198,0.06255873193420047,0.014324735367550634,-0.06798754725914846,0.06788115878187373,0.748995983935743,0.3895582329317269,0.6244979919678715,0.21377698293172692,-0.2224781806367374,0.27613642838968544,False,0.0514134132009354,True,0.0030558252086914095,0.017151847024149847,-0.003046515589554155,0.03239272858671338,False,8468.908119244204,True,True,0.794220658878738,0.8932357731846431,-0.008860824868679673,False,0.04586279131223223
JNJ,192,0.5663485975150602,Johnson & Johnson,Health Care,SP500,255.91000366210938,0.004435218181280343,-0.03335342939481267,-0.0490858787706423,-0.007440592264610579,0.07190690162399993,0.41967871485943775,0.5843373493975904,0.6325301204819277,-0.2457407756024096,-0.0808820515248706,0.4068664282367862,False,-0.03525569941758355,False,-0.03380114979227744,0.06427951763601403,0.03498363694493167,-0.01483359627081171,False,1722.386094927583,False,True,0.5108344624708233,1.0780011900178055,-0.0024727407403680735,False,0.023759212339396554
PFG,193,0.566009792699022,Principal Financial Group,Financials,SP500,109.05000305175781,-0.005925195210270129,-0.02599139028680486,-0.052068826635075616,-0.016036508541647843,0.175750267236497,0.39156626506024095,0.5562248995983936,0.7791164658634538,-0.1429938504016064,-0.07982447822081828,0.43907293809492365,False,-0.04513809825437676,False,-0.03661686061772207,0.08366251006594405,0.03800861684293211,-0.023319203155181434,False,145.92794070005186,False,True,0.6595273319937014,0.8448706574887608,-0.005469448412147027,False,0.01151302738723147
ITW,194,0.5646600388448957,Illinois Tool Works,Industrials,SP500,264.8374938964844,-0.008619153349165187,0.029374592479186612,-0.007949032726314975,0.004046175830474397,-0.004978093499229286,0.6526104417670683,0.6164658634538153,0.42570281124497994,0.012950238453815266,-0.10347715565871618,0.12667558067993445,False,-0.0056399332950406444,False,-0.039894951157761316,-0.0027485576532245704,0.04155269384935467,-0.0013461182384447712,False,332.98204049306946,False,False,0.8307685430572092,0.9472579224084451,-0.009395858456204054,False,0.013694800684779407
BIIB,195,0.56416015625,Biogen,Health Care,SP500,,,,,,,,,,,,,False,,False,,,,,False,204.55391604386932,False,False,0.510429426824909,1.1905156774685985,,False,
CCL,196,0.5634577751530315,Carnival Corporation,Consumer Discretionary,SP500,26.200000762939453,-0.014296431973564117,0.06764465303510914,0.1293103405751741,-0.014325502336182017,-0.054636647502252056,0.9437751004016064,0.5602409638554217,0.3132530120481928,0.47820971385542166,-0.2167983848298991,0.20238640028094657,False,0.1205200876859931,True,0.04038686595806196,-0.037453094407170484,-0.0388190847842651,0.04640692406075497,False,535.6271605635535,True,False,1.4904982171678947,0.9324893601348041,-0.024078231432861585,False,0.028357881509502407
WRB,197,0.5633072739546897,W. R. Berkley Corporation,Financials,SP500,69.68000030517578,0.00043070751815754704,0.031684917984009964,0.0001390740319544559,-0.028408510042562174,0.047439935124326205,0.6867469879518072,0.5301204819277109,0.5803212851405622,-0.030426393072289115,-0.08712409862833181,0.10810375832214025,False,0.009433131451798582,True,0.00037067978742988394,0.018508038270461658,-0.00037054243483880533,0.009536503270942909,False,177.51379383527174,True,True,0.7381919639212368,0.8019325106180947,0.0014357282402059912,False,0.011487677729162126
GPN,198,0.562507223956309,Global Payments,Financials,SP500,81.29000091552734,-0.006113216706237767,-0.004652837785448338,-0.08834538280988502,0.09599572498793929,0.2576114944197463,0.19879518072289157,0.8052208835341366,0.8554216867469879,-0.17720099146586343,-0.14035481641564873,0.30995328358675045,False,-0.03924452686714719,False,-0.07340106928431078,0.06881219721133425,0.07921557736702445,-0.010849391143603171,False,234.60470711653318,False,True,0.7269563929928041,0.7084842502357146,0.010025671667018399,False,0.00316961375533531
CSX,199,0.5624251922002528,CSX Corporation,Industrials,SP500,47.41999816894531,-0.0016842490748355532,0.01956568222430577,-0.03224493532764672,-0.03647788816901498,0.13183623919356235,0.5261044176706827,0.4919678714859438,0.7248995983935743,-0.017797753514056214,-0.10671020749105209,0.4260552502185109,False,-8.438360679063894e-05,False,-0.03430868497860673,0.07137698092163802,0.035527589867417,0.004069625953828204,False,499.53005170149413,False,True,0.7493627515345695,0.8009334372150104,-0.0021052310341282965,False,0.011901252700261409
ECHO,200,0.5592729537100013,EchoStar,Communication Services,SP500,98.98500061035156,-0.010248990140832914,0.10709089090776902,0.05956971259346666,0.010463470145554377,-0.19406447763960621,0.8634538152610441,0.6305220883534136,0.10642570281124498,0.5875533383534136,-0.3019393619179157,0.4789332161813382,False,0.06193694011692541,True,0.09678306469607323,-0.08918903016383528,-0.08824266877506226,0.041488634376086964,False,321.7584108337494,True,False,0.8359309969885275,1.1418079679816868,-0.011698887844698747,False,0.030525778072900456
CEG,201,0.5588059141809173,Constellation Energy,Utilities,SP500,288.8775939941406,-0.038356857977548064,0.13722379787180694,-0.034015697087640184,0.15387119433300178,0.019351978423115312,0.5160642570281124,0.8895582329317269,0.5120481927710844,0.0028394829317268666,-0.2808702936727967,0.22334739321410169,False,0.08216196753728222,True,0.06044074002205857,0.00996206527737531,-0.0569958676057668,0.05607776612685167,False,816.1175077634924,True,True,1.7346442419841421,1.6926953753007197,-0.03320574669170251,False,0.14516643547431266
Q,202,0.5583392162399597,Qnity Electronics,Information Technology,SP500,131.11500549316406,-0.018820618856176585,0.04274699952848704,0.06355456514802427,-0.08544341251274545,0.014909188233565462,0.8674698795180723,0.3032128514056225,0.4959839357429719,0.22899410140562249,,,False,0.055580755938180904,True,0.027934940358404825,0.037374022323314104,-0.027175786386505085,0.01634111668203886,False,215.35743175995177,True,True,0.6535398361000232,0.6759751665660757,-0.008456221219204973,False,0.013727943751361674
DD,203,0.5559549311155914,DuPont,Industrials,SP500,132.55999755859375,-0.005402170072760892,0.02055584095381935,0.009442508111605186,-0.01221752960578082,-0.0688155289521456,0.7289156626506024,0.5682730923694779,0.2931726907630522,0.3827262173694779,-0.13184592610891244,0.45812673276765814,False,0.022531787510964962,True,-0.016298825616570256,-0.03153195832141664,0.01656887888416536,0.010838659778302562,False,180.41492657635195,False,False,0.8085762245449437,0.46008377923368454,-0.014480737495932816,False,0.004822719910869947
RL,204,0.5513129761991515,Ralph Lauren Corporation,Consumer Discretionary,SP500,363.6099853515625,-0.013725087183321216,0.02405153308132224,0.0501578748452276,-0.05917139485188316,-0.026271557178894178,0.8453815261044176,0.42168674698795183,0.3855421686746988,0.24199924698795183,-0.1175916270692372,0.18810405378091066,False,0.04295957869123934,True,0.005824885158558724,0.0008204595858434249,-0.005791152361119489,0.009726815548394052,False,230.40555795126954,True,True,0.8012510463734843,0.6745330852341012,-0.00415004943057784,False,0.060190054376154684
DAL,205,0.5512120811876539,Delta Air Lines,Industrials,SP500,82.27069854736328,-0.016606562920524093,-0.01424994668290902,0.04192881840523821,-0.07561012868131145,0.21463924260941547,0.8313253012048193,0.3514056224899598,0.8232931726907631,-0.060703752510040176,-0.11943376950142037,0.489978823518358,False,0.0037781734651345378,True,-0.01874606561522818,0.08627283393759955,0.019104194091187576,-0.010933824940226655,False,489.2332465804848,False,True,0.8464284133220871,1.0767724680905835,0.0069327537206747,False,0.027468088571039277
HCA,206,0.551057253206374,HCA Healthcare,Health Care,SP500,433.1000061035156,0.00208235509270005,0.014903725956518787,0.07929594216263602,0.060850706552525,-0.13927748007446505,0.8975903614457831,0.7349397590361446,0.17269076305220885,0.018142884036144613,-0.2012642044447236,0.2032772251900854,False,0.009269397970286697,True,0.03554652858403795,-0.024278029564057002,-0.03432634613979413,0.00583090562444899,False,545.3166999039893,True,False,0.5942160654265225,0.6428611507727147,0.003262316299648349,False,0.008796800949607905
IQV,207,0.550390625,IQVIA,Health Care,SP500,,,,,,,,,,,,,False,,False,,,,,False,373.16985433707725,False,False,0.5663185227439473,0.9717356609461509,,False,
GNRC,208,0.5498901224859114,Generac,Industrials,SP500,221.0,-0.01171628286555726,0.06789081062548497,0.16187367751082715,-0.06300347906341597,0.08904552297052004,0.9578313253012049,0.39759036144578314,0.6526104417670683,0.38977786144578314,-0.2522163036805619,0.6205910971111128,False,0.0951165712732438,True,0.09354078517770081,0.034163665304572266,-0.08553936574254106,0.03517302907869113,False,252.86578919283323,True,True,1.4528841702706223,0.6519265367936747,-0.03242107216843759,False,0.018895894842397093
BBY,209,0.5495016861802046,Best Buy,Consumer Discretionary,SP500,84.0,-0.01001766045264385,-0.04805074757952177,-0.049799604386955076,0.06115022592956021,0.333916813384761,0.41365461847389556,0.7369477911646586,0.9056224899598394,-0.17906783383534142,-0.11411094420637113,0.5491888533182046,False,-0.06729339138188195,False,-0.032714663374872166,0.17263213117515153,0.033821109590076226,-0.037884606173949065,False,314.75528278138125,False,True,0.9109863408538358,0.6504986263520067,0.025928162842663083,False,0.01877357206127963
BEN,210,0.5489061462584208,Franklin Resources,Financials,SP500,32.05500030517578,-0.011868012880130618,-0.002023618582516873,-0.06545196929558228,-0.038536456323854384,0.3145938710672598,0.3092369477911647,0.4879518072289157,0.8875502008032129,-0.23079819277108432,-0.09471368510074418,0.5883117402298952,False,-0.018817837486225786,False,-0.038109652554994766,0.1028788048065743,0.039619539437340645,-0.01319182711331246,False,129.86689158107055,False,True,0.6706152801278967,0.9598993816983487,0.016646144833148746,False,0.013368783947217678
GEHC,211,0.5488082749344152,GE HealthCare,Health Care,SP500,64.98999786376953,0.0033966532670288707,-0.0058131385474412545,-0.026731615444704815,0.005049689873365404,-0.11828184817839626,0.5602409638554217,0.6204819277108434,0.21084337349397592,0.13415380271084343,-0.2617492526163303,0.0931615492012714,False,-0.0010106852395730392,False,-0.056909085556639205,-0.08430938876792082,0.0603431595884143,-0.0034819830444531297,False,241.69895928604524,False,False,0.47574559528005445,0.8203080918715715,0.0024703361186062534,False,0.0084547241151543
MSCI,212,0.5486444517991321,MSCI,Financials,SP500,552.3599853515625,-0.0046132733320728425,0.025433507017524892,0.001759137230193497,-0.08123728814591746,-0.001063965415328938,0.6987951807228916,0.3232931726907631,0.44377510040160645,0.17094942269076308,-0.13900335451162737,0.09121985475588379,False,0.006440105414874164,True,-0.012293838661037393,-0.03029226812498409,0.012446858329173027,0.006670785743349894,False,315.1384005770508,False,False,0.599407144432575,0.7824724358396863,0.0019462573399859906,False,0.014371489176472215
GPC,213,0.5467913994688431,Genuine Parts Company,Consumer Discretionary,SP500,126.16500091552734,-0.00953836052825019,0.0033800147843032757,-0.05889151713295926,0.02315210707153459,0.1966519042901298,0.3433734939759036,0.6646586345381527,0.8012048192771084,-0.31971636546184734,-0.13098113631920694,0.3899901571742097,False,-0.021284423959677556,False,-0.03985650209893099,0.06840804527504041,0.04151098474973747,-0.007480450646277115,False,133.16485772071624,False,True,0.44301312960616146,0.63553193457513,-0.003375728642231901,False,0.009153692361275475
VST,214,0.546461222915857,Vistra Corp.,Utilities,SP500,157.14500427246094,-0.020903400171582986,0.1358510830486166,0.03745291187096833,-0.0036563814129978445,0.011115475729617463,0.8152610441767069,0.5883534136546185,0.4839357429718876,0.10007216365461846,-0.25037766247129045,0.17008962580077824,False,0.10055685297520167,True,0.09885573073975706,0.018542383169340537,-0.08996242907447616,0.0676178110053014,False,737.5434095349411,True,True,1.1830877041043057,1.8342212228290433,-0.05626167463736376,False,0.1427338436461324
LRCX,215,0.5458345225660708,Lam Research,Information Technology,SP500,324.7601013183594,-0.027344074184702083,-0.01141489858997291,0.01462170376915184,-0.07946571717192341,0.31986738740651677,0.7550200803212851,0.3333333333333333,0.8955823293172691,-0.0006510416666666852,-0.24975167948143184,1.4835211228161889,False,0.053343475056641276,True,0.05250686352286271,0.17145458965261717,-0.04988743099224657,-0.010907372533762616,True,2726.9951503945404,True,True,0.6927721623688244,0.679859680339945,-0.0354458697577934,False,0.04549023672211084
NSC,216,0.5447255377356199,Norfolk Southern,Industrials,SP500,315.75,-0.0017704073943790588,0.02184466019417486,-0.037112749845676474,-0.020910961486342194,0.08252661275497553,0.5020080321285141,0.5481927710843374,0.6485943775100401,-0.031885353915662606,-0.10547342576792584,0.1494843511085282,False,0.0009097723386721768,True,-0.04136261423897081,0.01855935572548395,0.043147299336896205,0.0026294197191709667,False,360.3064179205127,False,True,0.6821145405158395,0.6153809855029677,-0.0007271695112498477,False,0.004338131937375794
HSIC,217,0.5434878627412878,Henry Schein,Health Care,SP500,85.08000183105469,0.0028289191834496297,0.01321901386465485,-0.0425388110886028,0.01454807073483999,0.12643986768308424,0.46586345381526106,0.6365461847389559,0.7208835341365462,-0.13493819026104414,-0.06361433788762672,0.37159444632217187,False,-0.009101843751467498,False,-0.029651048239435318,0.05846569552478709,0.030557098233205293,0.00019544122490122717,False,99.92712815176635,False,True,0.9893866158148982,0.9620300589080156,-0.0005892907180732321,False,0.01041009948795227
ON,218,0.541245855397396,ON Semiconductor,Information Technology,SP500,84.69499969482422,-0.01871159668001554,0.10179519537730375,0.19154470333484386,-0.13461737694921982,0.2385932011804921,0.963855421686747,0.14859437751004015,0.8413654618473896,0.14468812751004015,-0.36761737977650366,0.8863028244221498,False,0.11721194750248332,True,0.10598060899543071,0.046542049563957466,-0.09582501549615197,0.03946542779769646,False,771.895219836253,True,True,0.8054585142594726,1.07039577171541,-0.02676396273821635,False,0.0216850534252313
EW,219,0.5368215427233126,Edwards Lifesciences,Health Care,SP500,86.79499816894531,0.00364240055254883,0.005502762694629348,0.0008648171954162009,-0.04965513600337357,0.06223227440274148,0.6907630522088354,0.44779116465863456,0.606425702811245,0.043494289658634555,-0.08809626086725808,0.19470056911186395,False,-0.00018721232758811546,False,-0.021519932882170023,0.019238328916038716,0.021993225621405044,0.002263382568025385,False,284.5673074512274,False,True,1.090194474470888,0.7607653637156476,0.012257140581028558,False,0.009670494645981584
UNP,220,0.5367185602288186,Union Pacific Corporation,Industrials,SP500,277.17498779296875,0.0020425959702363716,0.01853887046497782,-0.03908831318048267,-0.023080019180285904,0.1236320361077703,0.4899598393574297,0.5421686746987951,0.7128514056224899,-0.08283132530120485,-0.10353081218945492,0.3080218331275464,False,-0.001418611450428986,False,-0.03931710620172335,0.05250224365581979,0.04092620619721288,0.0035769750042919934,False,704.4792359961365,False,True,0.7817779259903352,0.8170558188977087,3.618728952337058e-05,False,0.009168587696590643
IBKR,221,0.5359141834474997,Interactive Brokers,Financials,SP500,88.57499694824219,-0.022135182626206285,0.036935130495517665,-0.02632740728067484,-0.0695299378612777,0.2272850763589651,0.5642570281124498,0.3795180722891566,0.8313253012048193,-0.12829442771084337,-0.09710577253527464,0.45699839958234145,False,-0.006369029893012468,False,-0.020961002325814437,0.08602781077437816,0.021409772619486622,-0.0005131775991986665,False,367.8571930171481,False,True,0.6937124023161093,0.8344253636193245,-0.02517110546707002,False,0.014785743217818342
ABNB,222,0.5358119600377316,Airbnb,Consumer Discretionary,SP500,159.8300018310547,-0.003491474285957863,-0.005104214731299961,-0.08427862966032806,0.08809314790097389,0.21636232309848658,0.23293172690763053,0.7971887550200804,0.8253012048192772,-0.16765499497991965,-0.16099736571624834,0.43293886067025267,False,-0.014745210498735783,False,-0.06280050359408185,0.11060175018276364,0.06700868260697601,-0.005383015714341521,False,855.5096999756258,False,True,0.7572390600416293,0.6351224249756948,-0.007357021511762651,False,0.006281190241629786
LYV,223,0.532921416006769,Live Nation Entertainment,Communication Services,SP500,171.27000427246094,-0.003084975377661725,0.011636155848744112,0.004810838010561813,-0.06194543457754553,0.047138706462166224,0.7088353413654619,0.4036144578313253,0.5783132530120482,-0.19599491716867468,-0.09121299919884474,0.36350611766772434,False,0.007420242897814067,True,-0.031076582083810922,0.04243828199581312,0.032073310964705115,0.005141394354284179,False,353.43422098270446,False,True,0.5508791114636167,0.930286457501858,-0.013620467382562618,False,0.004729286892712103
PKG,224,0.5326171875,Packaging Corporation of America,Materials,SP500,,,,,,,,,,,,,False,,False,,,,,False,134.11170259850948,False,False,0.6470740445118796,0.9070811722323002,,False,
J,225,0.5323407667970268,Jacobs Solutions,Industrials,SP500,138.65499877929688,-0.004129835278939509,0.02502398462276889,-0.03892011732778389,0.10452345128039964,0.06324080795543208,0.4919678714859438,0.8192771084337349,0.6104417670682731,-0.08892601656626509,-0.14782169637321552,0.2998358843285627,False,-0.01265205479696152,False,-0.03188798727906228,0.04533151575667316,0.032938324140239894,-0.001265953159141131,False,120.46745614589173,False,True,0.9706497607822694,0.7875012364138071,0.006679652108804612,False,0.007416161606808006
APD,226,0.53232421875,Air Products,Materials,SP500,,,,,,,,,,,,,False,,False,,,,,False,316.0671169510199,False,False,0.6800277940478566,1.0351045575396451,,False,
NVR,227,0.530859375,"NVR, Inc.",Consumer Discretionary,SP500,,,,,,,,,,,,,False,,False,,,,,False,233.12101767877073,False,False,0.7056521741676837,1.1903485254691688,,False,
CAT,228,0.5299390353753725,Caterpillar Inc.,Industrials,SP500,841.7150268554688,-0.02516095562460552,0.03814187356307208,0.023386643861843526,-0.10135817454230922,0.0950023590257787,0.7751004016064257,0.23092369477911648,0.6646586345381527,0.10397056977911648,-0.20811677692400632,0.7449647708574694,False,0.031058949780269796,True,0.023415111568333646,0.05534857110357061,-0.02287938814236501,0.0069610236073838205,False,2099.3380348407127,True,True,0.6429381977148491,0.6973211150834097,-0.012091172996255395,False,0.03367912927946277
KR,229,0.5292292911565618,Kroger,Consumer Staples,SP500,59.540000915527344,0.019346020733901792,0.01569433641088258,0.040909093031061605,0.0014788573068242883,-0.15072814688739244,0.8273092369477911,0.6104417670682731,0.1566265060240964,0.46200426706827313,-0.20285274359077032,0.07957008524963616,False,0.002036403391778796,True,0.024206662749969077,-0.05282792033417216,-0.023634549188515153,0.0069028547355667325,False,399.18731626862797,True,False,0.9578402376734857,0.7533855249592433,0.0023968394113023095,False,0.015173939285900575
CBOE,230,0.5283355827544047,Cboe Global Markets,Financials,SP500,279.5474853515625,0.004843540925255185,0.015465424368810377,-0.04698633570253008,0.046570988375447486,-0.05401051531791068,0.4357429718875502,0.7028112449799196,0.3172690763052209,0.16570186997991965,-0.23394713153291657,0.21085068950468555,False,0.02772402304982413,True,-0.024580476954093378,-0.02374233168748008,0.025199902578673772,0.020001197292357054,False,305.88660248225705,False,False,0.8764313741896068,0.9079802919933863,-0.0047448140413323125,False,0.017913648249745465
ARM,231,0.5273454199863973,Arm Holdings,Information Technology,NDX,294.44000244140625,-0.02683763611418921,0.0165021014943878,0.12583643870958716,-0.10196112231566867,0.9773016936425436,0.9417670682730924,0.22690763052208834,0.9738955823293173,0.19956388052208834,-0.32999588548095604,1.8162601037480868,False,0.02306981497072247,True,0.09717145393955473,0.3472889790645499,-0.08856542301629011,-0.011311909870979853,False,1371.2378218268311,True,True,1.1992573120475636,0.6240770006514906,-0.03784377412553963,False,0.05284937676606853
AIG,232,0.5269648528590167,American International Group,Financials,SP500,74.99500274658203,-0.0015310592841838444,0.007726479330614433,0.010870169948857589,-0.04573652072722778,-0.018552730096696557,0.7349397590361446,0.4598393574297189,0.39558232931726905,0.030151857429718876,-0.11719928113190381,0.06331496336065578,False,-0.00010896348565636593,False,-0.012745701277815824,-0.013861702082941685,0.012910251486686564,0.0006614103795639092,False,298.3552464797104,False,False,0.8646068559176588,1.0099154338134508,0.0006657309459656702,False,0.00891818921832049
HON,233,0.5255070179913202,Honeywell Technologies,Industrials,SP500,210.63999938964844,-0.01047585746554569,-0.0014222198174154155,0.011525133659118891,-0.054372750158409366,-0.12868330755266577,0.7389558232931727,0.4357429718875502,0.18674698795180722,0.22675859688755018,-0.1833777281075829,0.08196359361222694,False,0.0070662815252686695,True,-0.039897076822082544,-0.08031070851687727,0.04155499984316702,-0.006113130914885856,False,639.5940508982861,False,False,0.4903694446979161,0.634105090666793,-0.008737730319050452,False,0.025296884898971517
ATO,234,0.5248046875,Atmos Energy,Utilities,SP500,,,,,,,,,,,,,False,,False,,,,,False,168.78985320963957,False,False,0.69322593027723,0.9379648876881267,,False,
PRU,235,0.524803915763862,Prudential Financial,Financials,SP500,112.61000061035156,-0.008190948543920551,-0.008540246566873244,-0.05670963979581245,-0.009478062012637456,0.19464604971259325,0.357429718875502,0.5742971887550201,0.7971887550200804,-0.2518746862449799,-0.0896665062688966,0.255027586765155,False,-0.034207121705468024,False,-0.054082437435352015,0.056062995471768406,0.057174577971381924,-0.014380574815498703,False,198.95889341483826,False,True,0.7360305717600746,0.7837956944209113,0.002994507091325316,False,0.011625038724799653
DOW,236,0.5231479344798549,Dow Inc.,Materials,SP500,28.514999389648438,0.0126065179034065,0.035402993526095994,-0.03567806276847685,0.012137124354224094,-0.25816623546236117,0.5100401606425703,0.6325301204819277,0.0642570281124498,0.5387801204819277,-0.3040547391130246,0.44902542121124567,False,-0.0015843911220282392,False,-0.037065519340031106,-0.09491029846586452,0.03849225475302065,0.010417003197645824,False,254.4776389075464,False,False,0.6638105569554661,0.7730050136197187,-0.0003551217661940109,False,0.022179215791617045
EXR,237,0.522538604518882,Extra Space Storage,Real Estate,SP500,133.39999389648438,-0.0036597617103428792,0.014371526641271393,-0.030120022134447644,-0.054047550262334654,-0.009394237774788983,0.5481927710843374,0.43775100401606426,0.41365461847389556,0.15650100401606426,-0.11698731189081735,0.10269635526932341,False,-0.009369717306589309,False,-0.04855968511332254,-0.0397391821278702,0.0510380781153954,-0.00047603265122542204,False,174.07571717298342,False,False,0.8798014526595539,0.877446649510013,-0.0032862980313096424,False,0.009927229349636614
EVRG,238,0.5217572406561731,Evergy,Utilities,SP500,80.12000274658203,-0.0028624235458216685,0.021417647283103136,-0.025778151413613504,-0.052661913207267985,-0.02365960265233147,0.5742971887550201,0.4397590361445783,0.3895582329317269,0.006165286144578286,-0.08329749971237077,0.13611779762877152,False,0.0076086599111255815,True,-0.01202225527123546,-2.916720729939648e-06,0.012168548669622137,0.00934214591803606,False,171.33759140549316,False,False,0.722363656447014,0.8229287595603744,-0.0017423695371137082,False,0.010827195905215952
SWK,239,0.5198963064961458,Stanley Black & Decker,Industrials,SP500,87.72000122070312,-0.02522498829817532,-0.009820466792540006,-0.06491841484258443,0.019159348632139972,0.25093319763901456,0.3152610441767068,0.6506024096385542,0.8514056224899599,-0.2536944653614458,-0.149197946792331,0.4726877139078418,False,-0.02112415479731844,False,-0.07303181622574029,0.06049292495037384,0.07878567733401876,-0.020171580372160047,False,169.54780224658384,False,True,0.7181014591812228,0.7360131407087005,-0.0007778608343805837,False,0.02063554043849515
IR,240,0.51953125,Ingersoll Rand,Industrials,SP500,,,,,,,,,,,,,False,,False,,,,,False,341.2135412348844,False,False,0.7376517871257038,1.0339674206885396,,False,
AFL,241,0.5169997403930238,Aflac,Financials,SP500,113.45500183105469,-0.0015400459965955182,0.014984819019948414,-0.014805503445947554,-0.06528073934896639,0.014308439302699538,0.6285140562248996,0.39156626506024095,0.4939759036144578,0.004847515060240948,-0.11982713760191599,0.0958082248248584,False,-0.00824530745879759,False,-0.036573488230673856,-0.006506249676734632,0.03796188685269519,0.0027933098312189486,False,242.68899676912537,False,False,0.6597526786583434,0.7006939702319384,-0.010208537012702856,False,0.009302738085247602
NEM,242,0.5157091571932892,Newmont,Materials,SP500,112.94999694824219,-0.029555824894283766,-0.02072134095311473,-0.11125973559755886,0.19380997895270924,-0.039784962834964355,0.1144578313253012,0.9236947791164659,0.35542168674698793,-0.033336470883534086,-0.16246025604717373,0.44994767602719765,False,-0.0627450758564364,False,-0.05122736200297451,0.01442608617825325,0.053993296129536184,-0.030823035507935415,False,859.0078864805362,False,True,0.664468987626085,0.5267665985395728,-0.0033507981071707604,False,0.043832159276041976
FERG,243,0.5154704503497863,Ferguson Enterprises,Industrials,SP500,221.13499450683594,-0.009828537617974087,-0.0066705625861228635,-0.02282372282487588,-0.011842100687584511,-0.10587960709622579,0.5923694779116466,0.570281124497992,0.23092369477911648,0.15231237449799195,-0.16770091200659942,0.03208718461803506,False,0.0025694802460083377,True,-0.043025905093144745,-0.06406332177764051,0.04496036551264493,-0.005188007970494346,False,632.116873121792,False,False,0.625433603927553,0.47175547602621987,0.0010298469782534792,False,0.003853235417718534
ADBE,244,0.5146173782832945,Adobe Inc.,Information Technology,SP500,236.3000030517578,-0.007643171941667526,-0.015170456583359138,-0.08147401818480327,0.06130702685588063,-0.012577805096082306,0.2469879518072289,0.7389558232931727,0.40562248995983935,0.19403394829317266,-0.34344697105557276,0.22175688215475153,False,-0.030697306665544932,False,-0.08591400765892876,-0.08462775796799726,0.09398897738154144,-0.010433551875768998,False,1257.5539880155782,False,False,0.7323557012437891,0.5793090235018853,-0.0065932811087831,False,0.05660234221806649
RSG,245,0.5139601121218746,Republic Services,Industrials,SP500,216.30499267578125,0.00728782314698706,0.034008927228513786,-0.020857072384359743,-0.007693791157925678,0.005223761740983601,0.5963855421686747,0.5823293172690763,0.463855421686747,-0.06415505773092367,-0.06032121030733961,0.10069782422209128,False,0.006260494691388896,True,0.0013285271118415043,0.011489706494004714,-0.0013267644692730451,0.015744370563100407,False,319.5777508854248,True,True,0.7858241118484913,0.6752208301904774,-0.009173890147664343,False,0.00965213800831385
WMT,246,0.5127224244761304,Walmart,Consumer Staples,SP500,107.5999984741211,0.003731357623750986,0.035411858833880316,0.014615703703533267,-0.03878803442884815,-0.15084531049709515,0.7530120481927711,0.4859437751004016,0.15461847389558234,0.3785219001004016,-0.1962921159809189,0.07848069109771005,False,0.004401235181578311,True,-0.008034362447895682,-0.08630617193647327,0.008099436254386916,0.010826480888693313,False,2631.890995446407,False,False,0.7612969586762146,0.7253079518431701,0.0035914379402115504,False,0.03349878366249742
FLEX,247,0.5124713445515935,Flex Ltd.,Information Technology,SP500,117.87000274658203,-0.028917404731092167,0.07164292240983983,0.031143428081725544,-0.1577104424023793,0.6104658944497954,0.8032128514056225,0.10441767068273092,0.9497991967871486,0.07512079568273092,-0.27272167939879977,1.1623556480650192,False,0.04622678861752205,True,0.03158199315672916,0.17356509260625197,-0.03061510705521875,0.017608656906153097,False,380.2331169304189,True,True,0.7318489264859513,0.5638288444255424,-0.024962916854997297,False,0.022131278971458557
AMAT,248,0.5122019959879842,Applied Materials,Information Technology,SP500,521.2550048828125,-0.01700080018931982,0.019310492990947115,0.1025085036950093,-0.11355891547110364,0.3545086413299312,0.927710843373494,0.1927710843373494,0.9116465863453815,-0.05332266566265059,-0.2782677971455878,1.49649017751033,False,0.08857240215877149,True,0.06768627900359792,0.2090230350997384,-0.06339528786186621,0.01079570866554791,True,3290.3195158174026,True,True,0.6101097234509558,0.6517433300942496,-0.025194798677339536,False,0.04327614379556192
UHS,249,0.5121255435046639,Universal Health Services,Health Care,SP500,175.8350067138672,-0.007030692931522031,0.009038289089177365,0.022950766991836513,0.1342894215356969,-0.05609025146767088,0.7730923694779116,0.8514056224899599,0.30522088353413657,-0.05093812751004012,-0.2767597873846849,0.24701926899829818,False,-0.005119078832670931,False,0.013681533877017094,-0.02154222543228823,-0.013496875911993333,-0.0024713773862430344,False,126.66938578960419,True,False,0.7368874713825453,0.6136628052121087,-0.016207336161683905,False,0.005077081085835655
XYZ,250,0.5117882189038412,"Block, Inc.",Financials,SP500,75.62999725341797,-0.01188925596060142,0.028559751244173315,-0.055805259748504255,-0.023120653033615657,0.20372425671387906,0.3654618473895582,0.5401606425702812,0.8132530120481928,-0.2528081074297188,-0.10866236165596621,0.5406395807360975,False,-0.00904091252837158,False,-0.04749793025572968,0.07560980456963384,0.04986648508646496,0.0015445693211881828,False,342.14050521917727,False,True,0.675326389296044,0.6702041360577666,-0.0005226145159247242,False,0.017170572454019744
GL,251,0.5115143664375243,Globe Life,Financials,SP500,165.0850067138672,-0.007186625416180092,-0.001421765734467395,-0.030850177956472824,-0.07517339305877269,0.12084868640997981,0.5421686746987951,0.3534136546184739,0.7068273092369478,-0.2969769703815261,-0.11077048260727518,0.2766160728856297,False,-0.02114295146759948,False,-0.04932758329092757,0.050371128270873644,0.05188704586768611,-0.007225533424610853,False,84.95177670732757,False,True,0.4032154502950296,0.87416681758487,-0.0006615384361264853,False,0.022924842680492382
BR,252,0.5113027462673274,Broadridge Financial Solutions,Industrials,SP500,159.0,0.002142924051701689,-0.013035419143102023,-0.05705133077783453,0.08593070493729349,0.0005800743082775561,0.3534136546184739,0.7891566265060241,0.45180722891566266,-0.005765248493975861,-0.3134916480675436,0.18118219967217808,False,-0.028253976068209674,False,-0.05496230683915082,-0.054421701152195134,0.05815885147958433,-0.008366712145960409,False,191.86602057541626,False,False,0.6643850689911422,0.4704233968001223,-0.007185171834965032,False,0.007787977545637239
MAA,253,0.5107421875,Mid-America Apartment Communities,Real Estate,SP500,,,,,,,,,,,,,False,,False,,,,,False,136.52810136240745,False,False,0.811990893879735,1.2962454496712474,,False,
LYB,254,0.5098407111308136,LyondellBasell,Materials,SP500,59.71500015258789,0.013320886532273812,0.03906383998954954,-0.07547602510766671,0.08921189658020423,-0.17862344977197175,0.26506024096385544,0.8012048192771084,0.1285140562248996,0.3812829442771084,-0.2599834145524208,0.49782683037775755,False,-0.01555024181843867,False,-0.03841730707305879,-0.02495779191530545,0.03995216153082093,0.009440055904207156,False,233.0392849454064,False,False,0.8405426301152978,0.6942880253577959,-0.0022060252408282466,False,0.008241348777910204
STE,255,0.5092930441524162,Steris,Health Care,SP500,208.3699951171875,-0.001341954409238011,-0.00780914924310927,-0.0460996484694689,-0.032380658151177855,-0.0684455407687451,0.44176706827309237,0.5200803212851406,0.2971887550200803,0.00836157128514059,-0.21771517545035524,0.0481733867040135,False,-0.00567857270787786,False,-0.06519544588424975,-0.07962602596693225,0.0697423280590661,-0.005225308491297209,False,150.8042884630542,False,False,0.5004694377802605,0.8817968742793061,0.014521921245778335,False,0.012218045112781954
APO,256,0.5079394442690115,Apollo Global Management,Financials,SP500,115.03500366210938,-0.007891274775464141,-0.008831586403979519,-0.12726647604273988,-0.03604049688270361,0.0836810635030587,0.08634538152610442,0.4979919678714859,0.6506024096385542,-5.4907128514081194e-05,-0.23718440365895666,0.1566107464484996,False,-0.055617438862492485,False,-0.10140826434271022,-0.0822775386851683,0.11285243377909948,-0.017748342993223698,False,399.3605894102625,False,False,0.6340810866631309,0.868031563767336,-0.00336351358269138,False,0.024327989879666924
EQT,257,0.507657153310824,EQT Corporation,Energy,SP500,52.70000076293945,0.0043834483873725905,0.08525533922092343,-0.04390417662989898,0.05414357347707033,-0.1190716391408484,0.4578313253012048,0.7208835341365462,0.20682730923694778,0.20721165913654616,-0.21957503948733126,0.08525533922092343,False,0.028633903358915136,True,-0.001754665958845325,-0.04590738176897913,0.0017577502233263598,0.029614146582091827,False,353.9012468676825,False,False,1.0866452136641565,0.9140610904681526,-0.02229849354722202,False,0.014206962355865781
AIZ,258,0.5048828125,Assurant,Financials,SP500,,,,,,,,,,,,,False,,False,,,,,False,107.13306814662388,False,False,0.8013163389780418,0.95059128592042,,False,
URI,259,0.5041015624999999,United Rentals,Industrials,SP500,,,,,,,,,,,,,False,,False,,,,,False,482.6110419332699,False,False,0.8311300841399395,1.0625019600464138,,False,
GEV,260,0.5038781259109018,GE Vernova,Industrials,SP500,1009.625,-0.019029121054813913,0.062215289348858116,0.03944672919841419,-0.061041059064338765,0.07912960094108201,0.8232931726907631,0.40562248995983935,0.6445783132530121,-0.09828376004016065,-0.1406422785793645,0.8459301803302268,False,0.059538535329513254,True,0.04459349404202606,0.09441496435385188,-0.04268980641404607,0.023460614641035438,False,2029.5547191283642,True,True,0.8100919811046863,0.8860964378425291,-0.02706929237857847,False,0.028972760277834384
SPG,261,0.5012695312500001,Simon Property Group,Real Estate,SP500,201.9499969482422,0.0010409014045815734,0.005927487915754703,-0.03663601467196265,-0.07096829217444045,0.06347608720683984,0.5040160642570282,0.3674698795180723,0.6164658634538153,-0.1169051204819277,-0.13765287201773402,0.21895609610443212,False,-0.008184519145360114,False,-0.046326153828913474,0.007737693900474296,0.048576517029284894,-0.0018622607305888161,False,264.5861124861847,False,True,0.42797621198038016,0.7729199676757874,-0.0011896772411468248,False,0.007832551691406519
PGR,262,0.5000784640578443,Progressive Corporation,Financials,SP500,212.35000610351562,0.0014147750409820858,0.024805824334739324,-0.011389019678491485,-0.07436176911513315,0.07298116484775186,0.6365461847389559,0.35943775100401604,0.6345381526104418,-0.24993724899598396,-0.0939419255927354,0.11631741999096934,False,0.002375343550329312,True,-0.007828580607441293,0.019944520661987264,0.007890350855131567,0.006850577390543178,False,527.2631699612,False,True,0.5965466606162779,0.8454220947450104,-0.0002829406165069104,False,0.01273695697277915
BMY,263,0.4995756716381656,Bristol Myers Squibb,Health Care,SP500,59.16999816894531,-0.007048195713494021,-0.04194221298942458,-0.07585711522922722,0.031805441001492074,0.021244112939904802,0.26305220883534136,0.6927710843373494,0.5140562248995983,-0.14902579066265065,-0.12200311347778592,0.45077151264816084,False,-0.04109114416910142,False,-0.0708652150995015,0.016075821615245678,0.07627011306770792,-0.022222631889500133,False,707.2612806467025,False,True,0.7493760705084056,0.8984952943846221,-0.01090789602642206,False,0.02122086616258232
STT,264,0.4992139551148141,State Street Corporation,Financials,SP500,173.2949981689453,-0.013968715966171774,-0.002159267599203929,-0.09207313836420872,-0.03300955746184464,0.28612453813236294,0.17269076305220885,0.5180722891566265,0.8714859437751004,-0.3627870858433735,-0.1031966599328471,0.5982438691451017,False,-0.039247623517909114,False,-0.06206542147161764,0.12479999983361334,0.06617244197244343,-0.0174147958355243,False,313.9309418217804,False,True,0.7192016339386169,0.8977607919658234,0.007339933349262084,False,0.008097960645403445
CAH,265,0.4981994383785141,Cardinal Health,Health Care,SP500,233.72500610351562,0.001220886134033039,0.052891257547544646,-0.025870947218815887,0.002131526294516295,0.09133197929166958,0.572289156626506,0.6124497991967871,0.6546184738955824,-0.2391127008032129,-0.05768754706209489,0.5393362084542384,False,0.02696141440085076,True,0.005737003512445549,0.074271344060582,-0.005704278049241007,0.01902141256271639,False,416.6364002077411,True,True,0.9683753520592222,0.7398983249136791,0.0010709389881142783,False,0.004949601892764928
PNW,266,0.49780991405136676,Pinnacle West Capital,Utilities,SP500,98.04000091552734,0.0,0.0537403262123739,0.0,-0.07324169914332024,-0.03211160540477398,0.6827309236947792,0.3614457831325301,0.36947791164658633,0.05480515813253012,-0.09544253019039894,0.1645172685283527,False,0.03775134030239946,True,0.006871589044265214,0.0004390793810220561,-0.0068246925616283205,0.025307633106687044,False,112.28067909547897,True,True,1.0160751227129714,1.2026665758005814,-0.015809904501054795,False,0.037457483494582985
ORCL,267,0.49233764695880294,Oracle Corporation,Information Technology,SP500,142.38999938964844,-0.016439903381734178,0.03707207738350782,-0.12386170535083807,-0.009254117866394074,-0.0019183694031204013,0.09437751004016064,0.5763052208835341,0.43373493975903615,0.5431020958835341,-0.5406918904551898,0.23828160739980286,False,-0.006482049504320075,False,-0.018594263253851495,-0.11913264142439572,0.018946560589202077,0.004444733832336567,False,4234.322277198784,False,False,0.7930190061139932,0.6831972999800353,-0.005802387040748869,False,0.02540805628444871
OKE,268,0.4914539205207929,Oneok,Energy,SP500,89.20999908447266,-0.00022418773628096744,0.04620619909132628,-0.08511950435773696,0.00864447687859271,0.05284619461405704,0.22088353413654618,0.6244979919678715,0.5903614457831325,-0.10987700803212852,-0.08511950435773696,0.4400055615345746,False,-0.018840131153791573,False,-0.030800171686200084,0.04154987706973223,0.03177896939972191,0.00430745837603963,False,334.87967680663115,False,True,0.8382317980887661,0.7669647185983968,-0.01098289050840251,False,0.0073102143479829825
WELL,269,0.4914427619753207,Welltower,Real Estate,SP500,225.44500732421875,-0.0014837074005195072,-0.020826086060390048,-0.04975760874934143,-0.025090126991050177,0.10927522815584467,0.41566265060240964,0.5381526104417671,0.6887550200803213,-0.3407536395582329,-0.10224911001236392,0.37859514665174254,False,-0.023638657294628773,False,-0.037027133435841186,0.05588850189315964,0.03845085850440655,-0.010588694229899942,False,641.8138308199696,False,True,0.6616034393703928,0.7393157036482771,-0.008149509911589803,False,0.006420287105902828
ABT,270,0.49093254317673923,Abbott Laboratories,Health Care,SP500,98.80999755859375,0.0066217794644936046,-0.000202410928769714,-0.06358983413513564,0.05418160424276541,-0.033033385492332146,0.3232931726907631,0.7228915662650602,0.3674698795180723,-0.11304593373493976,-0.24708533292251522,0.20536265888110106,False,-0.022733031592126696,False,-0.0720602170987591,-0.0385412289225765,0.07765613504947488,-0.006192607513294868,False,877.5700466358002,False,False,0.6328927965128014,0.9753096994376423,0.024449814659194047,False,0.01661368901223704
TYL,271,0.48932857184787537,Tyler Technologies,Information Technology,SP500,333.1300048828125,0.006708776392780003,0.04560577056164883,-0.042234495233372304,0.07112309707927711,0.016011955355058616,0.46987951807228917,0.7690763052208835,0.4979919678714859,-0.02193931977911645,-0.3577473957184195,0.2101936941126803,False,-6.302733436547303e-05,False,-0.01163265921888501,-0.03062578593261034,0.011769570623096026,0.012780415484561214,False,289.8047233604443,False,False,0.7831432261618548,0.4936301931514118,-0.007796733435953107,False,0.0031213234958823153
CCEP,272,0.4889221578855746,Coca-Cola Europacific Partners,Consumer Staples,NDX,101.88999938964844,0.001769740505319417,0.001769740505319417,-0.043735368640446914,-0.030450062420341095,0.05705609631096853,0.4598393574297189,0.5220883534136547,0.6004016064257028,-0.20838039658634533,-0.0879061836478805,0.21358032533220062,False,0.001538327899285985,True,-0.03326135613583059,0.03512769676916716,0.034405737628198096,0.0025811009905809534,False,188.86360460745942,False,True,0.7851325506970035,0.8350862970455543,0.003981897384154998,False,0.017842509408765327
TJX,273,0.48818359375,TJX Companies,Consumer Discretionary,SP500,,,,,,,,,,,,,False,,False,,,,,False,1085.3463462851855,False,False,0.9203540654199247,0.9779874424721765,,False,
LMT,274,0.4881791278015287,Lockheed Martin,Industrials,SP500,509.260009765625,-0.0016858491331337433,1.9655897152581758e-05,-0.05015389988618302,-0.01128798224902905,-0.17937251530196807,0.40763052208835343,0.572289156626506,0.12449799196787148,0.07619540662650603,-0.23782413673155,0.1805427370592534,False,-0.023286270055127734,False,-0.0742017646321641,-0.08666416029688961,0.08014895880924033,-0.005238410615032385,False,601.9422167715771,False,False,0.39057837103203125,0.7020107501541786,-0.0021955522777149517,False,0.021563695950191353
DRI,275,0.48639219175087456,Darden Restaurants,Consumer Discretionary,SP500,201.64500427246094,-0.0073594325178661935,0.043441160530198974,-0.05295413297692231,0.006714933600652895,0.046975877339968,0.38353413654618473,0.6224899598393574,0.5742971887550201,-0.0493850401606426,-0.11434903918147266,0.2196058058927557,False,-0.016932899669176993,False,-0.04770021344763331,-0.003999473607029014,0.050089492952973824,0.0019794432640052317,False,241.25205550444701,False,False,1.1491712766702746,0.7816133754233305,-0.012897485109084839,False,0.007136542907656739
DGX,276,0.48408203125,Quest Diagnostics,Health Care,SP500,,,,,,,,,,,,,False,,False,,,,,False,233.65903700667403,False,False,1.055180223230949,1.2398498061012908,,False,
JBL,277,0.4797067048435678,Jabil,Information Technology,SP500,301.54998779296875,-0.02470977259326279,0.051209660432084414,-0.034514773613652516,-0.09291407020109732,0.05064855912610167,0.5140562248995983,0.2751004016064257,0.5883534136546185,0.19697540160642568,-0.21786389526210836,0.5677596374468872,False,-0.01094507215760665,False,-0.047332402111994076,-0.004414394688820544,0.04968406841686068,-0.009997177326195983,False,371.6359885263306,False,False,1.095974177066802,1.0351271117219172,-0.02868784581373529,False,0.024406302990198105
LDOS,278,0.47840120562896743,Leidos,Industrials,SP500,115.56999969482422,-0.009598103720534379,-0.05138309153858012,-0.1028680168112257,0.08746331657699824,-0.2756790990643785,0.13453815261044177,0.7951807228915663,0.050200803212851405,0.23268072289156627,-0.4141400636154232,0.15945341245604872,False,-0.07139256571269315,False,-0.11316870275088486,-0.20494211049009514,0.12761018144254233,-0.03586578742444346,False,175.14892313534867,False,False,0.6656911659750729,0.7249065832497377,0.01139767052732732,False,0.01067625785888163
CINF,279,0.47797587780557715,Cincinnati Financial,Financials,SP500,163.60000610351562,0.003188645245415511,0.026542078910259947,-0.027239797040898073,-0.062117897340841055,0.013380372479566471,0.5582329317269076,0.40160642570281124,0.4899598393574297,-0.12769044929718876,-0.1431929619282024,0.10496627756067256,False,-0.008353540378952085,False,-0.033487055823348766,-0.012357513114690688,0.0346472916116769,0.004632672022215845,False,99.16318341105652,False,False,0.48228156268813827,0.755759797794723,0.0,False,0.00860928013735826
INVH,280,0.4774104861988276,Invitation Homes,Real Estate,SP500,26.354999542236328,-0.0013262541955888496,0.0009494727915955181,-0.055566878865959346,-0.09254681317849933,0.043177739840073226,0.3674698795180723,0.27710843373493976,0.570281124497992,-0.006094691265060237,-0.12873809681595794,0.11737996196045963,False,-0.012026948701536977,False,-0.06853669994766576,-0.03332325778634293,0.07357960312962941,-0.0015076540241181213,False,128.24263064153138,False,False,0.6947738130277925,0.8737215336911248,-0.010988973659941226,False,0.011782509532603683
ED,281,0.47718744180350436,Consolidated Edison,Utilities,SP500,104.95999908447266,-0.001522104812868963,0.026905391102951093,-0.030571697249662022,-0.04034791661173398,-0.06042765025930352,0.5441767068273092,0.4779116465863454,0.30120481927710846,-0.043572728413654616,-0.07580780980499835,0.12830325783189833,False,0.005855344079450209,True,-0.0129579385789379,-0.015850867767576604,0.013128051058211465,0.009086213884346828,False,234.58189654276808,False,False,0.8387396333953104,1.0400749345892393,-0.013508426191379819,False,0.00918411522881998
INCY,282,0.476490766493393,Incyte,Health Care,SP500,113.19999694824219,0.004169196995590152,-0.06716111766261756,-0.09003219003423235,-0.044886937609742605,0.1805193207714464,0.19076305220883535,0.46586345381526106,0.7871485943775101,-0.45601154618473894,-0.12876161525911878,0.3508352365849665,False,-0.06937744469255025,False,-0.08040003431191545,0.056995563641296654,0.08742935766831672,-0.034661400834220646,False,188.07968644852448,False,True,0.656228261570335,1.174803890228777,0.0007983352719831416,False,0.030972989567874344
WBD,283,0.475390625,Warner Bros. Discovery,Communication Services,SP500,,,,,,,,,,,,,False,,False,,,,,False,1201.9724526484158,False,False,2.0550125709536036,3.331372744845052,,False,
DG,284,0.47436535456341494,Dollar General,Consumer Staples,SP500,123.19499969482422,-0.0006083958001503742,0.03535027275107239,-0.03177300310487852,0.0697933616744768,0.01128511827009615,0.5301204819277109,0.7590361445783133,0.4859437751004016,-0.14135448042168675,-0.19976502529296014,0.3087549786241641,False,0.008288162961854972,True,-0.003926203990174626,-0.016955223063686464,0.003941679829248201,0.014971995248288739,False,285.65227337255095,False,False,0.8370567323231914,0.678829903821904,-0.020280685228205697,False,0.02159434040725848
COR,285,0.47275570275051826,Cencora,Health Care,SP500,318.6700134277344,0.007270026696731824,0.061348920658565786,-0.018540727981786964,0.05563704258070823,-0.015100619866670217,0.608433734939759,0.7248995983935743,0.40160642570281124,-0.14424102660642568,-0.14457310489572361,0.2662156371191504,False,0.016624222781249864,True,0.0029471348961671584,0.005839292835606136,-0.002938474814499936,0.01872743654467013,False,419.7284437931738,True,True,0.8780851353593072,0.7595164868125984,-0.005499858587191486,False,0.005920362815019806
MRSH,286,0.4723095253999871,Marsh McLennan,Financials,SP500,172.41000366210938,0.003901235283074289,0.015730019920748406,-0.03935535222962028,-0.025717250194075114,-0.002935231737529631,0.4879518072289157,0.536144578313253,0.43172690763052207,-0.18651167168674698,-0.1489523336082521,0.10854693928327763,False,0.000503715747607103,True,-0.05301715109201344,-0.01343308307475044,0.05598533400383143,0.0069364614695852644,False,432.79455364096924,False,False,0.5518749320504388,0.77713190625536,-0.011529119151023504,False,0.008162014619376117
DUK,287,0.4688730349826727,Duke Energy,Utilities,SP500,115.66999816894531,8.641281791010869e-05,0.014560091234199879,-0.04594193164769689,-0.06844171786077113,-0.10565865888008963,0.4457831325301205,0.3855421686746988,0.23293172690763053,0.004682793674698815,-0.1181229477921224,0.041208115011375446,False,-0.0019328119942241262,False,-0.0339840075783181,-0.054835533733701425,0.03517954966058534,0.00705468362653261,False,505.1511567660983,False,False,0.6345974761945536,0.8525035256878637,-0.010634647397443797,False,0.020826171584387987
TAP,288,0.46780954463013336,Molson Coors Beverage Company,Consumer Staples,SP500,37.01499938964844,0.0028447451278894587,0.014943738708621979,-0.046987661065131414,-0.03339061309265867,-0.13679275370144794,0.43373493975903615,0.5140562248995983,0.178714859437751,0.16639997489959835,-0.29597345042851375,0.029624439613555875,False,-0.010247827282908184,False,-0.06741625540197604,-0.12369406595538801,0.07228976034858392,0.004312968373743065,False,153.51361947857055,False,False,0.6271409464514751,0.7040935163072599,-0.013817348242795013,False,0.018001844448205906
KLAC,289,0.4672810318896554,KLA Corporation,Information Technology,SP500,194.2655029296875,-0.016177978707398344,-0.0034088635462012906,0.02796860684539748,-0.15264434412317573,0.16443618604734533,0.7931726907630522,0.11244979919678715,0.7630522088353414,-0.012550200803212855,-0.3553906520641307,0.987417874747746,False,0.04167564465369655,True,0.03863061697640435,0.08712011522433993,-0.03719379762640096,-0.010020924042482449,True,1805.4701052028233,True,True,0.5871999791071303,0.7096920389256636,-0.02965162963258894,False,0.07474796995621026
KVUE,290,0.46593247991967873,Kenvue,Consumer Staples,SP500,17.55500030517578,-0.001989758221062843,-0.005945613994538856,-0.03401501054264444,-0.0634788566107185,0.04838037629662506,0.5180722891566265,0.39357429718875503,0.5823293172690763,-0.18064445281124497,-0.09417676939559594,0.3195828576651427,False,-0.003836461035675809,False,-0.04143684795060598,0.0003326411689579256,0.04322808347265861,0.0004421612270206765,False,411.376413869852,False,True,0.6182634127614522,0.5427768131408869,-0.007390623478539804,False,0.0040322693326067666
DVA,291,0.46591796874999997,DaVita,Health Care,SP500,,,,,,,,,,,,,False,,False,,,,,False,153.4810017665941,False,False,0.8176505216225862,0.5933884090310773,,False,
ZBH,292,0.46524448347826786,Zimmer Biomet,Health Care,SP500,89.36000061035156,-0.0035682392254157147,0.005966438909962735,-0.04908284421199538,0.004095218239040799,-0.03415234632920228,0.42168674698795183,0.6184738955823293,0.3654618473895582,-0.020197979417670653,-0.13140149181940652,0.12884507811111545,False,-0.03000700289985614,False,-0.06612714452223489,-0.016425161947068556,0.07080957984200587,-0.009166685982300637,False,201.88966626059752,False,False,0.9525437229892826,0.7828867249550093,0.01929084914191015,False,0.0069305690308999685
L,293,0.46412056998153906,Loews Corporation,Financials,SP500,106.25,-0.0019725632752075617,0.017427939188984443,-0.018475750577367167,-0.07677331531216902,-0.03114137743027756,0.6124497991967871,0.3433734939759036,0.3714859437751004,-0.10389213102409639,-0.10963518275961559,0.08890038450543791,False,-0.004012072577470938,False,-0.03422183445124227,-0.02438254260901218,0.03543446691176477,0.003031667857810394,False,93.16764735258484,False,False,0.6644847183601037,1.0480868796232865,-0.005917689825622574,False,0.006615606104232652
PPL,294,0.46386541630230604,PPL Corporation,Utilities,SP500,33.689998626708984,-0.0002967992879533421,0.02432347983905192,-0.03163586583780653,-0.047386005136046516,-0.1253333246179933,0.5321285140562249,0.45582329317269077,0.19076305220883535,0.07887016817269077,-0.13983420663483181,0.053800417588248495,False,0.018871310089604743,True,-0.012178154388959195,-0.05313803913640214,0.012328290210494641,0.017800952141437953,False,254.2824452219554,False,False,0.7997612242623353,0.8122637408869536,-0.016617251056767368,False,0.004509952122439915
SW,295,0.4627510672731247,Smurfit Westrock,Materials,SP500,41.82600021362305,-0.013305005523616908,-0.05156458819000831,-0.054993181206832054,-0.018204228520823595,0.009686677112451081,0.36947791164658633,0.5542168674698795,0.4759036144578313,-0.13718938253012047,-0.17651327894761315,0.31342175978236675,False,-0.05349198309992553,False,-0.09325405232454886,-0.020631708047956998,0.10284474120189513,-0.0323160802099679,False,202.21960925694083,False,False,0.6021545681572024,0.7514809143607382,-0.001651325686060634,False,0.005612657578567342
CIEN,296,0.46259011600838834,Ciena,Information Technology,SP500,423.4700012207031,-0.04548629089013312,0.20365525667917894,0.24079226059430447,-0.08407231782902091,-0.14279064624295457,0.9819277108433735,0.3152610441767068,0.16666666666666666,0.3015891691767068,-0.32460924845182915,1.7955506546381312,False,0.16728986341467866,True,0.12408315053343677,0.07347391471022147,-0.11038609597034943,0.07959588296906173,False,903.8763791334412,True,True,0.9761441775522749,1.1689017323831987,-0.11285925394580631,False,0.08405531649416921
SNA,297,0.4620302024630782,Snap-on,Industrials,SP500,365.9949951171875,-0.0070941926108728515,0.007279452234048689,-0.03655104134767062,-0.07940460059585386,-0.02585469344363478,0.5060240963855421,0.3353413654618474,0.38755020080321284,-0.049424259538152604,-0.12173382397817334,0.148416074939292,False,-0.011705113961534619,False,-0.05390799061610885,-0.026550601255504902,0.05697964899969343,-0.005402758860950985,False,110.61375268865234,False,False,0.492835685453841,0.6751624409997145,-0.0004883011392368131,False,0.01191541999548943
WMB,298,0.460903720729693,Williams Companies,Energy,SP500,71.83999633789062,-0.007597776714948545,0.05693681105906356,-0.04573797726341533,-0.04093181520956635,-0.0015609272168511934,0.44779116465863456,0.4759036144578313,0.43775100401606426,-0.1178463855421687,-0.08191375721650629,0.30999682733591305,False,0.01365479935175995,True,0.0007651302099183077,0.019602211667618885,-0.000764545233263525,0.015004317099512887,False,506.7157971544293,True,True,0.7657013670432924,0.7899545288425173,-0.023760204934455076,False,0.013105687246947826
TKO,299,0.4608447398464827,TKO Group Holdings,Communication Services,SP500,176.5800018310547,0.0006800131056441394,-0.017471619009129635,-0.09224326617583489,-0.057800711285396655,-0.09670380930250089,0.1686746987951807,0.42971887550200805,0.23694779116465864,0.15628137550200805,-0.20558797049670197,0.01638775101530343,False,-0.04288286351597148,False,-0.05702300044895514,-0.09285410021490947,0.060471252719953794,-0.012350038039843358,False,208.60199272176698,False,False,0.5666867334189737,0.763514552624753,0.004590261406411278,False,0.003227094107315515
WTW,300,0.4569238015570346,Willis Towers Watson,Financials,SP500,294.1400146484375,0.007397779234313839,0.02050447016910284,-0.09288183129377825,0.020723643138668146,0.018485878285274593,0.15863453815261044,0.6586345381526104,0.5080321285140562,-0.2866779618473896,-0.15859779976499633,0.22334400681532363,False,-0.021950709070971408,False,-0.08582487277755257,-0.006922198300362337,0.09388231009775505,0.004138481054997367,False,173.1499877007324,False,False,0.6158420434891174,0.7742916224296391,-0.005171620346626105,False,0.01568014739085671
NXPI,301,0.45641849150634795,NXP Semiconductors,Information Technology,SP500,239.08999633789062,-0.02164665045922476,0.006567581217576057,0.07279174142853617,-0.173381047812322,0.17971581719459118,0.8835341365461847,0.08835341365461848,0.785140562248996,0.07077528865461848,-0.2756168282108584,0.32098943098992416,False,0.022458444669939848,True,0.03711714232192653,-0.02032287265421051,-0.03578876561506594,-0.0005453635240757482,True,813.5711749432336,True,False,0.8492801053712992,0.49550841711309235,-0.02430641755758478,False,0.013580535331987791
HAL,302,0.45558491526590233,Halliburton,Energy,SP500,32.77000045776367,0.0015280939851833875,0.030503183772805365,-0.1095108386643211,-0.03510881796025944,-0.12534010895501035,0.11847389558232932,0.5040160642570282,0.18875502008032127,0.35753168925702816,-0.23075513065181197,0.5322425740371177,False,-0.017847742738836936,False,-0.034180306774895364,-0.07012181836306142,0.03538994598542411,0.005459930342337049,False,350.63800614390493,False,False,0.7139572823954069,0.6556465323806595,-0.006723753438124036,False,0.011722716197937012
ARE,303,0.45159729138327503,Alexandria Real Estate Equities,Real Estate,SP500,45.79999923706055,-0.002613217261971057,-0.03497682004707847,-0.08429001710044981,-0.0416286110162547,0.05041572374882608,0.23092369477911648,0.4738955823293173,0.5843373493975904,0.022723707329317278,-0.3782627599320212,0.1655689759818637,False,-0.07849437560087391,False,-0.08253489477071585,-0.062123238752087806,0.08995970996639646,-0.03155806594923449,False,99.29481820011368,False,False,0.881217900412684,0.9406105027388318,0.004355417485071067,False,0.009764278302095577
ZTS,304,0.450410348551464,Zoetis,Health Care,SP500,71.69000244140625,0.005046973238613139,0.02663612432449325,-0.02542135915241117,-0.03849567179633273,-0.3945407875185305,0.5763052208835341,0.4899598393574297,0.01606425702811245,0.2848817143574297,-0.5047321235718797,0.03748196851632568,False,0.0010822367274025968,True,-0.0323930005526879,-0.25930167906847135,0.033477435127267974,0.009521252362663324,False,394.9307618458319,False,False,0.6057948163449608,0.6679548962516553,0.007710576310735906,False,0.012406446639431315
REGN,305,0.44945581215993,Regeneron Pharmaceuticals,Health Care,SP500,738.6400146484375,-0.00010823594576903073,-0.025887882122713313,-0.08844761032949466,0.10712255106587931,-0.045031081387340355,0.19678714859437751,0.8232931726907631,0.3413654618473896,-0.14936307730923692,-0.13308218108463965,0.331159736488873,False,-0.041619043118636956,False,-0.06302039833208395,0.005802668898605923,0.06725909317545598,-0.012911844684982188,False,581.7579826551612,False,True,0.9104675530105459,0.8046063284097633,-0.0009069511272566944,False,0.017977587343441
JPM,306,0.4483344922026817,JPMorgan Chase,Financials,SP500,326.760009765625,-0.013644014218567868,-0.007374739288364962,-0.07105828820181159,-0.02110410106461713,0.07110937182386667,0.28313253012048195,0.5461847389558233,0.6285140562248996,-0.2350652610441767,-0.10074431317322785,0.17224489760169415,False,-0.038834002316569416,False,-0.06381917310481922,0.02469574008693831,0.0681697074661034,-0.016958885285016767,False,2347.9336546095847,False,True,0.9020790387003375,0.7914967433372873,0.004376998950658795,False,0.03593620215263311
SYY,307,0.4481820173840523,Sysco,Consumer Staples,SP500,77.45500183105469,6.462082646496725e-05,0.000598751816829779,-0.022962378470372635,-0.04904692361610097,0.044893058368355554,0.5883534136546185,0.45180722891566266,0.572289156626506,-0.10092714608433734,-0.13212278942976652,0.14164037241188687,False,-0.012688845827061868,False,-0.04200107726897162,-0.01640672427398082,0.043842509915602346,-0.0005034872024638481,False,311.7569499539261,False,False,1.1933677106491114,0.8956466797457342,-0.011362134126435719,False,0.006514904632939257
BG,308,0.44810317378384507,Bunge Global,Consumer Staples,SP500,107.8499984741211,0.004844839599322137,0.008415161772416413,-0.1294696988824714,-0.044798298057400654,-0.1413085656082057,0.07630522088353414,0.4678714859437751,0.1686746987951807,0.10849648594377509,-0.17411144380340315,0.3695237901475694,False,-0.043581992290661065,False,-0.044690517021856,-0.06462292611771148,0.04678119271101,-0.005065884967258016,False,191.90977822429656,False,False,0.6592681722164211,0.9129234097359556,-0.004379029280582203,False,0.00725015280202519
HOOD,309,0.44431268420456016,Robinhood Markets,Financials,SP500,109.05000305175781,-0.026339258466448134,-0.03066663953993054,-0.07064933990845768,-0.05264527431553845,0.5181679002075645,0.28714859437751006,0.44176706827309237,0.9397590361445783,-0.5387016817269077,-0.28473043257554154,0.6735726967917672,False,-0.051504041981839666,False,0.024592121405669465,0.15715720422916668,-0.024001864636564507,-0.03701785335694596,False,2236.2548052531038,True,True,0.6842600566487265,0.8278164706467618,-0.03242860521589008,False,0.0637412375669279
MNST,310,0.4435410366263441,Monster Beverage,Consumer Staples,SP500,43.209999084472656,-0.0009248766595917335,0.03820279176820929,0.0013904416331889102,-0.10491977796605645,0.15011976139103944,0.6927710843373494,0.21887550200803213,0.7449799196787149,-0.08190574799196787,-0.1352812081467335,0.30327252828778484,False,-0.0036202811604393315,False,-0.044407117024098275,0.017089959907658825,0.04647074901374926,0.00503990759071149,False,456.2938626980946,False,True,0.8609413778032767,0.7072697800172695,-0.0016184900537391522,False,0.008635961497663146
ROP,311,0.442764201969167,Roper Technologies,Information Technology,SP500,364.57000732421875,0.006321101227332537,0.04601263736860295,-0.0762358316938111,0.026822712750458333,0.029658258469930976,0.25903614457831325,0.6767068273092369,0.5321285140562249,-0.19438692269076308,-0.29213381814458494,0.16419331512915414,False,-0.006935259044919984,False,-0.06302586327617887,-0.003865309671551853,0.06726531801246094,0.009299445792747107,False,300.62085091163334,False,False,0.7388717333710886,0.8170620027436679,0.005134194201744435,False,0.008251183285053806
CDW,312,0.4411479967248024,CDW Corporation,Information Technology,SP500,135.4499969482422,-0.0016215907987937594,0.05688196845993154,-0.06249999339926393,-0.02933423698507487,0.08028113093715072,0.3293172690763052,0.5281124497991968,0.6465863453815262,-0.0910281752008032,-0.13278465109554083,0.3786911222651792,False,-0.04086844731342354,False,-0.04575931050004822,0.03839086958523019,0.0479536358107171,-0.0005962112802970765,False,240.35727866524505,False,True,0.9419553694578431,0.5690176329134287,-0.0036854131845521776,False,0.003743531119959634
AMCR,313,0.44111164921783913,Amcor,Materials,SP500,41.5,-0.006463980244306833,-0.00860011001200367,-0.06405052193988625,-0.01413901223380154,0.0100899658913991,0.3192771084337349,0.5622489959839357,0.4779116465863454,-0.31079787901606426,-0.1427608519710437,0.1664625879807875,False,-0.017670107638590782,False,-0.06528156835716314,-0.006623594002611477,0.06984089127506121,-0.010962008778794163,False,155.4825942443472,False,False,0.5645355803171933,0.6619299766852005,-0.0007181895850637554,False,0.0103722486659945
ARES,314,0.4404092554694585,Ares Management,Financials,SP500,116.37999725341797,-0.01155088020236883,0.0018076877660551105,-0.1515664987170734,-0.03329078860063106,0.13321218326347584,0.05622489959839357,0.5160642570281124,0.7289156626506024,-0.18120136797188757,-0.3202053159978434,0.24779213279105305,False,-0.047857548889795654,False,-0.11584778291300601,-0.08006119401235756,0.1310269664817314,-0.016983733126040956,False,289.1593663790016,False,False,0.6147555053931192,0.781696579022181,0.0013589575761203676,False,0.006559885203118909
PLD,315,0.4403687456479143,Prologis,Real Estate,SP500,128.17999267578125,-0.003885607930207091,-0.0127849946775217,-0.06703000398270176,-0.08603798678648567,-0.05294119769217376,0.2991967871485944,0.2991967871485944,0.3192771084337349,-0.009396962851405621,-0.13902658107089283,0.1885662314719041,False,-0.0326538754153235,False,-0.06299840301335924,-0.05769323005366356,0.06723404017235368,-0.013238686178402737,False,525.5341079105481,False,False,0.5593455905027894,0.8324085360748018,-0.003341565901893162,False,0.036520067279340984
BKR,316,0.43903866473960357,Baker Hughes,Energy,SP500,57.02000045776367,-0.0019254438700326837,0.03861564431624709,-0.10794740157758509,0.0005203593089730951,-0.09086219694394893,0.12048192771084337,0.6044176706827309,0.24899598393574296,0.2665270456827309,-0.17581251725850666,0.30226215810224466,False,-0.0009023724283415691,False,-0.0574328827142957,-0.037497246281702146,0.060932406468500844,0.0034595451630998753,False,440.74385566130036,False,False,1.0939510370784413,0.6033097833460381,-0.0028006274185317093,False,0.014360927126967142
HSY,317,0.43832742765416505,Hershey Company (The),Consumer Staples,SP500,162.0,0.007462667446939797,0.027853558610798634,-0.06504301953348635,-0.04879830603322455,-0.21274225409763126,0.3132530120481928,0.4538152610441767,0.09437751004016064,0.10225276104417669,-0.30366936698825053,0.028188021637904237,False,-0.025698697826668115,False,-0.07321361651177649,-0.1396575846048792,0.07899729410807299,-0.0012794995223518457,False,238.79328145379395,False,False,0.5978967935848228,0.9234572310623691,0.00018655956920121675,False,0.01006281645524788
DOV,318,0.4373117090337155,Dover Corporation,Industrials,SP500,190.00999450683594,-0.009745728207160687,0.015824599875890355,-0.02428885104706524,-0.09952538948932199,-0.11864535258552855,0.5843373493975904,0.24096385542168675,0.20883534136546184,0.10424510542168675,-0.17955090169714605,0.19108377428080603,False,0.005301336926182065,True,-0.03356397908988773,-0.09123145367128238,0.03472964413958812,0.00013346764802091293,False,225.34210603531952,False,False,0.5711112842656663,0.6809710376007545,0.005211590444823777,False,0.005172285417421117
SYF,319,0.43554406638651383,Synchrony Financial,Financials,SP500,71.3550033569336,-0.011155768629741325,0.0054248573990183235,-0.0924065013463038,0.0013010022706514413,-0.0002240575605583217,0.1646586345381526,0.608433734939759,0.44779116465863456,-0.12398814006024095,-0.18337498253702156,0.1281574506166503,False,-0.024815198528193694,False,-0.06695734547167365,-0.036463241417189374,0.071762362788786,-0.00860404212764887,False,228.72567009912368,False,False,0.6547690909526509,0.6683758428244349,0.005404647586696676,False,0.0044819067394888034
MELI,320,0.43536713638829516,MercadoLibre,Consumer Discretionary,NDX,1839.55224609375,-0.009923489490004878,0.06422926701599518,-0.04500856789422458,0.017547164727976794,0.03593558528292906,0.4538152610441767,0.6465863453815262,0.5502008032128514,-0.24208552961847385,-0.22077964787433868,0.1892554201296961,False,0.02073151981248733,True,-0.011922652803496692,0.0017534054215815331,0.012066517704636404,0.02550916847650675,False,1008.042002450332,False,True,1.180359011429208,1.0638414627749502,-0.006991420999386766,False,0.01742145163097902
FDX,321,0.4344597138554217,FedEx,Industrials,SP500,287.7550048828125,-0.004411285686154565,0.009347955309393807,-0.08036594763312499,-0.0706323498567285,-0.03636105540479673,0.25100401606425704,0.3714859437751004,0.3614457831325301,0.1371109437751004,-0.1487117854294443,0.6167146566415671,False,-0.02581514104117122,False,-0.07502137642323181,-0.03409342096789725,0.08110606506032991,-0.005863575068812077,False,476.4011752169922,False,False,0.9030037513360141,0.8005060184090056,0.0017990831950593922,False,0.01427261821082376
PPG,322,0.434445455713985,PPG Industries,Materials,SP500,105.1449966430664,-0.012908374421071733,0.007811701310342922,-0.04169708828597296,-0.08762547531764309,-0.03603936066030944,0.4759036144578313,0.2931726907630522,0.3634538152610442,-0.01932730923694781,-0.18591722297215396,0.13671147946571716,False,-0.0050130457361105,False,-0.0465019039229283,-0.05261756964891684,0.048769792109967236,-0.004975123637110168,False,175.7141253602074,False,False,0.5550287821563631,0.7437532110004901,-0.00535110507686376,False,0.022427932628347875
INTU,323,0.4344050850579738,Intuit,Information Technology,SP500,291.8500061035156,0.007039124123071172,0.058539824992404066,-0.08490887402927538,0.06756163907678792,-0.24508046912119785,0.22289156626506024,0.7570281124497992,0.07028112449799197,0.22577811244979917,-0.5689280362219158,0.14926411203765877,False,-0.013476988711584537,False,-0.09485743096942989,-0.24419941278210022,0.10479833146177686,0.019614567619843593,False,1223.631433012519,False,False,0.8838960511708939,0.7375921125553864,0.006832100351982451,False,0.02503125983296555
TROW,324,0.43369403774371684,T. Rowe Price,Financials,SP500,102.95999908447266,-0.006177600377168968,-0.010475770642149329,-0.04733286624181343,-0.10943324781274466,0.14902134776816012,0.43172690763052207,0.20481927710843373,0.7429718875502008,-0.34205572289156627,-0.14331988837845644,0.2239429558292405,False,-0.012754088016230347,False,-0.04887319390259515,0.013328734048730029,0.051384519487078784,-0.010784832333580074,False,172.21418520308137,False,True,0.5545677794011686,0.8612173155707241,-0.009652509794677244,False,0.015582497579110767
TSN,325,0.4314857084588354,Tyson Foods,Consumer Staples,SP500,51.75,-0.004233234857333068,0.024144097569283707,-0.010137696856771128,-0.09490356045222959,-0.1852536025749585,0.6445783132530121,0.26104417670682734,0.11847389558232932,0.09698167670682734,-0.2338421792890193,0.056185433371560345,False,-0.0007819906631415519,False,-0.0512589191785594,-0.12317495789574306,0.054028354220920116,0.004013042493198116,False,181.19252962145384,False,False,0.5548912149325222,0.7798770318373036,-0.0017317712232809424,False,0.017194337992393952
AWK,326,0.4306925661314613,American Water Works,Utilities,SP500,127.91999816894531,-0.0009371690368598085,-0.011971908837133394,-0.0887591272294701,-0.013628001344127783,-0.04889982706681706,0.19477911646586346,0.5642570281124498,0.3253012048192771,-0.24433672188755018,-0.09640515760646495,0.06307987829451012,False,-0.038112327777770405,False,-0.05368484518344063,-0.02044022266083545,0.05673040837420307,-0.011847056952007384,False,279.89454661718446,False,False,0.657797098058734,0.8219715613449395,0.00023441143126956554,False,0.01610442086861837
MAS,327,0.42996584371761243,Masco,Industrials,SP500,69.04499816894531,-0.012655543148409887,0.02440647783123251,-0.02657552697194787,-0.09514894668778617,0.11971467515451817,0.5622489959839357,0.25903614457831325,0.7028112449799196,-0.22338573042168675,-0.16216278520100202,0.1890758444534375,False,0.008511967035323087,True,-0.03265432179197314,-0.009387264090402803,0.033756621368758344,0.0045595340540678375,False,165.1467550380542,False,False,0.6215667070008903,0.6246444338580343,-0.02102103838535696,False,0.029013780746317
AZO,328,0.4279862140092629,AutoZone,Consumer Discretionary,SP500,2893.159912109375,-0.0018664914500625684,0.022310758278163423,-0.0198028171693565,-0.038941793140407244,-0.16501632956846546,0.6044176706827309,0.4839357429718876,0.14056224899598393,0.24174824297188757,-0.2940017226992736,0.036220915158984734,False,0.010928608281181917,True,-0.020136156453687937,-0.12021713877528595,0.02054995353314748,0.012198445435791738,False,870.9599885771142,False,False,0.9189208337730775,0.660406751774963,-0.0260163302840849,False,0.004910207624006943
LUV,329,0.42778117257335796,Southwest Airlines,Industrials,SP500,41.75,-0.016490005897728532,0.002641705378576553,0.07964835730269426,-0.14779464805191733,0.042790026462036224,0.8995983935742972,0.12449799196787148,0.5682730923694779,-0.10401763303212852,-0.22790692424473302,0.4322583566415583,False,0.014975441020117275,True,-0.003641469086105298,-0.03315017218472738,0.00365477784665047,-0.003426645350343205,False,214.08258750608337,False,False,0.6706585132400547,0.8609122119525718,-0.0025912981949248737,False,0.013433600039245128
AOS,330,0.4256256249797578,A. O. Smith,Industrials,SP500,56.15999984741211,-0.013005301557509341,-0.00372536967272985,-0.0452227110032809,-0.042696110325676995,-0.1489994244968278,0.45180722891566266,0.46987951807228917,0.15863453815261044,-0.006682981927710829,-0.2938821889852773,0.012909254671286563,False,-0.018953627645305837,False,-0.06072085137303618,-0.1179257838026303,0.0646462252055715,-0.014248129900682027,False,87.31523732571044,False,False,0.5655134738061477,0.7922861171868022,0.005975397952023842,False,0.007920744373300212
DPZ,331,0.4247605720260073,Domino's,Consumer Discretionary,SP500,305.3699951171875,0.008254366692985515,0.01922502602463738,-0.08393164141192433,0.02119947690689261,-0.17829564054312308,0.23493975903614459,0.6626506024096386,0.13052208835341367,0.04546310240963858,-0.29127426461578565,0.0856040212972875,False,0.014979460447782644,True,-0.0667812087177505,-0.12217359764881064,0.07156007716689095,0.017159366571243284,False,253.91896861910644,False,False,0.7413169928299292,0.6697183618248593,0.006669592775172095,False,0.014507831917230218
IDXX,332,0.42370118073098845,Idexx Laboratories,Health Care,SP500,513.72998046875,-0.0032595269073502076,-0.016201041638298164,-0.012456587205555314,-0.08032580930588407,-0.13197830974989755,0.6305220883534136,0.3253012048192771,0.1827309236947791,0.1573324548192771,-0.3299290637860697,0.017891753602761185,False,-0.00553442095744705,False,-0.051317503320509106,-0.12228377965757464,0.05409344380245962,-0.010753628495739131,False,293.3622604555542,False,False,0.6393699734892236,0.6412415775453806,-0.004074379029038733,False,0.04161919172305652
DASH,333,0.42071215810823936,DoorDash,Consumer Discretionary,SP500,191.9199981689453,-0.008780069161830495,0.04560062641256013,-0.042506506529062515,-0.0022355493679522276,0.19434933880797423,0.4678714859437751,0.5943775100401606,0.7951807228915663,-0.3724193649598394,-0.3171321597412049,0.30914045142282487,False,-0.0011748971588272372,False,-0.06977105827237162,0.030655852950327578,0.07500417923225688,0.009525034953431266,False,859.3957502309274,False,True,0.9019500143603082,0.6842114344803764,-0.009864623755228896,False,0.010456134036015441
ACGL,334,0.41784628433087184,Arch Capital Group,Financials,SP500,94.62000274658203,-0.002109227471903341,0.024469490269548366,-0.011388531483827569,-0.06961646424889623,-0.04036506885528668,0.6385542168674698,0.37751004016064255,0.3514056224899598,-0.22014620983935745,-0.11138242145424648,0.11685554040643265,False,-0.007890084689339383,False,-0.03059831139492164,-0.017930877491047936,0.03156412017287802,0.0006862690645150771,False,287.47616837305225,False,False,0.7186801320750458,0.7991245576778138,0.0,False,0.008657594870520749
REG,335,0.41773854490542817,Regency Centers,Real Estate,SP500,71.30999755859375,-0.001540193407613244,-0.00792987919594157,-0.05133497277803867,-0.09325110831672645,-0.06611230699258941,0.39558232931726905,0.2710843373493976,0.2991967871485944,-0.060946912650602425,-0.12878409528363532,0.10489626552092557,False,-0.02163962763005134,False,-0.04713782610424566,-0.05005238451083416,0.04946972122056614,-0.008650101888604156,False,96.1998221690808,False,False,0.48553257109130793,0.7662036072578269,0.0,False,0.007798890263254386
UNH,336,0.4175678140991385,UnitedHealth Group,Health Care,SP500,376.625,0.0008104609636618854,0.026002543796691757,-0.05462504352957809,-0.12216430483510521,0.2455336390267573,0.37349397590361444,0.1746987951807229,0.8473895582329317,-0.1690512048192771,-0.13155932739386555,0.4713475107293783,False,0.0028092354900082217,True,-0.0329575653240336,0.06589916513408989,0.034080785022714055,0.004939193255055763,False,1746.7101304981834,False,True,0.829167194304802,0.8111506852773894,0.007201295180522704,False,0.021784449926247507
BNY,337,0.41703969355243553,BNY Mellon,Financials,SP500,142.5,-0.008557682906153441,-0.014727268276996552,-0.12496165391962066,-0.06037568753483136,0.12267534604396713,0.09236947791164658,0.41164658634538154,0.7108433734939759,-0.39499403865461846,-0.1355253387175397,0.3880357332758235,False,-0.05350832279555162,False,-0.08981163749456145,0.043590152475659893,0.09867368249725872,-0.02122041748848369,False,484.1259943563843,False,True,0.7319752331012123,0.9915418774323815,0.0026438801510357823,False,0.008540289238669977
AEP,338,0.41681372668091726,American Electric Power,Utilities,SP500,121.52999877929688,-0.0011506484076216905,0.02435940158897698,-0.031015782542178516,-0.0851307543528308,-0.0843695971145294,0.5401606425702812,0.3092369477911647,0.26907630522088355,-0.057950552208835326,-0.11705778087294616,0.09340229878903417,False,0.010661287007057041,True,-0.011251762005301535,-0.033841604765271094,0.011379804861267218,0.01084898902097442,False,467.42748497667236,False,False,0.7067960043618916,0.8505037708161206,8.220708786876862e-05,False,0.018625820780771008
SHW,339,0.414508158642635,Sherwin-Williams,Materials,SP500,315.82000732421875,-0.01662721471229278,-0.023045695371177954,-0.03149433938178903,-0.04662230377906906,-0.054515604143807184,0.5341365461847389,0.4578313253012048,0.3152610441767068,-0.1984186746987952,-0.14634320372208187,0.0803753339115496,False,-0.022145827501152793,False,-0.06521274686553125,-0.04827069121678007,0.06976212678003901,-0.01704105768973574,False,568.82689636875,False,False,0.6285566390058761,0.7097444490482429,-0.0024910272182852022,False,0.04350274820804978
OMC,340,0.411925195742648,Omnicom Group,Communication Services,SP500,75.22000122070312,0.0015979061121202953,0.021594513467285914,-0.06331235566790772,-0.05983588001508189,-0.0008338515347002806,0.3253012048192771,0.41566265060240964,0.4457831325301205,-0.24254047439759036,-0.1455647561308313,0.15314765281764697,False,-0.01258997763758618,False,-0.06868202767177867,-0.020470936653348426,0.07374713010217016,0.0012716902343403724,False,226.5558250894922,False,False,0.5285034781856144,0.6648041516685104,0.003728346005138272,False,0.0065073148872354086
DLTR,341,0.40831925231166605,Dollar Tree,Consumer Staples,SP500,116.19000244140625,0.0,0.019031800230032703,-0.06328602399371985,-0.03911673667849769,0.10007573773866696,0.3273092369477912,0.4819277108433735,0.6746987951807228,-0.3188535391566265,-0.17718294088859288,0.3662982266053958,False,0.014250499445373377,True,-0.05931212877943659,-0.007606279048752329,0.06305186937562812,0.012870644542270826,False,296.9494927260565,False,False,0.7988563738456075,0.7035764402983136,0.004991773728145299,False,0.007074208708600446
COF,342,0.4072267775740057,Capital One,Financials,SP500,194.2550048828125,-0.007992045668832382,0.0061376573970073345,-0.09209665924813026,-0.025782149708052926,0.017238818236073206,0.1706827309236948,0.5341365461847389,0.5020080321285141,-0.34281657881526106,-0.2380906554324398,0.11174204383779274,False,-0.027603078721428198,False,-0.0756308212615141,-0.04659453102727418,0.0818188479247326,-0.009168867327441266,False,689.6100289572046,False,False,0.6267730916028682,0.8565991815927475,0.0020426610229979936,False,0.01009862678941846
AMP,343,0.4062901555820055,Ameriprise Financial,Financials,SP500,494.5899963378906,-0.004067556177393183,0.004549589126853881,-0.11152026959981609,-0.008047031377203862,0.09897842841044757,0.11244979919678715,0.5783132530120482,0.6726907630522089,-0.35332737198795183,-0.13333216043044183,0.1569403715507054,False,-0.043960173278153825,False,-0.08548779857848798,0.007169941812747549,0.09347912301837669,-0.007806552829278335,False,274.6466102881775,False,True,1.0907276942305533,0.8610045710595354,-0.00275869426229447,False,0.010322094986085132
FE,344,0.4047996294654424,FirstEnergy,Utilities,SP500,44.290000915527344,0.0006778715574315974,0.022155528361520238,-0.04650161059061775,-0.060905403251043655,-0.12080927276055031,0.4397590361445783,0.40763052208835343,0.20080321285140562,-0.05526010291164657,-0.12944701270068404,0.03616755838882968,False,-0.0032183122226461247,False,-0.03616474798664471,-0.05277459406565854,0.0375217112168289,0.008832266125563537,False,195.90076099385178,False,False,0.8109204963672728,1.00147146042373,-0.008811554551250267,False,0.009755481015632356
SNDK,345,0.40167304803893,Sandisk,Information Technology,SP500,1636.14501953125,-0.014643497571914743,-0.05962732945401161,-0.058599284964460985,-0.11953322050367643,1.0952042110114015,0.3473895582329317,0.178714859437751,0.9779116465863453,-0.393550765562249,-0.29929549484743045,12.994910343686234,False,-0.038344086100967845,False,0.046486237707762834,0.40119466308278007,-0.04442126043586281,-0.038958988321558086,False,18318.368966728514,True,True,0.48850292625616903,0.5163562173137571,-0.024667840177473366,False,0.04490409211449604
BXP,346,0.3983321896456795,"BXP, Inc.",Real Estate,SP500,59.564998626708984,-0.003763209322178218,-0.02528231006727999,-0.08353483553276819,-0.09982943889512652,0.1588095079243712,0.23694779116465864,0.2389558232931727,0.7590361445783133,-0.2278410517068273,-0.17433986771338572,0.2000302032494239,False,-0.03846490281776038,False,-0.09096628211451574,-0.028510302150839495,0.10006920571231803,-0.016208726568687992,False,87.77460304840844,False,False,0.678765670210645,0.7499910459575386,-0.004014077183338349,False,0.02648990743028207
CSGP,347,0.39812656624481796,CoStar Group,Real Estate,SP500,27.75,0.004343135826214262,0.01277373672782911,-0.08536585825847376,-0.04933198039436437,-0.28516228186112413,0.21686746987951808,0.4497991967871486,0.04618473895582329,0.3052679467871486,-0.6557071895117973,0.02968457196337715,False,-0.03193734538556592,False,-0.08107714088474605,-0.29775636234533587,0.08823062793628589,-0.0011461007708981619,False,201.30215529630797,False,False,0.629241715745189,0.5404707041151843,0.005067003302550388,False,0.008261403218169058
MCO,348,0.3964735959968908,Moody's Corporation,Financials,SP500,448.82501220703125,-0.007726819642276617,-0.011681660799202631,-0.06737659801136364,-0.07647834850035007,0.007208612559007177,0.2971887550200803,0.3473895582329317,0.4718875502008032,-0.3010479417670683,-0.16268938710319103,0.09604149592756261,False,-0.028158106871215005,False,-0.06276547140884337,-0.04289601993509817,0.06696879969114233,-0.009604531947654094,False,356.5038681665332,False,False,0.6678376440494816,1.2676701136110633,-0.002387727874857415,False,0.023879889083479277
PSA,349,0.39565369593292526,Public Storage,Real Estate,SP500,284.82000732421875,-0.0036032840906216057,0.007000463201684903,-0.04594753345323499,-0.09897533226615818,0.0014319227240289223,0.44377510040160645,0.2429718875502008,0.4538152610441767,-0.0714812374497992,-0.12929390105259264,0.1351627087931675,False,-0.015301311284508845,False,-0.06589991804824824,-0.03365295401178381,0.07054909781246765,-0.001983122790533587,False,261.51311860805544,False,False,0.8025632326032017,0.8422382183626637,-0.009480466668581267,False,0.00795708167957216
DHI,350,0.39424379726567566,D. R. Horton,Consumer Discretionary,SP500,133.88499450683594,-0.020950680023137602,-0.020234171336611873,-0.03325157631360931,-0.1020796808117409,-0.055997201866684554,0.5220883534136547,0.2248995983935743,0.3092369477911647,-0.02314727660642571,-0.19722070319665697,0.016300585332461592,False,-0.03212459698709047,False,-0.06547019834866596,-0.0930919701748667,0.07005683310792099,-0.018896054141888996,False,351.15980749777924,False,False,0.78355656749003,1.355366704401402,-0.033199219642653155,False,0.024969990373149405
STZ,351,0.3931536250850175,Constellation Brands,Consumer Staples,SP500,116.20500183105469,0.004625258671898225,0.027817126661717984,-0.0394693452916427,-0.11567022754539968,-0.21534574048831145,0.4859437751004016,0.18473895582329317,0.09236947791164658,0.10075458082329317,-0.29264368514311456,0.030460275696030825,False,-0.010817100607809271,False,-0.07830353051379624,-0.178382378743694,0.08495587550362016,0.011108298171022435,False,259.134436546199,False,False,0.6350397844999994,1.2771984137518457,-0.01590729114738265,False,0.347919160189421
EXPE,352,0.3910134616085309,Expedia Group,Consumer Discretionary,SP500,257.7049865722656,-0.009093785078433725,-0.02147250567221881,-0.06135495162871951,-0.03623688424904681,0.0917029766035955,0.3333333333333333,0.4939759036144578,0.6566265060240963,-0.4200865963855422,-0.23900423687764238,0.3749165657260185,False,-0.05181180735727764,False,-0.1314486914112899,-0.004867844874588467,0.15134245969288562,-0.02138711842536467,False,557.440559648128,False,False,0.7132997232652994,0.6127038032998029,-0.02333989754017085,False,0.010027360968462557
STX,353,0.390955151250162,Seagate Technology,Information Technology,SP500,793.3250122070312,-0.01527375172374712,-0.13987793101453916,-0.12209366333875793,-0.1079992566338498,0.6009008166815022,0.0963855421686747,0.20682730923694778,0.9477911646586346,-0.2716883157630522,-0.27376786227721495,2.7707372844084817,False,-0.0823248782374294,False,-0.07275646765218435,0.2058494993569555,0.07846532773106785,-0.07807307054013723,False,3722.459719791637,False,True,0.8126060183720775,1.3445938976620806,-0.02653824305603225,False,0.08830730625599024
UBER,354,0.38780494963725876,Uber,Industrials,SP500,69.19999694824219,0.001737045657308478,0.010071446365447212,-0.05373992141086947,-0.06926700244212458,-0.043934794499119856,0.37751004016064255,0.3815261044176707,0.3473895582329317,-0.1340988955823293,-0.3060569985845989,0.04943879869784262,False,-0.011004761000602548,False,-0.053240229377398474,-0.07205522463200043,0.056234148333517586,0.0011006022125721326,False,1306.4442810152368,False,False,0.4479746362630287,0.7349855220640675,0.006948403514999368,False,0.028565116950274503
FRT,355,0.38778991975968397,Federal Realty Investment Trust,Real Estate,SP500,106.01750183105469,-0.0017184098157407846,-0.01038460749604897,-0.08600888949225605,-0.11235439222429544,0.007128574606149796,0.21084337349397592,0.19477911646586346,0.4678714859437751,-0.08256463353413654,-0.15704040015801335,0.16536320176690666,False,-0.030303156335024894,False,-0.07115657389267271,-0.038872467787233966,0.07660771653504783,-0.011628968371360182,False,97.43116618115631,False,False,0.611831462180244,0.8438689492530963,-0.0023540490318643137,False,0.04121965573383834
CCI,356,0.3868341055755279,Crown Castle,Real Estate,SP500,68.65499877929688,0.005492091486587691,0.030082478732419426,-0.08314775529965934,-0.09163709365797756,-0.1760284686977277,0.24096385542168675,0.28112449799196787,0.13253012048192772,0.21862449799196787,-0.2698448683197028,0.038339321346230415,False,-0.021248374849116014,False,-0.05667665693525403,-0.14934655557610588,0.06008189805959674,0.007811344037267132,False,242.19909780064881,False,False,0.7066112556869192,0.7578768300988128,-0.006004628588821226,False,0.020816251175848295
AEE,357,0.3862955982194909,Ameren,Utilities,SP500,101.45500183105469,-0.0022128095342820453,0.02087949924515975,-0.04942379237296468,-0.08584815586250072,-0.08829552204587376,0.41767068273092367,0.30120481927710846,0.25903614457831325,-0.10504518072289154,-0.1364541546784851,0.06523311284081612,False,-8.1291880855483e-05,False,-0.03294930829663989,-0.04811644864133868,0.03407195566822163,0.007939287639787018,False,175.52216134002535,False,False,0.7352763397297154,1.1805017175064307,-0.014653794839668999,False,0.007453768323333541
C,358,0.3848943784209419,Citigroup,Financials,SP500,126.3550033569336,-0.01684563370335379,-0.024134943417678967,-0.07594706537253748,-0.09008080794761664,0.03326723600253367,0.26104417670682734,0.28714859437751006,0.5421686746987951,-0.18355453062248994,-0.12818407053782155,0.37366146287918944,False,-0.04400900261250906,False,-0.054266187859355,0.008445405718556787,0.0573799806697457,-0.021373474143444704,False,1216.40681034558,False,True,0.765506891935849,0.8278548235779117,0.006224735645524948,False,0.009817116617844984
UAL,359,0.3838146563066784,United Airlines Holdings,Industrials,SP500,109.5199966430664,-0.021006579474562748,-0.01288869170355067,0.011825561756827474,-0.15133673728669772,0.1372792645105454,0.7409638554216867,0.11646586345381527,0.7329317269076305,-0.34837788654618473,-0.1953567250609718,0.28529512756471354,False,-0.009375325927394651,False,-0.04956628920921702,0.0038340078690508594,0.0521512322705564,-0.01425607409534524,False,398.17355416304935,False,True,0.8439958907221026,1.0812536874151482,-0.02243677549482459,False,0.04203900056485902
CF,360,0.3834209064078896,CF Industries,Materials,SP500,117.47000122070312,0.012497885016301336,0.019704898720447117,-0.1255118021330499,0.03556618942063139,-0.06026230212185513,0.09036144578313253,0.6947791164658634,0.3032128514056225,-0.22514275853413657,-0.15653049747244474,0.5664375021364634,False,-0.04167141761071935,False,-0.05195093058164957,0.045966966282024346,0.05479772330088628,0.002423341918178057,False,309.5528277442944,False,True,0.8165596280176167,0.7211861739292714,-0.004481957060093467,False,0.013926732074468
CPT,361,0.3830210838312929,Camden Property Trust,Real Estate,SP500,97.52999877929688,-0.00122890675583065,0.008270395891658344,-0.05843360799564379,-0.12974301538454835,-0.02713573560336613,0.3493975903614458,0.16265060240963855,0.38353413654618473,-0.02094314759036145,-0.16149507429390775,0.04116186395509902,False,-0.009092861900939053,False,-0.06055859499304117,-0.06797302957177964,0.06446234397406903,0.0016001886884711158,False,105.22828235199403,False,False,0.7130398360915701,0.8514277090670131,-0.004198706151588905,False,0.009968507404110311
KIM,362,0.3791515608806193,Kimco Realty,Real Estate,SP500,22.059999465942383,-0.0036133661206629863,-0.006753697645811241,-0.07154885296983249,-0.10464160211793283,-0.004603211610634372,0.28112449799196787,0.22088353413654618,0.42771084337349397,-0.12481959086345382,-0.1538557208197724,0.16321836884015517,False,-0.019925825547199794,False,-0.05922320789745805,-0.0349724653300707,0.0629513912275621,-0.007766489878900051,False,115.5766807898082,False,False,0.6144487402593601,0.8197126472065197,-0.006323369173799276,False,0.016862700149875686
XEL,363,0.3786725404642764,Xcel Energy,Utilities,SP500,72.43000030517578,-0.004124887088008289,0.027667378765105388,-0.05028831343468276,-0.07600815222945367,-0.09692485034907139,0.40562248995983935,0.3493975903614458,0.23493975903614459,-0.021696159638554202,-0.11681265911669958,0.04381036089158474,False,0.007728535874026443,True,-0.032685272660646914,-0.058780853804438316,0.033789698158064096,0.011516864586050612,False,404.01384968903733,False,False,1.0059208946546467,0.8365859748573388,-0.001649975815250504,False,0.011198757339093023
NTRS,364,0.3782344853203135,Northern Trust,Financials,SP500,168.35000610351562,-0.006550221682841029,-0.0059635953188240665,-0.0894093376391597,-0.07500787665369901,0.1198733982176603,0.1927710843373494,0.357429718875502,0.7048192771084337,-0.322257781124498,-0.11660281185369525,0.400869472142114,False,-0.0409592957417817,False,-0.0710201148220595,0.03921845601647744,0.07644957221916182,-0.016758853907988813,False,180.44751799982177,False,True,1.0989045010015126,0.8623294156423983,-0.009677796085642676,False,0.009060916603347204
F,365,0.37476478494623655,Ford Motor Company,Consumer Discretionary,SP500,12.199999809265137,-0.006514651909255265,0.011608572535430017,-0.12857144219534733,-0.09389197528809234,0.025252579896176686,0.0783132530120482,0.26706827309236947,0.5220883534136547,0.05027139809236947,-0.29288248583623266,0.1190891487702388,False,-0.05294210931155319,False,-0.10373685956938405,-0.079738877842498,0.1157437530227372,-0.012666232168751845,False,618.7791129798806,False,False,0.869977002379113,0.7412973440973692,-0.006514651909255265,False,0.01236951845136229
HRL,366,0.37423595592045605,Hormel Foods,Consumer Staples,SP500,20.049999237060547,0.008551312045799397,0.005516484456209003,-0.05469117857064487,-0.1660337197074605,-0.04901484769046727,0.3714859437751004,0.0963855421686747,0.3232931726907631,-0.046192582831325296,-0.23461341255939006,0.027882456187526383,False,-0.011755457380579482,False,-0.10224955671839575,-0.11947162400431988,0.113895300730386,-0.0005956255842357594,False,106.38571107862357,False,False,0.5195275299039628,1.0379899482740802,0.010060400974973627,False,0.023704577477656728
TSCO,367,0.37409219792476356,Tractor Supply,Consumer Discretionary,SP500,32.2599983215332,-0.0009291605185342,0.031000235782176366,-0.08586008827959424,0.07844836337055527,-0.2767977317995238,0.21285140562248997,0.7831325301204819,0.04819277108433735,-0.0703830948795181,-0.413931628030495,0.11471746063548705,False,-0.0012848230811252082,False,-0.03608715949166097,-0.17526064702787414,0.037438197703258735,0.010411915094178159,False,338.6449033445839,False,False,0.8972263105619487,1.0493615312905171,0.0009290423798795633,False,0.010338716144591033
SBAC,368,0.37194381103041196,SBA Communications,Real Estate,SP500,170.91000366210938,0.007130269508703879,0.06738701520084955,-0.09422862127959364,-0.05694234586218516,-0.20840730454920153,0.15060240963855423,0.43172690763052207,0.09839357429718876,0.20516440763052207,-0.2262380131136873,0.08157194684935765,False,-0.004328477896388017,False,-0.04616292895052654,-0.09494405859544575,0.04839707991191311,0.027827183446955228,False,175.28157836332701,False,False,0.945742377032251,0.7533218094447828,0.0,False,0.0105479523443012
WM,369,0.3704105610951872,Waste Management,Industrials,SP500,209.02000427246094,0.005483929973405077,0.025009837923254175,-0.035982288068021506,-0.09378092765772772,-0.08890986055034933,0.5080321285140562,0.26907630522088355,0.25502008032128515,-0.12545494477911645,-0.14124387325275178,0.07999442434385706,False,-0.001291250422584378,False,-0.038416451666836826,-0.06254336199790689,0.03995123640938836,0.009348822566561887,False,464.7295430526184,False,False,0.7340196952461308,0.9493901962026232,-0.005820697928832996,False,0.01727791600396109
UDR,370,0.36913895501360283,"UDR, Inc.",Real Estate,SP500,33.810001373291016,-0.0029489376163688297,0.007749691271028647,-0.05984005454845942,-0.13828010486373432,-0.011119356349262977,0.3373493975903614,0.14056224899598393,0.40963855421686746,-0.07037525100401607,-0.170667798008032,0.04409431176345446,False,-0.007961746189175334,False,-0.06205048085690401,-0.07145122737354748,0.06615545889249219,-7.540237702696739e-05,False,126.86399466346062,False,False,0.6455636693125263,0.8592255994553767,-0.000294848763733202,False,0.005087224724254954
DOC,371,0.368343940277238,Healthpeak Properties,Real Estate,SP500,18.93000030517578,-0.0036841944644325775,-0.052078069300845464,-0.0723746641895775,-0.10957670681693232,0.17024626791932862,0.27710843373493976,0.20281124497991967,0.7751004016064257,-0.35187625502008035,-0.16216473578838353,0.2594663762657532,False,-0.054576936059797965,False,-0.08124056572071925,0.022476657461340865,0.0884241975533544,-0.02718523272217166,False,106.3569531409108,False,True,0.8626126979883271,1.0090337494419415,-0.007368388928865155,False,0.014424023778388318
PHM,372,0.3681357739425444,PulteGroup,Consumer Discretionary,SP500,113.3499984741211,-0.02368647748615582,-0.023349983986553968,-0.05389917808944955,-0.08181114147841706,-0.054805104035935304,0.3755020080321285,0.321285140562249,0.3112449799196787,-0.127933609437751,-0.19976111887931092,0.033868582784128076,False,-0.03661338802864855,False,-0.08436035531939257,-0.0863669933867719,0.0921327028700456,-0.02336866482328115,False,182.36535513611005,False,False,0.730632569844836,0.996584957653791,-0.018346229814057646,False,0.03098231551144024
WEC,373,0.36812626008064514,WEC Energy Group,Utilities,SP500,103.01499938964844,-0.0016959302996157888,0.02217702557474821,-0.037782535598615996,-0.09554370606792484,-0.10638514160800461,0.5,0.2570281124497992,0.2289156626506024,-0.030081262550200827,-0.12567958325973072,0.02217702557474821,False,0.0020402578804030735,True,-0.02527385167752383,-0.06193149627443717,0.025929181976928284,0.0071938565850975245,False,270.40113427096986,False,False,0.8916015992350815,0.851988067124011,-0.01279193394315259,False,0.005236979658088974
SYK,374,0.3670969285407761,Stryker Corporation,Health Care,SP500,280.5,0.008267389259699831,0.018555448926083518,0.017936834345870345,-0.13977477008684402,-0.170202479852541,0.7630522088353414,0.13654618473895583,0.13855421686746988,-0.017750690261044172,-0.2698526609826737,0.04314465630076958,False,0.015695226146000385,True,-0.08618225335016971,-0.14267257325547067,0.09431011125153188,0.008936481125983997,False,803.8727823959839,False,False,0.5993104600268365,0.8047642557542044,0.004205545862038251,False,0.012375561367573371
PAYX,375,0.3657221122392798,Paychex,Industrials,SP500,101.4800033569336,0.004553620363822786,0.030253841187143138,-0.13213030794423342,-0.035040291452765215,0.15536169409204237,0.07429718875502007,0.5060240963855421,0.7530120481927711,-0.37874152861445787,-0.2030783235798026,0.2136900229439942,False,-0.05745543614731241,False,-0.12620737871172805,-0.005918793330300209,0.14443630632363869,-0.003544517059204666,False,331.76425166950656,False,False,1.1353194663508948,0.794587327138489,0.005048526560859523,False,0.014453379554947814
BSX,376,0.3627394406254048,Boston Scientific,Health Care,SP500,42.300498962402344,0.002619112095050058,-0.03091643794505894,-0.05957093390625601,-0.059780009240402165,-0.3238411439603667,0.3413654618473896,0.41767068273092367,0.03413654618473896,0.25751443273092367,-0.5970613677865868,0.002619112095050058,False,-0.029827869330790957,False,-0.09416524554631944,-0.30596783153574447,0.10395410982338782,-0.016165776732029236,False,938.0870502563171,False,False,0.8011257151659877,0.6243736099057365,0.006636705454095004,False,0.012897974800640276
IBM,377,0.360263647837317,IBM,Information Technology,SP500,221.9499969482422,0.0029825282757180993,0.009184760331615305,-0.043689945924623164,-0.24299979672069794,-0.06847263727249386,0.46184738955823296,0.040160642570281124,0.29518072289156627,-0.018433107429718876,-0.32101525565681555,0.086368998517099,False,-0.03539213991000645,False,-0.042244417408158874,-0.11794763772927552,0.044107722446094844,-0.007067867270405537,False,1297.4706230732818,False,False,0.5063553733794715,0.9645436863592692,0.006416979849144244,False,0.027963860431193723
PEP,378,0.3593641830426545,PepsiCo,Consumer Staples,SP500,125.49810028076172,-0.001685616142344748,-0.00964252626397366,-0.09354927376648747,-0.07994505383869155,-0.17200730839670308,0.15461847389558234,0.3313253012048193,0.13654618473895583,-0.03000282379518071,-0.241490025322881,0.0,False,-0.03557887331815768,False,-0.07269670748594803,-0.1300388260774319,0.07839582591026595,-0.011121530374054056,False,1051.7923906163096,False,False,0.5951283061880842,0.8675791824020828,0.002704669236825774,False,0.04304549857888797
SO,379,0.3582136636262793,Southern Company,Utilities,SP500,85.36000061035156,-0.0009363509921427315,0.029798543116066112,-0.04079107023887063,-0.09567252989683206,-0.10695230746500561,0.4799196787148594,0.25502008032128515,0.22289156626506024,-0.06529241967871485,-0.12443306478548566,0.04018869406802783,False,0.006188492531192802,True,-0.0345247426065296,-0.06203614636430721,0.03575932406568061,0.011950790414371637,False,528.5364252170104,False,False,0.8679428614074343,0.9306792730856271,-0.014513172492175985,False,0.027043870438704386
RJF,380,0.35789813740850496,Raymond James Financial,Financials,SP500,157.6199951171875,-0.011352930074296497,0.0008889979263819736,-0.10416039905502128,-0.06258607509196468,0.07376716374220993,0.13052208835341367,0.39959839357429716,0.6365461847389559,-0.45587035642570284,-0.12705325297773606,0.1308001930610767,False,-0.02928799896344969,False,-0.07889633308595467,-0.013287561973409967,0.0856541298443414,-0.012075288099112402,False,192.62938498361694,False,False,0.8400220905714916,0.7140188183515678,0.010412116529950444,False,0.06527328687773416
HII,381,0.3576254994777498,Huntington Ingalls Industries,Industrials,SP500,262.7650146484375,-0.0037345416172985813,-0.016119341587297997,-0.08657488656026802,-0.07763368674902205,-0.3554622324928993,0.20682730923694778,0.3373493975903614,0.02208835341365462,0.0014118975903614217,-0.4156643480413661,0.022233134125148046,False,-0.029566477350084774,False,-0.1001506634622189,-0.22851336535855393,0.11129714652849998,-0.01349517425533564,False,145.00390572234375,False,False,0.5449121129342046,1.0668510543182925,0.023317512403732144,False,0.01908082200266361
SPGI,382,0.35355925972033303,S&P Global,Financials,SP500,395.1400146484375,-0.002499154878883414,0.0016985155415139008,-0.07959279565925459,-0.08530297517917129,-0.039785862784937676,0.25301204819277107,0.30522088353413657,0.3534136546184739,-0.34907599146586343,-0.23025447361393525,0.07623718108511368,False,-0.015570860646637819,False,-0.046958297705699814,-0.06200211902309283,0.049272028278148694,3.324488521383451e-05,False,798.0206897819922,False,False,0.4938008013851596,0.9200687060066384,-0.008242280585141204,False,0.015566703276241647
RTX,383,0.3532777404982835,RTX Corporation,Industrials,SP500,182.7406005859375,-0.0029973960408065103,-0.01567138920655775,-0.08082791192590921,-0.06071894471890049,-0.09518677048269497,0.24899598393574296,0.40963855421686746,0.24096385542168675,-0.31106457078313254,-0.18958447765225916,0.18122916762422192,False,-0.03993562292975872,False,-0.10581019271587044,-0.05763902417676825,0.11833079716849104,-0.015935904721516736,False,848.5413323202405,False,False,0.4330919229633129,0.713244537768359,0.0014185704356435291,False,0.022569381169590317
KMB,384,0.35305393701823423,Kimberly-Clark,Consumer Staples,SP500,96.55999755859375,-0.002170084651828885,-0.008929515999763549,-0.06188674562999796,-0.11108270491651295,0.021246256053918167,0.3313253012048193,0.19879518072289157,0.5160642570281124,-0.3910485692771084,-0.17025108792046884,0.0645983999117119,False,-0.010239978668757366,False,-0.06793668396051711,-0.037868040264508074,0.07288848599813269,-0.00088948759469476,False,405.8169397688019,False,False,0.6050734913240706,0.8631773479360776,0.0029968060926672813,False,0.01213031883134976
PDD,385,0.3528688721620352,PDD Holdings,Consumer Discretionary,NDX,78.18499755859375,-0.0027423974885278923,0.003143380927806305,-0.019623855064655138,-0.08960176922360075,-0.24640966208584336,0.606425702811245,0.2891566265060241,0.06827309236947791,0.025484751506024084,-0.4339752783986016,0.0666438513431793,False,0.00018226631250550795,True,-0.06249290605186453,-0.1689296765364552,0.06665859539119579,0.004574652176745131,False,525.1661611884778,False,False,0.6622005071032675,0.6843365477305413,-0.0017857064658630684,False,0.023338500594653453
PEG,386,0.3517716784476616,Public Service Enterprise Group,Utilities,SP500,71.48500061035156,-0.003415624356838287,0.06155337834683894,-0.028340343796675826,-0.1002118559226075,-0.12015569171537899,0.5502008032128514,0.23694779116465864,0.20281124497991967,-0.015005333835341361,-0.15643608890691119,0.07399343798686675,False,0.031324966908974794,True,-0.010178752339673025,-0.0778041627803413,0.010283424773647631,0.030153859000975558,False,233.6411164948355,False,False,1.4804587402134628,1.4905203635897304,-0.036386455990584765,False,0.017618656504592864
VMRK,387,0.3481321455175541,Vivmark Residential,Real Estate,SP500,60.53499984741211,0.002733160815747482,0.008150582900566805,-0.07455466161490865,-0.10037844580071764,0.017952632438864136,0.2710843373493976,0.23493975903614459,0.5040160642570282,-0.12052899096385541,-0.12679654814478303,0.08039116579727779,False,-0.015093023323364152,False,-0.05023542257352287,-0.033219444840842605,0.05289249964411491,0.00282053512270819,False,342.7976990676544,False,False,1.0175583211988228,0.8417436881143805,-0.008944792287297498,False,0.14333700247466175
RDDT,388,0.34785979856927707,Reddit,Communication Services,SP500,147.66000366210938,-0.008660579473399155,0.03664701720887997,-0.011514266732367884,-0.2628425667125449,0.01834485284213372,0.6345381526104418,0.03413654618473896,0.5060240963855421,-0.05766032881526104,-0.42973001259455645,0.2119173350318715,False,-0.02875708435888613,False,-0.045724544410531975,-0.11777646004841458,0.047915456844991766,-0.007128785728742315,False,987.8853724418914,False,False,0.5313102079454669,0.517014360037925,0.017119859711335783,False,0.008996896647531682
WDC,389,0.34767492348425966,Western Digital,Information Technology,SP500,402.79998779296875,-0.020046760852119316,-0.11367338078915534,-0.15608632286895163,-0.30295080173372035,0.1896640256728288,0.04618473895582329,0.01606425702811245,0.7891566265060241,-0.12260761797188754,-0.4600467440355782,2.5671480875423454,False,-0.08634061621516054,False,-0.12730288691057368,-0.001812269476898165,0.1458729323165857,-0.0667984543544462,False,3553.7989887409667,False,False,0.6526894315917812,1.4746651380275697,-0.02423127132542313,False,0.0780285828026686
CNP,390,0.3474978922747441,CenterPoint Energy,Utilities,SP500,38.470001220703125,-0.0023340287702954265,0.045380489626770215,-0.041126564185183234,-0.10665045210147994,-0.10916254293447192,0.4779116465863454,0.21285140562248997,0.22088353413654618,-0.04300796937751003,-0.1407659226409187,0.05051890613813148,False,0.016689377314503373,True,-0.01979842948238808,-0.06209877816656273,0.020198324587394012,0.017143146314842816,False,247.3811136871582,False,False,0.9064068581182355,0.985939238411301,-0.01296680451744825,False,0.009883808825151273
GLW,391,0.34726338570005827,Corning Inc.,Information Technology,SP500,162.66000366210938,-0.037343892483919894,0.057882475762430996,-0.019884327056261086,-0.15289380584419088,-0.011410878714169348,0.6024096385542169,0.11044176706827309,0.40763052208835343,0.004973017068273092,-0.36264112213479305,1.095613048368954,False,0.04186084423619452,True,0.054089771887251725,0.07534645780053739,-0.051314198590893145,0.012777529161354328,True,1438.5018703939581,True,True,0.7657676194366253,0.6645007098716711,-0.04713852329022006,False,0.049985737039681545
TPR,392,0.347132671310241,"Tapestry, Inc.",Consumer Discretionary,SP500,115.2249984741211,-0.013062111570697255,0.001608115065381499,-0.020028944720696606,-0.1734310111188706,-0.2296467420495002,0.6004016064257028,0.08634538152610442,0.0823293172690763,0.021892256526104423,-0.29808356199527064,0.1811435391532379,False,-0.002132579998409878,False,-0.10271241714246682,-0.16334699393337593,0.11446989694805021,-0.006654850262749812,False,405.8468871796286,False,False,0.5065584108544771,0.7503650039282307,-8.567140240234306e-05,False,0.012240143247414943
NOC,393,0.3451094321843827,Northrop Grumman,Industrials,SP500,483.94500732421875,0.0017284303739832918,0.0009617695195753839,-0.06678816889240935,-0.08658664049636333,-0.2897354045575078,0.30120481927710846,0.2971887550200803,0.04417670682730924,0.0471887550200803,-0.36422803823986794,0.016456327768195944,False,-0.04605898263778685,False,-0.09209988342549014,-0.18348810724704945,0.10144274876071324,-0.011580858072240519,False,418.4911096785156,False,False,0.7776272277265713,1.4990851033295063,-0.013909815377206147,False,0.017144348322739155
USB,394,0.3448863751376474,U.S. Bancorp,Financials,SP500,56.619998931884766,-0.011694920107096496,-0.019736832111773794,-0.08544071406961395,-0.07672355830283917,0.04118361334221876,0.21485943775100402,0.3453815261044177,0.5602409638554217,-0.4280559738955823,-0.1264014569360553,0.29854377659570286,False,-0.039670349769568514,False,-0.07494612689521896,-0.0012049369972146895,0.08101812129457442,-0.017026304053267993,False,426.12478645306885,False,False,0.944356472781652,0.8960232518279789,0.004363763239742635,False,0.016738270074718425
EXE,395,0.34105178273578185,Expand Energy,Energy,SP500,88.44000244140625,0.002380132341411212,0.05173036381208074,-0.09929727831321933,1.5183104793203839e-05,-0.10660316298639116,0.14056224899598393,0.6024096385542169,0.2248995983935743,-0.05774661144578308,-0.267652395416892,0.05173036381208074,False,-0.0002430178823514817,False,-0.04649319497748561,-0.08987450086610038,0.048760213070936365,0.015456439001214184,False,272.89045495809876,False,False,1.0838562256825492,0.7451160821897912,0.008387145365685633,False,0.010151134108945139
NI,396,0.34022770770582333,NiSource,Utilities,SP500,40.59000015258789,-0.0019670031954539535,0.04076923468174076,-0.031264948104641754,-0.12426085712672574,-0.1451555473573748,0.536144578313253,0.17269076305220885,0.1646586345381526,0.016440763052208845,-0.16744116062830017,0.04076923468174076,False,0.012232084035309398,True,-0.017758138599292317,-0.08641902954570835,0.01807919138568237,0.016576394631057534,False,237.10948578632164,False,False,0.828371821108577,0.7061084044348531,-0.010326977817914251,False,0.03064437921882964
BALL,397,0.3394415363065164,Ball Corporation,Materials,SP500,57.349998474121094,-0.0013930320499663251,0.02355880284816214,-0.0601442470683502,-0.05684054123978455,-0.07014534137741713,0.3353413654618474,0.43373493975903615,0.2891566265060241,-0.38853068524096385,-0.14526985078509858,0.2529915736623003,False,-0.019725174614141694,False,-0.06258687572416977,-0.04105008995307291,0.06676552109564216,0.0009079139255669944,False,115.1245571650444,False,False,0.8311480196771894,0.9774360281151898,-0.002785997676508667,False,0.006862432669007774
AKAM,398,0.33429384119137845,Akamai Technologies,Information Technology,SP500,107.33499908447266,-0.01183026725848435,0.009261877052036294,0.016333665980037937,-0.1712863222372928,-0.07469828375454601,0.7590361445783133,0.09036144578313253,0.28313253012048195,0.07473644578313253,-0.3339022000060414,0.4913852614135612,False,-0.01667129442873505,False,-0.03775901119051195,-0.04147913323493446,0.03924070126884582,-0.011816927167292213,False,481.64786487621535,False,False,1.1334003799085444,0.7952008681573806,-0.013257249171369279,False,0.013548014134586644
EXC,399,0.33373421862854646,Exelon,Utilities,SP500,41.59000015258789,-0.00215931266624092,0.02945541043969291,-0.053697396345476656,-0.0947389825802395,-0.13807483384180208,0.3795180722891566,0.26305220883534136,0.1746987951807229,-0.07874466616465864,-0.15727072304748146,0.034577098588761235,False,0.0018186442502805544,True,-0.03940904963231584,-0.07348471329944117,0.0410258389559377,0.011402616148505462,False,328.5181899539566,False,False,0.81961854042051,0.9954576959840756,-0.0007197403809315883,False,0.014048526378800056
KHC,400,0.3327931180366628,Kraft Heinz,Consumer Staples,SP500,22.06999969482422,0.0018156607776667055,-0.028609139004164175,-0.11365461715107839,-0.09145718005706427,-0.005262267448218116,0.10843373493975904,0.285140562248996,0.42168674698795183,-0.357437562751004,-0.1881666768399849,0.07634300138302819,False,-0.06453323399463362,False,-0.09955125528187692,-0.05029530034346197,0.11055738137881521,-0.023466967951171425,False,438.8931835625601,False,False,0.5200363061161711,0.750814195425612,-0.005447155492198541,False,0.013324460979893225
DECK,401,0.33098189127477656,Deckers Brands,Consumer Discretionary,SP500,81.06999969482422,-0.007225127857285685,0.037496804812669815,-0.01852298798499652,-0.22242472632127153,-0.23770568069588116,0.6104417670682731,0.05220883534136546,0.07630522088353414,0.02877133534136546,-0.32966761982577675,0.04592952471265255,False,0.021605303522091113,True,-0.06488695510681519,-0.19700514098114252,0.06938942351534316,0.01374318494841087,False,241.00531244787598,False,False,0.621380711117261,0.8367137878682832,-0.010164116995255656,False,0.008135795074901246
ODFL,402,0.3305091080045991,Old Dominion,Industrials,SP500,178.51499938964844,0.002780558955778334,0.026892562990343594,-0.04542535354642219,-0.20835840096660296,-0.13738309226004475,0.4497991967871486,0.0642570281124498,0.17670682730923695,0.03300702811244979,-0.28117935120974236,0.42231717716124484,False,0.006593047533338003,True,-0.07703027751912561,-0.10585857570140345,0.08345915975669715,0.0030280058243283836,False,341.92976687656557,False,False,0.7247139796834519,0.8792889283718027,0.0028086731153806888,False,0.06385858913758057
SBUX,403,0.3304528471749903,Starbucks,Consumer Discretionary,SP500,95.5199966430664,-0.006138840532081025,0.016602783884568373,-0.0636212661234622,-0.09718346411797363,-0.005948036794540479,0.321285140562249,0.2469879518072289,0.41967871485943775,-0.3877776731927711,-0.11955020256327686,0.24850339110355368,False,-0.0031413039458683123,False,-0.06054969093638163,-0.025745239918692375,0.0644522550604445,0.0025646152977683023,False,706.4069990479273,False,False,0.7280884242922904,0.7682912584993777,0.0011445282452711147,False,0.01928834555671056
HWM,404,0.33021407707442674,Howmet Aerospace,Industrials,SP500,227.91769409179688,-0.01589944695456058,0.0076828255030785275,-0.015601886176932922,-0.1670822478185614,-0.08748666371146407,0.6224899598393574,0.09437751004016064,0.26104417670682734,-0.10874748995983936,-0.22119357988978638,0.24065522561816755,False,-0.00255443267872435,False,-0.10508821328480544,-0.08408147846871405,0.11742857211718638,-0.007173139211070212,False,725.3506379222277,False,False,0.5475920711113239,0.6567397767118804,-0.008376521546977655,False,0.007273735873819083
FITB,405,0.32825859891177617,Fifth Third Bancorp,Financials,SP500,50.38999938964844,-0.01196079628140323,-0.003756473596835508,-0.06790177424463828,-0.10136767339327235,0.03707224439081691,0.29518072289156627,0.2289156626506024,0.5522088353413654,-0.33749058734939763,-0.14420291277565245,0.2901284938850084,False,-0.029652442953174707,False,-0.06777056885477961,-0.010550663361524104,0.07269730668288932,-0.010991167474445618,False,299.93041218686767,False,False,0.9429056590975737,0.957379701350486,0.0027450860715378944,False,0.012069018774224212
VTR,406,0.3275569895509457,Ventas,Real Estate,SP500,81.54499816894531,-0.0038480630229364987,-0.040872719493390997,-0.08717227990215703,-0.10577899369174903,-0.01824712423282948,0.20281124497991967,0.21686746987951808,0.39759036144578314,-0.5468044051204819,-0.18396665707220206,0.238755341477916,False,-0.05112603736395649,False,-0.08528715459298242,-0.04006312261349121,0.09323926631317003,-0.024458166687765126,False,309.45196768405305,False,False,0.5576515047355876,1.0143253701112283,-0.004642038243155344,False,0.00850599178438855
HIG,407,0.32595604190957383,Hartford (The),Financials,SP500,126.86000061035156,0.0005520916027981215,0.03677672423629663,-0.06486807322868815,-0.08015822271178774,-0.07832474300805758,0.3172690763052209,0.3293172690763052,0.27710843373493976,-0.2663858559236948,-0.12536732344883073,0.05536025944361733,False,-0.019863859124609973,False,-0.06121079887172076,-0.05829986067858628,0.06520185660226474,0.0018964261860365816,False,209.81796624207277,False,False,0.939089338311725,1.0407076380612232,-0.005520976201452088,False,0.01941753645870474
ETR,408,0.3249864250348167,Entergy,Utilities,SP500,102.70999908447266,-0.005230033080168006,0.03475717181133242,-0.05362572339708194,-0.09309984399523108,-0.09356056165774185,0.3815261044176707,0.27309236947791166,0.2429718875502008,-0.12925138052208834,-0.1196051853446074,0.1467289310443285,False,0.012335073144479347,True,-0.01932927190908862,-0.02678343525629745,0.01971025682261085,0.013924973327624768,False,273.98454885925213,False,False,0.9605271706108875,0.899445804051095,-0.018305078834367383,False,0.013692756971381809
CVS,409,0.32493192275148985,CVS Health,Health Care,SP500,87.29000091552734,0.009950255782887663,0.018671938715548064,-0.09139168114070373,-0.14570166701773124,0.12452489449170989,0.178714859437751,0.13253012048192772,0.7168674698795181,-0.23075112951807228,-0.20587334202888408,0.26428809561196154,False,-0.01843593975838065,False,-0.06775514787762094,0.0023168560994808463,0.07267956237394868,0.002868952196430241,False,723.3969366429443,False,True,0.9902336957972852,1.0362062083590975,0.004280952739506905,False,0.01603762771727278
TXT,410,0.3243233265724187,Textron,Industrials,SP500,74.98999786376953,-0.007149489265917519,-0.015879253713022234,-0.05696579260496715,-0.17053037304782304,-0.17888870036943405,0.35542168674698793,0.09236947791164658,0.12650602409638553,0.004478852911646583,-0.2553205948774643,0.0,False,-0.03945179296367818,False,-0.0858865301666153,-0.16110374445796705,0.09395609298074326,-0.018856149349367413,False,137.54974007700622,False,False,0.632600312297268,0.8210025668305697,0.005295929198247951,False,0.020671020694477488
LNT,411,0.3205872001109276,Alliant Energy,Utilities,SP500,65.41000366210938,-0.0012214720456482642,0.033333403641077286,-0.04664038652929825,-0.12936063795962105,-0.09027542199103944,0.43775100401606426,0.1646586345381526,0.25100401606425704,-0.0892476154618474,-0.15535820298822844,0.036234084605522465,False,0.006269046582754401,True,-0.03162043105522161,-0.05999790478501699,0.03265293080241016,0.011891110570455776,False,173.39686444411927,False,False,0.8963365869268742,1.1178128536605483,-0.0013741997377650916,False,0.007627112810444219
D,412,0.3201878709394028,Dominion Energy,Utilities,SP500,61.84000015258789,-0.0025806427001953125,0.021810966372107554,-0.06614317407692627,-0.10057965533820978,-0.001737155074497232,0.30522088353413657,0.23293172690763053,0.4357429718875502,-0.21238077309236947,-0.12868273111105932,0.1170736433427455,False,-0.006578364979371254,False,-0.04914722246015568,-0.023510002405139674,0.05168752053006043,0.005950366481486835,False,270.4242279047073,False,False,0.9885295274323841,0.8352611536919868,-0.013870977586315503,False,0.010612005647461977
CBRE,413,0.3189325092709548,CBRE Group,Real Estate,SP500,130.14979553222656,-0.0039048531729894975,0.013075381766655791,-0.0851272279082469,-0.07734440816104005,-0.08660403877610579,0.21887550200803213,0.3413654618473896,0.26305220883534136,-0.2875407881526104,-0.24159550685080589,0.044205681719826195,False,-0.03899546953721045,False,-0.0910869918425905,-0.10053687356302299,0.10021530226225517,-0.009834979999229998,False,252.15208838674437,False,False,0.6876573948237245,0.957956955486069,-0.006275886279165532,False,0.015008866482939835
MTB,414,0.318461332730114,M&T Bank,Financials,SP500,216.61000061035156,-0.009737610081933856,-0.004549657469646862,-0.0915534373743313,-0.08376966797561147,0.00224435758238295,0.1746987951807229,0.3192771084337349,0.4578313253012048,-0.3018166415662651,-0.14200541048859217,0.2473650755602168,False,-0.03453624789984944,False,-0.08193116379622756,-0.022957974373231105,0.08924294188550608,-0.011600444305882585,False,231.57481917226136,False,False,0.9107523595525923,0.8247989996791122,0.002148675180122961,False,0.010716506707966774
ALL,415,0.31729377186164015,Allstate,Financials,SP500,224.9600067138672,0.0030766595097933003,0.013972803096490072,-0.11244377513243675,-0.09147256773832546,0.07080817188387689,0.11044176706827309,0.28313253012048195,0.6265060240963856,-0.5762424698795181,-0.1788874468793501,0.20690546068399374,False,-0.048350268818516895,False,-0.1028961737625762,0.007201990912770739,0.11469817734936738,-0.007558856257462776,False,480.4261403410596,False,True,0.8531097015496567,0.8874170477740233,0.00013376188846203618,False,0.019640763325184846
CMI,416,0.3167017616838321,Cummins,Industrials,SP500,524.739990234375,-0.019745581760896913,0.01581582901507561,-0.06555070493949466,-0.21784825709967737,-0.11447681987283864,0.3072289156626506,0.05421686746987952,0.21887550200803213,-0.01218938253012048,-0.27611271482107547,0.3049970286952899,False,-0.008588956376052947,False,-0.08301753387578115,-0.126076136906075,0.09053339288663698,-0.002242717408266426,False,591.7254779048096,False,False,0.6228505184178743,0.8321809953062632,-0.014832531575383445,False,0.021520244720118296
CFG,417,0.316666957649145,Citizens Financial Group,Financials,SP500,63.4900016784668,-0.009361752125254919,-0.004234577323933508,-0.0928703583897017,-0.08528178184565349,0.009124275239561719,0.1606425702811245,0.3072289156626506,0.4738955823293173,-0.3626929593373494,-0.1504081516600645,0.3515182603925102,False,-0.0396672057230365,False,-0.08417931575508619,-0.018103656297763226,0.09191680992059181,-0.01391081289097551,False,239.47178201420098,False,False,0.9487945759955049,1.0971977256942542,0.004993093189327613,False,0.009319384487424072
MS,418,0.31583734130068664,Morgan Stanley,Financials,SP500,187.5399932861328,-0.018218044751817875,-0.0028711640773321223,-0.13272295356068398,-0.1510721058391753,0.07706931015837992,0.07028112449799197,0.11847389558232932,0.6405622489959839,-0.33660422941767065,-0.1749186187962839,0.26294865422613767,False,-0.05456876808346345,False,-0.09818140908810602,-0.02708644849650954,0.10887046472265305,-0.021435693597958605,False,987.7091526507672,False,False,0.7741446010696531,1.0555014599286088,-5.240166161191162e-05,False,0.028090314733161016
WFC,419,0.31339446748688304,Wells Fargo,Financials,SP500,80.5,-0.012391143537727078,0.0056214482334402405,-0.08481126832787278,-0.06843676667719367,-0.03821131830629676,0.22690763052208834,0.38755020080321284,0.357429718875502,-0.27455917419678716,-0.15110249391543973,0.10272635721102819,False,-0.04192900380958964,False,-0.06137002832389271,-0.040591248649367806,0.06538255774456525,-0.011394473284493944,False,1108.0934469360163,False,False,0.9587602255553068,0.8187501300919431,0.004171222291497134,False,0.023910675142630393
ERIE,420,0.31291634532079937,Erie Indemnity,Financials,SP500,228.99989318847656,0.025893253006744388,0.051906554464138166,-0.05270057655743787,-0.06974972432298743,-0.08499306233581805,0.3855421686746988,0.3755020080321285,0.26706827309236947,-0.2924667419678715,-0.28962576045408706,0.11872447967554045,False,-0.006726162857518703,False,-0.059475527165089526,-0.06466577519925154,0.06323655458514499,0.02102087785515483,False,63.01376648339691,False,False,0.6041884776751416,0.4156282828977363,-0.00909416167097754,False,0.011554597854309274
OTIS,421,0.3128850710300881,Otis Worldwide,Industrials,SP500,66.37000274658203,-0.0012038255129260822,0.03187193814496814,-0.05266906852124342,-0.07260696483256557,-0.15553905964165948,0.38755020080321284,0.3634538152610442,0.15060240963855423,-0.0525618097389558,-0.2824517753593123,0.03622169530498631,False,-0.010370415975629377,False,-0.05057625119669096,-0.1383919440813658,0.05327047196832724,0.005916108070685544,False,272.2580280227748,False,False,1.1593445117238046,1.1008910156336964,0.0006019701634976116,False,0.0077514591040690846
NFLX,422,0.3126956034824783,Netflix,Communication Services,SP500,68.79000091552734,0.0014557937191281844,-0.01135385016869539,-0.10394680313249416,-0.08851199413182609,-0.3078780426807016,0.13253012048192772,0.29116465863453816,0.040160642570281124,0.11928965863453816,-0.4458452512850921,0.025797844019036953,False,-0.04715733394976218,False,-0.08774562514527084,-0.17792551360689857,0.09618548023871498,-0.006721918966956397,False,2401.0558610789294,False,False,0.8542166653572474,0.9577209026129768,0.0016014064120233318,False,0.04385864070370421
VMC,423,0.31249525572046255,Vulcan Materials Company,Materials,SP500,245.75,-0.012457327817890773,0.004578322752043507,-0.048586869477623584,-0.14727732915920033,-0.15682518621549835,0.42369477911646586,0.1285140562248996,0.14859437751004015,-0.11172031877510041,-0.25185866214973796,0.020429340744666735,False,-0.0007359777988096283,False,-0.06492111600902883,-0.13025994912031558,0.06942849113642868,0.0003620665586143712,False,287.46814309529174,False,False,0.5815291599047325,0.914879589328355,-0.0073538347846913155,False,0.007225321007404052
LEN,424,0.31078417753675996,Lennar,Consumer Discretionary,SP500,74.88999938964844,-0.032553987252870065,-0.08211787288842776,-0.0681846854505258,-0.10685747462759954,-0.1454814419139161,0.29116465863453816,0.21084337349397592,0.16265060240963855,0.09560899849397592,-0.4285736074337727,0.0060450958286357714,False,-0.060127262219229705,False,-0.0988725448259633,-0.19481122540140705,0.10972093265859684,-0.045975499796659935,False,318.6035550611383,False,False,1.3343949118686769,1.8046772827330944,-0.031778925171028094,False,0.04626389994619947
CARR,425,0.3103111159355163,Carrier Global,Industrials,SP500,55.064998626708984,-0.01844919564284042,0.0037367483426302694,-0.06843177029056235,-0.1850314668515477,-0.04855287678286435,0.2891566265060241,0.07429718875502007,0.3273092369477912,-0.025312186244979926,-0.2728551078963173,0.1059917801629946,False,-0.006938728344521028,False,-0.06355387466217066,-0.10297367225501186,0.067867091274731,-0.006974024347831342,False,370.9112141447129,False,False,0.6710127695544249,0.6884766104035,-0.0026737560652668746,False,0.007637330011369294
VICI,426,0.30958140778841176,Vici Properties,Real Estate,SP500,22.639999389648438,-0.003959531649820547,-0.014366562192894672,-0.0869540803257769,-0.11019395943777788,-0.15397135704366238,0.20481927710843373,0.20080321285140562,0.15261044176706828,0.007443837851405621,-0.24266047960174386,0.004882321333799622,False,-0.03771518490899051,False,-0.08683793309512544,-0.14397227226474252,0.09509586112075286,-0.012475379995220304,False,246.93951474786377,False,False,0.7311779939519237,0.687058522691761,-0.006599191445276875,False,0.027589117947669464
TFC,427,0.30774800310111416,Truist Financial,Financials,SP500,45.86000061035156,-0.008432419235641864,-0.009503210236703197,-0.0927794005438981,-0.09841355930983131,-0.050440325341958525,0.16265060240963855,0.24497991967871485,0.321285140562249,-0.27455133032128515,-0.15291311442107958,0.16389727007147337,False,-0.04123764099296923,False,-0.0808896277673038,-0.06426725179127102,0.08800861159994033,-0.01566669770297946,False,343.91446535219114,False,False,0.7843053910834827,1.066652072606068,0.005189225480363158,False,0.015075220776580031
TMUS,428,0.30568779654909967,T-Mobile US,Communication Services,SP500,166.88499450683594,0.0057554503297105875,0.023332061767592505,-0.08148498946354976,-0.07511477161024604,-0.14608672677515722,0.24497991967871485,0.35542168674698793,0.1606425702811245,-0.09770331325301207,-0.2593748681623983,0.031874104467184416,False,-0.010525622213503616,False,-0.04679478221470024,-0.11691116477955299,0.049092033217594366,0.008484021663535346,False,802.6030891104355,False,False,0.7265164161834903,0.7000531197849391,0.012414951535663521,False,0.03119251187458768
MOS,429,0.3049669949961135,Mosaic Company (The),Materials,SP500,21.0,0.002865303935632557,-0.030023077597374992,-0.2017429044787683,0.020615036068989845,-0.19635378323018826,0.012048192771084338,0.6546184738955824,0.10441767068273092,-0.27311590110441764,-0.3851653613168059,0.06850462895343767,False,-0.10218041751820872,False,-0.10049507701794724,-0.12766763605201392,0.11172265370686851,-0.036243945920839904,False,188.24934729483277,False,False,0.7641630411916914,0.8933933585072337,0.017191914700165123,False,0.01331093009389062
NCLH,430,0.3026844019222049,Norwegian Cruise Line Holdings,Consumer Discretionary,SP500,15.229999542236328,-0.018052913121439307,0.03888128927401313,-0.010396413094028611,-0.22925104423958031,-0.24454366778225123,0.642570281124498,0.04417670682730924,0.07228915662650602,-0.012463918172690762,-0.3912869998565296,0.07861187433949435,False,0.0430434925290184,True,-0.07589440072282416,-0.21271445471036765,0.0821274113934467,0.01933365132118614,False,282.2134116725225,False,False,0.7098265976503804,1.2107806900406413,-0.02965828699927331,False,0.048166109991915486
GD,431,0.3016237581373883,General Dynamics,Industrials,SP500,330.80999755859375,-0.0015693991933882767,-0.0030738301387651656,-0.07226986926942758,-0.11689804546565086,-0.04631368835978178,0.2791164658634538,0.1827309236947791,0.3333333333333333,-0.3680503263052209,-0.16455792979577488,0.06314889336706786,False,-0.035987641572264195,False,-0.09615890794816284,-0.06387729144296317,0.10638917481597288,-0.009620602316041782,False,397.3754217004553,False,False,0.6987106601367071,0.9900656274847307,-0.0043460356206366235,False,0.014723862335470149
AJG,432,0.29930060463628705,Arthur J. Gallagher & Co.,Financials,SP500,228.75,-0.004785756251058038,0.0028056612508702283,-0.09027638585700481,-0.09614913066659014,0.04223114283729923,0.18875502008032127,0.25100401606425704,0.5662650602409639,-0.614230358935743,-0.25295745203764153,0.19856578509850165,False,-0.025280917943692804,False,-0.0765926420263241,-0.011652731358669288,0.08294567003927589,-0.004600425589433854,False,345.1419613772583,False,False,0.8200703940955332,0.9448464980932529,-0.017576717153109045,False,0.012944083246898901
TPL,433,0.2986434017319277,Texas Pacific Land Corporation,Energy,SP500,357.010009765625,0.005208937054960838,0.09569414872269277,-0.0651740888417136,-0.08492676170409053,-0.2011022101909371,0.3112449799196787,0.3112449799196787,0.10240963855421686,0.0456199799196787,-0.33653839500931404,0.31062987291762445,False,0.022393244748584396,True,-0.01368012592986545,-0.10061699732496254,0.013869867463395247,0.03129514564829283,False,137.59033346437013,False,False,0.968883524626348,0.68589726529986,-0.031675864072529314,False,0.010013623275159197
PODD,434,0.29299282563722634,Insulet Corporation,Health Care,SP500,135.0800018310547,0.002597833553141582,0.03533379755667565,-0.05060442093066597,-0.14662955612817918,-0.3362488060677662,0.40160642570281124,0.13052208835341367,0.030120481927710843,-0.07064978664658633,-0.6100011330871673,0.03533379755667565,False,-0.006424985681434681,False,-0.05821128879487092,-0.29294773756157755,0.06180928705376254,0.0049355399903106,False,249.96045788781007,False,False,0.480805728479292,1.135891976212202,0.001558722782800892,False,0.00739632695443118
MLM,435,0.29087026027497087,Martin Marietta Materials,Materials,SP500,485.06500244140625,-0.00806733450325392,0.010952262165339288,-0.05257042846862359,-0.15046025392641837,-0.22072822589169605,0.3895582329317269,0.12248995983935743,0.08634538152610442,-0.039619415160642574,-0.31205071741085455,0.012471573502239375,False,-0.012745577876769443,False,-0.060378402675266174,-0.17204226747766815,0.06425821080227823,-0.0016538039224970325,False,375.1167623821656,False,False,0.6267609615197165,0.801222475803027,-0.0019222560328709948,False,0.00750844096682566
CMS,436,0.2876730966203524,CMS Energy,Utilities,SP500,64.91500091552734,-0.0023820313512188385,0.029090029029917863,-0.05633086129419329,-0.12748164371716852,-0.1633198795799754,0.3614457831325301,0.1686746987951807,0.14457831325301204,-0.1418721762048193,-0.17504226574037063,0.036980870572437485,False,0.0037380444343364516,True,-0.04194488937350005,-0.09726524962288652,0.04378129077154136,0.010705941518548645,False,247.45631004656585,False,False,0.7970677021378241,1.096174214670632,-0.011065025727369004,False,0.022744441528011625
APTV,437,0.2837303725992681,Aptiv,Consumer Discretionary,SP500,44.30500030517578,-0.009279984440949018,0.029869824122240596,-0.031161146978460286,-0.25985633388860774,-0.2704593999813443,0.5381526104417671,0.03614457831325301,0.05421686746987952,0.03028520331325301,-0.500338319385546,0.029869824122240596,False,0.004085012771419372,True,-0.05457857782046682,-0.2947610017175799,0.057729364429508934,0.005382591228220157,False,209.409454288414,False,False,0.5866549539439414,0.4680440121887629,-0.013864103972676123,False,0.004500055314098131
VRSK,438,0.28316514546087573,Verisk Analytics,Industrials,SP500,166.69000244140625,0.009019403878263388,-0.006910953946549059,-0.0475992197846814,-0.10626794038380705,-0.044674567286620115,0.42771084337349397,0.21485943775100402,0.3433734939759036,-0.10740618724899598,-0.31583628338675007,0.06855868457347425,False,-0.0291728027498267,False,-0.08054162237223428,-0.11476836276784708,0.0875968117012913,-0.002284616033304987,False,236.897076130885,False,False,0.8340125435333209,0.6192021952075241,0.00774817677325923,False,0.0066656359741148925
LHX,439,0.2830094192293367,L3Harris,Industrials,SP500,236.88499450683594,-0.004266496072673709,0.0004434315739521022,-0.07372726433617016,-0.17887333419583085,-0.3397676433858684,0.27309236947791166,0.0823293172690763,0.028112449799196786,0.010063692269076302,-0.3663687639066683,0.0017549510888930087,False,-0.021210194968693363,False,-0.09060771827536451,-0.2297169060585682,0.09963545996182166,-0.005600637371026784,False,429.0409953346268,False,False,0.41565729592070655,0.6402296043557053,-0.006725476611078696,False,0.007882396716095379
CVNA,440,0.28173940722567686,Carvana,Consumer Discretionary,SP500,62.880001068115234,-0.015654351648079934,0.005436522987057879,-0.1584582435647406,-0.06317046342318144,-0.07204627807218456,0.04417670682730924,0.39558232931726905,0.28714859437751006,-0.21769892068273095,-0.34287804928609467,0.11774744895174138,False,-0.03502780715973586,False,-0.08530729709207052,-0.12096906595123236,0.09326334059610097,-0.012803504700919621,False,584.5599059505989,False,False,0.7385814837510102,0.7409489066394103,0.009314298623311235,False,0.011291934022703723
KKR,441,0.2793274281602216,KKR & Co.,Financials,SP500,89.25,-0.01566116904843684,-0.02245348283937809,-0.1558687490181836,-0.07115815577248497,-0.04645522331791907,0.04819277108433735,0.3654618473895582,0.3313253012048193,-0.4001631526104418,-0.3713084273176728,0.06813392105076943,False,-0.06836188061441795,False,-0.13027616239715578,-0.12531019056259696,0.14979026302903975,-0.02873506122316738,False,448.38898321926695,False,False,0.7182141253014985,0.9686591914151383,-0.0051836465224954775,False,0.024893310826405515
ES,442,0.27913678403128644,Eversource Energy,Utilities,SP500,65.20999908447266,-0.0007662128427980974,0.016365264377055766,-0.0771054653006672,-0.1075649260441015,-0.045590683348273875,0.2570281124497992,0.20883534136546184,0.3373493975903614,-0.33413340863453816,-0.12484775818650118,0.07353999644422737,False,-0.006719119033633647,False,-0.05158925034877282,-0.05144960701277357,0.05439547197007677,0.005028239457171013,False,160.0065850103485,False,False,0.9451291044021058,0.8564319948634026,-0.00367768135623181,False,0.008515029777873162
GE,443,0.27873224247797646,GE Aerospace,Industrials,SP500,306.8599853515625,-0.008177475603890705,-0.01589358421591336,-0.08236067360676802,-0.14403242996605137,-0.0011371227823399055,0.2429718875502008,0.13453815261044177,0.44176706827309237,-0.3713212223895582,-0.19383403201080496,0.1261104804039721,False,-0.02626463319919603,False,-0.09243074113756322,-0.05032501865065875,0.10184428376674814,-0.014740578666134763,False,1289.7566655703395,False,False,0.7592868941118369,0.8670336443718877,-0.009341008150251517,False,0.03041186306388146
SCHW,444,0.27583261473312604,Charles Schwab Corporation,Financials,SP500,95.58999633789062,-0.012500068964049649,-0.02199715134919067,-0.10554885485910748,-0.059280436372558865,-0.0050388227267009755,0.12650602409638553,0.41967871485943775,0.42369477911646586,-0.49243066014056225,-0.1589089744435761,0.12324235245980786,False,-0.05847245049793737,False,-0.09661983113732575,-0.02342954859736346,0.10695367738586392,-0.02466787945097848,False,810.958982460235,False,False,1.128415100528585,0.6815123105891767,0.016632237185888465,False,0.02539070391918675
PCAR,445,0.2753648287707281,Paccar,Industrials,SP500,108.54199981689453,-0.007116720454642733,-0.011547197613064553,-0.11394285863759568,-0.11721765416142571,-0.12096427387761632,0.10642570281124498,0.18072289156626506,0.19879518072289157,-0.3134177334337349,-0.2125793546687389,0.19589101457111124,False,-0.04998639316878606,False,-0.118060683943358,-0.0971351687250499,0.13386486098752814,-0.01711806087047163,False,395.70695559207593,False,False,0.5641876350003856,0.8958287706571338,-0.006769098662964601,False,0.01049245700239814
JKHY,446,0.27238122095235784,Jack Henry & Associates,Financials,SP500,145.21499633789062,0.005435184531730641,0.01378798358689548,-0.09144093928380592,-0.02980288508149176,-0.07331232267019139,0.17670682730923695,0.5261044176706827,0.285140562248996,-0.4250674573293173,-0.2371223040729119,0.18087033755052806,False,-0.036446391133161504,False,-0.07234747138453079,-0.06895071898442484,0.0779898390321967,-0.004386147647499672,False,150.4683739423706,False,False,0.9530967693518786,0.6467445455060601,-0.00013839932621717566,False,0.014582569343005877
LII,447,0.27158076610879,Lennox International,Industrials,SP500,357.6099853515625,-0.02193479589789271,0.007295353552024597,-0.06805786390526802,-0.3321572443910087,-0.24735239452980962,0.2931726907630522,0.012048192771084338,0.06626506024096386,-0.009436182228915662,-0.37347854939911884,0.007295353552024597,False,-0.014891035972678157,False,-0.08258450700576592,-0.2572257318102211,0.09001865309275403,-0.010678892202786616,False,211.0563759207959,False,False,0.39965470632416805,0.7216580340610811,-0.006399902378473099,False,0.0054675886098502985
BX,448,0.2713384536128385,Blackstone Inc.,Financials,SP500,111.20999908447266,-0.01896613897585475,-0.007850809904259903,-0.16988879546799052,-0.08027478970928603,-0.03641184290870614,0.03413654618473896,0.3273092369477912,0.35943775100401604,-0.5340188880522088,-0.2984512088581447,0.11031539806434476,False,-0.06894776295886718,False,-0.1521133711719569,-0.11729077885302053,0.1794029602544971,-0.024639648408224413,False,538.0090177879779,False,False,0.7521004275473507,0.993741480625668,-0.004851826471387599,False,0.024649445178701206
BAC,449,0.27100731555253266,Bank of America,Financials,SP500,53.30500030517578,-0.014512846093503895,-0.02066874873585156,-0.1456162714112803,-0.09574742145456194,0.03807509886855076,0.06224899598393574,0.25301204819277107,0.5542168674698795,-0.5809723268072289,-0.1733225031073795,0.1527255664683036,False,-0.06043580475802035,False,-0.11438699578596057,-0.027557540670625436,0.12916137775943826,-0.023025249478511478,False,1933.0377061146198,False,False,1.3432744364175038,0.9695909487901754,0.003327792654242989,False,0.031618764227343256
PNC,450,0.2697822034104159,PNC Financial Services,Financials,SP500,218.68499755859375,-0.006699700576765055,-0.016084752256809054,-0.09972831805318683,-0.12148384878949903,0.006168686973782478,0.13855421686746988,0.17670682730923695,0.46586345381526106,-0.4463400476907631,-0.1489862765312735,0.25484507959506253,False,-0.042973950299350694,False,-0.08953519115146324,-0.03317567424679235,0.09834008989836551,-0.014964734270489388,False,387.030988827655,False,False,0.9853177546138073,1.1190283272323467,0.004860065623326637,False,0.029408631309805137
GEN,451,0.2695970499943322,Gen Digital,Information Technology,SP500,22.479999542236328,-0.01403507480404087,0.020890057897817726,-0.24589064257047388,-0.13123893455017932,0.20169955028517683,0.010040160642570281,0.1566265060240964,0.8072289156626506,-0.6617328689759037,-0.28430437276527176,0.26887121219787846,False,-0.12804004542864855,False,-0.18875246082044428,-0.07690334484693617,0.23266937858614223,-0.019162597065948916,False,216.16182765277603,False,False,1.838029261858074,1.0463421736992504,-0.010087699558448793,False,0.011201696904764538
UPS,452,0.2686417545180723,United Parcel Service,Industrials,SP500,92.90380096435547,-0.0022145810830676016,-0.005738457438365541,-0.0754001009102806,-0.1476877178667022,-0.044538679547294846,0.26706827309236947,0.12650602409638553,0.3453815261044177,-0.09615022590361447,-0.198224095850548,0.1947173209325106,False,-0.03385918525634424,False,-0.07495013867216516,-0.09254976698518258,0.08102280947816176,-0.009332288817682666,False,464.86264205257004,False,False,0.9827979280368011,0.7875277738604277,0.00171835497439643,False,0.018100659747283244
RF,453,0.2671025457677484,Regions Financial Corporation,Financials,SP500,26.825000762939453,-0.00831787358473668,-0.0020460714116175005,-0.10791483088851872,-0.11389603015570549,-0.004151273843519321,0.12248995983935743,0.18875502008032127,0.42971887550200805,-0.3952293549196787,-0.16367101599749767,0.19527049744033764,False,-0.04197280758191568,False,-0.0930343462782609,-0.04982497460788782,0.10257758482528412,-0.013180334365577084,False,240.24204964127688,False,False,0.9229940614535987,1.0586062832165468,0.0051756488334853135,False,0.015057919134961616
DTE,454,0.2665029067884441,DTE Energy,Utilities,SP500,128.02499389648438,-0.0015208806922648588,0.051108297937244807,-0.05874884127975444,-0.13448037282892722,-0.12471934985350175,0.3453815261044177,0.15060240963855423,0.1927710843373494,-0.11697571536144577,-0.16340003402139913,0.05954640367786945,False,0.01572370154541125,True,-0.03543990733035862,-0.07710327926065275,0.0367420418900708,0.020383116646531585,False,204.41783841407775,False,False,1.042803985887941,0.9479221489431295,-0.019419730463763885,False,0.011607467533693112
FISV,455,0.26394641064257035,Fiserv,Financials,SP500,45.869998931884766,0.00857518455527373,0.015272213856756922,-0.09811249741611638,-0.1119071137122446,-0.1900053316843171,0.14457831325301204,0.19678714859437751,0.11244979919678715,-0.061025351405622486,,,False,-0.026352402949147202,False,-0.09304811099851829,-0.18698036163365594,0.10259431853762457,0.0008701023304873434,False,377.9174588729523,False,False,0.7513630097323966,0.6117476741975287,0.0019788951955530543,False,0.009892718853935653
CPRT,456,0.2595739940609211,Copart,Industrials,SP500,26.90999984741211,0.003355710425502423,-0.013563080275673434,-0.17453984334465178,-0.050123546774375916,-0.18872471109733102,0.02610441767068273,0.4457831325301205,0.1144578313253012,-0.11866999246987953,-0.4119317999461307,0.003355710425502423,False,-0.06068381276224588,False,-0.11336769385469081,-0.19226665935637877,0.12786325635658846,-0.020367802963699666,False,306.1673030958683,False,False,0.8156890404295084,0.755137678116998,0.0,False,0.012638122728059713
GS,457,0.2586102474413784,Goldman Sachs,Financials,SP500,879.780029296875,-0.019394060858414774,-0.022857475220482648,-0.15122572001732604,-0.1627708737543775,-0.01961335633593453,0.05823293172690763,0.09839357429718876,0.39357429718875503,-0.26684080070281124,-0.23260837159382264,0.20478637576458247,False,-0.06166956012509839,False,-0.11304868347510078,-0.07638970685114521,0.12745759701674353,-0.027637668464042697,False,1937.4303432025245,False,False,0.7152491739822192,0.8431853308550413,0.0048931258880891,False,0.06336831938956697
TTWO,458,0.25859272523561994,Take-Two Interactive,Communication Services,SP500,202.60499572753906,0.00037030044286878727,-0.023590382035956314,-0.050096103403499126,-0.1767371365187269,0.002349927439035726,0.41164658634538154,0.08433734939759036,0.4598393574297189,-0.29847515060240964,-0.22755351280245462,0.06808473361753564,False,-0.02333033003293694,False,-0.09516722861286597,-0.09532551037929238,0.10517659353448483,-0.006367936322965617,False,557.1348828573356,False,False,0.8466269236016384,0.6918119139652583,-0.0042215757304713275,False,0.027077683651616336
KEY,459,0.25763710082264546,KeyCorp,Financials,SP500,19.90999984741211,-0.01142003719992879,-0.007972090176631697,-0.0862781546179543,-0.12984059986514018,-0.04651043195232929,0.20883534136546184,0.1606425702811245,0.3293172690763052,-0.2397480547188755,-0.16212240591693028,0.23533990275221384,False,-0.03602208525760653,False,-0.07667052310811362,-0.06327372598088288,0.08303701444277722,-0.01402506113793267,False,253.8296221612111,False,False,1.0569751166673085,0.9279269694859287,0.007944381939472445,False,0.012440376776899985
TDG,460,0.25458713634781066,TransDigm Group,Industrials,SP500,1090.0,-0.012081568148800237,0.006835418973714091,-0.048151329918696195,-0.1587623520225624,-0.10646949237871095,0.42570281124497994,0.10240963855421686,0.22690763052208834,-0.12219973644578314,-0.24827586206896557,0.013001728708287974,False,-0.00997473230726409,False,-0.06700097376381808,-0.12442959790276387,0.07181247984159977,-0.006501094952186537,False,471.4266441036621,False,False,0.7560280273332824,0.6421225734180365,-0.009362526593246545,False,0.006587802984898653
CLX,461,0.25256083558022413,Clorox,Consumer Staples,SP500,83.30000305175781,-0.0026340229903116796,0.02826812560350711,-0.09061130524699956,-0.0945188537376036,-0.1924345953115295,0.1827309236947791,0.26506024096385544,0.10843373493975904,-0.03181475903614456,-0.3289128925296054,0.03594079415532048,False,-0.009188468916537018,False,-0.11852720679841844,-0.16250524582983816,0.13446496331204738,0.007764811667274163,False,281.15689202068177,False,False,0.9532711721070694,0.7971914623029055,-0.006944375298993832,False,0.01525157727465819
AXP,462,0.25049623898821094,American Express,Financials,SP500,300.875,-0.012066944476343155,-0.010605083981543362,-0.07735358979266105,-0.13222485307826437,-0.046283682244822266,0.25502008032128515,0.15461847389558234,0.3353413654618474,-0.36881902610441764,-0.21191844938273663,0.035523261554103236,False,-0.029135605929187736,False,-0.07616116178215238,-0.0885861678266765,0.08243987872286551,-0.011921151502586547,False,883.3828646592383,False,False,0.8250256635355767,0.8737507688351879,0.0023313807293234845,False,0.02871007898903176
BRO,463,0.24991165518930558,Brown & Brown,Financials,SP500,61.779998779296875,0.013285181931712131,0.014449872436276046,-0.09386919180452191,-0.0872196196603755,-0.08346302546251705,0.15261044176706828,0.29518072289156627,0.2710843373493976,-0.5524755271084337,-0.3499627845026835,0.1387094193088596,False,-0.019979565611038974,False,-0.09231076267908578,-0.08315505467525608,0.10169864187389188,0.005854850883588281,False,139.552167940246,False,False,0.7116836030896558,0.8580672406657069,-0.0042644272761172,False,0.022101756101090133
EIX,464,0.2487030910942156,Edison International,Utilities,SP500,53.64500045776367,-0.011152065294678826,-0.0015819669681150783,-0.09582001007650998,-0.28128348209494347,-0.2699149869560139,0.14859437751004015,0.02610441767068273,0.05823293172690763,-0.04420808232931727,-0.33260758533451495,0.06957301624714574,False,-0.012376362560045151,False,-0.14637969347170732,-0.20206949182019573,0.17148103477884602,-0.0046768753983083,False,325.1371678484894,False,False,0.3994199386772641,0.7588822367652865,0.004239622898365436,False,0.023977654703175793
BKNG,465,0.2485378003951289,Booking Holdings,Consumer Discretionary,SP500,158.2100067138672,0.00367951413492551,-0.0288502660523563,-0.12039882680831071,-0.09644435644765403,-0.12159790724382491,0.10040160642570281,0.24899598393574296,0.19678714859437751,-0.46389464106425704,-0.2746254405804647,0.031536914193252885,False,-0.040252807593150974,False,-0.1562259719897534,-0.1259833667168213,0.18515143486717545,-0.01397821545580935,False,1275.6022061760343,False,False,0.6368619565543255,0.8567780324795411,0.0008246502569106973,False,0.013467108749011776
GIS,466,0.2478894408278274,General Mills,Consumer Staples,SP500,32.25,0.0021752546351889723,0.002798512220612892,-0.14433533629406747,-0.08484670956361118,-0.08846975936184054,0.0642570281124498,0.3132530120481928,0.2570281124497992,-0.5012001129518072,-0.3273800506898892,0.01983979233935318,False,-0.06409158853607122,False,-0.12621516876019545,-0.1468110771936334,0.1444465093095173,-0.016098628976501272,False,340.4279876410269,False,False,0.7733339510934276,1.1586360471364237,-0.010254814188208061,False,0.021393667676170014
NEE,467,0.247724175431565,NextEra Energy,Utilities,SP500,77.58000183105469,-0.003852021481037138,0.024293689189095247,-0.07455564670743808,-0.10260165727045467,-0.1638961716831474,0.26907630522088355,0.22289156626506024,0.142570281124498,-0.16578030873493976,-0.19558740012544906,0.02768583953409043,False,-0.01122848105566765,False,-0.05459893580281361,-0.10090539366549878,0.057752141255709155,0.0055984556796617735,False,940.4882642792147,False,False,1.2063191492802012,1.1446368520522372,-0.011299400159895945,False,0.029980613261331435
LULU,468,0.24473583598506932,Lululemon Athletica,Consumer Discretionary,SP500,92.98500061035156,-0.006676637067887015,-0.033319490068700275,-0.09889525719169678,-0.20191400819280791,-0.4146732956496507,0.142570281124498,0.07028112449799197,0.010040160642570281,-0.025422000502008033,-0.5692746039132841,0.0,False,-0.05208994686608448,False,-0.15835978560045716,-0.35068573439462714,0.18815615377104677,-0.028023223274074804,False,562.4085020702072,False,False,0.5982329514128232,0.9029014554010156,-0.007584649928889631,False,0.01845453589792651
ALGN,469,0.24191164861057132,Align Technology,Health Care,SP500,140.67999267578125,-0.005443649975776843,-0.032129433998155266,-0.08345828626576812,-0.21041705044872416,-0.20443368648387816,0.2389558232931727,0.05823293172690763,0.10040160642570281,-0.05895456827309237,-0.28773228399379946,0.11837182329184559,False,-0.041784072646862236,False,-0.11191583169667574,-0.17247549940722007,0.12601939736240286,-0.01985435341122288,False,144.1872508947705,False,False,0.7231571452190426,0.853868108482341,-0.006998870666199086,False,0.00593556413778803
O,470,0.2414832338426286,Realty Income,Real Estate,SP500,54.0099983215332,-0.004423994073120663,-0.0053407167514177845,-0.11049259473493978,-0.1333484565643035,-0.11669334147198762,0.11646586345381527,0.15261044176706828,0.21285140562248997,-0.3161395582329317,-0.175403832872707,0.010715727717762524,False,-0.03420910993855342,False,-0.09253443876246581,-0.10606822969208807,0.10197019337711755,-0.00908390918496993,False,400.08376385992807,False,False,0.8002521984861395,1.0267497061244923,-0.004608294930875556,False,0.031427226309599425
AXON,471,0.24139788741660187,Axon Enterprise,Industrials,SP500,412.6700134277344,-0.014213324157599017,-0.023312448741019898,-0.1835268594904096,-0.2909449941104221,0.053993345884982835,0.018072289156626505,0.02208835341365462,0.5943775100401606,-0.5833803965863453,-0.45661275136797463,0.19289475202461026,False,-0.06664672871155919,False,-0.21117107957223458,-0.16604623219036618,0.2677019998933621,-0.024320545756513545,False,499.46939407359434,False,False,0.6368214340142947,0.8695493155297515,-0.012541206968697982,False,0.03025012247013146
NKE,472,0.24035298198843763,"Nike, Inc.",Consumer Discretionary,SP500,34.2400016784668,-0.010690520813631643,-0.032768355859083775,-0.10131225591192994,-0.1911355565858821,-0.19052046679887125,0.13654618473895583,0.07228915662650602,0.11044176706827309,-0.04099209337349398,-0.49240870374536294,0.010924203077955053,False,-0.040614135318849276,False,-0.10507412002795247,-0.2779706404710959,0.11741097489686458,-0.018204896282291716,False,1272.5228097597637,False,False,0.7532256379104084,2.2090737984340048,-0.026292974035369898,False,0.036945989919411074
XYL,473,0.23623761679783653,Xylem Inc.,Industrials,SP500,103.28800201416016,-0.012259708180218265,0.019926981712129033,-0.050748972229872735,-0.12792430542220534,-0.18662499267022148,0.39959839357429716,0.16666666666666666,0.11646586345381527,-0.20247395833333334,-0.3152280341760677,0.023869992330522116,False,-0.014431217756034731,False,-0.06880957993286407,-0.13733148858081579,0.0738942094441899,0.0015619051143715978,False,239.981168452816,False,False,0.8472076407096631,1.0104786008931532,-0.017308956334283532,False,0.014437287385544112
CMG,474,0.2358243204673533,Chipotle Mexican Grill,Consumer Discretionary,SP500,30.65999984741211,-0.007766982979968695,-0.0403756145453269,-0.17045452903453273,-0.11387279770130299,-0.09263098500470657,0.0321285140562249,0.19076305220883535,0.2469879518072289,-0.7525963227911646,-0.27620398003677815,0.0880056605883297,False,-0.07006369835762105,False,-0.11291909532560496,-0.11854759339323695,0.1272928937265898,-0.030956205224858535,False,555.9817559418701,False,False,0.6381471152123488,0.9311196902490002,-0.004530724640025019,False,0.012440959823753069
YUM,475,0.2334918175727102,Yum! Brands,Consumer Discretionary,SP500,140.43499755859375,0.004254871540939176,0.030035215862515452,-0.055962605913242536,-0.13083920538331972,-0.11591513521187857,0.3634538152610442,0.15863453815261044,0.21686746987951808,-0.2690998368473896,-0.15730478845425222,0.035830767733029845,False,0.009740757612432871,True,-0.03567786373204629,-0.07920771178683572,0.03699786864804744,0.013675778342213452,False,341.86628408403686,False,False,0.9602769829619057,0.7559760188075034,-0.0200943766603372,False,0.011471252426296395
SRE,476,0.2284209165290193,Sempra,Utilities,SP500,79.69000244140625,-0.0035012976744133173,0.02219091043163135,-0.05979495770029297,-0.15071525648776074,-0.18149661177445597,0.3393574297188755,0.12048192771084337,0.12048192771084337,-0.14904932228915663,-0.1886354110123003,0.03641569871224082,False,-0.000149037709804678,False,-0.036691361256733335,-0.1006698461680614,0.038088894650214034,0.00919985049901162,False,322.1290956642023,False,False,0.7898844590364369,0.6520010931047372,-0.02000748342750902,False,0.004368270863783207
CRH,477,0.22177662261951034,CRH plc,Materials,SP500,82.43000030517578,-0.013995193663879024,-0.004468632040396714,-0.09027701412730449,-0.2069724088363596,-0.2702395323919853,0.18674698795180722,0.06626506024096386,0.05622489959839357,-0.05678181475903614,-0.3655507312077494,0.00893516994126764,False,-0.03321526974688227,False,-0.09984074453801817,-0.22978586392565892,0.11091453421403497,-0.011580005797390935,False,448.2877322740013,False,False,0.6843289241831685,0.7957186499272042,-0.006100504133242812,False,0.038927072355725484
LOW,478,0.2204699088693484,Lowe's,Consumer Discretionary,SP500,182.47500610351562,-0.006506190871361062,-0.009848538980622767,-0.09125994357439715,-0.13801534847767982,-0.2428627677441465,0.18072289156626506,0.142570281124498,0.07429718875502007,-0.148445343875502,-0.3580707664341797,0.01657385015886148,False,-0.03737473268155855,False,-0.10211106262643865,-0.20293419860718231,0.11372348892628792,-0.010402451275930424,False,615.3700156842309,False,False,0.6888057242441598,0.8351080342807119,-0.021397031169817504,False,0.01460212078115118
CMCSA,479,0.2202645384967289,Comcast,Communication Services,SP500,21.390600204467773,-0.007857108797345025,-0.016976103884583704,-0.18759588809535555,-0.08391435310454676,-0.224533252385814,0.014056224899598393,0.3172690763052209,0.08433734939759036,-0.4288246736947791,-0.32468697139719715,0.0,False,-0.057538740874914285,False,-0.13034363465901289,-0.1841780187668034,0.14987946947057185,-0.018525570480554143,False,645.7047161806881,False,False,0.5898322891421914,0.7307462254360703,-0.013914621729673282,False,0.029531240353884804
APP,480,0.21967531162958284,AppLovin,Communication Services,SP500,274.739990234375,-0.014491744610847235,-0.05402335446436357,-0.11945135849726873,-0.4720903981305835,-0.29769943338095595,0.10441767068273092,0.004016064257028112,0.04216867469879518,0.002062939257028112,-0.6254907314917288,0.024308362478557166,False,-0.10611365129837758,False,-0.14932014004402294,-0.38980514382670794,0.1755303576268401,-0.044310290569938404,False,1927.9737288486328,False,False,0.7507094095410854,0.969829833786045,-0.016342634965954783,False,0.03253162925176332
HD,481,0.21788387167622103,Home Depot (The),Consumer Discretionary,SP500,284.7149963378906,-0.006888995384201735,0.0007909104405756651,-0.09239724176361053,-0.15326917708236143,-0.14039615405559025,0.16666666666666666,0.10843373493975904,0.1706827309236948,-0.33492564006024095,-0.25611480985622215,0.012680072981679835,False,-0.03497483260178824,False,-0.1048808877298234,-0.14671545462757563,0.11716975572538879,-0.00822557960043413,False,1348.598756512586,False,False,0.741483311535404,1.0075400469545335,-0.012068755190670744,False,0.05320591296533194
MCD,482,0.21759993603446043,McDonald's,Consumer Discretionary,SP500,232.6750030517578,0.0009679763668299923,0.007512776444140501,-0.0904381952528529,-0.15248712189229952,-0.23156228922700817,0.18473895582329317,0.1144578313253012,0.08032128514056225,-0.0554640436746988,-0.3044156496054372,0.007512776444140501,False,-0.03686248142101611,False,-0.0915649988857744,-0.18408155568493068,0.100794221681757,-0.007724436644179211,False,1294.5629151125922,False,False,0.939739502931535,0.9360782171680705,0.0038503088157071375,False,0.04960707382578233
LVS,483,0.21692965156998964,Las Vegas Sands,Consumer Discretionary,SP500,36.29999923706055,-0.00027546504687891993,-0.03993657977746423,-0.17462483822448127,-0.21352427287897913,-0.3270263656853586,0.024096385542168676,0.05622489959839357,0.0321285140562249,-0.03361885040160643,-0.46846931237022194,0.0019320920703467248,False,-0.07474672359728995,False,-0.15942076133278205,-0.28537546935096914,0.18965583968687105,-0.026959964191864194,False,225.9412846739383,False,False,0.6804121436921734,0.9348825409010055,0.009914535445848305,False,0.021179786441980805
IP,484,0.21506041808362483,International Paper,Materials,SP500,31.809999465942383,-0.010267577161570784,-0.04100086759354116,-0.12825437098530312,-0.13468935808477756,-0.11917497074585348,0.08032128514056225,0.1465863453815261,0.20481927710843373,-0.5956011546184738,-0.32958011689173716,0.11137454891394483,False,-0.06255066987635238,False,-0.15183673990489732,-0.14451091267569227,0.1790182940580003,-0.030079886945667655,False,174.1632427502083,False,False,0.6530185661544986,1.0064844515891969,-0.0006222917904009639,False,0.011518276935302298
PNR,485,0.21436646282711488,Pentair,Industrials,SP500,52.495201110839844,-0.008401917782535295,-0.00933762128616844,-0.10448307629895748,-0.2929522226841803,-0.4158239507518263,0.1285140562248996,0.020080321285140562,0.008032128514056224,-0.03265405371485944,-0.5247063353345125,0.0,False,-0.03766394100744386,False,-0.12978355893417104,-0.34249535399022657,0.14913940119910163,-0.01420464463639648,False,190.75007984231246,False,False,0.4133144116806824,0.6102491766097923,0.002833425193993655,False,0.008084334752417828
TTD,486,0.21136190427030707,Trade Desk (The),Communication Services,SP500,11.895000457763672,-0.002097283420324114,-0.022596517403968397,-0.15156918192704238,-0.3977214958094344,-0.41259256998697913,0.05421686746987952,0.008032128514056224,0.012048192771084338,-0.003686621485943776,-0.7802512428773938,0.0,False,-0.0931096665067569,False,-0.1597380411085466,-0.4647581664937781,0.19010504928639982,-0.02653004563022443,False,371.9732200998604,False,False,0.5148117092466784,0.5858094957678309,-0.0016778907412465793,False,0.014558942205891441
EFX,487,0.21128597049488274,Equifax,Industrials,SP500,143.4199981689453,0.0065974345142723045,0.04503054815229568,-0.1643165001198511,-0.136958865768676,-0.21721451758432464,0.040160642570281124,0.14457831325301204,0.08835341365461848,-0.31245293674698793,-0.39477926720251444,0.04503054815229568,False,-0.0635202642603716,False,-0.1610570571490052,-0.2052255125032817,0.19197617492517693,-0.007045406525576059,False,241.81779223579255,False,False,0.6374845664893459,1.3379760308363124,0.005755245289218225,False,0.009512853856156847
CHRW,488,0.20480424723085894,C.H. Robinson,Industrials,SP500,135.39999389648438,0.0025915648783245704,-0.08488789029100297,-0.09793478753687368,-0.29454237858117027,-0.20862012272238828,0.1465863453815261,0.018072289156626505,0.0963855421686747,-0.026849585843373495,-0.35066365521321596,0.10510805739539775,False,-0.09540961954398852,False,-0.08895338741441339,-0.2071591823547252,0.0976386786203618,-0.061668685967316006,False,270.4094373437848,False,False,0.9909836243161788,1.7285010869913722,0.0014809103570736504,False,0.019711019527033656
MKC,489,0.20416923490332295,McCormick & Company,Consumer Staples,SP500,45.65999984741211,0.005726835083584625,-0.015948311511457036,-0.12023124267839069,-0.1140861653796319,-0.07969819285695723,0.10240963855421686,0.18674698795180722,0.2751004016064257,-0.4968467620481928,-0.35122902028955594,0.03443589666474112,False,-0.05169370352204361,False,-0.11118897962090879,-0.16357240387377603,0.12509856096685779,-0.013170966242523674,False,156.11302206007156,False,False,0.8851269716271728,1.482534667896142,0.007709217232549914,False,0.021872758297351334
HBAN,490,0.20411112696754763,Huntington Bancshares,Financials,SP500,15.145000457763672,-0.012067806057604935,-0.007536026827870579,-0.08741907370589475,-0.13880321579154298,-0.05608761602251977,0.20080321285140562,0.13855421686746988,0.3072289156626506,-0.3204301581325301,-0.19097134378864433,0.03742208319100415,False,-0.03551147540227917,False,-0.08255813190777761,-0.08707983929616958,0.08998731666721671,-0.013001449715633662,False,416.0139926197602,False,False,1.1506084054180596,0.7622126762827858,-0.009132442532257312,False,0.010215469175513978
BLDR,491,0.20364645325252625,Builders FirstSource,Industrials,SP500,54.28499984741211,-0.03441838013654197,-0.04779860646113787,-0.13255036338983084,-0.27173330855025435,-0.34667225610819874,0.07228915662650602,0.030120481927710843,0.02610441767068273,-0.04605139307228916,-0.5809402295744654,0.0,False,-0.06687923999488865,False,-0.162399080047834,-0.36018830009362435,0.19388598577125293,-0.04081886344520369,False,176.88090767656004,False,False,0.5570812179653734,0.6821784163337783,0.004802569404147361,False,0.01824465287362814
BA,492,0.20133180150035626,Boeing,Industrials,SP500,188.39999389648438,-0.007480841707633856,0.012630963752646718,-0.10596498972042878,-0.15557351359828175,-0.13498626603915542,0.12449799196787148,0.10642570281124498,0.18072289156626506,-0.19630867218875503,-0.25282570510856883,0.05180883783089385,False,-0.043882963050587476,False,-0.10666363480292473,-0.14558077776358236,0.1193991859711141,-0.017083596411371804,False,1392.8042589701092,False,False,1.089386790540069,1.21006560933717,0.016752673865140677,False,0.03482827999048497
FER,493,0.20087948821495663,Ferrovial,Industrials,NDX,50.994998931884766,-0.009036147704250541,-0.05739370849930092,-0.12062428943124959,-0.21011460873116639,-0.2667717324745823,0.09839357429718876,0.060240963855421686,0.06224899598393574,-0.037415286144578314,-0.3076818024756012,0.0,False,-0.06377512001129515,False,-0.13999549983555604,-0.21825738733563937,0.1627846131139863,-0.037607148268626434,False,92.16841644972718,False,False,1.0253671786427563,1.3388510617072766,-0.006995736819983445,False,0.05253532211520444
PCG,494,0.20043883953151317,PG&E Corporation,Utilities,SP500,12.479999542236328,-0.0016000366210937589,0.018775472835618645,-0.15442356515719757,-0.2705795976318274,-0.31659095647189517,0.050200803212851405,0.0321285140562249,0.03815261044176707,-0.1006839859437751,-0.34045291739414996,0.04865629129923743,False,-0.020618847190575607,False,-0.1734262307739961,-0.23744790739610566,0.20981337326539018,0.004137052668462093,False,599.6886243651512,False,False,0.4677140197465363,0.6336578749631079,-0.008799972534179634,False,0.03075242263082216
JBHT,495,0.19995969260104937,J.B. Hunt,Industrials,SP500,224.5800018310547,-0.005975261755812311,0.002365537924917671,-0.1826915975371366,-0.203995610153888,0.003327912245316922,0.020080321285140562,0.06827309236947791,0.46184738955823296,-0.16805503263052207,-0.24614191349699244,0.6516020559299764,False,-0.0599354851918702,False,-0.12723615553918788,-0.07699415921205333,0.14578531907195758,-0.020434430242075807,False,245.36538924062347,False,False,1.5110997330366076,0.6672483959770323,-0.010932527959926941,False,0.008628870547719302
AON,496,0.1976587423281837,Aon plc,Financials,SP500,275.29998779296875,0.004781187653874364,-0.005311273906328462,-0.1282181818814363,-0.22396350739455972,-0.16104006134310334,0.0823293172690763,0.04819277108433735,0.1465863453815261,-0.24086972891566266,-0.27627466813320645,0.021710800968317123,False,-0.037923944680010924,False,-0.1484604446362483,-0.16489911176109973,0.17434356830650155,-0.004177732075027363,False,505.8382992340454,False,False,0.6783033252155226,0.8000784813127845,-0.011533281414427776,False,0.030817950482609643
CASY,497,0.19715932783553566,Casey's,Consumer Staples,SP500,624.3200073242188,0.005670134665698212,0.02606578046022423,-0.14883636363636366,-0.23991709639424152,-0.17557171371657543,0.060240963855421686,0.04216867469879518,0.13453815261044177,-0.26251882530120485,-0.31812529802014966,0.21944144782324493,False,0.029815533876532907,True,-0.14624680355830677,-0.14789329440700083,0.17129868932595516,0.013917567263396657,False,355.68615619819826,False,False,0.6740354481145294,0.9831983877937174,0.005315702090621377,False,0.01117653080180614
FSLR,498,0.1953975554435484,First Solar,Information Technology,SP500,177.44000244140625,-0.013125698388738116,0.013016663231493641,-0.16792495924311257,-0.2234573197312637,-0.11624662057870927,0.03815261044176707,0.050200803212851405,0.21485943775100402,0.013091428212851405,-0.4424508957065004,0.030968577143413833,False,-0.056524008024461114,False,-0.13846427799246563,-0.20440517813833836,0.1607179765800293,-0.007448253518379966,False,493.3092280288587,False,False,1.202281892640081,0.659463597682194,-0.01807563929275602,False,0.02102110326557847
WY,499,0.19358501293480374,Weyerhaeuser,Real Estate,SP500,18.670000076293945,0.0037634243757305175,-0.01994746330631536,-0.17717057572253747,-0.16258957169842314,-0.23681521046403176,0.02208835341365462,0.10040160642570281,0.0783132530120482,-0.1300671435742972,-0.2926961643203697,0.010828412039779911,False,-0.0854091542457206,False,-0.1742554778914096,-0.21250001826761,0.2110283183549766,-0.02397830300047199,False,139.21276765511837,False,False,0.8618109116566336,1.335864379209303,-0.008064495454511378,False,0.056367706580312434
INSM,500,0.19105608421589584,Insmed,Health Care,NDX,103.4800033569336,-0.016630237994615604,-0.09339404319010025,-0.17143082822762368,-0.12497884755888089,-0.3539767256302324,0.030120481927710843,0.1706827309236948,0.024096385542168676,-0.8000203940763052,-0.5105245657044557,0.12625170276748232,False,-0.11845633753135376,False,-0.13587358230899638,-0.2149957711758006,0.1572380840665173,-0.058101619471393806,False,308.7071395046475,False,False,0.5370934418317745,1.2256820467680973,-0.012638998276407909,False,0.011899777111908365
ALNY,501,0.18331245850336833,Alnylam Pharmaceuticals,Health Care,NDX,223.32000732421875,-0.0027685768975095337,-0.09491771762805667,-0.1414071430842605,-0.2860385523083412,-0.31758592108718486,0.06626506024096386,0.024096385542168676,0.03614457831325301,-0.08527861445783133,-0.545376803124346,0.08682116005265583,False,-0.07549576559310267,False,-0.06191870711542191,-0.25639303210705644,0.06600569437327053,-0.03754008654612784,False,429.26834540054324,False,False,0.5971501119425863,0.6875855381801634,0.002009453171993858,False,0.005259868206293433
WYNN,502,0.17540165703135124,Wynn Resorts,Consumer Discretionary,SP500,76.33460235595703,-0.0037248809761721846,-0.03897013643870084,-0.17225546144516712,-0.22572623214401932,-0.2709759835106821,0.028112449799196786,0.04618473895582329,0.05220883534136546,-0.05537776104417671,-0.4222718790946325,0.005991105943517816,False,-0.06311161443080915,False,-0.16466530087491782,-0.2514115043602192,0.1971249381204756,-0.022849520362729248,False,170.24547087088163,False,False,0.8987167085357777,0.9678822317974947,0.0005220688344222957,False,0.01539190517466624
VRT,503,0.1742119308888781,Vertiv,Industrials,SP500,244.0,-0.03610650000666071,0.01114749686553318,-0.1608161609961647,-0.24654298452355483,-0.13137176019996044,0.04216867469879518,0.03815261044176707,0.18473895582329317,-0.23723801455823293,-0.3511665728967771,0.629638190160994,False,-0.012502796806657335,False,-0.057151706156885584,-0.08247968972276631,0.06061601482453893,-0.019041863841131268,False,1365.5205197330945,False,False,0.643042234426317,0.5849447020284102,0.0002173024204115137,False,0.05655634172826935
FIS,504,0.1650168972260008,Fidelity National Information Services,Financials,SP500,33.68000030517578,0.007779836938233808,0.02370816848392332,-0.13573920399605388,-0.18122663962216834,-0.2670023060053107,0.06827309236947791,0.0783132530120482,0.060240963855421686,-0.31817112198795183,-0.4900574307078993,0.03822446766214904,False,-0.04132982701571497,False,-0.13721385469471947,-0.2571922153980418,0.15903576505180084,-0.0028702733737183683,False,248.04520713389968,False,False,0.6773047522773518,0.8762537673905838,0.007181379162665813,False,0.008975592917794609
ROL,505,0.16160892309155983,"Rollins, Inc.",Industrials,SP500,30.493999481201172,0.004744616076491459,0.012416953238614026,-0.127496457352395,-0.31555543796838825,-0.4378955440856961,0.08433734939759036,0.014056224899598393,0.006024096385542169,-0.011334400100401607,-0.5298721992681272,0.02707978890809648,False,-0.04397635811464051,False,-0.1219258816320522,-0.37582846185609986,0.1388560248862276,-0.0035098531430283186,False,207.65448459188522,False,False,1.1087209981055033,0.9126043159450395,-0.021581570952645568,False,0.008952521878967142
ALB,506,0.15803927656189276,Albemarle Corporation,Materials,SP500,105.08000183105469,-0.011941670533972215,-0.006617479261865844,-0.1862776851062905,-0.17899069662999845,-0.40428790172586815,0.01606425702811245,0.08032128514056225,0.014056224899598393,-0.0056162148594377514,-0.5097710877457348,0.20163756488127582,False,-0.049269157529206575,False,-0.1386964553769785,-0.3178363544730918,0.16103086564874602,-0.016185059281677017,False,281.34002013973054,False,False,0.9608171221498091,0.6523050158475665,-0.008838691354005612,False,0.017908031583943978
NRG,507,0.15576831013570414,NRG Energy,Utilities,SP500,101.42500305175781,-0.02099416461773973,0.060376387179841506,-0.15224838206967284,-0.27544827284001316,-0.36308962695790137,0.05220883534136546,0.028112449799196786,0.020080321285140562,-0.17891880020080322,-0.4452168465395646,0.06505302400971891,False,-0.008366653538232072,False,-0.09540767999252442,-0.2722058942896145,0.10547036259575582,0.017409320174559983,False,333.94818193312835,False,False,0.7427775332163958,0.93317390106796,-0.025096510737599664,False,0.023176253309953737
MGM,508,0.15364365729045212,MGM Resorts,Consumer Discretionary,SP500,30.415000915527344,-0.004092992673633056,-0.020450832113879214,-0.25343643440242547,-0.34506886703405715,-0.18018862085012843,0.006024096385542169,0.010040160642570281,0.12248995983935743,-0.07003796435742972,-0.3999802379260389,0.00812067744825451,False,-0.1340123800525127,False,-0.2405078898767904,-0.23302080779732315,0.3166693724280738,-0.0388709954502906,False,127.3146389076889,False,False,2.012997169990652,1.1002502948360822,-0.0016372345419203294,False,0.019264278572813355
FICO,509,0.14926199252655784,Fair Isaac,Information Technology,SP500,694.0499877929688,-0.0020274841617610173,0.17145175639752974,-0.2563484443686419,-0.45752341372094285,-0.36444639118836686,0.004016064257028112,0.006024096385542169,0.018072289156626505,-0.029132153614457833,-0.6307360965324121,0.17145175639752974,False,-0.17041141197753173,False,-0.30100616757098,-0.4228319391075217,0.43062778755139575,-0.036485064459708005,False,539.7076700567749,False,False,1.632211546760915,2.2860061794903554,-0.0009634542952043912,False,0.033734162144549024
CHTR,510,0.10780444105049229,Charter Communications,Communication Services,SP500,109.70500183105469,0.009803041673320578,-0.010775470499388207,-0.2472554021126313,-0.1834388027751347,-0.5050083498889895,0.008032128514056224,0.07630522088353414,0.004016064257028112,-0.6131479041164658,-0.6032081978017587,0.017954952660869106,False,-0.09887486528052158,False,-0.2100842444692319,-0.36727394392028856,0.26595778473625953,-0.01993406709626222,False,386.9412658955478,False,False,0.702330194401968,0.7858151989643963,0.011505891080841657,False,0.009430764304176794
COO,511,0.10762272881849982,Cooper Companies (The),Health Care,SP500,56.20000076293945,-0.004075838047004843,-0.005837573385518602,-0.16974444177946013,-0.20867356492016687,-0.21650636926246536,0.03614457831325301,0.06224899598393574,0.09036144578313253,-0.36157912901606426,-0.33349144964015986,0.05500282110000909,False,0.013580547896393957,True,-0.14978335280704058,-0.20839717586949147,0.17617080693674847,-0.005490970817759844,False,206.28823617719223,False,False,1.8751674357925192,0.9595602658346781,-0.0017720799854740177,False,0.0038924031493880722
CTVA,512,0.05230455592531416,Corteva,Materials,SP500,14.170000076293945,0.018691605444568493,-0.8175144906910089,-0.8350407470944575,-0.8306677395141406,-0.8304796156897128,0.002008032128514056,0.002008032128514056,0.002008032128514056,-0.7577575928714859,-0.8431090264100769,0.18875838805359724,False,-0.7774549423293564,False,-0.8092131139633904,-0.8161587129588183,4.241450399311578,-0.5932492194708943,False,458.4274729187704,False,False,8.717601243265804,6.420583487312201,-0.059669297829681334,False,0.059526494016764596
