,rank,score,name,sector,index,price,ret_1d,ret_1w,ret_1m,ret_3m,ret_6m,rs_1m,rs_3m,rs_6m,rs_3m_chg,pct_from_52w_high,pct_from_52w_low,new_52w_high,pct_vs_20dma,above_20dma,pct_vs_50dma,pct_vs_200dma,dist_to_50dma,pct_vs_9ema,pullback_9ema,avg_dollar_vol_m,above_50dma,above_200dma,vol_ratio_20_60,volume_x,gap_pct,gap_up,rvol
DASH,1,0.8514619883040936,DoorDash,Consumer Discretionary,SP500,231.74000549316406,,0.0117000260330693,0.18138255080960408,0.406360038899819,0.31364435509582655,0.9376218323586745,0.9824561403508771,0.8947368421052632,0.1656920077972709,,,False,,False,,,,0.01735417955607943,False,874.420361854491,False,False,0.5056757286721612,0.9051533064145831,,False,0.7498139939358611
CRM,2,0.8437865497076024,Salesforce,Information Technology,SP500,257.5400085449219,0.006015658378601074,0.23189520497693739,0.3995218050511882,0.23189268741573588,0.3415417489955015,0.9922027290448343,0.9122807017543859,0.9064327485380117,0.38596491228070173,-0.027718600465755583,0.7155609973466863,False,0.2432177098415782,True,0.4072747732789188,0.28976200091666326,-0.2894067178721449,0.12549525205151313,False,2732.330370517639,True,True,1.685806233863436,1.9025510821945786,-0.006289064884185791,False,1.4829788262478139
TGT,3,0.81364522417154,Target Corporation,Consumer Staples,SP500,160.8800048828125,,-0.05303428417920708,0.12197960896521076,0.31044252376439174,0.4460237484891296,0.8654970760233918,0.9649122807017544,0.9395711500974658,0.23976608187134507,,,False,,False,,,,-0.003991480917026502,False,651.4834486441009,False,False,0.909988484997205,1.1636876293875964,,False,0.8564235587460538
MRNA,4,0.8105872319688109,Moderna,Health Care,SP500,140.33999633789062,0.017030152555816747,0.010439894554065798,1.5600145406629893,2.046895183534886,1.655691041651628,1.0,1.0,0.9980506822612085,0.14230019493177393,-0.19520591576882662,5.276386069190008,False,0.4132752039187857,True,0.7919640666131613,1.681705083650959,-0.4419530956945945,0.053598877159107605,False,2086.5169797219164,True,True,8.211841958935434,1.6728164222689652,-0.028190443037855673,False,1.0953653034214081
ROP,5,0.80458089668616,Roper Technologies,Information Technology,SP500,424.6400146484375,,0.021973008274728256,0.08334824942212649,0.2366158189660228,0.2058605014979875,0.7894736842105263,0.9181286549707602,0.8070175438596491,0.2378167641325536,,,False,,False,,,,0.02525028420055664,False,337.0805601049306,False,False,0.5461398038895915,0.814807740993075,,False,0.7293057810515942
ABNB,6,0.8037037037037037,Airbnb,Consumer Discretionary,SP500,183.22000122070312,,-0.036748884109336744,0.20921327913401933,0.32893310879549076,0.37490626424500073,0.9532163742690059,0.9727095516569201,0.9239766081871345,0.3586744639376218,,,False,,False,,,,-0.008214488576128498,False,726.2057072205524,False,False,2.220060881926378,1.1403169172593859,,False,1.7117056936142863
GPC,7,0.7961988304093568,Genuine Parts Company,Consumer Discretionary,SP500,135.6699981689453,,-0.00014742628123676216,0.09085788512353976,0.4101185274151593,0.1674771530806296,0.8089668615984406,0.9844054580896686,0.7602339181286549,0.1578947368421053,,,False,,False,,,,-0.0008938819951954668,False,207.45610543957147,False,False,0.55727558678256,0.8187109303465104,,False,0.7333036172342161
J,8,0.7900584795321638,Jacobs Solutions,Industrials,SP500,149.0500030517578,,-0.016885413549816763,0.10734154123665407,0.21454720069748423,0.0780892666659676,0.8401559454191033,0.898635477582846,0.5964912280701754,0.3664717348927875,,,False,,False,,,,0.0007003110196988072,False,128.82911961275997,False,False,0.5936708848473564,0.9853390897643461,,False,1.3572909341822892
ZS,9,0.782066276803119,Zscaler,Information Technology,NDX,188.38499450683594,,0.07000452754260866,0.24593252849947267,0.20984513765394874,0.2679027607028983,0.9727095516569201,0.8908382066276803,0.8615984405458089,0.08966861598440545,,,False,,False,,,,0.045213036877326696,False,378.78338754720886,False,False,0.6972225267625424,1.1056289894865297,,False,0.9447208174373023
BX,10,0.777485380116959,Blackstone Inc.,Financials,SP500,143.24000549316406,,-0.0027846971469229764,0.13269023035088523,0.23739677570049111,0.2662964198987381,0.8810916179337231,0.9200779727095516,0.8596491228070176,0.4619883040935672,,,False,,False,,,,0.0015753547892385367,False,595.4070042048239,False,False,0.8734101412474082,0.6409796632600674,,False,0.6999202489671341
PSX,11,0.7758284600389864,Phillips 66,Energy,SP500,246.5800018310547,,0.01909404442466789,0.17105415814970182,0.3753258553346146,0.5587990396329847,0.9298245614035088,0.9766081871345029,0.9532163742690059,0.12475633528265107,,,False,,False,,,,0.027665249386455537,False,567.8981944129476,False,False,1.0879632094556682,1.0205480692603057,,False,1.593766855052412
LH,12,0.7748538011695907,Labcorp,Health Care,SP500,332.6600036621094,,-0.017583471945538554,0.07817983638289694,0.2978284958559294,0.16692594540929973,0.783625730994152,0.9610136452241715,0.7543859649122807,0.08771929824561409,,,False,,False,,,,0.0015380493078260837,False,209.38637427084785,False,False,0.595018387189445,1.0453226531529691,,False,1.203391689005722
IQV,13,0.7730994152046784,IQVIA,Health Care,SP500,261.19000244140625,,0.003650523527055416,0.11135221552717778,0.3980836752035948,0.4987662594708553,0.847953216374269,0.9805068226120858,0.949317738791423,0.0019493177387914784,,,False,,False,,,,0.01728249949407612,False,311.36853035281433,False,False,0.5849110182147106,0.839876293222039,,False,0.8986797834991223
PLTR,14,0.7658869395711502,Palantir Technologies,Information Technology,SP500,186.3800048828125,0.00048317998778091287,0.05963957888205784,0.5145458197662451,0.1601619169864854,0.2838741284952555,0.9980506822612085,0.797270955165692,0.8732943469785575,0.6764132553606238,-0.10039573572878213,0.7374849512019586,False,0.07078638225450296,True,0.2862344776031003,0.23146211291954244,-0.22253677893668233,0.03595349367408396,False,6125.001448630035,True,True,2.062162162406418,0.6792678400595802,-0.009635505038578684,False,0.6017169315675299
VLO,15,0.7632553606237816,Valero Energy,Energy,SP500,358.9200134277344,,0.03734107927090857,0.1470758083379018,0.4268457847139182,0.6845142972420715,0.9083820662768031,0.9922027290448343,0.9668615984405458,0.07797270955165692,,,False,,False,,,,0.03514765096936734,False,834.1798366492758,False,False,0.9159435680412783,0.8417086043268686,,False,1.245032517954192
SJM,16,0.7597465886939572,J.M. Smucker Company (The),Consumer Staples,SP500,131.16000366210938,,0.04202749503531722,0.11008875916741223,0.31586511333273526,0.16723661274007706,0.8440545808966862,0.9688109161793372,0.7563352826510721,0.0721247563352827,,,False,,False,,,,0.03211549879707709,False,167.33175318956958,False,False,0.7190894288886057,1.4359285651070437,,False,0.8603708942145687
EXPE,17,0.7593567251461989,Expedia Group,Consumer Discretionary,SP500,317.1199951171875,,-0.06355334487138642,0.07748241237137132,0.3906255185711365,0.4956942282406638,0.7816764132553606,0.9785575048732943,0.9473684210526315,0.1286549707602339,,,False,,False,,,,-0.02160604754133233,False,450.0362857890849,False,False,0.9511430356723912,0.8322638603696099,,False,0.8439832089552238
BDX,18,0.7584795321637426,Becton Dickinson,Health Care,SP500,188.11000061035156,,-0.013788428263973973,0.13579281582064318,0.30348959025011646,0.07990241616352733,0.8908382066276803,0.9629629629629629,0.6023391812865497,0.2514619883040935,,,False,,False,,,,0.0030359471388388126,False,348.7903775700472,False,False,0.7112761304309717,0.7773559865535803,,False,1.198485736343258
CRL,19,0.7548732943469786,Charles River Laboratories,Health Care,SP500,288.239990234375,,-0.034630574060220964,0.23968860283079385,0.5831272512726133,0.6137953599988382,0.9707602339181286,0.9980506822612085,0.9590643274853801,0.02729044834307992,,,False,,False,,,,-0.007896815972925575,False,232.034597186217,False,False,0.9811375706926659,1.0956487564293484,,False,1.158353609966092
IVZ,20,0.7526315789473685,Invesco,Financials,SP500,32.779998779296875,,0.01016943015712668,0.11483938866165833,0.1947590705186315,0.27275549517770425,0.8576998050682261,0.8596491228070176,0.8693957115009746,0.09941520467836262,,,False,,False,,,,0.00663444067277652,False,142.90181393691083,False,False,0.6037772823917918,0.7001265454196078,,False,0.8797328367769811
MPC,21,0.7497076023391813,Marathon Petroleum,Energy,SP500,373.32000732421875,,0.02979151119344081,0.18286788763086248,0.447236633917081,0.7909201601806242,0.9415204678362573,0.9941520467836257,0.9688109161793372,0.05847953216374269,,,False,,False,,,,0.03432671524104669,False,725.7116245839334,False,False,1.3177644221832252,1.1719635247833322,,False,1.5359485880736086
APA,22,0.7496101364522418,APA Corporation,Energy,SP500,43.150001525878906,,0.004422775732202622,0.15621655623601804,0.1510915283269012,0.3803899927920582,0.9200779727095516,0.7797270955165692,0.9259259259259259,0.5925925925925926,,,False,,False,,,,0.022399514291782996,False,205.2880379585383,False,False,1.2284411383579446,0.7989799801191895,,False,0.742212634361673
VEEV,23,0.7495126705653022,Veeva Systems,Health Care,SP500,285.69000244140625,,0.14984301183897997,0.40195310704080267,0.5143114433151283,0.5744833686764848,0.9941520467836257,0.9961013645224172,0.9551656920077972,0.04483430799220278,,,False,,False,,,,0.09882628084074807,False,420.9350455823937,False,False,1.386447694605894,1.532697049147713,,False,1.3832064568110467
SLB,24,0.7475633528265108,Schlumberger,Energy,SP500,60.099998474121094,,0.1129629347059462,0.21193785620476002,0.10347226823470668,0.17837149569600586,0.9610136452241715,0.6471734892787524,0.783625730994152,0.5360623781676412,,,False,,False,,,,0.08847234756666733,False,654.2288215507741,False,False,0.8551396363942843,1.3161019904976852,,False,2.653924746167874
NWSA,25,0.7464912280701754,News Corp (Class A),Communication Services,SP500,30.709999084472656,,-0.0016255248386581878,0.11429606965061545,0.14589552084781943,0.2865387097044838,0.8557504873294347,0.7641325536062378,0.8752436647173489,0.2300194931773879,,,False,,False,,,,0.009594402705889626,False,116.92059268326662,False,False,0.8338083593812242,0.9305186360619506,,False,1.0782606816644662
DGX,26,0.7460038986354777,Quest Diagnostics,Health Care,SP500,240.3000030517578,,-0.014638914736985975,0.031286248301714004,0.2553435377069757,0.15257763557623272,0.6335282651072125,0.9376218323586745,0.7387914230019493,0.06627680311890838,,,False,,False,,,,-0.006334276933224636,False,216.24516984797887,False,False,0.4428948915271451,0.962448598802294,,False,1.4081645608459115
REGN,27,0.7422027290448344,Regeneron Pharmaceuticals,Health Care,SP500,799.0800170898438,,-0.03550993712752715,0.04901862983566896,0.3318901272516501,0.01314859415001357,0.6920077972709552,0.9746588693957114,0.46393762183235865,0.35672514619883033,,,False,,False,,,,-0.016116993849032313,False,576.8213535924795,False,False,0.6615322717362022,0.8491587038068054,,False,1.0579864138112567
TYL,28,0.7409356725146199,Tyler Technologies,Information Technology,SP500,372.2200012207031,,0.046178904075960814,0.20226096215337397,0.12852080275954503,0.049630608386026065,0.949317738791423,0.7212475633528265,0.543859649122807,0.5633528265107213,,,False,,False,,,,0.04984307322148629,False,286.7194014569341,False,False,0.7523759992919553,2.088948254535459,,False,5.959585336167544
SCHW,29,0.7402534113060429,Charles Schwab Corporation,Financials,SP500,109.81999969482422,,-0.03369997166416727,0.04656246503267325,0.24115657230245358,0.15756047380252625,0.6783625730994152,0.9239766081871345,0.7407407407407407,0.12670565302144243,,,False,,False,,,,-0.0029639658016334947,False,870.3134977007185,False,False,0.7420169921657673,1.033890572633153,,False,0.6875541645892898
SHOP,30,0.7401559454191033,Shopify,Information Technology,NDX,147.3699951171875,,-0.01622168147573877,0.25795982243015914,0.18731865820270222,0.2344613713162751,0.9746588693957114,0.8499025341130604,0.8362573099415205,0.5497076023391813,,,False,,False,,,,-0.015911414849904437,False,1217.307659916687,False,False,1.2913491379852748,0.6822152985716442,,False,0.749064447478623
FDS,31,0.7400584795321636,FactSet,Financials,SP500,313.54998779296875,,0.026988930268467826,0.19129929046634153,0.1576517656533989,0.43257194645844943,0.9473684210526315,0.7914230019493177,0.935672514619883,-0.023391812865497075,,,False,,False,,,,0.0444610881997336,False,246.94208792204566,False,False,0.6026729952485965,1.2884735216067,,False,1.1356402974750708
RJF,32,0.7374269005847953,Raymond James Financial,Financials,SP500,178.1699981689453,,0.008433357227370486,0.012444610152150037,0.2262041880528214,0.1622488158579185,0.5458089668615984,0.9083820662768031,0.7485380116959064,0.2085769980506822,,,False,,False,,,,0.007070059069636425,False,209.92107896821938,False,False,0.7201611792342372,0.8665699537114786,,False,0.9793195411005381
JPM,32,0.7374269005847953,JPMorgan Chase,Financials,SP500,356.0199890136719,,-0.001038260387655976,0.01202416318259325,0.2058259082483691,0.20800524370437068,0.5419103313840156,0.884990253411306,0.8109161793372319,0.14814814814814814,,,False,,False,,,,-0.0005775581720512957,False,2779.0262713603115,False,False,0.5925218909518627,0.7206990156095087,,False,0.9571934350494098
BLK,34,0.7349902534113062,BlackRock,Financials,SP500,1155.6099853515625,,-0.014497573969492694,0.05981343356684454,0.1385205719784579,0.09386951686285827,0.7407407407407407,0.7504873294346979,0.6276803118908382,0.27875243664717353,,,False,,False,,,,-0.004897567674666314,False,811.2800412090692,False,False,0.5751427070292758,0.8815047556171031,,False,1.0409794969170703
ANET,35,0.7344054580896686,Arista Networks,Information Technology,SP500,195.69000244140625,,0.04007445543192634,0.08505681074990323,0.14653158447887504,0.5134570597270058,0.7953216374269005,0.7660818713450293,0.9512670565302144,0.24561403508771928,,,False,,False,,,,0.0038337492822186903,False,1406.983302536789,False,False,0.8466979390425178,0.6977480430566787,,False,0.6338411945914798
COP,36,0.7331384015594543,ConocoPhillips,Energy,SP500,132.49000549316406,,-0.006449198132649325,0.10701931022049838,0.15395129805923724,0.1363742253806841,0.8382066276803118,0.7855750487329435,0.7037037037037037,0.4892787524366472,,,False,,False,,,,0.01343447982990309,False,803.3992816617226,False,False,0.9665808257459997,0.9971419637942451,,False,1.2364949800714973
AMGN,37,0.7329434697855751,Amgen,Health Care,SP500,429.8800048828125,,-0.03145275678231241,0.12263020304928585,0.31374295613308045,0.12952396088433238,0.8674463937621832,0.9668615984405458,0.6881091617933723,0.24951267056530213,,,False,,False,,,,-0.006432493081642843,False,962.205292564361,False,False,1.0976310227828456,0.8546343092700154,,False,0.8989828014953313
TMO,38,0.730019493177388,Thermo Fisher Scientific,Health Care,SP500,617.0999755859375,,-0.0185132404956434,0.07452548964426908,0.25034121212372296,0.2157954615008233,0.7699805068226121,0.935672514619883,0.8187134502923976,0.06822612085769975,,,False,,False,,,,-0.0043833104386407085,False,1145.5893950128673,False,False,0.6745874217566518,0.7624934152504288,,False,0.6816466385348071
CF,39,0.7299220272904484,CF Industries,Materials,SP500,130.02999877929688,,0.006112606410981547,0.04401281192434192,0.15357422178392466,0.2582317049762606,0.672514619883041,0.783625730994152,0.8576998050682261,0.36062378167641324,,,False,,False,,,,0.03213303451244309,False,289.7789455181356,False,False,1.0050379863582255,0.967350438680066,,False,1.2993003199910087
NWS,40,0.723879142300195,News Corp (Class B),Communication Services,SP500,34.40999984741211,,-0.018259612085004706,0.10041571294153417,0.12157755883747723,0.30771985832850635,0.8245614035087719,0.6998050682261209,0.8908382066276803,0.24366471734892792,,,False,,False,,,,-0.0016463428733645147,False,41.595703373161626,False,False,0.8388847942295745,0.8225339164939331,,False,0.8025571477612405
TECH,41,0.7224171539961015,Bio-Techne,Health Care,SP500,72.30999755859375,,-0.0011051503208898694,0.004162513476677621,0.425281997923842,0.2543076803155231,0.5009746588693957,0.9902534113060428,0.8518518518518519,0.040935672514619825,,,False,,False,,,,-8.74287663331641e-05,False,375.26947390160854,False,False,0.06346293058648811,0.338203873736553,,False,0.4127613362624508
RVTY,42,0.7214424951267057,Revvity,Health Care,SP500,128.6699981689453,,0.04609754608898631,0.14353005694720733,0.28084650378595133,0.34795936228422897,0.9044834307992202,0.9532163742690059,0.9083820662768031,0.005847953216374324,,,False,,False,,,,0.031220111349916646,False,173.55421230527918,False,False,0.904466367627813,0.9486440978972619,,False,1.0680260841456801
AJG,43,0.7195906432748539,Arthur J. Gallagher & Co.,Financials,SP500,262.1499938964844,,-0.03617778848924347,0.05103839235423435,0.2761891108113408,0.15072506965028998,0.7056530214424951,0.9512670565302144,0.7348927875243665,0.06627680311890838,,,False,,False,,,,0.0021941394762965416,False,381.88766047998547,False,False,0.7119346770089284,0.9166918176053923,,False,0.9537385754191398
WELL,44,0.7188109161793375,Welltower,Real Estate,SP500,236.24000549316406,,-0.01570763343175907,0.011481936699085038,0.20151920668290146,0.1321915735076873,0.5380116959064327,0.8732943469785575,0.6920077972709552,0.24951267056530213,,,False,,False,,,,-0.007784425488664426,False,722.5004689352853,False,False,0.7966373532768338,0.926430717167945,,False,1.558173730624296
MRK,45,0.7158869395711502,Merck & Co.,Health Care,SP500,147.75999450683594,,-0.019248699620221688,0.13486941605362945,0.2921990725512287,0.23486414242281484,0.8869395711500975,0.9590643274853801,0.8401559454191033,0.08966861598440545,,,False,,False,,,,-0.0015587330541277922,False,1372.18197166446,False,False,1.7561615319346773,1.0288923410662991,,False,1.0447070994469154
INCY,46,0.7147173489278753,Incyte,Health Care,SP500,123.22000122070312,,-0.037193327171237245,0.030957201150920266,0.2890470335948776,0.23170731800321276,0.6296296296296297,0.9551656920077972,0.8323586744639376,0.03703703703703698,,,False,,False,,,,-0.021618874802360244,False,203.86790158345747,False,False,0.5762139582109247,0.6049825900605507,,False,0.8399834954699226
APD,47,0.7127680311890839,Air Products,Materials,SP500,309.4599914550781,,0.010514633370510396,0.04940817281999421,0.11650594472800724,0.1335046790503871,0.6978557504873294,0.6861598440545809,0.695906432748538,0.3313840155945419,,,False,,False,,,,0.01210049136673752,False,363.21774095359336,False,False,0.6550483071300871,0.8229721063108535,,False,1.1609889552814818
OKE,48,0.7124756335282652,Oneok,Energy,SP500,96.01000213623047,,0.03214368524046751,0.06986855829859917,0.1436699977979472,0.1416512426123755,0.7621832358674464,0.7621832358674464,0.7153996101364523,0.3879142300194932,,,False,,False,,,,0.017918846020915202,False,332.3744331550598,False,False,0.962271068127602,0.9566722613319659,,False,1.382183331377011
ADP,49,0.711598440545809,Automatic Data Processing,Industrials,SP500,286.1600036621094,,0.011130326800430357,0.07393234571334295,0.233554655282453,0.35234400847096103,0.7680311890838206,0.9142300194931774,0.9142300194931774,-0.013645224171539905,,,False,,False,,,,0.01784061183502561,False,629.1054452190166,False,False,0.6305288609011814,0.6868151603248758,,False,0.6086966159068528
AMP,50,0.7109161793372321,Ameriprise Financial,Financials,SP500,553.1099853515625,,-0.014292622852924985,0.01648467391048314,0.24083198958934737,0.17153209865187535,0.5672514619883041,0.9220272904483431,0.7719298245614035,0.1228070175438597,,,False,,False,,,,-0.007199894601824242,False,301.31208479757504,False,False,0.6536163267655904,0.5843705720556774,,False,0.79806232865367
DE,51,0.7095516569200779,Deere & Company,Industrials,SP500,654.9099731445312,,0.009666314680712551,0.10501626879897175,0.2104924777176682,0.04382438919991638,0.834307992202729,0.8927875243664717,0.5321637426900585,0.47953216374269003,,,False,,False,,,,0.03669523632868388,False,734.1467293665049,False,False,1.1328795091948134,0.9675494542974079,,False,1.5017859103510747
CVX,52,0.7086379142300194,Chevron Corporation,Energy,SP500,206.13999938964844,0.02120280771998262,0.015017987624970752,0.05643967175402209,0.11897443840443156,0.1067699093330563,0.7290448343079922,0.695906432748538,0.6413255360623782,0.23196881091617938,-0.006187132168680831,0.4439272204446618,False,0.04213859948878507,True,0.1030555804664599,0.16462186202476126,-0.09342736874861712,0.020624463553871042,False,1549.508228200714,True,True,0.9398423376611063,0.9705967566495012,0.020905584107516972,False,1.4195621505702685
WDAY,53,0.7048732943469787,"Workday, Inc.",Information Technology,SP500,197.4499969482422,,-0.00853626412424513,0.23144568702713597,0.2558036145367555,0.473397545271671,0.9668615984405458,0.9395711500974658,0.9434697855750487,-0.015594541910331383,,,False,,False,,,,0.016527498912345395,False,762.9825110622329,False,False,1.1644074908263369,1.0208372646303083,,False,0.9353062946214309
EG,54,0.7040935672514621,Everest Group,Financials,SP500,374.6499938964844,,-0.005679594999617343,0.001336362443288719,0.16023804832131416,0.11664100607586159,0.4853801169590643,0.7992202729044834,0.6686159844054581,0.24561403508771928,,,False,,False,,,,0.0017931847329888395,False,129.95930935226752,False,False,0.6539835605568804,0.8197506801478052,,False,1.229809462546858
BAC,55,0.7039961013645224,Bank of America,Financials,SP500,61.939998626708984,,-0.006257070317482238,-0.0001614549815542876,0.20873279947854728,0.25705280664160446,0.4756335282651072,0.8869395711500975,0.8557504873294347,0.06822612085769986,,,False,,False,,,,-0.005331169238580458,False,1942.1432056607148,False,False,0.7835180408439502,1.0904548018493962,,False,1.342251313408829
MDT,56,0.7032163742690057,Medtronic,Health Care,SP500,90.6500015258789,,-0.0242195905602135,0.06159974439428462,0.23638678459937568,-0.05999286708070717,0.7446393762183235,0.9161793372319688,0.27680311890838205,0.3450292397660818,,,False,,False,,,,-0.006196194526783549,False,650.8352965488667,False,False,0.6972760829179941,1.0887883563303289,,False,1.6104699674986458
BAX,57,0.7030214424951267,Baxter International,Health Care,SP500,26.0,,-0.01811887935438894,-0.00573278721466719,0.41358861014609394,0.32166311643812384,0.43079922027290446,0.98635477582846,0.898635477582846,0.005847953216374213,,,False,,False,,,,-0.01011425701355495,False,160.3006276257768,False,False,0.6012829047464169,0.6704620502370998,,False,0.5992448989159133
RMD,58,0.7016569200779728,ResMed|,Health Care,SP500,240.10000610351562,,0.03291034310908936,0.14128838155915413,0.2915094091066419,-0.06171551946926723,0.8966861598440545,0.9571150097465887,0.2729044834307992,0.5964912280701755,,,False,,False,,,,0.029206873732119387,False,317.942648887572,False,False,0.971050374174816,1.1034875628056862,,False,1.1164166348035356
OMC,59,0.7015594541910332,Omnicom Group,Communication Services,SP500,87.52999877929688,,-0.015853425043902858,0.11219824870974038,0.16448297747581742,0.046724909833851136,0.8499025341130604,0.8070175438596491,0.5399610136452242,0.30604288499025334,,,False,,False,,,,0.0009143427419211481,False,258.3596148402467,False,False,0.6838593754668691,0.6430295781049603,,False,0.5124671890569447
GPN,60,0.701364522417154,Global Payments,Financials,SP500,91.05000305175781,,-0.03446447396418639,0.08289725343617649,0.21122677690687874,0.17729159440603048,0.7875243664717348,0.8947368421052632,0.7816764132553606,0.06432748538011701,,,False,,False,,,,-0.01108557808010835,False,269.0574195804985,False,False,0.8160522557433939,0.8837390971999963,,False,1.0003158472863096
UNP,61,0.7008771929824562,Union Pacific Corporation,Industrials,SP500,300.6700134277344,,-0.02965846626953561,0.02923358916297447,0.14106266955496927,0.13208270202731098,0.6198830409356725,0.7582846003898636,0.6900584795321637,0.11695906432748537,,,False,,False,,,,-0.012509753370725685,False,825.2287574374452,False,False,0.5831069287474245,0.9269338015264094,,False,1.3115406616455334
GIS,62,0.699317738791423,General Mills,Consumer Staples,SP500,41.20000076293945,,0.006842683443877506,0.15244757378851626,0.24630295051972118,-0.0553941757925458,0.9161793372319688,0.9337231968810916,0.29239766081871343,0.456140350877193,,,False,,False,,,,0.028570181222094426,False,363.0150779177841,False,False,0.8380610795088019,0.8684428483374748,,False,1.0776025163747447
CRWD,63,0.6992202729044834,CrowdStrike,Information Technology,SP500,231.0,0.05769233725110667,0.21145379102660256,0.21031121901542837,0.18132889293724652,1.400873136124929,0.9571150097465887,0.8401559454191033,0.9902534113060428,-0.15204678362573099,0.0,1.6381156316916488,True,0.09802617441460937,True,0.1700791070427703,0.6390475058058616,-0.14535693015887108,0.09480435681552213,False,1896.386226788391,True,True,1.5663815846881655,1.6266326884937197,0.01572808110521695,False,1.8442053917115486
PANW,64,0.6980506822612086,Palo Alto Networks,Information Technology,SP500,382.1300048828125,,0.08899974787557552,0.15158370354088713,0.2717318653858791,1.5449884809603027,0.9142300194931774,0.9473684210526315,0.9941520467836257,-0.04678362573099415,,,False,,False,,,,0.046036334787378896,False,2203.3629825392118,False,False,1.176165541375161,0.9918927243140873,,False,1.3582350283240683
ZBRA,65,0.6976608187134504,Zebra Technologies,Information Technology,SP500,353.54998779296875,,-0.02683732542693107,0.2032876556389176,0.41442622138221696,0.5789120698644297,0.9512670565302144,0.9883040935672515,0.9571150097465887,0.042884990253411304,,,False,,False,,,,-0.01833102531144537,False,235.65348079273457,False,False,2.075954094797776,0.6665621702730073,,False,0.653712516927839
PAYX,66,0.6973684210526315,Paychex,Industrials,SP500,127.33999633789062,,0.010554671685683248,0.08986648689747434,0.25601202770514053,0.3827139261387045,0.8011695906432749,0.9415204678362573,0.9278752436647173,0.0,,,False,,False,,,,0.019863588170987878,False,342.8090237405894,False,False,0.7721199840261037,0.5865496934516391,,False,0.7785977218946519
ERIE,67,0.6963937621832358,Erie Indemnity,Financials,SP500,255.55999755859375,,-0.04868975720895952,0.055858554980531494,0.21460418892598798,-0.030892465990582707,0.7270955165692008,0.9005847953216374,0.3508771929824561,0.20662768031189083,,,False,,False,,,,-0.011410930029095878,False,73.93900139527612,False,False,0.7031810859386731,2.1850982510771377,,False,7.236322149043199
KKR,68,0.6948343079922028,KKR & Co.,Financials,SP500,109.72000122070312,,0.022363040744535656,0.0837868762433196,0.157020325223856,0.2155855958733779,0.7914230019493177,0.7894736842105263,0.8167641325536062,0.46783625730994155,,,False,,False,,,,0.008817269836334019,False,463.1212004726799,False,False,1.2475952998679476,0.5904572193922439,,False,0.8429831816317254
SYF,69,0.6927875243664718,Synchrony Financial,Financials,SP500,77.08000183105469,,-0.03674075150397382,0.021412288615902053,0.09309287020580448,0.1323853515074871,0.5867446393762183,0.6237816764132553,0.6939571150097466,0.24171539961013644,,,False,,False,,,,-0.025086444936335828,False,274.79501564598866,False,False,0.6445802628560875,1.071018460483213,,False,1.211561892046118
TRGP,70,0.6923001949317739,Targa Resources,Energy,SP500,293.6499938964844,,-0.0020730505297898993,0.08610422458012224,0.13873833637120825,0.23745250236210214,0.797270955165692,0.7543859649122807,0.8421052631578947,0.2300194931773879,,,False,,False,,,,0.011232161904966897,False,355.2406246011539,False,False,1.4667886041762281,0.9545530071178319,,False,1.3389831838846606
CTSH,71,0.6901559454191034,Cognizant,Information Technology,SP500,64.58000183105469,,0.038263682297787094,0.1735983863668631,0.13643578424175984,0.030184445762099665,0.9337231968810916,0.7387914230019493,0.49707602339181284,0.18908382066276808,,,False,,False,,,,0.03968295000416355,False,486.44015732026395,False,False,0.5384165019412848,0.6836537989494182,,False,0.7837222456438147
JNJ,72,0.6881091617933724,Johnson & Johnson,Health Care,SP500,265.8500061035156,,-0.021531121975283618,0.0421734373436351,0.19529848354799229,0.08101715996277958,0.6705653021442495,0.8635477582846004,0.6081871345029239,0.14035087719298245,,,False,,False,,,,-0.005157973323394183,False,1988.4908619586556,False,False,0.7719016461212407,0.8743638746357427,,False,0.9903689058289035
NEM,73,0.6856725146198832,Newmont,Materials,SP500,126.05999755859375,,-0.04384101137627017,0.3452139450450742,0.16517233306160217,-0.016468136075193263,0.9883040935672515,0.8089668615984406,0.3762183235867446,0.7173489278752436,,,False,,False,,,,-0.011038401538724818,False,836.6401836401958,False,False,1.1446087615356084,1.2770011021512342,,False,2.082042910447761
TRV,74,0.6850877192982456,Travelers Companies (The),Financials,SP500,365.92999267578125,,-0.012467940276302936,-0.022518412772841168,0.27179531454538397,0.18710471857234512,0.3391812865497076,0.949317738791423,0.7894736842105263,0.04678362573099415,,,False,,False,,,,-0.006571512051222861,False,701.8415419759323,False,False,0.6236803073073375,0.7502207988335156,,False,0.9211011175907198
MTD,75,0.6838206627680313,Mettler Toledo,Health Care,SP500,1405.1400146484375,,0.004467828016894382,-0.007879710368520754,0.18720487881099102,0.06041102935872655,0.4093567251461988,0.847953216374269,0.5653021442495126,0.15984405458089668,,,False,,False,,,,-0.00015345565737723277,False,255.31447658541933,False,False,0.30928688107773444,0.7588033422858848,,False,1.1511045029736617
JKHY,76,0.6837231968810917,Jack Henry & Associates,Financials,SP500,167.91000366210938,,-0.015248319327242243,0.09004161893342011,0.19764627187614647,0.030924599536127806,0.8031189083820662,0.8693957115009746,0.49902534113060426,0.4697855750487329,,,False,,False,,,,0.007121429537945589,False,171.4303576100875,False,False,1.0129502330202103,0.7939727890186545,,False,0.670655592687242
VRTX,77,0.683625730994152,Vertex Pharmaceuticals,Health Care,SP500,544.52001953125,,-0.00560639743906266,0.1413121202373373,0.2420621056391321,0.12034240869669666,0.898635477582846,0.9259259259259259,0.6744639376218323,0.2241715399610137,,,False,,False,,,,0.005463028881923515,False,768.7616624299342,False,False,1.215239182348668,0.5926563280513998,,False,0.7599322856066792
CTVA,78,0.6831384015594544,Corteva,Materials,SP500,84.62999725341797,,0.021978018940725708,0.07521278411643584,0.08946957931176924,0.053465599850479384,0.7758284600389863,0.6179337231968811,0.5497076023391813,0.29824561403508776,,,False,,False,,,,0.032806523005809884,False,355.6915223423549,False,False,0.6561861178164917,0.9643616530298735,,False,1.2811869889498366
WTW,79,0.680214424951267,Willis Towers Watson,Financials,SP500,338.54998779296875,,-0.034782643498307175,0.007829168433276967,0.3219043056955675,0.12097830707671231,0.5165692007797271,0.9707602339181286,0.6783625730994152,0.011695906432748537,,,False,,False,,,,-0.005006088666910213,False,177.00466573959662,False,False,0.6409078063300424,0.8575769458708467,,False,0.8230985294927576
V,80,0.6799220272904484,Visa Inc.,Financials,SP500,379.3699951171875,,-0.0079496051771909,0.038086943901350034,0.1775405977977469,0.18830203865481465,0.6608187134502924,0.8323586744639376,0.7914230019493177,0.1364522417153996,,,False,,False,,,,0.008180491018695779,False,2855.257550883328,False,False,0.9630745970951219,0.8193891158116975,,False,0.8257235742132651
BMY,81,0.6796296296296297,Bristol Myers Squibb,Health Care,SP500,66.80999755859375,,-0.0069857495426672855,0.022967387170000242,0.22955721354544378,0.09497627373431516,0.5964912280701754,0.9103313840155945,0.631578947368421,0.267056530214425,,,False,,False,,,,0.0018222927399846878,False,716.1629866663718,False,False,0.9505641745462098,0.7029387219942238,,False,1.0530129260968881
IT,82,0.6789473684210526,Gartner,Information Technology,SP500,198.11000061035156,,-0.023029875712880732,0.3118129718294391,0.10312380784070152,0.24386259368366425,0.9824561403508771,0.6432748538011696,0.8460038986354775,0.2124756335282651,,,False,,False,,,,0.021626355667973662,False,229.74209782851864,False,False,1.5509886484663,0.9317442140790742,,False,0.6618430279941623
DXCM,83,0.6777777777777778,Dexcom,Health Care,SP500,91.05999755859375,,0.0,0.09119234138584176,0.2162414080150521,0.23420980028730698,0.8109161793372319,0.9025341130604289,0.834307992202729,-0.07017543859649122,,,False,,False,,,,0.013426096334036464,False,392.35888115625187,False,False,0.6275382943862791,0.7094312899477048,,False,0.5961797459275882
SWK,84,0.6776803118908382,Stanley Black & Decker,Industrials,SP500,96.37000274658203,,-0.02172367620791449,0.018925786433423575,0.24600361547350058,0.17183513868276856,0.5730994152046783,0.9317738791423001,0.7738791423001949,0.03898635477582846,,,False,,False,,,,-0.02407109132786922,False,171.31675144787226,False,False,0.7364272576057018,0.7641156289564117,,False,0.8966305731483083
MSI,85,0.6724171539961015,Motorola Solutions,Information Technology,SP500,485.29998779296875,,0.007850138863476186,0.11371196280658347,0.18264855905538102,0.003971551200509182,0.8538011695906432,0.8421052631578947,0.4249512670565302,0.46588693957115007,,,False,,False,,,,0.009904026923884368,False,431.2918003851443,False,False,1.1164483869586168,0.9016397007654837,,False,1.1276929995623843
ABT,86,0.6712475633528264,Abbott Laboratories,Health Care,SP500,110.36000061035156,,-0.054084148946813904,0.044087074708159424,0.2662010395640064,-0.019940291663360865,0.6744639376218323,0.9434697855750487,0.3723196881091618,0.1150097465886939,,,False,,False,,,,-0.021182376417901327,False,1079.8583513130968,False,False,0.5969992730551411,0.7815628392677558,,False,0.941543709622776
VLTO,87,0.6710526315789473,Veralto,Industrials,SP500,98.56999969482422,,-0.008050750021593722,0.04672402688152433,0.1808050823059748,0.016917659117228645,0.6803118908382066,0.8382066276803118,0.4678362573099415,0.24561403508771928,,,False,,False,,,,0.00094546272922158,False,174.08165669253603,False,False,0.770705565681441,0.8071163566562601,,False,1.4166847300802434
DHR,88,0.6706627680311892,Danaher Corporation,Health Care,SP500,213.55999755859375,,-0.007205629898004995,0.09529183628159466,0.1897651687776356,0.04106418054585581,0.8167641325536062,0.8557504873294347,0.5282651072124757,0.21052631578947367,,,False,,False,,,,0.002593878881659295,False,969.8043811747025,False,False,0.7807667812449315,0.576027389918165,,False,0.7181648031350224
HPE,89,0.6702363547758285,Hewlett Packard Enterprise,Information Technology,SP500,52.2400016784668,-0.0013381703878134754,-0.003623853244384412,0.09060542827421658,0.11474130769129331,1.3827690880391086,0.8070175438596491,0.6803118908382066,0.9883040935672515,-0.3099415204678362,-0.12671344124084416,1.6497406739864227,False,-0.041880997418706434,False,0.05153405211958284,0.6060480267128194,-0.049008448195952736,-0.02452642503523439,False,873.4225765231552,True,True,0.6155300591156819,0.9129497347947602,0.0149110831355308,False,1.6693038506411821
EXPD,90,0.6686159844054581,Expeditors International,Industrials,SP500,189.64999389648438,,0.009689570610059928,0.1296086400973422,0.18509026646958548,0.30898380286963434,0.8752436647173489,0.8460038986354775,0.8927875243664717,0.07797270955165692,,,False,,False,,,,0.007340299151866736,False,197.33601702510288,False,False,1.397244592358509,0.7383998940206986,,False,1.1200556031326407
A,91,0.6683235867446393,Agilent Technologies,Health Care,SP500,153.55999755859375,,0.0008473237894706109,0.10977815261568535,0.13145584613912664,0.3049541654615524,0.8421052631578947,0.7251461988304093,0.8869395711500975,-0.14035087719298245,,,False,,False,,,,-0.0027473633775715323,False,302.7217988506862,False,False,0.6220778630603127,1.3463513553219097,,False,1.2656495593271626
EL,92,0.6682261208576998,Estée Lauder Companies (The),Consumer Staples,SP500,102.30000305175781,,-0.017574130893392326,0.21930871503266225,0.1953727607263953,0.02500794249966587,0.9649122807017544,0.8654970760233918,0.48148148148148145,0.20467836257309935,,,False,,False,,,,0.018083211994823545,False,272.46067815584456,False,False,1.571321254207687,1.1939792288397628,,False,1.3329620252498269
MA,93,0.667738791423002,Mastercard,Financials,SP500,589.3099975585938,,-0.017587417148329454,0.028284806601297063,0.1919189412829696,0.13495645255954436,0.6159844054580896,0.8576998050682261,0.6998050682261209,0.08576998050682261,,,False,,False,,,,0.0038828525466849673,False,1803.328250459819,False,False,0.861287508521058,0.9704451918587559,,False,0.93347662443085
COF,93,0.667738791423002,Capital One,Financials,SP500,214.50999450683594,,-0.008138020672564972,0.029938800590029846,0.16638229199102184,0.11255429173160736,0.6257309941520468,0.8109161793372319,0.6588693957115009,0.15204678362573099,,,False,,False,,,,-0.010557867475116556,False,807.4057165155839,False,False,0.7407802355521803,0.6939428030546311,,False,0.9858144960677369
ARES,95,0.6664717348927875,Ares Management,Financials,SP500,143.1699981689453,,0.022569843483245755,0.11772973895068994,0.12328931120632292,0.2930581830697627,0.8615984405458089,0.7056530214424951,0.8810916179337231,0.03508771929824561,,,False,,False,,,,0.00836716694426931,False,293.60791781731433,False,False,0.8398248794064522,0.9199754814391369,,False,0.80092996551676
MSFT,96,0.6664595516569202,Microsoft,Information Technology,SP500,507.2900085449219,-0.012151228547426784,0.041000617853988786,0.0936585239403942,0.10363282612859614,0.2779973052919684,0.8148148148148148,0.6491228070175439,0.8713450292397661,-0.12475633528265107,-0.05646166974635247,0.4404812939278284,False,0.02736822762415758,True,0.17280167288017134,0.18135909881476953,-0.14734091609522038,0.018422166790620143,False,15987.379136469604,True,True,0.4584733308557702,0.6628663360090997,-0.006134060783895223,False,0.7066600081330865
PFE,97,0.6662768031189085,Pfizer,Health Care,SP500,28.459999084472656,,0.017518762357788376,0.13794477505069036,0.12984304357531484,0.07981939852094366,0.8947368421052632,0.723196881091618,0.6003898635477583,0.41715399610136455,,,False,,False,,,,0.016986178818914732,False,1079.587450699701,False,False,1.2219148515450922,0.8415112706708514,,False,1.0362463165721445
NDSN,98,0.6644249512670566,Nordson Corporation,Industrials,SP500,321.7200012207031,,-0.03656452466949567,0.0803949309542098,0.1468898612161702,0.10761672656469812,0.7855750487329435,0.7680311890838206,0.6432748538011696,0.2787524366471735,,,False,,False,,,,-0.011207941281706324,False,117.24728374260104,False,False,1.3828434828670229,0.9156137351815378,,False,1.07746745861241
GRMN,99,0.6630604288499027,Garmin,Consumer Discretionary,SP500,284.1099853515625,,-0.024515071754291795,-0.032915833167386555,0.20510316567347253,0.12267646516159925,0.2729044834307992,0.8830409356725146,0.682261208576998,0.04678362573099415,,,False,,False,,,,-0.024808212976037747,False,260.18663668546094,False,False,0.48239696181133573,0.8158075215853455,,False,1.3450502285945323
FCX,100,0.6628654970760235,Freeport-McMoRan,Materials,SP500,75.73999786376953,,-0.02647821474528511,0.20932455008895978,0.13251536569831512,0.11423354272507358,0.9551656920077972,0.7290448343079922,0.6627680311890838,0.09551656920077967,,,False,,False,,,,0.005400887364667817,False,978.982255564024,False,False,0.9322200119780143,1.0598636045297816,,False,0.9327219698015382
BRO,101,0.6606237816764133,Brown & Brown,Financials,SP500,72.16999816894531,,-0.03283308077536817,0.02751517272625259,0.26951687056356977,0.002613619971240544,0.6101364522417154,0.9454191033138402,0.4191033138401559,0.11306042884990253,,,False,,False,,,,0.00023506700116437962,False,171.89896831661926,False,False,0.6046737841372715,0.6589183514415032,,False,0.8159325834022
BIIB,102,0.660038986354776,Biogen,Health Care,SP500,216.64999389648438,,-0.006739415246700964,0.06750429738481878,0.12703531556832304,0.15208715969472686,0.7582846003898636,0.7134502923976608,0.7368421052631579,0.11111111111111105,,,False,,False,,,,-0.002970778041261113,False,240.991944160586,False,False,0.6707106124681034,0.5282833880201061,,False,0.6997016915600707
USB,103,0.659551656920078,U.S. Bancorp,Financials,SP500,61.58000183105469,,-0.01345716697422994,-0.02269475525425979,0.15979490026792753,0.14860534359411792,0.33723196881091616,0.7953216374269005,0.732943469785575,0.07407407407407407,,,False,,False,,,,-0.016002697168380098,False,482.84378289446926,False,False,0.6389340522783076,0.88867748069088,,False,1.0262020379164336
ICE,104,0.6552631578947369,Intercontinental Exchange,Financials,SP500,160.6999969482422,,-0.014049993666746197,0.0539087188551024,0.11269889970846103,-0.01797617194926826,0.7153996101364523,0.6744639376218323,0.3742690058479532,0.3723196881091618,,,False,,False,,,,0.0055238066716929435,False,605.79879113332,False,False,0.5384591090692005,0.6722149280753644,,False,0.9663177083582531
STT,105,0.6551656920077974,State Street Corporation,Financials,SP500,191.3800048828125,,0.002409421319290672,0.03920504494531918,0.20365857204674298,0.4955790955811943,0.6627680311890838,0.8752436647173489,0.9454191033138402,-0.003898635477582846,,,False,,False,,,,0.002651106887424426,False,372.07146735406997,False,False,0.8504709072995007,0.6139738147512421,,False,0.8514874353288987
NSC,106,0.6538011695906434,Norfolk Southern,Industrials,SP500,342.7900085449219,,-0.028868497150681294,0.025833554496691002,0.12775811480729438,0.08871883218063181,0.6042884990253411,0.7192982456140351,0.621832358674464,0.13450292397660824,,,False,,False,,,,-0.010251941109889584,False,383.6342275629783,False,False,0.6884837426940497,0.8166623297540528,,False,1.0062584896061872
MRSH,107,0.6529239766081871,Marsh McLennan,Financials,SP500,189.8000030517578,,-0.025016670072401492,0.0005798967206274153,0.1742462511154823,0.029104024057674094,0.48148148148148145,0.8265107212475633,0.49317738791423,0.06822612085769975,,,False,,False,,,,-0.00544556361441928,False,442.6450240017326,False,False,0.542159699413787,0.990354892303045,,False,0.9556606198240905
TRI,108,0.6490253411306044,Thomson Reuters,Industrials,NDX,107.31999969482422,,-0.011968357750743341,0.1007978813315269,0.14965195736692283,0.11084965744981301,0.8265107212475633,0.7777777777777778,0.6491228070175439,0.2378167641325536,,,False,,False,,,,0.022948189410560982,False,196.41679643940827,False,False,1.0473628364659515,0.6159793943109686,,False,0.45390444422202497
GDDY,109,0.6471734892787525,GoDaddy,Information Technology,SP500,97.87999725341797,,-0.026263424968294924,0.18298283515279112,0.05258629424653072,0.10949893333766902,0.9434697855750487,0.5126705653021443,0.6471734892787524,0.2417153996101365,,,False,,False,,,,0.00770323553979968,False,186.63407514280982,False,False,0.8217964650482035,0.8609438477076551,,False,0.7153007811578128
CMG,110,0.6453216374269006,Chipotle Mexican Grill,Consumer Discretionary,SP500,38.029998779296875,,0.0002629753133305268,0.02176242697550479,0.24484450831547844,0.036522218662947026,0.5906432748538012,0.9298245614035088,0.5146198830409356,0.27680311890838205,,,False,,False,,,,0.036929165501262906,False,640.5137334282622,False,False,1.096498982932935,0.6800405314979447,,False,0.8925596922263582
AWK,111,0.6443469785575049,American Water Works,Utilities,SP500,138.22999572753906,,-0.012007775645747398,0.037112880393686654,0.14876117212419793,0.034737389887603776,0.6569200779727096,0.7738791423001949,0.5087719298245614,0.22807017543859653,,,False,,False,,,,0.006880286667099167,False,303.1228304456127,False,False,0.890485787303894,0.8917737770687103,,False,1.0435017902822301
ZBH,112,0.6441520467836257,Zimmer Biomet,Health Care,SP500,100.04000091552734,,-0.009308797882325526,0.06504844661450382,0.20937824913733727,0.010937991858646745,0.746588693957115,0.8888888888888888,0.4580896686159844,0.11306042884990253,,,False,,False,,,,0.0008649801130673485,False,212.28895946167924,False,False,0.7037845398455143,0.5831534952146834,,False,0.5593258757366725
KO,113,0.6430799220272905,Coca-Cola Company (The),Consumer Staples,SP500,88.66999816894531,,-0.03609087696404667,0.012330196097833257,0.13482293061843897,0.12012091979772554,0.543859649122807,0.7348927875243665,0.672514619883041,0.021442495126705707,,,False,,False,,,,-0.00979979285288457,False,1461.0278586490242,False,False,0.5985062780997312,0.9653814998364222,,False,1.3473301295234723
BKNG,114,0.6426900584795323,Booking Holdings,Consumer Discretionary,SP500,199.08999633789062,,-0.06688228455024015,0.03208917904231745,0.17926442268106735,0.1965093181474502,0.6432748538011696,0.8362573099415205,0.8011695906432749,0.04873294346978563,,,False,,False,,,,-0.03596973945464166,False,1226.9745822703146,False,False,0.9382749971944592,0.7769683492813944,,False,0.7532929918079273
CME,115,0.642300194931774,CME Group,Financials,SP500,285.5,,0.022674306937711997,0.06613387688102357,0.1133623152427079,-0.09991801836307845,0.7543859649122807,0.6764132553606238,0.2124756335282651,0.456140350877193,,,False,,False,,,,0.02778151797015993,False,675.4806086629128,False,False,0.5474876062159513,0.7798762057455252,,False,1.1795514393276632
WFC,116,0.6405458089668616,Wells Fargo,Financials,SP500,86.38999938964844,,0.01971197054866436,0.005043185140786166,0.12590355437911604,0.058158333457932754,0.50682261208577,0.7095516569200779,0.5633528265107213,0.1500974658869395,,,False,,False,,,,0.008679499897450205,False,1222.190865712847,False,False,0.6740354648621162,0.8577739926506802,,False,1.310236701331188
GEN,117,0.6399610136452242,Gen Digital,Information Technology,SP500,31.0,,0.06492611989078245,0.1343045418444586,0.12163759123654372,0.4006050730342128,0.884990253411306,0.7017543859649122,0.9317738791423001,-0.2729044834307992,,,False,,False,,,,0.0479479796321729,False,143.7471396916331,False,False,0.7164185356088227,1.2893271102078776,,False,1.431326567164179
FOXA,118,0.6396686159844055,Fox Corporation (Class A),Communication Services,SP500,67.3499984741211,,-0.026874738259732966,0.15662028170324294,0.00808263636072959,0.19176573579631873,0.9220272904483431,0.3742690058479532,0.7933723196881092,0.1949317738791423,,,False,,False,,,,-0.007808573973697497,False,349.70373446968233,False,False,0.7694720541721095,0.8710802985714485,,False,0.9666763724326383
BR,119,0.6384015594541911,Broadridge Financial Solutions,Industrials,SP500,182.3800048828125,,-0.016554284798864116,0.18467040271607438,0.1478860044402055,-0.010051831152029789,0.9454191033138402,0.7719298245614035,0.39571150097465885,0.37037037037037035,,,False,,False,,,,0.012398363777648802,False,207.96694341841717,False,False,1.2090505094695883,0.8327382076087073,,False,0.8177451316048844
HUM,120,0.6380116959064328,Humana,Health Care,SP500,383.2300109863281,,-0.008742594587050845,0.053234833217646216,0.17003495845422512,1.0615394515834145,0.7134502923976608,0.8187134502923976,0.9766081871345029,-0.16374269005847952,,,False,,False,,,,-0.006479751654950294,False,518.3143860369001,False,False,0.7277639313963369,0.6997341112398225,,False,0.7267720623415757
SOLV,121,0.6376218323586745,Solventum,Health Care,SP500,91.05999755859375,,-0.002082218535958913,0.06577709452948133,0.20068567979477892,0.24739722683005128,0.7524366471734892,0.8713450292397661,0.8499025341130604,-0.05847953216374269,,,False,,False,,,,0.011132993541177694,False,98.61947218483127,False,False,0.8450458393415897,0.7716768174249645,,False,0.7585017645171639
RSG,122,0.63635477582846,Republic Services,Industrials,SP500,220.9199981689453,,-0.009682641403890635,0.049251935249976286,0.10324626848327512,-0.035489249840449655,0.695906432748538,0.645224171539961,0.3313840155945419,0.23001949317738796,,,False,,False,,,,0.004547184704910112,False,307.102554937495,False,False,0.6498713469441675,1.147051434084377,,False,1.36560869866962
MCO,123,0.6331384015594541,Moody's Corporation,Financials,SP500,504.6400146484375,,-0.013122110834041467,0.05712290600114467,0.08941500032710037,0.08756313436492391,0.732943469785575,0.6159844054580896,0.6179337231968811,0.11306042884990253,,,False,,False,,,,0.0023320180479831087,False,418.9505912812525,False,False,0.6771053266439713,0.823507949559477,,False,0.9599879436365005
SPGI,124,0.6330409356725146,S&P Global,Financials,SP500,435.8399963378906,,0.0032119545823652285,0.06041944379825703,0.0773689533239359,0.044488605127409375,0.7426900584795322,0.5847953216374269,0.5341130604288499,0.16374269005847952,,,False,,False,,,,0.011458199820498782,False,924.7894403873521,False,False,0.5836804628742259,0.7355299589673894,,False,0.906359118259208
SBUX,125,0.6320662768031189,Starbucks,Consumer Discretionary,SP500,106.25,,-0.011535937188696166,0.015300220886705018,0.1072463639061092,0.1108586061829,0.5633528265107213,0.6647173489278753,0.6510721247563352,0.2690058479532164,,,False,,False,,,,-0.0037002252324743745,False,747.7992328658279,False,False,1.0085574763662393,0.889590815354855,,False,0.9980651832695127
ADBE,126,0.6319688109161793,Adobe Inc.,Information Technology,SP500,292.7900085449219,,0.05979664888766645,0.1692424594186659,0.0684596936437396,0.12231678574386473,0.9278752436647173,0.5555555555555556,0.6803118908382066,0.11890838206627685,,,False,,False,,,,0.05050115471988015,False,1288.8193689932066,False,False,0.8181797011741779,0.8522031188472383,,False,0.9227603644574436
HSIC,127,0.6287524366471735,Henry Schein,Health Care,SP500,89.80000305175781,,0.003239871618883061,0.047230356288720854,0.17539268662632068,0.10360083594233238,0.6861598440545809,0.8304093567251462,0.6393762183235867,0.03898635477582846,,,False,,False,,,,0.0018958598885834288,False,109.86537652024249,False,False,0.7342872253992402,0.6807197379086734,,False,0.8957188787984909
ABBV,127,0.6287524366471735,AbbVie,Health Care,SP500,256.4200134277344,,-0.030621412076041077,0.021837933103582063,0.21281730490608552,0.11153258057511262,0.5925925925925926,0.8966861598440545,0.6530214424951267,0.03508771929824561,,,False,,False,,,,-0.011490452219273695,False,1714.0305910399145,False,False,0.7407203580592204,0.5876887918219946,,False,0.6219669788439741
FTNT,129,0.627972709551657,Fortinet,Information Technology,SP500,170.92999267578125,,0.12461337257777139,0.05544918738349214,0.16168270616294755,1.1587521093329425,0.7251461988304093,0.8011695906432749,0.9805068226120858,-0.1949317738791423,,,False,,False,,,,0.05610651516690912,False,823.0720943042988,False,False,0.8959732688837898,0.9554764461851895,,False,1.207888896736009
ALL,130,0.6248538011695907,Allstate,Financials,SP500,257.79998779296875,,-0.009185651354823743,-0.02378066911018395,0.24414834921056894,0.21807718309440793,0.3333333333333333,0.9278752436647173,0.8226120857699805,0.03703703703703698,,,False,,False,,,,-0.003531009153904363,False,445.01091195171125,False,False,1.0345099487851006,0.811379552877328,,False,1.20179974292597
VZ,131,0.623879142300195,Verizon,Communication Services,SP500,50.02000045776367,,-0.002592244549546985,0.06857506922236989,0.06584318052076443,0.033170491561215876,0.7602339181286549,0.5477582846003899,0.5029239766081871,0.18128654970760238,,,False,,False,,,,0.010201321661808871,False,1204.4354557835716,False,False,0.587270918446426,0.7469092073748672,,False,0.7742492990209179
BNY,132,0.6234892787524368,BNY Mellon,Financials,SP500,161.27999877929688,,-0.005304062005605625,0.03166376824834716,0.1355770810308119,0.36071548481715077,0.6374269005847953,0.7368421052631579,0.9220272904483431,-0.08576998050682261,,,False,,False,,,,-0.0019012390455237504,False,542.3799260508946,False,False,0.788220109792812,0.8808248747023564,,False,1.7056147093420035
APO,133,0.6230019493177388,Apollo Global Management,Financials,SP500,136.5800018310547,,0.028541371613411082,0.09210056336308003,0.06969977287017914,0.2938968012980445,0.8128654970760234,0.5653021442495126,0.8830409356725146,0.22807017543859648,,,False,,False,,,,0.01850392435459436,False,530.6124699324005,False,False,1.2376637949524916,0.45500087336412176,,False,0.6019043700868015
ALLE,134,0.6227095516569201,Allegion,Industrials,SP500,155.25,,-0.045379110011896984,-0.01365942808039966,0.19731171413821325,-0.03704564615700878,0.3820662768031189,0.8674463937621832,0.3255360623781676,0.07797270955165692,,,False,,False,,,,-0.029695500341291536,False,213.4833670047682,False,False,0.6273570922038453,1.8543887445612843,,False,5.74273097346521
LITE,135,0.6212475633528265,Lumentum,Information Technology,SP500,914.760009765625,,0.10189482707979747,0.2812841508214834,0.010784541177486284,0.16790298086897537,0.9766081871345029,0.3840155945419103,0.7621832358674464,0.3391812865497076,,,False,,False,,,,0.015607722266783197,False,3925.990888897207,False,False,0.995146284531603,0.7850343349700725,,False,0.6534645764916869
WAB,136,0.6205653021442497,Wabtec,Industrials,SP500,285.92999267578125,,-0.03927828315702819,-0.015935073704402836,0.11802317963849918,0.08686342764447352,0.3684210526315789,0.6920077972709552,0.6159844054580896,0.0799220272904484,,,False,,False,,,,-0.02869743383358936,False,275.07974726612326,False,False,0.4743728284767991,0.7599655719445101,,False,1.0538164220846558
NDAQ,137,0.6203703703703703,"Nasdaq, Inc.",Financials,SP500,98.61000061035156,,-0.0018220498381176231,0.04692640465419795,0.06630418677311933,0.12699610037852227,0.682261208576998,0.5497076023391813,0.6861598440545809,0.08187134502923976,,,False,,False,,,,0.0034157220469630545,False,342.8441111380597,False,False,0.3526182948895146,0.6065531888352783,,False,0.9165208949809847
GILD,138,0.6199805068226122,Gilead Sciences,Health Care,SP500,146.33999633789062,,-0.002725972061463966,0.12387672830298402,0.1235831082095109,-0.01260886431885977,0.8693957115009746,0.7076023391812866,0.38791423001949316,0.3196881091617934,,,False,,False,,,,0.004516650379157383,False,930.4189440006179,False,False,0.9460559746851175,0.7713213980171004,,False,0.9254184554856495
FOX,139,0.618421052631579,Fox Corporation (Class B),Communication Services,SP500,60.220001220703125,,-0.02224385336078294,0.15941476343698513,0.006350285213005735,0.1645246161592928,0.9239766081871345,0.3645224171539961,0.7504873294346979,0.20077972709551656,,,False,,False,,,,-0.00627587735922408,False,74.52696881415697,False,False,0.8210403312171223,0.8551124942040375,,False,1.1499462668300187
CVNA,140,0.6161793372319689,Carvana,Consumer Discretionary,SP500,73.45999908447266,,0.015622801393775365,0.17799869091531928,0.03464787442919226,0.13676452618523793,0.935672514619883,0.46393762183235865,0.7056530214424951,0.42105263157894735,,,False,,False,,,,0.00940279469956784,False,693.7199376594076,False,False,1.0305922801331635,0.6042740794906885,,False,0.5790829766488417
NTRS,141,0.6147173489278752,Northern Trust,Financials,SP500,185.55999755859375,,-0.005893100192512879,0.01849714623211174,0.10741220713591093,0.2908276305466768,0.5692007797270955,0.6666666666666666,0.8771929824561403,0.0019493177387913674,,,False,,False,,,,-0.00462405216059536,False,191.1937687940325,False,False,0.7933449790676614,0.8402371714301328,,False,0.7148061737594577
HOOD,142,0.6130360623781677,Robinhood Markets,Financials,SP500,104.80999755859375,0.005275229341014542,0.011484219074207491,0.2108364199946553,0.15518564621087005,0.33041380023653244,0.9590643274853801,0.7875243664717348,0.9005847953216374,-0.060428849902534165,-0.3125410406461655,0.6085020206888185,False,0.05926997962226732,True,0.03465770134080692,0.10008591038874548,-0.03349677994557443,0.004567340517033225,False,2225.045320358322,True,True,1.0182616186729119,0.7733087123253747,-0.00805681901087607,False,0.7296455023660289
IFF,143,0.6099415204678363,International Flavors & Fragrances,Materials,SP500,86.33000183105469,,0.006059949740773174,0.0897500694369271,0.16868397428190995,0.08110231210150554,0.7992202729044834,0.8128654970760234,0.6101364522417154,0.06432748538011701,,,False,,False,,,,0.008541683689620605,False,142.71934410026705,False,False,1.2009054944667508,0.8780165382235473,,False,0.9986743993371997
T,144,0.6095516569200781,AT&T,Communication Services,SP500,25.889999389648438,,0.0077850856922201395,0.11354836084509401,0.06870317717148522,-0.05350740089288364,0.8518518518518519,0.5594541910331384,0.2982456140350877,0.405458089668616,,,False,,False,,,,0.017355865515282343,False,1455.177329602292,False,False,0.6091163140294725,0.45957695986539393,,False,0.5688122089381341
MCK,145,0.6094541910331385,McKesson Corporation,Health Care,SP500,885.3200073242188,,0.013195424057054428,0.034022827643103604,0.20481206077666858,-0.10560684798480291,0.6510721247563352,0.8791423001949318,0.20272904483430798,0.33528265107212474,,,False,,False,,,,0.0055279881961529664,False,880.587348996283,False,False,1.2025127719459534,1.044140783524031,,False,1.276235881825511
CBRE,146,0.6089668615984406,CBRE Group,Real Estate,SP500,145.80999755859375,,-0.040281678484955785,-0.006811525213743619,0.16984915173790927,0.005794276959491862,0.4191033138401559,0.8167641325536062,0.4327485380116959,0.34697855750487333,,,False,,False,,,,-0.022213433065260357,False,240.05646494682466,False,False,1.0519610570790858,0.815787777635907,,False,1.3322926817674043
XOM,147,0.6085769980506823,ExxonMobil,Energy,SP500,160.9499969482422,,-0.01889671469580878,0.04215235888311275,0.08443004708852442,0.057526193226370426,0.6686159844054581,0.6023391812865497,0.5614035087719298,0.17543859649122812,,,False,,False,,,,0.002603779385538907,False,2226.8670084579776,False,False,0.9384503172232554,1.0930983814634136,,False,1.1865965422002223
HAS,148,0.6083820662768032,Hasbro,Consumer Discretionary,SP500,94.0999984741211,,-0.013730270807111755,0.009219469574269334,0.114447832217067,-0.03500727702957618,0.5224171539961013,0.6783625730994152,0.3333333333333333,0.3255360623781676,,,False,,False,,,,-0.005476786083428609,False,176.43946311207986,False,False,0.61815390529755,0.6343819143381978,,False,0.6358795237019488
NOW,149,0.6071881091617934,ServiceNow,Information Technology,SP500,147.99000549316406,0.022666012211459252,0.1557204370650933,0.33048638880526493,0.08928312106814662,0.3524950463320824,0.98635477582846,0.6140350877192983,0.9161793372319688,-0.30604288499025334,-0.23014093126797663,0.7830121143754707,False,0.16373620295710922,True,0.308074060285217,0.24203985798793792,-0.2355172919016859,0.09743906776201383,False,2447.3455672068635,True,True,0.7747682033613948,0.9901719980167935,-0.018174312492520106,False,1.1744059853008117
IBKR,150,0.6069200779727095,Interactive Brokers,Financials,SP500,97.29000091552734,,0.045566875064056545,0.10569386609324094,0.09696694370713033,0.35884670611145597,0.8362573099415205,0.631578947368421,0.9181286549707602,-0.052631578947368474,,,False,,False,,,,0.02353551474382609,False,413.73120515009043,False,False,0.9611645042201594,0.9421523040499706,,False,0.776451989913133
AVY,151,0.6045808966861599,Avery Dennison,Materials,SP500,174.11000061035156,,-0.05215309327523432,0.025805720809912502,0.12699903167042192,-0.09681446765673118,0.6023391812865497,0.7115009746588694,0.2202729044834308,0.2007797270955166,,,False,,False,,,,-0.0270498103417941,False,152.7546234423579,False,False,0.7381675648928854,2.5887595571774944,,False,9.367908730148363
MKC,152,0.6043859649122808,McCormick & Company,Consumer Staples,SP500,54.220001220703125,,-0.03523130810243724,0.06522592525142157,0.17456688746362703,-0.2103146885394399,0.7504873294346979,0.8284600389863548,0.07797270955165692,0.4113060428849903,,,False,,False,,,,-0.008720765177555823,False,185.06244386229224,False,False,0.7921463070171507,0.7351495195787622,,False,0.8750900909985426
AMCR,153,0.6035087719298247,Amcor,Materials,SP500,45.88999938964844,,-0.042162397499418525,0.022504418393402226,0.21627352097572938,-0.03106041714590957,0.594541910331384,0.9044834307992202,0.3469785575048733,0.040935672514619825,,,False,,False,,,,-0.019742837120602208,False,163.885338251363,False,False,0.7554100671399672,0.9361971193002171,,False,1.0973521668495476
PH,154,0.6034113060428851,Parker Hannifin,Industrials,SP500,979.4400024414062,,-0.034311393879201124,0.002979911582060124,0.189651423495103,-0.029420445796037975,0.49317738791423,0.8538011695906432,0.35477582846003897,0.24561403508771928,,,False,,False,,,,-0.032892523908310545,False,622.5706725912288,False,False,1.4532202848824889,1.1135674109703322,,False,1.2712735320955455
DVN,155,0.6033138401559456,Devon Energy,Energy,SP500,48.5099983215332,,0.005805489984541001,0.07489468587240888,0.0549564166770089,0.09255181620365582,0.7719298245614035,0.5224171539961013,0.6257309941520468,0.39766081871345027,,,False,,False,,,,0.020461976547709426,False,494.94121596780894,False,False,1.0669585019063477,0.7282067288563838,,False,1.0749843561270518
BALL,156,0.6019493177387916,Ball Corporation,Materials,SP500,62.970001220703125,,-0.022508490988147556,-0.029738062554685696,0.1726257043959165,-0.04846117468457867,0.30409356725146197,0.8245614035087719,0.30214424951267055,0.24171539961013644,,,False,,False,,,,-0.004890285424469454,False,135.21807296503806,False,False,0.6574165297521748,0.6899629183215107,,False,1.040760398013624
MELI,157,0.5971734892787526,MercadoLibre,Consumer Discretionary,NDX,1936.199951171875,,-0.006006506029849756,0.031017866031866737,0.11855710234589267,0.08958916779508996,0.631578947368421,0.6939571150097466,0.6237816764132553,0.1578947368421052,,,False,,False,,,,0.006389362129924692,False,783.2185183135364,False,False,1.2509737191731336,0.8533768124907799,,False,0.7698956585324697
FAST,158,0.5969785575048733,Fastenal,Industrials,SP500,49.310001373291016,,-0.038416486991048826,0.033535994959578375,0.12708771116021067,0.07586409691958118,0.6471734892787524,0.7173489278752436,0.5906432748538012,0.13060428849902528,,,False,,False,,,,-0.02573211920518126,False,384.23521402040603,False,False,0.9107965735455564,0.6565535042435908,,False,0.8958575550536534
ECL,159,0.5962962962962962,Ecolab,Materials,SP500,283.20001220703125,,-0.01317164483444444,0.02006269937058791,0.13375589417518574,-0.06171183053844076,0.5789473684210527,0.732943469785575,0.27485380116959063,0.1442495126705653,,,False,,False,,,,-0.005224679110940267,False,388.9776835499666,False,False,0.7590179097013837,1.0968036589789494,,False,1.0690944640632973
CFG,160,0.5960038986354776,Citizens Financial Group,Financials,SP500,68.87000274658203,,-0.0193649515213542,-0.038799703001998975,0.1404598463253961,0.1428356384455869,0.24951267056530213,0.7563352826510721,0.7192982456140351,0.07017543859649122,,,False,,False,,,,-0.021713093097625258,False,289.3665926816356,False,False,0.731324404555759,0.6542242130927844,,False,1.1552577080386741
SHW,161,0.5950292397660819,Sherwin-Williams,Materials,SP500,338.80999755859375,,-0.022842018794983043,-0.0036875347576915685,0.1517097384138144,-0.04388197768985669,0.4522417153996101,0.7816764132553606,0.3138401559454191,0.21442495126705652,,,False,,False,,,,-0.022493883435765305,False,742.6758169444182,False,False,0.7191166823300739,0.725958488830006,,False,0.9605733812222701
PRU,162,0.5938596491228072,Prudential Financial,Financials,SP500,117.5999984741211,,-0.03026303513264872,-0.025576452405679073,0.1837758291290683,0.20639266368683074,0.3235867446393762,0.8440545808966862,0.8089668615984406,-0.07797270955165692,,,False,,False,,,,-0.01961448948608402,False,211.9705516963725,False,False,0.8602315979534622,1.0137331851165803,,False,1.328024982909701
PGR,163,0.5938596491228071,Progressive Corporation,Financials,SP500,218.0800018310547,,-0.02608072698126951,0.03150129467311502,0.13238621381648175,0.022865536836379707,0.6354775828460039,0.7270955165692008,0.4775828460038986,0.18518518518518523,,,False,,False,,,,-0.0002839386263011612,False,638.3536749630987,False,False,0.8285680424072474,0.5026575521599097,,False,0.5607895811732178
ADSK,164,0.593664717348928,Autodesk,Information Technology,SP500,258.5299987792969,,0.01615439289336984,0.10388557706271695,0.04178753612248931,0.04693446271687263,0.8323586744639376,0.4853801169590643,0.5419103313840156,0.13450292397660818,,,False,,False,,,,0.009737145386646828,False,505.6474187188285,False,False,0.8277209096943879,1.0245440945108153,,False,0.7523473565607247
COR,165,0.5922027290448343,Cencora,Health Care,SP500,323.6000061035156,,-0.0005250113226185071,0.04139372421246246,0.22493307110491156,-0.1279370282491089,0.6666666666666666,0.9064327485380117,0.16764132553606237,0.4814814814814815,,,False,,False,,,,0.005386035017200808,False,451.53031477717184,False,False,1.422876420532572,0.7489671379690599,,False,0.9153546830982598
WSM,166,0.5903508771929824,"Williams-Sonoma, Inc.",Consumer Discretionary,SP500,228.25,,-0.040038710103869724,-0.0017930711779189368,0.13293811076300122,0.14197174789119948,0.4678362573099415,0.7309941520467836,0.7173489278752436,-0.1949317738791423,,,False,,False,,,,-0.03344094024671973,False,244.19436338407556,False,False,0.6277384045651818,1.7621441001689513,,False,1.6837960095856108
BEN,167,0.5895711500974659,Franklin Resources,Financials,SP500,34.150001525878906,,-0.013575893139990636,0.008564704970462467,0.11482699992440981,0.2961795054859693,0.52046783625731,0.682261208576998,0.884990253411306,-0.08771929824561409,,,False,,False,,,,-0.008266138139104595,False,142.51719467947822,False,False,0.6371979312521158,0.6021844564346366,,False,0.8084706837763932
WMB,168,0.5894736842105264,Williams Companies,Energy,SP500,75.05000305175781,,0.057489104704488536,0.049063490233596685,0.07944331760340306,-0.0014690259054882526,0.6939571150097466,0.5906432748538012,0.4074074074074074,0.3450292397660819,,,False,,False,,,,0.02320799214610636,False,539.5774781432794,False,False,1.2185404677792397,1.4679511280289461,,False,2.7904368052154767
STE,169,0.5867446393762183,Steris,Health Care,SP500,232.63999938964844,,-0.021986782002339056,0.018563947488920318,0.1054732774806777,-0.05827076260926711,0.571150097465887,0.6569200779727096,0.2826510721247563,0.09941520467836262,,,False,,False,,,,-0.00883155248112788,False,166.3020442171992,False,False,0.5605749567449398,0.953731431040518,,False,1.129860904482741
CTAS,170,0.5854775828460039,Cintas,Industrials,SP500,201.7899932861328,,-0.027049184066763154,-0.011317156859739996,0.17012258650491097,0.0062712237899416046,0.3996101364522417,0.8226120857699805,0.43664717348927873,-0.011695906432748537,,,False,,False,,,,-0.008301056613631896,False,423.43459217681885,False,False,0.4786683879027291,0.8031242528581999,,False,0.7786518591333064
WBD,171,0.5849902534113061,Warner Bros. Discovery,Communication Services,SP500,28.530000686645508,,-0.0059233474485989035,0.08479093210172284,0.046972502262220495,0.0010526556717722624,0.7933723196881092,0.5029239766081871,0.41325536062378165,0.18908382066276802,,,False,,False,,,,0.0015730460651715017,False,586.6005300614805,False,False,0.7542542361822331,0.8711277879220598,,False,1.144109170411315
CSX,172,0.5848927875243665,CSX Corporation,Industrials,SP500,50.5099983215332,,-0.01807932212293839,0.0021824760381765618,0.10139550042073142,0.17361215319285628,0.48927875243664715,0.6393762183235867,0.7758284600389863,-0.05847953216374269,,,False,,False,,,,-0.010701928135068428,False,590.5389924542642,False,False,0.5314602069152855,0.6869766564274392,,False,0.9827265912443963
PTC,173,0.5838206627680314,PTC Inc.,Information Technology,SP500,155.74000549316406,,0.009267111380954596,0.13513126062179115,0.07347672682361095,-0.01505179419123781,0.8888888888888888,0.5789473684210527,0.3820662768031189,0.17543859649122812,,,False,,False,,,,0.0152161927870198,False,203.05945505061248,False,False,0.848436309638941,0.8572641884524086,,False,0.8711171153332824
DG,174,0.583625730994152,Dollar General,Consumer Staples,SP500,126.75,,0.011330073790786876,-0.002361299051961474,0.15888705274898984,-0.1613119161486385,0.46393762183235865,0.7933723196881092,0.1286549707602339,0.12475633528265107,,,False,,False,,,,0.020523369299049188,False,294.56914227729334,False,False,0.6658944862116607,1.5831249658212778,,False,1.7030623866193637
UHS,175,0.5832358674463938,Universal Health Services,Health Care,SP500,170.3300018310547,,-0.03441038704905908,0.011220608894884743,0.1788305203952969,-0.17369932603485716,0.530214424951267,0.834307992202729,0.10916179337231968,0.4444444444444444,,,False,,False,,,,-0.01758083040694758,False,136.7539451043265,False,False,0.8184192088810086,0.6902052129493891,,False,0.857158711258569
MET,176,0.5826510721247563,MetLife,Financials,SP500,95.16999816894531,,-0.01080969676150001,-0.0038529447700395014,0.1700832688921481,0.31749600472240713,0.44834307992202727,0.8206627680311891,0.8966861598440545,-0.05458089668615984,,,False,,False,,,,-0.006444409515407368,False,332.284965824205,False,False,0.9683569905498527,0.6863191544288991,,False,0.7879781632658713
INTU,177,0.5799220272904483,Intuit,Information Technology,SP500,359.29998779296875,,-0.028708978290627907,0.13677343457775626,0.02015928413121837,-0.13614556990306248,0.8927875243664717,0.4171539961013645,0.1617933723196881,0.3508771929824561,,,False,,False,,,,0.014961041222925742,False,1364.0908710344586,False,False,0.6763317016754512,1.4799666557755282,,False,0.6680117055532385
OXY,178,0.5784600389863548,Occidental Petroleum,Energy,SP500,60.18000030517578,,0.0011645266031183876,0.05449449144878149,0.02610268554900297,0.12055018370733595,0.7212475633528265,0.43859649122807015,0.6764132553606238,0.18518518518518517,,,False,,False,,,,0.011937020606504145,False,480.5206725406413,False,False,0.9135214388224226,0.803144492771176,,False,1.0086618428211591
CPAY,179,0.5783625730994152,Corpay,Financials,SP500,404.29998779296875,,-0.023241267207885774,0.058072291466003456,0.11031769525031065,0.217734333005126,0.7348927875243665,0.6705653021442495,0.8206627680311891,-0.24171539961013644,,,False,,False,,,,-0.00832168493972818,False,220.03601511435994,False,False,0.6520207196146799,0.7449876158530899,,False,0.6733379770886271
CMCSA,180,0.5778752436647173,Comcast,Communication Services,SP500,26.6200008392334,,-0.014803834631888058,0.11101844141908024,0.07715378901162517,-0.11432658936006257,0.8460038986354775,0.5828460038986355,0.19103313840155944,0.4366471734892788,,,False,,False,,,,0.0015813384283218657,False,799.0582781414732,False,False,0.7271292584145022,0.605632984308612,,False,0.6806357880226597
DIS,181,0.5760233918128655,Walt Disney Company (The),Communication Services,SP500,107.55000305175781,,-0.027664745879292352,0.11809959790022306,0.05371025870732682,0.03876253918628114,0.8635477582846004,0.5165692007797271,0.5243664717348928,0.3001949317738792,,,False,,False,,,,-0.000661263233180942,False,1073.0938744032567,False,False,1.2037264284065785,0.7623445189245481,,False,0.7925408128417516
INSM,182,0.575925925925926,Insmed,Health Care,NDX,121.81999969482422,,-0.017422193931474594,0.2354969734284278,0.14892012729712922,-0.16744126847333274,0.9688109161793372,0.7758284600389863,0.12085769980506822,0.7582846003898636,,,False,,False,,,,-0.015443838043579738,False,321.4522198472315,False,False,1.9117119362682937,0.6879427670283932,,False,0.7324851761193993
BKR,183,0.5749512670565302,Baker Hughes,Energy,SP500,63.54999923706055,,0.025165309184620233,0.05445171425732176,0.012923379663183576,-0.012847718692799881,0.7192982456140351,0.3937621832358674,0.38596491228070173,0.28654970760233917,,,False,,False,,,,0.012110788977378384,False,504.15301517073965,False,False,0.6869688523088312,0.866700514441902,,False,1.2851737069541669
HCA,184,0.5730019493177387,HCA Healthcare,Health Care,SP500,414.45001220703125,,-0.03445619784696219,0.02945929103311995,0.11947553206151618,-0.2195857811010401,0.621832358674464,0.6978557504873294,0.0682261208576998,0.49707602339181284,,,False,,False,,,,-0.009832948456213741,False,591.8475123566919,False,False,0.7351713949232798,0.7385924977539419,,False,0.8631598397192524
ACGL,185,0.569785575048733,Arch Capital Group,Financials,SP500,98.06999969482422,,-0.030353961967083287,-0.024470298561062642,0.10513863033192505,-0.02958636390265057,0.32943469785575047,0.6530214424951267,0.35282651072124754,0.0799220272904484,,,False,,False,,,,-0.01179901822807028,False,178.98548615671274,False,False,0.6064175439313435,1.121113074204947,,False,2.072250494816815
WST,186,0.5684210526315789,West Pharmaceutical Services,Health Care,SP500,341.1099853515625,,-0.03455796931831234,0.00043991641319629515,0.07914265566505163,0.3595624778246109,0.47953216374269003,0.5886939571150097,0.9200779727095516,-0.1949317738791423,,,False,,False,,,,-0.018678475336597722,False,249.6396135523582,False,False,0.5116439005628155,0.6305370476491869,,False,0.8393268556546128
TROW,187,0.5678362573099416,T. Rowe Price,Financials,SP500,111.27999877929688,,-0.009082851689601767,-0.004205827478327762,0.08367280859954818,0.2040923493777529,0.4444444444444444,0.5984405458089669,0.8050682261208577,-0.0643274853801169,,,False,,False,,,,-0.0068359511295968955,False,222.940598761142,False,False,0.5492298983355491,0.6371036591107401,,False,1.2969912182411492
CLX,188,0.5630604288499025,Clorox,Consumer Staples,SP500,97.68000030517578,,-0.08855088201839167,0.03445121162957543,0.10922797097717596,-0.21089181565885484,0.6549707602339181,0.6686159844054581,0.07602339181286549,0.30604288499025345,,,False,,False,,,,-0.055085707631242875,False,261.5005234818595,False,False,0.89023552124664,1.7142874500486014,,False,5.45018676501828
DLTR,189,0.5628654970760234,Dollar Tree,Consumer Staples,SP500,126.58999633789062,,-0.074296187657107,-0.004873852299694836,0.13686572135258235,0.05597263295133548,0.4405458089668616,0.7407407407407407,0.5555555555555556,-0.21247563352826515,,,False,,False,,,,-0.025812349215714625,False,371.3360667012584,False,False,0.5552982210530873,1.2677718532548277,,False,1.1708384474811118
EFX,190,0.5626705653021442,Equifax,Industrials,SP500,189.16000366210938,,-0.028104614311635245,0.09581745459842739,0.08969415088823407,-0.08511011226170262,0.8187134502923976,0.6198830409356725,0.2378167641325536,0.24171539961013644,,,False,,False,,,,-0.0006315099064744256,False,265.5831821637835,False,False,0.7621263246394104,0.5320131115914805,,False,0.4874861083623852
PYPL,191,0.5609283625730994,PayPal,Financials,SP500,52.665000915527344,-0.018542656256320345,-0.14615757693003706,-0.07944412238557208,0.16925444415413593,0.16148551000804123,0.09161793372319688,0.8148148148148148,0.746588693957115,0.03508771929824561,-0.30223159511217923,0.35615621291173194,False,-0.11813092440708828,False,-0.02516449395128384,0.03202669485811471,0.025814092526525556,-0.09800163966058095,False,834.705268100174,False,True,1.1408809744279538,1.1181972619961726,-0.005031689499281566,False,1.2631509087157298
COIN,192,0.5608674463937622,Coinbase,Financials,SP500,188.1199951171875,0.05306759829785568,0.04813906616514774,0.2862026677321876,0.03017356381588887,0.015547341495461886,0.9785575048732943,0.4444444444444444,0.46588693957115007,0.4093567251461988,-0.5142407094432864,0.33333333333333326,False,0.15057397660697291,True,0.1693332585787537,-0.03424376360089443,-0.14481180393737114,0.0519305635977676,False,1391.4494344310913,True,False,1.0705659304426591,1.0931518144872905,-0.0007277478910472368,False,1.249699948830298
TSCO,193,0.5596491228070176,Tractor Supply,Consumer Discretionary,SP500,34.900001525878906,,-0.028396344517306993,0.1420574039251994,0.10576173372813891,-0.32237142662451745,0.9005847953216374,0.6588693957115009,0.02729044834307992,0.5399610136452242,,,False,,False,,,,-0.001319376280958462,False,361.40145137689944,False,False,0.8305067970017561,0.6680868058245786,,False,0.7778211248361772
MAS,194,0.5586744639376219,Masco,Industrials,SP500,72.16000366210938,,-0.014342240615954016,0.01394021517733468,0.05068791262259942,0.043316442872472605,0.557504873294347,0.5087719298245614,0.530214424951267,0.1228070175438597,,,False,,False,,,,-0.013417959336618046,False,182.94266326149142,False,False,0.7221219635813991,0.7458937802234451,,False,0.7278334046212942
CCEP,195,0.5583820662768031,Coca-Cola Europacific Partners,Consumer Staples,NDX,108.0199966430664,,-0.019070160290027838,-0.01315551300429818,0.20437053966672591,0.009653983924574394,0.38596491228070173,0.8771929824561403,0.4522417153996101,0.05263157894736836,,,False,,False,,,,-0.0009922577864139859,False,200.93608627204117,False,False,0.8525472101013958,0.6881235867702828,,False,0.7908165485070073
BXP,196,0.5573099415204678,"BXP, Inc.",Real Estate,SP500,67.98999786376953,,-0.028575511659435282,-0.030376565878219797,0.1619665374040391,0.23840513172737565,0.30214424951267055,0.8031189083820662,0.8440545808966862,-0.0799220272904484,,,False,,False,,,,-0.01558717618740424,False,93.89109302692802,False,False,1.0578155915347442,0.8703714594111736,,False,0.9344249268209518
CAH,197,0.5571150097465887,Cardinal Health,Health Care,SP500,234.6199951171875,,0.009682833615696884,0.019953903239787962,0.204871814361399,0.02532057822108591,0.5769980506822612,0.8810916179337231,0.4834307992202729,0.021442495126705596,,,False,,False,,,,-0.0005066414814474118,False,490.2386455989293,False,False,0.9509224521355056,0.655217195640957,,False,0.7762778584067277
VTR,197,0.5571150097465887,Ventas,Real Estate,SP500,91.16999816894531,,-0.02460685804771734,-0.025024103452335633,0.12231064337186992,0.06498940833268207,0.32748538011695905,0.7037037037037037,0.5750487329434698,0.10721247563352831,,,False,,False,,,,-0.013084301720312053,False,324.7009514021737,False,False,0.9184390515299207,0.7703148243898634,,False,1.1734107235035207
MMM,199,0.5536062378167641,3M,Industrials,SP500,171.8300018310547,,-0.04010945140555866,-0.020976787926414553,0.14345868640840864,0.07441314943692068,0.3469785575048733,0.7602339181286549,0.5886939571150097,-0.11695906432748537,,,False,,False,,,,-0.03223952516337192,False,561.3288399984865,False,False,0.5319596463044056,0.7393972277865328,,False,0.6970810062173514
AAPL,200,0.5512792397660818,Apple Inc.,Information Technology,SP500,316.8500061035156,-0.008914626195478559,0.020977024690485235,0.026587852979950588,0.03530173005639825,0.19906115008710112,0.6062378167641326,0.4678362573099415,0.8031189083820662,-0.2962962962962963,-0.06750383370495316,0.402268390611477,False,0.020520545103355436,True,0.01491647523082884,0.12213163808389327,-0.014697244152467093,0.009322821135921533,False,17011.923786181458,True,True,0.5556642307608569,0.6257406338775666,-0.00031281232310642615,False,0.7368971408074803
DLR,201,0.550682261208577,Digital Realty,Real Estate,SP500,185.58999633789062,,-0.015698789000043956,-0.015542159283720824,0.009877814079357838,0.052657971274134185,0.3723196881091618,0.38011695906432746,0.5477582846003899,0.13255360623781676,,,False,,False,,,,-0.02841813978857588,False,573.9692004420378,False,False,0.6223119305044025,0.8980547436031455,,False,2.0968849421622795
TFC,202,0.5485380116959064,Truist Financial,Financials,SP500,49.58000183105469,,-0.024207823440109077,-0.03411724033582175,0.06830305840392614,0.021197964345481823,0.26900584795321636,0.5536062378167641,0.47173489278752434,0.1189083820662768,,,False,,False,,,,-0.0194058854224054,False,379.99607928802334,False,False,0.6312029028020014,0.7954268556334829,,False,1.077015163395077
DELL,203,0.5483187134502925,Dell Technologies,Information Technology,SP500,456.010009765625,-0.0005040778398927026,0.05267897965236501,0.1249229475748399,-0.01973655725354495,1.9838932059356615,0.8713450292397661,0.28460038986354774,1.0,-0.7134502923976608,-0.07785484467391712,3.1251178281821135,False,-0.007157646896402969,False,0.05114617708957625,0.8562234644535374,-0.04865753042187759,-0.000940203839410958,False,2743.4327363530883,True,True,0.6337753472650335,0.7731758127812736,0.007912537143633713,False,1.172419000705069
SW,204,0.5456140350877192,Smurfit Westrock,Materials,SP500,46.900001525878906,,-0.03676313722153557,0.029533829096209052,0.14733747391450658,0.022390371369436668,0.6237816764132553,0.7699805068226121,0.47368421052631576,-0.11111111111111105,,,False,,False,,,,-0.030048794340765017,False,246.64353328669023,False,False,0.7279813363072046,0.8701110404798891,,False,1.02586960884167
NTAP,205,0.545224171539961,NetApp,Information Technology,SP500,185.2899932861328,,-0.008402051370494212,0.038039178073573154,0.0342391270094482,0.8652493544755084,0.6588693957115009,0.4600389863547758,0.9707602339181286,-0.5282651072124757,,,False,,False,,,,-0.029529985469626818,False,455.23861356528147,False,False,0.613968417110564,0.834295713758598,,False,1.1365591511727655
CDW,206,0.5446393762183237,CDW Corporation,Information Technology,SP500,151.5800018310547,,0.1493783269409863,0.030404671967252606,0.0803242904176007,0.22791687747007727,0.6276803118908382,0.594541910331384,0.8304093567251462,-0.03703703703703698,,,False,,False,,,,0.06186615777744886,False,265.0644703791871,False,False,1.2453439459116624,0.9442572613844142,,False,1.1391381039454398
IEX,207,0.5444444444444444,IDEX Corporation,Industrials,SP500,228.63999938964844,,-0.021609837815051658,-0.007854187817586622,0.10500583838965749,0.08823630874312505,0.41130604288499023,0.6510721247563352,0.6198830409356725,0.07407407407407407,,,False,,False,,,,-0.018242803062253343,False,151.96943587817756,False,False,0.9778190837414029,0.804148992983727,,False,0.7390697768656997
GEHC,208,0.5440545808966861,GE HealthCare,Health Care,SP500,71.2300033569336,,-0.03989754666486778,0.047192103385591766,0.1368678600687947,-0.11046759847110621,0.6842105263157895,0.7426900584795322,0.1949317738791423,0.03508771929824561,,,False,,False,,,,-0.021657543519388645,False,305.9966143905095,False,False,0.47404659359042794,0.5655907798884764,,False,0.7205168912874689
WAT,209,0.542300194931774,Waters Corporation,Health Care,SP500,414.6300048828125,,0.009446147006238581,0.09891073007792017,0.09644066233215276,0.3495752044264442,0.8206627680311891,0.6276803118908382,0.9122807017543859,-0.26120857699805067,,,False,,False,,,,0.00366900266015846,False,334.16079273170936,False,False,0.9523718120327775,0.716705803223751,,False,0.7711993622927799
CEG,210,0.5423001949317738,Constellation Energy,Utilities,SP500,274.7699890136719,,0.0049006925859795825,0.04735442955957936,0.035725826072302125,-0.15640889952588855,0.6900584795321637,0.47368421052631576,0.1364522417153996,0.391812865497076,,,False,,False,,,,-0.005468151718344805,False,776.2629918644807,False,False,0.6628608235517637,0.7428669910619052,,False,0.8434395343161021
PNC,211,0.5414230019493178,PNC Financial Services,Financials,SP500,239.6300048828125,,-0.0166201079887478,-0.040981271999355084,0.11788064686829691,0.13614322571254234,0.23391812865497075,0.6900584795321637,0.7017543859649122,-0.050682261208576995,,,False,,False,,,,-0.019997296618114113,False,454.8956840416733,False,False,0.7880505025641038,0.905528402767509,,False,0.833254010110495
HBAN,212,0.5401559454191033,Huntington Bancshares,Financials,SP500,16.690000534057617,,-0.020539927386435508,-0.020539927386435508,0.06384789193703977,0.0024779068864251297,0.3489278752436647,0.543859649122807,0.4171539961013645,0.08966861598440551,,,False,,False,,,,-0.02012117395434765,False,405.3626162185046,False,False,0.6346348210831485,0.8554673517268992,,False,1.0345226155040057
APH,213,0.539083820662768,Amphenol,Information Technology,SP500,158.5500030517578,,0.019286402707441752,-0.013378929292555242,0.08507041129830539,0.17714579162681288,0.3840155945419103,0.6042884990253411,0.7777777777777778,-0.04483430799220278,,,False,,False,,,,-0.007892862468141582,False,1114.282543329231,False,False,0.7831573761404993,0.7959824714473565,,False,0.7830710594292831
RTX,214,0.5369395711500975,RTX Corporation,Industrials,SP500,207.72999572753906,,-0.007121716300882097,-0.03159527151809671,0.19500067106794772,-0.013535864682945542,0.290448343079922,0.8615984405458089,0.3840155945419103,-0.033138401559454245,,,False,,False,,,,-0.021866352835195446,False,990.6377288360595,False,False,0.7369445494705362,0.8584103926743731,,False,0.8080037530340425
HAL,215,0.5361842105263158,Halliburton,Energy,SP500,36.849998474121094,0.018518467752734136,0.06410618935989199,0.14263561160065397,-0.059548458926047876,0.033807407578638315,0.9025341130604289,0.20077972709551656,0.50682261208577,0.17348927875243664,-0.13897704118468124,0.7333239669301372,False,0.07843133752508691,True,0.08727078062744131,0.07034341263695643,-0.08026591184311893,0.04341178548683122,False,396.19507348283,True,True,1.0602841860142027,1.071153577108041,0.030956299680421573,True,1.5028825902772636
HPQ,216,0.5358674463937622,HP Inc.,Information Technology,SP500,30.020000457763672,,0.050384903355552124,0.1008434159823084,0.03563404029919237,0.6512569816430667,0.8284600389863548,0.47173489278752434,0.9610136452241715,-0.4892787524366472,,,False,,False,,,,0.00983219574205596,False,405.08174823573756,False,False,0.9319804110943176,1.540435545733084,,False,1.247804688593643
LDOS,217,0.5350877192982456,Leidos,Industrials,SP500,140.2100067138672,,0.012858586522177529,0.21288934744454546,0.1016699247493793,-0.21374496365428441,0.9629629629629629,0.6413255360623782,0.07212475633528265,0.6081871345029239,,,False,,False,,,,0.006700332118489083,False,186.55533563494,False,False,1.574791404583957,0.7164919654343921,,False,0.8467435416846343
EQIX,218,0.5340155945419103,Equinix,Real Estate,SP500,1046.719970703125,,-0.008036373067808023,0.03182761979655213,0.0009053371703942048,0.09400999503692953,0.6393762183235867,0.3469785575048733,0.6296296296296297,0.09551656920077972,,,False,,False,,,,-0.018055673818283657,False,635.5973449117855,False,False,0.8334393549730029,0.9046911124796818,,False,1.216144617957043
TRMB,219,0.5319688109161793,Trimble Inc.,Information Technology,SP500,59.939998626708984,,-0.012032298735258351,0.05938488311978318,0.030782408492860736,-0.12381237512039078,0.7387914230019493,0.44834307992202727,0.17348927875243664,0.3684210526315789,,,False,,False,,,,0.004082037593847732,False,181.82071805705633,False,False,0.9782855224500827,2.489085105343955,,False,8.887253727318392
DPZ,220,0.5303118908382066,Domino's,Consumer Discretionary,SP500,342.05999755859375,,-0.01991350394706004,-0.015484701948560997,0.09711095465379538,-0.13816909386600063,0.3742690058479532,0.6335282651072125,0.15594541910331383,0.1578947368421053,,,False,,False,,,,-0.000300098961765749,False,311.4919533680196,False,False,0.7757795597851529,1.3458882443140998,,False,2.637333035936414
GL,221,0.5283625730994151,Globe Life,Financials,SP500,172.6699981689453,,-0.002657001680202997,-0.052565167797282264,0.13716995132602317,0.1849500332727565,0.17543859649122806,0.7485380116959064,0.7875243664717348,-0.0935672514619883,,,False,,False,,,,-0.01030796096179698,False,113.75025265316087,False,False,0.8208731132493179,0.7282357947546417,,False,0.8961388777945998
ED,222,0.5255360623781676,Consolidated Edison,Utilities,SP500,107.0199966430664,,-0.006406113148929693,-0.008748491109470735,0.0414838339497301,-0.029077980459773167,0.40350877192982454,0.4834307992202729,0.3567251461988304,0.13840155945419103,,,False,,False,,,,-0.002943487262031308,False,246.03412982794313,False,False,0.739836124751994,0.9429737353918332,,False,1.5187605477984831
PFG,223,0.5254385964912281,Principal Financial Group,Financials,SP500,110.16000366210938,,-0.015461575985128762,-0.03113450643049942,0.07055395557408817,0.1691286513479089,0.29434697855750486,0.571150097465887,0.7660818713450293,-0.1793372319688109,,,False,,False,,,,-0.013451221240694977,False,156.00533830989914,False,False,0.5828944873891923,0.7912880648777566,,False,1.4889690675910277
NVDA,224,0.5250974658869396,Nvidia,Information Technology,SP500,220.77999877929688,0.014847141724795065,0.05899848092779414,0.09977583451704541,-0.014809614790141201,0.2113616702531329,0.8226120857699805,0.2962962962962963,0.8148148148148148,-0.1111111111111111,-0.06236825624930664,0.33824128420511324,False,0.009259226320328828,True,0.058278662645656176,0.12755355458043183,-0.055069297627112435,0.012965468213163245,False,27508.25873491635,True,True,1.1260488709463892,1.3934459865711675,0.006067534115895334,False,0.9245918035437559
PG,225,0.5250487329434698,Procter & Gamble,Consumer Staples,SP500,145.1199951171875,,-0.010095572474144943,0.004360091356306661,0.042224942385266306,-0.09911179392959879,0.5029239766081871,0.48927875243664715,0.21442495126705652,0.13060428849902533,,,False,,False,,,,0.002937747068108232,False,1349.3940543723281,False,False,0.657319467765207,1.0113190259838303,,False,1.2980954604100845
EXE,226,0.5242690058479533,Expand Energy,Energy,SP500,98.16000366210938,,0.01899721578189295,0.050194125504699816,0.07231787346476604,-0.07927512646342594,0.6998050682261209,0.5750487329434698,0.2475633528265107,0.38206627680311894,,,False,,False,,,,0.016601100502807054,False,323.2090067750425,False,False,1.0540704218723276,0.613139514204415,,False,0.5703545948842766
CB,227,0.5239766081871345,Chubb Limited,Financials,SP500,338.6000061035156,,-0.020906169937462082,-0.03444732184488808,0.09644414069039176,-0.006129256776669312,0.26705653021442494,0.6296296296296297,0.4015594541910331,0.023391812865497075,,,False,,False,,,,-0.009365017670884712,False,634.5973357279252,False,False,0.57193592957974,0.8036576862867353,,False,1.0243446209838332
AXP,228,0.5229044834307992,American Express,Financials,SP500,330.1700134277344,,-0.021225427413928966,-0.018081744452834614,0.055922038892714854,0.08031250046806182,0.36062378167641324,0.5282651072124757,0.6062378167641326,0.011695906432748537,,,False,,False,,,,-0.014712028098388452,False,982.9527830141651,False,False,0.6468319197436728,0.7134083894077393,,False,0.8617351123902204
DRI,229,0.5218323586744641,Darden Restaurants,Consumer Discretionary,SP500,214.25999450683594,,-0.05009754909587816,0.05246091256372165,0.06974838359675917,0.03709794270183808,0.7095516569200779,0.5672514619883041,0.5185185185185185,0.1228070175438597,,,False,,False,,,,-0.015401663621950723,False,282.4710514562802,False,False,1.2078863727908895,0.6300022045392514,,False,0.8687788514345935
ETN,230,0.5212475633528264,Eaton Corporation,Industrials,SP500,401.8800048828125,,-0.016614892998804698,-0.029699491934869426,0.00697059753495366,0.07377268132913972,0.3079922027290448,0.37037037037037035,0.5847953216374269,0.07797270955165692,,,False,,False,,,,-0.036001671794965606,False,921.4603570171123,False,False,0.5853337558321887,0.7964142842757623,,False,0.9579415590218135
AIZ,231,0.520662768031189,Assurant,Financials,SP500,281.8599853515625,,-0.020673403486687114,0.009563318481350613,0.13690195783486603,0.21099163836459534,0.5263157894736842,0.7446393762183235,0.8128654970760234,-0.10136452241715399,,,False,,False,,,,-0.007984865212296022,False,103.14214618175272,False,False,1.7546552880370263,0.7185334394376471,,False,0.7225552641438742
ASML,232,0.5197855750487329,ASML Holding,Information Technology,NDX,1696.010009765625,,-0.025354424665620767,0.041135672047651894,0.042757463535948226,0.1955496139209103,0.6647173489278753,0.49317738791423,0.797270955165692,-0.25146198830409355,,,False,,False,,,,-0.026285185746541484,False,3058.308614020398,False,False,0.583769966326032,0.5651895011147124,,False,0.6890647206575902
FITB,233,0.5181286549707602,Fifth Third Bancorp,Financials,SP500,53.77000045776367,,-0.02058289684350134,-0.04831857596878453,0.1151457954708357,0.09632130112351378,0.1968810916179337,0.6842105263157895,0.6354775828460039,-0.03508771929824561,,,False,,False,,,,-0.023207407047202366,False,342.4690093027621,False,False,0.7177358856301197,0.6982904883407396,,False,0.8454918331878718
ETR,234,0.5178362573099415,Entergy,Utilities,SP500,106.30999755859375,,0.004915366656264908,-0.006275592340237224,0.018811313782528982,0.008424242858463105,0.42300194931773877,0.4152046783625731,0.44834307992202727,0.2300194931773879,,,False,,False,,,,-0.0028846522728855906,False,287.32793663988696,False,False,0.796172176051696,0.7415236264281071,,False,1.0880113227543167
PSKY,235,0.5174463937621832,Paramount Skydance Corporation,Communication Services,SP500,10.90999984741211,,0.05410622659927489,0.3706029893376577,-0.0016073822639182112,-0.17398548635945377,0.9902534113060428,0.33528265107212474,0.10721247563352826,0.2962962962962963,,,False,,False,,,,0.03510841085259808,False,97.09514226871315,False,False,0.782597803389032,0.8868620342400713,,False,1.029669130157068
ORLY,236,0.5172514619883041,O'Reilly Automotive,Consumer Discretionary,SP500,88.80000305175781,,-0.020732214899547796,-0.00615551686352378,0.024930790366181066,-0.06555820064786033,0.4269005847953216,0.4327485380116959,0.26900584795321636,0.28460038986354774,,,False,,False,,,,-0.008616440287916305,False,650.4264509998244,False,False,0.6338943386208902,0.6348533616824918,,False,0.8491696254073204
LYB,237,0.517056530214425,LyondellBasell,Materials,SP500,65.08000183105469,,-0.0018404159939264808,0.05914673050064079,-0.020675738959252343,0.1478862516651933,0.7368421052631579,0.2826510721247563,0.7290448343079922,0.19883040935672514,,,False,,False,,,,0.01568436024211395,False,277.4722950732406,False,False,1.3654699039437668,0.700931773614355,,False,0.8583961551525722
WM,238,0.5165692007797271,Waste Management,Industrials,SP500,218.9199981689453,,-0.03329509989129642,-0.033679120635762394,0.034627630379864716,-0.09185441228011926,0.2709551656920078,0.4619883040935672,0.23196881091617932,0.1267056530214425,,,False,,False,,,,-0.013230687702566635,False,467.6436038497925,False,False,0.5828854209774873,1.1939890071860026,,False,1.3430324069508275
XYZ,239,0.5153021442495126,"Block, Inc.",Financials,SP500,82.0199966430664,,0.007864332898113391,0.00960116691047741,0.07779235594805556,0.2726144379639637,0.5282651072124757,0.5867446393762183,0.8674463937621832,-0.2085769980506822,,,False,,False,,,,-0.002662681031023628,False,404.5836372073115,False,False,0.9784787113440978,0.8901760015288771,,False,1.18910712923163
ULTA,240,0.5149122807017544,Ulta Beauty,Consumer Discretionary,SP500,537.0999755859375,,-0.0030812126913607463,0.04732554196772343,0.07254825043294222,-0.2066470079971381,0.6881091617933723,0.5769980506822612,0.08187134502923976,0.30214424951267055,,,False,,False,,,,0.007315947152587432,False,322.4453560614761,False,False,1.226927670777305,1.4267998850549306,,False,1.6919646068628156
HIG,241,0.5148148148148148,Hartford (The),Financials,SP500,137.3800048828125,,-0.01151238231337437,-0.03192163105064039,0.08540732570160814,-0.026988261180625694,0.2884990253411306,0.6062378167641326,0.36062378167641324,0.0935672514619883,,,False,,False,,,,-0.005616182531525626,False,222.06018601952377,False,False,0.7837165731676474,0.8711346012134078,,False,1.242336377861158
QCOM,242,0.5140350877192983,Qualcomm,Information Technology,SP500,170.47999572753906,,0.07538003557849504,0.15493526876649621,-0.2527636518922556,0.22107535860132232,0.9181286549707602,0.031189083820662766,0.8284600389863548,-0.04093567251461988,,,False,,False,,,,0.03845844209246563,False,2486.297525921911,False,False,0.5314539960843019,0.8806507530190845,,False,0.859864245175561
KMI,243,0.5137426900584796,Kinder Morgan,Energy,SP500,32.2400016784668,,0.040000054144090136,0.011228960207234628,0.054824910649340586,-0.03091745030677684,0.5321637426900585,0.52046783625731,0.3489278752436647,0.17153996101364527,,,False,,False,,,,0.015532203468353822,False,332.3044000787735,False,False,1.201393074882445,1.2650742358796607,,False,1.6367452901031212
PCAR,244,0.5115984405458089,Paccar,Industrials,SP500,124.12999725341797,,-0.04471298352182329,-0.06196351785957055,0.1369204375594273,0.0033373522410080625,0.13840155945419103,0.746588693957115,0.42300194931773877,0.031189083820662766,,,False,,False,,,,-0.029664059248618257,False,418.024829527345,False,False,0.6942850223810427,0.6568878680989059,,False,0.7804594170999295
CNC,245,0.5115009746588695,Centene Corporation,Health Care,SP500,64.33999633789062,,-0.019954381683782385,0.03407256630657374,0.03774187641759075,0.44260086410593846,0.6530214424951267,0.4756335282651072,0.9376218323586745,-0.3294346978557505,,,False,,False,,,,-0.010614746661137597,False,303.4851164657593,False,False,0.9806545659140469,1.0911797906009015,,False,1.8584395387911554
RF,246,0.509551656920078,Regions Financial Corporation,Financials,SP500,29.8799991607666,,-0.024485798907910583,-0.03457194105966244,0.09290413291889776,0.07849459448965357,0.2651072124756335,0.621832358674464,0.5984405458089669,-0.029239766081871288,,,False,,False,,,,-0.021882462361453525,False,282.95531888344823,False,False,0.7616174354503433,0.8163397439105076,,False,0.9856682747047627
SYK,247,0.5080896686159844,Stryker Corporation,Health Care,SP500,323.79998779296875,,-0.012232725650498932,-0.00583366393260909,0.08416618309625856,-0.15884732281832836,0.42884990253411304,0.6003898635477583,0.13060428849902533,0.10526315789473684,,,False,,False,,,,-0.014758074309992875,False,809.5710230644382,False,False,0.6140939402056425,0.8092389770482251,,False,0.8182992021091616
NVR,248,0.5078947368421052,"NVR, Inc.",Consumer Discretionary,SP500,6315.22998046875,,-0.01287357665820199,0.027359494574617393,0.031679480375733426,-0.14840306368624212,0.6081871345029239,0.45419103313840153,0.14619883040935672,0.1364522417153996,,,False,,False,,,,-0.005904536913050706,False,202.46036439732143,False,False,0.7205547839371378,1.105990932642487,,False,1.2832810398924248
ELV,249,0.5074074074074074,Elevance Health,Health Care,SP500,392.5400085449219,,-0.025060219594978728,0.04443383452999372,-0.02116614144868234,0.34854582156578595,0.6764132553606238,0.2807017543859649,0.9103313840155945,-0.1111111111111111,,,False,,False,,,,-0.01214858591976209,False,520.308780052839,False,False,0.6318273910802203,0.6207984671509141,,False,0.7963674618276534
AMZN,250,0.5066642300194931,Amazon,Consumer Discretionary,SP500,259.7699890136719,-0.02499719943397638,-0.008776350769897245,-0.04348625871756273,-0.00570321019772535,0.2465568874442623,0.22417153996101363,0.3216374269005848,0.847953216374269,-0.12475633528265107,-0.08538131447794917,0.30675586189977966,False,-0.022215405107375186,False,0.030969118623707326,0.08811931766233427,-0.030038842157609436,-0.006459831018218232,False,12453.276239502475,True,True,0.5976097871716769,0.7162602008885396,-0.009758683988253414,False,0.9118879920189112
UBER,251,0.5037037037037038,Uber,Industrials,SP500,75.6500015258789,,-0.04590742019950733,0.07518477643033261,0.025484681691241517,-0.003949906970604933,0.7738791423001949,0.43664717348927873,0.40545808966861596,0.1949317738791423,,,False,,False,,,,-0.020529441306249563,False,1428.7273659366062,False,False,1.2552345392914825,0.7905128188733932,,False,0.9403472856236258
GD,252,0.497270955165692,General Dynamics,Industrials,SP500,371.3500061035156,,-0.03236309056389963,-0.03147985734055492,0.09960011573979943,0.02724057217999465,0.29239766081871343,0.6354775828460039,0.4873294346978557,-0.07017543859649122,,,False,,False,,,,-0.025569867637584287,False,404.55841477374645,False,False,0.6620870069415461,0.8422590990678451,,False,1.0983385929088547
ES,253,0.4970760233918129,Eversource Energy,Utilities,SP500,70.13999938964844,,-0.015578955934758776,-0.020254183858293362,0.05299502697719971,-0.03624045519641228,0.3508771929824561,0.5146198830409356,0.32943469785575047,0.06627680311890838,,,False,,False,,,,-0.01372399181638484,False,164.88389784066337,False,False,0.6958062784933287,0.912775170686891,,False,1.2320582874770865
MU,254,0.4970638401559455,Micron Technology,Information Technology,SP500,958.72998046875,0.02773191638982997,0.05305184163695409,0.16487849330091287,-0.07399576867898083,1.3245698323311341,0.9259259259259259,0.18323586744639375,0.9844054580896686,-0.8031189083820662,-0.20986402855948538,7.104901497794902,False,0.033854503022904936,True,0.0076324406364107755,0.619838470028176,-0.007574627739843409,0.018889580557641006,False,40910.50766288904,True,True,0.46927419341279086,0.5263555615921507,-0.0015757677745937837,False,0.5171735466329584
MRVL,255,0.4955774853801169,Marvell Technology,Information Technology,SP500,211.66000366210938,-0.02289720047493704,-0.07688948554341324,0.12849225003848042,-0.03517189970631596,1.6195670165723892,0.8732943469785575,0.253411306042885,0.9961013645224172,-0.49902534113060426,-0.33093506302827236,2.4041237915401648,False,-0.05953547858990205,False,-0.0657684302457694,0.4186737351293195,0.07039842408994068,-0.07090645373497018,False,6345.415845246124,False,True,0.7594271626860398,1.1103608882700118,-0.0014772046562764318,False,0.7381196069391969
KHC,256,0.495224171539961,Kraft Heinz,Consumer Staples,SP500,25.670000076293945,,0.0,-0.006963261219323336,0.10601983846169216,0.08420814260195342,0.4171539961013645,0.6608187134502924,0.6140350877192983,-0.1500974658869395,,,False,,False,,,,0.01256519053529015,False,357.82207782019015,False,False,0.9890904623832113,1.3490084355527308,,False,1.3005113203971
BBY,257,0.49463937621832355,Best Buy,Consumer Discretionary,SP500,80.1500015258789,,-0.08379059841992698,-0.0708323725833212,0.08317669744669232,0.3387432705519122,0.11500974658869395,0.5964912280701754,0.9044834307992202,-0.3801169590643275,,,False,,False,,,,-0.05076050872207727,False,305.3394903898122,False,False,0.9038475919309304,1.7476828639967201,,False,1.5663554202876753
PEP,258,0.49239766081871345,PepsiCo,Consumer Staples,SP500,140.33999633789062,,-0.02993019897600413,0.005588985332056984,0.002095315899570016,-0.1446464947823124,0.5087719298245614,0.35282651072124754,0.14814814814814814,0.21637426900584794,,,False,,False,,,,-0.0062208285146982956,False,1138.3961978686275,False,False,0.6740141904903968,0.9687251294925984,,False,0.7801112958432357
ITW,259,0.4922027290448343,Illinois Tool Works,Industrials,SP500,275.3699951171875,,-0.030216646314450424,-0.040355520464271266,0.12703950854198576,-0.04251949988693793,0.2378167641325536,0.7153996101364523,0.31773879142300193,0.005847953216374324,,,False,,False,,,,-0.02449905100208838,False,365.0682524671905,False,False,0.6675348319340615,0.7102388027109021,,False,0.936646682067642
FANG,260,0.49191033138401563,Diamondback Energy,Energy,SP500,200.47999572753906,,-0.02490277346294789,-0.006730354308433717,0.012832605751226245,0.13938515649112238,0.42105263157894735,0.391812865497076,0.7076023391812866,0.021442495126705652,,,False,,False,,,,-0.009441826043096513,False,382.5444007520403,False,False,0.9955893538509899,1.0383168403869172,,False,1.7913857144444545
CINF,261,0.49113060428849903,Cincinnati Financial,Financials,SP500,169.89999389648438,,-0.007651496793479762,-0.043786577555151696,0.08927576724297315,0.010939454033283669,0.2202729044834308,0.6120857699805068,0.4600389863547758,-0.03508771929824561,,,False,,False,,,,-0.007536063933442083,False,134.02866725899833,False,False,0.5455225434054277,0.6317058998037662,,False,0.7317702846437574
MTB,262,0.4909356725146199,M&T Bank,Financials,SP500,233.94000244140625,,-0.03246615270565367,-0.050144103217294345,0.10547210962678055,0.07323511305953123,0.18518518518518517,0.6549707602339181,0.5828460038986355,-0.09161793372319693,,,False,,False,,,,-0.028383344668617472,False,260.59393603855057,False,False,0.7953260928943073,0.933431151284746,,False,1.6020738771957734
KMB,263,0.49083820662768035,Kimberly-Clark,Consumer Staples,SP500,107.94999694824219,,-0.030708500619524348,-0.012441685488306375,0.11723053720819143,0.009517166695289125,0.3898635477582846,0.6881091617933723,0.4502923976608187,-0.042884990253411304,,,False,,False,,,,-0.014101860553928258,False,426.8288974886213,False,False,0.9115623159979857,0.9358910490638903,,False,1.126464170157265
EMR,264,0.4899610136452242,Emerson Electric,Industrials,SP500,152.44000244140625,,-0.032556988286843946,0.020938193857616083,0.07982328626032631,0.009831350223177049,0.580896686159844,0.5925925925925926,0.45419103313840153,-0.007797270955165692,,,False,,False,,,,-0.025338828343290265,False,409.6050514626328,False,False,0.9160596277832999,0.8340658427234803,,False,0.8201164139579574
EW,265,0.48888888888888893,Edwards Lifesciences,Health Care,SP500,90.75,,0.0027624309392264568,0.05437435020064507,0.029378360144100002,0.040949755475193195,0.7173489278752436,0.442495126705653,0.5263157894736842,-0.037037037037037035,,,False,,False,,,,0.0014606237490764062,False,386.32933388606483,False,False,0.7064266058635645,0.7053891171890724,,False,0.9239662144534309
EOG,266,0.48879142300194933,EOG Resources,Energy,SP500,144.9600067138672,,-0.03495106694190253,-0.02508571972758511,0.06891985873752438,0.14395410600286063,0.3255360623781676,0.5614035087719298,0.723196881091618,-0.01754385964912286,,,False,,False,,,,-0.009289198646514563,False,435.75014205608755,False,False,1.2711709011050245,0.9290738630848735,,False,0.9842539508235268
AXON,267,0.48859649122807014,Axon Enterprise,Industrials,SP500,566.5599975585938,,-0.05192527971083394,0.07351824138816343,0.18805567806899148,-0.009545158886450467,0.7660818713450293,0.8518518518518519,0.39766081871345027,-0.10526315789473684,,,False,,False,,,,-0.056074884582008266,False,538.2498058692154,False,False,1.261717572199753,0.6720679502322017,,False,1.123852743324532
SWKS,268,0.48810916179337227,Skyworks Solutions,Information Technology,SP500,67.01000213623047,,0.00224351666930267,0.07594739000710993,-0.11233270588829791,0.1469925470136635,0.7797270955165692,0.12280701754385964,0.7270955165692008,-0.021442495126705652,,,False,,False,,,,-0.0018620964525470907,False,377.31741415963467,False,False,0.7596239653955162,1.4095362705842525,,False,3.5878282956974488
URI,269,0.4879142300194931,United Rentals,Industrials,SP500,1038.0,,-0.04204663897714911,-0.03657030514607407,0.04206286215647537,0.269758993856674,0.25925925925925924,0.4873294346978557,0.8635477582846004,-0.24561403508771928,,,False,,False,,,,-0.030580107251666933,False,512.3506208537199,False,False,0.7480403267288381,0.8496986203314522,,False,0.9327528523633868
MOS,270,0.48781676413255365,Mosaic Company (The),Materials,SP500,24.1200008392334,,0.005000034968058342,0.0904159097703412,0.03386201963612567,-0.10684588756091074,0.8050682261208577,0.4580896686159844,0.20077972709551656,0.17153996101364521,,,False,,False,,,,0.020238556628487725,False,181.47245993348724,False,False,0.969717456164809,0.8144135269167796,,False,0.8132057947471437
KVUE,271,0.48684210526315796,Kenvue,Consumer Staples,SP500,18.8799991607666,,-0.02830680060579671,-0.007773076097257192,0.10031377964860866,0.022788677174063077,0.41325536062378165,0.6374269005847953,0.4756335282651072,-0.05458089668615984,,,False,,False,,,,-0.011308492002505832,False,398.581243173463,False,False,0.9235826209068153,1.0428494674475965,,False,1.2824552704221979
O,272,0.48567251461988303,Realty Income,Real Estate,SP500,61.279998779296875,,-0.0299192566793135,-0.04055112252859183,0.03785940331908333,-0.07309495036406455,0.23586744639376217,0.4775828460038986,0.2553606237816764,0.06627680311890838,,,False,,False,,,,-0.01531435203054421,False,345.161522971453,False,False,0.559860202320278,0.9346213962244059,,False,1.197506732390174
CHTR,273,0.4850877192982456,Charter Communications,Communication Services,SP500,152.44000244140625,,0.014238185936107373,0.05145542098019362,0.06900417893914823,-0.34518900153315435,0.7076023391812866,0.5633528265107213,0.023391812865497075,0.45029239766081874,,,False,,False,,,,0.007195371263100991,False,432.95624284428186,False,False,1.0828888506171654,0.6880615553796368,,False,0.8316201920645129
MO,274,0.48196881091617927,Altria,Consumer Staples,SP500,68.4800033569336,,0.00014608056159115534,0.0021952513077605484,0.01244147122483974,0.02880685463877186,0.49122807017543857,0.38791423001949316,0.49122807017543857,0.1111111111111111,,,False,,False,,,,0.012281871357495033,False,603.8666595601919,False,False,0.9667679150168403,0.8368497295110026,,False,1.2403728724187717
PHM,275,0.4807992202729045,PulteGroup,Consumer Discretionary,SP500,126.31999969482422,,-0.02538385078338301,-0.0011860640818460721,0.07551348950707859,-0.05131690753771778,0.47173489278752434,0.580896686159844,0.3001949317738791,0.08966861598440545,,,False,,False,,,,-0.01632350095102686,False,215.32190117615679,False,False,0.8685420533780005,0.7161812897736273,,False,0.9501015075754728
C,276,0.47943469785575055,Citigroup,Financials,SP500,131.6199951171875,,-0.0007592324824539087,-0.0012141725875817189,0.024782568457359044,0.19259727750932187,0.4697855750487329,0.43079922027290446,0.7953216374269005,-0.07407407407407413,,,False,,False,,,,-0.010486034280770551,False,1535.9171553365902,False,False,0.81998741524035,0.6725361187332293,,False,0.6427033251248422
COO,277,0.4793372319688109,Cooper Companies (The),Health Care,SP500,70.08999633789062,,-0.07532990084404456,-0.03083522353904533,0.1644791150865481,-0.16479983475705673,0.2982456140350877,0.8050682261208577,0.1267056530214425,0.011695906432748537,,,False,,False,,,,-0.0409556831901009,False,157.3273953238818,False,False,0.7321111221110935,0.7640000074832586,,False,0.9735386321783277
AES,278,0.47777777777777786,AES Corporation,Utilities,SP500,14.739999771118164,,-0.0006779816191074817,0.004087156995577823,0.014747709695679623,0.06268240777715817,0.49902534113060426,0.3996101364522417,0.571150097465887,-0.10721247563352826,,,False,,False,,,,3.793486638281607e-05,False,113.47184642429352,False,False,0.6985457648006045,1.06650486088025,,False,1.1678028997209335
MDLZ,279,0.47680311890838206,Mondelez International,Consumer Staples,SP500,62.06999969482422,,-0.040649109389014004,-0.003851736048423038,0.025229889902612657,0.04454315290262301,0.4502923976608187,0.4346978557504873,0.5360623781676414,-0.007797270955165692,,,False,,False,,,,-0.013951599212020271,False,541.5236863762758,False,False,0.7786305724690309,0.8425791563969324,,False,0.7906153864914512
CPRT,280,0.4763157894736842,Copart,Industrials,SP500,32.9900016784668,,-0.008117758770047945,0.13289837663807158,0.02073025959062358,-0.1388671235739819,0.8830409356725146,0.42300194931773877,0.1539961013645224,0.3060428849902534,,,False,,False,,,,0.008547728028750035,False,360.1660943556961,False,False,1.1535695613989496,0.6788060477333747,,False,0.7767374873181314
L,281,0.4757309941520468,Loews Corporation,Financials,SP500,108.29000091552734,,-0.02835348693802442,-0.06602273427164995,0.04353942063504079,-0.03366338642409439,0.1286549707602339,0.4951267056530214,0.34307992202729043,0.01364522417153996,,,False,,False,,,,-0.019943025979134554,False,86.59079779275388,False,False,0.5978018918464997,0.991862231682472,,False,1.9896962558789832
TT,282,0.47475633528265104,Trane Technologies,Industrials,SP500,444.3999938964844,,-0.018897910897374914,-0.023189401093467676,-0.006826673199568423,-0.04223181752410521,0.33528265107212474,0.31773879142300193,0.31968810916179335,0.1286549707602339,,,False,,False,,,,-0.02553799615907526,False,569.5565198932258,False,False,0.708868426611589,0.991184159672446,,False,0.8990486815721631
MS,283,0.4735867446393762,Morgan Stanley,Financials,SP500,213.32000732421875,,-0.003550049048652859,0.013782003519195118,0.016512417178335292,0.2912992242860841,0.5555555555555556,0.4074074074074074,0.8791423001949318,-0.2826510721247563,,,False,,False,,,,-0.004968018521084527,False,1136.551415973523,False,False,0.8117358225721474,0.7372986150709832,,False,0.7758038874444667
LYV,284,0.47300194931773876,Live Nation Entertainment,Communication Services,SP500,179.88999938964844,,-0.025461818308067374,0.033078701805081545,0.05538282552315188,0.11173599965297365,0.645224171539961,0.5243664717348928,0.6549707602339181,-0.14814814814814814,,,False,,False,,,,-0.013538146829855324,False,386.09858936979333,False,False,0.9409731406036916,0.7981699485687747,,False,0.7952822813944758
GM,285,0.4730019493177387,General Motors,Consumer Discretionary,SP500,86.31999969482422,,-0.0075879930631982395,-0.028584300000910057,0.04628822261019061,0.11512267287201272,0.30994152046783624,0.49902534113060426,0.6666666666666666,-0.30409356725146197,,,False,,False,,,,0.00027288845813644436,False,551.8492950011585,False,False,0.6754846921177523,0.9734720160138166,,False,1.193173794685912
CHD,286,0.47241715399610135,Church & Dwight,Consumer Staples,SP500,99.77999877929688,,-0.02682141844085628,0.012895901703969148,0.05020191613554448,-0.0340452281441459,0.5477582846003899,0.50682261208577,0.341130604288499,0.06627680311890838,,,False,,False,,,,-0.011337029496513495,False,179.57734290365102,False,False,1.0140318181834216,0.9607352130172397,,False,1.2331149059598023
PM,287,0.47124756335282647,Philip Morris International,Consumer Staples,SP500,187.3000030517578,,-0.02172779440213024,-0.018446725381789597,0.09378443446084561,0.036550394395029606,0.3586744639376218,0.6257309941520468,0.5165692007797271,-0.1949317738791423,,,False,,False,,,,-0.014400609807906584,False,922.8923767841262,False,False,0.6906559130349663,0.7754750994832378,,False,0.7891195356144971
NEE,288,0.4710526315789474,NextEra Energy,Utilities,SP500,82.33999633789062,,-0.013564995360062837,-0.04556850194269502,-0.0011137949717626716,-0.09862127273466803,0.2124756335282651,0.33723196881091616,0.21637426900584794,0.1968810916179337,,,False,,False,,,,-0.014359086325584802,False,943.6983054342776,False,False,0.5920994193892412,0.8246299718248015,,False,1.2731089252126173
DOC,289,0.4698830409356725,Healthpeak Properties,Real Estate,SP500,20.81999969482422,,-0.037447965666665084,-0.04156437913417754,0.11168521142861798,0.21877273892021076,0.2300194931773879,0.672514619883041,0.8245614035087719,-0.2962962962962963,,,False,,False,,,,-0.01639307705586812,False,126.42688056862112,False,False,0.9984981919535143,0.7438561269913826,,False,0.9304053194250976
AZO,290,0.4696881091617934,AutoZone,Consumer Discretionary,SP500,2991.239990234375,,-0.006047620662391617,-0.008291756242229553,-0.00983464189003691,-0.2295523177755181,0.4074074074074074,0.31189083820662766,0.06627680311890838,0.253411306042885,,,False,,False,,,,-0.001940386807584571,False,904.0047380944077,False,False,0.6575404725449895,0.9708289944623363,,False,1.2239980475449197
KEY,291,0.46715399610136454,KeyCorp,Financials,SP500,21.610000610351562,,-0.011888441650875992,-0.043382006888745384,0.044213623050025186,0.054048006927588155,0.22612085769980506,0.49707602339181284,0.5516569200779727,0.011695906432748537,,,False,,False,,,,-0.019277608399467572,False,233.73416828931693,False,False,0.8140420710292688,0.7744639535855694,,False,1.0440114824724467
FFIV,292,0.4666666666666666,"F5, Inc.",Information Technology,SP500,407.1300048828125,,0.07410826220093214,0.011327216324193978,0.02909359968576819,0.46449642044177164,0.5341130604288499,0.4405458089668616,0.9415204678362573,-0.4678362573099415,,,False,,False,,,,0.023359159140953656,False,254.05892962546835,False,False,1.06062782863486,0.9002892477281527,,False,1.3652278230733343
HD,293,0.46637426900584794,Home Depot (The),Consumer Discretionary,SP500,327.8299865722656,,-0.02845036396257683,-0.01244127301217679,0.0630818898995209,-0.10332210447835077,0.391812865497076,0.5419103313840156,0.20662768031189083,0.10916179337231968,,,False,,False,,,,-0.019355984518173663,False,1390.7540672712676,False,False,0.8851571469940783,0.8728637458391472,,False,0.9137873039653964
BSX,294,0.4645224171539961,Boston Scientific,Health Care,SP500,48.29999923706055,,-0.014486821236243674,0.03359725465875929,0.006669439305486469,-0.3663080757870528,0.6491228070175439,0.3684210526315789,0.017543859649122806,0.31189083820662766,,,False,,False,,,,-0.012698709258169627,False,943.3404687038966,False,False,0.9478944541504785,1.0992138073983926,,False,0.9213286497628371
KEYS,295,0.4640350877192982,Keysight Technologies,Information Technology,SP500,322.70001220703125,,0.038756223533742196,0.01134519802903955,-0.02212117513020828,0.030101904185108053,0.5360623781676414,0.27680311890838205,0.4951267056530214,0.1111111111111111,,,False,,False,,,,-0.00646007816344385,False,478.69133545532225,False,False,1.021716696580154,0.955377616065572,,False,1.0083368581163468
BRK-B,296,0.46345029239766083,Berkshire Hathaway,Financials,SP500,504.0299987792969,,-0.0005750486609892302,-0.014681177699056747,0.07174294503675838,0.049690702635168726,0.37816764132553604,0.5730994152046783,0.5458089668615984,-0.042884990253411304,,,False,,False,,,,0.0005869455353224584,False,2211.0782688392483,False,False,1.1489524699920672,0.9913798456293704,,False,1.1444135695211828
OTIS,297,0.46257309941520464,Otis Worldwide,Industrials,SP500,71.12999725341797,,-0.014683545534558529,-0.005404418757749663,0.03203267736909532,-0.23098988796538056,0.4346978557504873,0.45614035087719296,0.06432748538011696,0.253411306042885,,,False,,False,,,,-0.00740819459715325,False,255.10661111713333,False,False,0.9032323821828041,0.9014747012458683,,False,1.4569324900534182
ACN,298,0.4620857699805068,Accenture,Information Technology,SP500,189.75999450683594,,0.017316226605248675,0.1436836825035155,-0.02313590370826435,-0.05953336603812909,0.9064327485380117,0.2729044834307992,0.2787524366471735,0.042884990253411304,,,False,,False,,,,0.029610414596249246,False,1277.9324009637637,False,False,0.5739340114329512,0.5061161078294268,,False,0.4439783707830578
YUM,299,0.46189083820662774,Yum! Brands,Consumer Discretionary,SP500,153.30999755859375,,-0.025675299575546706,0.0001957122882032536,0.03931939033113463,-0.054380986809666076,0.4775828460038986,0.48148148148148145,0.2962962962962963,0.1871345029239766,,,False,,False,,,,0.005963691345115096,False,402.14604891603426,False,False,1.3854734076412756,0.8080294381482239,,False,0.7290045946003549
ESS,300,0.460233918128655,Essex Property Trust,Real Estate,SP500,282.9599914550781,,-0.03627258754068696,-0.0041529637943441555,0.030796033628377906,0.1269719888535672,0.44639376218323584,0.4502923976608187,0.6842105263157895,-0.18713450292397665,,,False,,False,,,,-0.010970438972896845,False,131.5585363902812,False,False,0.9381369012020075,1.3173273395995095,,False,1.3538680621993748
SNDK,301,0.4585769980506823,Sandisk,Information Technology,SP500,1566.699951171875,0.05503102518414371,0.049279332066618275,0.2896454712558534,-0.11055227661683753,1.5306905536001305,0.9805068226120858,0.1267056530214425,0.9922027290448343,-0.5555555555555556,-0.3290364234809957,29.677500695788236,False,0.06363042300981658,True,-0.016065779066070207,0.6031312723747682,0.01632810275754104,0.03103767602145191,False,22914.816343241942,False,True,0.6984354410580901,0.7907697179260681,0.0009562714406858852,False,1.60404928432817
LLY,302,0.45750487329434697,Lilly (Eli),Health Care,SP500,1156.72998046875,,-0.07233771691823987,0.0083106419247847,0.0704007005323577,0.1398977043936298,0.5185185185185185,0.5692007797270955,0.7115009746588694,-0.3313840155945419,,,False,,False,,,,-0.036273888286055045,False,3336.15647806546,False,False,1.197896683501228,0.9712875647649597,,False,1.075367710428038
GS,303,0.4574074074074074,Goldman Sachs,Financials,SP500,1025.9000244140625,,-0.010016602259386831,0.007384296132282531,-0.021629186701182856,0.19580055555772935,0.5126705653021443,0.2787524366471735,0.7992202729044834,-0.3996101364522417,,,False,,False,,,,-0.009678991794685454,False,2091.3363767049987,False,False,0.6503359703417333,0.8859836688013232,,False,0.6615422038433472
FTV,304,0.4559454191033138,Fortive,Industrials,SP500,58.84000015258789,,-0.02679455766483485,-0.006248926492245066,0.0030296600401495954,0.006526986472015883,0.4249512670565302,0.35477582846003897,0.4405458089668616,-0.01364522417153996,,,False,,False,,,,-0.01610634401874733,False,155.40734594823877,False,False,0.6595370472091235,0.862217274614128,,False,1.1584190478281393
PSA,305,0.45545808966861595,Public Storage,Real Estate,SP500,306.989990234375,,-0.05532821773944918,-0.05299695370247204,0.04747072960443832,0.006611378054547812,0.1695906432748538,0.5048732943469786,0.442495126705653,-0.11695906432748537,,,False,,False,,,,-0.032172609933168284,False,330.9096214838768,False,False,0.5524197216175806,0.8740247965459833,,False,1.4074975657254138
INVH,306,0.45448343079922027,Invitation Homes,Real Estate,SP500,29.139999389648438,,-0.04333551327968044,-0.01951547567652312,0.011613549140664148,0.13946840899718804,0.3567251461988304,0.38596491228070173,0.7095516569200779,-0.1286549707602339,,,False,,False,,,,-0.02032993842314479,False,128.06602755594838,False,False,0.8571299052440493,1.0938332692548651,,False,1.3527535552678935
LIN,307,0.45428849902534113,Linde plc,Materials,SP500,489.5799865722656,,-0.0009183360368799631,0.023412311499509064,-0.01262913171003599,-0.032516963685064515,0.5984405458089669,0.3079922027290448,0.34502923976608185,0.025341130604288498,,,False,,False,,,,0.005453262599244946,False,1087.7751022867008,False,False,0.6963571084499504,0.8847355427149316,,False,0.949727219773213
IR,308,0.4536062378167642,Ingersoll Rand,Industrials,SP500,77.05000305175781,,-0.03675453044790433,-0.07569930050729423,0.08607937002630695,-0.1794548005775204,0.10331384015594541,0.6081871345029239,0.10526315789473684,0.08576998050682261,,,False,,False,,,,-0.03277138578003269,False,331.7462347645195,False,False,0.6000770831028256,0.6756589363032043,,False,0.9921911207488481
PNW,309,0.45350877192982453,Pinnacle West Capital,Utilities,SP500,97.63999938964844,,-0.0007164025737397273,-0.024380519552000268,0.0107489719643441,-0.011226074352258864,0.3313840155945419,0.3820662768031189,0.391812865497076,0.04093567251461988,,,False,,False,,,,-0.008186319802036657,False,123.80453057827073,False,False,0.7003851376351357,0.8199638759031024,,False,0.7798975253461244
D,310,0.45311890838206625,Dominion Energy,Utilities,SP500,66.01000213623047,,-0.009007633517839175,-0.04568448917689227,0.021668495784762598,0.057430189583190794,0.21052631578947367,0.4269005847953216,0.5594541910331384,-0.20272904483430804,,,False,,False,,,,-0.013731797947848734,False,298.49060777028916,False,False,0.5506973931278384,0.9305181341287656,,False,1.4817715704850816
SNPS,311,0.45194931773879143,Synopsys,Information Technology,SP500,439.5899963378906,,0.1142682960035597,0.13074901043167975,-0.10705074507361712,0.035157520244502916,0.8791423001949318,0.1364522417153996,0.5107212475633528,0.08576998050682261,,,False,,False,,,,0.04112283010261297,False,791.197199282401,False,False,1.410661082604288,1.4922741147937868,,False,0.8702537998127827
KDP,312,0.45175438596491224,Keurig Dr Pepper,Consumer Staples,SP500,31.860000610351562,,-0.019993778675500895,0.02377891231240703,0.062481319389384504,0.08009171310808294,0.6003898635477583,0.5399610136452242,0.6042884990253411,-0.040935672514619825,,,False,,False,,,,0.004797909361134112,False,429.9489530442764,False,False,1.2093319076252,0.597400556722914,,False,0.8265170103413791
TMUS,313,0.45155945419103316,T-Mobile US,Communication Services,SP500,180.44000244140625,,-0.006234712600674319,0.05078688283359578,-0.028160006364251866,-0.15567953664645584,0.7037037037037037,0.2651072124756335,0.13840155945419103,0.13450292397660818,,,False,,False,,,,0.00417032378882598,False,891.1669085090793,False,False,0.6369841230421945,0.7167249932897364,,False,0.7387561965920328
PKG,314,0.45087719298245615,Packaging Corporation of America,Materials,SP500,233.94000244140625,,-0.06002893823648425,-0.04840544286426296,0.06233453740318229,0.024484329588037035,0.1949317738791423,0.5380116959064327,0.47953216374269003,-0.26900584795321636,,,False,,False,,,,-0.04595846643637558,False,149.08861920773253,False,False,0.5116719250766996,0.8413645694804183,,False,0.914842282531252
EQT,315,0.45077972709551656,EQT Corporation,Energy,SP500,54.18000030517578,,0.00725040682302458,0.019890027081768125,-0.016468637224770766,-0.11578365571861582,0.5750487329434698,0.29239766081871343,0.18518518518518517,0.15789473684210525,,,False,,False,,,,0.0015212727947437887,False,383.8109112761984,False,False,0.8409073643641938,1.0122291274622979,,False,0.7716493519649356
BG,316,0.4503898635477583,Bunge Global,Consumer Staples,SP500,116.20999908447266,,0.05492007281445144,0.1008446767312281,-0.10023287097027245,-0.024575803597981616,0.8304093567251462,0.14619883040935672,0.3645224171539961,0.06042884990253411,,,False,,False,,,,0.02561071311019436,False,163.24073404667132,False,False,0.8075649348548806,1.2537868521383309,,False,1.7299276342036438
UNH,317,0.45009746588693955,UnitedHealth Group,Health Care,SP500,389.4100036621094,,-0.023447702564284634,-0.06030403137654827,0.030995921000368076,0.3382116866747007,0.1442495126705653,0.4522417153996101,0.9025341130604289,-0.27680311890838205,,,False,,False,,,,-0.013906344313769359,False,2139.899414278365,False,False,0.8177247042181433,0.7568859678427505,,False,1.0870934573379156
AME,318,0.449317738791423,Ametek,Industrials,SP500,235.1699981689453,,-0.029546501085330412,-0.027057251926949966,0.05445284128775674,-0.023041106296640135,0.3157894736842105,0.5185185185185185,0.3684210526315789,0.05263157894736842,,,False,,False,,,,-0.030191221191826823,False,291.99694660884313,False,False,1.0908858754210877,0.9702785386503503,,False,1.7387717149801991
CI,319,0.4484405458089668,Cigna,Health Care,SP500,276.0799865722656,,-0.01558219092370594,-0.010643258737236039,0.012728585140345361,-0.040021575293551104,0.4015594541910331,0.3898635477582846,0.3235867446393762,0.09161793372319688,,,False,,False,,,,-0.006992512920966698,False,488.598082065629,False,False,0.8209290083457966,0.7979849414606358,,False,0.8117445800879118
AEE,320,0.44795321637426905,Ameren,Utilities,SP500,106.01000213623047,,-0.010731630147242432,-0.03284370453494101,0.01586503291211505,-0.04798549615883352,0.27485380116959063,0.4015594541910331,0.30409356725146197,0.08966861598440545,,,False,,False,,,,-0.011996943650289915,False,182.16955701795308,False,False,0.6578784327326435,0.6502921085857014,,False,0.7538609600198373
FDX,321,0.4473684210526315,FedEx,Industrials,SP500,327.3999938964844,,-0.019907181977224853,0.06506181001010347,-0.0291320747750462,0.057410323966507804,0.7485380116959064,0.26120857699805067,0.557504873294347,-0.003898635477582846,,,False,,False,,,,-0.00772329804181715,False,578.0964021943385,False,False,0.8051628190711055,0.687696920934132,,False,1.0418136166708438
META,322,0.4461988304093567,Meta Platforms,Communication Services,SP500,572.3400268554688,-0.00982663659363825,0.02382742452656328,0.02807566644377779,-0.045963115233609964,-0.12271102811712375,0.6140350877192983,0.2378167641325536,0.17543859649122806,0.07602339181286549,-0.26406170844041155,0.08968754575604687,False,-0.0044087407919515265,False,-0.03328550278756037,-0.07944373612663147,0.034431575075723364,0.004181810904821726,False,10587.045274814209,False,False,0.6178145015709399,0.9611778058976543,-0.0006747424574563565,False,0.7355749650170558
AOS,323,0.44522417153996097,A. O. Smith,Industrials,SP500,59.130001068115234,,-0.0572385217269874,-0.0166306333317241,0.06647659318640309,-0.23230754936599374,0.3645224171539961,0.5516569200779727,0.06042884990253411,0.21832358674463942,,,False,,False,,,,-0.04003856774909953,False,100.12178965169946,False,False,1.0622436681375191,0.8434826899072643,,False,1.2853658330016176
SNA,324,0.444541910331384,Snap-on,Industrials,SP500,386.30999755859375,,-0.020735615296401666,-0.05288173013419506,0.06073626890765316,0.004542603843727067,0.17153996101364521,0.5360623781676414,0.42884990253411304,-0.07407407407407407,,,False,,False,,,,-0.0199614074422102,False,139.95380798925282,False,False,0.6174886644533149,0.7291530048245819,,False,1.1599337542463415
LRCX,325,0.4423976608187135,Lam Research,Information Technology,SP500,301.489990234375,,-0.02798472714185085,0.028905881981682535,-0.04861762816960169,0.3076357432186714,0.6179337231968811,0.23196881091617932,0.8888888888888888,-0.5243664717348928,,,False,,False,,,,-0.03552429526397238,False,3723.316999121779,False,False,0.6201861495856089,0.5089901885168902,,False,0.6074694062719707
ATO,326,0.43937621832358675,Atmos Energy,Utilities,SP500,166.1300048828125,,-0.010070327539321688,-0.03269075545213895,-0.0001094714073908154,-0.10152910518620284,0.27680311890838205,0.341130604288499,0.21052631578947367,0.1695906432748538,,,False,,False,,,,-0.010148203020587165,False,188.49868321598598,False,False,0.7763536163631749,0.8418308718872828,,False,1.0289012584527724
AIG,327,0.439083820662768,American International Group,Financials,SP500,76.36000061035156,,-0.013181657783289058,-0.028251478352928516,0.04652746786698514,-0.04683378294971263,0.31189083820662766,0.5009746588693957,0.3079922027290448,-0.060428849902534054,,,False,,False,,,,-0.0028900160097797833,False,283.4279212521611,False,False,0.6490314754105678,0.8606483523125379,,False,0.9944149119969924
SPG,328,0.4389863547758285,Simon Property Group,Real Estate,SP500,212.32000732421875,,-0.03810079538850397,-0.07433399379137506,0.05895080141226883,0.0687464303698222,0.10721247563352826,0.5321637426900585,0.5789473684210527,-0.2300194931773879,,,False,,False,,,,-0.02294829081741223,False,386.5078820677465,False,False,0.6420993875242509,0.7831445618349581,,False,1.2819008459219412
VMC,329,0.4360623781676413,Vulcan Materials Company,Materials,SP500,269.5799865722656,,-0.0230485461073775,0.005625567141660737,-0.04076969093544647,-0.11453137938628433,0.5107212475633528,0.24171539961013644,0.1871345029239766,0.10331384015594541,,,False,,False,,,,-0.015889458662081024,False,297.5840568710638,False,False,0.6647586881443907,0.8845801035878196,,False,0.9409688283796888
GOOGL,330,0.43595272904483434,Alphabet Inc. (Class A),Communication Services,SP500,339.3500061035156,-0.02088920716371956,-0.02502439670221468,-0.047117621512454355,-0.09782208148452842,0.10854671373413782,0.20077972709551656,0.1539961013645224,0.645224171539961,-0.037037037037037035,-0.15664226578073237,0.6102110163375334,False,-0.02643275006173096,False,-0.028218442364574714,0.01429307573654448,0.029037845123586203,-0.012829358411085123,False,10681.29975024951,False,True,0.6504939243309168,0.8030185396714623,-0.007963327836312595,False,1.081851353300633
EVRG,331,0.4342105263157895,Evergy,Utilities,SP500,81.0199966430664,,-0.0045460468037439306,-0.015823445572001438,0.016252066461715176,-0.011123754645490092,0.37037037037037035,0.40350877192982454,0.3937621832358674,-0.015594541910331383,,,False,,False,,,,-0.009588671125349668,False,172.35523860453392,False,False,0.8315343530277785,1.059948855333658,,False,1.3623011867195511
LOW,332,0.43333333333333335,Lowe's,Consumer Discretionary,SP500,204.6999969482422,,-0.05659507337587388,-0.0149655966839356,-0.008352983614991483,-0.19526489959361393,0.3762183235867446,0.3157894736842105,0.08966861598440545,0.20662768031189083,,,False,,False,,,,-0.0323508877948504,False,643.4542148432206,False,False,0.8368569251697454,1.0950935306208336,,False,1.4176416129954632
TSLA,333,0.43307748538011703,"Tesla, Inc.",Consumer Discretionary,SP500,367.95001220703125,0.05505379844310032,0.05444905956537793,0.18232069120487515,-0.115249572263728,-0.08769710025506983,0.9395711500974658,0.11695906432748537,0.23586744639376217,0.05263157894736842,-0.24889767179811506,0.23340709028321238,False,0.07867643036523408,True,0.022586144310591028,-0.0814339257877692,-0.022087277865297295,0.0455298757630882,False,14267.37144832904,True,False,0.7091127068057158,0.9246815250028223,-0.0044157951108870774,False,1.5574480063539344
VRSN,334,0.43265107212475634,Verisign,Information Technology,SP500,288.2799987792969,,-0.00863169191467339,-0.003081612388250665,-0.025165179513560898,0.27119212795140424,0.4600389863547758,0.26900584795321636,0.8654970760233918,-0.35672514619883045,,,False,,False,,,,0.0008898761171012293,False,221.3043469716909,False,False,0.7711991911789281,0.7862299644007802,,False,0.9628213106004522
IP,335,0.43226120857699807,International Paper,Materials,SP500,37.93000030517578,,-0.0757797402771232,-0.0604471037642792,0.13867462099136874,-0.09223095997657704,0.14230019493177387,0.7524366471734892,0.2300194931773879,-0.21442495126705652,,,False,,False,,,,-0.05375369602024993,False,192.44644915352646,False,False,0.6442073217651656,0.8104208603376656,,False,0.9675206188443741
GOOG,336,0.4306530214424951,Alphabet Inc. (Class C),Communication Services,SP500,335.4100036621094,-0.021786050846727467,-0.026640334232975627,-0.059554158412630676,-0.09922198824098105,0.09625379886078811,0.14619883040935672,0.15009746588693956,0.6335282651072125,-0.0682261208576998,-0.15895182063989277,0.5867153930326359,False,-0.03084081866772259,False,-0.0344245762995512,0.0057681972392868985,0.03565187706168338,-0.015082929314949256,False,7120.646335595703,False,True,0.6045238545377541,0.8665036394402775,-0.0083411567557522,False,1.1191018934730819
ZTS,337,0.4306042884990254,Zoetis,Health Care,SP500,77.0999984741211,,-0.0009070843136599338,-0.0024583055913520724,0.0009986559449992605,-0.39535408159363983,0.4619883040935672,0.3489278752436647,0.007797270955165692,0.3391812865497076,,,False,,False,,,,0.00985898489811321,False,473.74123421931364,False,False,0.8089025330069064,0.7191688262134533,,False,0.8893358397637295
COST,338,0.42875243664717344,Costco,Consumer Staples,SP500,943.8900146484375,,-0.028319959928165273,-0.008404332304036921,-0.0007602513753145468,-0.05585279974641533,0.40545808966861596,0.3391812865497076,0.290448343079922,0.10136452241715399,,,False,,False,,,,-0.0061084879924580004,False,2093.9055604294135,False,False,0.8459275718899848,0.8127989319391761,,False,1.065109970228226
GEV,339,0.4277777777777778,GE Vernova,Industrials,SP500,898.530029296875,,-0.04624768858736483,-0.0926596762225691,-0.05423323881350872,0.020827521560506934,0.07017543859649122,0.21442495126705652,0.4697855750487329,0.04483430799220273,,,False,,False,,,,-0.05552605462734772,False,2722.7508901987503,False,False,0.6116145054801829,0.8936359204624292,,False,1.3435312711673064
ADM,340,0.42729044834307994,Archer Daniels Midland,Consumer Staples,SP500,81.29000091552734,,0.04004602234858057,0.031991131041171794,-0.009853105756959635,0.18295202784058384,0.6413255360623782,0.30994152046783624,0.7855750487329435,-0.2846003898635478,,,False,,False,,,,0.014754027091959276,False,292.84502146013216,False,False,1.1837393304460455,1.015213996571525,,False,1.4527645860210912
AMD,341,0.4266447368421053,Advanced Micro Devices,Information Technology,SP500,470.7200012207031,0.01104002490802869,0.03058566222376169,-0.011403954101408043,-0.077254823838803,1.3699527378548888,0.39766081871345027,0.1793372319688109,0.98635477582846,-0.783625730994152,-0.18968510960030072,2.1144634320604787,False,-0.022066453058656843,False,-0.0674054711025539,0.397970046568799,0.07227736064701529,-0.007233781222756863,False,13187.096723366089,False,True,0.6934652158020768,0.5972963876537924,0.0013746609968128265,False,0.467476227325186
SBAC,342,0.42524366471734887,SBA Communications,Real Estate,SP500,189.66000366210938,,0.024801405718051006,0.055191267221962104,-0.06410921714281581,-0.02759103202077451,0.723196881091618,0.1949317738791423,0.3586744639376218,0.12475633528265107,,,False,,False,,,,0.02132783273942973,False,181.96204176564117,False,False,0.9442945904165541,0.7007657708081044,,False,0.8874484478404041
VRT,343,0.4236842105263158,Vertiv,Industrials,SP500,258.7200012207031,,0.014707612589898389,0.07099388738878831,-0.19980886561506572,0.004211113093220087,0.7641325536062378,0.04873294346978557,0.4269005847953216,0.029239766081871343,,,False,,False,,,,-0.021934812434421858,False,1695.790149866439,False,False,0.5798055556252703,0.6926746431651917,,False,0.6765459555012644
KIM,344,0.4226120857699805,Kimco Realty,Real Estate,SP500,23.709999084472656,,-0.021056987751466694,-0.06946626725128746,0.013940835340817692,0.028760922062939454,0.1189083820662768,0.39766081871345027,0.48927875243664715,-0.24171539961013644,,,False,,False,,,,-0.012951099814822342,False,109.06668267568081,False,False,0.6067337678638359,1.4113748946222309,,False,2.540011571619042
WRB,345,0.41588693957115014,W. R. Berkley Corporation,Financials,SP500,67.55999755859375,,-0.030703005499950864,-0.06865182373974321,0.059350351736094265,-0.06923546275590775,0.12280701754385964,0.5341130604288499,0.26120857699805067,-0.12085769980506822,,,False,,False,,,,-0.01792263271472161,False,133.39200404737824,False,False,0.5667408555544652,0.8475543534502009,,False,1.0570311727604311
AMAT,346,0.41588693957115,Applied Materials,Information Technology,SP500,458.3900146484375,,-0.05328484203077055,-0.09610543351666145,0.0015500146093176959,0.23448504907482182,0.06627680311890838,0.3508771929824561,0.8382066276803118,-0.5886939571150097,,,False,,False,,,,-0.05462055161578261,False,5227.324125430236,False,False,0.568742669417639,0.6165938322775506,,False,0.6515314734803176
KR,347,0.41510721247563354,Kroger,Consumer Staples,SP500,57.540000915527344,,-0.0260663653994313,0.003373766916729082,-0.058276918454968296,-0.15655327563689492,0.49707602339181284,0.20662768031189083,0.13450292397660818,0.1111111111111111,,,False,,False,,,,0.0004850568467920091,False,414.6385022866152,False,False,0.6383083505674072,0.8146387087513969,,False,1.051778067972543
ADI,348,0.41508284600389866,Analog Devices,Information Technology,SP500,362.1400146484375,0.0009951237502221488,-0.024328470653933842,-0.014343618739674935,-0.09823447309245381,0.03365100558078682,0.38011695906432746,0.15204678362573099,0.5048732943469786,-0.021442495126705652,-0.187079092849462,0.6232483957285269,False,-0.04043578590939789,False,-0.053135149643550594,0.05013788412363285,0.0561169311792995,-0.02179921544094665,False,1636.0358317385253,False,True,0.6672940860768685,0.7454674544684773,0.008568760334942693,False,0.61853993851881
CASY,349,0.4124756335282651,Casey's,Consumer Staples,SP500,752.2100219726562,,-0.11940857327387466,-0.13638344205205943,0.00964893093230379,0.09648523898239647,0.02729044834307992,0.37816764132553604,0.6374269005847953,-0.1871345029239766,,,False,,False,,,,-0.06436093301924628,False,326.01126966116766,False,False,0.6862028371199171,0.8574469893669635,,False,1.0399336713801106
CSGP,350,0.4110136452241715,CoStar Group,Real Estate,SP500,32.06999969482422,,-0.023447029664614427,0.11509038385258297,-0.05286476323866662,-0.2900154749868339,0.8596491228070176,0.22612085769980506,0.04093567251461988,0.15204678362573099,,,False,,False,,,,0.0005050524270209245,False,222.28893969197176,False,False,1.1828337724515527,1.645244547870797,,False,4.758796773036348
TAP,351,0.410233918128655,Molson Coors Beverage Company,Consumer Staples,SP500,39.7599983215332,,-0.06435347371681077,-0.03215965043943003,0.030577653149053363,-0.153650077376843,0.28460038986354774,0.44639376218323584,0.14230019493177387,0.10331384015594541,,,False,,False,,,,-0.035058215226166034,False,121.68262347509423,False,False,1.005134093638506,0.9658914028807989,,False,1.5828450649304213
FERG,352,0.4076998050682261,Ferguson Enterprises,Industrials,SP500,224.50999450683594,,-0.050496944789641396,-0.03833223452936407,0.004312331957480708,-0.11702121275369726,0.2553606237816764,0.3586744639376218,0.18323586744639375,0.24366471734892786,,,False,,False,,,,-0.04422897567962247,False,624.1356442662765,False,False,0.9147511844651224,0.5729379660512162,,False,0.6351227031801415
EXR,353,0.40643274853801165,Extra Space Storage,Real Estate,SP500,141.10000610351562,,-0.035213633480235096,-0.04687913737744864,0.016493074544378983,-0.05478046212581966,0.20662768031189083,0.40545808966861596,0.29434697855750486,-0.11306042884990253,,,False,,False,,,,-0.023463804239021613,False,162.4669816997606,False,False,0.5402938298367338,0.8653987851590198,,False,1.075855011307501
CBOE,354,0.4053606237816764,Cboe Global Markets,Financials,SP500,300.20001220703125,,-0.025609348646965513,-0.03233084622409044,-0.0026245989998824326,0.01122467724594034,0.2826510721247563,0.3313840155945419,0.4619883040935672,-0.1617933723196881,,,False,,False,,,,-0.008514667314262647,False,334.44188340342,False,False,0.6609157236396075,0.9200941059263846,,False,1.712871188715035
ROST,355,0.40350877192982454,Ross Stores,Consumer Discretionary,SP500,228.5399932861328,,-0.05374300578301272,-0.08973598351392031,0.021948744527637176,0.13432880470653852,0.07602339181286549,0.42884990253411304,0.6978557504873294,-0.24561403508771928,,,False,,False,,,,-0.028965721366191355,False,660.3895072565817,False,False,0.8434024628854803,0.848475585748749,,False,0.8589608017751207
MSTR,356,0.4029970760233918,Strategy (MicroStrategy),Information Technology,NDX,132.94000244140625,0.04422280253537303,0.08407408806087147,0.42517157140992334,-0.11243154276362777,-0.03421715702087236,0.9961013645224172,0.12085769980506822,0.3391812865497076,0.1189083820662768,-0.6304039546857789,0.6151136725131194,False,0.22657614833244244,True,0.3209039751252165,-0.054140041000425576,-0.2429426977042719,0.08193405475832871,False,2416.7970293691405,True,False,1.0718550632459618,1.2585734175814063,0.009897178460356981,False,1.0066096001733666
PLD,357,0.40292397660818713,Prologis,Real Estate,SP500,139.9199981689453,,-0.0239955526420238,-0.03243207538628923,0.013778516883268477,-0.00455904680456376,0.2787524366471735,0.39571150097465885,0.40350877192982454,-0.056530214424951264,,,False,,False,,,,-0.0110827926127266,False,625.1284230410206,False,False,0.7327302418078011,0.7606269475838333,,False,0.8338716328755837
XEL,358,0.40263157894736845,Xcel Energy,Utilities,SP500,75.69000244140625,,-0.021207802286509647,-0.03209711770829371,-0.001951964353386515,-0.08323943185617388,0.28654970760233917,0.3333333333333333,0.23976608187134502,0.06432748538011696,,,False,,False,,,,-0.02013126291373757,False,394.6059651998715,False,False,0.8448657460531357,0.986003013035615,,False,1.3001249863822286
ISRG,358,0.40263157894736845,Intuitive Surgical,Health Care,SP500,376.8599853515625,,0.008806858052949673,0.06659496695303657,-0.08586819865013795,-0.24058441238979844,0.7563352826510721,0.17153996101364521,0.05458089668615984,0.14035087719298245,,,False,,False,,,,0.0005017899239867507,False,1214.539874815898,False,False,0.6622823086825285,0.5566357403204862,,False,0.5899203253875847
DAL,360,0.40019493177387916,Delta Air Lines,Industrials,SP500,78.0,,-0.05431623635545091,-0.10795976873093083,-0.04022846124274615,0.2202340886938452,0.04678362573099415,0.24366471734892786,0.8265107212475633,-0.6998050682261208,,,False,,False,,,,-0.05304455372733896,False,546.6066881405733,False,False,0.6252632825113257,0.8917684722487624,,False,0.9508872987728028
DHI,361,0.3992202729044834,D. R. Horton,Consumer Discretionary,SP500,144.55999755859375,,-0.029603300167634683,0.01349655028251795,-0.013533724981413697,-0.05809883362495116,0.5516569200779727,0.30214424951267055,0.28654970760233917,0.09551656920077972,,,False,,False,,,,-0.01913851956772361,False,345.3519032180475,False,False,1.1069876210828904,0.7503707286337395,,False,1.1067753016700623
HII,362,0.3991228070175439,Huntington Ingalls Industries,Industrials,SP500,291.20001220703125,,-0.00703243135187126,-0.10381979399967634,-0.012995365898136657,-0.3524307289879559,0.05458089668615984,0.30409356725146197,0.021442495126705652,0.1539961013645224,,,False,,False,,,,-0.02458395699574678,False,145.86696312293228,False,False,0.5215230239128527,0.7626680369308293,,False,0.8754462546733757
AEP,363,0.3991228070175438,American Electric Power,Utilities,SP500,122.43000030517578,,0.00368910424543456,-0.03510277262189132,-0.0034565406461793957,-0.0677618376387743,0.2631578947368421,0.3255360623781676,0.2631578947368421,0.09746588693957114,,,False,,False,,,,-0.0074418821579741445,False,577.151747327968,False,False,0.859791691415695,0.7803352741199877,,False,0.9115446265039713
GWW,364,0.3978557504873294,W. W. Grainger,Industrials,SP500,1309.489990234375,,-0.009388027801261467,-0.050768086153920255,0.055523363791694536,0.1409858028536819,0.18323586744639375,0.5263157894736842,0.7134502923976608,-0.3294346978557505,,,False,,False,,,,-0.004280184500694562,False,400.46269450210264,False,False,1.1150094100264794,0.7716990221602673,,False,1.402120302364231
CAT,365,0.39746588693957113,Caterpillar Inc.,Industrials,SP500,797.469970703125,,-0.01670741597224268,-0.021281067865421943,-0.07674335535290377,0.06400254271055839,0.34307992202729043,0.18128654970760233,0.5730994152046783,0.005847953216374269,,,False,,False,,,,-0.02562744736288214,False,2932.422723863251,False,False,0.7663703261442709,0.6471484698876913,,False,0.9272430865837459
PPG,366,0.39668615984405464,PPG Industries,Materials,SP500,112.16999816894531,,-0.00936152218106745,0.021241773543055897,0.007117333874760989,-0.04695036479770831,0.5828460038986355,0.3723196881091618,0.3060428849902534,-0.07797270955165692,,,False,,False,,,,-0.010938360544692105,False,206.8300146935755,False,False,0.7032282883938206,0.6680624037686047,,False,0.8627313581633261
UDR,367,0.395906432748538,"UDR, Inc.",Real Estate,SP500,36.95000076293945,,-0.03750973299304794,-0.027993665545329227,0.017071202074920633,0.006452746479963523,0.3138401559454191,0.41130604288499023,0.43859649122807015,-0.1403508771929825,,,False,,False,,,,-0.015562734672809886,False,124.97198497852403,False,False,0.8249906621907966,0.9014685755663703,,False,0.724709532619649
VTRS,368,0.3957115009746589,Viatris,Health Care,SP500,16.510000228881836,,-0.001813826178047151,-0.05274348342185231,0.05210780853814656,0.07638200640407877,0.17348927875243664,0.5107212475633528,0.594541910331384,-0.33333333333333337,,,False,,False,,,,-0.001828025923136245,False,162.52112620088226,False,False,0.9529846607690817,0.8870047050835513,,False,1.2635932538176116
INTC,369,0.39484649122807014,Intel,Information Technology,SP500,89.51000213623047,0.0004470874592776841,0.025785009682755877,-0.007649610148076191,-0.18128600899002678,0.9672527942028675,0.4152046783625731,0.06042884990253411,0.9746588693957114,-0.21832358674463936,-0.36490704849077216,2.729583422342936,False,-0.0655844396589298,False,-0.13958998631355912,0.22544845014802029,0.16223658964112175,-0.01677820526763185,False,11432.172361638122,False,True,0.674871343561073,0.7457587959090193,0.005923759607306511,False,0.5745498273456361
NUE,370,0.3942495126705653,Nucor,Materials,SP500,249.63999938964844,,0.02043819494961774,-0.029733020720615233,-0.004918294024731651,0.39063316264784254,0.3060428849902534,0.3235867446393762,0.9298245614035088,-0.45808966861598444,,,False,,False,,,,-0.009518407060628231,False,377.18835446920593,False,False,1.0418350559051168,0.7129349500770354,,False,0.826754522285075
JCI,371,0.39366471734892783,Johnson Controls,Industrials,SP500,138.24000549316406,,-0.033219104955045875,-0.0574116866132377,0.03519163683440141,-0.04406823977216412,0.1539961013645224,0.46588693957115007,0.31189083820662766,0.056530214424951264,,,False,,False,,,,-0.035041386372879346,False,558.0586123496231,False,False,0.8929352617503361,0.58382036076955,,False,0.7839461850884828
UPS,372,0.3932748538011696,United Parcel Service,Industrials,SP500,104.2300033569336,,0.014700176385182173,0.016041494154890756,-0.028693344352481498,-0.0589333424994839,0.5653021442495126,0.2631578947368421,0.2807017543859649,-0.06042884990253411,,,False,,False,,,,0.0009319284669733197,False,524.194454532343,False,False,0.7384294293323115,1.0040409613513843,,False,0.9884576141484568
PDD,373,0.3895711500974659,PDD Holdings,Consumer Discretionary,NDX,84.0,,-0.035258983640569785,-0.051490488756808395,-0.037138903520252065,-0.18303831696832407,0.1793372319688109,0.2475633528265107,0.10136452241715399,0.12085769980506822,,,False,,False,,,,-0.028150884442341373,False,596.6102011767329,False,False,0.7729479233384141,1.1317487398026254,,False,1.7808480721367093
VRSK,374,0.3887914230019493,Verisk Analytics,Industrials,SP500,193.77999877929688,,0.02231598870712781,-0.005491441060824553,0.05619709477655266,-0.09306570763538369,0.4327485380116959,0.530214424951267,0.22612085769980506,-0.033138401559454245,,,False,,False,,,,0.024802139899751774,False,337.75119130604025,False,False,0.9699910541196171,0.7523054641301699,,False,0.641202176028527
DOV,375,0.38869395711500976,Dover Corporation,Industrials,SP500,194.22999572753906,,-0.04611531094598198,-0.05077704837055641,-0.06413220578764989,-0.1399892467044892,0.18128654970760233,0.19298245614035087,0.15009746588693956,0.037037037037037035,,,False,,False,,,,-0.03484073996650838,False,236.78772416556222,False,False,0.5095269661471702,1.0801439640026798,,False,1.5039765339139375
XYL,376,0.3877192982456141,Xylem Inc.,Industrials,SP500,110.11000061035156,,-0.031975452245084246,-0.05506506849472026,0.020299468413238264,-0.1396929588867869,0.16374269005847952,0.4191033138401559,0.15204678362573099,0.04678362573099415,,,False,,False,,,,-0.02760125523811363,False,221.00785500114597,False,False,0.8814073621750618,1.0388629494403714,,False,1.049145217180048
ARE,377,0.38723196881091615,Alexandria Real Estate Equities,Real Estate,SP500,51.290000915527344,,-0.05088823007791332,-0.0031098123428476843,0.06853845878748621,0.0029267208359160524,0.4580896686159844,0.557504873294347,0.42105263157894735,-0.3801169590643275,,,False,,False,,,,-0.007566024413539374,False,96.84540267931101,False,False,1.4425862586613911,1.1274502920466203,,False,1.1484633073909558
DOW,378,0.3868421052631579,Dow Inc.,Materials,SP500,30.520000457763672,,-0.02926208844358469,0.007593249761786103,-0.12020750458417984,0.007527522207922077,0.5146198830409356,0.10916179337231968,0.4444444444444444,0.08771929824561403,,,False,,False,,,,-0.00990991537938024,False,310.0123475924784,False,False,1.0649306187440561,0.8363074819686087,,False,0.9037870221664195
VMRK,379,0.3862573099415204,Vivmark Residential,Real Estate,SP500,65.13999938964844,,-0.04402700362301071,-0.019714034894751098,0.00010108739819658652,0.05518357107939598,0.35477582846003897,0.34307992202729043,0.5536062378167641,-0.11695906432748537,,,False,,False,,,,-0.01269895804605603,False,257.60558627871296,False,False,1.3030474912293697,1.3805523095177468,,False,1.62974029640608
PPL,380,0.38538011695906427,PPL Corporation,Utilities,SP500,34.130001068115234,,-0.025970314601471922,-0.03067304869183296,-0.003352541157355171,-0.10503141401530525,0.3001949317738791,0.32943469785575047,0.2046783625730994,0.07017543859649122,,,False,,False,,,,-0.01920640474088131,False,305.07006920299915,False,False,0.9306236184213914,0.8898845582078432,,False,0.970243900375582
CVS,381,0.3838206627680312,CVS Health,Health Care,SP500,93.91000366210938,,-0.002125140228935285,-0.10073730357487143,0.042721168744927374,0.16728816597170404,0.06042884990253411,0.49122807017543857,0.7582846003898636,-0.4327485380116959,,,False,,False,,,,-0.0013468662646686225,False,781.9992741172168,False,False,1.1520221483761626,0.8164762163040564,,False,1.341281712334651
FE,382,0.3823586744639377,FirstEnergy,Utilities,SP500,45.86000061035156,,-0.015245846878362057,-0.041303248895661615,0.020595842594975045,-0.08214355573207344,0.23196881091617932,0.42105263157894735,0.24171539961013644,-0.04093567251461988,,,False,,False,,,,-0.014006634729673562,False,199.00851710024463,False,False,0.8266068306886355,0.9827991960595982,,False,1.2154983603780207
DTE,383,0.381578947368421,DTE Energy,Utilities,SP500,135.6300048828125,,-0.0002211320837908204,-0.04398386162782797,-0.02231753906842493,-0.0668300644846066,0.21832358674463936,0.27485380116959063,0.2651072124756335,0.03508771929824561,,,False,,False,,,,-0.010066060677870081,False,189.13290228934773,False,False,0.8104656251440668,0.9772687518448471,,False,1.069441179971978
NFLX,384,0.3815667641325536,Netflix,Communication Services,SP500,81.05000305175781,-0.008198704832808712,0.012998386298710196,0.13024688448653943,-0.055911421172712195,-0.16520747647688394,0.8771929824561403,0.21052631578947367,0.12475633528265107,0.18128654970760233,-0.35840091027300336,0.1989645692490023,False,0.04087743514387565,True,0.0847192256222189,-0.07397459334277123,-0.07810244680933176,0.00984320115582027,True,3080.508738782486,True,False,0.9753248176641017,0.6679361086122715,-0.00881058749324537,False,0.7152103457369733
STZ,385,0.38079922027290447,Constellation Brands,Consumer Staples,SP500,130.6199951171875,,-0.05072682177846055,0.0029946970931671313,-0.03376724933494912,-0.15350239463071103,0.4951267056530214,0.2553606237816764,0.1442495126705653,0.1793372319688109,,,False,,False,,,,-0.019505636949652017,False,281.2937867779479,False,False,1.1023123535310857,0.7676957197860818,,False,1.461264089304515
TXN,386,0.3792397660818713,Texas Instruments,Information Technology,SP500,260.9100036621094,,0.007607944705835479,-0.05378250198551304,-0.10557342014347859,0.25621176181387617,0.16764132553606237,0.14035087719298245,0.8538011695906432,-0.22417153996101363,,,False,,False,,,,-0.015722046486459917,False,2259.439859605937,False,False,0.6911983970447274,0.6132103285736165,,False,0.6985146611956815
MAA,387,0.3787524366471735,Mid-America Apartment Communities,Real Estate,SP500,128.85000610351562,,-0.032367057975833946,-0.02637139437018232,0.017262093422002023,-0.01618366622697165,0.31968810916179335,0.41325536062378165,0.37816764132553604,-0.08382066276803118,,,False,,False,,,,-0.014801171394057344,False,133.5478582507698,False,False,0.8394679118813448,0.7615364304559717,,False,1.2613493147487818
SO,388,0.3786549707602339,Southern Company,Utilities,SP500,88.0,,-0.023307419641347304,-0.06149097352137467,-0.003407359329352655,-0.07990050387820136,0.14035087719298245,0.32748538011695905,0.24561403508771928,-0.01949317738791423,,,False,,False,,,,-0.019917100383280095,False,510.54031884639505,False,False,0.7284826431908112,1.0440567552597273,,False,1.1517895730359407
CDNS,389,0.3773879142300195,Cadence Design Systems,Information Technology,SP500,338.7799987792969,,0.07236004171920452,-0.0036468157003709534,-0.18200696401459115,0.1167590161460692,0.45419103313840153,0.05847953216374269,0.6705653021442495,-0.4249512670565302,,,False,,False,,,,0.021326296226129804,False,782.1797334151911,False,False,0.6618455811854262,1.0529581169804911,,False,0.6777890147912569
TPL,390,0.3769005847953216,Texas Pacific Land Corporation,Energy,SP500,374.3399963378906,,0.0023831412552370868,-0.07014752639549249,0.01659285003738975,-0.29406996517302875,0.11695906432748537,0.4093567251461988,0.037037037037037035,0.24951267056530213,,,False,,False,,,,0.008542420555990526,False,146.54900076493243,False,False,1.168440036491559,0.7894696472209364,,False,0.9977531604326861
SYY,391,0.3761208576998051,Sysco,Consumer Staples,SP500,81.08000183105469,,-0.03315047411237104,-0.04880333337599729,0.10712704077141333,-0.09115058415367072,0.1871345029239766,0.6627680311890838,0.23391812865497075,-0.1228070175438597,,,False,,False,,,,-0.01935209379220315,False,271.4706988916514,False,False,0.8441981341917647,0.5979308245006751,,False,0.8250526600811581
WEC,392,0.3756335282651072,WEC Energy Group,Utilities,SP500,106.16999816894531,,-0.01310655919418613,-0.021243975929036263,-0.013853753806317037,-0.07380451257529796,0.34502923976608185,0.3001949317738791,0.253411306042885,0.07797270955165692,,,False,,False,,,,-0.010030961669071914,False,244.6117517178438,False,False,1.013704482264921,0.8099903959427721,,False,0.9280894024625774
DUK,393,0.373391812865497,Duke Energy,Utilities,SP500,119.91000366210938,,-0.016889378847067538,-0.03560332363956864,0.00896049524486453,-0.07308702063609374,0.26120857699805067,0.3762183235867446,0.2573099415204678,0.04678362573099415,,,False,,False,,,,-0.012787707964692419,False,512.3572334979466,False,False,0.9831590346084597,0.7872614450995046,,False,1.014336979925618
EME,394,0.37290448343079924,Emcor,Industrials,SP500,734.5399780273438,,-0.03969152231361939,-0.0788658756581373,-0.11556723853802708,-0.0006722689633863466,0.09551656920077972,0.11500974658869395,0.4093567251461988,-0.02729044834307992,,,False,,False,,,,-0.04595800370204495,False,352.2586537346042,False,False,0.6081689800162308,1.0228870441096998,,False,1.2565994941015428
NOC,395,0.36920077972709553,Northrop Grumman,Industrials,SP500,539.7000122070312,,-0.017441043873572037,-0.0051245545675558946,0.0008902517154183442,-0.29419117117660765,0.43859649122807015,0.34502923976608185,0.03508771929824561,0.1111111111111111,,,False,,False,,,,-0.02224673023285706,False,466.4713259829152,False,False,0.9584065618179228,0.7749010321768695,,False,0.8474368946087963
ARM,396,0.36734892787524365,Arm Holdings,Information Technology,NDX,241.91000366210938,,0.013108321043696636,0.009261968367853868,-0.40831600819186287,0.9450832059160472,0.5243664717348928,0.007797270955165692,0.9727095516569201,-0.7582846003898636,,,False,,False,,,,-0.03194074699040428,False,1676.770418781514,False,False,0.7559851803764399,0.6331940042244604,,False,0.33470728216184337
HUBB,397,0.367166179337232,Hubbell Incorporated,Industrials,SP500,453.0,-0.011435034798457755,-0.02647239624115172,-0.0384006096646935,-0.018417941880761513,-0.11840035786857717,0.253411306042885,0.28654970760233917,0.1793372319688109,0.07797270955165692,-0.18298942601828938,0.12560622863740023,False,-0.0712042142372814,False,-0.07432609727667627,-0.06054871336904588,0.08029403989678174,-0.03163646633709816,False,268.8680262626251,False,False,0.9619605490002913,0.7039891329549619,-0.0037098064893542615,False,0.8842456565742974
LMT,398,0.3657894736842105,Lockheed Martin,Industrials,SP500,561.22998046875,,-0.005158354493788209,-0.036911847695528466,0.08660209190464663,-0.1652074822357229,0.2573099415204678,0.6101364522417154,0.12280701754385964,-0.13255360623781676,,,False,,False,,,,-0.01500288294799268,False,650.5587926778365,False,False,0.8454621783284775,0.8252868035818504,,False,0.7597460129946839
PWR,399,0.3654970760233918,Quanta Services,Industrials,SP500,607.0900268554688,,-0.015710629367252316,-0.0903110162715911,-0.11679930058299848,0.06049320271503311,0.07407407407407407,0.11306042884990253,0.5672514619883041,-0.06432748538011696,,,False,,False,,,,-0.03775322448730489,False,836.1944535455199,False,False,0.6997749089896813,0.9536036145358056,,False,1.0791328446357213
MLM,400,0.36413255360623786,Martin Marietta Materials,Materials,SP500,518.7000122070312,,-0.027030019208941436,-0.01226340073459764,-0.09153006822626153,-0.21929618912726223,0.3937621832358674,0.16374269005847952,0.07017543859649122,0.07017543859649122,,,False,,False,,,,-0.021167082871329734,False,340.5476690908004,False,False,0.7280720633447518,0.9835240301528488,,False,1.1511026535294195
ALNY,401,0.36354775828460045,Alnylam Pharmaceuticals,Health Care,NDX,240.69000244140625,,0.019829702315571796,0.17112688515868224,-0.18584041380774063,-0.25957486997148116,0.9317738791423001,0.05458089668615984,0.04873294346978557,0.04678362573099415,,,False,,False,,,,0.017915208204378752,False,472.8237610983712,False,False,0.6708702962750657,0.7511774805080346,,False,0.8691200048565213
AVGO,402,0.36317007797270956,Broadcom,Information Technology,SP500,370.3399963378906,0.004202900721427705,0.032277807606903464,-0.04865393161939546,-0.19358626253282718,0.16587484896122495,0.19103313840155944,0.050682261208576995,0.7524366471734892,-0.16374269005847952,-0.2297566046812246,0.2641905120662351,False,-0.05032016915917725,False,-0.03879496637100677,0.004629768431789527,0.04036076072608341,5.7193428559587645e-05,False,8226.239737218506,False,True,0.8101515954340311,0.904563538776742,0.0019793932911311707,False,0.9996664448439726
MPWR,403,0.36257309941520466,Monolithic Power Systems,Information Technology,SP500,1267.77001953125,,-0.013431600330047644,-0.11097943697837653,-0.17679418269279923,0.11348255000370955,0.042884990253411304,0.06237816764132553,0.6608187134502924,-0.06042884990253411,,,False,,False,,,,-0.030521586296571757,False,1244.3356937410317,False,False,0.5333693502997531,0.47701606665340673,,False,0.7261117180980566
AFL,404,0.362280701754386,Aflac,Financials,SP500,115.8499984741211,,-0.019881544287603692,-0.08665320247196306,0.03856438686486485,0.03252208153071767,0.08576998050682261,0.47953216374269003,0.5009746588693957,-0.25536062378167645,,,False,,False,,,,-0.012834149994116362,False,252.6315401936278,False,False,1.1977949013238312,1.0911279018086089,,False,1.7998531914183713
CL,405,0.36072124756335283,Colgate-Palmolive,Consumer Staples,SP500,89.81999969482422,,-0.029497604180594772,-0.016210331954694235,0.021541606375494293,-0.06581359941832787,0.3664717348927875,0.4249512670565302,0.26705653021442494,-0.1793372319688109,,,False,,False,,,,-0.013742917608544292,False,417.2941910447568,False,False,0.8232697065742303,0.8548864554533935,,False,1.2659415307128
STX,406,0.3591617933723196,Seagate Technology,Information Technology,SP500,828.3800048828125,,0.04244633415020771,-0.03241330153333244,-0.10017729032937306,1.1880710420527487,0.2807017543859649,0.14814814814814814,0.9824561403508771,-0.783625730994152,,,False,,False,,,,-0.019000045582044378,False,4354.904614695272,False,False,0.8733625192992911,0.6513605428306958,,False,0.6773467029631225
BF-B,407,0.3570175438596491,Brown–Forman,Consumer Staples,SP500,26.56999969482422,,-0.07582609757133152,-0.07518273170302936,0.06524716624624949,-0.06242713455620075,0.10526315789473684,0.5458089668615984,0.2709551656920078,-0.18128654970760238,,,False,,False,,,,-0.040021363985184966,False,64.92784875276915,False,False,0.822752657132217,0.7952119997118917,,False,0.9774545076975563
SMCI,408,0.35599415204678364,Supermicro,Information Technology,SP500,37.279998779296875,0.00539366068948488,0.05999433381303576,0.312676030987431,-0.20477820115383194,0.17122208195582878,0.9844054580896686,0.04678362573099415,0.7699805068226121,-0.4522417153996101,-0.3646898673242057,0.8158790809757264,False,0.04713215356124878,True,0.18948097158015242,0.18991378455410435,-0.1592971860057908,0.004823082101248488,False,1656.2574479564703,True,True,0.8400119867469666,0.6830815258832336,-0.014563130767568877,False,0.43700265236770347
GLW,409,0.35477582846003897,Corning Inc.,Information Technology,SP500,148.72999572753906,,0.021848111364521472,0.07580467072360975,-0.15829089815375552,-0.05639206089713711,0.7777777777777778,0.07407407407407407,0.2884990253411306,-0.01364522417153996,,,False,,False,,,,-0.020758646905216338,False,2471.4697558799903,False,False,0.7069585681642953,0.5544148244114009,,False,0.6670675261840504
CRH,410,0.35370370370370374,CRH plc,Materials,SP500,94.29000091552734,,-0.01565925446981442,-0.003600774978491872,-0.11318130065671972,-0.19005372912248986,0.45614035087719296,0.1189083820662768,0.09551656920077972,0.07017543859649122,,,False,,False,,,,-0.013368499887678187,False,442.1460912958729,False,False,0.7739738860770008,0.9463113524379984,,False,1.213643382017827
CIEN,411,0.35311890838206633,Ciena,Information Technology,SP500,382.79998779296875,,0.029170520849178816,0.015249967341617321,-0.3279612407835423,0.08218125661880626,0.5614035087719298,0.017543859649122806,0.6120857699805068,0.001949317738791423,,,False,,False,,,,-0.03095287859703566,False,965.7776543042863,False,False,0.9592081000533772,0.5923806980422769,,False,0.7821073558648112
CARR,412,0.3501949317738791,Carrier Global,Industrials,SP500,58.220001220703125,,-0.0291812567013231,-0.05808121780982811,-0.10260540371580285,-0.08149313281484905,0.15009746588693956,0.14230019493177387,0.24366471734892786,-0.05458089668615984,,,False,,False,,,,-0.024063085716978683,False,402.04829066479743,False,False,0.5621813121165694,1.0627678341743512,,False,0.8644071822859908
BA,413,0.3496101364522417,Boeing,Industrials,SP500,207.77999877929688,,-0.012734048508389217,-0.03867863715165698,-0.07365137783189823,-0.09558634190300219,0.25146198830409355,0.18518518518518517,0.22417153996101363,-0.05847953216374269,,,False,,False,,,,-0.02814002045082542,False,1233.218329082411,False,False,0.5664585526690215,0.8425888397888639,,False,0.9179892725065839
MGM,414,0.34922027290448343,MGM Resorts,Consumer Discretionary,SP500,41.36000061035156,,-0.053330237802594604,-0.07202151910369936,-0.18405993823486455,0.15789471435906677,0.11306042884990253,0.056530214424951264,0.7426900584795322,-0.7212475633528266,,,False,,False,,,,-0.037634516860160505,False,115.7136586844853,False,False,0.4544514053976385,0.8121300878699123,,False,0.8552101342268129
MSCI,415,0.3480506822612086,MSCI,Financials,SP500,570.6400146484375,,-0.0012600999747680586,0.0007704849666587688,-0.1105091762195104,0.0015144782751959074,0.4834307992202729,0.1286549707602339,0.4152046783625731,-0.1793372319688109,,,False,,False,,,,0.006109247458621958,False,415.02865994138136,False,False,0.5570650757376882,0.5535513195159991,,False,0.5796438970199161
LNT,416,0.3470760233918129,Alliant Energy,Utilities,SP500,67.9800033569336,,-0.006430792513692607,-0.03955913352152074,-0.015424104303922492,-0.04590459961513982,0.24366471734892786,0.29434697855750486,0.30994152046783624,-0.015594541910331383,,,False,,False,,,,-0.010450148731723452,False,177.40255117783838,False,False,0.8371742859170921,0.7100792440566958,,False,0.9486090503386229
KLAC,417,0.34619883040935673,KLA Corporation,Information Technology,SP500,175.4499969482422,-0.0005126828149294438,-0.03370606448810909,-0.039228210112748685,-0.09461505656898495,0.14578642176807577,0.24561403508771928,0.15984405458089668,0.7251461988304093,-0.37037037037037035,-0.4178240273102378,1.0902534718135146,False,-0.08459465614565764,False,-0.17159588144149762,0.0322700756124239,0.20714030458961252,-0.04148585475688482,False,2632.778986333252,False,True,0.5496193719178964,0.6403411736590677,0.007519695651731828,False,0.6058934912751592
MCD,418,0.3454191033138402,McDonald's,Consumer Discretionary,SP500,263.5400085449219,,-0.03302267453520158,-0.026234132867375748,-0.039051821802249864,-0.2031254037118979,0.3216374269005848,0.24561403508771928,0.08382066276803118,0.04678362573099415,,,False,,False,,,,-0.011433707044912644,False,1246.005030477407,False,False,0.8772074257922197,1.0081504390613643,,False,1.121011709724733
ORCL,419,0.34416423001949314,Oracle Corporation,Information Technology,SP500,149.1199951171875,-0.01146841840457713,0.046823434972545375,0.1482251537980721,-0.3969825581621358,0.0061066080590423955,0.9122807017543859,0.009746588693957114,0.4346978557504873,-0.042884990253411304,-0.5406462529876686,0.2968083997518838,False,0.012029354224611266,True,0.05976620876389327,-0.11925739276953151,-0.05639565431474203,0.00795222736805834,False,4508.236068630798,True,False,0.6172250981052233,0.5922343594087927,-0.010208872937433555,False,0.49213209028668214
AMT,420,0.34327485380116957,American Tower,Real Estate,SP500,175.6999969482422,,-0.015079334327091964,0.013497902224574032,-0.05413980561469911,-0.05809959460738412,0.5536062378167641,0.21832358674463936,0.28460038986354774,-0.06627680311890838,,,False,,False,,,,0.0018775893444664682,False,509.973130981383,False,False,0.7930693265419828,0.7081206230383258,,False,0.9458927892398852
CPT,421,0.3416179337231968,Camden Property Trust,Real Estate,SP500,105.80000305175781,,-0.030691694249100232,-0.045212477368630655,0.006499481160693321,-0.012272255915129926,0.21637426900584794,0.3664717348927875,0.3898635477582846,-0.2085769980506823,,,False,,False,,,,-0.015064238703478505,False,104.46183431527274,False,False,0.9125617563467707,0.8872624172022722,,False,1.3467370561121947
TEL,422,0.3410331384015594,TE Connectivity,Information Technology,SP500,205.25,,0.014030908979338452,0.0017571925551636003,-0.023869269698589712,-0.02421022499670289,0.4873294346978557,0.2709551656920078,0.3664717348927875,-0.056530214424951264,,,False,,False,,,,0.0016474653262157357,False,488.5366011068539,False,False,1.1017714963132523,0.7817873517260898,,False,0.7542247342427865
CSCO,423,0.34064327485380114,Cisco,Information Technology,SP500,110.48999786376953,,0.002358654621410494,-0.04741788172511008,-0.08593639299418476,0.40398245398203225,0.19883040935672514,0.1695906432748538,0.9337231968810916,-0.7641325536062378,,,False,,False,,,,-0.01192111391060191,False,2560.335830284041,False,False,0.9237777050639874,0.6367635721869498,,False,0.9128857987032732
NXPI,424,0.3391203703703704,NXP Semiconductors,Information Technology,SP500,224.63999938964844,0.004741021334254691,0.009890293670634653,-0.019724228487644657,-0.2761191923614238,0.008061060999853487,0.35282651072124754,0.025341130604288498,0.44639376218323584,-0.015594541910331383,-0.32244569466035733,0.2355919986853483,False,-0.021246844765794637,False,-0.12412264909115656,-0.07148178208167755,0.1417123629950725,-0.004378277225253968,False,1029.2902556588135,False,False,0.6061169804069404,0.6373025802425482,0.011807851185381635,False,0.7306903125016798
JBHT,425,0.33771929824561403,J.B. Hunt,Industrials,SP500,265.4700012207031,,0.021509913163235916,-0.021461779968075412,-0.048458607081264926,0.14798451929014877,0.341130604288499,0.23391812865497075,0.7309941520467836,-0.3937621832358674,,,False,,False,,,,-0.006466238892260945,False,262.539025225145,False,False,1.0113836792342,0.6741429803014353,,False,1.1122561993133722
EBAY,426,0.3374269005847953,eBay Inc.,Consumer Discretionary,SP500,103.55999755859375,,-0.029932220829983036,-0.08889691669247513,-0.05867814261795046,0.17719138656101685,0.08187134502923976,0.2046783625730994,0.7797270955165692,-0.4717348927875244,,,False,,False,,,,-0.003970487679628154,False,424.48710124865164,False,False,1.038635446154655,0.9870934927499895,,False,1.920438132234513
RL,427,0.3365497076023392,Ralph Lauren Corporation,Consumer Discretionary,SP500,346.8999938964844,,-0.06450572502907159,-0.0879213408092333,-0.050673134692580835,-0.015327317015703223,0.08382066276803118,0.22807017543859648,0.38011695906432746,-0.341130604288499,,,False,,False,,,,-0.045383383873896954,False,235.6980375987773,False,False,0.6258986987456651,1.085476683245986,,False,1.2973490475718858
PEG,428,0.3364522417153996,Public Service Enterprise Group,Utilities,SP500,73.33000183105469,,-0.0027199367817547504,-0.04368803417825462,-0.03524854757956697,-0.11761030961320407,0.2222222222222222,0.24951267056530213,0.18128654970760233,-0.005847953216374269,,,False,,False,,,,-0.008055122886185262,False,224.87424440197069,False,False,0.8549625307051242,1.0153902505649508,,False,2.412588015130627
CMS,429,0.3331384015594542,CMS Energy,Utilities,SP500,68.05999755859375,,-0.00526162847100109,-0.046961256613413216,-0.02792219071108404,-0.1144707179819594,0.2046783625730994,0.26705653021442494,0.18908382066276802,0.017543859649122806,,,False,,False,,,,-0.013586071895008045,False,261.7357647268178,False,False,0.8102129095064893,0.7218085841010512,,False,0.9488369794375223
IBM,430,0.3330409356725146,IBM,Information Technology,SP500,233.8699951171875,,0.012248969500054718,0.05319770885631647,-0.2648784271954574,-0.008725879783120005,0.7115009746588694,0.02729044834307992,0.3996101364522417,-0.2982456140350877,,,False,,False,,,,-0.0005843317831175643,False,2265.1761227880047,False,False,0.38744834683541957,0.49905598673165413,,False,0.6183593058673398
VICI,431,0.33206627680311895,Vici Properties,Real Estate,SP500,25.649999618530273,,-0.04219570721216359,-0.026565493465105172,-0.06082065135028114,-0.1269606157452493,0.31773879142300193,0.19883040935672514,0.1695906432748538,0.015594541910331383,,,False,,False,,,,-0.01634356431001205,False,262.5721322973368,False,False,0.7832386855825108,0.773808692758492,,False,0.898546113084216
CMI,432,0.33157894736842103,Cummins,Industrials,SP500,564.4000244140625,,-0.0126307175480187,-0.10674735804949675,-0.1196568242630478,-0.0208313170316623,0.04873294346978557,0.1111111111111111,0.37037037037037035,-0.15009746588693956,,,False,,False,,,,-0.033771282938277136,False,638.8014050427495,False,False,0.5400119359220912,0.947557100707698,,False,1.2536058375201904
AON,433,0.3300194931773879,Aon plc,Financials,SP500,321.5199890136719,,-0.1046505609888817,-0.10621861064049076,0.00575161591768536,-0.04350792452117602,0.050682261208576995,0.36257309941520466,0.3157894736842105,-0.4463937621832359,,,False,,False,,,,-0.06977614694495715,False,467.7473439729029,False,False,0.615287795500429,0.8067768199233716,,False,1.8139615561935978
FLEX,434,0.32992202729044834,Flex Ltd.,Information Technology,SP500,109.25,,0.02437879453278957,-0.03956043956043953,-0.26187417029493765,0.6681936717612789,0.24171539961013644,0.029239766081871343,0.9629629629629629,-0.8771929824561404,,,False,,False,,,,-0.03170090206059328,False,594.1863061859442,False,False,0.7960078501410277,0.6006847530134416,,False,0.4570707162281689
HSY,435,0.32953216374269007,Hershey Company (The),Consumer Staples,SP500,176.2100067138672,,-0.07228596162503775,0.014541519984179407,-0.047234425266915236,-0.24069394507926156,0.5594541910331384,0.23586744639376217,0.05263157894736842,-0.031189083820662766,,,False,,False,,,,-0.03653024347953793,False,298.4100919272598,False,False,0.6819664072271173,0.6531986501409432,,False,0.9767032088077539
WY,436,0.3283625730994152,Weyerhaeuser,Real Estate,SP500,23.3700008392334,,-0.041820359817144825,-0.06632040758583702,-0.005887945986351006,-0.034338158984841494,0.1267056530214425,0.31968810916179335,0.33723196881091616,-0.1539961013645224,,,False,,False,,,,-0.028386784389967112,False,131.60167574382317,False,False,0.8029859227187445,0.8205577016846903,,False,1.2605713304832185
FIX,437,0.3276803118908382,Comfort Systems USA,Industrials,SP500,1545.6199951171875,,-0.03980266301042423,-0.105955140293029,-0.13505356884735642,0.07619734711721549,0.05263157894736842,0.09551656920077972,0.5925925925925926,-0.14035087719298245,,,False,,False,,,,-0.04814789612735182,False,866.1054067631936,False,False,0.7548489135062524,0.824357911324522,,False,1.023705345459304
TDY,438,0.3267056530214425,Teledyne Technologies,Information Technology,SP500,612.9500122070312,,-0.019609426168413546,-0.06501211867691403,0.005709947448093944,-0.10984767669938089,0.13255360623781676,0.36062378167641324,0.1968810916179337,-0.0682261208576998,,,False,,False,,,,-0.03284157124581322,False,236.29519687263334,False,False,0.744088656585278,0.7069955763842674,,False,0.8893650968309859
ON,439,0.32663255360623783,ON Semiconductor,Information Technology,SP500,74.08999633789062,0.02038280836108508,0.030029139768534385,-0.09214562205881283,-0.3872808678480577,0.1144704060873567,0.07212475633528265,0.011695906432748537,0.6647173489278753,-0.042884990253411304,-0.4468005645513007,0.6501112209358735,False,-0.045895945469135,False,-0.1515875102912274,-0.04812504332379863,0.1786719456985617,-0.008194574629795226,False,945.0860855159455,False,False,0.45221019208683416,0.5523667267634637,0.01294590873853041,False,0.5295917447160179
UAL,440,0.32575536062378163,United Airlines Holdings,Industrials,SP500,107.98999786376953,-0.023598559189512702,-0.0491327097477221,-0.1099481065355985,-0.03373303686828377,0.04631333031390361,0.04483430799220273,0.2573099415204678,0.5380116959064327,-0.7076023391812866,-0.20659762413110605,0.2673395026881058,False,-0.10358310457477993,False,-0.12237645030711619,-0.00040082052362810927,0.13944070934507247,-0.0497596936152237,False,511.91486726148986,False,False,0.6891254352156112,0.7049333735489509,-0.015641914569681115,False,0.8068827358960797
TSN,441,0.32524366471734895,Tyson Foods,Consumer Staples,SP500,55.13999938964844,,-0.047174694878595824,-0.04865423980967054,-0.07992659588078899,-0.13657239199031124,0.18908382066276802,0.17738791423001948,0.15984405458089668,0.009746588693957114,,,False,,False,,,,-0.027225880616461473,False,176.80043833455454,False,False,0.6963787528939759,0.7857519179252737,,False,1.0186757880326442
F,442,0.32300194931773885,Ford Motor Company,Consumer Discretionary,SP500,13.9399995803833,0.004322728058190561,0.0007178230429618626,-0.040124387894277525,-0.1526773777078455,0.06561549657562327,0.23976608187134502,0.07797270955165692,0.5769980506822612,-0.8206627680311891,-0.19203131107931182,0.2786968150390079,False,-0.003889072631406476,False,-0.0034809513804341385,0.05576263939275239,0.0034931107290485652,-0.0032225422972791407,False,690.3760189687767,False,True,0.6291432494128439,0.7443754354402563,0.001440886449888934,False,0.8184873994496694
GE,443,0.3227095516569201,GE Aerospace,Industrials,SP500,335.7099914550781,,-0.01793238049521073,-0.06765355451337574,0.035515869859424454,-0.02638369468197288,0.12475633528265107,0.4697855750487329,0.36257309941520466,-0.44054580896686163,,,False,,False,,,,-0.035878883714480225,False,1493.8897881725077,False,False,1.0606068690746941,0.9476760933082183,,False,1.0610909984501102
HLT,444,0.3225146198830409,Hilton Worldwide,Consumer Discretionary,SP500,316.2799987792969,,-0.041779041533380856,-0.012686818194505789,-0.04877794251730605,0.03861922747715307,0.38791423001949316,0.2300194931773879,0.5224171539961013,-0.1267056530214425,,,False,,False,,,,-0.027203891711800487,False,752.5455239731147,False,False,1.2274051612120949,0.7411736918701446,,False,1.0682352816419733
IRM,445,0.32202729044834305,Iron Mountain,Real Estate,SP500,115.3499984741211,,-0.04818882622028764,-0.05698169749912163,-0.0810363936004952,0.06122963379845903,0.15594541910331383,0.17543859649122806,0.5692007797270955,-0.15594541910331383,,,False,,False,,,,-0.04668412162289037,False,232.326123970312,False,False,0.9244517953634783,0.8166835151924478,,False,1.3672685333699952
JBL,446,0.3218323586744639,Jabil,Information Technology,SP500,305.260009765625,,0.001213536355443301,-0.030865020470234095,-0.1518016401156318,0.1692890089339425,0.2962962962962963,0.07992202729044834,0.7680311890838206,-0.13255360623781676,,,False,,False,,,,-0.035323627833929394,False,403.6881751768151,False,False,1.1041016259139071,0.6393548265949238,,False,0.7920757607408956
TER,447,0.3199439571150097,Teradyne,Information Technology,SP500,349.8299865722656,-0.014480138126493958,-0.04129900678620957,-0.048573569448592036,-0.0531572646860321,0.07406355578300894,0.19298245614035087,0.2222222222222222,0.5867446393762183,-0.3762183235867447,-0.2769717484704155,2.1216413683425106,False,-0.09030157689813711,False,-0.07940203532522505,0.11853715549359323,0.08625050062246853,-0.04952260785467655,False,1447.8576657609863,False,True,0.7616259313993464,0.565922919814477,0.006732918620279138,False,0.4660538472763456
LEN,448,0.3175438596491228,Lennar,Consumer Discretionary,SP500,84.11000061035156,,-0.04593923415974721,0.021372218200872872,-0.06101932503055352,-0.2309905788469545,0.5847953216374269,0.1968810916179337,0.06237816764132553,0.015594541910331383,,,False,,False,,,,-0.021911210187395724,False,206.1681874223826,False,False,0.9661387726562045,0.8333368879849646,,False,0.9562943075911028
HST,449,0.3174463937621832,Host Hotels & Resorts,Real Estate,SP500,21.93000030517578,,-0.054333773172249744,-0.1273378019282514,-0.01765961827802187,0.16819325035627064,0.03313840155945419,0.290448343079922,0.7641325536062378,-0.6140350877192982,,,False,,False,,,,-0.031067457075789617,False,226.94274225140396,False,False,1.4245593085223243,0.8447250740700566,,False,0.7201019198055791
WMT,450,0.31603313840155944,Walmart,Consumer Staples,SP500,104.87000274658203,0.017266528973938433,-0.015212650480657564,-0.0546666679504465,-0.08271324006703518,-0.16964728533583218,0.16569200779727095,0.17348927875243664,0.11695906432748537,0.08382066276803118,-0.21668355762289315,0.08076614255099268,False,-0.04463572134907523,False,-0.05968937432693289,-0.11163014991530962,0.06347835778651101,-0.008808552932188185,False,2735.5526018092805,False,False,1.3702972467326828,1.1234248024750222,-9.694933738457756e-05,False,1.3796598811571468
EXC,451,0.3146198830409357,Exelon,Utilities,SP500,43.720001220703125,,-0.013982835583021047,-0.04583148162609674,-0.012946568598658836,-0.1024779218594638,0.20857699805068225,0.3060428849902534,0.20857699805068225,-0.09161793372319688,,,False,,False,,,,-0.014606839811188932,False,374.4336774578951,False,False,0.8187549054966483,0.8061944911061162,,False,1.157931360135642
PODD,452,0.3138401559454191,Insulet Corporation,Health Care,SP500,148.66000366210938,,0.022280329624264628,-0.10093741654268618,0.0035779299387463936,-0.3943369097150278,0.05847953216374269,0.3567251461988304,0.009746588693957114,0.0682261208576998,,,False,,False,,,,0.018139569637716235,False,255.21408938701398,False,False,1.9312522119199647,1.684097413375458,,False,4.136923985269903
FISV,453,0.3116959064327485,Fiserv,Financials,SP500,53.310001373291016,,0.006608804661421885,-0.011679593427094015,-0.09720572291162766,-0.13807594683132174,0.39571150097465885,0.15594541910331383,0.15789473684210525,0.05847953216374269,,,False,,False,,,,0.010786153018987887,False,391.3360001358733,False,False,0.9641486654288132,0.7110897988579715,,False,1.1806666366881442
WDC,454,0.3105263157894737,Western Digital,Information Technology,SP500,450.54998779296875,,0.034843085902025894,-0.17306004407696096,-0.17490394124790087,0.6694431500136655,0.017543859649122806,0.06627680311890838,0.9649122807017544,-0.8499025341130604,,,False,,False,,,,-0.02481714858921935,False,4542.3668647817185,False,False,0.8728899095621537,0.6885623187722483,,False,0.6712667100694952
DDOG,455,0.30886939571150096,Datadog,Information Technology,SP500,237.0399932861328,,0.04991800859458362,-0.11542339737161855,-0.14577101290780659,1.1333812616687986,0.03898635477582846,0.08576998050682261,0.9785575048732943,-0.9142300194931774,,,False,,False,,,,0.0032283286554235513,False,1155.544544618225,False,False,1.235760586485226,0.8622918034018612,,False,0.9015149674620391
MAR,456,0.30750487329434706,Marriott International,Consumer Discretionary,SP500,341.760009765625,,-0.05119378627563054,-0.08147272536836714,-0.09153614607857408,0.0383105606647387,0.08771929824561403,0.1617933723196881,0.52046783625731,-0.3255360623781676,,,False,,False,,,,-0.0324435784772894,False,585.2769110238211,False,False,0.8425409592727193,0.9915732299527599,,False,0.8696593353395917
FRT,457,0.3074074074074074,Federal Realty Investment Trust,Real Estate,SP500,116.02999877929688,,-0.012846708562778253,-0.06495283903987548,-0.013961123899941752,0.07269586473168399,0.13450292397660818,0.2982456140350877,0.580896686159844,-0.44054580896686163,,,False,,False,,,,-0.010201825590343883,False,98.96000256531384,False,False,0.972173070805641,0.702553335021931,,False,0.816670667012819
CNP,458,0.306140350877193,CenterPoint Energy,Utilities,SP500,39.599998474121094,,0.012787724284207602,-0.05241073421289599,-0.03519853154733554,-0.0758017124137712,0.17738791423001948,0.25146198830409355,0.24951267056530213,-0.05263157894736842,,,False,,False,,,,0.00010508319385227338,False,283.65846097247066,False,False,0.9764359336951294,0.8886201368800603,,False,1.387546401657823
CHRW,459,0.30536062378167644,C.H. Robinson,Industrials,SP500,149.66000366210938,,0.047599069177556075,0.013064428283947604,-0.16519799285643455,-0.19522427807161058,0.5497076023391813,0.07212475633528265,0.09161793372319688,0.009746588693957114,,,False,,False,,,,0.012072859688796678,False,323.34618268591436,False,False,0.785996894673674,0.7836660367911882,,False,0.7418228247399451
ALB,460,0.30477582846003903,Albemarle Corporation,Materials,SP500,134.97000122070312,,-0.04621576948628092,0.147313855159537,-0.2092880602004895,-0.23869259259801168,0.9103313840155945,0.04483430799220273,0.05847953216374269,0.04093567251461988,,,False,,False,,,,-0.0007041005058953109,False,291.3671173997996,False,False,1.0602394246200872,0.7636547002772175,,False,0.8589187516576784
LULU,461,0.30376461988304093,Lululemon Athletica,Consumer Discretionary,SP500,120.26000213623047,-0.004552565462113578,-0.02052448825639941,0.011693441217560663,-0.08956010696978622,-0.3173638906387324,0.5399610136452242,0.16569200779727095,0.029239766081871343,0.06627680311890838,-0.4429312608107825,0.1406620676100543,False,-0.005182534114554493,False,0.01930113404332734,-0.21830361285449496,-0.01893565443880596,0.009477159910239008,False,366.1128941456757,True,False,0.9850716303490409,1.7759313285313663,-0.0149821835541043,False,4.603315431532359
IDXX,462,0.30331384015594537,Idexx Laboratories,Health Care,SP500,556.6900024414062,,-0.005040137397005706,-0.004257078454634855,-0.01781960863367671,-0.12566359075176003,0.442495126705653,0.2884990253411306,0.17153996101364521,-0.09161793372319688,,,False,,False,,,,0.0031480004631256886,False,354.59394141671316,False,False,0.898225341894623,0.7001353136376817,,False,1.0835998404123945
REG,463,0.30194931773879147,Regency Centers,Real Estate,SP500,74.7699966430664,,-0.025035933462211002,-0.06875083085711386,-0.008717998981028874,-0.04183560396137953,0.12085769980506822,0.3138401559454191,0.3216374269005848,-0.19493177387914234,,,False,,False,,,,-0.01599286463463645,False,105.53366080748889,False,False,0.8202868513050467,0.7270816533648937,,False,1.3424090571925713
PNR,464,0.3007797270955166,Pentair,Industrials,SP500,60.459999084472656,,-0.045016620233729876,-0.07610029295754683,-0.14231436638937622,-0.37923493098517835,0.10136452241715399,0.08771929824561403,0.01364522417153996,0.02729044834307992,,,False,,False,,,,-0.038576382697671274,False,228.9475109235569,False,False,0.7005043416955755,2.3455151335311575,,False,6.942987440627094
TTWO,465,0.3000974658869396,Take-Two Interactive,Communication Services,SP500,219.6999969482422,,-0.05910065546791354,-0.09558703028045534,-0.032073305649523376,0.027211482759309513,0.0682261208576998,0.25925925925925924,0.4853801169590643,-0.49512670565302147,,,False,,False,,,,-0.05524812406379953,False,592.0862149168987,False,False,1.0262580545489162,1.5076330286954907,,False,2.7739236963006224
TXT,466,0.2994152046783626,Textron,Industrials,SP500,80.55999755859375,,-0.01911603247690208,-0.05512555078437531,-0.10060062681879878,-0.19949546007313823,0.1617933723196881,0.1442495126705653,0.08576998050682261,0.011695906432748537,,,False,,False,,,,-0.031737027542467655,False,142.42216389630377,False,False,0.7577467759163343,0.8568387984354814,,False,0.912312384523088
MCHP,467,0.2962231968810916,Microchip Technology,Information Technology,SP500,73.44999694824219,0.007130078717818122,-0.010241236297083955,-0.00535855384961248,-0.19261457259865178,-0.0006354999709343723,0.43664717348927873,0.05263157894736842,0.41130604288499023,0.005847953216374269,-0.28057721583764095,0.5376135014045329,False,-0.04651852949655011,False,-0.09600599820263733,-0.03564036929511061,0.10620203011497176,-0.017273933590148394,False,901.6423053085022,False,False,1.1990824609424708,0.6913917161511944,0.007952856555980548,False,0.6421943651022227
LII,468,0.2958089668615984,Lennox International,Industrials,SP500,382.6400146484375,,-0.04124277425044398,-0.07992687757071038,-0.22789810360583374,-0.317210851613419,0.08966861598440545,0.03508771929824561,0.031189083820662766,-0.001949317738791423,,,False,,False,,,,-0.03859861758676253,False,251.9273902757294,False,False,0.5379470230671265,1.007690408327533,,False,1.2251674248784583
RDDT,469,0.29532163742690054,Reddit,Communication Services,SP500,147.80999755859375,,-0.03202357228144481,0.05075708738599172,-0.16890642403148093,0.004758323331778502,0.7017543859649122,0.07017543859649122,0.43079922027290446,-0.21052631578947367,,,False,,False,,,,-0.04241223781170933,False,1028.2453206029775,False,False,0.9127736981422979,0.5963093610609401,,False,0.6256558678241804
BLDR,470,0.2927875243664717,Builders FirstSource,Industrials,SP500,66.4000015258789,,-0.054400450418932156,-0.0006020607173008452,-0.12192542827062858,-0.3320591582355247,0.47368421052631576,0.10136452241715399,0.025341130604288498,0.023391812865497075,,,False,,False,,,,-0.03596410295494323,False,162.56289518020006,False,False,0.9025694653171201,0.8975507718179695,,False,1.3378672779459375
STLD,471,0.2926900584795322,Steel Dynamics,Materials,SP500,232.6199951171875,,0.014611553113356601,-0.07418610123841785,-0.1087290855124039,0.16058324755514075,0.10916179337231968,0.13060428849902533,0.7446393762183235,-0.5360623781676412,,,False,,False,,,,-0.014805800770748667,False,298.22204574226845,False,False,1.1719801172166042,0.8529846026650945,,False,0.6979607762667811
ROL,472,0.2919103313840156,"Rollins, Inc.",Industrials,SP500,36.06999969482422,,-0.03193769941801805,-0.04541074448406279,-0.21749232494769166,-0.4026052269943503,0.21442495126705652,0.037037037037037035,0.005847953216374269,0.023391812865497075,,,False,,False,,,,-0.009845085728118708,False,215.42135842499246,False,False,0.6210131842438458,0.8725344919076677,,False,0.9368293144626071
AKAM,473,0.2888888888888889,Akamai Technologies,Information Technology,SP500,108.62000274658203,,0.028014376129859464,-0.056954311002020086,-0.2947210790156818,0.11245394741468706,0.15789473684210525,0.023391812865497075,0.6569200779727096,-0.6803118908382066,,,False,,False,,,,-0.017863647109938263,False,427.07951342541446,False,False,0.7657125569801195,0.8111657154787246,,False,0.6461968650014788
LHX,474,0.28762183235867445,L3Harris,Industrials,SP500,266.25,,0.013012264971500986,-0.03901681099346577,-0.13650728296833536,-0.2912177580316111,0.2475633528265107,0.0935672514619883,0.03898635477582846,-0.009746588693957114,,,False,,False,,,,-0.007409910650725382,False,456.1995587608493,False,False,0.7891820840507,1.1529386156408017,,False,1.6065522873953433
ALGN,475,0.2851851851851852,Align Technology,Health Care,SP500,159.7899932861328,,0.0009395759023920203,-0.05539140561082512,-0.058785478795838286,-0.1546397752916926,0.15984405458089668,0.20272904483430798,0.14035087719298245,-0.08771929824561403,,,False,,False,,,,-0.013353368060624926,False,168.09602854109784,False,False,0.8096343653044947,0.9150181868613323,,False,1.3083064079899358
CCI,476,0.2844054580896686,Crown Castle,Real Estate,SP500,76.13999938964844,,-0.0034031692544194136,-0.002097033495540468,-0.1538122835579827,-0.12888148919579923,0.46588693957115007,0.07602339181286549,0.16569200779727095,-0.029239766081871343,,,False,,False,,,,0.007249046432495021,False,303.1015630759103,False,False,0.7818163842840431,0.6243029077259404,,False,1.007302190657197
DD,477,0.28138401559454196,DuPont,Industrials,SP500,134.58999633789062,,-0.015219154598096085,-0.01759126760663776,-0.0572950037807638,-0.09263973163379036,0.36257309941520466,0.20857699805068225,0.22807017543859648,-0.18518518518518517,,,False,,False,,,,-0.02370724584359074,False,211.50301302377508,False,False,0.871224402824897,0.7944207072478288,,False,1.1151294940518426
SRE,478,0.2792397660818713,Sempra,Utilities,SP500,81.69999694824219,,-0.033936416660028446,-0.07735749144482551,-0.05561947307700521,-0.13392357800495724,0.09941520467836257,0.2124756335282651,0.16374269005847952,-0.01364522417153996,,,False,,False,,,,-0.030985784484188983,False,328.8541282303324,False,False,1.3702484770769598,1.159091986985055,,False,2.5545835777045354
FIS,479,0.2764132553606238,Fidelity National Information Services,Financials,SP500,40.77000045776367,,-0.015217416543364726,-0.08934554297745934,-0.054229789996505406,-0.16819825558101065,0.07992202729044834,0.21637426900584794,0.1189083820662768,-0.09941520467836257,,,False,,False,,,,-0.006063019864522068,False,249.27467641167934,False,False,0.8248299978264115,1.0100925407560781,,False,1.1044135612121622
COHR,480,0.2761452241715399,Coherent Corp.,Information Technology,SP500,277.8299865722656,-0.004906968391354294,0.008493943231475898,0.05682974282536879,-0.23441721894457956,-0.07052295617938831,0.7309941520467836,0.03313840155945419,0.25925925925925924,-0.03508771929824561,-0.34917665665927855,2.1643505343443525,False,-0.11276252887520444,False,-0.12496918050338557,0.014437510082659255,0.1428168902385376,-0.044195235234264274,False,1954.6987061263428,False,True,1.1332078771194427,0.8338341587790078,0.0037607010997913193,False,0.8219504563623914
ECHO,481,0.27456140350877195,EchoStar,Communication Services,SP500,86.44000244140625,,0.013127083340226164,0.027946321867738266,-0.32161353254144587,-0.27165485154084135,0.6120857699805068,0.01949317738791423,0.04678362573099415,0.007797270955165692,,,False,,False,,,,-0.006834403316445692,False,520.5243188340479,False,False,0.7636823335261617,0.4362124287781437,,False,0.3210466396157697
FSLR,482,0.27085769980506824,First Solar,Information Technology,SP500,201.89999389648438,,-0.030771464342734478,-0.043264014290029906,-0.3336633864802496,0.01020711137747865,0.22807017543859648,0.015594541910331383,0.45614035087719296,-0.5126705653021443,,,False,,False,,,,-0.041676835421990854,False,480.20301964896066,False,False,0.72544036709889,0.8503117611896833,,False,1.2985896148771934
TDG,483,0.2696881091617934,TransDigm Group,Industrials,SP500,1171.739990234375,,-0.02280078628807103,-0.06588116386322496,-0.053835193599246156,-0.10979595099678174,0.13060428849902533,0.2202729044834308,0.19883040935672514,-0.3996101364522417,,,False,,False,,,,-0.022025416681521026,False,509.85290693633414,False,False,0.7643604895731562,0.9577859700651807,,False,1.2099126088663001
NI,484,0.2680311890838207,NiSource,Utilities,SP500,40.91999816894531,,0.002204171781892361,-0.07900072275762682,-0.08660312385925784,-0.11897320920744947,0.0935672514619883,0.16764132553606237,0.17738791423001948,-0.02729044834307992,,,False,,False,,,,-0.007419789906846219,False,244.01260885180258,False,False,1.0385902329875125,0.9164201779322569,,False,1.2622236371997595
HWM,485,0.26461988304093564,Howmet Aerospace,Industrials,SP500,244.9499969482422,,-0.06965707395444354,-0.13176361793720825,-0.04090319158578071,-0.07518997066862787,0.029239766081871343,0.23976608187134502,0.25146198830409355,-0.5730994152046784,,,False,,False,,,,-0.07918084277284776,False,755.154533424035,False,False,0.8284444542513836,1.4491611456626536,,False,3.630113298060399
ODFL,486,0.25945419103313844,Old Dominion,Industrials,SP500,199.9600067138672,,-0.00754411875076344,-0.057414880318773065,-0.1239072890982219,-0.03493102241535839,0.15204678362573099,0.09941520467836257,0.33528265107212474,-0.28460038986354774,,,False,,False,,,,-0.013562338972262555,False,351.2878958186247,False,False,0.7932536533983408,0.81772914921244,,False,0.9981692485429654
RCL,487,0.2566276803118908,Royal Caribbean Group,Consumer Discretionary,SP500,268.739990234375,,-0.08279866814206482,-0.15570216606740483,-0.06544406326231855,-0.0972858726496667,0.01949317738791423,0.19103313840155944,0.21832358674463936,-0.695906432748538,,,False,,False,,,,-0.06623386866648473,False,662.1957282836914,False,False,0.5501527093778278,0.7343441645987613,,False,1.2497476345933458
WYNN,488,0.2546783625730994,Wynn Resorts,Consumer Discretionary,SP500,91.27999877929688,,-0.08178256295459019,-0.07860772272806771,-0.14105449063105746,-0.11307210333218853,0.09746588693957114,0.08966861598440545,0.19298245614035087,-0.11500974658869395,,,False,,False,,,,-0.05635952135282296,False,150.8571081465429,False,False,0.8775335801241292,1.1871464206868494,,False,1.8292694812446446
GNRC,489,0.25321637426900584,Generac,Industrials,SP500,185.3800048828125,,-0.08931024215869443,-0.059509896459931544,-0.31152047032838304,-0.19532945154198678,0.14814814814814814,0.021442495126705652,0.08771929824561403,-0.001949317738791423,,,False,,False,,,,-0.07724462718747938,False,239.00669956721092,False,False,0.882043355989372,1.060670731707317,,False,0.9951779468155342
DVA,490,0.24931773879142297,DaVita,Health Care,SP500,176.00999450683594,,-0.0027762350887482468,-0.2668999242303778,-0.07270430024370977,0.14307052468216708,0.001949317738791423,0.1871345029239766,0.7212475633528265,-0.797270955165692,,,False,,False,,,,-0.014202061437869729,False,179.87578150806036,False,False,2.8200994017473757,0.6329104962436074,,False,0.6564706047137041
ROK,491,0.24892787524366475,Rockwell Automation,Industrials,SP500,424.42999267578125,,-0.012241405980448095,-0.11319483176348633,-0.06781674873479471,0.03615360293335379,0.04093567251461988,0.18908382066276802,0.5126705653021443,-0.6491228070175439,,,False,,False,,,,-0.018077142381270672,False,393.0541145393839,False,False,1.0804607066373646,0.8001574711302928,,False,1.208621377293273
HRL,492,0.22582846003898635,Hormel Foods,Consumer Staples,SP500,21.850000381469727,,-0.09298463083976072,-0.12634945295853717,-0.05302006326980868,-0.09642063819211133,0.03508771929824561,0.22417153996101363,0.2222222222222222,-0.6159844054580896,,,False,,False,,,,-0.05497743318132564,False,105.63210261798002,False,False,1.1210609221354577,2.2863027950720203,,False,1.735348871139036
Q,493,0.22543859649122808,Qnity Electronics,Information Technology,SP500,119.43000030517578,,-0.05394484849360248,-0.08957152787503375,-0.21386254775779068,-0.036913559123802675,0.07797270955165692,0.04093567251461988,0.32748538011695905,-0.1695906432748538,,,False,,False,,,,-0.060247341191515646,False,273.0624355155322,False,False,0.8660844099842411,0.7060992475600169,,False,0.9658812507912393
FICO,494,0.21705653021442492,Fair Isaac,Information Technology,SP500,1147.2099609375,,-0.016452386038145472,0.02158560857971792,-0.10705587784588444,-0.18495394155777933,0.5886939571150097,0.13450292397660818,0.09941520467836257,-0.5224171539961013,,,False,,False,,,,0.007131264852447083,False,355.0022150555046,False,False,0.8646308043873795,0.6136845615205068,,False,0.7609065336913439
TKO,495,0.2160818713450292,TKO Group Holdings,Communication Services,SP500,182.61000061035156,,-0.05588872743733364,0.004400214853421236,-0.12063053448486671,-0.1818100212253725,0.5048732943469786,0.10526315789473684,0.10331384015594541,-0.23391812865497075,,,False,,False,,,,-0.03475557750050817,False,228.9286689414511,False,False,1.0002115757237688,0.7378954675084135,,False,0.5409175492843451
LVS,496,0.2153021442495127,Las Vegas Sands,Consumer Discretionary,SP500,43.810001373291016,,-0.06727698031268659,-0.09818452427459379,-0.17233421772646706,-0.2131601872186898,0.06432748538011696,0.0682261208576998,0.07407407407407407,-0.08382066276803118,,,False,,False,,,,-0.03713347138019085,False,226.0769635711047,False,False,0.9799229138741447,1.1106043813486925,,False,1.462972594354544
TJX,497,0.21461988304093568,TJX Companies,Consumer Discretionary,SP500,133.91000366210938,,-0.04832636434724624,-0.14622781472364732,-0.1205727388477843,-0.15735589569714026,0.021442495126705652,0.10721247563352826,0.13255360623781676,-0.2982456140350877,,,False,,False,,,,-0.04167733733918488,False,930.00335483523,False,False,0.8860675813537912,1.4412210908130019,,False,1.9580479314661077
VST,498,0.21449805068226122,Vistra Corp.,Utilities,SP500,137.3699951171875,0.0020424450125942073,0.012604978688760982,-0.07301442166111671,-0.11112445124571901,-0.1701306470777476,0.1111111111111111,0.12475633528265107,0.11500974658869395,-0.10721247563352826,-0.36700586224171416,0.021174093628987922,False,-0.02858661109649363,False,-0.09234952319001266,-0.13104749502663737,0.10174568906147963,-0.01284000969789223,False,646.920703178772,False,False,0.797087031574622,0.819973948560265,-0.0021883657434667025,False,0.9428704048887817
CCL,499,0.20856481481481484,Carnival Corporation,Consumer Discretionary,SP500,23.889999389648438,-0.03513735182516542,-0.07078956669132641,-0.1364573283997782,-0.12704028208499352,-0.17082311887533863,0.025341130604288498,0.09746588693957114,0.11306042884990253,-0.45808966861598444,-0.28585169604834104,0.010125986305615342,False,-0.11535107583943549,False,-0.12109786278518841,-0.1330903320546749,0.13778310196052135,-0.060662820171339504,False,536.6502470926208,False,False,0.7516282969339606,1.02935622645078,-0.010500816901388932,False,1.5841874120565114
MNST,500,0.2074074074074074,Monster Beverage,Consumer Staples,SP500,45.91999816894531,,-0.061324613906147185,-0.04710521939101153,-0.4846240296818559,-0.433506050431937,0.20272904483430798,0.003898635477582846,0.003898635477582846,-0.001949317738791423,,,False,,False,,,,-0.053761120066268986,False,538.978413645649,False,False,1.3579946075003637,1.0788585294672208,,False,1.59319943896354
DECK,501,0.199317738791423,Deckers Brands,Consumer Discretionary,SP500,87.08000183105469,,-0.054300607087018005,-0.1011560249813852,-0.21422124101375806,-0.2395423962401364,0.056530214424951264,0.03898635477582846,0.056530214424951264,-0.21832358674463936,,,False,,False,,,,-0.02552969266567362,False,237.45847459615592,False,False,0.8392593012132736,1.2963920246310578,,False,1.2821368289675676
FER,502,0.19385964912280704,Ferrovial,Industrials,NDX,58.54999923706055,,-0.066783588289962,-0.10061442996291836,-0.12073881277952869,-0.18930966306492036,0.06237816764132553,0.10331384015594541,0.09746588693957114,-0.1695906432748538,,,False,,False,,,,-0.04361994077499609,False,95.47341698620855,False,False,0.9899615772870394,0.8519726613471927,,False,0.7812715634213462
LUV,503,0.19269005847953216,Southwest Airlines,Industrials,SP500,38.529998779296875,,-0.053549505138831166,-0.14320663256823363,-0.09498939164329046,-0.1948329174401472,0.023391812865497075,0.15789473684210525,0.0935672514619883,-0.695906432748538,,,False,,False,,,,-0.051865521003448545,False,254.75566644874104,False,False,0.8033669031420013,0.8400474664442213,,False,0.8151121038404688
NRG,504,0.18996101364522416,NRG Energy,Utilities,SP500,110.12000274658203,,-0.014850564061933968,-0.1770727250730042,-0.14643632936697082,-0.3686677042451634,0.015594541910331383,0.08382066276803118,0.015594541910331383,-0.017543859649122806,,,False,,False,,,,-0.03935986883388998,False,376.2748261257873,False,False,1.4551244129463745,0.8746605974323869,,False,1.222979880984533
NCLH,505,0.18259015594541908,Norwegian Cruise Line Holdings,Consumer Discretionary,SP500,16.139999389648438,-0.030630645079069097,-0.06271776810516427,-0.12898009759489826,-0.10631229972706746,-0.27231744059615226,0.031189083820662766,0.13840155945419103,0.04483430799220273,-0.3001949317738791,-0.4008909031295598,0.0912778520133457,False,-0.1079176754064437,False,-0.15776952834612656,-0.1890425602455904,0.18732346270530598,-0.051566204228062795,False,290.03288854854964,False,False,0.6992101681566015,0.8251928905714176,-0.013213172275970964,False,0.9547582108824043
HON,506,0.1669590643274854,Honeywell Technologies,Industrials,SP500,213.52999877929688,,-0.0057736437514382954,-0.1188204125289326,-0.13667135925735208,-0.17217359843524693,0.037037037037037035,0.09161793372319688,0.1111111111111111,-0.5438596491228069,,,False,,False,,,,-0.02828189416124005,False,928.5448355972838,False,False,0.8740503351483772,0.800112006618853,,False,1.2616766453685329
TPR,507,0.1665692007797271,"Tapestry, Inc.",Consumer Discretionary,SP500,123.38999938964844,,-0.06635898932692996,-0.19019489831479353,-0.10854856612950936,-0.20678862121170205,0.01364522417153996,0.13255360623781676,0.07992202729044834,-0.41520467836257313,,,False,,False,,,,-0.046959613625072394,False,412.7145004065066,False,False,1.6728853354576974,1.2956647850078795,,False,1.3772184857808307
NKE,508,0.1613913255360624,"Nike, Inc.",Consumer Discretionary,SP500,39.060001373291016,-0.013636290950439611,-0.04147235893764378,-0.06353387123827947,-0.1495754166391895,-0.3540482819234746,0.1364522417153996,0.08187134502923976,0.01949317738791423,-0.18128654970760233,-0.47014774612616483,0.01612910428543146,False,-0.0363526059847602,False,-0.06558596912696757,-0.24040157123950334,0.07018940957649145,-0.013593190594005322,False,1083.1580286551743,False,False,0.9681072901446758,1.2959293938457361,-0.00479794530378963,False,0.908146831694545
APTV,509,0.14483430799220273,Aptiv,Consumer Discretionary,SP500,44.7599983215332,,-0.054499404789580486,-0.20736679026096394,-0.34752187584350136,-0.38236515016442096,0.011695906432748537,0.01364522417153996,0.011695906432748537,-0.21052631578947367,,,False,,False,,,,-0.04230111906413536,False,202.39331361652296,False,False,1.4972744274201515,2.5283744666089194,,False,7.193164822016152
EIX,510,0.13781676413255362,Edison International,Utilities,SP500,53.97999954223633,,-0.2702447120262029,-0.264276986213538,-0.20942547230160258,-0.2571843317677224,0.003898635477582846,0.042884990253411304,0.050682261208576995,-0.5477582846003899,,,False,,False,,,,-0.21499678912047837,False,234.0834140288995,False,False,1.269478843525467,2.5146493315396907,,False,8.47630388620884
PCG,511,0.12850877192982457,PG&E Corporation,Utilities,SP500,13.270000457763672,-0.20060240043266941,-0.2672556592748747,-0.23647864795533424,-0.17593815433794002,-0.30158158753040454,0.007797270955165692,0.06432748538011696,0.03313840155945419,-0.47368421052631576,-0.30158158753040454,0.0,False,-0.23553299796368,False,-0.23401372583416002,-0.20776638777095824,0.3055064218859551,-0.20946296433172962,False,443.1881348019333,False,False,3.0409909082656745,2.503713636617025,-0.20120482384544225,False,6.456531313309258
APP,512,0.12846003898635477,AppLovin,Communication Services,SP500,312.05999755859375,,0.04511203116617546,-0.21177064316856797,-0.49151052411366003,-0.27927389338893194,0.009746588693957114,0.001949317738791423,0.042884990253411304,-0.1267056530214425,,,False,,False,,,,-0.001396243197803293,False,2483.348975436713,False,False,1.1933892519331295,0.677855688825714,,False,0.8100907109135761
TTD,513,0.10286306042884992,Trade Desk (The),Communication Services,SP500,13.720000267028809,0.011053837551802115,0.033911062075499876,-0.2394678730187999,-0.40913003132011116,-0.43585524509900797,0.005847953216374269,0.005847953216374269,0.001949317738791423,-0.01949317738791423,-0.7467700223375942,0.052954761949199014,False,-0.04066005425357577,False,-0.1853312025614674,-0.463789673465573,0.22749269782294657,0.01094682453449547,False,348.9492950742397,False,False,1.737808953568722,0.76404526813535,0.02947682986000033,False,1.0777987001562381
