Ticker,rank,score,name,sector,index,price,ret_1d,ret_1w,ret_1m,ret_3m,ret_6m,rs_1m,rs_3m,rs_6m,rs_3m_chg,pct_from_52w_high,pct_from_52w_low,new_52w_high,pct_vs_20dma,above_20dma,pct_vs_50dma,pct_vs_200dma,dist_to_50dma,pct_vs_9ema,pullback_9ema,avg_dollar_vol_m,above_50dma,above_200dma,vol_ratio_20_60,volume_x,gap_pct,gap_up,rvol
ABNB,1,0.8967203015148221,Airbnb,Consumer Discretionary,SP500,181.94000244140625,-0.017867733109817818,-0.039539621622614374,0.1998153730791048,0.3624383075380866,0.3656084085860154,0.9707602339181286,0.9746588693957114,0.9044834307992202,0.3820662768031189,-0.04493437038631887,0.6311637165862585,False,-0.01627997155041172,False,0.11645250095652426,0.3050777087927652,-0.10430582658622123,-0.012022015779067141,False,747.3625394444275,True,True,0.6757352776796405,1.0586078475255194,-0.011336065336116752,False,0.76188217606472
IQV,2,0.8816611544080902,IQVIA,Health Care,SP500,267.7699890136719,-0.014174236701000487,0.022999002917562184,0.15204576625868893,0.4596347422628706,0.5345863979823315,0.949317738791423,0.9883040935672515,0.9415204678362573,0.040935672514619936,-0.014174236701000487,0.7092428364243435,False,0.054168972761075906,True,0.1635576565036465,0.32633202579699727,-0.14056686885213576,0.01917090212720063,False,318.87257719540406,True,True,0.5019270120651063,0.998953420688594,-0.011560209805263622,False,0.8642597079497751
RVTY,3,0.8700711062282799,Revvity,Health Care,SP500,130.22000122070312,-0.0031386637585842925,0.011024830243014039,0.13988098438157937,0.32460764148898535,0.4276726250765459,0.9376218323586745,0.9590643274853801,0.9337231968810916,0.1793372319688109,-0.0054987109155226754,0.5840220891886629,False,0.05785205798344806,True,0.1189461837081347,0.27340816584775385,-0.1063019700500275,0.01703073919049669,False,182.09037104916382,True,True,0.7971612379117955,1.2561170571353362,-0.004593172173987803,False,0.7447977600296094
VLO,4,0.8497053135120907,Valero Energy,Energy,SP500,370.7200012207031,8.092686368477153e-05,0.05210584808834673,0.22353877411572642,0.45474432270832255,0.6646076297666343,0.9785575048732943,0.98635477582846,0.9610136452241715,0.05263157894736836,0.0,1.420742968782382,True,0.06692146243548125,True,0.1788735432408166,0.5576246221723016,-0.15173259614350076,0.03042936675481034,False,847.4663141795044,True,True,0.7881620591473836,1.0621001360755575,-0.005907908028224829,False,1.0396398737105765
PSX,5,0.8441459432447176,Phillips 66,Energy,SP500,255.08999633789062,0.0016884970925854503,0.04540798360922982,0.24778074450607712,0.4007204868711607,0.5564332553700537,0.9824561403508771,0.9824561403508771,0.949317738791423,0.13840155945419097,-0.003904877247452365,1.0719767979342176,False,0.062214366020258094,True,0.19460286666821025,0.4959006373162429,-0.16290172416123916,0.024882615153010823,False,576.1045018065186,True,True,0.9959171427716325,1.1450298952275266,-0.011309215587045118,False,0.8449218900218607
MPC,6,0.8431750990871395,Marathon Petroleum,Energy,SP500,388.8999938964844,0.0030693107416195353,0.05441533512700536,0.3031406533642129,0.488358580254844,0.7690399834916115,0.9883040935672515,0.9922027290448343,0.9668615984405458,0.1306042884990254,0.0,1.4190797399040451,True,0.07339402364267955,True,0.21016561738924433,0.6183435773591659,-0.17366682243265674,0.031774023996372636,False,759.1397834363403,True,True,1.0230700123275982,1.0501093564258006,-0.004152550584317405,False,0.7935392604469759
CRM,7,0.841979568403505,Salesforce,Information Technology,SP500,259.2300109863281,-0.019664870980913407,0.012617230415344238,0.3879638328227599,0.39986573930600877,0.28914489319815484,0.9961013645224172,0.9785575048732943,0.8440545808966862,0.5458089668615984,-0.02133839589781117,0.7268186745141216,False,0.17342717896967175,True,0.35261920290035653,0.29569466924411825,-0.26069362474246416,0.04867146638655773,False,2828.2660368036195,True,True,1.6847202364096099,1.11219660006902,-0.004046467321619951,False,0.7349733862371809
CRL,8,0.8368945575506498,Charles River Laboratories,Health Care,SP500,288.5,-0.01653317198774551,-0.010291595197255532,0.08658803581329777,0.5909341889609299,0.6536741310182936,0.8869395711500975,0.9961013645224172,0.9590643274853801,0.01754385964912286,-0.03375975291574329,0.9818642954207073,False,-0.00010051278868439262,False,0.1330361127383186,0.4414142523390481,-0.11741559800490142,-0.005031850314304975,False,231.70737696313478,True,True,0.5933869270698822,0.8325430233044274,-0.017249011260658365,False,0.7989248195418157
IVZ,9,0.8218224404237383,Invesco,Financials,SP500,33.06999969482422,0.011005827588740358,0.0063907206503976965,0.05052653251131711,0.21722798928700326,0.41746178240819654,0.7894736842105263,0.8908382066276803,0.9298245614035088,0.09161793372319693,-0.007205093622699055,0.5516558482498792,False,0.02409865139997569,True,0.09161034113612998,0.2297263854813365,-0.08392219978493742,0.01625224121879376,False,136.32610343629838,True,True,0.6334546689895828,0.819429690634112,-0.011922941013886135,False,0.6280994929270192
INCY,10,0.8190689814337976,Incyte,Health Care,SP500,126.75,-0.009765625,0.01913642518982228,0.07070453573895796,0.23803480562965573,0.3211381777628204,0.8499025341130604,0.9181286549707602,0.8771929824561403,0.09551656920077978,-0.024474662164542638,0.5521674542712836,False,0.012266996307399136,True,0.049194169477090544,0.21036762213164373,-0.0468875742052669,0.0011505103720823584,False,200.4630378627777,True,True,0.6471636410567263,0.8366879214333164,-0.012031257152557373,False,0.6155414974076807
IFF,11,0.8174219796065507,International Flavors & Fragrances,Materials,SP500,86.3499984741211,-0.0012722717038672338,-0.018192137915168716,0.021289123091591255,0.188968251016836,0.18366866927689962,0.6842105263157895,0.847953216374269,0.7192982456140351,0.43274853801169594,-0.019529933310584613,0.4753400802998424,False,0.014235696782743945,True,0.05958979389529584,0.1644281149223139,-0.05623855027541358,0.001378100614459754,False,141.01566640805055,True,True,0.5664812507044532,0.8722814977745277,-0.01156604222286639,False,0.8459117226807467
DELL,12,0.8127657423619932,Dell Technologies,Information Technology,SP500,524.1400146484375,0.0150080361357805,0.1488252364269551,0.19762372205678647,0.33118514791290554,2.5952387581149208,0.9668615984405458,0.9610136452241715,1.0,-0.03703703703703698,0.0,3.741429513797682,True,0.12448767942677708,True,0.19331003672469715,1.0731440537262413,-0.16199481339759725,0.0898479528158298,False,3303.0523771968383,True,True,0.8075038821435941,2.4759067683848035,-0.0050542908993688185,False,1.4978514475693339
HPQ,13,0.8051634031807068,HP Inc.,Information Technology,SP500,32.63999938964844,0.022236112674185238,0.0694626114052197,0.15826824117008598,0.29153256567338603,0.7252536601034258,0.9571150097465887,0.9473684210526315,0.9649122807017544,-0.011695906432748537,0.0,0.8446940506192526,True,0.07952570792666891,True,0.19964714386676108,0.4482776697675259,-0.1664215556111347,0.047258750331367505,False,410.2113931636658,True,True,0.7926050295461617,1.0197394016331498,0.0006263845152683079,False,0.8806188773916628
CTVA,14,0.8047369183994995,Corteva,Materials,SP500,87.86000061035156,-0.008575966064950036,0.04943112762678181,0.14555385596821258,0.1430257922555045,0.14670218168420845,0.9395711500974658,0.7524366471734892,0.6491228070175439,0.5614035087719298,-0.027209529911696118,0.45386075870262843,False,0.08097462540396161,True,0.05613425503994973,0.1404508599203298,-0.053150681148796064,0.02316340291378327,False,366.6807250662384,True,True,0.7053868725019824,1.3529845420074191,-0.011058489354102252,False,0.9696525058336135
MRNA,15,0.8034565103779236,Moderna,Health Care,SP500,145.5500030517578,-0.022301284169561897,0.05478655886399153,1.702376557786076,2.0680861565162934,1.771325243395769,1.0,1.0,0.9961013645224172,0.34307992202729043,-0.16532859859953053,5.509391729818444,False,0.23386670682944177,True,0.7024188519760564,1.6548652895898934,-0.4126004896860338,0.020765345682034475,True,2258.821825565666,True,True,8.281861898945664,1.0165662066981518,0.03190703402832051,True,0.859032481585094
TGT,16,0.8030754206673456,Target Corporation,Consumer Staples,SP500,164.44000244140625,0.002621839820575067,0.007721594694078071,0.12661246836847062,0.35189824477926934,0.38478122511570856,0.9298245614035088,0.9707602339181286,0.9161793372319688,0.22027290448343073,-0.032079563057401894,1.019226868712892,False,0.02932230032140093,True,0.12355134630559639,0.36148526577039974,-0.10996502003388775,0.008359961468574983,False,636.0839941508026,True,True,0.9793828710561181,0.7194863032870353,-0.002377900144568179,False,0.6584008139025137
GPC,17,0.7930082054451196,Genuine Parts Company,Consumer Discretionary,SP500,138.0800018310547,0.011152927699390691,0.011961759942636263,0.04793183332841178,0.41777740802679264,0.21771951173398607,0.783625730994152,0.9844054580896686,0.7641325536062378,0.060428849902534165,-0.04891114479041636,0.5212605877621146,False,0.026357753078407598,True,0.07614460407133605,0.17428263147035716,-0.07075685161943945,0.016131145553545334,False,199.10515276164244,True,True,0.4687662913841727,0.5869928828116142,-0.007593806019823179,False,0.46563450596760014
SNDK,18,0.7903365720236664,Sandisk,Information Technology,SP500,1740.0,0.11897826412229162,0.17173296804361637,0.3825104965555275,0.11587105913762463,2.299641483719194,0.9941520467836257,0.6881091617933723,0.9980506822612085,0.571150097465887,-0.2548179871520343,24.382931036286536,False,0.13740990357129834,True,0.12239918520481385,0.7331235752982632,-0.10905138458602726,0.104473363206401,False,22339.827175220216,True,True,0.6514912926669119,0.9421800331199334,0.019942256837904848,False,1.1242224521824797
ZBRA,19,0.7900735476438432,Zebra Technologies,Information Technology,SP500,362.739990234375,0.014657315340909083,0.017646171446027203,-0.004118163958424237,0.5627934568976847,0.6514454828772971,0.5360623781676414,0.9941520467836257,0.9571150097465887,0.009746588693957059,-0.05304653958577488,0.8200701689912777,False,-0.0043300336408098605,False,0.15213342518390127,0.4100975919430696,-0.13204497140564941,0.015621564211160566,False,232.59149648217775,True,True,0.3671751402444964,0.6817744614325852,5.5913324956247124e-05,False,0.5381028857007268
TECH,20,0.7877139576490694,Bio-Techne,Health Care,SP500,72.43000030517578,-0.0002760061271043224,0.0011057613371381336,0.008486929408480393,0.39469527628270473,0.34801304798313004,0.6062378167641326,0.9766081871345029,0.8869395711500975,-0.005847953216374213,-0.0005519651559756644,0.6777003341158794,True,0.0021095871702798696,True,0.009017039868664867,0.19033754799244496,-0.008936459457452361,0.0011527349219042637,False,300.2210502105408,True,True,0.05620590160260216,0.5314341884184418,-0.0006900679705893475,False,0.35723083081233786
DE,21,0.7861506887462186,Deere & Company,Industrials,SP500,693.530029296875,-0.0012671820418586055,0.1002649572343357,0.12798451467751293,0.19177220852266164,0.182429221292433,0.9317738791423001,0.8499025341130604,0.7173489278752436,0.3937621832358674,-0.006930374807268658,0.5936180083891196,False,0.09303049294309318,True,0.1208582582041986,0.22496476966425583,-0.1078265314276522,0.03962254420744049,False,766.8620910938721,True,True,1.2163868370953819,1.4415721809899749,-0.003427289266712319,False,0.8533705626836229
HOOD,22,0.7856971195111065,Robinhood Markets,Financials,SP500,122.11000061035156,-0.02092688089164574,0.1712065807441432,0.3461581065240449,0.48065961929072065,0.5839928189273125,0.9902534113060428,0.9902534113060428,0.9532163742690059,0.21637426900584789,-0.1990686394267035,0.8740023595388269,False,0.1821310600384416,True,0.191858937547563,0.28406915183100123,-0.1609745344045017,0.09607772029041972,False,2241.2137926666414,True,True,1.2917288591849174,1.2133091927196562,-0.034036262869097667,False,1.0956430006211288
NEM,23,0.7850114250618937,Newmont,Materials,SP500,128.08999633789062,-0.01794063075436425,0.0029429355806311897,0.21745840927486704,0.28729953289516064,0.10634061415072482,0.9746588693957114,0.9434697855750487,0.571150097465887,0.797270955165692,-0.05019508070535683,0.7068170461991095,False,0.028239928937886516,True,0.19777945189494517,0.18569163402418476,-0.1651217605896047,0.007465641606792861,False,842.46111133844,True,True,0.9922059757451869,1.138235372332265,-0.03204778739941927,False,0.7302230154643237
APA,24,0.7849315068493151,APA Corporation,Energy,SP500,42.77000045776367,-0.031914889942789904,0.005406665192439597,0.17081855699385562,0.1777694744445253,0.3267847498375229,0.9610136452241715,0.8206627680311891,0.8810916179337231,0.5925925925925926,-0.04317673987101889,1.0434762045058399,False,0.010179747437200959,True,0.13290568210598663,0.2870051159677558,-0.1173139866850389,-0.009718003098636574,True,203.3039952848015,True,True,1.0389375198948096,0.7855935561131895,-0.011317338083889128,False,0.7808690592418734
TMO,25,0.776263909392965,Thermo Fisher Scientific,Health Care,SP500,613.780029296875,-0.007518981022875515,-0.01350085743320173,0.058204904363315935,0.2994824966668701,0.2251781997059914,0.8128654970760234,0.9512670565302144,0.7738791423001949,0.07797270955165692,-0.03823183055801593,0.4016409762786497,False,0.003021630774961981,True,0.07542297522430297,0.14631161674494475,-0.07013331215894081,-0.0021799561048153615,False,1126.7586210894165,True,True,0.6870562853483916,0.7509680223170767,-0.015927389846212447,False,0.6074629610223212
BBY,26,0.7758261712118958,Best Buy,Consumer Discretionary,SP500,90.2699966430664,0.031775046830217146,0.0949780927920918,0.12809298212946296,0.278603035073252,0.3926815844070668,0.9337231968810916,0.9395711500974658,0.9200779727095516,-0.031189083820662766,0.0,0.6475370670354637,True,0.057168082593189506,True,0.0743588793194141,0.28390529371637885,-0.06921232816218637,0.04838462209094585,False,315.927982225235,True,True,0.8714776038207448,1.3360772661467952,-0.00011423599359894343,False,1.052068435659073
REGN,27,0.7732531480909275,Regeneron Pharmaceuticals,Health Care,SP500,827.719970703125,-0.018672863939507733,0.04221907623949539,0.07327524564728183,0.30409392378356914,0.09220680901511535,0.8615984405458089,0.9551656920077972,0.5458089668615984,0.39961013645224164,-0.02853192699535667,0.4976587079707959,False,0.01253679311624567,True,0.1226815057429691,0.13325784617494674,-0.1092754312914247,0.0028051202647612072,False,560.1862213703613,True,True,0.8115116250982729,0.8845258947478497,-0.004042791400965529,False,0.7308520920006149
CF,28,0.7703131496931064,CF Industries,Materials,SP500,133.35000610351562,-0.032363337450766805,0.060100207750734436,0.14826588283352726,0.18104750893803745,0.16241406900975042,0.9454191033138402,0.8304093567251462,0.6881091617933723,0.5497076023391813,-0.042507345353158144,0.7781941734159419,False,0.060952793097997615,True,0.10413634242120517,0.24400058456978235,-0.09431474938398432,0.01006521404713423,True,301.0243634733887,True,True,1.2488599556489592,1.3296761908439505,-0.01727019029806287,False,1.0672768064043825
MRK,29,0.7688549761008305,Merck & Co.,Health Care,SP500,150.3300018310547,-0.01319413519203294,0.013346785615616863,0.17106806535140984,0.25350656750013223,0.31732028745903684,0.9629629629629629,0.9220272904483431,0.8732943469785575,0.17543859649122806,-0.03911789860380854,0.9824256396232918,False,0.03655847117513655,True,0.11695110117347318,0.28004301410871313,-0.10470565904864049,0.0032935185758000696,False,1348.606918341919,True,True,1.7085105734084216,0.8242030822579015,-0.009912003040139061,False,0.434914682353174
GPN,30,0.7642946788584857,Global Payments,Financials,SP500,92.54000091552734,0.008390588434429302,0.007841442203181614,0.05530845408929963,0.4007070396557024,0.21989344867877936,0.8011695906432749,0.9805068226120858,0.7680311890838206,0.06822612085769986,-0.024148485408732934,0.4870319649146164,False,0.011073310603292308,True,0.09333132864367566,0.22796705068405787,-0.08536417662105877,0.0059927219481406,False,261.02116879774474,True,True,0.7884340348327419,0.7672775247596327,-0.0106788249252171,False,0.9509042008672287
XYZ,31,0.7639999923705763,"Block, Inc.",Financials,SP500,82.76000213623047,-0.007316787696478366,-0.009692444197100025,0.047329861453394795,0.21438004817657474,0.2477008872549662,0.7816764132553606,0.884990253411306,0.8128654970760234,0.19883040935672514,-0.024631660288456758,0.6858831101850706,False,0.01595254841662186,True,0.030170744601931254,0.20311685789354428,-0.029287130080159263,0.006894676222972906,False,398.29721160446167,True,True,1.0019041005985876,0.9258029497973536,-0.010315468178232923,False,0.4898922456429205
COP,32,0.7624466417184514,ConocoPhillips,Energy,SP500,134.25999450683594,-0.010757491163686184,0.02999607380313618,0.15754956662584907,0.15379452394744453,0.16306416066212281,0.9551656920077972,0.7758284600389863,0.6900584795321637,0.4600389863547758,-0.021428589699716616,0.6167724702303161,False,0.027811158538590064,True,0.12222628857912543,0.20562106878270758,-0.10891411992663147,0.004954963032232973,True,798.8612131940765,True,True,0.927098692966699,0.9487089183997237,-0.00825224806302649,False,0.8151792634983428
EG,33,0.7544208695254118,Everest Group,Financials,SP500,380.8699951171875,-0.013928815230582536,0.008633272138155679,0.028405532173074732,0.14574603154202292,0.1539346595321962,0.7134502923976608,0.7621832358674464,0.6608187134502924,0.24951267056530213,-0.04472038260331235,0.2644422020133248,False,0.02161958534206687,True,0.01996054863377239,0.11807278051466974,-0.019569922248962923,0.006039896310379156,False,126.3951083718872,True,True,0.6756345695286841,1.031865119686193,-0.013436899524676416,False,0.6939474641294273
LH,34,0.7527792082947095,Labcorp,Health Care,SP500,326.8900146484375,-0.013906441482843146,-0.02452917269684296,0.0349441272905493,0.2354926217267732,0.2181222016905937,0.7348927875243665,0.9122807017543859,0.7660818713450293,0.023391812865497075,-0.034623490316612604,0.3387790056981834,False,-0.006096701440450714,False,0.06840572842819181,0.19180611549083748,-0.06402598433165307,-0.011401623240468006,True,210.02386111297608,True,True,0.6791472235246546,0.8777278515712251,-0.010558069381598756,False,0.6335074299184211
AMGN,35,0.7514444406297327,Amgen,Health Care,SP500,437.2300109863281,-0.015513789531230948,0.011123438807712827,0.0862916716960922,0.2580388676910583,0.19910766318449036,0.884990253411306,0.9298245614035088,0.7387914230019493,0.04873294346978563,-0.015513789531230948,0.6570504331509253,False,0.01601734919564346,True,0.10602887764472935,0.23435956399318947,-0.0958644749588421,-5.734597775630679e-05,False,963.3770177932129,True,True,0.8338317970305749,0.8583986087686258,-0.01596414576204752,False,0.6718087252013837
VEEV,36,0.7480731890609325,Veeva Systems,Health Care,SP500,275.0899963378906,-0.03266758698013983,-0.0057826668451977925,0.2630394512552805,0.5937083330349822,0.4071818947670449,0.9844054580896686,0.9980506822612085,0.9278752436647173,0.060428849902534054,-0.10165895355860854,0.8166150012756803,False,0.06960457132941356,True,0.2503840629741487,0.38499292498530346,-0.20024572480441583,0.009014334264813906,False,431.977534355072,True,True,1.3621405943158236,0.8396036485924127,-0.016949178006396726,False,0.5857702718917721
BIIB,37,0.7444253708853565,Biogen,Health Care,SP500,220.8300018310547,-0.016391219837962323,0.01066362394075382,0.07053521009240038,0.13049045751527788,0.19451510609427158,0.847953216374269,0.7387914230019493,0.7270955165692008,0.1578947368421053,-0.016391219837962323,0.6276996005856981,False,0.023446166100085097,True,0.0539453245836472,0.15589600403336634,-0.05118417751410187,0.004708758646176481,False,230.40493578598023,True,True,0.6679011217028145,0.70308796305476,-0.014965928878721946,False,0.4127581402365971
SWK,38,0.7425893500875476,Stanley Black & Decker,Industrials,SP500,97.36000061035156,0.008911923423332357,-0.004499002327979396,-0.03642122200941367,0.25383127749075163,0.307737973423585,0.31773879142300193,0.9239766081871345,0.8635477582846004,0.01754385964912275,-0.06384614797738886,0.6204266270858303,False,-0.019477507493240287,False,0.02286313524126471,0.20117878355954022,-0.022352096241958996,-0.00016877918595203933,False,166.92542204325866,True,True,0.5444235108046585,0.8943718389085445,0.0009326045377267,False,0.7586367616414429
EL,39,0.7404365174732874,Estée Lauder Companies (The),Consumer Staples,SP500,103.86000061035156,0.02974419970102704,0.007958071501731334,0.21900562099795362,0.24820679256742695,0.12829728131432505,0.9766081871345029,0.9200779727095516,0.6237816764132553,0.5964912280701754,-0.12261539814024447,0.5560870357419727,False,0.07751557631600448,True,0.17712102186869472,0.13383533283156201,-0.15046967862957095,0.024932247843626465,False,276.75811331280516,True,True,1.5385126397859157,1.1355124988080512,-0.003470141503104207,False,1.56524829290326
GILD,40,0.7379888076355272,Gilead Sciences,Health Care,SP500,151.0,-0.0014548420772860782,0.03651844859752784,0.15390493119144377,0.17677593415815207,0.06201335252181517,0.9532163742690059,0.8167641325536062,0.47368421052631576,0.5692007797270955,-0.018898811884329292,0.3916891180415534,False,0.04608670160286921,True,0.10538328997380875,0.13215101774403504,-0.09533642396232156,0.016367526726908554,False,906.9439928595124,True,True,0.8119999604067105,0.808881346834514,-0.013159671188334943,False,0.9207491116937655
NVDA,41,0.7364224869632224,Nvidia,Information Technology,SP500,230.36000061035156,0.00836070775935327,0.0588830033504808,0.051920155404272306,0.12315940397430802,0.29704729171979083,0.797270955165692,0.7153996101364523,0.8557504873294347,0.216374269005848,-0.021682895837804694,0.39630974160144583,False,0.04670077445554388,True,0.09400170738457336,0.17216389182158687,-0.0859246441299466,0.03352196853858436,False,27616.38127385868,True,True,1.0910074571192407,1.0069422901476877,0.011556136681615037,False,1.0252854843879546
CVX,42,0.734291970413095,Chevron Corporation,Energy,SP500,208.60000610351562,-0.012871479871425229,0.03338950496772375,0.11198280408690886,0.12338101379992206,0.11797283871322817,0.9200779727095516,0.7173489278752436,0.6042884990253411,0.2884990253411306,-0.015015547710410693,0.461158883650975,False,0.029422731490136078,True,0.09811732136855755,0.17042091863761177,-0.08935049057078548,0.007830422003135329,True,1544.06144024469,True,True,0.8380299341789781,0.9855334185458369,-0.008565269518497565,False,0.6627080311219269
VRTX,43,0.7317464132172135,Vertex Pharmaceuticals,Health Care,SP500,546.1199951171875,-0.021220206447065126,0.008178095692767506,0.1282771656601429,0.2222098147588485,0.19582209419453012,0.935672514619883,0.8947368421052632,0.7348927875243665,0.165692007797271,-0.021220206447065126,0.45005576495549326,False,0.013627125162722464,True,0.07342457527600033,0.17155986604295625,-0.06840217465407039,-0.0028355716410564114,False,748.4468474505005,True,True,1.2048216934592089,0.7112289364687471,-0.015162416014584679,False,0.5366789640285463
AMP,44,0.7316558138115455,Ameriprise Financial,Financials,SP500,560.5599975585938,-0.007998901738780373,0.0022169602698589586,0.0013218359913786948,0.23677315607923277,0.2139751653777735,0.557504873294347,0.9161793372319688,0.7602339181286549,0.09551656920077967,-0.017733222203458188,0.3112567917949569,False,0.00261042683665913,True,0.048502350375801306,0.1560391398714922,-0.046258694945621404,0.006266938887687923,False,291.4588362398071,True,True,0.8111379980134705,0.8185498869781682,-0.020935118447062084,False,0.6595521838820166
STT,45,0.7306019996719347,State Street Corporation,Financials,SP500,194.25999450683594,0.0016499539104954941,0.004810389835892881,0.05050830862196687,0.20696702467001638,0.6236890848269201,0.7875243664717348,0.8752436647173489,0.9551656920077972,0.0,0.0,0.8034408813570078,True,0.020240935339749022,True,0.05339590919025805,0.3129339689761734,-0.05068930752854661,0.012930647442165322,False,346.37048137484743,True,True,0.9029090738288676,0.7193003608611594,-0.009332770629105203,False,0.5880849421252223
BEN,46,0.7297825995735153,Franklin Resources,Financials,SP500,34.72999954223633,0.03517139588701723,0.002308744959150344,0.021470574771656814,0.1196477982192774,0.3563730872544215,0.6861598440545809,0.7037037037037037,0.8947368421052632,0.05653021442495132,-0.029074668778809487,0.7034744625083111,False,0.019521490712695933,True,0.030245837990637403,0.2346565272872767,-0.0293578841819232,0.020052613467449465,False,138.50194172693634,True,True,0.7263987318145813,0.8996556293195358,-0.003576719362550995,False,1.1904013454148232
IBKR,47,0.7290545618231271,Interactive Brokers,Financials,SP500,92.62000274658203,-0.003550233593271779,-0.032722716037460575,0.07770119085294969,0.09838686751587034,0.3912707391772128,0.8693957115009746,0.645224171539961,0.9181286549707602,0.33138401559454195,-0.05587277777134014,0.5460748855986457,False,-0.002154621853892258,False,0.00757381069356855,0.17611441715162957,-0.007516879272948862,-0.004185353658280877,False,408.734222281311,True,True,1.154838154041495,0.9350094508981154,-0.015061796045716336,False,0.5585310314380649
SOLV,48,0.7266949718283533,Solventum,Health Care,SP500,91.69000244140625,-0.008113370620856375,0.006255483731815392,0.1052314784628241,0.13183557614547103,0.3209911771184566,0.9122807017543859,0.7407407407407407,0.8752436647173489,-0.060428849902534165,-0.008113370620856375,0.4672747636203276,False,0.027690167113708863,True,0.09137095384324723,0.1847952680091356,-0.08372126225412702,0.005791617753576173,False,95.34520166925049,True,True,0.5294634505316929,0.745581611174726,-0.011250550498271061,False,0.5045163978772317
CMG,49,0.726298623270505,Chipotle Mexican Grill,Consumer Discretionary,SP500,36.959999084472656,-0.016236375174514484,-0.028135675234539193,0.09641056328289843,0.2597136636760602,0.044953355968426756,0.9005847953216374,0.9317738791423001,0.4444444444444444,0.50682261208577,-0.12747878772596855,0.3115684415973645,False,0.03603411947281776,True,0.05990648678401955,0.060528427824647846,-0.05652053981270411,-0.008739826250609761,True,625.0446310740966,True,True,0.6480613838472635,0.6418431909461277,-0.0042587130346490865,False,0.5359961169535361
JNJ,50,0.7238661722800152,Johnson & Johnson,Health Care,SP500,275.2300109863281,-0.01149294894095465,0.02682436282716827,0.07629936745429511,0.18824338606144186,0.1571468281749797,0.8654970760233918,0.8440545808966862,0.672514619883041,0.06627680311890838,-0.01149294894095465,0.6159422665886176,False,0.0287131403708607,True,0.05563949474489749,0.17870738570365718,-0.052706908960755805,0.011497715952572651,False,1928.9797953768616,True,True,0.8322576196244115,0.8649827567625822,-0.011852127571656546,False,0.5730027007432681
JPM,51,0.7237603140270767,JPMorgan Chase,Financials,SP500,358.6400146484375,-0.009445901047388627,0.0028522441283400646,0.0065675748965459135,0.1532978548428061,0.250861330407824,0.5984405458089669,0.7738791423001949,0.8167641325536062,0.033138401559454245,-0.017908916585006263,0.2802267821609712,False,0.0008274599449413778,True,0.025779480271983735,0.13377724226208443,-0.02513160066835063,0.002902491816552333,False,2662.5606673170164,True,True,0.6314340390913509,0.7458817291885573,-0.0029276848194813576,False,0.6255129180257845
PLTR,52,0.723247426023201,Palantir Technologies,Information Technology,SP500,174.3300018310547,-0.04492410564335281,-0.06420093341625777,0.11807339583317233,0.28628350476813247,0.10925170379774518,0.9239766081871345,0.9415204678362573,0.5789473684210527,0.1442495126705653,-0.15855773726246802,0.6251515548296871,False,-0.014639368734267633,False,0.16306068350170566,0.15166686830647458,-0.14019963516500955,-0.01994217959110023,True,6106.517968777726,True,True,0.6377381638211513,0.7654237818064743,-0.013805973206124644,False,0.6715058540381754
VZ,53,0.7198715968002198,Verizon,Communication Services,SP500,50.13999938964844,-0.008895053599173308,0.0007984214919289911,0.06703548837337303,0.12397493373166446,0.012553634397257207,0.8401559454191033,0.7192982456140351,0.3898635477582846,0.34892787524366475,-0.008895053599173308,0.37134883680167374,False,0.019136748629435152,True,0.08335132805888001,0.12230141829243957,-0.07693840945229347,0.002380546540002193,True,1189.8995695863343,True,True,0.5471568225426444,0.699584571037147,-0.0007906881875211491,False,0.5103292760029281
BNY,54,0.7191010250130654,BNY Mellon,Financials,SP500,164.83999633789062,0.003103477765187712,0.014399977463942282,0.037904475104213686,0.16227332722517707,0.4419250949892055,0.7426900584795322,0.7855750487329435,0.935672514619883,-0.04678362573099415,0.0,0.6174377389372807,True,0.018011573690275506,True,0.04902406194889175,0.24772258077839604,-0.046733019505590834,0.013252130671723483,False,529.3720875453185,True,True,0.786567369986551,1.0183933730641808,-0.00456398704827532,False,0.6951170020139041
SLB,55,0.7175902083977067,Schlumberger,Energy,SP500,57.5099983215332,0.0017418302453731105,0.008344581082111446,0.12162201774251624,0.053552047217555465,0.2390509576613442,0.9278752436647173,0.5282651072124757,0.7992202729044834,0.3508771929824562,-0.03812976643613575,0.8573763155244281,False,0.05317973648761387,True,0.13781371411618704,0.18435002328811478,-0.12112150908924124,0.016303829676417525,False,619.145207884613,True,True,1.0089268188679896,1.3872517238620885,-0.00714161032053362,False,0.6109083143805137
SJM,56,0.7172810260048905,J.M. Smucker Company (The),Consumer Staples,SP500,126.08000183105469,-0.01890897813128445,-0.04730236270260213,0.07122536264858903,0.22910539321416912,0.15703773054904957,0.8538011695906432,0.9025341130604289,0.6705653021442495,0.00974658869395717,-0.04730236270260213,0.43721850166963927,False,0.011325542591262172,True,0.061750390584058845,0.20127217588048762,-0.05815904673234029,-0.0184935611967475,True,167.94778303385925,True,True,0.7719774009704399,0.911666102484714,-0.004124123979120986,False,0.784256428065242
SYF,57,0.7171133694205071,Synchrony Financial,Financials,SP500,79.91999816894531,0.0008766399018391713,0.02395893714376207,0.0158891576089224,0.13304768659347066,0.20880090202460488,0.6530214424951267,0.7426900584795322,0.7524366471734892,0.2573099415204679,-0.08535257753562453,0.2635742014691336,False,0.008651504850146097,True,0.04259501642943442,0.07190798051391334,-0.04085480532537855,0.01218662009482796,False,271.84568822520447,True,True,0.7300777996239497,0.8564630624232884,-0.009142088183954677,False,0.7612638677156242
EXPD,58,0.7141203465284216,Expeditors International,Industrials,SP500,188.8000030517578,0.008924267222624849,-0.011363031654576194,0.057347701798684536,0.17676390039141787,0.29220305259181645,0.8089668615984406,0.8148148148148148,0.8499025341130604,-0.011695906432748537,-0.011363031654576194,0.6863158931958788,False,0.01046052951094345,True,0.058888342066306,0.19358783933226276,-0.055613363304568675,0.004034074398728604,False,191.35617314044188,True,True,0.7667645556240997,0.7604767211789336,-0.004007908835729879,False,0.4654265119912737
BALL,59,0.713543752837192,Ball Corporation,Materials,SP500,62.66999816894531,-0.004131608691714583,-0.01411824461942357,-0.004123579729118587,0.18801362307201175,0.009123941202551,0.5341130604288499,0.8421052631578947,0.3820662768031189,0.28265107212475626,-0.06598189517979514,0.36922374396495017,False,-0.000618603025492992,False,-0.0009051678168463528,0.06743929777263657,0.0009059878879249528,-0.005267127466566768,False,119.36768987532044,False,True,0.5856895022424872,1.0402703611823572,-0.007945336049186014,False,0.979465219773833
VTRS,60,0.7124062057731849,Viatris,Health Care,SP500,16.8799991607666,-0.0035419935891018994,0.0330476746105286,0.04399006072142342,0.07094447582661356,0.22019197314634353,0.7582846003898636,0.5789473684210527,0.7699805068226121,0.1578947368421053,-0.04778289489469589,0.8417740005258953,False,0.0282481788502007,True,0.012794516399656564,0.1630521549885473,-0.012632884748566053,0.008448096821438433,False,158.66370962208177,True,True,0.6333767475839818,0.8556004039501544,-0.00767420684868747,False,0.5978030430537906
BDX,61,0.7117430181236958,Becton Dickinson,Health Care,SP500,184.74000549316406,-0.01535012098377142,-0.025221605485112653,0.043316190499170126,0.23076457804064288,0.12033594381553359,0.7543859649122807,0.9083820662768031,0.6081871345029239,0.029239766081871288,-0.03781247138977051,0.3575230603939794,False,-0.007723769187561569,False,0.08669440700700304,0.16477445934490542,-0.07977809257873936,-0.012493278107164052,False,335.2615795765991,True,True,0.6984340789493626,0.8061444240857408,-0.011725812842432237,False,0.7144608950445973
BAX,62,0.7114542444391038,Baxter International,Health Care,SP500,25.829999923706055,0.01016817489186228,-0.01148102742808299,-0.04331860319458969,0.33333152829985635,0.4614694684868612,0.27680311890838205,0.9629629629629629,0.9395711500974658,-0.023391812865497075,-0.08853740649797315,0.6362907883028488,False,-0.019987849893806087,False,0.04542469912568481,0.2706953834027279,-0.04345095267375498,-0.002913473271353717,False,158.8194405402031,True,True,0.4991118923096606,0.6773482712335399,-0.009385990378668052,False,0.5313486359665924
BLK,63,0.7110310021629417,BlackRock,Financials,SP500,1122.2900390625,-0.003427594252880195,-0.036230714236295314,-0.006207393484928381,0.12724996643556774,0.18123848238517204,0.52046783625731,0.7290448343079922,0.7134502923976608,0.21832358674463936,-0.0516953815095762,0.22289990405068139,False,-0.026136913097750458,False,0.027669243796542897,0.06601398847689355,-0.026924269616480645,-0.013581003291996518,False,762.4059468048096,True,True,0.6969463517163134,0.8623849567062722,-0.01256495503023658,False,0.5710679303931027
SCHW,64,0.7108635363141491,Charles Schwab Corporation,Financials,SP500,109.29000091552734,-0.009874944419396403,-0.007897628155955405,0.018100404237812784,0.233776348812893,0.15511915141088006,0.6647173489278753,0.9103313840155945,0.6647173489278753,0.10331384015594547,-0.03836340124781046,0.2842259904976203,False,-0.00630772238368793,False,0.04213768085666314,0.12816260374509203,-0.040433890483668966,-0.002630736001335121,False,855.1558774529113,True,True,0.846384105543628,0.8204428633399728,-0.007157102148803385,False,0.7070471330304722
MSFT,65,0.7107035091534011,Microsoft,Information Technology,SP500,499.70001220703125,-0.020426532992031676,-0.02693127237131543,0.001561904097803879,0.2015280836479112,0.22683156318476594,0.5653021442495126,0.8654970760233918,0.7758284600389863,0.011695906432748537,-0.0705786419441109,0.41892903080111643,False,0.008803564924704022,True,0.12656160171723463,0.1637902522320771,-0.11234325892549057,-0.0015664011823105506,True,15352.140453377624,True,True,0.4944073886017622,0.5965779502630465,-0.00023522919771046258,False,0.4961618173142642
DXCM,66,0.708409341466299,Dexcom,Health Care,SP500,87.9000015258789,-0.020176096054681958,-0.032151488424985386,0.05878107781422148,0.20642328835488022,0.2907489500059546,0.8167641325536062,0.8732943469785575,0.847953216374269,-0.09551656920077978,-0.04808311661357323,0.6028446623140813,False,-0.022138153558026064,False,0.08221378956172698,0.2398005810772037,-0.07596815929967193,-0.018004680824247776,True,376.1839563672943,True,True,0.4811255113611994,0.4793636505256235,-0.010366740772119187,False,0.5057083042807142
NDAQ,67,0.7063869719962005,"Nasdaq, Inc.",Financials,SP500,96.87999725341797,-0.018539173822589516,-0.02446883863572813,0.023020067322359505,0.11397201475663077,0.10296709388338932,0.6881091617933723,0.6803118908382066,0.5672514619883041,0.15204678362573099,-0.03411194355396008,0.2606375950162432,False,-0.006119451210500837,False,0.04431659353603745,0.07606587098080242,-0.042435975651772595,-0.008706509223941339,True,331.0249075281677,True,True,0.5741656937303057,0.8650184720957608,-0.015803845335453426,False,0.6031932299986302
RJF,68,0.7021259388959462,Raymond James Financial,Financials,SP500,178.2899932861328,-0.015516359595132312,-0.005965696479580562,-0.005799411890385464,0.1814165618151029,0.18115967301108138,0.5224171539961013,0.8323586744639376,0.7115009746588694,0.10916179337231968,-0.015950985243828986,0.27472020476842407,False,0.0024993259172483295,True,0.03483002442452632,0.11731980495192751,-0.03365772503933229,0.00417881244174878,False,207.78632381774904,True,True,0.9697961172424595,1.0463096177475635,-0.00833798848555467,False,0.7921885920977618
MDT,69,0.701229481618811,Medtronic,Health Care,SP500,94.16999816894531,0.011493015170366938,0.03222618331503413,0.09601955511891358,0.16345852032203068,0.05385544061446623,0.898635477582846,0.7914230019493177,0.47173489278752434,0.09746588693957114,-0.08400731336641121,0.28840203826193056,False,0.02661657156293029,True,0.08570833451714321,0.06198670989200927,-0.0789423197669944,0.0200760160861162,False,674.2211471196747,True,True,0.7079461761549708,1.4686396561306303,-0.0036519478352637913,False,1.1599204867164272
DGX,70,0.6971292386216682,Quest Diagnostics,Health Care,SP500,237.13999938964844,-0.009440244630136263,-0.023150417055349037,-0.005702308638790621,0.1887971531054875,0.2004555660855465,0.5263157894736842,0.8460038986354775,0.7446393762183235,-0.07017543859649122,-0.032081635144292076,0.3847202552178026,False,-0.01133376455511892,False,0.04275513953414434,0.1860789808181431,-0.041002089477348846,-0.011333661549435048,False,218.6016628446045,True,True,0.5783623669190813,1.0722126130920702,-0.01679193448689098,False,0.8330882153533559
WELL,71,0.6959092937824013,Welltower,Real Estate,SP500,236.1699981689453,-0.020529184839425785,-0.0079808841803658,0.004498151908500336,0.14561239333279108,0.1643784666330188,0.5769980506822612,0.7602339181286549,0.6939571150097466,0.1364522417153996,-0.05954082301040031,0.45073546552144794,False,-0.0025690860516551783,False,-0.0015486963494609762,0.12695110675632537,0.0015510985300921654,-0.009741409767395015,False,701.2416560171508,False,True,0.7923145859855053,1.0372471342271892,-0.00738221141067863,False,0.7561761935811055
J,72,0.6957347707167463,Jacobs Solutions,Industrials,SP500,146.22999572753906,-0.008878931938496093,-0.03783392658010243,0.01775114560775748,0.19613791646992795,0.07501225794966326,0.6608187134502924,0.8557504873294347,0.5126705653021443,0.10136452241715399,-0.10126550938996659,0.37084849075234727,False,-0.008748141220913053,False,0.05814668535651202,0.10762018543141005,-0.05495144119543427,-0.01108980200034404,False,125.26265341598511,True,True,0.6144678374668556,0.9632357791508168,-0.011793346303063279,False,0.7699091032424366
OKE,73,0.6953018009254491,Oneok,Energy,SP500,95.43000030517578,-0.0033420333663103374,0.007070474396803972,0.08529512082304103,0.09425315491612984,0.12418109917763887,0.8791423001949318,0.6335282651072125,0.6179337231968811,0.1832358674463938,-0.01689501797470272,0.5404071754875255,False,0.011832817682774222,True,0.04694049338593098,0.1457451504798304,-0.04483587527894706,0.002877276204078294,True,330.58971153605654,True,True,0.887144477426174,1.0431126288879655,-0.00887726865922811,False,0.9434066361494201
NWSA,74,0.6943103573240559,News Corp (Class A),Communication Services,SP500,30.389999389648438,-0.01809374344060044,-0.018727799049577443,0.024266913094137976,0.11482021769942552,0.23952045451097703,0.695906432748538,0.6842105263157895,0.8011695906432749,-0.04678362573099415,-0.025649282805738527,0.3623659255122069,False,0.01369267583719247,True,0.06777693706972432,0.16128450419642992,-0.06347480893876856,-0.006380692166751967,False,114.1962577715721,True,True,0.573687058302353,0.9902129426419123,-0.005169623375379628,False,0.9899849413937993
KO,75,0.6936067337293004,Coca-Cola Company (The),Consumer Staples,SP500,88.06999969482422,-0.008332371175681086,-0.017733704018987217,0.014047222131692294,0.11523156478621166,0.15846422723881148,0.6354775828460039,0.6861598440545809,0.6783625730994152,0.033138401559454134,-0.04261330862025392,0.3685846949612752,False,-0.008868082880220562,False,0.02328683570606227,0.13074725037336687,-0.022756899525629537,-0.008394523033744328,False,1443.3356489496002,True,True,0.6363523286662304,1.04831455074451,-0.0024772123268889112,False,1.0298642587838682
MTD,76,0.6912437104938908,Mettler Toledo,Health Care,SP500,1345.260009765625,-0.008088577056328927,-0.038124346097076156,-0.05346034518506637,0.1654033603732381,0.11210679338203633,0.22807017543859648,0.7933723196881092,0.5867446393762183,0.24366471734892792,-0.10674493544625108,0.31177047120498624,False,-0.04045774932519974,False,-0.011272546441346898,0.019545000262658263,0.011401065481467576,-0.023197259510224666,False,241.0383180366211,False,True,0.46710258557395434,0.9462016761286834,-0.01080940134845021,False,0.561375205746738
CRWD,77,0.6907153729071538,CrowdStrike,Information Technology,SP500,213.10000610351562,-0.00869886545363896,-0.024267344052586348,0.02753270037452049,0.2703049083535807,0.9869928059355442,0.7095516569200779,0.9337231968810916,0.9766081871345029,-0.060428849902534054,-0.07748915106703191,1.4336902909751963,False,0.012058295761720794,True,0.0611831415136086,0.4955477893710112,-0.057655591311355114,0.007563428426921703,True,1950.5780538397216,True,True,1.7267879805143092,1.3326728193318427,-0.01148998095863274,False,0.8644642267731432
CPAY,78,0.687692595262891,Corpay,Financials,SP500,416.3699951171875,-0.007886955814810137,0.02081492138065033,0.045420298265881565,0.19835942002813822,0.32433207124767494,0.7758284600389863,0.8596491228070176,0.8791423001949318,-0.08187134502923976,-0.02085879813960756,0.6328235102634805,False,0.013492288069292924,True,0.08309643391535193,0.23572021690785228,-0.0767211776470923,0.01017099277603184,False,209.8043641749878,True,True,0.7830523556589831,0.7864261485608373,-0.01429660718812309,False,0.5751679609109153
COF,79,0.6872010696451937,Capital One,Financials,SP500,219.60000610351562,-0.004081604972718256,0.0182223209901069,0.001706806288553242,0.21976810541276381,0.1790605320512837,0.5672514619883041,0.8927875243664717,0.7076023391812866,0.1364522417153996,-0.1386821831525139,0.2567941802044935,False,0.005847340956924851,True,0.039281786270373154,0.06558618482469947,-0.03779705060678695,0.010617618424864306,False,779.7724161481018,True,True,0.7766676188196274,0.8726537674766951,-0.006802721088435382,False,0.5098507095132682
BMY,80,0.6869174458215555,Bristol Myers Squibb,Health Care,SP500,66.81999969482422,-0.018651736104730587,0.003604653907617994,0.041621170778432415,0.17992459351740275,0.13237748782254388,0.7504873294346979,0.8284600389863548,0.6296296296296297,0.05847953216374269,-0.018651736104730587,0.6215458471293629,False,0.009365557210655906,True,0.0631895698993512,0.16608204404833904,-0.059433963319761696,-0.003875631119111378,False,674.1299429097901,True,True,0.7994547324238622,0.7149103596720872,-0.012483456011703309,False,0.43905391538041727
BX,81,0.6849805258961712,Blackstone Inc.,Financials,SP500,136.14999389648438,-0.011112716884724372,-0.04382334096433538,0.02023227433485353,0.19236101144397044,0.2573665049851963,0.6764132553606238,0.8518518518518519,0.8245614035087719,0.2729044834307992,-0.2491364762238324,0.3593151327589543,False,-0.04331944615383365,False,0.0317178515263048,0.05930809577842178,-0.03074275731430054,-0.02263854950420352,False,576.2769429282074,True,True,0.8759119584240761,0.7770559450144372,-0.016850611482039923,False,0.6527822769319368
ANET,82,0.6838874202248391,Arista Networks,Information Technology,SP500,193.77999877929688,0.012223131571505341,-0.008189200857453671,0.007591469423234853,0.25610937585155,0.45819850755745817,0.6042884990253411,0.9259259259259259,0.9376218323586745,-0.01754385964912275,-0.07942993454015734,0.6686472346712597,False,-0.0037581488013989084,False,0.059304185362947015,0.2753672338951674,-0.05598409425959905,0.006834532416201355,False,1349.4839953183593,True,True,0.8187349574477689,0.5958284743655756,0.0072085502779644095,False,0.5614593750267101
MU,83,0.6837714529855842,Micron Technology,Information Technology,SP500,1016.5900268554688,0.06098152223910924,0.08975627941887909,0.15328946038236801,0.17677616899477555,1.7468903762916392,0.9512670565302144,0.8187134502923976,0.9941520467836257,-0.13255360623781676,-0.16217875231829515,6.7507930739065305,False,0.07769078254156714,True,0.08348103096372705,0.6765990061735894,-0.0770489086361511,0.05894622047284903,False,37025.02149547742,True,True,0.4763083502615821,0.6641646607140269,0.013755587877129383,False,0.8690490054983561
ADM,84,0.6826152138336711,Archer Daniels Midland,Consumer Staples,SP500,84.61000061035156,0.0027258042713942388,0.0376502288490852,0.09852934781542766,0.05223686160592389,0.2708835698964065,0.9044834307992202,0.52046783625731,0.834307992202729,0.1734892787524367,-0.0248853778907,0.5550377394550863,False,0.04297350054976179,True,0.04983306956684541,0.18690500138257682,-0.047467612719997665,0.020436808323220035,False,289.10535923490903,True,True,1.1638335668131983,0.9952876702571192,-0.008414305612505779,False,0.6510607531793939
DASH,85,0.6800112915469801,DoorDash,Consumer Discretionary,SP500,211.72999572753906,-0.04626128050658085,-0.10564336058675627,-0.007174335640564022,0.350318824022277,0.18172683982444338,0.5087719298245614,0.9688109161793372,0.7153996101364523,0.04678362573099415,-0.24849150611738058,0.44427003350896555,False,-0.04803228886613031,False,0.03977391885321713,0.12331054078459025,-0.0382524682837635,-0.054019117776179626,False,849.2551312861633,True,True,0.6585871458801811,0.8512117504940531,-0.0022522522522522292,False,1.0037911425124935
DVN,86,0.679027858840404,Devon Energy,Energy,SP500,48.060001373291016,-0.014962072730849374,0.01499478188067882,0.11482256304470706,0.09308577302124288,0.0938543153604392,0.9220272904483431,0.6296296296296297,0.5497076023391813,0.4619883040935673,-0.07044678039968755,0.542781066099564,False,0.014212942292641806,True,0.07243753939068753,0.11265178046740343,-0.067544762962926,-0.0024069875133103658,True,486.69675368370054,True,True,0.8753623901988143,0.940397833780813,-0.007993428619189058,False,0.8040828642690809
ADP,87,0.6782055977081212,Automatic Data Processing,Industrials,SP500,277.6199951171875,-0.020844368100568444,-0.034298092014507175,0.015026818781091134,0.2059766359767672,0.24662960053471705,0.645224171539961,0.8713450292397661,0.8089668615984406,-0.08576998050682261,-0.0438796508125926,0.4816796095046507,False,-0.0026584421961453053,False,0.05963124433121769,0.18180700067481537,-0.05627546814066797,-0.01370816244565154,True,626.7494411271973,True,True,0.6700859624833614,0.8060693017090712,-0.010792500164949703,False,0.913934900961427
GDDY,88,0.6759739912948277,GoDaddy,Information Technology,SP500,101.30999755859375,-0.02238733722197117,0.03694985387014915,0.1213060240129602,0.2006399722238672,0.07833955135098347,0.9259259259259259,0.8615984405458089,0.5185185185185185,0.3469785575048733,-0.3195191144819104,0.3509801366128642,False,0.0414803141464275,True,0.08409520452330077,0.05337087236120519,-0.07757178905728968,0.013090944017092765,False,180.31478750880433,True,True,0.7982255873079855,0.9073678126520156,-0.012930583551148622,False,0.8233726750142923
MELI,89,0.6752591143002102,MercadoLibre,Consumer Discretionary,NDX,1978.3599853515625,-0.006378548546223883,0.006158924527177367,0.08107103024675544,0.23047638093650202,0.10655196802927525,0.8732943469785575,0.9064327485380117,0.5730994152046783,0.571150097465887,-0.21211324371291485,0.27899348362794263,False,0.03434087195987434,True,0.0649701984648714,0.06353891017498481,-0.06100658831441885,0.007849058595317926,False,776.3318000131836,True,True,1.4674374562337191,0.8449072411729504,-0.0027824570326687725,False,0.6694477175111179
AWK,90,0.6751378064644106,American Water Works,Utilities,SP500,140.6999969482422,-0.0013485871405306549,0.017353534660344172,0.05055529211995369,0.13791170237158235,0.03752310425813721,0.7914230019493177,0.7504873294346979,0.4269005847953216,0.17738791423001954,-0.006130338568739013,0.16928813143219013,False,0.02445547525864722,True,0.045648077027068634,0.08269151740694469,-0.04365529668151147,0.012918953613726192,False,303.8359631769104,True,True,0.8546425984489787,0.9203573097657161,-0.006316980577074416,False,0.91840005951158
GEN,91,0.6726790339623792,Gen Digital,Information Technology,SP500,30.649999618530273,-0.021704446435738878,-0.011927815402104414,0.09555577781063884,0.17142759251382245,0.368867603719909,0.8947368421052632,0.8031189083820662,0.9064327485380117,-0.1734892787524367,-0.021704446435738878,0.7300223737442357,False,0.043788654542257666,True,0.10842882922703412,0.25659696855933123,-0.09782209409209175,0.009853205340913274,False,143.87982694102095,True,True,0.8679526211618996,1.1428961284993273,-0.008617952710538446,False,0.9391291520936605
BAC,92,0.6725724127670777,Bank of America,Financials,SP500,62.68000030517578,-0.0006377089044051765,0.010908160670008327,-3.225563209197091e-06,0.17034732019424226,0.3019557958087973,0.5516569200779727,0.8011695906432749,0.8576998050682261,-0.01754385964912275,-0.027930860878727315,0.35546080938680014,False,0.0006799686838401264,True,0.022289259647871207,0.154575058564131,-0.02180328066397641,0.007083368214729324,False,1919.7634522829742,True,True,0.9068838165931639,0.9775281321077808,-0.0025509572597578467,False,0.8427995811868844
ROP,93,0.6716475358869014,Roper Technologies,Information Technology,SP500,407.2799987792969,-0.035681323798833264,-0.044392334316836646,0.025687550498531442,0.22915717258734958,0.11385661478420617,0.6998050682261209,0.9044834307992202,0.5964912280701754,0.1656920077972709,-0.21505832767720923,0.2973164315491934,False,-0.005217202402343135,False,0.06076256055405249,0.08673727823252886,-0.05728196187685508,-0.0198413298056348,True,322.1950254640503,True,True,0.7102590636530108,0.7246016111649836,-0.009328761416995457,False,0.7194865609522232
NDSN,94,0.6713715414868984,Nordson Corporation,Industrials,SP500,318.3599853515625,0.0027402284920707842,-0.019193478100424377,0.03035786792579742,0.1292116825124392,0.17374127965457498,0.7192982456140351,0.7348927875243665,0.6998050682261209,0.165692007797271,-0.04881991711838207,0.4521658973858558,False,-0.0031063231510662925,False,0.044261338383587256,0.14428878603801443,-0.042385307926940397,-0.006407063292178328,False,116.86576628723145,True,True,1.3640985918800999,0.9400896974025564,-0.0012913908303272548,False,1.132498943810731
FCX,95,0.670123367780181,Freeport-McMoRan,Materials,SP500,72.7300033569336,0.0023429686336822186,-0.04865917252851015,0.06673515739794444,0.1504897282993647,0.23091431558601627,0.8382066276803118,0.7699805068226121,0.783625730994152,0.05847953216374269,-0.08985108216908133,1.0801319100898281,False,0.0013768835376237742,True,0.09533077175787219,0.19753885573716046,-0.0870337748339508,-0.016753062268538232,False,970.2626300941467,True,True,0.8898035768889031,0.7856755794457615,-0.011576576159781582,False,0.49317712697527444
A,96,0.6700983814177758,Agilent Technologies,Health Care,SP500,150.86000061035156,0.005867481716769429,-0.019370747520000342,0.06735534540203458,0.11599355514227305,0.316547074420398,0.8421052631578947,0.6900584795321637,0.8713450292397661,-0.15204678362573099,-0.05119496471477003,0.3742295225886012,False,-0.008282928523536737,False,0.06001249208871373,0.1496176437220842,-0.05661489136836628,-0.00724939819401027,False,312.65912972613523,True,True,0.6480535646441217,1.1588669343573506,-0.006734194796689685,False,0.831762065197679
HUM,97,0.6698593897224034,Humana,Health Care,SP500,401.5400085449219,-0.012250272073540014,0.04150023251902213,0.09339946417234235,0.14970116441025416,1.2580602700268546,0.8927875243664717,0.7660818713450293,0.9844054580896686,-0.21442495126705652,-0.019246750584661854,1.4716288419310795,False,0.0351637240137197,True,0.03397061921831934,0.4408098543867953,-0.03285453047399067,0.016316573762634734,False,499.59224885266116,True,True,0.7119358032446808,0.7382045580104085,-0.005362571914533709,False,0.6024930641361599
FDS,98,0.6694340493547415,FactSet,Financials,SP500,301.9599914550781,-0.03514826271836391,-0.01903715070401002,0.10386016512455076,0.18573630394203655,0.34846060471925955,0.9103313840155945,0.8401559454191033,0.8888888888888888,-0.09941520467836251,-0.18109644045257167,0.6107990957043024,False,0.021900503748394584,True,0.11069029501318295,0.21975554098212613,-0.09965900981593534,-0.007006130704970248,False,246.2668702364502,True,True,0.6224521980917015,0.8387648393567694,-0.02313391625783645,False,0.6899790162705616
TRGP,99,0.6688534502161035,Targa Resources,Energy,SP500,290.04998779296875,-0.011889421034131487,0.0077478299353874736,0.08134800698253253,0.10343987675003685,0.23470061359217254,0.8752436647173489,0.6549707602339181,0.7933723196881092,0.08382066276803113,-0.04036397752533083,1.0252015589884858,False,0.011353047842193709,True,0.04655571084875598,0.22784437181447093,-0.04448469428445356,-0.005419760310656829,True,347.72183201293944,True,True,1.1787027241799801,0.8709553896228222,-0.006336498654342604,False,0.4599558126570364
PRU,100,0.6671395001964575,Prudential Financial,Financials,SP500,122.0199966430664,-0.009577924792250725,0.0186158753693606,0.015873728689375755,0.17978065177744917,0.2882093449476779,0.6510721247563352,0.8265107212475633,0.8401559454191033,-0.050682261208576995,-0.013596578926496128,0.35990108422007094,False,0.009392792272883366,True,0.034246338111831864,0.15660826823530694,-0.03311236100130022,0.01200388793854179,False,210.16314520126343,True,True,0.938418020369399,0.93940015949983,-0.009172055855591443,False,0.7924384725202698
PFE,101,0.6659592283600936,Pfizer,Health Care,SP500,28.450000762939453,-0.012495616441385193,0.017525096370225368,0.08587786009467147,0.11166291826837194,0.08782014349663281,0.8810916179337231,0.6705653021442495,0.5380116959064327,0.2631578947368421,-0.01964161563862854,0.29005355852024683,False,0.02356542112168447,True,0.10176136006275227,0.11782540005754183,-0.09236243323777149,0.0018108187883203453,True,1025.7886062576638,True,True,1.1289306298672137,0.8915818021430527,-0.00798332337729546,False,0.5849586461545848
USB,102,0.6655518171379743,U.S. Bancorp,Financials,SP500,63.369998931884766,-0.002518492845686171,0.014406878399153555,-0.006895509041477954,0.1476447640225138,0.2330012090965028,0.5146198830409356,0.7641325536062378,0.7875243664717348,-0.003898635477582846,-0.031335972094748143,0.4398521288397388,False,0.0016121750704991555,True,0.0053390046141394976,0.13053938597184223,-0.005310651023819224,0.009601635658905261,False,462.83543815730286,True,True,0.7914079451766642,0.9017503808072079,-0.004407347468549316,False,0.6734689732290805
ICE,103,0.6652805911277434,Intercontinental Exchange,Financials,SP500,161.25999450683594,-0.020232103439740357,-0.006591556164290302,0.07686139904397948,0.14387928169948583,-0.022914824134866008,0.8674463937621832,0.7543859649122807,0.31968810916179335,0.46783625730994155,-0.07293330901702555,0.31201683916757594,False,0.01903981991722703,True,0.0900202556123535,0.04336498571634628,-0.08258585576630573,0.0031099238656551176,False,594.7404262999878,True,True,0.79358315093279,0.879314594629699,-0.014885454783123864,False,0.7705621587453396
APD,104,0.664076858813701,Air Products,Materials,SP500,301.2699890136719,-0.009696969940155564,-0.02213641275369116,0.004501118716649932,0.07363724297509311,0.12073684702873488,0.5789473684210527,0.5925925925925926,0.6101364522417154,0.23391812865497075,-0.04112165672790258,0.33155123527423846,False,-0.013655697311416137,False,0.003992354479660287,0.07527325633514059,-0.003976478966046915,-0.012862646592161409,True,343.8351795570679,True,True,0.6981132158112288,0.817316478432724,-0.0064426778226728265,False,0.5820144108008642
EXPE,105,0.6640270768244813,Expedia Group,Consumer Discretionary,SP500,298.0400085449219,-0.0168239290660136,-0.0953132396302393,-0.026422495756998732,0.30404431427973044,0.19823472735127257,0.37816764132553604,0.9532163742690059,0.7368421052631579,0.05653021442495132,-0.11989602234555308,0.590113371293367,False,-0.07109536163309271,False,0.012482222396599019,0.1561238975050594,-0.012328337348040508,-0.04414455035487841,False,451.2823534204102,True,True,0.9880598626920867,1.1319963801188606,-0.0030679657861663046,False,1.2063761394133419
WDAY,106,0.6620060425035191,"Workday, Inc.",Information Technology,SP500,195.7899932861328,-0.053788927997791225,-0.04362059340231794,0.1500821602945419,0.3570141041214594,0.2962791445258133,0.9473684210526315,0.9727095516569201,0.8538011695906432,0.0,-0.20953614858779346,0.7403554958767362,False,0.0026449812947022533,True,0.1809617461051487,0.22230701886068704,-0.1532325214613992,-0.013841652698318496,False,789.2840158300323,True,True,1.1974577328224871,0.7151322364546306,9.667636109589317e-05,False,0.604492614946034
T,107,0.6610460702746211,AT&T,Communication Services,SP500,25.68000030517578,-0.019473089670946298,-0.012687424867440789,0.08308735962766245,0.143905575161976,-0.08183589775484224,0.8771929824561403,0.7563352826510721,0.20272904483430798,0.5769980506822612,-0.09634983811608866,0.2706959387176402,False,0.015240472929558102,True,0.09366153463126792,0.0398217322417358,-0.08564032990594872,-0.0035250179875758736,True,1395.68442127256,True,True,0.5663412840337516,0.5310006106735732,-0.0034364318729529497,False,0.42355687727678426
WBD,108,0.659849967384214,Warner Bros. Discovery,Communication Services,SP500,28.25,-0.0042298496892339,-0.018074398661448332,0.070075773037936,0.07660061914688754,0.010733425004350483,0.8460038986354775,0.6042884990253411,0.38596491228070173,0.341130604288499,-0.05770512236996783,1.3327828902475183,False,0.00015931768354637832,True,0.0424892781866717,0.035033596968712555,-0.04075752055750481,-0.005606896346437851,True,559.6525574008713,True,True,0.6738376398851297,0.8448399988968567,-0.0017624653835057735,False,0.5493091928050696
ZS,109,0.6590750086784695,Zscaler,Information Technology,NDX,169.8000030517578,-0.04499437493075398,-0.07832596759716592,0.04428042237377583,0.2983636996228356,0.03498723380825375,0.7621832358674464,0.949317738791423,0.4171539961013645,0.1442495126705653,-0.49504859607065865,0.43837355918839527,False,-0.053820221052438,False,0.054919186032663214,-0.015380600627254104,-0.05206008835539644,-0.03996707311357561,False,425.8717858016052,True,False,0.7329903494647806,1.7944404025706318,-0.0655231099848862,False,3.053856971305777
MSTR,110,0.6563375714781627,Strategy (MicroStrategy),Information Technology,NDX,142.8000030517578,-0.013948378471895895,0.12167155596743195,0.4744450728093179,0.18565260841164166,0.06942263429345741,0.9980506822612085,0.8382066276803118,0.5048732943469786,0.8362573099415205,-0.6029914590828249,0.7349047173777796,False,0.23611215879289937,True,0.37968618084718386,0.02670144806046526,-0.2751974949941449,0.0932824923607194,False,2463.537629026535,True,True,1.3753360611573144,1.1566264101142836,-0.051581279125193724,False,1.1525232679796475
WAT,111,0.6548328584017121,Waters Corporation,Health Care,SP500,409.3800048828125,-0.010107342829232424,-0.012804739750975846,0.02421814455879301,0.12048396457234456,0.35314336391983936,0.6939571150097466,0.7076023391812866,0.8927875243664717,-0.05263157894736836,-0.02820112189007007,0.44493856522577424,False,-0.006327863899692754,False,0.04512271668849466,0.13472559962913455,-0.043174563109170006,-0.00558708355064319,False,321.09213122094724,True,True,0.7169709732490054,0.6329657635970064,-0.011848326543696053,False,0.4212548873223934
TRV,112,0.654564684160935,Travelers Companies (The),Financials,SP500,369.3500061035156,-0.013330101734228994,-0.0014868553718404565,-0.043134699213690064,0.22306381459016777,0.21525466871303323,0.2787524366471735,0.8966861598440545,0.7621832358674464,-0.031189083820662766,-0.07016261777236743,0.42874659838006624,False,0.0016556681906274573,True,0.017091898319465226,0.18726272556473456,-0.01680467453108825,0.0012773996803396859,False,668.6237755440063,True,True,0.6451059197070771,0.8231655540895374,-0.005930440889087563,False,0.6331181339401891
AVY,113,0.6541229405324573,Avery Dennison,Materials,SP500,175.05999755859375,0.0117320626112134,-0.009410004527826477,0.011997027360194368,0.1346654780076657,-0.013550519508089609,0.621832358674464,0.7446393762183235,0.3391812865497076,0.26705653021442494,-0.09808118638151753,0.1507573480226081,False,-0.015424512388176437,False,0.034887674954337866,0.02378683416730465,-0.03371155710775775,-0.0021599706477380964,False,154.29934096768187,True,True,0.7314434502047716,2.355069752290226,-0.006010479647863498,False,0.8537999832415293
APH,114,0.6532177094181421,Amphenol,Information Technology,SP500,82.77999877929688,0.008651140332798457,0.04957519838408131,-0.02959968954745673,0.1945088969397628,0.259858263710129,0.36062378167641324,0.8538011695906432,0.8265107212475633,-0.031189083820662766,-0.06102546119930341,0.5091761944645106,False,0.021770310711821894,True,0.02817097929582979,0.13839823226263603,-0.02739911927403693,0.02262383987719363,False,1070.6160143297425,True,True,0.7780189122302684,0.9209344284088109,0.009382193809304606,False,0.8375417520813724
KKR,115,0.6527999984741151,KKR & Co.,Financials,SP500,107.7300033569336,-0.01849488647765607,-0.008741230636497788,0.044361129589090664,0.15561794157349285,0.18412922890058203,0.7641325536062378,0.7777777777777778,0.7212475633528265,0.3606237816764133,-0.2733967052634071,0.2893005142908014,False,-0.01094359170494541,False,0.05123514920716299,0.02304749001703099,-0.04873804804358406,-0.004069772079586809,False,447.91526402529905,True,True,1.225902297675699,0.9300556967978015,-0.01266398836183713,False,0.8440397158903444
PAYX,116,0.6527296170410807,Paychex,Industrials,SP500,121.70999908447266,-0.026942778199938733,-0.04195530378340251,0.013152433756588033,0.22328914026923785,0.235091705296252,0.6257309941520468,0.898635477582846,0.7953216374269005,-0.0643274853801169,-0.06193233985617075,0.4556386154401355,False,-0.015211598361203116,False,0.050092036844396004,0.1918799419442283,-0.04770252043328149,-0.0214491947829879,True,326.0150127579956,True,True,0.8255093984867117,0.8576349589095025,-0.012871766763532522,False,0.6357886915038493
TYL,117,0.6525684454667873,Tyler Technologies,Information Technology,SP500,364.0299987792969,-0.04018243118578424,-0.03680479328002839,0.18835900739811962,0.16650107423202432,-0.028190815723408535,0.9649122807017544,0.797270955165692,0.3079922027290448,0.5750487329434698,-0.3569510431394908,0.3224471003310736,False,0.04181511407673888,True,0.11919900245635717,0.018053577550155353,-0.10650384980217609,-0.007487477063978121,True,291.3316788833618,True,True,0.8024306042122519,1.8498954200570932,-0.019089277939452254,False,0.7132640218012712
CEG,118,0.6522251214032035,Constellation Energy,Utilities,SP500,298.9599914550781,0.04879847134816284,0.08025290498673221,0.1467619960356299,0.1749776580449689,-0.05883961878681332,0.9434697855750487,0.8089668615984406,0.25146198830409355,0.7641325536062378,-0.2557712493858757,0.2660446286786027,False,0.07332782297551876,True,0.12336115266251091,0.011784001348681628,-0.10981433029807819,0.051106015697691465,False,769.5254262956848,True,True,0.73671090713186,0.9558746433904479,-0.00354316537905075,False,0.9880410294757784
CVNA,119,0.6515634596384414,Carvana,Consumer Discretionary,SP500,74.58999633789062,0.01579730393427603,0.007428355153463295,0.09145449714539611,0.12148539982167117,0.1739061262692394,0.8908382066276803,0.7134502923976608,0.7017543859649122,0.6101364522417154,-0.220503768054931,0.32590293746469245,False,0.0267810606571921,True,0.08460779976857524,0.02140299352328312,-0.078007736793547,0.015627223238433574,False,667.3403598967285,True,True,0.9614011132364413,0.57393972773925,-0.007898703917257222,False,0.3693690795702955
DG,120,0.6511379285351889,Dollar General,Consumer Staples,SP500,133.2100067138672,0.01485610459117992,0.08397760090710893,0.04519427150684163,0.2911226445468431,-0.08055289096495255,0.7719298245614035,0.9454191033138402,0.21052631578947367,0.3021442495126706,-0.13898929571708363,0.40815132586431435,False,0.07110412657692322,True,0.08527245265756878,0.06385894329636188,-0.07857239207422728,0.03578368944996502,False,297.7759057201538,True,True,0.8673126151654178,1.177190804047671,0.00419018036549712,False,0.6988844665814182
SPGI,121,0.6482124260422748,S&P Global,Financials,SP500,443.510009765625,-0.015690836293961175,0.0013998850655498885,0.09689522864701727,0.1069706399747421,0.04106534843177245,0.9025341130604289,0.6608187134502924,0.43079922027290446,0.27875243664717353,-0.1414481228096729,0.20798184187412305,False,0.03580534633715127,True,0.04206850590103706,0.03590965556813486,-0.040370192230943514,0.011622576611174829,False,898.6897033319098,True,True,0.7688435180405786,1.0777059398322113,-0.027009594906196255,False,0.708468899065438
MA,122,0.6478092110031548,Mastercard,Financials,SP500,579.2100219726562,-0.011097641761546373,-0.02702833218586964,0.005660230395920562,0.18143884830286172,0.11264304071736086,0.5847953216374269,0.834307992202729,0.5886939571150097,0.025341130604288442,-0.0344246388876962,0.23037003178617033,False,-0.000814187108362785,False,0.03880410709053517,0.09475736000756974,-0.03735459537141905,-0.010458745344412712,True,1753.332776439453,True,True,0.8139017771305426,0.8069104149283167,-0.008502571779689938,False,0.5539080789215199
EOG,123,0.6474847697630683,EOG Resources,Energy,SP500,145.19000244140625,-0.005275446951509277,0.012835690683974832,0.0660059155256838,0.061602040648972345,0.12170457346584174,0.8362573099415205,0.5536062378167641,0.6120857699805068,0.15594541910331383,-0.05135576905342176,0.4620587627902861,False,-0.007417529127700551,False,0.027853445555890533,0.14076949004555406,-0.02709865465385175,-0.008178812168918359,False,424.31922383847046,True,True,0.8907439081975334,1.071508572413199,-0.006577190118585929,False,0.8634781708893672
AMCR,124,0.6458963237622214,Amcor,Materials,SP500,45.150001525878906,-0.0019893090658763546,-0.018669145184839975,-0.026801797338690925,0.20112003577035087,0.0758233649547313,0.3762183235867446,0.8635477582846004,0.5146198830409356,0.033138401559454245,-0.06736508815540942,0.26905512354730643,False,-0.019634122344344695,False,0.010006288426876342,0.08731850980176459,-0.009907154580652722,-0.011570177523994252,False,161.20597933598327,True,True,0.6773266617370663,0.884689766899469,-0.005304992818351395,False,0.6978961945750513
WFC,125,0.6439767607756073,Wells Fargo,Financials,SP500,89.97000122070312,0.008745361116110573,0.03783595209278978,0.03306929617540333,0.10430227109360923,0.13160734128773854,0.723196881091618,0.6588693957115009,0.6257309941520468,0.029239766081871288,-0.05123838933317115,0.23245082862581,False,0.03561995165595566,True,0.04176917387728918,0.06905936659992062,-0.040094461349659105,0.025263006584723913,False,1238.071116720413,True,True,0.8164130280993388,1.1183004009734383,-0.004933315723310017,False,0.5549759653020586
AJG,126,0.6423606581140828,Arthur J. Gallagher & Co.,Financials,SP500,262.69000244140625,-0.014887876570097047,-0.01820150680828514,0.043497246005023804,0.21536968253543542,0.1553254223438656,0.7563352826510721,0.8869395711500975,0.6666666666666666,-0.03898635477582846,-0.1462499949168713,0.3727311523137238,False,0.011415933056330152,True,0.035482095865152496,0.1269004153807083,-0.034266257240794684,-0.0027598632411094393,False,374.9914520500793,True,True,0.7711498944396667,1.0645169133021055,-0.012487876112321938,False,0.6803735605544561
FANG,127,0.6423083965621816,Diamondback Energy,Energy,SP500,199.22000122070312,-0.018330546841188622,0.007841367259147969,0.05635782472564088,0.03996023706420182,0.11564689211490586,0.8070175438596491,0.47953216374269003,0.6003898635477583,0.20272904483430798,-0.05742481934450139,0.5165286765106447,False,-0.01851080307157882,False,0.024438662533045052,0.11249600343582555,-0.023855662058495097,-0.012519125360967998,False,383.24763923968504,True,True,0.8354506266362969,1.1318540859404296,-0.006701491051495534,False,0.8601953349743916
WTW,128,0.6408708224137207,Willis Towers Watson,Financials,SP500,334.739990234375,-0.021399775993873327,-0.02621093750000003,-0.01549960112904536,0.27479106810861786,0.11268017540743447,0.4678362573099415,0.935672514619883,0.5906432748538012,-0.0292397660818714,-0.04564507417141839,0.3875699650879809,False,-0.011896000107307514,False,0.0593508807090648,0.12019699619608892,-0.0560257057315503,-0.011848424078867104,False,173.62093681378173,True,True,0.7122786062079872,0.7429742876494515,-0.011839992462945093,False,0.9209401089981447
RSG,129,0.6383534940852893,Republic Services,Industrials,SP500,222.7100067138672,-0.010705350282482762,0.002701391661189545,0.06259845701235256,0.06341740599275258,-0.030536056821636515,0.8304093567251462,0.557504873294347,0.30214424951267055,0.06627680311890838,-0.03562808623468716,0.12962219109906647,False,0.014742064382635256,True,0.02396064986774804,0.03996454613933342,-0.023399971347378257,0.00260476816657218,True,305.46045877407835,True,True,0.5782155683219575,1.2203544853465997,-0.009861412885814436,False,1.1489334388840156
DLTR,130,0.6378043663191465,Dollar Tree,Consumer Staples,SP500,131.4199981689453,0.0028999153104558584,0.024637484776603102,0.013417686547178675,0.20790436105435428,0.13498572527709518,0.6296296296296297,0.8791423001949318,0.6335282651072125,-0.08187134502923976,-0.06932942482439863,0.5453903663464037,False,0.007787313015415798,True,0.03229312679994156,0.1221606978579497,-0.03128290401394862,0.005226226869973205,False,343.57639804693605,True,True,0.6045507441278276,0.7208004496312905,-0.001068371465364315,False,0.4231165212331124
MSI,131,0.6371648298829264,Motorola Solutions,Information Technology,SP500,468.04998779296875,-0.00885166782312019,-0.03693418149594907,-0.012698587631030822,0.1440580904951736,0.021558208000852508,0.4873294346978557,0.7582846003898636,0.40350877192982454,0.12670565302144254,-0.04720707373669253,0.2949273030058537,False,-0.016093999165072148,False,0.052687661758271886,0.11120481684018113,-0.05005061204029815,-0.020731493651799715,True,428.6247913056641,True,True,0.7840708263575993,1.0786840840578444,-0.0034941117160600665,False,0.7758777439830733
HAS,132,0.6366635767500944,Hasbro,Consumer Discretionary,SP500,92.52999877929688,-0.005053776566700252,-0.01804101153639226,0.016733471730320915,0.10743994389062217,-0.005314816538648071,0.6569200779727096,0.6647173489278753,0.35282651072124754,0.45808966861598444,-0.10670375153589373,0.34623106446797247,False,-0.019543757024769515,False,0.042746725222779114,0.04776533806237748,-0.04099435096633497,-0.011725733456829257,False,172.894278628891,True,True,0.5702137904561227,0.6611891473893601,-0.009139768538936499,False,0.6372936533467557
CAH,133,0.636542078178704,Cardinal Health,Health Care,SP500,247.17999267578125,-0.005752012916051541,0.05384774870898812,0.04005717776225737,0.20421006996067836,0.1402266067618827,0.746588693957115,0.8674463937621832,0.6471734892787524,-0.02729044834307992,-0.005752012916051541,0.6935692475063295,False,0.04403503573089318,True,0.05544845076345162,0.14914194818742543,-0.052535441899927315,0.024442519147149344,False,473.2621674023438,True,True,0.9783597851012219,0.7224496336905749,-0.009130784227858735,False,0.7618454343891804
NWS,134,0.635423413938194,News Corp (Class B),Communication Services,SP500,33.900001525878906,-0.0236175019007564,-0.0272595979867154,0.0008858162072717946,0.08688685301117993,0.22833942802422547,0.5555555555555556,0.6198830409356725,0.7797270955165692,-0.08187134502923976,-0.040203799015134156,0.32651082032412093,False,-0.0018549124150818441,False,0.051117210802889,0.1369704504294018,-0.04863131368940621,-0.014177413225517244,False,40.52376781426621,True,True,0.5958185812691529,0.9838062357888965,-0.0005760500305439509,False,1.2264589079397576
HSIC,135,0.6349765204487626,Henry Schein,Health Care,SP500,89.80999755859375,-0.011556273879643642,0.0032395099017221707,0.01790767473133048,0.15958684438182003,0.15734535212065226,0.6627680311890838,0.7816764132553606,0.6744639376218323,-0.07602339181286544,-0.011556273879643642,0.44784780470717545,False,0.0025619181679608083,True,0.02717240775504215,0.13562360163077503,-0.02645359975588657,-0.00032541391455620516,False,107.32641869882202,True,True,0.6794987435992508,0.6983084111542186,-0.010455612391157665,False,0.7196232898917202
SWKS,136,0.633824096008667,Skyworks Solutions,Information Technology,SP500,74.0199966430664,0.035244708294635,0.12509493255831017,0.10742071661523322,0.0061165821681230526,0.3622181161078717,0.9161793372319688,0.391812865497076,0.898635477582846,-0.05458089668615984,-0.11268283064261964,0.4221556956447683,False,0.08149959971095,True,0.14093519336789972,0.16919795674304128,-0.12352602863610196,0.061509292307188934,False,366.3502722257156,True,True,0.5664608448012518,1.473400214974178,-0.005734316952578644,False,0.8499016970088865
MOS,137,0.6300006103538909,Mosaic Company (The),Materials,SP500,25.850000381469727,0.014123209634527623,0.09533898150979092,0.10187559208299057,0.16232017299926715,0.000873937699334304,0.9083820662768031,0.7875243664717348,0.3723196881091618,0.4249512670565302,-0.2603819753577171,0.30423818261814506,False,0.098294147265936,True,0.1373135782801984,0.06538286539574001,-0.12073502058054963,0.04374604260403481,False,182.0183727529526,True,True,0.9174536883736296,1.032548709089164,-0.01922321598736798,False,1.0609233166457261
V,138,0.6296950519373015,Visa Inc.,Financials,SP500,375.07000732421875,-0.009716152279290458,-0.01711215585653192,0.014297455709314066,0.16131531073040062,0.18649417700158177,0.6393762183235867,0.783625730994152,0.723196881091618,-0.011695906432748537,-0.02361120158887786,0.2741804955313516,False,0.009085460055277217,True,0.033872594323088645,0.12659004578610467,-0.03276283219913212,-0.004294230399381371,False,2711.3604826617434,True,True,0.9170214533578586,0.7116880971979147,-0.010191380466171629,False,0.6147498134615268
CFG,139,0.6292555971359144,Citizens Financial Group,Financials,SP500,70.77999877929688,-0.0007059586399147388,0.01534930008430524,-0.022780636737909865,0.1134658386673566,0.23625187099628442,0.39766081871345027,0.6783625730994152,0.797270955165692,0.005847953216374213,-0.05285701057405656,0.5067011858848858,False,-0.006854384979982919,False,-0.006780909793438261,0.11798439669260041,0.0068272044509616325,0.008400658773692227,False,281.31588761273196,False,True,0.8017791284227133,0.918615847552778,-0.005929664804288692,False,0.4851093369666113
JKHY,140,0.6284382951289946,Jack Henry & Associates,Financials,SP500,165.63999938964844,-0.01263707192778385,-0.020548536626628366,0.059272887269140595,0.27770560653446563,-0.028170164041416146,0.8187134502923976,0.9376218323586745,0.30994152046783624,0.2826510721247564,-0.12982085683689382,0.3469639288217652,False,0.019559112360231667,True,0.0714011109142334,0.04424382944116534,-0.06664274489439936,-0.006130011020126225,True,165.6843898947754,True,True,0.962248941941529,0.7271520877691033,-0.01108727152632194,False,0.6286153560972418
CNC,141,0.6281340718615412,Centene Corporation,Health Care,SP500,67.04000091552734,-0.014407465097088568,0.03536680950621385,0.044236824023134336,0.07556552135581662,0.5358533464375972,0.7602339181286549,0.6003898635477583,0.9434697855750487,-0.1871345029239766,-0.02444703543849258,1.3245492566168267,False,0.02063654561243311,True,0.02299606485973782,0.3318618955882884,-0.022479133253450856,0.01256181433474124,False,295.28185195443723,True,True,0.7714652363147546,1.0909474115830784,-0.018376948863425446,False,0.6383577482302382
PFG,142,0.6275660612719012,Principal Financial Group,Financials,SP500,116.68000030517578,-0.015441750046979563,0.05526625331817425,0.018691769938101066,0.11734672071279983,0.2960227851486714,0.672514619883041,0.6939571150097466,0.8518518518518519,-0.07017543859649122,-0.015441750046979563,0.5397619721462166,False,0.04242968792454627,True,0.047283912176833365,0.19894544677413095,-0.04514908672525242,0.03323453382182828,False,155.8814926253662,True,True,1.375765329317975,1.3880156861847732,-0.012488425704627826,False,1.0624781583240308
C,143,0.6265334187828779,Citigroup,Financials,SP500,137.72000122070312,-0.003040380561756262,0.0362679273557609,0.0291435785609806,0.04491737208713764,0.30550066319232005,0.7153996101364523,0.49902534113060426,0.8615984405458089,0.001949317738791423,-0.04976860686244344,0.4972154114874925,False,0.021862632469970222,True,0.0205727798616806,0.1270628549641597,-0.02015807227826405,0.020984981754941012,False,1470.2864876984863,True,True,0.7297486820000436,0.7428419119759438,-0.0051397619589130805,False,0.5182871849465948
OXY,144,0.6239275891402785,Occidental Petroleum,Energy,SP500,60.040000915527344,-0.009404383584956877,0.015905287067272234,0.07137758627144652,0.059499804850032145,0.1183559907738323,0.8557504873294347,0.5399610136452242,0.6062378167641326,0.13450292397660824,-0.08941240233637127,0.5571355543962684,False,0.007238914175448752,True,0.06988083750528684,0.15143311079757882,-0.06531646801734725,-0.0006334914773559186,True,471.1469572882156,True,True,0.7581730355574167,0.8063219499646279,-0.00808450212064693,False,0.8130781092447888
CBRE,145,0.6228751101498038,CBRE Group,Real Estate,SP500,147.85000610351562,-0.0059835912113728185,-0.019692355632356495,0.002712846141420089,0.12922946898525378,0.08053792388358971,0.5692007797270955,0.7368421052631579,0.5243664717348928,0.3489278752436647,-0.13845343757549478,0.18621635773046075,False,-0.007305025553794531,False,0.021191924204132073,0.004588461987165227,-0.020752146292821405,0.0021241416233510613,False,236.7073445399475,True,True,1.1696113018818877,1.140532912758363,-0.012841223554998171,False,0.6427073664568194
ARES,146,0.6226260094681147,Ares Management,Financials,SP500,140.14999389648438,-0.009680683540250312,-0.016698273368386585,0.014330142243456079,0.12663625993663397,0.3043279449223577,0.6413255360623782,0.7251461988304093,0.8596491228070176,0.005847953216374213,-0.21322361537817114,0.48693385932305744,False,-0.011113108830868357,False,0.06954193231040784,0.06669314720042885,-0.06502029533352138,-0.004471146549551053,False,282.6112079571075,True,True,0.7841180898646452,0.8434207157165347,-0.022258402064551208,False,0.4621559131157824
LITE,147,0.622463884215867,Lumentum,Information Technology,SP500,881.2550048828125,0.039988446559213964,-0.015357536443784903,0.05154166461834819,0.020372637710902364,0.5780656848186252,0.7933723196881092,0.4405458089668616,0.9512670565302144,0.32943469785575047,-0.16317215671469043,4.898628118374708,False,-0.002977757016112914,False,0.07945583258663369,0.2860851621838034,-0.0736073030391976,0.000517931435276564,False,3786.699235883911,True,True,0.9824421325687597,0.7210077115226208,0.016539427557261233,False,0.7653530883400494
TRI,148,0.6221537481450964,Thomson Reuters,Industrials,NDX,105.68000030517578,-0.05440230596670381,-0.0051774737303715845,0.06211259182990725,0.23629212921559906,-0.02359991961365493,0.8284600389863548,0.9142300194931774,0.3157894736842105,0.2748538011695907,-0.3729917132738806,0.38955684259755463,False,0.008129401190077878,True,0.08097843218400946,0.062089436059393766,-0.07491216269727108,-0.00786429607024608,True,197.4603332584381,True,True,0.7463126456236856,0.7500509876684458,-0.019953501380711502,False,0.63291264430794
CME,149,0.6221274266335549,CME Group,Financials,SP500,281.2900085449219,-0.0026944842437104377,-0.01578019398417141,0.064202484679442,0.09847887796617716,-0.08701429873385824,0.834307992202729,0.6471734892787524,0.1949317738791423,0.49122807017543857,-0.11319065392021066,0.28689727417212274,False,0.0244317506156011,True,0.08840333683497215,0.022261327250838736,-0.08122295645660649,0.002536650272287444,True,644.6320947492065,True,True,0.6368765128225714,0.8492719426539964,-0.009040907297753531,False,0.6333735877948268
ACGL,150,0.62180546495615,Arch Capital Group,Financials,SP500,98.0999984741211,-0.01732949339078782,-0.007486826094568078,-0.011985118646727244,0.07577580708098819,0.009155430491003758,0.49122807017543857,0.6023391812865497,0.3840155945419103,0.12865497076023397,-0.07870026876991854,0.1579319766363303,False,-0.007752891406185181,False,-0.01963528818135485,0.020815890150564176,0.02002855462323816,-0.007930088245019395,False,198.7378809492798,False,True,0.6325875465879884,1.9620730958540096,-0.009315839808854753,False,1.0733086016478346
SHOP,151,0.6213742117851707,Shopify,Information Technology,NDX,145.08999633789062,-0.005415468319709071,-0.051079122762301976,-0.0159387280561768,0.32453893669197553,0.11436251719397195,0.46588693957115007,0.9571150097465887,0.5984405458089669,-0.01754385964912275,-0.18948661644503872,0.520859476071732,False,-0.029667102236999532,False,0.08154725152145859,0.10499759456972768,-0.07539869516264097,-0.008817582914118272,False,1183.8034908793336,True,True,0.6580595962416701,0.7975027248866187,-0.009082891161784956,False,0.779640429684765
AMZN,152,0.6208063919311216,Amazon,Consumer Discretionary,SP500,258.510009765625,-0.001506311858065601,-0.029726318837511978,-0.05050319366342737,0.05072556618399782,0.21246658986579114,0.23976608187134502,0.5126705653021443,0.7582846003898636,0.19298245614035092,-0.0898175488867402,0.30041761907770104,False,-0.0140619032647461,False,0.01795873651241231,0.0810761489690941,-0.017641910097397462,-0.001740929219759435,False,11752.147394096892,True,True,0.5894475733014487,0.6842359531249115,0.0006566760592598975,False,0.6458741124911649
NOW,153,0.6203484357774192,ServiceNow,Information Technology,SP500,141.25999450683594,-0.029741066968677288,-0.02384086826734033,0.20374943624722452,0.2562027420227877,0.13607848373234366,0.9727095516569201,0.9278752436647173,0.6374269005847953,-0.021442495126705707,-0.2651511332963168,0.7019276446606739,False,0.07330634768038857,True,0.2071460961530156,0.1912313912819512,-0.17159985590241122,0.01688658860087533,True,2440.2498888420105,True,True,0.8591731255802867,0.8323354135161789,-0.015591655132702997,False,0.5831560394586617
TFC,154,0.6151390653193105,Truist Financial,Financials,SP500,51.650001525878906,0.0007750613263763917,0.024191973296060265,-0.008140801606227654,0.06020067465773815,0.13385577125750636,0.50682261208577,0.5477582846003899,0.631578947368421,0.08187134502923982,-0.04596507995516941,0.31084376308509265,False,0.009744702216721857,True,0.009090077195423873,0.05876749690543792,-0.0090081920344397,0.015628697312695117,False,350.3237717148895,True,True,0.7600972877016312,0.899324033001805,-0.005037824707530003,False,0.665277847859465
WAB,155,0.6145001010898631,Wabtec,Industrials,SP500,282.8599853515625,0.007228568444824779,-0.03206387189029669,-0.04091070042369083,0.08737305972590992,0.1586414249777115,0.29434697855750486,0.621832358674464,0.6803118908382066,0.0,-0.0740313862571611,0.5307389523451855,False,-0.033654254440799614,False,-0.0012595236624505235,0.11482229843295211,0.0012611120629348882,-0.012389390910989673,False,271.8457209387207,False,True,0.5563692480050441,0.8888204444835556,0.0,False,0.4802431737159776
COIN,156,0.6143343518613886,Coinbase,Financials,SP500,184.63999938964844,-0.04182666157881987,0.0335871026673753,0.26978883666558584,0.2115486009472063,-0.06378664310511173,0.98635477582846,0.8810916179337231,0.24561403508771928,0.8615984405458089,-0.5232266774404508,0.308668255596674,False,0.0862741965048055,True,0.1317373114468785,-0.04212740860946096,-0.1164027288969186,0.017237032888396175,False,1418.3555489560852,True,False,1.2517064714910546,1.077530881903392,-0.04011414556283199,False,0.9478629919627015
MET,157,0.6141987388562731,MetLife,Financials,SP500,97.62000274658203,-0.01622493757820742,0.011501404888425215,-0.02331159852727871,0.16256124111696013,0.37794058590896595,0.391812865497076,0.7894736842105263,0.9103313840155945,-0.12475633528265107,-0.02331159852727871,0.4620010525745686,False,0.013622982247743165,True,0.03806685251165942,0.20467506114455492,-0.03667090652163163,0.009587003537028238,False,328.3879238812103,True,True,0.8592619349953227,0.8518625138714889,-0.008969132207338415,False,0.7622564692049073
NTRS,158,0.6141066135658781,Northern Trust,Financials,SP500,186.6300048828125,0.0003216638255618687,0.0038562048588313136,0.01830283305190039,0.0999605646849333,0.35926916987675095,0.6666666666666666,0.6491228070175439,0.8966861598440545,-0.08382066276803113,-0.020680632254727493,0.5529804000564513,False,0.0016306963792271922,True,0.01995455851744965,0.18915878645002904,-0.01956416425693963,0.0074021733459463945,False,186.55395505914308,True,True,0.8594958526400572,0.8025223586953966,-0.009111845530046403,False,0.7667720400588113
INSM,159,0.6112314652689564,Insmed,Health Care,NDX,126.29000091552734,-0.003078618477335926,0.06537877459206975,-0.047227476364418375,0.3403735860680228,-0.09876545696875716,0.24951267056530213,0.9668615984405458,0.17543859649122806,0.7153996101364521,-0.40262996675704577,0.3745102817885566,False,0.0010780449152067995,True,0.09160718819986324,-0.10317690252573897,-0.08391955383779559,0.014230532383568084,False,304.8427645712128,True,False,0.462012616883117,0.719668145147843,-0.005367858411253867,False,0.6698638199962543
EMR,160,0.610322800914005,Emerson Electric,Industrials,SP500,152.82000732421875,0.017375677343010265,-0.015208051700925318,-0.02276294536038359,0.11018155157861931,0.11273481651874584,0.4015594541910331,0.6686159844054581,0.5925925925925926,0.1442495126705653,-0.06717206273463405,0.24918849680777666,False,-0.0257769677636277,False,0.02500910949247137,0.07794630689976256,-0.024398914371458247,0.0003476532082054007,False,397.42720121191405,True,True,0.8435938082110548,0.8656486194662965,-0.00026635072986902486,False,0.7599626865671641
NTAP,161,0.6101551443296216,NetApp,Information Technology,SP500,185.58999633789062,0.0011327621617600592,-0.007646283295379419,-0.030760390229115364,0.11442575741124794,0.8514465022793682,0.3508771929824561,0.682261208576998,0.9707602339181286,-0.3079922027290448,-0.10377634394023516,0.9881752309838077,False,-0.039829087606227276,False,0.039071181631514795,0.42750455732185433,-0.037602026042303005,-0.00552444058220114,False,469.50333249331663,True,True,0.5401793182872001,1.3574850649533097,-0.015050212921752681,False,0.8544194555499627
SBUX,162,0.609989395101147,Starbucks,Consumer Discretionary,SP500,104.47000122070312,-0.012757498374734166,-0.0313397988061076,-0.0008546637474958763,0.10263539604137795,0.06764286498435612,0.5477582846003899,0.6530214424951267,0.49317738791423,0.3196881091617934,-0.037054076156534776,0.365485158812745,False,-0.0189842994338697,False,-0.00536400905613732,0.08107148671905029,0.005392936818068517,-0.015508985067703818,False,730.816735496994,False,True,0.9888039721966726,0.7419916236747383,-0.00207901362065388,False,0.6557461164488115
KDP,163,0.6085388509325061,Keurig Dr Pepper,Consumer Staples,SP500,32.59000015258789,-0.008819978896185798,0.012740827952887335,0.0730984277908413,0.0750781492535284,0.17210758459573605,0.8596491228070176,0.5964912280701754,0.6978557504873294,0.04873294346978552,-0.027164174549615172,0.3196121023546361,False,0.03647871134933278,True,0.04153350878611395,0.12995089866527332,-0.03987726600800423,0.011033549934831743,False,404.94892122420885,True,True,1.1429277505249706,0.661946074052196,-0.00608274806698228,False,0.4453824111511796
ALLE,164,0.6061331029247397,Allegion,Industrials,SP500,157.1199951171875,0.010028269369226184,-0.002286008509769122,-0.06864257285438768,0.21210583078854683,0.05316808053690725,0.17543859649122806,0.8830409356725146,0.4678362573099415,-0.01754385964912275,-0.11906950203164657,0.25561230820070135,False,-0.022678957246670017,False,0.02884993242983369,0.044600705124213214,-0.028040952835268085,0.0002531438684922893,False,213.04995691061401,True,True,0.6143622702446871,1.6574975939228138,-0.0004499361437911853,False,0.5269713586865188
CTSH,165,0.6053364003616347,Cognizant,Information Technology,SP500,62.310001373291016,-0.03604576173202367,-0.02701435848694478,0.10169375150617777,0.177886866795939,-0.04742984048516474,0.9064327485380117,0.8226120857699805,0.2631578947368421,0.13255360623781676,-0.2682989401166157,0.6182637742747843,False,0.019194021980424525,True,0.19245333570351386,0.004732173880671153,-0.161392760572867,-0.01062616005335526,False,443.0803158607254,True,True,0.5961982969052007,0.6347782888921863,-0.010674483806067059,False,0.5028411633009026
CBOE,166,0.6046169457128361,Cboe Global Markets,Financials,SP500,298.3800048828125,-0.0004019936924204437,-0.03620915271061731,0.03471610623207666,0.06136308397371826,-0.004759836471151413,0.732943469785575,0.5516569200779727,0.3567251461988304,0.4912280701754386,-0.18233977906743748,0.2931910802987907,False,0.00304286511898777,True,0.052353001028145885,0.05100660268639734,-0.04974851687313786,-0.008135915348385092,True,316.45698882180784,True,True,0.7218219249104377,1.0547723448506974,-0.01675041876046901,False,0.67875508761668
MCO,167,0.601627737532568,Moody's Corporation,Financials,SP500,493.54998779296875,-0.02131667709738916,-0.041557479185880264,0.04536382340184719,0.09580809841118243,0.050433676291122165,0.7738791423001949,0.6374269005847953,0.46588693957115007,0.1306042884990254,-0.07925219955540341,0.2052609641240517,False,-0.004342269038388524,False,0.010259169363333154,0.047683070857974075,-0.010154987625401568,-0.012403385920688015,True,403.33935974243167,True,True,0.836645584769066,0.8233414617690432,-0.024350583138102677,False,0.5026421845529822
GM,168,0.600547411145825,General Motors,Consumer Discretionary,SP500,87.76000213623047,0.00827207276114228,0.01937515536041623,0.011519288406326433,0.0710204950395763,0.17181376736231546,0.6198830409356725,0.580896686159844,0.695906432748538,-0.08576998050682261,-0.02611863342594456,0.5992257513784656,False,0.01789936862939534,True,0.05546385758097139,0.10378015676020347,-0.052549272230021704,0.016421842539061426,False,532.3228729199524,True,True,0.67027384015216,0.9391250032694677,-0.007238019839055143,False,0.839130055209862
ABBV,169,0.5986841151585204,AbbVie,Health Care,SP500,256.4599914550781,-0.014411437389587611,0.003835900046687879,0.051625852257227045,0.13666962499637347,0.13175531151622932,0.7953216374269005,0.7485380116959064,0.6276803118908382,-0.08966861598440545,-0.03575594887384892,0.3085693838263466,False,-0.004183883999134386,False,0.009482696133494395,0.13576652125242172,-0.009393619296115596,-0.009968645759100614,False,1614.3323329725647,True,True,0.7491492372075078,0.6280321335550884,-0.008646862433752567,False,0.729259485786318
WST,170,0.5983283932815296,West Pharmaceutical Services,Health Care,SP500,339.9700012207031,-0.008053014551255955,0.0074080658753576945,-0.024756181100725083,0.08169177620441359,0.3847249316284935,0.3820662768031189,0.6101364522417154,0.9142300194931774,-0.07797270955165692,-0.06985270204884553,0.47412193564385663,False,-0.02090551081829417,False,-0.028705029983925545,0.15871540683588758,0.02955336007088616,-0.00906263321060019,False,229.66720700994873,False,True,0.5992263549135955,0.6171449781101399,-0.00866571681935846,False,0.5335533392144852
KHC,171,0.5981059955825637,Kraft Heinz,Consumer Staples,SP500,24.850000381469727,-0.006794567273526786,-0.017615509127950846,0.011509740295030157,0.11812587526855589,0.047468102551007973,0.6179337231968811,0.6998050682261209,0.4600389863547758,0.05458089668615984,-0.08590581471791492,0.21192226392432456,False,-0.003024094725006976,False,-0.007487428451286582,0.07026805880107068,0.007543912959816046,-0.011221985643812493,False,366.30714634721375,False,True,0.8943431452365544,1.2852727645493267,-0.0009991853746156298,False,1.4080222729888325
ULTA,172,0.5978773036090989,Ulta Beauty,Consumer Discretionary,SP500,564.1199951171875,0.012582811204149058,0.09008694708635256,0.04701278442962842,0.20778467097246311,-0.1272086337253362,0.7797270955165692,0.8771929824561403,0.13255360623781676,0.5087719298245614,-0.20189017108789153,0.2515141322622019,False,0.058859309997079556,True,0.11558966373727486,0.014063263589921826,-0.10361306445780816,0.03350973181272354,False,327.7109147158203,True,True,1.1772920923097454,1.1482024717946813,-0.003661715067010407,False,0.7863044605018445
CDW,173,0.5962465143070766,CDW Corporation,Information Technology,SP500,152.3800048828125,-0.010005154005020778,0.03175572052188791,0.07845269787150233,0.15084144477367567,0.24789969993303385,0.8713450292397661,0.7719298245614035,0.8148148148148148,-0.1734892787524367,-0.08951899493100168,0.5510147534995142,False,0.07664889251246665,True,0.09298524968950361,0.1680823899063839,-0.08507456959361437,0.02739144448554276,False,263.9200756078491,True,True,0.8624804652280437,0.8789237099545417,-0.005912186024785049,False,0.6827996052961389
BKR,174,0.5946033271916473,Baker Hughes,Energy,SP500,63.5,-0.002199864723305023,0.017465152303362652,0.015674976568472276,0.018271346718577774,0.06916450520161432,0.6471734892787524,0.43079922027290446,0.5029239766081871,0.24951267056530213,-0.08214828597113888,0.4502568638305442,False,0.0002599114978936168,True,0.06119479532303074,0.0920996384828503,-0.05766593993179436,0.0020901039998142412,True,484.8349937058029,True,True,0.6711988107333412,0.800903615044791,-0.010056558701861618,False,0.6972329549025174
ALL,175,0.5935838454583948,Allstate,Financials,SP500,259.57000732421875,-0.013454365947433322,0.0002698953758513145,-0.05255963252779938,0.17935979279094405,0.23409669118897947,0.23391812865497075,0.8245614035087719,0.7914230019493177,-0.09551656920077967,-0.05255963252779938,0.3925873485052336,False,0.002906044421470133,True,0.014926932262850245,0.18125060590662923,-0.014707395959598357,0.0008398132785996104,False,422.97793255279544,True,True,0.7806604567866293,0.8364685923069312,-0.010831879231529062,False,0.7619262862164433
XOM,176,0.592209404790515,ExxonMobil,Energy,SP500,159.47000122070312,-0.016891716785372823,0.01761211402329499,0.03657058749433406,0.07058827506439025,0.06865937929562738,0.7407407407407407,0.5769980506822612,0.49902534113060426,0.10526315789473684,-0.057607785108779286,0.5022599965587968,False,-0.010525076613107864,False,0.04715341855563859,0.11459440726974468,-0.045030095609751575,-0.010806574234268007,False,2226.7989153642275,True,True,0.9704957972959448,0.9675681555651098,-0.007336183910684246,False,1.1080558546261157
GRMN,177,0.5915193234227121,Garmin,Consumer Discretionary,SP500,277.0299987792969,-0.0005411425804452419,-0.02861251654074337,-0.08228706641826922,0.17621459285914054,0.1472134065602848,0.13255360623781676,0.8128654970760234,0.6510721247563352,-0.08576998050682261,-0.11537234787426986,0.4993118031681911,False,-0.057204804677904564,False,0.016594007640555297,0.16756593146605736,-0.016323141308956624,-0.018300528314826647,False,255.55018005725097,True,True,0.4194136021313631,0.9661075047668016,-0.0049787319405362185,False,0.7814714035801724
APO,178,0.5873313420537647,Apollo Global Management,Financials,SP500,133.6699981689453,-0.006097161801814521,-0.010145106526217362,0.04878983927477565,0.048462221171123865,0.24011673256408184,0.7855750487329435,0.50682261208577,0.8031189083820662,0.17738791423001948,-0.11361276028944955,0.3439748897133079,False,-0.007177396335826813,False,0.055897805199309314,0.0544883321857379,-0.05293865080888016,8.172407599316145e-05,False,498.97366361047364,True,True,1.19275578023646,0.558255616053403,-0.004312601735183774,False,0.48003944974139545
SW,179,0.5836566301598747,Smurfit Westrock,Materials,SP500,45.83000183105469,0.01259397990852995,-0.05094220413819994,-0.014534113772920243,0.12034678168612367,0.09162716875087007,0.4775828460038986,0.7056530214424951,0.543859649122807,-0.0292397660818714,-0.09768092237067949,0.43915558141672983,False,-0.0439480346732708,False,-0.012753147433088197,0.09944093650388974,0.01291789120413922,-0.017934597313013945,False,234.6276332661209,False,True,0.6358729133897537,0.9182555788170066,0.00022099285464860507,False,0.5294314275168933
PANW,180,0.5817277211293073,Palo Alto Networks,Information Technology,SP500,333.260009765625,0.00397664431677458,-0.10315128757506098,-0.07296442510582546,0.22499549611903435,1.0191457352540518,0.15594541910331383,0.9005847953216374,0.9785575048732943,-0.09941520467836262,-0.1584343187736742,1.3523682789083078,False,-0.08390439300343366,False,-0.045931855589844695,0.42988930046329155,0.04814316027524601,-0.04490654184122245,False,2294.5405622988283,False,True,1.326268708353156,1.3295102572159627,-0.006868707484869452,False,0.8462135090880646
DRI,181,0.5807305554601878,Darden Restaurants,Consumer Discretionary,SP500,216.8800048828125,-0.005320071725548381,0.005796966895582623,0.028159677503825975,0.10354382226710901,0.08434534055556431,0.7115009746588694,0.6569200779727096,0.5321637426900585,0.05458089668615984,-0.04743494439736762,0.31175138254219426,False,-0.013154575780861877,False,0.0360815164613264,0.08959369547918694,-0.03482497842887944,-0.002866232990696216,False,256.9176259361267,True,True,1.1540086698466898,0.8002031974477365,-0.004999066095458082,False,0.47980352892748707
GIS,182,0.5794554880351563,General Mills,Consumer Staples,SP500,38.290000915527344,-0.024707015982571745,-0.0784596481683072,0.061547026323420795,0.17504664191662833,-0.1056610730095523,0.8226120857699805,0.8109161793372319,0.15789473684210525,0.34307992202729043,-0.2042196718124648,0.21084237464697808,False,-0.031000866312291264,False,0.015935452284085994,-0.01571415255982045,-0.015685496798304444,-0.039054385669055836,False,362.5087072954712,True,False,0.9860129248104567,0.9877147761700021,-0.00662247408682648,False,0.8205019453773106
RMD,183,0.5779082409219395,ResMed|,Health Care,SP500,228.35000610351562,-0.0036650653560046376,-0.04984810733684708,0.02582553129738141,0.16815608692370332,-0.09168231903593138,0.7017543859649122,0.7992202729044834,0.18908382066276802,0.25536062378167634,-0.185378766599821,0.25262710127924914,False,-0.00470926213412759,False,0.06295205768186851,0.005166580373750618,-0.0592237977497847,-0.014027498148342699,True,315.8177509630127,True,True,0.7890589655772551,0.844257210440568,-0.014311264646613142,False,0.5676062193174465
VTR,184,0.57653170216256,Ventas,Real Estate,SP500,90.2699966430664,-0.019976158452857162,-0.016773782338296073,-0.021569536604016504,0.1070315432632194,0.07671624481769967,0.4191033138401559,0.6627680311890838,0.5165692007797271,0.11111111111111105,-0.10205910932870133,0.37915680738915447,False,-0.014987449900397465,False,-0.027447718439748803,0.06823515104953826,0.028222357769512207,-0.016712710371868833,False,314.5966636061554,False,True,0.8777001895147145,0.9830514062599349,-0.008576711652291125,False,1.0310121921283038
PYPL,185,0.5734635294476679,PayPal,Financials,SP500,54.959999084472656,-0.030345822361367625,0.026756436792847893,-0.07835811825165706,0.33436056954094906,0.17686535544927295,0.14230019493177387,0.9649122807017544,0.7037037037037037,0.0292397660818714,-0.2700260770223676,0.41874951932654403,False,-0.06463650101722507,False,0.0012636919554007697,0.08348538891168955,-0.0012620970535072162,-0.022937804963108266,False,846.6860836941528,True,True,1.2213134603521383,0.9408794113180909,-0.009791819022363368,False,0.8390150491471635
DLR,186,0.5724991703001797,Digital Realty,Real Estate,SP500,188.38999938964844,0.003195090925858901,0.015743776080912486,-0.02165557863427181,0.015290297820193421,0.08370128695994117,0.4152046783625731,0.4171539961013645,0.530214424951267,0.15009746588693956,-0.06995212105338056,0.2907275920789938,False,-0.015726230984072997,False,0.008768825355439658,0.06132704141869216,-0.008692601451427584,0.0026609274800257765,False,548.1647772365418,True,True,0.7017238914960278,0.9588017311754287,-0.004100266474255876,False,0.6932514191813565
ELV,187,0.5718657374028678,Elevance Health,Health Care,SP500,407.5,-0.017551470178701956,0.03313644389858106,0.04113440560700088,-0.015334371415247405,0.42135174116908214,0.7485380116959064,0.32748538011695905,0.9317738791423001,-0.14814814814814814,-0.04519789160643273,0.4664115200351422,False,0.01992163139462777,True,0.02828891895584329,0.14010790536762174,-0.027510671791123542,0.00953091719480681,False,501.0933164527588,True,True,0.6210080819510998,0.8738520444429,-0.008823963722650152,False,0.8859349902483808
AIZ,188,0.5713700156021714,Assurant,Financials,SP500,285.739990234375,-0.006847176946271349,0.0034062620996784254,-0.032985854706742535,0.11756923003838926,0.2902356690785737,0.341130604288499,0.6978557504873294,0.8460038986354775,-0.20467836257309946,-0.04956400626387936,0.41108358374462384,False,0.010007829368375853,True,0.020896442853767905,0.16993807236829706,-0.02046871942795192,0.0044095041910841015,False,99.85543769970702,True,True,0.6482820885991409,0.7224451991355356,-0.008897840306645977,False,0.9233300317289774
GEV,189,0.5705914329202001,GE Vernova,Industrials,SP500,941.9500122070312,0.0001167771048440347,0.032919215041020244,-0.05833247655503737,0.009448633589766553,0.194837000912798,0.21442495126705652,0.40350877192982454,0.7290448343079922,0.2807017543859649,-0.1982448768776781,0.7221978020506472,False,-0.030896690808541516,False,-0.07233309351422523,0.06366220817142931,0.07797313131309203,0.006148892043899679,False,2558.535405524292,False,True,0.681584720669319,0.9187733151847246,0.00866386319529755,False,0.48569888790077526
AAPL,190,0.5685229054371088,Apple Inc.,Information Technology,SP500,319.9700012207031,-0.025105848234065142,0.0008445073611602627,0.02508224785715618,0.0419924432325649,0.24501295505983545,0.6978557504873294,0.4951267056530214,0.8070175438596491,-0.10916179337231968,-0.058321623101851294,0.4160763128073084,False,0.021811336285262994,True,0.015817227789136412,0.12888477867034331,-0.01557093870475268,-2.7486806326804114e-05,True,16603.329548315367,True,True,0.6660322952675997,0.7710360909974422,0.0003047015816681764,False,0.7255197126199538
WMB,191,0.5668652224167725,Williams Companies,Energy,SP500,74.1500015258789,0.0013504182309242996,0.005696434963010422,0.0333054531563588,0.03804288908842546,0.013399959146974671,0.7251461988304093,0.4756335282651072,0.391812865497076,0.18518518518518517,-0.05922467596743686,0.345683944742851,False,0.010142306907698906,True,0.010600765869668294,0.0658199760091922,-0.010489568410870675,0.00107571401746398,True,529.9025873497467,True,True,1.1782995060801529,1.3935891121731951,-0.0024307940277864537,False,1.0454130966449888
UBER,192,0.564613207295255,Uber,Industrials,SP500,75.76000213623047,-0.002632924574153539,-0.03882260302513918,0.07506741626071123,0.07141851388973852,0.00838553049173485,0.8635477582846004,0.5828460038986355,0.38011695906432746,0.46783625730994155,-0.2431568102789058,0.14892325343102897,False,-0.01722703395914904,False,0.022545702333095496,-0.00736091104241976,-0.02204860113504359,-0.010130125686242053,False,1364.7585707389374,True,False,0.8608523961458494,0.7729561542738519,0.002501348653189961,False,0.7770643133138516
INTC,193,0.5638866954295938,Intel,Information Technology,SP500,95.80000305175781,0.045052961332027186,0.07074999155795192,-0.04017628098309345,-0.0339820024141414,1.2063566810621271,0.2982456140350877,0.27485380116959063,0.9824561403508771,0.16569200779727095,-0.320278122660135,2.97840545495374,False,0.019713065721852274,True,-0.04777805156807857,0.291889524769936,0.05017533112606509,0.04410681851805709,False,10696.675798882829,False,True,0.55992442278975,0.7113413655715669,0.008508768352535112,False,0.9122620675252266
MCK,194,0.5628225815680754,McKesson Corporation,Health Care,SP500,907.989990234375,-0.014532564823935501,0.01742245684360455,0.043121314035546865,0.17184732160580762,-0.010116745809375605,0.7524366471734892,0.8070175438596491,0.3469785575048733,-0.005847953216374324,-0.08610095855987798,0.32610519552341577,False,0.028453020864726453,True,0.07273710798699762,0.07907666873000507,-0.067805156962911,0.007376288859393787,False,853.8750962635498,True,True,0.976292593719311,0.9324247227875814,-0.011102889594452492,False,0.8625781196346405
OMC,195,0.5624571321759497,Omnicom Group,Communication Services,SP500,82.62000274658203,-0.02490263810639748,-0.06411413809446276,0.0013331790995465553,0.10879415986168395,-0.00698884083413831,0.5594541910331384,0.6666666666666666,0.3489278752436647,0.07017543859649122,-0.07105913561209809,0.2537006398531656,False,-0.04473397998720241,False,-0.001008391060921654,0.07162248551923556,0.0010094089398735573,-0.030686964604608624,False,254.06811185897828,False,True,0.8375371213721595,0.9065370415319953,-0.014398691990648804,False,0.8689620211786548
LRCX,196,0.5615642988750414,Lam Research,Information Technology,SP500,307.6499938964844,0.0512198115451461,0.019046042120728135,0.006148428395071903,0.015123730689405868,0.5445076813061343,0.5925925925925926,0.4152046783625731,0.9454191033138402,-0.011695906432748537,-0.29003299233901925,2.004882711784382,False,-0.01634786270695232,False,-0.044220322883049556,0.18018373098497675,0.04626623053593004,0.017647333785931973,False,3402.3992993287966,False,True,0.5773140542354185,0.6820650580888109,0.03693705126538038,True,0.7875932872223723
CMCSA,197,0.5613520101623922,Comcast,Communication Services,SP500,26.489999771118164,-0.006003746705529389,-0.021064290690087306,0.05244337269857402,0.1272430904523123,-0.1487574032679494,0.7992202729044834,0.7270955165692008,0.1111111111111111,0.48538011695906436,-0.16369611875664225,0.20848538681195472,False,0.0034660950384095557,True,0.06708410511966001,0.002419077752375376,-0.06286674573991269,-0.004312296908974389,False,766.3935132463951,True,True,0.7808342980862633,0.6419479931206503,-0.00112565777584539,False,0.5474927527937892
MAS,198,0.5610086860988087,Masco,Industrials,SP500,72.69999694824219,0.017922134025669,-0.00750857408543093,-0.03247893934020274,0.0519926893232876,0.1525046740320719,0.3469785575048733,0.5185185185185185,0.6569200779727096,0.023391812865497075,-0.11781063691291394,0.2520213274750225,False,-0.0065478945388811605,False,-0.041164427483152743,0.053333922105641696,0.04293168574784967,0.006828132896674166,False,179.982935994812,False,True,0.6090127738001069,0.817710293068044,-0.0058806801976079015,False,0.8396072785631682
O,199,0.559148632616549,Realty Income,Real Estate,SP500,61.25,-0.007936534906796022,-0.0074381311723247245,-0.013486506120980457,0.01981524537513213,-0.032832035559459904,0.48148148148148145,0.43664717348927873,0.29434697855750486,0.1286549707602339,-0.06948031604121141,0.14054743623102328,False,-0.012464080488379436,False,-0.025605776086072618,0.01166164967582839,0.026278661611128795,-0.00678319131635563,False,335.0281623913651,False,True,0.575953877203768,0.9955400196930301,-0.006478806527444814,False,0.9564136803870004
SMCI,200,0.5549167820616991,Supermicro,Information Technology,SP500,39.59000015258789,0.04541857061566912,0.06769142927687422,0.34751536022694984,-0.04923149056457887,0.26445227811811756,0.9922027290448343,0.23196881091617932,0.8323586744639376,0.16374269005847952,-0.32532379095615116,0.928397410056623,False,0.06900323557597932,True,0.24863594157115187,0.26210420534297296,-0.19912604890925578,0.05099972294074684,False,1574.7236980219843,True,True,0.7378576206728589,0.7038044904077541,0.007657800995689357,False,1.1052362477464273
UHS,201,0.5545391255917571,Universal Health Services,Health Care,SP500,169.64999389648438,0.0026002432785265928,-0.01054740270720056,0.000762576160853845,0.1716178072032135,-0.1171359144549039,0.5536062378167641,0.8050682261208577,0.13840155945419103,0.4307992202729045,-0.3021998295507572,0.2031552495039961,False,-0.013803688348421939,False,0.04007669267895997,-0.08568093984829228,-0.03853243992587996,-0.0064244492902598704,False,134.49125174676513,True,False,0.7107654920105202,0.7222385351130964,-0.011878787813204839,False,0.5120374769887565
HPE,202,0.5541677633963142,Hewlett Packard Enterprise,Information Technology,SP500,52.0,-0.044819961209769166,-0.005926235235185762,-0.008201417178579251,0.06000274808569084,1.4840711066549712,0.5048732943469786,0.543859649122807,0.9902534113060428,-0.44834307992202727,-0.13072550542825945,1.63756720176541,False,-0.04442504909922129,False,0.03985857441031748,0.5697029625116226,-0.038330764770507786,-0.01681310271760117,False,977.6038915577393,True,True,0.6752955863730584,2.181588123068826,-0.01083762247375275,False,1.5492003174818103
MS,203,0.5514055305691932,Morgan Stanley,Financials,SP500,217.72000122070312,0.0026249474567816566,0.013735609673405591,0.018573105126096445,0.03297551358657813,0.37327610201849537,0.6705653021442495,0.4678362573099415,0.9083820662768031,-0.20662768031189083,-0.0421418057279237,0.5035152451630607,False,0.012408654381311779,True,0.012570155612124045,0.1502536504742884,-0.012414108338523078,0.013363777998290027,False,1078.6450030186768,True,True,0.7076568732215918,0.7318046085125768,-0.006953693526492777,False,0.6194184112036415
ECL,204,0.5513162663126614,Ecolab,Materials,SP500,279.2799987792969,0.001111221841908705,-0.0260505709527572,-0.01474632329706993,0.0855569497517612,-0.0067151718230439306,0.47368421052631576,0.6179337231968811,0.3508771929824561,0.052631578947368474,-0.08937355523101032,0.13962948595893376,False,-0.010659298342948764,False,0.0017029760694984297,0.026879180518580847,-0.0017000808724564331,-0.008798785869891246,True,374.7750950661621,True,True,0.7339571537457249,0.926883666565785,-0.011112327812849987,False,0.7478794276917557
ABT,205,0.551297764960346,Abbott Laboratories,Health Care,SP500,108.33000183105469,-0.004228321358594633,-0.03680981012460738,0.003427220727304059,0.19800867231912278,0.0020729506719887603,0.571150097465887,0.8576998050682261,0.3742690058479532,-0.04678362573099415,-0.188743121842881,0.32149521576744555,False,-0.031847232429952244,False,0.0394857236106847,0.029582943337198575,-0.037985825792325345,-0.019908071196522603,False,1039.8484110899963,True,True,0.6207975067845888,0.7632628753862567,-0.006250577253913092,False,0.6800936784463913
ROK,206,0.5497955314465768,Rockwell Automation,Industrials,SP500,433.80999755859375,0.012912110757118622,0.006846800137692455,-0.01506037369692892,-0.025886323300582825,0.18024140876216221,0.4697855750487329,0.29239766081871343,0.7095516569200779,0.05263157894736842,-0.12105859149362996,0.3171923651674362,False,-0.0011082922797356343,False,-0.04196106691357948,0.037460640083491814,0.0437989161655441,0.010165936869564796,False,386.2484985770874,False,True,0.6147296479838857,0.9339743816358516,-0.00039696793737498126,False,0.6248444638522254
KEY,207,0.54794692209977,KeyCorp,Financials,SP500,22.18000030517578,0.002712453149457561,0.022018373941911085,-0.011808290923330245,0.029063522485545112,0.13868267488358788,0.49317738791423,0.45419103313840153,0.6413255360623782,0.031189083820662766,-0.06659339854902158,0.3761848131606762,False,0.004716297678242665,True,-0.014908965205117974,0.05587720248562622,0.015134606527225536,0.01421036052693303,False,227.29570920409392,False,True,0.9216343073401579,1.0262701056993266,-0.004520812733983304,False,0.956917609209051
META,208,0.5474843882918866,Meta Platforms,Communication Services,SP500,616.77001953125,0.0099725337795733,0.06703920053050183,0.04555008307361397,0.04104828038648711,-0.04185369029352004,0.7777777777777778,0.49122807017543857,0.26900584795321636,0.2553606237816764,-0.20693180074643758,0.17427853608539734,False,0.06914601634487294,True,0.035732534656286674,-0.007780895835720281,-0.03449977041432295,0.046003518098856055,False,10743.032620191285,True,False,0.6948377411215979,0.9032103032708108,0.002734628496406044,False,0.8833481936760321
TROW,209,0.5473985572759906,T. Rowe Price,Financials,SP500,109.77999877929688,-0.009920621404842067,-0.013124767282543859,-0.03379690084896314,0.04818642734345402,0.24725484616225413,0.33528265107212474,0.5048732943469786,0.8109161793372319,-0.08187134502923976,-0.09779751393847369,0.2889809656721354,False,-0.01504175585247558,False,-0.04101501199092794,0.07512051324326308,0.04276919086718789,-0.008294544879530852,False,212.78856086468505,False,True,0.5584484646689324,0.7433005143910882,-0.011002828476991078,False,0.5285799986526183
DVA,210,0.5468774676417072,DaVita,Health Care,SP500,183.99000549316406,0.012826168579125108,0.018319752886654328,0.018376085447868284,-0.04251664245027431,0.22041663701985192,0.6686159844054581,0.2475633528265107,0.7719298245614035,0.07797270955165692,-0.2364292813468971,0.7713488074324566,False,0.029372298034830324,True,-0.11663964508403235,0.12134123078534165,0.13204084203566957,0.021403746688518854,False,173.4858608955078,False,True,0.5103440156374224,0.6959337839649197,-0.0037983178877925017,False,0.56138230170299
VLTO,211,0.5452283677229603,Veralto,Industrials,SP500,96.30999755859375,-0.016040046371879058,-0.022828734331718947,-0.01744541055943416,0.12088284433230467,0.0240429205000372,0.44639376218323584,0.7115009746588694,0.40545808966861596,-0.013645224171539905,-0.11252617119457065,0.17295352449771828,False,-0.01669306387589753,False,0.01219808501946762,0.03290041461415827,-0.012051084861747219,-0.01367382973367759,False,166.3276249033661,True,True,0.7644481681149828,1.1051601407269678,-0.006640722463462034,False,0.7559439069669928
DIS,212,0.5447616377320774,Walt Disney Company (The),Communication Services,SP500,105.30999755859375,-0.017263960809006274,-0.02580944454125278,0.006018315357100956,0.0642556108574921,0.04507509815945032,0.5886939571150097,0.5633528265107213,0.44639376218323584,0.28849902534113064,-0.10101897427320516,0.14820315734423462,False,-0.011957672663632013,False,0.04082062208519521,0.019518612874812158,-0.03921965151249074,-0.015968966206221236,False,1007.8825388287964,True,True,1.0260543392894237,0.7108001756336774,-0.006252386855570391,False,0.6011403318016502
WSM,213,0.5437938453439536,"Williams-Sonoma, Inc.",Consumer Discretionary,SP500,227.4199981689453,0.02091939206779947,-0.032625795603490326,-0.07886103636775921,0.11317852558824071,0.22822488414673048,0.14035087719298245,0.6764132553606238,0.7777777777777778,-0.2787524366471734,-0.09675113483380715,0.3530558467689955,False,-0.03914079847433771,False,-0.0221283947368901,0.11850106670207139,0.02262914130831728,-0.006497736034926427,False,240.75186771292115,False,True,0.589684157067888,1.2673213733374575,-0.0035912543216739534,False,0.9904425932494224
CSX,214,0.5437505483648237,CSX Corporation,Industrials,SP500,49.40999984741211,0.00857314052981395,-0.033828696966830774,-0.022775880883774913,0.05437885754889682,0.24398358724039815,0.3996101364522417,0.530214424951267,0.8050682261208577,-0.15399610136452246,-0.06922289717702046,0.5614700985763867,False,-0.01789842211297188,False,-0.012127137957975709,0.15122777519400432,0.012276010834944673,-0.008149957041977185,False,584.3238558413773,False,True,0.682260183686385,0.948710982128853,-0.0016330236438806267,False,0.6658510143660326
PSKY,215,0.5430000038147118,Paramount Skydance Corporation,Communication Services,SP500,10.859999656677246,-0.016304375525157955,-0.0018382773486487203,0.19867540327737632,0.06772121099606476,-0.08519321382947431,0.9688109161793372,0.5692007797270955,0.1968810916179337,0.5146198830409356,-0.4419382860866221,0.39052493421814605,False,0.04433114060845478,True,0.1355081167421286,-0.0073205858768746745,-0.11933698645053559,0.009074953058747504,False,100.51650456649875,True,False,0.8332297178352279,0.9611828835561502,-0.007246369925949403,False,0.7965551747161247
ZBH,216,0.5422025383092435,Zimmer Biomet,Health Care,SP500,98.06999969482422,-0.008592786998129376,-0.02814392888929751,0.009054400980682109,0.12596584392224996,0.04768477562229512,0.6101364522417154,0.7212475633528265,0.4619883040935672,-0.09551656920077978,-0.06269074527653185,0.23561936109802994,False,-0.01441148869775366,False,0.0330900562222034,0.0772089518839747,-0.032030175900837565,-0.012977270187557233,True,206.8335171374359,True,True,0.6600584651237732,0.611228248397635,-0.011625571645430322,False,0.6033714117615986
TSCO,217,0.5413468984485568,Tractor Supply,Consumer Discretionary,SP500,34.9900016784668,0.01127176940881669,0.007776510606879672,0.03349162129197447,0.18306676960201584,-0.2919103058395509,0.7270955165692008,0.8362573099415205,0.03898635477582846,0.33333333333333337,-0.40880376791103534,0.20905046026047702,False,-0.0011084608624714054,False,0.07421243239977682,-0.15236629931187573,-0.06908543427856939,0.004031900831749757,False,348.5200203895607,True,False,0.725015730171238,0.7170400803006606,-0.007225433844657125,False,0.6046302039060509
ASML,218,0.5402263268521379,ASML Holding,Information Technology,NDX,1714.8800048828125,0.04172669371183524,0.011036677156574193,0.006166507152634004,0.04590119703571305,0.3311017068877087,0.594541910331384,0.5029239766081871,0.8830409356725146,-0.15594541910331383,-0.13689386169286877,1.2082323134516986,False,-0.021534311740956547,False,-0.020349999341707004,0.16106976048861865,0.020772724266863163,0.007177555944486658,False,2887.035573002441,False,True,0.5724634669261572,0.7055836208611762,0.019772960585775046,False,0.7732036080835086
BR,219,0.5375792983219082,Broadridge Financial Solutions,Industrials,SP500,172.8800048828125,-0.03370408951913706,-0.05279450711198508,0.0558106533226006,0.157152842830816,-0.10561615852871542,0.8031189083820662,0.7797270955165692,0.15984405458089668,0.18128654970760227,-0.30605511238030303,0.2842942418038825,False,-0.018491096035041954,False,0.07985971239694822,-0.010176183677721107,-0.07395378444083711,-0.027542848680800813,False,198.72424380706786,True,False,0.8604239304148554,0.8469237364055833,-0.016768207135392066,False,0.993342760450595
ETR,220,0.5359326779658431,Entergy,Utilities,SP500,107.2699966430664,-0.004731881072617239,0.014373490714576054,0.013337918068495602,-0.02555212745305757,0.03628728287861316,0.6276803118908382,0.29434697855750486,0.4191033138401559,0.09941520467836257,-0.08051845336902419,0.2661709721147951,False,0.004367505354418544,True,-0.02371173261732673,0.026888201709003523,0.02428763451280158,0.0031295210659647577,False,279.27621517846677,False,True,0.706520021010194,1.1329025703000695,-0.007979222676673059,False,1.100838509023189
UNP,221,0.5342088096954716,Union Pacific Corporation,Industrials,SP500,289.6199951171875,0.001625458172658245,-0.053498466092465335,-0.014950123008392269,0.0684636163511072,0.15098069214676757,0.47173489278752434,0.571150097465887,0.6549707602339181,-0.0935672514619883,-0.06327982959873191,0.3760363298131093,False,-0.029227512832311398,False,-0.009374520012972454,0.12350827526795283,0.009463233282769101,-0.019820223652743385,False,807.4897816567383,False,True,0.738207368320219,0.867298564457344,-0.007020573481400838,False,0.45762529961005977
DHR,222,0.5334006629969138,Danaher Corporation,Health Care,SP500,207.66000366210938,-0.015969270419756598,-0.03892258701824336,0.03840388088133517,0.1290874458311302,0.06667206957270899,0.7446393762183235,0.732943469785575,0.48927875243664715,-0.033138401559454245,-0.13846569323436442,0.2852252051805624,False,-0.012245832432193904,False,0.02991956488549663,0.026665640046742656,-0.029050389861098425,-0.0149118924676922,False,937.730093624054,True,True,0.7808398641503527,0.633541550756158,-0.01819644770934503,False,0.6026539147446732
BRO,223,0.5324471757781059,Brown & Brown,Financials,SP500,71.41999816894531,-0.015711127728854524,-0.025780922828947506,0.005694467766282907,0.21619661067551665,-0.023194783338940206,0.5867446393762183,0.8888888888888888,0.31773879142300193,-0.021442495126705707,-0.24853257271150375,0.3163908424882156,False,-0.0055138580111474544,False,0.021283570771144955,0.03315013003821021,-0.02084002071537705,-0.00973828764137008,True,161.61472547515106,True,True,0.6801121527483124,0.6887615237567339,-0.013368264241186423,False,0.5782985782272305
INTU,224,0.5299296567140835,Intuit,Information Technology,SP500,332.70001220703125,-0.03369147835379149,-0.07082607809997687,0.03351871150996444,0.12607408865729108,-0.30335130158416945,0.7290448343079922,0.723196881091618,0.03313840155945419,0.6705653021442495,-0.5208056050098935,0.3101256676637296,False,-0.04811901962435727,False,0.054539333839094484,-0.21660449252027258,-0.05171863399399401,-0.038747397461954214,False,1343.574822767273,True,False,0.7168238436824881,0.7513484672325375,-0.008539072162773609,False,0.8215579327421991
MRSH,225,0.5296811282391672,Marsh McLennan,Financials,SP500,185.74000549316406,-0.014432776842849271,-0.03581807474224452,-0.039060417275674886,0.1290543752437674,0.025518289711140785,0.3060428849902534,0.7309941520467836,0.4074074074074074,-0.0935672514619883,-0.08846947668301675,0.18733002306058277,False,-0.02056525340796156,False,0.006282358184276138,0.05266322613976904,-0.006243136564186513,-0.016411181101946393,False,441.2560232079468,True,True,0.5890317702443221,0.9031995948887237,-0.010187909154908747,False,0.5851032027051266
VST,226,0.5286101478963772,Vistra Corp.,Utilities,SP500,149.3000030517578,0.03522397578738512,0.08906562871132295,0.05601922404451787,0.0050355908750869816,-0.05633131641083344,0.8050682261208577,0.3898635477582846,0.2553606237816764,0.2651072124756335,-0.3120329762082634,0.10985878077030087,False,0.0523236978356989,True,-0.002286769807575806,-0.05193761280185838,0.002292011109379377,0.04818944849618423,False,645.2224341664734,False,False,0.6353751968046526,1.0201776816533201,-0.0024268901716344438,False,1.0652090836450383
TRMB,227,0.5278418649363134,Trimble Inc.,Information Technology,SP500,59.470001220703125,-0.010482483684076005,-0.02524171682015186,0.01571309983997815,0.09743500143570305,-0.1513984065800913,0.6491228070175439,0.6413255360623782,0.10916179337231968,0.48343079922027293,-0.28795493760786495,0.21690203643328676,False,0.00825664366029022,True,0.06082392098814915,-0.08238334460974561,-0.05733649080187797,-0.0030048872489121248,False,183.56824082684327,True,False,0.9172216954438843,2.345908091963518,-0.014808642466632826,False,0.8426470660816433
KVUE,228,0.5277159794463328,Kenvue,Consumer Staples,SP500,18.739999771118164,-0.011081846087942604,-0.022430897415985362,-0.012049783448795148,0.06995405750587191,0.042806606777444856,0.48927875243664715,0.5750487329434698,0.43664717348927873,-0.05847953216374269,-0.0444333809050399,0.39204771622459167,False,-0.015110287365525998,False,-0.015940883969353448,0.06499315936422345,0.01619911213632519,-0.012394747409946727,False,385.2068984888535,False,True,0.778105688061352,1.1262538741553363,-0.005277064772751694,False,1.3245673287859323
HAL,229,0.5252226838023522,Halliburton,Energy,SP500,37.06999969482422,-0.005899737605303157,0.029354306107150174,0.1455565127717633,-0.04946301390658803,0.09839879165347498,0.9415204678362573,0.2300194931773879,0.557504873294347,0.1871345029239766,-0.12981670205541274,0.7388780053810735,False,0.05781757307544533,True,0.09209728979446918,0.07500334048334367,-0.08433066417718305,0.019894355099205896,False,383.7810075298538,True,True,1.0586331980847308,1.0736438615271904,-0.010458551356217427,False,1.107437403793196
AME,230,0.5252121933448538,Ametek,Industrials,SP500,237.72000122070312,0.015029907422410727,0.006222227389219626,-0.05434005647536422,0.05087799935163373,0.07421568837686476,0.22612085769980506,0.5146198830409356,0.5107212475633528,0.056530214424951264,-0.08045794784506488,0.3321397058867541,False,-0.02684247167197218,False,-0.015065695564408399,0.053732949973348765,0.01529614259200951,0.0010661462077041772,False,293.38441906933593,False,True,0.9004175583058133,1.2775574391486246,0.0,False,1.2842867348105766
KEYS,231,0.5238635019817428,Keysight Technologies,Information Technology,SP500,327.2099914550781,0.014227253137931939,0.02262709068585811,-0.028935185918948503,-0.00794347155762154,0.20107917722734192,0.3645224171539961,0.3469785575048733,0.746588693957115,0.19883040935672514,-0.12356030785692362,1.0516018570775127,False,-0.01015530852764801,False,0.0033490694501441265,0.13412407343439092,-0.0033378906226319005,0.011038195072504031,False,465.21831054486086,True,True,0.8310188674377056,0.6133772467678077,0.010786718241267312,False,0.42133932769321936
LYV,232,0.5207302884303605,Live Nation Entertainment,Communication Services,SP500,173.5,-0.022480169979586462,-0.04486646942101613,-0.04549707915539658,0.08390074380754586,0.1112534078905909,0.26120857699805067,0.6120857699805068,0.5847953216374269,0.02729044834307992,-0.07938027263567116,0.3812594471534603,False,-0.04777324683053075,False,-0.04444251081585904,0.08139372798407374,0.046509510227170425,-0.0300701298854813,False,368.97744997695924,False,True,0.9966699359943344,0.8470798038341507,0.004000177097889912,False,0.9492609492609493
AES,233,0.5201620871051297,AES Corporation,Utilities,SP500,14.789999961853027,0.0006766054846081282,0.00407334836940465,0.006122459439160455,0.020272036771910695,0.07080856048129514,0.5906432748538012,0.43859649122807015,0.5087719298245614,-0.001949317738791423,-0.12315169080268251,0.2411078198303056,False,0.0030178742776225675,True,0.009067061964764145,0.03396072648225834,-0.008985589071859534,0.0016047203750038097,False,113.55989006563568,True,True,0.7000527964458666,0.9789477105267638,0.0006766054846081282,False,0.5543234702378186
ACN,234,0.5194353845038777,Accenture,Information Technology,SP500,186.72000122070312,-0.03313998580313127,-0.015241808872662688,0.0912278683576091,0.0601130711547444,-0.11363886588720407,0.8888888888888888,0.5458089668615984,0.14619883040935672,0.21832358674463936,-0.3395450983270689,0.5185242636134897,False,0.01935308856780571,True,0.15650029312466351,-0.06615426501482669,-0.13532231168037745,-0.0034417507615762677,True,1119.7908317988586,True,False,0.5871971934863804,0.5817251313787303,-0.005799477762558292,False,0.6769699169287846
EXE,235,0.5190357934409845,Expand Energy,Energy,SP500,97.91000366210938,-0.011509332201158462,-0.00254686217067146,0.0710988936514576,0.0698191889646047,-0.07250134590460144,0.8518518518518519,0.5730994152046783,0.23196881091617932,0.35477582846003897,-0.1892339423653231,0.13281488954506226,False,0.011597258979322289,True,0.05872691958345344,-0.020184524727458464,-0.05546937411070918,-0.0012824797323343073,True,310.2997224308624,True,False,0.911430551899185,0.6022279992160918,0.004543129069940921,False,0.5596038699935032
EQT,236,0.5165070209771003,EQT Corporation,Energy,SP500,55.16999816894531,-0.007912289814367424,0.010995024326122538,0.06918604264328954,0.02963801624968143,-0.10427706702733863,0.8440545808966862,0.4600389863547758,0.1617933723196881,0.32943469785575047,-0.1829972861639555,0.1347906847332605,False,0.015433001384378198,True,0.0492714246570809,-0.012225738418663146,-0.04695774944331821,0.0040148010346607865,True,368.9209426480179,True,False,0.7585617556178198,0.8344133465154705,-0.0026973839998660765,False,0.7390170443554251
DOC,237,0.5164181381917503,Healthpeak Properties,Real Estate,SP500,20.649999618530273,-0.018069474831569732,-0.014790051502055368,-0.01650187591925767,0.05859278024573644,0.2333051431899047,0.45614035087719296,0.5380116959064327,0.7894736842105263,-0.09746588693957114,-0.09063048142324848,0.36699964923950135,False,-0.014181892325938139,False,-0.03678432496350281,0.1348304081447329,0.03818908466383597,-0.015496647833459387,False,121.45639823483276,False,True,0.8073310120861968,0.8201866042197034,-0.004279607686605624,False,0.5539014919443955
CASY,238,0.5157333974204918,Casey's,Consumer Staples,SP500,756.0900268554688,-0.0030721184926419953,0.0008207555248909149,-0.09169644845362379,-0.0068945419912809225,0.1393047468321833,0.11695906432748537,0.3508771929824561,0.645224171539961,0.08576998050682261,-0.17420768887153015,0.5005193406076145,False,-0.06892517120699382,False,-0.08510526978529753,0.0410680502623848,0.0930219258835665,-0.022733115166099327,False,311.1359022225342,False,True,0.6654668680312337,1.0568113685849225,-0.009440644109952823,False,1.0488225336363495
CTAS,239,0.5154778117287129,Cintas,Industrials,SP500,200.47000122070312,-0.0028848635774721965,-0.018170200745228016,-0.005734545088811438,0.1175466104394558,-0.01017997122304759,0.5243664717348928,0.695906432748538,0.34502923976608185,-0.14035087719298245,-0.07176483280783041,0.23226700702667835,False,-0.00893221020028645,False,0.0179587704166988,0.07798190387015547,-0.01764194281596254,-0.005353055473306445,False,424.38662664328,True,True,0.5100845305678785,0.7390502809907525,-0.013976610375232679,False,0.6140468326936237
NEE,240,0.5151791197933953,NextEra Energy,Utilities,SP500,83.43000030517578,-0.0074946142245463365,0.019428201838139758,-0.006413907123506535,-0.02076671737449276,-0.06973125547106218,0.5185185185185185,0.3079922027290448,0.23976608187134502,0.1871345029239766,-0.13492985474310026,0.23015177253951635,False,-0.006943660941438057,False,-0.029679263128682187,-0.03592027731692493,0.030587064669337583,0.0007095020022305221,False,934.8884034162597,False,False,0.5673778602540518,1.1075844734936404,-0.004282662631540313,False,0.9849138999728642
BXP,241,0.5151251416211762,"BXP, Inc.",Real Estate,SP500,67.69000244140625,-0.007914420181139636,-0.02351409781583813,-0.016276633584150213,0.09744779237974321,0.3097959919102722,0.4619883040935672,0.6432748538011696,0.8693957115009746,-0.14814814814814814,-0.10420450992145769,0.3482519025521884,False,-0.009148756961222304,False,-0.013310305920753773,0.08132207541545133,0.013489860085317495,-0.007722600792665402,False,91.01903620057678,False,True,1.0222357091104766,0.8641846402484145,-0.006302217265420684,False,0.6390556077807505
BKNG,242,0.5128475679304807,Booking Holdings,Consumer Discretionary,SP500,193.2899932861328,-0.009429670223114694,-0.060010753798854344,-0.06798787861040612,0.1655209693342865,0.06460224530846315,0.17738791423001948,0.7953216374269005,0.4834307992202729,-0.09161793372319693,-0.127515397765949,0.257223840962852,False,-0.06531302830785346,False,-0.004943143453890797,0.04289973715276618,0.004967699505180612,-0.033540246204936564,False,1162.7894674811707,False,True,0.710619231166559,0.9609514245431087,-0.005842255732700252,False,1.0352249367327049
PNC,243,0.5118298028175462,PNC Financial Services,Financials,SP500,245.60000610351562,0.0017130819817332554,0.013954276549329014,-0.02832722170804869,0.08402191852709828,0.21026489269487825,0.3664717348927875,0.6140350877192983,0.7563352826510721,-0.14814814814814814,-0.04424639087510529,0.40928716029062984,False,-0.006112626659432796,False,-0.013109240741209116,0.10556761604593823,0.013283375711264034,0.007766611221186492,False,428.82695114489746,False,True,0.8740990406338661,0.7819718675621374,-0.0037931018172883135,False,0.6187450167709472
NSC,244,0.5105192585726112,Norfolk Southern,Industrials,SP500,329.4599914550781,0.004972104290567048,-0.05512217971902611,-0.03415318928432243,0.055236524792192876,0.09693202325640238,0.3313840155945419,0.5321637426900585,0.5555555555555556,-0.06237816764132553,-0.06663272366479978,0.23097016674019288,False,-0.03326190412376817,False,-0.014790706232224227,0.07396182514712546,0.015012755488389207,-0.021508741007353782,False,382.53326353332517,False,True,0.755900365201192,1.011081303806568,-0.006131163500517012,False,0.6133823806565547
GWW,245,0.50888217499609,W. W. Grainger,Industrials,SP500,1324.489990234375,0.008873910543074626,0.013924780468750786,0.03469307340086458,0.02082026169156337,0.19497876891070276,0.7309941520467836,0.442495126705653,0.7309941520467836,-0.19493177387914234,-0.05346066891132928,0.4509949844074723,False,0.010025983015136353,True,-0.009984916292816837,0.12848529778331375,0.01008562036795202,0.009849971230278198,False,361.12085013671873,False,True,0.8099398387745488,0.9152225796409671,-0.00013705527353635727,False,0.6435327526618188
EW,246,0.5083925567343015,Edwards Lifesciences,Health Care,SP500,89.9000015258789,0.0013366311897267114,-0.0034363990881262074,0.006493527015633216,0.04583530110946632,0.1011759210923977,0.5964912280701754,0.5009746588693957,0.5653021442495126,-0.05653021442495121,-0.05547382603874351,0.237439774779018,False,-0.012570758738717158,False,0.0029363118645038266,0.05829699626321583,-0.002927715179685819,-0.005000509938901443,False,370.44848771676635,True,True,0.7532468055622786,0.6561018829325919,0.004789488873048864,False,0.6276843252554277
PKG,247,0.5082584696139132,Packaging Corporation of America,Materials,SP500,237.25,0.011425129352010455,-0.01306210490295312,-0.061325420375865525,0.07180501666878292,0.07955461717697077,0.20662768031189083,0.5867446393762183,0.5224171539961013,-0.11695906432748537,-0.07839021578653749,0.2609336108805247,False,-0.03833486310362899,False,-0.020830612633973455,0.07067689246745612,0.02127375804712206,-0.005066515813337502,False,148.83695490689087,False,True,0.5949898602808863,0.9772966715658858,-0.0011084527326872262,False,0.8652472088273486
PGR,248,0.5078892055099697,Progressive Corporation,Financials,SP500,218.9499969482422,-0.021977032546813047,0.0014178446737063144,0.016764189986736566,0.07365563962432442,0.04064844482997976,0.6588693957115009,0.594541910331384,0.42884990253411304,-0.033138401559454134,-0.06623165754976568,0.15045818746259276,False,0.011846851390228785,True,0.0066735214806357135,0.05040208131407509,-0.006629280832598172,-0.004377724610164724,False,587.7228276849976,True,True,0.8280003834011157,0.7495172975749739,-0.009603760858434507,False,0.7024422683330193
RF,249,0.5078153908362993,Regions Financial Corporation,Financials,SP500,30.420000076293945,-0.0006570452500910262,0.013139435903951169,-0.021072951323534928,0.07668251293952522,0.14726772902027152,0.4249512670565302,0.6062378167641326,0.6530214424951267,-0.10916179337231968,-0.051588926986664174,0.35545664488458106,False,-0.0034659286921621124,False,-0.005882743305842597,0.09000397467907884,0.005917554761502686,0.008701348852736102,False,266.33825626932145,False,True,0.8589645344006859,0.8081944012978496,-0.005584759307206366,False,0.7112341950807927
FOX,250,0.5072897235478346,Fox Corporation (Class B),Communication Services,SP500,58.41999816894531,-0.033901157770374835,-0.04258938605934004,0.060292911638057056,-0.01956553707484099,0.08098722829474325,0.8206627680311891,0.3138401559454191,0.5282651072124757,0.009746588693957114,-0.12892665362541011,0.32255949247824045,False,-0.02094262676082914,False,0.08098145831857195,0.0326976036872062,-0.07491475241817347,-0.023658468407817823,False,70.76960005660248,True,True,0.7623819894151264,0.9678851407530585,-0.005622625198021036,False,0.7618930359634619
PG,251,0.5070255547544662,Procter & Gamble,Consumer Staples,SP500,146.44000244140625,-0.003267055087947335,0.01850051248221596,-0.003606169795841385,0.006777561150109301,-0.03245396739974771,0.5419103313840156,0.39571150097465885,0.2962962962962963,0.04678362573099415,-0.11098014680312562,0.0844644749477208,False,0.010143529999298906,True,0.0009459406451317598,0.004158486793265359,-0.0009450466870588592,0.003893132011848044,False,1308.7568203948974,True,True,0.5644856568901199,0.8875948130616758,-0.003062870636063697,False,0.6165444691607506
GS,252,0.5067644377305517,Goldman Sachs,Financials,SP500,1038.6099853515625,0.0006550842594779116,0.009387646199272792,0.010766045892995457,0.004829819600994156,0.2762003358535221,0.6140350877192983,0.38791423001949316,0.8362573099415205,-0.27485380116959063,-0.09406831094491341,0.4346021093219201,False,0.009244158856582363,True,-0.00038951157711675233,0.10584755650334521,0.00038966335550494335,0.011166933856294081,False,2037.217486939575,False,True,0.6157467582494917,0.8682648488085112,-0.006590124128470376,False,0.7257262595083345
HCA,253,0.5042749567983886,HCA Healthcare,Health Care,SP500,405.0,-0.010263959144034218,-0.030683086256017233,-0.009513596588515694,0.09051054080318055,-0.23722281659640887,0.5029239766081871,0.6257309941520468,0.04678362573099415,0.4113060428849903,-0.2544616719400803,0.12313646528159605,False,-0.022011974631755304,False,0.005256126134398409,-0.10191551555100242,-0.005228643723475979,-0.016230806300883915,False,590.833234600708,True,False,0.7265422073898034,0.8715894047811,-0.011974643860917955,False,0.6564816154057236
VRT,254,0.5040807879668731,Vertiv,Industrials,SP500,280.5299987792969,0.043521975938075386,0.09121679411804151,0.019478813424451014,-0.06629281434838818,0.16078723195630018,0.6744639376218323,0.1793372319688109,0.6861598440545809,0.15009746588693956,-0.2542105382719415,1.3053606101361281,False,0.039891607186075095,True,-0.007667560724869071,0.09008718504713897,0.00772680648278512,0.0544325780591397,False,1563.129443707611,False,True,0.6513104721488926,0.6732148832241035,0.01902697246379592,False,0.5838224909407764
IT,255,0.5033733496602998,Gartner,Information Technology,SP500,186.4199981689453,-0.04624991422493652,-0.06033570874302696,0.008657021866251613,0.13656867036337061,0.10307691224227988,0.6081871345029239,0.746588693957115,0.5692007797270955,-0.11890838206627674,-0.2941042797757861,0.48270097185728633,False,-0.02171005288483574,False,0.13734810167914757,0.04973810417782776,-0.12076171004846359,-0.02719663234161862,False,224.8744220574341,True,True,0.6571994579357995,0.6320290166278834,-0.014222930229177644,False,0.6078505766434773
CPRT,256,0.5021976554781169,Copart,Industrials,SP500,33.720001220703125,0.004169129899181945,0.02212790254911723,0.1623578405605146,0.08914735845760058,-0.10651829038092897,0.9590643274853801,0.6237816764132553,0.15594541910331383,0.5341130604288499,-0.3104294444069129,0.24107475620230523,False,0.047042415805772064,True,0.12091378206009518,-0.021141795364117644,-0.10787072475625303,0.022601805531894836,False,351.84467302388384,True,False,1.1456515274668297,0.6266436664832536,-0.007444907277187829,False,0.5606217524881637
MMM,257,0.5003622068870807,3M,Industrials,SP500,168.55999755859375,0.0014853544271069552,-0.03315360158718017,-0.06315157165909069,0.10105288652976041,0.10927228993285576,0.1968810916179337,0.6510721247563352,0.580896686159844,-0.23976608187134507,-0.07880134869828004,0.20519440053493665,False,-0.04887857927544981,False,-0.014343062322642375,0.05684846390660714,0.01455177940150354,-0.021079973773266647,False,553.7305553016052,False,True,0.4932798410688711,0.8054074591257966,-0.002614238297122373,False,0.6699593810945298
BG,258,0.49945754797953784,Bunge Global,Consumer Staples,SP500,118.70999908447266,-0.011738291956952973,0.027970173481512317,0.09594952008581892,-0.05536536181143825,0.03005748294845545,0.8966861598440545,0.20857699805068225,0.41130604288499023,0.11695906432748537,-0.09094825093113268,0.5783642102014936,False,0.03575720389062642,True,0.04938581968406708,0.05117549054682424,-0.04706164192206763,0.00913747391920583,True,160.31631538485718,True,True,0.9527113762934435,1.2196850437812674,-0.0006660158943174732,False,0.8160980373363116
ED,259,0.4991340604174058,Consolidated Edison,Utilities,SP500,107.29000091552734,-0.013425278937679641,-0.001860609844793748,-0.007159707559788675,0.01797427338740687,-0.028535575605890928,0.5107212475633528,0.42884990253411304,0.3060428849902534,0.009746588693957114,-0.05529171306163094,0.15986712435457728,False,-0.0014344897642227794,False,-0.01633043759058328,0.015066082426299365,0.016601548136330635,-0.0032806142074927047,False,239.35222838427734,False,True,0.7629380634758341,1.0466495021531592,-0.006068999191810365,False,1.001532865084994
CCEP,260,0.4978692927142819,Coca-Cola Europacific Partners,Consumer Staples,NDX,105.76000213623047,-0.031058170794845852,-0.030614082352007355,-0.023002289734591508,0.11631839266354049,0.06655103661573825,0.3937621832358674,0.6920077972709552,0.4873294346978557,-0.08382066276803113,-0.053262886017418465,0.25967473322666845,False,-0.017570566167743107,False,-0.010410502854903969,0.08921004326733661,0.010520021569486726,-0.018767031348166707,False,197.52563274136352,False,True,0.8771359250860337,0.8014683919117234,-0.014383872403812892,False,1.239738704409363
ETN,261,0.49777316197647853,Eaton Corporation,Industrials,SP500,410.8500061035156,0.034573960402765724,0.020035769771777234,-0.08105748402159829,0.040210259073354626,0.1913351589684813,0.13450292397660818,0.4853801169590643,0.7251461988304093,-0.04873294346978557,-0.10677012406275521,0.31178144973871524,False,-0.029008035260307596,False,-0.009380496983095066,0.08338409314064887,0.00946932394781963,0.012994536047217231,False,896.0540895786743,False,True,0.695616719283166,0.8446075790147317,0.009518530483919374,False,0.8687109592643194
FOXA,262,0.4975393201420599,Fox Corporation (Class A),Communication Services,SP500,65.41999816894531,-0.033820719930455434,-0.0396225569804558,0.06342490650557497,-0.01765549198851346,0.0991807608723938,0.8323586744639376,0.31773879142300193,0.5594541910331384,-0.01364522417153996,-0.13242205945306773,0.346772372124845,False,-0.02318754103061904,False,0.08201957687800676,0.03767614335325531,-0.0758023039792507,-0.02355728104118615,False,332.3779190724716,True,True,0.7349719413739303,0.8857223090790656,-0.0094520661394486,False,0.8557997779853448
MTB,263,0.4974878215325223,M&T Bank,Financials,SP500,239.83999633789062,-0.0009164426515892998,0.01726900443813073,-0.03498936613887116,0.08518141918080446,0.15496964578755068,0.3255360623781676,0.6159844054580896,0.6627680311890838,-0.16959064327485385,-0.04999114248415759,0.3811367633599376,False,-0.010471492493717927,False,-0.014656500553986707,0.10099197312147834,0.014874508800460928,0.007563030616634991,False,254.24097565646363,False,True,0.8889852974632664,0.9778370711782394,-0.0065816956057789255,False,0.6428165793307262
CI,264,0.49744204499071115,Cigna,Health Care,SP500,282.5199890136719,-0.013065117810256655,0.01305215170370122,0.0264123124929041,-0.024043186778049952,0.046119186158198655,0.7056530214424951,0.2962962962962963,0.4502923976608187,0.0,-0.07611657023602425,0.17559740273346014,False,0.012366077086714,True,-0.003295104748297417,0.01673368271507636,0.0033059983591885445,0.00387582907271522,False,481.34443025201415,False,True,0.6802318283058049,0.8322427301270577,-0.011178691042633804,False,0.7065100736478253
HBAN,265,0.49700716784350524,Huntington Bancshares,Financials,SP500,17.030000686645508,-0.0017584279153561866,0.006501218076569781,-0.019009211526713865,0.04018044842292867,0.06429244823648905,0.43664717348927873,0.48148148148148145,0.48148148148148145,-0.011695906432748537,-0.0991900138158921,0.15511382501884463,False,-0.011665001311101486,False,-0.027679419368705105,0.01402919362294619,0.02846737991572046,0.004905818832291908,False,399.84398671622847,False,True,0.7457015650777639,0.8822967847552181,-0.0058616872567529565,False,0.5748843199162588
AXP,266,0.49089943275235276,American Express,Financials,SP500,326.1600036621094,-0.011096972836191599,-0.02112847625151837,-0.04798599576334783,0.05276776790038773,0.08998918436000314,0.2475633528265107,0.5224171539961013,0.5399610136452242,-0.013645224171540016,-0.14568946760160373,0.12254680774635895,False,-0.02766079565633861,False,-0.04454605698252223,-0.028663360304409524,0.04662292443091354,-0.013341020791743596,False,949.2310761584473,False,False,0.6694534860777948,0.8307053375438748,-0.007246421064105002,False,0.7230015441094925
ERIE,267,0.49063888793521093,Erie Indemnity,Financials,SP500,252.8000030517578,-0.021558200142022477,-0.0291858334211319,-0.004959436821789898,0.11894459706650462,-0.015903135055919004,0.5282651072124757,0.7017543859649122,0.3333333333333333,-0.13255360623781676,-0.23771456372521815,0.22682198882512772,False,-0.020754734941669684,False,0.026281420634413744,0.002493424731191407,-0.0256083956174199,-0.017140917596804472,False,73.56414952490235,True,True,0.6372341224998755,1.8800120188294995,-0.014784967827618956,False,0.5701064198650415
TMUS,268,0.4890611231274533,T-Mobile US,Communication Services,SP500,181.52000427246094,-0.03457078955588577,0.0008270891509729594,0.014433735007567616,0.025084997962944167,-0.17155649405452378,0.6432748538011696,0.44834307992202727,0.08187134502923976,0.2729044834307992,-0.2666773475137503,0.08846149447241469,False,0.003630860430601901,True,0.005633750967316553,-0.05676300885779284,-0.005602189626091603,-0.006600722319007657,False,863.6000488085327,True,False,0.633402354614781,0.8956014243632284,-0.002872080271519084,False,0.9377907332185199
FTNT,269,0.48902259453809566,Fortinet,Information Technology,SP500,156.2899932861328,-0.00044773167015521587,-0.05849401634859752,-0.023858642868381685,0.08024606855191685,0.8679335091002895,0.38596491228070173,0.6081871345029239,0.9727095516569201,-0.3879142300194932,-0.09543931942161787,1.0774954979678104,False,-0.018691918511089423,False,-0.015664756180940542,0.42010355297732427,0.015914045828699486,-0.018251908011141404,False,809.3830335843811,False,True,1.353671342740597,0.9197854878699432,-0.010616549345289994,False,0.592145695589781
COR,270,0.48889384801425173,Cencora,Health Care,SP500,330.95001220703125,-0.01859317060368637,0.027699324477679088,0.02025097381618912,0.20561289809037575,-0.07282403178086827,0.6783625730994152,0.8693957115009746,0.2300194931773879,-0.060428849902534165,-0.11160909577962774,0.31500945461988605,False,0.025431036153810815,True,0.06175529990028439,0.0319480474735232,-0.05816340159176436,0.0061172553253183715,False,443.21025636260987,True,True,1.2066360764642934,0.8994861760905093,-0.011090653641055104,False,0.7155390914408267
VRSN,271,0.48860850757029567,Verisign,Information Technology,SP500,292.0799865722656,-0.004329365961566856,0.0005138009120253528,0.0013927186063900088,-0.006722533490983951,0.20484307570139793,0.5614035087719298,0.35282651072124754,0.7504873294346979,-0.16569200779727095,-0.05504066408460684,0.38879677445591043,False,0.02001746862312248,True,0.04905826919150891,0.12189702450312678,-0.04676410322690394,0.006386439599088911,False,212.23668727206422,True,True,0.7399346169045596,0.8801761768060089,-0.0036475449188884124,False,0.6439959263513496
UNH,272,0.4881537939216382,UnitedHealth Group,Health Care,SP500,397.1400146484375,-0.00947769683700761,0.010662940097323936,-0.01690716278839266,-0.0001545849654903675,0.4050312781389884,0.4522417153996101,0.3742690058479532,0.9259259259259259,-0.2865497076023392,-0.08985903725592315,0.5419978230592204,False,0.0005744727723002718,True,-0.03545548443665425,0.1374832376110824,0.03675878496488716,0.000504362617504972,False,2052.55555269635,False,True,0.7454591143332866,0.9587848839342116,-0.009702236306555645,False,1.1197496769759394
F,273,0.48650889018589094,Ford Motor Company,Consumer Discretionary,SP500,14.619999885559082,0.014573215848068699,0.05331410410784221,0.07167071561872063,-0.008165105111260229,0.23165611281868936,0.8576998050682261,0.34502923976608185,0.7855750487329435,-0.4269005847953216,-0.15261818542816763,0.3410724166180792,False,0.03923798005393686,True,0.042817835590051256,0.10476210974084799,-0.04105974613085128,0.03066477350590402,False,675.7727928176022,True,True,0.6241001549052103,0.954433560344197,-0.002081869069317066,False,0.8093064612983724
AMD,274,0.4840546953380408,Advanced Micro Devices,Information Technology,SP500,477.57000732421875,0.04693529351593129,0.025752869749035234,-0.023933108821724502,0.02399331515985126,1.4817857168911304,0.3840155945419103,0.44639376218323584,0.9883040935672515,-0.3430799220272905,-0.17789325471711492,2.1597856904379973,False,0.004991616589510084,True,-0.04347225648926256,0.4005071787362793,0.04544798285693896,0.019840441493123917,False,12604.314078954163,False,True,0.5819210331980196,0.6000086406176268,0.012802517298768912,False,0.7800820368485446
STE,275,0.48270619471052056,Steris,Health Care,SP500,224.58999633789062,-0.006854174652610179,-0.03637923346388505,-0.02806422751810045,0.0640244486493422,-0.019801256880380147,0.37037037037037035,0.5614035087719298,0.3255360623781676,-0.0292397660818714,-0.1568203196339184,0.1297656217198373,False,-0.03695290733393708,False,-0.00027531750477205463,-0.029852173839264418,0.0002753933253751839,-0.02235339018108229,False,159.56878419317627,False,False,0.5330308552696265,0.8363555600537534,-0.01300080679818394,False,0.7924350356735279
WDC,276,0.48131401563268905,Western Digital,Information Technology,SP500,467.4599914550781,0.05863166361262828,0.01743384271461834,0.03530298287840283,-0.08649263202541069,0.9065519122333334,0.7368421052631579,0.14230019493177387,0.9746588693957114,-0.029239766081871343,-0.3735711460407426,4.086720860009092,False,0.006958824545742592,True,-0.07794998933778796,0.2541936278008501,0.08453987141305341,0.023333967888709672,False,4001.543557385437,False,True,0.63958175901485,0.6830335775560546,0.024118472087858,False,0.7310512277378844
TER,277,0.48019401624304286,Teradyne,Information Technology,SP500,357.0299987792969,0.05486618150755174,0.006189629120223472,-0.07202801756737576,-0.0021313277631199723,0.30855903871040624,0.15789473684210525,0.3684210526315789,0.8674463937621832,0.001949317738791423,-0.2618073101599463,2.1871130580232485,False,-0.0484179537186602,False,-0.0397032610951672,0.1295792447443933,0.041344783843009436,0.00768713710057245,False,1306.3551447531129,False,True,0.6789829670533899,0.5879398369522165,0.02195244159115184,False,0.6275085816959577
KMB,278,0.47909843100902944,Kimberly-Clark,Consumer Staples,SP500,104.95999908447266,-0.01603074073146915,-0.03040184361067022,-0.022460229785121744,0.07249065227086882,0.029627470848787363,0.40545808966861596,0.5886939571150097,0.4093567251461988,-0.0799220272904484,-0.15756889181864975,0.15721054168688253,False,-0.025897876989554813,False,-0.032172194803082976,0.04354211153337273,0.03324165169705684,-0.019413928068991337,False,406.7862484255219,False,True,0.683739978554407,1.0351138962432191,-0.001499915960075704,False,1.1019668607835253
GL,279,0.4765097675696089,Globe Life,Financials,SP500,174.27000427246094,-0.01274643069080772,0.008565374407285775,-0.06316524959751069,0.09680382477734928,0.2308374326369771,0.1949317738791423,0.6393762183235867,0.7816764132553606,-0.20662768031189083,-0.06316524959751069,0.3449602963845746,False,-0.007853690201154784,False,-0.02354630817521619,0.13469869650723743,0.0241141063548167,-6.025761969874477e-05,False,106.44900538378906,False,True,0.8522158237094466,0.6172914025874731,-0.007704512675245523,False,0.3690067172676767
CB,280,0.47553816046966735,Chubb Limited,Financials,SP500,341.5899963378906,-0.01912420290627248,0.004912870217073317,-0.0351382721359762,0.05022161368389311,0.04776626502618142,0.3235867446393762,0.5107212475633528,0.46393762183235865,-0.14035087719298245,-0.06027511323826518,0.2813844265125143,False,-0.0034294642249926843,False,-0.018227707090759493,0.050106203062578514,0.018566124978681264,-0.0013423493486791616,False,643.7811832593994,False,True,0.6783065691038177,0.9914849410907535,-0.007896625987078298,False,1.3149978466013013
PPL,281,0.47193859839858393,PPL Corporation,Utilities,SP500,35.11000061035156,0.0,0.026608182079288722,0.014153717319023595,-0.009732915860485747,-0.07503465400614184,0.6374269005847953,0.34307992202729043,0.22612085769980506,0.13840155945419103,-0.11097352029285334,0.07208106738034092,False,0.0015403951036507824,True,-0.012321356208444989,-0.023725321736906335,0.012475065939610674,0.00877356037408017,False,287.3299548803253,False,False,0.8262101864639587,0.989518181426045,-0.007120478372372729,False,1.2682269102750425
AIG,282,0.47009056125854976,American International Group,Financials,SP500,76.20999908447266,-0.008456954471990463,-0.009359173506394591,-0.04701765760705101,0.016246416583225676,-0.019703292586907506,0.25146198830409355,0.4191033138401559,0.32748538011695905,-0.01949317738791423,-0.10880051061311935,0.0734311367767031,False,-0.003113228721866368,False,-0.021501050048511217,-0.007562139821556069,0.02197350344584148,-0.003072966078240702,False,278.05952873178103,False,False,0.592880676809188,1.1729035043277043,-0.010148305660978907,False,0.879558860239362
D,283,0.4692774554346292,Dominion Energy,Utilities,SP500,65.83999633789062,-0.004264923974323431,0.014571165222952764,-0.0044140308058072675,-0.005902188649094864,0.062161215936049175,0.530214424951267,0.3567251461988304,0.4756335282651072,-0.2690058479532164,-0.07232332388039309,0.18932930797806047,False,-0.010763426221213734,False,-0.032760803095394975,0.047960489634000236,0.03387042543378871,-0.0008677597411981264,False,287.1285368950806,False,True,0.4566401091214335,1.2128600635374889,-0.004718612286068735,False,0.7700932498680426
TT,284,0.4691166653315176,Trane Technologies,Industrials,SP500,447.8999938964844,0.008465821362566572,-2.4528469138029863e-06,-0.06205056603069403,-0.017251349332073396,0.06345021383796534,0.20272904483430798,0.31968810916179335,0.4775828460038986,0.01949317738791423,-0.10825309550397377,0.1982654820727019,False,-0.022800976748467816,False,-0.04159330077825518,0.012619698618671071,0.043398382765928334,0.0007546867322056894,False,532.1862519844971,False,True,0.5903552203496782,0.8324595323662297,-0.0022290049753397323,False,0.8974968641883416
SHW,285,0.46863620237809134,Sherwin-Williams,Materials,SP500,333.7099914550781,0.0043639970108828585,-0.032331944470500584,-0.07962875444456463,0.09558250676284952,0.01657749735281011,0.1364522417153996,0.6354775828460039,0.3996101364522417,-0.08187134502923976,-0.1022158624328181,0.141574425580266,False,-0.03896610872609085,False,-0.025349229383799687,0.0032634628922281195,0.02600852546166177,-0.01253472499995556,False,698.5902476177979,False,True,0.5886921356984173,0.7407966159642553,-0.004725237097676138,False,0.4713701796288243
SBAC,286,0.4682881099247358,SBA Communications,Real Estate,SP500,189.44000244140625,-0.010860493863062093,-0.007907800633509487,0.04461661656237581,-0.08303529546795585,-0.01715739633165958,0.7680311890838206,0.14814814814814814,0.32943469785575047,0.08382066276803118,-0.14234702741798932,0.16197310635850903,False,0.024287200985195545,True,0.03956198558464408,-0.005496995892030787,-0.03805639888072143,0.0069435069532963745,False,178.80252524365235,True,False,0.548076009373157,0.7980853924721668,-0.008771971058335493,False,0.6747867076704522
QCOM,287,0.4681744315125714,Qualcomm,Information Technology,SP500,168.74000549316406,0.0010084722166401328,0.03330511459889696,0.0577864618231847,-0.21432630735435465,0.25495622565719955,0.8109161793372319,0.03898635477582846,0.8206627680311891,-0.01949317738791423,-0.3216277457140986,0.37249134431681874,False,0.03379445697719019,True,0.0018320810158651835,0.01579477844872801,-0.0018287306331890019,0.01525260447607768,False,2137.0683774851686,True,True,0.37269704818269694,0.7106861532447137,0.008364408507193222,False,0.6512428605953718
EQIX,288,0.46587759352719693,Equinix,Real Estate,SP500,1035.97998046875,-0.004659719445740729,-0.008071593947829858,-0.011331062600783315,-0.03702289972395423,0.11617406203807845,0.4951267056530214,0.2651072124756335,0.6023391812865497,-0.007797270955165692,-0.0672167909919944,0.4485530766153203,False,-0.022309791602433293,False,-0.005790632617171498,0.08746496762751343,0.00582435934235348,-0.008274718126976666,False,606.3333854102783,False,True,0.9412021560807382,0.9574413276959378,-0.005591639878547716,False,0.5842202880073782
FITB,289,0.4658638605646537,Fifth Third Bancorp,Financials,SP500,54.869998931884766,-0.0018192156921527092,0.006050568588521488,-0.036692418998960696,0.062474313158606076,0.17882595701171522,0.3157894736842105,0.5555555555555556,0.7056530214424951,-0.1656920077972709,-0.07579585785680831,0.3932531474221288,False,-0.014202187097905772,False,-0.030333525027944064,0.08892812826767926,0.03128243144511944,0.0035697379551489217,False,326.2290698085556,False,True,0.811648609626603,0.7117193528876035,-0.005821351422922949,False,0.5336624695874549
FDX,290,0.46483903823485656,FedEx,Industrials,SP500,322.5199890136719,-0.005519436830184299,-0.025266005034367378,0.021052945829872938,-0.021961488085438297,0.12330448101162217,0.682261208576998,0.30409356725146197,0.6159844054580896,-0.15789473684210525,-0.04959486308277805,0.804951521218652,False,-0.018103851774355806,False,0.009634255591933982,0.11059905893737243,-0.00954232241881059,-0.008808975344911318,False,528.2978942423706,True,True,0.8574486523000465,1.1477127943775431,-0.0017267354161432102,False,1.1812632171719895
LDOS,291,0.4646618448709292,Leidos,Industrials,SP500,133.0500030517578,0.005213073724875006,-0.05410209307709213,-0.01633884034326527,0.07305302075495135,-0.24756293582798228,0.4600389863547758,0.5906432748538012,0.042884990253411304,0.2261208576998051,-0.32771196942108793,0.33050003051757804,False,-0.04661583563501803,False,0.08192196726970158,-0.12762135619235615,-0.07571892405183056,-0.023858050865933622,True,181.62027290449524,True,False,0.686323949376758,0.8099855503338972,-0.0066485711601279585,False,0.7179233931081485
ADBE,292,0.46264100128555785,Adobe Inc.,Information Technology,SP500,266.510009765625,-0.06733154937664043,-0.085791644451777,0.024093220744448862,0.059934804239156536,-0.06032714775449066,0.6920077972709552,0.5419103313840156,0.24951267056530213,0.08966861598440545,-0.27472373601737876,0.3779535945370365,False,-0.027752654630892937,False,0.07097596096776404,-0.00531748893124484,-0.06627222603916172,-0.04521333612603007,False,1273.1517121278075,True,False,0.9598801204857217,0.9148758179224172,-0.039475061344871,False,1.2801141496675263
KIM,293,0.46231846740138016,Kimco Realty,Real Estate,SP500,23.600000381469727,-0.001692005465796509,0.004185323902435867,-0.022532661053804137,-0.014464433708395896,0.036982117476562326,0.40350877192982454,0.33528265107212474,0.42300194931773877,-0.10916179337231968,-0.09478668200961615,0.24442211477788334,False,-0.008633087518902127,False,-0.04163679403762799,0.04831358230463878,0.04344573516448502,-0.004126527192353402,False,106.96719861815643,False,True,0.5517876968536849,1.4471375687853134,-0.0025380485402489716,False,1.3968594047537057
MO,294,0.4605907844191911,Altria,Consumer Staples,SP500,68.87999725341797,-0.008778250526751075,0.0033502654395769493,0.01667892624971179,-0.03158215742723458,0.06873432320828665,0.6549707602339181,0.2807017543859649,0.5009746588693957,-0.007797270955165692,-0.08061934147284788,0.2990042981256804,False,0.026604032591290627,True,-0.013581903064410206,0.05741015766880442,0.013768911080001223,0.0026677904127858643,False,596.4350749163208,False,True,0.9531377256997144,0.9863549256157165,-0.0048927377801502026,False,0.8183214722679881
BF-B,295,0.45994724253556263,Brown–Forman,Consumer Staples,SP500,26.729999542236328,-0.02835335078720247,-0.009646013671675724,-0.04642966133265747,0.03946601323885579,0.08643699019307016,0.2553606237816764,0.4775828460038986,0.5341130604288499,-0.027290448343079976,-0.11128894074823314,0.19265048021008835,False,-0.02875607610127362,False,-0.01033069729521463,-0.0006801587065220493,0.010438534636752594,-0.014037330030283846,False,63.38080397059631,False,False,0.9366955147843304,1.1961045525016898,-0.0010905374916722055,False,0.8397666382428876
PCAR,296,0.45988105728552736,Paccar,Industrials,SP500,124.69999694824219,0.001525940155424843,-0.005106106656674325,-0.0532319457709306,0.07156489975934055,0.04142287737333761,0.23196881091617932,0.5847953216374269,0.4327485380116959,-0.1578947368421053,-0.09536076140631689,0.3739162596462884,False,-0.025832034208517873,False,-0.022615577114851515,0.047047170604811894,0.02313887615283705,-0.0044842953006104525,False,407.985149936676,False,True,0.564310869473499,0.8041672272510659,0.006184215162280182,False,0.5484845738713598
NUE,297,0.4588928561891792,Nucor,Materials,SP500,261.07000732421875,-0.005333919647857788,0.04219563802083326,-0.040183796602137,0.028779393101666884,0.5561705843601321,0.2962962962962963,0.4522417153996101,0.9473684210526315,-0.34113060428849906,-0.04975607263614834,0.9995383743554918,False,0.010680948513394073,True,0.05041423429039327,0.27152506691186296,-0.04799462216394135,0.01612014018134622,False,357.3941084456482,True,True,0.9736301298076149,0.7796254768908175,0.0035052136375797183,False,0.5329221186709491
MCHP,298,0.4587446546350656,Microchip Technology,Information Technology,SP500,74.16999816894531,0.014498667073512106,0.01700257587523324,0.0034460392327839706,-0.15535152583240575,0.15780081430414183,0.5730994152046783,0.06432748538011696,0.6764132553606238,0.04678362573099415,-0.27352499930503105,0.5526861173879072,False,-0.021832090430693007,False,-0.06673760078236679,-0.03135902097631149,0.07151000708730337,0.00540579256760676,False,852.0877958381195,False,False,0.45645464515205064,0.6891144801620526,0.00916424789155923,False,0.7188381076005055
GOOGL,299,0.45872653475393205,Alphabet Inc. (Class A),Communication Services,SP500,338.4599914550781,-0.01110272366657461,-0.022829457453131585,-0.053312263310076435,-0.08045523475192418,0.13599887000927602,0.2300194931773879,0.1539961013645224,0.6354775828460039,0.025341130604288498,-0.15831345418851617,0.4499239782824975,False,-0.014388874476377378,False,-0.02839056458391731,0.008833778114061719,0.029220140880743095,-0.0062100921178452895,False,10061.251280716064,False,True,0.5599165444296927,0.8512575467753192,0.0006135436483565293,False,0.7877751550771709
IEX,300,0.4569061542745753,IDEX Corporation,Industrials,SP500,223.74000549316406,0.002868665944148363,-0.02840017943721118,-0.0426597104714882,0.042359548812562986,0.13831200952444833,0.2807017543859649,0.49707602339181284,0.6393762183235867,-0.06627680311890843,-0.0697655017513159,0.4255773199133748,False,-0.038167625273369477,False,-0.0216123273161547,0.09231360322822368,0.02208973796334668,-0.01538112933271607,False,150.11919493511962,False,True,0.9603390851064632,0.7963388818665001,-0.001210238749772441,False,0.6861050391602721
CHTR,301,0.4533268101761252,Charter Communications,Communication Services,SP500,151.99000549316406,0.004029598300143933,-0.01061053037255999,-0.034616341868201395,0.15039366568513945,-0.34554770109304933,0.32748538011695905,0.7680311890838206,0.017543859649122806,0.4074074074074074,-0.4624389518894261,0.2325846119731072,False,0.0008923288357765014,True,0.06085821048318607,-0.16565222588315076,-0.05736695995920804,-0.0005844006192855522,False,434.01200993212893,True,False,1.1800356046385305,0.9125754191850135,-0.004492059140153493,False,0.6397139786073825
ITW,302,0.4529655569669989,Illinois Tool Works,Industrials,SP500,270.1199951171875,-0.005632243010025295,-0.035630170542159334,-0.08340690896400749,0.07532362516555735,-0.013297690896240777,0.1267056530214425,0.5984405458089669,0.341130604288499,-0.14619883040935666,-0.09148396184912788,0.14174766248390092,False,-0.04419181976240183,False,-0.03584691156170705,0.020391426253846046,0.03717968856975906,-0.01791767826908819,False,357.0579373230591,False,True,0.5778304910527287,0.9457172407308742,-0.0026136258826815473,False,0.8104537827126995
MDLZ,303,0.4528354752940189,Mondelez International,Consumer Staples,SP500,61.279998779296875,-0.002766509056662314,-0.017318823291919805,-0.023426314274153426,-0.003970678978664988,0.06727169506834318,0.3898635477582846,0.3645224171539961,0.49122807017543857,-0.04678362573099415,-0.057085693282364236,0.21003054418361167,False,-0.023091593445821124,False,-0.003663014786116525,0.04854412205585312,0.003676481793286168,-0.013768446609138785,False,530.0121827830964,False,True,0.7868555884656977,0.8495709430903924,-0.008787647010950361,False,0.9137234879311624
REG,304,0.45160637514638957,Regency Centers,Real Estate,SP500,75.26000213623047,-0.008693309386627601,-0.0034427240253301905,-0.022089357698357515,-0.02250584867670624,-0.02476669783491714,0.41325536062378165,0.30214424951267055,0.3138401559454191,0.003898635477582846,-0.08974356726605892,0.15440830553166918,False,-0.010622042337713689,False,-0.044183921632623524,0.0020704351145015565,0.04622638458655537,-0.006920651337800399,False,102.30966512922669,False,True,0.6906367180205547,0.9974181673311695,-0.006849271016962533,False,0.6766354510749939
PEP,305,0.4509201084904041,PepsiCo,Consumer Staples,SP500,137.6300048828125,-0.006568526100633965,-0.013962699740244333,0.004769461189574775,-0.01986827794312429,-0.1183354673470487,0.580896686159844,0.30994152046783624,0.1364522417153996,0.18323586744639375,-0.16816484644049268,0.03510384812374712,False,-0.010824932527968456,False,-0.004120395388665821,-0.05462114890728187,0.004137443290922471,-0.008958482077869423,False,1105.678154789734,False,False,0.7005273180476806,0.8897193841782732,-0.005774527229788662,False,0.7648695987602406
FRT,306,0.4504589098316568,Federal Realty Investment Trust,Real Estate,SP500,117.08999633789062,-0.0005975360364501858,0.00291217420034795,-0.006954518690107214,-0.03580470044595985,0.11057698883020306,0.5126705653021443,0.26900584795321636,0.5828460038986355,-0.13255360623781676,-0.0789742872055117,0.27328691147518125,False,-0.002300640160876166,False,-0.03093766739835102,0.0667950774710171,0.031925363681500674,-0.0011801042355871205,False,97.19410679559326,False,True,0.5874572691470933,0.8125559598660206,-8.537159369947922e-05,False,0.5646858004843
HIG,307,0.44866656748415945,Hartford (The),Financials,SP500,138.3699951171875,-0.01164289202008928,0.0030817370466384997,-0.03828811726581682,0.051740381264204105,0.002771932653105713,0.30994152046783624,0.5165692007797271,0.3762183235867446,-0.08966861598440545,-0.046011992736482266,0.15111298473516843,False,0.0049514344794225895,True,-0.0012742547072113197,0.024877562322429103,0.0012758805039492227,0.002345418154986012,False,212.39699680407716,False,True,0.8055395233905002,0.9005543761244853,-0.0076429094587053825,False,1.055468061435321
LYB,308,0.44718817591925014,LyondellBasell,Materials,SP500,63.52000045776367,-0.019147647275525204,-0.002355861716591079,0.04452682171631883,-0.005027508847197826,-0.03371979001027248,0.7660818713450293,0.36062378167641324,0.290448343079922,0.29434697855750486,-0.21283004728677324,0.59326721267006,False,-0.00976337183250886,False,0.055904057517523364,0.07209745990969885,-0.05294425863743357,-0.014866252957939197,False,265.0110883651123,True,True,1.1287682746611856,0.6687121158113398,-0.004632536162162526,False,0.5718910229516015
FAST,309,0.446602999126431,Fastenal,Industrials,SP500,49.599998474121094,0.007515720806930526,-0.003615916223176807,-0.023622062617355444,0.0658725870634409,0.07916337408211893,0.38791423001949316,0.5672514619883041,0.52046783625731,-0.19103313840155944,-0.053073740689294935,0.2877474282868735,False,-0.02116535720989654,False,0.021134037957706298,0.10278101453086363,-0.020696634498615807,-2.3359049634574802e-06,False,381.5784253316574,True,True,0.875310359384897,0.8451728115261645,-0.010765768519704455,False,0.8307945589995303
ADI,310,0.44603842177742686,Analog Devices,Information Technology,SP500,362.25,0.016129032258064502,0.004349850128583244,-0.036988954935523566,-0.0947614833632735,0.15369673139242246,0.3138401559454191,0.13060428849902533,0.6588693957115009,-0.011695906432748537,-0.18435467128110894,0.6286885650777969,False,-0.02535498677435233,False,-0.03735196896002224,0.04609858811499423,0.03880127290103075,-0.0006931447454135986,False,1541.417863678589,False,True,0.47455031807166753,0.8300489424285696,0.009368853682722555,False,0.8569014532035713
GOOG,311,0.44576128296387846,Alphabet Inc. (Class C),Communication Services,SP500,335.30999755859375,-0.01047626732700735,-0.02144279199822019,-0.05914502495345575,-0.0821040907770969,0.1262692575191391,0.21052631578947367,0.15204678362573099,0.6198830409356725,0.017543859649122806,-0.15865675299018334,0.4357076991084645,False,-0.015545169320533736,False,-0.0317626761292672,0.002910788938475628,0.03280463926167321,-0.006049649630326059,False,6753.72108675061,False,True,0.5149371735794845,0.7979152034138647,0.0009443644515498839,False,0.6382183052174528
CVS,312,0.44316861407704955,CVS Health,Health Care,SP500,96.73999786376953,-0.004732501017645108,0.03954438428669338,0.005404246897416698,0.01468690272664741,0.2601806564000264,0.5828460038986355,0.41130604288499023,0.8304093567251462,-0.2709551656920078,-0.11990135880474495,0.4205877647489036,False,0.020857161730950313,True,-0.03799266579839233,0.12979155751819071,0.03949311449888615,0.009884947498603136,False,750.6115567557373,False,True,0.9452378122949271,0.9114362183808584,-0.006275726640983081,False,0.5963768986385991
MKC,313,0.44306180214615687,McCormick & Company,Consumer Staples,SP500,52.08000183105469,-0.009509318801596,-0.0587384762777271,-0.003825496421422825,0.11244571489381161,-0.18241531124272214,0.5380116959064327,0.672514619883041,0.07212475633528265,0.06432748538011701,-0.26000889346980394,0.1524547886504417,False,-0.0417927434058768,False,-0.013776827891645249,-0.07599639723831586,0.013969280261579176,-0.030470885721263552,False,164.561225064888,False,False,0.8553706782216712,0.8187465934489551,-0.011030844634016934,False,0.862179757192569
PLD,314,0.44255272885409874,Prologis,Real Estate,SP500,137.33999633789062,-0.0073003955263239995,-0.0238806018708555,-0.012936632597769893,-0.042917084914167125,0.03649246529753025,0.4853801169590643,0.24171539961013644,0.42105263157894735,-0.050682261208576995,-0.08476610307644683,0.2776111021843146,False,-0.02226843797873823,False,-0.03331524064978575,0.009009023956105144,0.03446339701494794,-0.01401815007177487,False,603.1400284914246,False,True,0.5266982622734255,0.7620454118936271,-0.0025298596897331826,False,0.5303153303428427
NVR,315,0.4408170349770926,"NVR, Inc.",Consumer Discretionary,SP500,6298.85009765625,-0.01178234773649156,-0.015230739411801641,-0.0009453038048904405,0.018811056383334357,-0.09484065181349799,0.5458089668615984,0.4346978557504873,0.18323586744639375,0.0,-0.2626887395930879,0.13214956538772826,False,-0.007082987287246767,False,-0.018349816336554747,-0.07482217057605933,0.01869282626533475,-0.006024999137143161,False,205.53449016210936,False,False,0.675235084219008,1.192820640658108,-0.0010668883126433437,False,0.9233176838810642
AEE,316,0.43823447507658037,Ameren,Utilities,SP500,106.47000122070312,0.0005638338175821822,0.003298138570132725,-0.016625062142537228,-0.018756308892962092,-0.0320226867016663,0.45419103313840153,0.3157894736842105,0.2982456140350877,-0.021442495126705652,-0.10015211717955619,0.11001365719253609,False,-0.01018908522931472,False,-0.03377388718601726,-0.00487083599660032,0.03495443430695122,-0.0013032079848447342,False,175.66086936340332,False,False,0.6216315426173912,0.8881780688222145,-0.0056386249682018885,False,1.044750851187901
KMI,317,0.43740229569357186,Kinder Morgan,Energy,SP500,31.399999618530273,-0.006329137991299971,-0.005069703742700327,0.0038362829044309432,0.0004259331484888218,-0.04745333617855663,0.5750487329434698,0.37816764132553604,0.26120857699805067,0.03313840155945419,-0.07626072692557218,0.2630428322970655,False,-0.012174806008043104,False,-0.012977763461418101,0.02593197608785691,0.013148400290281526,-0.009666239551285427,False,325.45627816640854,False,True,1.2118479510468614,0.9892076058074794,-0.005063286249386678,False,0.7527150669438274
AEP,318,0.4363902526483637,American Electric Power,Utilities,SP500,124.5,-0.0016838993345706932,0.01790534285929568,0.0014998134899257831,-0.028590117045669272,-0.041791679995941355,0.5633528265107213,0.28654970760233917,0.2709551656920078,0.07797270955165692,-0.09548006759262306,0.20595879533773243,False,0.004380557749322778,True,-0.03247173028950401,-0.005959347620508204,0.03356153128137551,0.006329304167844496,False,526.854151233841,False,False,0.7898671176568827,0.7571178012517831,-0.0042498499173100335,False,0.7690936136017801
ATO,319,0.4358617243260358,Atmos Energy,Utilities,SP500,167.55999755859375,-0.009224205319499856,0.005460568229451068,-0.019826069570386684,-0.00980786170869008,-0.08385367704550895,0.4346978557504873,0.341130604288499,0.19883040935672514,0.16764132553606237,-0.11839556067225754,0.05543244070071052,False,-0.003338976870745025,False,-0.025974584088222397,-0.03488802460541385,0.02666725494417177,-0.0018684266591906251,False,179.68974370339967,False,False,0.7967577095749511,0.8029521539534492,-0.004257339412789274,False,0.6578485953070118
IP,320,0.43577932655077567,International Paper,Materials,SP500,37.2400016784668,0.021953981391520827,-0.05265834704932548,-0.07071084281725049,0.12062154033069561,-0.032988802483221336,0.16569200779727095,0.7095516569200779,0.29239766081871343,-0.16179337231968816,-0.21513869879313496,0.3010875045530932,False,-0.06252864254458235,False,-0.049700209002732754,-0.007044049414593911,0.05229950534933425,-0.02067586446091696,False,186.26803906550597,False,False,0.6111886523101706,1.033323853979814,-0.0013720976658846418,False,0.8112534234001497
IRM,321,0.4350774195763381,Iron Mountain,Real Estate,SP500,116.86000061035156,0.016350645316837165,-0.0045996670230733505,-0.041816976979384024,-0.05616124634177211,0.12776382529279973,0.2884990253411306,0.20662768031189083,0.621832358674464,0.042884990253411304,-0.1217495659513177,0.5041618347366512,False,-0.03613860856397055,False,-0.04566842855348807,0.07522936965069449,0.0478538381416711,-0.0020979074851059654,False,226.66989981130982,False,True,1.020905381475696,1.1307607264616375,-0.0035658692828229865,False,0.71552518034688
GLW,322,0.4344298722453012,Corning Inc.,Information Technology,SP500,154.3000030517578,0.05684933597094388,0.037659759370841206,-0.016474400647059628,-0.1294596853825023,0.25579912042443453,0.4580896686159844,0.08576998050682261,0.8226120857699805,0.0,-0.3953985332254416,1.1863406853818566,False,0.0028055574452539034,True,-0.06463529872499096,0.07659011859761433,0.0691017082822194,0.0320980532354902,False,2198.131297657532,False,True,0.6007700702675199,0.698653853275562,0.017397214288580987,False,0.6422018762409811
STX,323,0.433043415235196,Seagate Technology,Information Technology,SP500,849.280029296875,0.06344779664006661,0.023524897924116273,-0.004302694012114583,0.0028503670796260483,1.4131750795772113,0.5321637426900585,0.3820662768031189,0.98635477582846,-0.21832358674463936,-0.22316773466696593,3.5508734843242635,False,-0.0047635738394355975,False,-0.004972059070538326,0.43263670607175153,0.00499690397225816,0.023641189529689077,False,4030.8634561359863,False,True,0.855414705390621,0.5940538019916402,0.02521883650073753,False,0.5333126996455289
PODD,324,0.4329465215550291,Insulet Corporation,Health Care,SP500,147.47999572753906,-0.02058710363806293,0.01619231561815293,0.058722128475057644,-0.03746250781512506,-0.37774777796011727,0.8148148148148148,0.26120857699805067,0.007797270955165692,0.10916179337231968,-0.5819965062468396,0.10670870333837268,False,0.010036642223921977,True,-0.04433960925035185,-0.298387021885146,0.04639682640354126,-9.05065991106957e-05,False,246.48817045928956,False,False,0.5655581041916099,1.3880812608783073,-0.008367608523803916,False,0.6452312993266038
FE,325,0.4322274483774124,FirstEnergy,Utilities,SP500,46.77000045776367,-0.005739805538025555,0.01939841693392963,-0.0028781222694069797,0.017528278886890458,-0.06135283826794302,0.543859649122807,0.4269005847953216,0.2475633528265107,-0.05458089668615984,-0.08070077279627541,0.13005862528071788,False,0.0013917294757330723,True,-0.01486568582030623,0.001075774689963227,0.015090009155436457,0.0048984130485640875,False,199.81188906137086,False,True,0.816108014548154,1.0768404037788584,-0.00616498532914822,False,0.9547789410042183
XEL,326,0.4314423806853511,Xcel Energy,Utilities,SP500,75.72000122070312,-0.008121497863889382,-0.009548669152116274,-0.016240093285379564,-0.0347789062884456,-0.0686501761253474,0.46393762183235865,0.2729044834307992,0.24366471734892786,0.04093567251461988,-0.08407845378186007,0.08787085465097677,False,-0.022362231703868307,False,-0.03848106365034609,-0.028142106377103016,0.04002111887305837,-0.008670597563699034,False,393.0316351625061,False,False,0.8261255246523591,1.0808821350275657,-0.0044537117395939685,False,0.7170280932039328
PH,327,0.42789698752207767,Parker Hannifin,Industrials,SP500,962.5900268554688,-0.002000987679570576,-0.030643886404370324,-0.09840282399633116,0.09314855368352082,0.04653887331611295,0.0935672514619883,0.631578947368421,0.45614035087719296,-0.19688109161793377,-0.10181986115092945,0.35434520670476255,False,-0.05069637945380745,False,-0.02711622746388931,0.03217010479828941,0.02787201126112193,-0.016608099653272923,False,625.343031831421,False,True,0.7982344446821825,1.0738399769121234,0.002270561934495152,False,1.3561059308146597
JBHT,328,0.42725516225876714,J.B. Hunt,Industrials,SP500,273.7699890136719,0.028128249469397737,0.04880661339291792,0.026124443551742926,-0.03761457358885678,0.28751227643187716,0.7037037037037037,0.2573099415204678,0.8382066276803118,-0.3528265107212476,-0.08102360683453536,1.112596270144198,False,0.017401350522820103,True,-0.008261551033190595,0.15652571294499285,0.008330372833479815,0.029324620153900804,False,260.85012616192626,False,True,1.053773061467411,0.9855148431307371,-0.0022532901692436935,False,0.9177170614272848
FIS,329,0.4261490865672553,Fidelity National Information Services,Financials,SP500,41.88999938964844,-0.009224205319499856,0.01085909212963676,-0.021490351649849804,0.034636621170606396,-0.17007935750372916,0.42105263157894735,0.47173489278752434,0.08576998050682261,0.28460038986354774,-0.37299610718093734,0.1105513794802464,False,0.008085856521866885,True,-0.0003961307868141084,-0.14446998985714,0.00039628776859967907,0.009105283641321016,False,252.29365856334687,False,False,0.9160927793863349,1.0728423129532239,-0.01608326217617473,False,1.1214973733984805
EME,330,0.4236090607035092,Emcor,Industrials,SP500,754.1599731445312,0.017320409126226233,0.018901050511897166,-0.06713014116611926,-0.0769358514426467,0.0696174841628332,0.18128654970760233,0.15984405458089668,0.50682261208577,0.08187134502923976,-0.20047731337908126,0.2988339759971046,False,-0.0372673731693699,False,-0.032035689471732076,-0.005873136129947887,0.03309594075245248,0.002700243503291899,False,343.19654003356936,False,False,0.6446770629108294,0.8260378041059963,0.00973934418576583,False,0.7812818826943569
DAL,331,0.4229679983825622,Delta Air Lines,Industrials,SP500,80.16999816894531,0.018031722780257997,0.0012488881541430352,-0.12839752942994453,0.01193594282334387,0.3655510963643387,0.042884990253411304,0.4074074074074074,0.9025341130604289,-0.5009746588693957,-0.1419181515024498,0.451933697687831,False,-0.04108034442489639,False,-0.07358084525779074,0.08504618824672416,0.07942500420154386,0.0015617387027184737,False,510.8145190303955,False,True,0.7066625621221009,0.9206688059678697,0.001650758773561467,False,0.8513103259686403
OTIS,332,0.42270897945014746,Otis Worldwide,Industrials,SP500,71.20999908447266,-0.003777339952163672,-0.007387772443251506,-0.029640671343438507,0.018504904541732925,-0.1921575650020807,0.3586744639376218,0.4327485380116959,0.0682261208576998,0.17738791423001948,-0.23012496150062678,0.0331934324244294,False,-0.007093863682280821,False,-0.011664944079418316,-0.09980739946617367,0.011802620993295543,-0.0017097683782971718,False,253.45065545907593,False,False,0.8275550870677663,1.096455112209538,-0.005456169568088587,False,0.8431397436129898
TAP,333,0.42027309521902173,Molson Coors Beverage Company,Consumer Staples,SP500,40.5,-0.0017254053574259354,-0.023154826475434986,-0.03390538893134887,0.048952172379052694,-0.11100698285464805,0.3333333333333333,0.5087719298245614,0.15009746588693956,0.15204678362573104,-0.22968862007818602,0.0661481217189468,False,-0.01867724667091253,False,-0.0035042290271518617,-0.05892241719755387,0.0035165518301505383,-0.006034254017075469,False,118.06876729544068,False,False,1.0378412569182935,1.0066906130794684,-0.0056692024640481176,False,0.6777889376014434
ARE,334,0.41991584745730387,Alexandria Real Estate Equities,Real Estate,SP500,52.650001525878906,-0.000759102331989836,0.020942444007093552,0.08601489321404854,0.04018861323629852,0.06807913511007024,0.8830409356725146,0.4834307992202729,0.4951267056530214,-0.07017543859649122,-0.3612659315809169,0.31999182099220014,False,0.036835760847752974,True,0.0378741393425428,0.07049946913568972,-0.03649203492683095,0.00945724208505938,False,96.19182223586273,True,True,1.014674652075927,0.8307909389062619,-0.01157708885088271,False,0.4773814736298317
UAL,335,0.41972492113083315,United Airlines Holdings,Industrials,SP500,111.37999725341797,0.025032150742114068,0.007052430289855582,-0.13739156238093841,0.053437943035058666,0.20973170003908748,0.03313840155945419,0.5263157894736842,0.7543859649122807,-0.40545808966861596,-0.1816913029611199,0.30712355885606546,False,-0.03913595103381495,False,-0.08405360583352361,0.028555362865610556,0.09176694877434777,0.005293816288825415,False,469.62794477900695,False,True,0.7349939107080754,0.9775020442067829,0.004417409454831933,False,0.7438099168226211
SNA,336,0.41750933650717365,Snap-on,Industrials,SP500,383.0,-0.0030974320878840444,-0.022610079321096377,-0.0706658332621839,0.014762399951033123,0.04263575294053146,0.16764132553606237,0.41325536062378165,0.4346978557504873,-0.16179337231968816,-0.08092747194901995,0.21924350257534297,False,-0.028790156227138874,False,-0.04443999123903908,0.0294110556218119,0.04650675083887479,-0.010653729492468345,False,131.38075687945556,False,True,0.5539399382967738,0.7997064399730903,-0.004737258420711599,False,0.7203559835138782
PHM,337,0.41636015457212283,PulteGroup,Consumer Discretionary,SP500,124.44999694824219,0.0011262118284769418,-0.03189425131219059,-0.03936708593884075,0.053327382181595606,-0.022372111608178535,0.30409356725146197,0.5243664717348928,0.3235867446393762,-0.05263157894736836,-0.12331686874059189,0.13263065683983322,False,-0.02847821696419095,False,-0.03368178309641923,-0.0035830619597874147,0.03485578819402524,-0.010965279172160391,False,201.72232131620788,False,False,0.7675228542058048,0.8074726190065551,-0.004183063738065873,False,0.6080610437664894
NXPI,338,0.4162312173126881,NXP Semiconductors,Information Technology,SP500,227.83999633789062,0.012667188653467276,0.019053557885087447,-0.016998888869431572,-0.22755483029841705,0.13908639633788966,0.4502923976608187,0.03313840155945419,0.6432748538011696,0.005847953216374269,-0.3127939331074452,0.2531932179264016,False,0.000654377957143959,True,-0.08963558903491475,-0.06060564080703412,0.09846121833771071,0.008117795530798055,False,973.2989782602234,False,False,0.4092390674274848,0.7324073082409404,0.0137783491223602,False,0.7495962978058205
PPG,339,0.4156725527670012,PPG Industries,Materials,SP500,112.52999877929688,0.016072223740829505,-0.014796028920895599,-0.03354491835881945,-0.005009850040445074,0.06811734398076141,0.33723196881091616,0.36257309941520466,0.49707602339181284,-0.14619883040935677,-0.12873890672224952,0.2165498590530719,False,-0.007133510967608503,False,-0.024483853837028113,0.021614938703823583,0.025098358375031715,0.0028253362145587158,False,195.21183690751647,False,True,0.5809236933511915,0.8208252830126211,-0.006772009029345383,False,0.6904346558582619
PWR,340,0.41512723971267596,Quanta Services,Industrials,SP500,624.4099731445312,0.007015410771642916,0.036021172221318176,-0.06503062404843918,-0.10157327577500619,0.15631175908175332,0.18908382066276802,0.11500974658869395,0.6686159844054581,0.042884990253411304,-0.2046949148075623,0.6776957770754353,False,-0.032016332863286756,False,-0.042564633506008476,0.062406182277437106,0.04445692627991682,0.004764056500078606,False,793.5468989743653,False,True,0.6916175519411435,0.7770976669576712,0.009257152948062286,False,0.531682103560871
JCI,341,0.4148123352521334,Johnson Controls,Industrials,SP500,144.94000244140625,0.019053693280414397,0.038326572418308835,-0.062180526823627624,0.01177213944041644,0.10112619009254109,0.20077972709551656,0.40545808966861596,0.5633528265107213,-0.17738791423001954,-0.06345303963548488,0.38123244338623685,False,-0.004854186355170542,False,0.0025842997160625547,0.0791372501050347,-0.0025776383260684987,0.018790131411874134,False,524.8134054641419,True,True,0.722784355121932,0.79684978388743,-0.0005624821307591565,False,0.8478407579460501
GD,342,0.41427083690962574,General Dynamics,Industrials,SP500,359.3900146484375,-0.01771115575267246,-0.052541369532207005,-0.07115165363354536,0.041945858770033206,-0.0023152672342285907,0.16374269005847952,0.49317738791423,0.36257309941520466,-0.20272904483430804,-0.09238070171855495,0.15499863722523965,False,-0.06041458160647384,False,-0.04873868698195061,0.0201126624138821,0.05123585529544794,-0.030838637519117973,False,399.79592650463866,False,True,0.6824010594173949,1.2547478420610811,-0.011725499773622583,False,1.0139200465565954
AZO,343,0.4115505659124981,AutoZone,Consumer Discretionary,SP500,2983.2900390625,0.005138070847863885,0.007201339115417538,-0.028124026696860094,-0.042721927172620355,-0.18070518770578659,0.3684210526315789,0.24366471734892786,0.07407407407407407,0.1617933723196881,-0.3149012266965445,0.02045152695826924,False,-0.0069635513612967825,False,-0.01746986773321102,-0.11774826493730028,0.017780490551375205,0.0023964362514763415,False,771.9072156538086,False,False,0.6009280831818866,1.3371045728913187,-0.006078098282056299,False,1.5490135635018496
ES,344,0.4113134815730346,Eversource Energy,Utilities,SP500,71.05000305175781,-0.005876565856607896,0.002964521805810083,-0.014016021940809642,0.006374002653862343,-0.03420988005644987,0.47953216374269003,0.3937621832358674,0.28654970760233917,-0.12670565302144254,-0.05756726851076932,0.18204696549042865,False,-0.003659982457881128,False,-0.023697789651358048,0.024580808389936815,0.024273006247620188,0.0008206352267621231,False,157.577730650177,False,True,0.7244899854576016,0.8834970739165177,-0.009794383177286758,False,0.7815114044345715
EVRG,345,0.4103235638563685,Evergy,Utilities,SP500,81.54000091552734,-0.004760153645743337,0.011035330103036145,-0.00962601086596937,-0.012599332630326754,0.002983440035586149,0.5009746588693957,0.3391812865497076,0.37816764132553604,-0.09746588693957114,-0.06705042248755688,0.1923586086560709,False,-0.005439234720170272,False,-0.025334376601541364,0.027402979202272304,0.02599289027267182,6.829763611015949e-05,False,170.14935046611023,False,True,0.8997562896729486,1.1281036910033269,-0.00988645863025317,False,0.8702294241209046
AOS,346,0.41003307355145857,A. O. Smith,Industrials,SP500,60.47999954223633,-0.0008260240883674053,0.0016561522416715935,-0.039847627708327504,0.06374540965566977,-0.1382597754128121,0.3001949317738791,0.5594541910331384,0.12280701754385964,0.11111111111111116,-0.2395654379813309,0.090825345891971,False,-0.018564205869375794,False,-0.010923120778203343,-0.06315659676820118,0.011043753026354963,-0.00042250140936561653,False,96.77174930664063,False,False,0.949689052030092,0.8682866448854469,-0.0052866297914691,False,0.8238887549232377
WRB,347,0.40987876845843685,W. R. Berkley Corporation,Financials,SP500,69.13999938964844,-0.005179864897144837,0.0102278919239005,-0.0414529041677989,0.017404734482062922,-0.0022391029935630025,0.29239766081871343,0.4249512670565302,0.3645224171539961,-0.216374269005848,-0.09549273355420551,0.09794522315480614,False,-0.001300022160289016,False,-0.027287724287053727,0.006775563140868135,0.028053233179413883,0.00557984933086586,False,129.63508589627074,False,True,0.6270664252925489,1.0386547458589694,-0.00935253994070373,False,0.9370812936220894
CAT,348,0.40974525354482094,Caterpillar Inc.,Industrials,SP500,813.9400024414062,0.01724696620632349,0.01710715706517485,-0.05020073098885203,-0.09823292618686807,0.19988600015295965,0.24366471734892786,0.12280701754385964,0.7407407407407407,-0.03898635477582846,-0.23424744484874438,0.9643301751519822,False,-0.011858570327485052,False,-0.06675454184488439,0.05552864242104327,0.0715294580450978,0.009787549955846853,False,2726.1662579471435,False,True,0.6219847071286755,0.84339751881734,0.0027994978295882156,False,0.6847669848972164
ESS,349,0.4094494226433664,Essex Property Trust,Real Estate,SP500,278.6099853515625,-0.00014357992391245133,-0.019082538643905522,-0.022832526224438654,-0.015275406013863235,0.1135612040522953,0.39571150097465885,0.32943469785575047,0.594541910331384,-0.23196881091617932,-0.06610130428818384,0.1856887328951149,False,-0.02031907450735093,False,-0.03663196879195996,0.056512339056262295,0.038024895580170304,-0.009982110751598494,False,137.8764406473999,False,True,0.9262167240177666,1.3813194505572812,-0.004629494251491395,False,0.8810239062933886
KLAC,350,0.40889457280949715,KLA Corporation,Information Technology,SP500,185.60000610351562,0.07320459976516247,0.057308950678748305,-0.03835121282484899,-0.03685577187807898,0.38371157417545687,0.3079922027290448,0.26705653021442494,0.9122807017543859,-0.25925925925925924,-0.38414439461965144,1.0616871400601822,False,-0.01178417531061604,False,-0.09723598833924196,0.08429729153985166,0.10770919873108697,0.03505859705260406,False,2490.1322163850405,False,True,0.5547385732045027,0.746121884733754,0.028680417399430835,False,1.0767295052326344
ON,351,0.40771658980022357,ON Semiconductor,Information Technology,SP500,74.37999725341797,0.009911686522946717,0.02437676116496368,-0.05042773503511777,-0.365683132369342,0.3078951758466808,0.24171539961013644,0.003898635477582846,0.8654970760233918,-0.01949317738791423,-0.4446352473603308,0.6565700384341357,False,-0.027019282411357648,False,-0.10950313765499187,-0.05066101744728824,0.12296858336662697,0.005721141545977471,False,886.4589051121368,False,False,0.39243745869393964,0.7498670801991966,0.02145284179660889,False,0.992824411853439
TXN,352,0.40682966930263254,Texas Instruments,Information Technology,SP500,258.44000244140625,0.018161764082639476,-0.0007733227486207417,-0.07169537317770103,-0.08874191026963185,0.3511521046132049,0.15984405458089668,0.13840155945419103,0.8908382066276803,-0.1111111111111111,-0.21823994360771248,0.7138673081571978,False,-0.030443984825096804,False,-0.07474322168194714,0.08827804957352181,0.08078105822452497,-0.0022049010608719,False,2112.616928232483,False,True,0.5359811897279023,0.6753624514209521,0.010755212968702299,False,0.5573907815715514
SPG,353,0.40652983295376954,Simon Property Group,Real Estate,SP500,209.44000244140625,-0.009833593934573726,-0.023862766477657615,-0.05585357835900229,0.006788667871363341,0.09932405217573637,0.2222222222222222,0.39766081871345027,0.5614035087719298,-0.216374269005848,-0.11516685618207556,0.25074082956874055,False,-0.0363862501109008,False,-0.05898758959114314,0.05043581485180604,0.06268524085193938,-0.01745696247010664,False,351.27756876296996,False,True,0.6018199264332333,0.7932121168976287,-0.003829413493914191,False,0.513017660634515
CINF,354,0.4063471082577067,Cincinnati Financial,Financials,SP500,171.10000610351562,-0.02071883637760963,-0.005058993493120778,-0.04434756188762745,0.04082350217693542,0.04633400841903779,0.26900584795321636,0.48927875243664715,0.45419103313840153,-0.21637426900584794,-0.10899334900187352,0.14907106624993594,False,-0.0023497857005084777,False,-0.03506146294671686,0.029837061562136835,0.036335436507476615,-0.0039007144918538073,False,127.43033896853638,False,True,0.6175372493560535,0.6991789699703151,-0.009558139636433483,False,0.5344293987704085
CL,355,0.4044260193863654,Colgate-Palmolive,Consumer Staples,SP500,88.7699966430664,-0.014652011860156411,-0.021818218809185552,-0.04548390706380212,0.007890038415038214,-0.03982733289079188,0.2631578947368421,0.3996101364522417,0.27485380116959063,-0.11695906432748543,-0.09386972031302265,0.20543934662612506,False,-0.02559771089688745,False,-0.031649645341294885,0.021042917536388428,0.032684085041152056,-0.01542971356232814,False,408.77607922079466,False,True,0.6603558506595552,1.0772974761819776,-0.006215979369045943,False,0.9192818276056257
KR,356,0.4030300255967163,Kroger,Consumer Staples,SP500,58.59000015258789,0.0013673189770926353,0.015072746248881108,0.02916971578825267,-0.07201497776681098,-0.19980071887085493,0.7173489278752436,0.16764132553606237,0.06432748538011696,0.07017543859649122,-0.2155717642511541,0.062344818389314494,False,0.022906036937130114,True,0.0201676364120138,-0.07502441560356887,-0.01976894354632197,0.009556266427012572,False,387.02460053475954,True,False,0.5606840113046919,0.8582720871970839,-0.0025636252860126163,False,0.5670466131912562
L,357,0.4012287186764476,Loews Corporation,Financials,SP500,109.30000305175781,-0.00672480786634666,-0.0038279088978543374,-0.0570679082735287,0.01665214729203024,-0.00214794057369061,0.21832358674463936,0.42105263157894735,0.3664717348927875,-0.22807017543859653,-0.08407644949127724,0.14247041502460767,False,-0.015305108552422508,False,-0.03876501436296553,0.005433299603175179,0.04032834316499101,-0.004101081274915597,False,84.6357583117218,False,True,0.6918320852491682,1.348724898626483,0.009269326013995771,False,0.8373340334558548
PM,358,0.401221852195176,Philip Morris International,Consumer Staples,SP500,182.52999877929688,-0.019552019259006626,-0.048777949033942725,-0.02935391748407279,0.032269249285855395,0.09240041901439922,0.36257309941520466,0.46588693957115007,0.5477582846003899,-0.21052631578947373,-0.08812509142733826,0.2982735501810019,False,-0.032305101324949015,False,-0.02872067310175397,0.05768480068243553,0.029569941731872884,-0.026372447289320977,False,911.668735826294,False,True,0.8099571042699952,0.7009920032725881,-0.006123432351403446,False,0.6505842557537965
AMAT,359,0.3993474935436003,Applied Materials,Information Technology,SP500,454.7099914550781,0.043128140292787,-0.015075750579901404,-0.13703606660071044,0.004825949921960504,0.4034678046421072,0.03508771929824561,0.38596491228070173,0.9239766081871345,-0.4970760233918129,-0.370406344843509,1.8215056829909448,False,-0.07057996033860992,False,-0.14731440454413702,0.11920089946770851,0.17276520833611575,-0.009647734176083334,False,4785.927609507507,False,True,0.540607518969182,0.730454685590337,0.03805830606895211,True,0.6730820063744206
FIX,360,0.39922504129425546,Comfort Systems USA,Industrials,SP500,1610.3399658203125,0.019080000210121018,0.060320127033567594,-0.05977244647303437,-0.1262329579591961,0.2601481487142183,0.20857699805068225,0.08771929824561403,0.8284600389863548,0.01364522417153996,-0.2203406388902942,1.2846021348506858,False,-0.024548909683947406,False,-0.058463311701005716,0.08030459560558545,0.06209350355388388,0.01152894615079747,False,814.8829207304688,False,True,0.8110853390490329,0.7299934663940818,0.011372109328480873,False,0.5805542626394777
MRVL,361,0.3988914447458067,Marvell Technology,Information Technology,SP500,223.5500030517578,0.0704879619385903,0.03199154321290276,0.06179353177780267,-0.15130700560845378,1.4976787413487158,0.8245614035087719,0.07017543859649122,0.9922027290448343,-0.7933723196881092,-0.2933503443540322,2.537443400101073,False,-0.004577456684463854,False,0.013124721431852615,0.4735279783621915,-0.012954694673034228,0.018875465259672097,False,5695.831419288849,True,True,0.6689280842008152,0.7920818769009763,0.013551701413785366,False,0.8171884790816673
YUM,362,0.3988574938106301,Yum! Brands,Consumer Discretionary,SP500,150.7100067138672,-0.011996765784779817,-0.020473117665335883,-0.01030990332292503,-0.0010604388446890933,-0.053452922825926175,0.49707602339181284,0.3723196881091618,0.2573099415204678,0.07797270955165692,-0.10018507510277519,0.10604165899121165,False,0.00035515033489730286,True,-0.016463794136286403,-0.02195994748481378,0.016739387973855324,-0.008473373963081343,False,392.5780085088806,False,False,1.2967893003623763,0.6387787371138047,-0.004982263932648445,False,0.635032909665082
TEL,363,0.3985938972240342,TE Connectivity,Information Technology,SP500,208.64999389648438,-0.003629290637190863,0.029556844597525833,-0.026107962596342515,-0.01497901062705187,0.021493205402211446,0.38011695906432746,0.3313840155945419,0.4015594541910331,-0.011695906432748537,-0.1529367061115846,0.07370497813107413,False,0.005847024656973954,True,0.01802264417436139,-0.028027566511579227,-0.01770357887174323,0.011870886932858982,False,485.01966559329225,True,False,0.9481332668719626,1.0198200932412724,-0.005778170539644245,False,0.8609275425266052
MPWR,364,0.3978269494131066,Monolithic Power Systems,Information Technology,SP500,1223.8599853515625,0.008412607203159173,-0.0257908587093425,-0.09949375686156015,-0.17239302251442468,0.20037731114149016,0.08966861598440545,0.05458089668615984,0.7426900584795322,0.005847953216374269,-0.2746703053748356,0.4774783842475572,False,-0.06788927708005243,False,-0.07873418461190129,-0.019320891708887733,0.08546304801153748,-0.023122980934282777,False,1156.843627552246,False,False,0.5394448251761046,0.6640547852087285,0.02099450414550219,False,0.7125325586054899
WM,365,0.39485147419538197,Waste Management,Industrials,SP500,218.99000549316406,-0.012312807651582047,-0.0030501600554279085,-0.043753500956364544,-0.006397406725803023,-0.10256642584577458,0.2709551656920078,0.35477582846003897,0.16374269005847952,-0.10526315789473684,-0.10424104809271584,0.12653020887985056,False,-0.01707405494109826,False,-0.0409233286720917,-0.023071276897108084,0.04266950692839866,-0.00704090931305601,False,470.70691005685427,False,False,0.543686369541568,1.173206565368359,-0.009967556836098512,False,1.1909928670825103
UPS,366,0.3942453164875659,United Parcel Service,Industrials,SP500,102.29000091552734,-0.011690812410363849,-0.028861681028007458,0.006985622876257036,-0.04255657975159688,0.03236315428912162,0.6023391812865497,0.24561403508771928,0.4152046783625731,-0.23391812865497075,-0.11721956348199891,0.32004082399006073,False,-0.010017216730714984,False,-0.03971814268463136,0.003714142582315061,0.04136092167321603,-0.011184215796435582,False,505.99179906547545,False,True,0.45443177475830665,0.8300049667906332,-0.004154592320538941,False,0.6458416149533208
GEHC,367,0.3933801398473352,GE HealthCare,Health Care,SP500,68.86000061035156,-0.012335063042084204,-0.0399442025056751,-0.020622912794639348,0.06539206104130968,-0.07186711815911351,0.42884990253411304,0.5653021442495126,0.23391812865497075,-0.18323586744639375,-0.21778814300020322,0.1582567690339407,False,-0.05043937396372156,False,0.008520062312059151,-0.05253954831389518,-0.00844808410903275,-0.029055883204649358,False,288.20532604496003,True,False,0.46672075943287633,0.66665083537976,-0.010470501207002547,False,0.6497544766202972
ALNY,368,0.3911458631357694,Alnylam Pharmaceuticals,Health Care,NDX,266.1099853515625,0.00608690114012278,0.12235334669448039,0.23130664151305735,-0.12189408985108463,-0.17011793702849243,0.9805068226120858,0.0935672514619883,0.08382066276803118,0.07992202729044834,-0.4582672026988568,0.29506516879831546,False,0.11980300828723256,True,0.02814478753336469,-0.17134917102738778,-0.027374342480388614,0.0565592150726395,False,487.2483150209351,True,False,0.6559165749024806,1.0317531531921784,-0.022381903318466456,False,0.7402130886683096
EFX,369,0.3910819667128247,Equifax,Industrials,SP500,177.0500030517578,-0.06367334877207453,-0.08638219079949938,0.010078104855607561,0.031555337525764005,-0.14038025775962992,0.6120857699805068,0.46393762183235865,0.12085769980506822,0.07212475633528265,-0.31737235915389383,0.16870691688740158,False,-0.04973795077175103,False,-0.003755483642597146,-0.05128082230713904,0.0037696404657046045,-0.04890682878801278,False,259.41182084661864,False,False,0.9031425837017868,0.7854294468108233,-0.111587028681424,False,1.8830976708982694
TSLA,370,0.38895602781687855,"Tesla, Inc.",Consumer Discretionary,SP500,354.0799865722656,-0.05922365978717725,0.015283115619399545,0.10812752456720931,-0.09442458677169918,-0.10750390248529063,0.9181286549707602,0.13255360623781676,0.15204678362573099,0.09551656920077972,-0.27721078010324696,0.18691330745190715,False,0.016187853813023345,True,-0.01080551942564889,-0.11382180296302535,0.010923554101691879,-0.009137758825883635,False,14429.785019122803,False,False,0.897999170978043,1.2930929821661052,-0.03799449472191929,False,1.6384403081437426
BA,371,0.38884425676062306,Boeing,Industrials,SP500,212.25,0.008265666897385948,0.011581320136103024,-0.08587795439830859,-0.014852620067620226,-0.08160616399352305,0.12475633528265107,0.3333333333333333,0.20662768031189083,-0.04483430799220273,-0.1582391229914707,0.18495983578571185,False,-0.02596284984567976,False,-0.03263649409998581,-0.03630770391227578,0.03373757010775558,0.0047960721683866225,False,1242.509771788147,False,False,0.45477088058619997,0.9694441858037284,-0.005082856364783894,False,0.808379063974714
VMRK,372,0.3880008239777526,Vivmark Residential,Real Estate,SP500,65.3499984741211,0.0060036852700888765,-0.0028990301915182703,-0.020239858109268982,-0.031693396904694526,0.06550523133524355,0.4327485380116959,0.2787524366471735,0.4853801169590643,-0.11695906432748537,-0.06842484600641174,0.15261287742429985,False,-0.0026859803544487804,False,-0.027482602044551885,0.03790766520678912,0.028259239477185005,-0.0015673280326168326,False,270.5901935045395,False,True,1.20525325731236,1.296946687363977,-0.002155163048361275,False,1.6345878980404471
MSCI,373,0.3857840949405477,MSCI,Financials,SP500,573.010009765625,-0.002853936446117311,0.003942112203908499,0.013802785782911497,-0.06564307554259341,0.01387143281406078,0.6335282651072125,0.18128654970760233,0.3937621832358674,-0.09746588693957114,-0.1068149226532904,0.13201520061620475,False,0.012692445436481625,True,-0.0071286274368844715,0.006486259248900561,0.007179809624767275,0.007903224381688112,False,392.8490382849121,False,True,0.5868704036448383,0.5697664246347651,-0.014078180652159045,False,0.6863253029387215
LLY,374,0.38569196965015284,Lilly (Eli),Health Care,SP500,1149.3599853515625,-0.008830623016528483,-0.021496496977626678,-0.034341462914341925,0.017311862461954375,0.16424662366813547,0.32943469785575047,0.42300194931773877,0.6920077972709552,-0.4288499025341131,-0.10230093878607571,0.6185626724455877,False,-0.0439898422796875,False,-0.034432369110375394,0.0839170162254379,0.03566023550173414,-0.01984480235762831,False,3285.6909569780273,False,True,0.990096149519872,0.9267465619429913,-0.007752665077310317,False,0.8007445563877322
BRK-B,375,0.3844426515298902,Berkshire Hathaway,Financials,SP500,506.0299987792969,-0.004132812633255045,0.002039601543162073,-0.03541676119606152,0.03667054620168608,0.014128798023458122,0.31968810916179335,0.47368421052631576,0.39571150097465885,-0.21832358674463942,-0.04418039531165319,0.08730125787635812,False,0.0012207834348565427,True,0.005731935168990843,0.027655910071692436,-0.005699267338098002,0.0019827764990454355,False,2151.624501168213,True,True,1.0477149244604629,0.9543585749563309,-0.005549775248696709,False,0.7536709667657181
RTX,376,0.38383096248993864,RTX Corporation,Industrials,SP500,200.7899932861328,-0.0066294541350087055,-0.05158005328719828,-0.09761693990228948,0.11308366170172302,-0.03558266786275477,0.09551656920077972,0.6744639376218323,0.2826510721247563,-0.24366471734892792,-0.10953927715337275,0.34280249650140004,False,-0.060145568172828234,False,-0.030974324553475818,0.04684107353173328,0.0319644002613273,-0.026009222874868065,False,970.9918603258362,False,True,0.7074219188352407,0.7811245916838997,-0.006728346002564223,False,0.5976721099005081
AMT,377,0.38251221661459583,American Tower,Real Estate,SP500,175.85000610351562,-0.01068913584520037,-0.002156214227065689,0.027161268914503767,-0.0854697490580133,-0.04924754101363049,0.7076023391812866,0.1442495126705653,0.25925925925925924,-0.08187134502923976,-0.0854697490580133,0.08475729715275016,False,0.007519904518163312,True,0.027661875387201107,0.002843559278185692,-0.026917292593712894,0.0011023530049403263,True,485.6316765471802,True,True,0.6425180668577434,0.8233021574901046,-0.0076511989330608765,False,0.6715572089142301
LOW,378,0.37745429021564564,Lowe's,Consumer Discretionary,SP500,204.4499969482422,0.012630030355846422,-0.017303561887571983,-0.06387361418542026,-0.02385156532818522,-0.17939978408988533,0.19103313840155944,0.2982456140350877,0.07602339181286549,0.11500974658869395,-0.28076489681514327,0.023068458240746548,False,-0.03682627481141876,False,-0.03963195508192319,-0.126795342435705,0.04126746541770232,-0.00597025933551254,False,638.2756041942749,False,False,0.702617762588017,1.0956920831123829,-0.004309039838968798,False,0.8070548807920209
FFIV,379,0.3773289769324376,"F5, Inc.",Information Technology,SP500,390.4700012207031,-0.004284056360905453,-0.009562675291846068,-0.05471229017549284,-0.00732173595557184,0.36423031079373525,0.22417153996101363,0.3489278752436647,0.9005847953216374,-0.50682261208577,-0.09458333168217903,0.7432474291029019,False,-0.016787657154774593,False,-0.035055029925907366,0.19336067845197902,0.03632852754620375,-0.009301914223568075,False,245.10753586682128,False,True,1.1272945888196195,0.7782179725225806,-0.0017849845731169323,False,0.5146320175221909
ORLY,380,0.3766419473340887,O'Reilly Automotive,Consumer Discretionary,SP500,87.88999938964844,0.005836600506536671,-0.006892662263859428,-0.05869126267252034,-0.027012093346016064,-0.07093022402435079,0.2124756335282651,0.2884990253411306,0.23586744639376217,-0.017543859649122806,-0.18484511557768535,0.062371519682555165,False,-0.021667156678746413,False,-0.012554026600965495,-0.046431801037108866,0.01271363389913005,-0.004816886712198709,False,625.3036585822906,False,False,0.52155218174987,0.7762127163804261,-0.006981009722195952,False,0.5302504644447926
CHD,381,0.375638678126061,Church & Dwight,Consumer Staples,SP500,98.55000305175781,-0.0004056525775266717,-0.0267627792544064,-0.043629107019410585,0.021816246180493826,-0.015161702795675525,0.27485380116959063,0.4444444444444444,0.33528265107212474,-0.17543859649122806,-0.057826219516642685,0.22037051908383964,False,-0.01856204005374218,False,-0.005288287275138748,0.044053615550549985,0.005316401935845594,-0.011926475672546566,False,177.26964141815185,False,True,0.9287828293983478,1.0213223096150492,-0.00659289908335825,False,0.7450399229778917
DHI,382,0.37496213898521036,D. R. Horton,Consumer Discretionary,SP500,142.75,-0.011495073886941043,-0.03148110054184805,-0.02232720107857622,-0.016652424033156477,-0.02479535092251961,0.4093567251461988,0.3216374269005848,0.31189083820662766,0.01949317738791423,-0.21504328970730546,0.08359349074628009,False,-0.029089892836498876,False,-0.04236878443148784,-0.04234057274596714,0.0442433201243706,-0.01353678104912237,False,333.30277180834963,False,False,0.9319429898706816,0.8719977520773214,-0.004847288487576207,False,0.7387759809096313
FISV,383,0.37407407407407406,Fiserv,Financials,SP500,53.0,0.005120433531341284,-0.003384736821038792,-0.020513779298298784,-0.0262722817776615,-0.1600633711308782,0.43079922027290446,0.290448343079922,0.10136452241715399,0.05263157894736842,,,False,0.006972804581782288,True,0.016069224735716148,-0.09111020045858009,-0.015815088524008702,0.007359895445910425,False,386.12845313059233,True,False,0.8521287057295377,0.8690530038074543,-0.015550914127495985,False,0.9567009056989103
SYY,384,0.3709662283562788,Sysco,Consumer Staples,SP500,80.05000305175781,-0.0127034873709434,-0.02306564966238489,-0.05097801422821058,0.056240400046629446,-0.04742392261667683,0.23586744639376217,0.5341130604288499,0.2651072124756335,-0.24951267056530213,-0.1093894551709591,0.17154490571869196,False,-0.0319557063054795,False,-0.03619594315082797,0.017765980047238727,0.03755529237878319,-0.01987655098043195,False,262.1642696412659,False,True,0.6496628627803972,0.7898356183867641,-0.005303407689503548,False,0.6810944147989142
EXR,385,0.37051780898212044,Extra Space Storage,Real Estate,SP500,139.25,-0.012271214214550574,-0.02561054907508742,-0.06881097865534691,-0.03128347386052077,-0.02880936270765233,0.17348927875243664,0.2826510721247563,0.30409356725146197,-0.20077972709551656,-0.08897615675792125,0.13767636163492813,False,-0.03811282291923013,False,-0.04916612867382808,-0.001984949821062121,0.05170843209997744,-0.017607478171859592,False,158.0983634989624,False,False,0.5780432906101655,1.099778336371771,-0.005178009289700025,False,0.8920386952792866
DPZ,386,0.3679217068546557,Domino's,Consumer Discretionary,SP500,341.0799865722656,-0.017145526980263504,-0.025485752650669657,-0.04840556442833621,0.09299223019230052,-0.1554515702701661,0.24561403508771928,0.6276803118908382,0.10331384015594541,-0.042884990253411304,-0.2541331958943691,0.20510189041210225,False,-0.008953681512649414,False,0.02214136300334335,-0.057896410041950674,-0.021661742499379688,-0.007430008614031536,False,303.9125733145752,True,False,0.9705307093206873,1.1388650344380378,-0.00899056314486446,False,0.6935464140919894
LIN,387,0.36421514211708883,Linde plc,Materials,SP500,477.57000732421875,-0.00958127521059271,-0.02117889511217874,-0.02237710521553138,-0.056619934159376384,-0.005090569800504596,0.4074074074074074,0.20077972709551656,0.35477582846003897,-0.08382066276803118,-0.12347669975857967,0.2385648331797363,False,-0.011620425546384983,False,-0.044725210211939315,0.0005998718425745952,0.046819209184680854,-0.012249177812828638,False,1048.5332956064453,False,True,0.6703485977046084,0.858643484560355,-0.006097186641200625,False,1.0835739210249655
TTWO,388,0.36339040142212453,Take-Two Interactive,Communication Services,SP500,214.69000244140625,0.002615222275365925,-0.08793915205368108,-0.07648298139946597,0.0013993332366804,0.015082753860076847,0.14619883040935672,0.38011695906432746,0.39766081871345027,-0.08966861598440545,-0.18147853350412035,0.13179397795475434,False,-0.08376648908105044,False,-0.10421840867878951,-0.05790365525433028,0.11634354812435377,-0.03506037875870993,False,571.6716052319641,False,False,0.8780198447278749,1.4122440526346116,-0.010180768154203212,False,0.8629452154251457
PSA,389,0.36243195507795367,Public Storage,Real Estate,SP500,302.010009765625,-0.012167602417250012,-0.036681444425322174,-0.07642198848432724,-0.01570787275439478,-0.0006869588986927466,0.14814814814814814,0.3235867446393762,0.3684210526315789,-0.2222222222222222,-0.08611974263912459,0.1914499852065974,False,-0.049603063085259524,False,-0.05750346173000709,0.025523858951106648,0.06101185457461522,-0.021302050079486823,False,319.9820903121338,False,True,0.6723862534727729,1.0020105363295522,-0.003107356729443622,False,0.5090133430875173
ORCL,390,0.3574157997734061,Oracle Corporation,Information Technology,SP500,158.77999877929688,0.030771265254208258,0.05256872625076037,0.10671218671729177,-0.2543410755947145,0.045298555028119525,0.9142300194931774,0.021442495126705652,0.44834307992202727,-0.003898635477582846,-0.5108892393062489,0.3808157381427735,False,0.07058815280557273,True,0.13618180601736096,-0.05441461094713973,-0.11985916804522401,0.057636230862738724,False,4383.4080983017275,True,False,0.7484472616634916,0.7247781420343491,0.03518575476478092,True,0.8274318640770328
WEC,391,0.3566532388810688,WEC Energy Group,Utilities,SP500,105.94000244140625,-0.00712272285447757,-0.002636026888336196,-0.010248440630557742,-0.05388683490764856,-0.0690253539619915,0.49902534113060426,0.21442495126705652,0.24171539961013644,-0.009746588693957114,-0.10085417043313571,0.050321576534368084,False,-0.014229699981305521,False,-0.04214347342555935,-0.03695501866557627,0.043997688856676875,-0.0055286606952439366,False,237.56014559176637,False,False,0.9859003844378611,0.9180524903958329,-0.005623228596830621,False,0.7340526608425993
DUK,392,0.355908607134274,Duke Energy,Utilities,SP500,120.22000122070312,-0.00971993649377545,-0.00024947009810294407,-0.021170333579695,-0.023691842661079043,-0.07679257772325654,0.42300194931773877,0.3001949317738791,0.22417153996101363,-0.03898635477582846,-0.08343337104500093,0.08216514946984654,False,-0.012452681989102099,False,-0.030434829650090478,-0.01731266356378558,0.03139018457016851,-0.005619935783875096,False,500.8129891713409,False,False,0.9351953908905201,0.8622021730780923,-0.005436603408680241,False,0.7899615667755732
Q,393,0.3522417153996101,Qnity Electronics,Information Technology,SP500,120.47000122070312,0.016881910858379312,0.002413054707862683,-0.09612201694822309,-0.15135379282560535,0.09506896469937809,0.10136452241715399,0.0682261208576998,0.5536062378167641,-0.050682261208576995,,,False,-0.06549285584618825,False,-0.11097806829171775,-0.008303732044457779,0.1248316428802494,-0.008633754055772713,False,258.10187027867124,False,False,0.7669875277355238,1.018701051283588,0.012914651502759611,False,0.6883807053734785
CMS,394,0.35153694739130936,CMS Energy,Utilities,SP500,68.45999908447266,-0.0018952800752105592,0.003665151786476306,-0.030723463872714518,-0.042025508082505936,-0.09864582750515782,0.35282651072124754,0.24951267056530213,0.17738791423001948,-0.009746588693957114,-0.12999136699687452,0.012996174786646497,False,-0.011814634360201581,False,-0.04935064462860461,-0.05588163757959985,0.051912563080973806,-0.0012679796111563224,False,252.48409597613525,False,False,0.7776023673462472,0.8764577249079625,-0.005248476456881868,False,0.8957064607219406
CMI,395,0.3510730784342897,Cummins,Industrials,SP500,560.75,0.027956003666361084,-0.007258521312113797,-0.12600200098155978,-0.13571873470428708,0.04705779513934982,0.04678362573099415,0.07602339181286549,0.4580896686159844,-0.056530214424951264,-0.2264363251926389,0.44118046144677936,False,-0.05220389982145668,False,-0.1111359166748126,-0.05948256820790376,0.12503139541768826,-0.006428234962497781,False,640.8112961812744,False,False,0.5615872465851497,1.256076105309975,0.014482171244844189,False,1.0454103191096744
FERG,396,0.3488954501932151,Ferguson Enterprises,Industrials,SP500,228.41000366210938,0.023204802372942313,-0.00035013273723727423,-0.09514870699243483,-0.0013844052934556261,-0.000412346956675802,0.10526315789473684,0.37037037037037035,0.37037037037037035,-0.001949317738791423,-0.1403195221972604,0.10007443046146003,False,-0.03674612593491977,False,-0.027948840241927564,-0.03949390179081458,0.028752437524876218,0.0021175521176377554,False,621.9371163782959,False,False,0.9563047765526941,0.6162742266569508,-0.004614069789052988,False,0.45684162223410746
PEG,397,0.3482177666388193,Public Service Enterprise Group,Utilities,SP500,73.69999694824219,-0.0014903212842438673,0.006968089763956797,-0.017857195508214407,-0.06466157085053481,-0.10092216848131053,0.4444444444444444,0.18908382066276802,0.1695906432748538,-0.023391812865497075,-0.1381467776166686,0.015011655815015068,False,-0.008329004613423119,False,-0.04611032104100965,-0.06912575127365328,0.04833925983068732,0.00012768341574309616,False,223.69507462797546,False,False,0.8082270147950433,1.3719636257941286,-0.0033870750341312705,False,0.6938642360542373
SRE,398,0.34771823012630515,Sempra,Utilities,SP500,84.04000091552734,-0.00626698334172171,-0.0032024273619361,-0.003675134133984126,-0.07415662435412262,-0.07988031659968164,0.5399610136452242,0.16374269005847952,0.21442495126705652,0.023391812865497075,-0.15147265098746643,0.0889338378708826,False,-0.010642293141423176,False,-0.05330935381863566,-0.06844712008944065,0.05631127130458924,-0.0022175198817399044,False,330.7952217684326,False,False,1.472244012760408,1.5250201442943114,-0.006739975131619946,False,0.7124330843223117
FLEX,399,0.3475101375966553,Flex Ltd.,Information Technology,SP500,109.51000213623047,0.015015318896530294,-0.008959256685697081,-0.10713411517468208,-0.27916006150521444,0.8279085697737805,0.07407407407407407,0.01364522417153996,0.9688109161793372,-0.13060428849902533,-0.32430433030611727,1.0089892773482347,False,-0.04529839759801446,False,-0.10993094731791819,0.1546974184638501,0.12350833565851871,-0.0020030882641124403,False,520.84171470224,False,True,0.6583055874389098,0.7736537227855836,0.00519044917751188,False,1.0499581773746607
LNT,400,0.3471624266144814,Alliant Energy,Utilities,SP500,67.97000122070312,-0.0004411585190716716,-0.0008819279681070435,-0.02229567746272132,-0.060150108633329924,-0.03564553828115169,0.41130604288499023,0.1949317738791423,0.2807017543859649,-0.06237816764132553,-0.12230085981169936,0.10159868470390854,False,-0.01289607898777878,False,-0.0537873921203077,-0.02286347559012003,0.056844932811491944,-0.0032937662616092656,False,172.70935163000487,False,False,0.7704343632528171,0.9726530493409696,-0.006323533899643796,False,0.7636903194056939
PDD,401,0.3459285580770801,PDD Holdings,Consumer Discretionary,NDX,82.20999908447266,0.0071052535902222935,-0.040611544611790396,-0.09510181105957383,-0.033619379576952935,-0.19378250367440975,0.10721247563352826,0.27680311890838205,0.06627680311890838,0.16374269005847952,-0.4048360517020293,0.12155519320269903,False,-0.0490511945169001,False,-0.03968807173325617,-0.1615438252626148,0.04132831277529658,-0.020163236005494634,False,569.3594724363251,False,False,0.7583094478361294,1.0328794500066667,0.010167853227753598,False,0.674981132491387
SO,402,0.344380166550318,Southern Company,Utilities,SP500,88.11000061035156,-0.007434899827343799,-0.001586395350123948,-0.043729304959639004,-0.0406312015243232,-0.08111298055616245,0.2729044834307992,0.25146198830409355,0.20857699805068225,-0.09941520467836257,-0.0962253673320731,0.07369992752905685,False,-0.022586406981524032,False,-0.050961735137199815,-0.03218962627676902,0.05369829333969722,-0.008058199940018329,False,498.1627120948181,False,False,0.7384484110517862,1.1378080491026281,-0.00506924597565972,False,1.3357812739976713
JBL,403,0.34320580751727103,Jabil,Information Technology,SP500,310.57000732421875,0.015200031682735204,0.030253756005569565,-0.09874051815194995,-0.1206060798785531,0.2887604361273075,0.09161793372319688,0.09746588693957114,0.8421052631578947,-0.06237816764132553,-0.19446849408014855,0.6146547564073466,False,-0.04617866580944119,False,-0.050444697296964436,0.06102083481762621,0.05312454909510467,0.006234598630149302,False,368.07093357818604,False,True,0.9774089382356159,0.8285046326840882,0.01147351952792719,False,0.6311696345720472
DD,404,0.34305131168865843,DuPont,Industrials,SP500,131.58999633789062,0.0035079038965124543,-0.03512240541547196,-0.0824788729996776,-0.05963053355138925,-0.022732323242052765,0.13060428849902533,0.1968810916179337,0.3216374269005848,-0.037037037037037035,-0.13819860057286992,0.4474569625747362,False,-0.04600583650199097,False,-0.04478118864159564,-0.02926749909528381,0.046880555647677014,-0.018368155734976077,False,204.94424346520995,False,False,0.7248478537669008,0.9490706184714327,-0.005872067747950349,False,1.2334188051444608
RL,405,0.3421649633978401,Ralph Lauren Corporation,Consumer Discretionary,SP500,351.20001220703125,0.020337012643072194,-0.008021681926748347,-0.1127503622242283,-0.03953496892751629,0.043340038030556194,0.06042884990253411,0.253411306042885,0.4405458089668616,-0.27680311890838205,-0.15013043675728133,0.17200414454075696,False,-0.048135275582181,False,-0.07323205014871503,-0.03783842342701482,0.07901875562320249,-0.000900142615256394,False,236.96019024731444,False,False,0.6065712651340837,1.231325015919134,-0.009674657093971306,False,1.0988745747875144
INVH,406,0.34091564527757756,Invitation Homes,Real Estate,SP500,28.389999389648438,-0.002109011306923314,-0.029069780715570204,-0.06519596295259567,-0.04526349015468245,0.10759968782350948,0.1871345029239766,0.2378167641325536,0.5750487329434698,-0.3021442495126706,-0.07191895233623702,0.19024964435335479,False,-0.042528094868797606,False,-0.05031747393105912,0.03228513235548158,0.05298346821157196,-0.022880504451845862,False,119.226308567276,False,True,0.8613432961126163,0.9376259261768374,-0.004920959340691589,False,0.6196276144606951
AVGO,407,0.3399459455335446,Broadcom,Information Technology,SP500,357.8999938964844,0.0020718731850923877,-0.02952903928011652,-0.14901208440054514,-0.0706804511194783,0.08695950775500161,0.02729044834307992,0.17153996101364521,0.5360623781676414,-0.15009746588693956,-0.2556296667673956,0.22172539025379656,False,-0.05398423496756177,False,-0.06714668826120085,-0.030160485727910746,0.07197990017963507,-0.020177238658959262,False,8454.895419598144,False,False,0.6413769255799086,1.557878992416026,0.007111682492099147,False,1.4871619880132574
DOV,408,0.3394198967738983,Dover Corporation,Industrials,SP500,192.8800048828125,0.00947295488151867,-0.02662046921040162,-0.08275929827942596,-0.09950161426825066,-0.06983296399411754,0.1286549707602339,0.11695906432748537,0.2378167641325536,-0.04873294346978557,-0.1671584641055952,0.20907452681840621,False,-0.03891838789900881,False,-0.06739236990033315,-0.07690764403975914,0.07226229737486811,-0.010163751942111277,False,240.3693420213318,False,False,0.5707242339450916,1.272342145188412,0.0002093122133237646,False,1.1766764434296169
URI,409,0.33740210495798095,United Rentals,Industrials,SP500,1009.8599853515625,0.01608861351377211,-0.01979132700649111,-0.12992401008655352,-0.052602557184385335,0.25209003974620914,0.04093567251461988,0.2202729044834308,0.8187134502923976,-0.6276803118908383,-0.1330334026569331,0.4267908415209769,False,-0.0626323122425605,False,-0.07050408299503408,0.09248970468079087,0.07585195556556434,-0.013541048350735219,False,495.4260383947754,False,True,0.7718645882826181,0.8449270146672869,-0.005362891641793932,False,0.6804024297319288
PNW,410,0.33667349500082017,Pinnacle West Capital,Utilities,SP500,97.5199966430664,-0.004897993438097936,-0.0012290326437133237,-0.03273163124128853,-0.04515118148351782,-0.030854457432711535,0.34502923976608185,0.23976608187134502,0.3001949317738791,-0.14619883040935672,-0.10024030400307693,0.17964039914633445,False,-0.01315527027600949,False,-0.0479517688837916,0.004825116669270102,0.050366953392236846,-0.004081458274015959,False,117.35428047644044,False,True,0.6555375256354566,0.7235426079591787,-0.006122433409398886,False,0.4234548968097324
TDY,411,0.3365462743617033,Teledyne Technologies,Information Technology,SP500,610.6500244140625,0.004573394507388029,-0.01818444459295321,-0.11180764622621076,0.013914032927182296,-0.05711504755377805,0.06627680311890838,0.4093567251461988,0.253411306042885,-0.1286549707602339,-0.11666420483585971,0.2604496106578895,False,-0.0499623187933349,False,-0.05551726406641633,-0.005209311278391304,0.05878060228548243,-0.012429442826012216,False,227.28056969348145,False,False,0.6282129552845989,0.6105055526417805,-0.0004935064987224846,False,0.4309806725454814
ROST,412,0.3364861926505762,Ross Stores,Consumer Discretionary,SP500,230.69000244140625,-0.004230136553220798,0.009363375021105513,-0.09287875169652104,0.003352405557053295,0.09390088303635657,0.1111111111111111,0.3840155945419103,0.5516569200779727,-0.29629629629629634,-0.09614854718067523,0.604763734006099,False,-0.02826043426368552,False,-0.016301862324548222,0.08733909272053553,0.016572017065185074,-0.006436253468936393,False,627.9163552766113,False,True,0.8449742884092126,0.7247290590873678,-0.0014244478510939684,False,0.4997124555572033
RDDT,413,0.33608068878436576,Reddit,Communication Services,SP500,154.4600067138672,-0.00980831287530104,0.009542527541615664,0.023795398110082466,-0.10948394677713169,0.10811397797694444,0.6900584795321637,0.10526315789473684,0.5769980506822612,-0.031189083820662766,-0.42942628056083987,0.2677282612970022,False,-0.010217540057468555,False,-0.09147692027657706,-0.11506854490486207,0.10068750295746454,0.002766327807975699,False,1019.7916098857727,False,False,0.884154573939683,0.6786436355948788,-0.001602666781180151,False,0.4632267816269906
AFL,414,0.33591055263730096,Aflac,Financials,SP500,117.20999908447266,-0.009716133152658402,0.0059217512983622544,-0.06994865358532565,-0.0037186068667576233,0.06397972399597007,0.1695906432748538,0.3664717348927875,0.47953216374269003,-0.3469785575048733,-0.09069623435836072,0.1320760514754029,False,-0.008000320271740247,False,-0.03168656183309926,0.0327026623633222,0.032723455633420384,-0.0006058463811320358,False,248.8699854424591,False,True,1.1240270288538836,1.2828702597369797,-0.007181467300928279,False,0.9270499301750577
BSX,415,0.3358727869903068,Boston Scientific,Health Care,SP500,47.79999923706055,0.018104333552898533,0.020495283547081966,-0.03042596395969921,-0.015447992003828737,-0.33006306574207167,0.35477582846003897,0.3255360623781676,0.023391812865497075,0.21832358674463936,-0.5579804003435556,0.1212760506546684,False,-0.03462622574679031,False,0.019498425881066872,-0.28402600231387476,-0.019125508569781347,-0.005999254227762707,False,933.7916769200668,True,False,0.9118405630333639,0.8328564842280218,-0.0006390328755399022,False,0.7730238684782345
VMC,416,0.3355981277394399,Vulcan Materials Company,Materials,SP500,262.6300048828125,0.009222586923729015,-0.04327712819272267,-0.06573171733918759,-0.06490162074765626,-0.03945390626386469,0.18518518518518517,0.1871345029239766,0.27680311890838205,-0.029239766081871343,-0.20047054643886797,0.025760891317995416,False,-0.04017343275287799,False,-0.06894870884605209,-0.08592895257540523,0.07405468366903478,-0.015551227086742059,False,293.37419274328613,False,False,0.7610118672673931,1.1676442110571916,-0.006263708311867733,False,1.071351571944468
NFLX,417,0.3355042858287271,Netflix,Communication Services,SP500,78.25,-0.053465565100322854,-0.04246207989316608,0.06188081703782777,-0.04782185800172434,-0.20975557813776968,0.8265107212475633,0.23391812865497075,0.056530214424951264,0.17738791423001948,-0.3805659854315251,0.15754440482651755,False,-0.013365273602969241,False,0.037245400071809875,-0.0993686919353266,-0.03590799252446086,-0.029349914534713806,False,2927.8814726590117,True,False,1.1974379698080002,0.7016354167672528,-0.006048143353991509,False,1.0158702244309965
CRH,418,0.33398755641005096,CRH plc,Materials,SP500,94.26000213623047,0.024119960871584523,-0.01669099169553223,-0.030946409613946346,-0.09920254194993894,-0.10739645526162167,0.3489278752436647,0.1189083820662768,0.1539961013645224,0.042884990253411304,-0.2744972799917319,0.033552689587532436,False,-0.013130463779390755,False,-0.05247364255800402,-0.1481016159058648,0.055379612552061586,0.003377715166725137,False,428.26663330453493,False,False,0.7607731678179646,1.1587241198585527,-0.005106488657409813,False,0.9006590108916258
EBAY,419,0.33312199829863853,eBay Inc.,Consumer Discretionary,SP500,103.41000366210938,-0.02314374583521983,-0.020924058199233264,-0.0582493909506131,-0.05144570635409296,0.12190665983079052,0.21637426900584794,0.22417153996101363,0.6140350877192983,-0.1793372319688109,-0.12565593595958224,0.31418807449617314,False,-0.007391432408083598,False,-0.05159936962101608,0.05425608960387285,0.05440672218912046,-0.012531860087681035,False,427.7804135892029,False,True,1.0732836779833144,1.098892575122788,-0.015870019794912982,False,0.8137264232324009
NRG,420,0.33288262513208433,NRG Energy,Utilities,SP500,119.0199966430664,0.06419886033868938,0.07109425577050188,-0.0002520487855708353,-0.07552255158373511,-0.2236375900569485,0.5497076023391813,0.1617933723196881,0.04873294346978557,0.1286549707602339,-0.3489743005710845,0.08684133249313164,False,0.025605640652234918,True,-0.06459987251873933,-0.18379408722915336,0.06906121842498192,0.04536640775373901,False,356.6810275519867,False,False,0.8301072874173485,0.9622687746027789,-0.00491769885883786,False,1.2038762262096192
HWM,421,0.33206665827430065,Howmet Aerospace,Industrials,SP500,259.2699890136719,-0.004683485993475012,-0.021068593397210678,-0.1046689214980191,0.029755206208087248,0.03749884367986711,0.07602339181286549,0.4619883040935672,0.4249512670565302,-0.26510721247563357,-0.11406118427810263,0.45796739747582227,False,-0.04521839808787653,False,-0.05812944205354553,0.05676351193123508,0.06171701786738537,-0.006227720151910865,False,752.5414602489624,False,True,1.309888462277154,1.795849761241314,-0.0018810328716820646,False,1.0042936470387354
CARR,422,0.33159592283600936,Carrier Global,Industrials,SP500,59.709999084472656,0.010663460289312532,0.015648888494953717,-0.06644778081355163,-0.10773203010652754,0.030645411925832367,0.18323586744639375,0.10721247563352826,0.41325536062378165,-0.0935672514619883,-0.21151689958037545,0.19928765799983394,False,-0.011971856701556094,False,-0.07645334466279485,-0.021813820132934314,0.08278233072576091,0.011937652518330122,False,391.37173249150084,False,False,0.4475161690114562,0.7981093094968269,-0.008124633413286175,False,0.7134561250401905
TPL,423,0.3296723544019867,Texas Pacific Land Corporation,Energy,SP500,362.4200134277344,-0.011132296240833894,-0.0037821916629211527,0.020700248123474374,-0.06872463323292421,-0.3075502566006685,0.6803118908382066,0.17738791423001948,0.031189083820662766,0.10721247563352826,-0.3264845320517321,0.3304906953545337,False,-0.006680511530748001,False,-0.06434353939700455,-0.0717180579749328,0.06876833763915613,-0.013460247070926634,False,139.81754721844482,False,False,0.8284989450177209,0.8176350493847597,-0.01688950188651095,False,0.7460557786408619
IR,424,0.32963134624994755,Ingersoll Rand,Industrials,SP500,76.36000061035156,0.012732083090783108,-0.028251478352928516,-0.13442855630652917,0.05713531572606145,-0.1160542365049485,0.03898635477582846,0.5360623781676414,0.14035087719298245,-0.17153996101364521,-0.2262442130613883,0.11435692371755235,False,-0.04702444734324751,False,-0.06483318148710149,-0.06871729848719443,0.06932793187658137,-0.01007678918499777,False,324.61335011349485,False,False,0.6098883901392103,0.854372637238214,-0.0013262396829895051,False,0.9648519821636924
HUBB,425,0.3282097938911205,Hubbell Incorporated,Industrials,SP500,460.7200012207031,0.0012387424356827825,0.005412035263573811,-0.08977667778052445,-0.030771171603802494,-0.016973034152546695,0.1189083820662768,0.28460038986354774,0.3313840155945419,-0.09941520467836257,-0.16906597650732658,0.14478874841468903,False,-0.03388496990326706,False,-0.04754219650372016,-0.04544175329098765,0.04991527848184174,0.000730118844563421,False,262.28406765042234,False,False,0.7304083426064469,0.93161582493028,-0.0007606348107316308,False,0.9793112552390184
HD,426,0.3261263890319406,Home Depot (The),Consumer Discretionary,SP500,321.04998779296875,0.009368945201150058,-0.020515774102473294,-0.07468559156914667,0.04065864343383452,-0.08353786435982036,0.15204678362573099,0.4873294346978557,0.20077972709551656,-0.12475633528265107,-0.2202972399402514,0.095229424560757,False,-0.03427960031244237,False,-0.04657549668776573,-0.051941804212746745,0.04885074437038339,-0.008301820644336044,False,1299.9134225108032,False,False,0.7538291050268169,0.8444749076727412,-0.004307212518126602,False,0.57215360540279
ECHO,427,0.3246893870902523,EchoStar,Communication Services,SP500,89.80000305175781,0.00011139476699506545,0.03408575355473231,0.031828154789310226,-0.22772614383836498,-0.15474393018242105,0.7212475633528265,0.031189083820662766,0.10526315789473684,0.023391812865497075,-0.3667136733489329,0.3417003233572893,False,0.01618199147433086,True,-0.012945983380623471,-0.16595340967339944,0.013115780051190074,0.021965275336535806,False,444.8550458183899,False,False,0.4917853458949557,0.4935241176721724,-0.003786657354030165,False,0.4915365780053238
CCI,428,0.3241908042556925,Crown Castle,Real Estate,SP500,75.83000183105469,-0.018508934320947912,-0.004071415301796,0.012146338552455838,-0.18811668645214918,-0.1410625852579982,0.6237816764132553,0.04483430799220273,0.1189083820662768,-0.017543859649122806,-0.20509589452154464,0.030158962128726374,False,0.006503866386031731,True,-0.007572424130726563,-0.09235217057045986,0.007630203266060898,-0.0014572048925159953,False,284.10287732852174,False,False,0.58484981175515,0.80687489325662,-0.006342291996058291,False,0.6537319858304921
FTV,429,0.32174442956706834,Fortive,Industrials,SP500,56.939998626708984,-0.00973915431810457,-0.04491005415863181,-0.06342503496356944,-0.06877574767090666,-0.004567598334641598,0.19298245614035087,0.17543859649122806,0.3586744639376218,-0.20077972709551656,-0.110480275178512,0.20020219292401964,False,-0.04467744858149858,False,-0.06008330392047656,-0.016961120434577093,0.0639240734536255,-0.01982115774432236,False,154.95456272132873,False,False,0.7138210469287893,1.1709468769883558,-0.0055652120838994845,False,0.8758871184368807
MLM,430,0.32161244053817956,Martin Marietta Materials,Materials,SP500,514.77001953125,0.011455214881669562,-0.029083880946737306,-0.04212496271961352,-0.10458811438860527,-0.1535241140975102,0.28654970760233917,0.11306042884990253,0.10721247563352826,0.01364522417153996,-0.26992121910979994,0.019508052447054336,False,-0.029118447779716616,False,-0.06701291206570115,-0.14086144722242955,0.07182619452330541,-0.008245290278511286,False,350.86379243139646,False,False,0.6960882541054713,1.279516300351336,0.002082755439754891,False,1.0929772814834933
COST,431,0.3215889800605014,Costco,Consumer Staples,SP500,915.739990234375,-0.010449404254092687,-0.03144465862479007,-0.03519995081948446,-0.05625656614275065,-0.0797246316763125,0.3216374269005848,0.20272904483430798,0.21637426900584794,-0.017543859649122806,-0.1618576474293607,0.08209608152205461,False,-0.03320501154296196,False,-0.028917775365847498,-0.04400896930238796,0.029778915350594515,-0.020628068333892635,False,2049.5579669039307,False,False,0.862610803659433,0.9476293412447199,0.0007348674972960101,False,0.9504521537386801
VICI,432,0.32020309525716883,Vici Properties,Real Estate,SP500,25.420000076293945,-0.00896684388525959,-0.017394694562862134,-0.042200482313402565,-0.07224887290714077,-0.11466788489447777,0.28460038986354774,0.16569200779727095,0.14230019493177387,-0.023391812865497075,-0.19447342105191578,0.0,False,-0.023659551252428468,False,-0.03648616958901718,-0.06848829786362742,0.03786782134041,-0.012764400547202404,False,251.69266020585252,False,False,0.7383867597681735,1.1674939448271524,-0.002729032977203172,False,1.7855622848047124
EXC,433,0.3184183823333066,Exelon,Utilities,SP500,43.63999938964844,-0.010655207757871321,0.0028573635165127786,-0.027901027776965792,-0.037037716674560905,-0.09907135542699785,0.3723196881091618,0.2631578947368421,0.17348927875243664,-0.1267056530214425,-0.11573202700365004,0.0587933900727442,False,-0.012380181439799132,False,-0.03798629042057533,-0.032169797900153396,0.03948622565595494,-0.0031945368471271163,False,367.94046448081207,False,False,0.8255605983322326,1.2070056473147004,-0.0070279158694517285,False,1.0320318577313352
CSCO,434,0.3164286286492487,Cisco,Information Technology,SP500,109.19999694824219,0.005432246888638748,-0.006640619984599638,-0.09662475654006952,-0.09891063911656484,0.40135352952458847,0.09746588693957114,0.12085769980506822,0.9220272904483431,-0.8323586744639376,-0.156857616706647,0.6753514646942249,False,-0.029764576203978765,False,-0.04411824703337708,0.15870560501100983,0.04615450278913058,-0.00857525850482066,False,2432.4397875365294,False,True,0.7751172213734627,0.6877574230297012,0.009483461684086425,False,0.5752852227900034
MNST,435,0.3154844874743937,Monster Beverage,Consumer Staples,SP500,43.81999969482422,-0.005898414823732989,-0.06487411173562374,-0.06924388295329509,-0.021328906722710372,0.15910592093884834,0.17153996101364521,0.3060428849902534,0.6842105263157895,-0.5536062378167641,-0.12307387183594654,0.4031380191203917,False,-0.05619841892746136,False,-0.07541039772596714,0.04870544296356272,0.08156094070330755,-0.03474776699886817,False,529.3889084314042,False,True,1.2131090427061497,0.9208526594853669,-0.00680587657204812,False,1.1181789003620726
MGM,436,0.31513944679049216,MGM Resorts,Consumer Discretionary,SP500,41.220001220703125,0.002188187460506974,-0.02507089851461386,-0.07785233742370712,-0.13239312403804548,0.15884176481173928,0.1442495126705653,0.07797270955165692,0.682261208576998,-0.7251461988304093,-0.1868218122423866,0.34179694472792876,False,-0.03975396831067313,False,-0.08300146460069913,0.041183878110220506,0.0905142826259333,-0.015331810708533511,False,110.04754422988891,False,True,0.3983999028724297,0.7497786955370336,-0.002188187460507085,False,0.5985244579707883
COO,437,0.3136858508523974,Cooper Companies (The),Health Care,SP500,69.58999633789062,-0.01486414299023453,-0.02220039162153742,-0.05087293197570619,0.03341253522958665,-0.09092105076940771,0.2378167641325536,0.4697855750487329,0.19103313840155944,-0.3703703703703704,-0.17469169129797513,0.17989143570705424,False,-0.056784118206408274,False,-0.04205650766597069,-0.05168777014821835,0.04390291076929809,-0.02054338287373425,False,148.1168288871002,False,False,0.7080130268188706,0.8961022819467157,-0.004388413947794767,False,0.9454974128060063
ARM,438,0.31152004821795737,Arm Holdings,Information Technology,NDX,252.08999633789062,0.039160724446229755,0.05454922869551049,-0.12065716904426582,-0.26489370506526133,1.2039692462954448,0.05263157894736842,0.01949317738791423,0.9805068226120858,-0.8304093567251462,-0.4263641713931553,1.4111907123818321,False,-0.004934095736734756,False,-0.07854703341301272,0.2493775298937726,0.0852425856351049,0.029001015220494697,False,1448.7283604336242,False,True,0.45499366962611626,0.5962611074465762,0.02473308912393457,False,0.7736076805418948
CNP,439,0.31140465318547506,CenterPoint Energy,Utilities,SP500,39.66999816894531,-0.007753911376700229,0.010958116006261065,-0.01875899751850829,-0.06518922380494274,-0.07990005934186706,0.4405458089668616,0.18323586744639375,0.2124756335282651,-0.06237816764132553,-0.11396378492479864,0.08714399484322155,False,-0.002072250060757952,False,-0.04864871202388299,-0.03292996540044624,0.05113643365888243,0.00113705336932024,False,269.2666326647415,False,False,0.8950102676126827,0.9308911007422498,-0.005502781971538195,False,0.6381509164014899
MAA,440,0.3113590673792549,Mid-America Apartment Communities,Real Estate,SP500,128.32000732421875,-0.0018667566811800818,-0.009952883882864416,-0.0397365663740743,-0.056233345782847,-0.010490966896269383,0.30214424951267055,0.2046783625730994,0.34307992202729043,-0.2378167641325536,-0.08709712892362942,0.0897975855825408,False,-0.02007272122698056,False,-0.03797126032974185,-0.012213697292043135,0.039469985421388465,-0.008613906900237445,False,130.1623385857849,False,False,0.7536468943275767,0.8596377403737573,-0.006922832969429749,False,0.5907102568225814
APTV,441,0.31102737818671494,Aptiv,Consumer Discretionary,SP500,47.95000076293945,0.030517988843670407,0.048087448370261354,0.03563718257166126,-0.3010203814942025,-0.3404401268809292,0.7387914230019493,0.007797270955165692,0.021442495126705652,-0.03898635477582846,-0.45923083621160066,0.07126904738670636,False,0.009409958765083992,True,-0.10003751935201732,-0.2775916177113673,0.11115743322987104,0.031846743261074284,False,202.22500000357817,False,False,0.5218661322696913,1.967889795152271,0.00042984006637403205,False,0.9801954361083032
STZ,442,0.3103376782900936,Constellation Brands,Consumer Staples,SP500,128.17999267578125,-0.00704937398655936,-0.019205828439327943,-0.032749860072118886,-0.08317385145489498,-0.1120910054493851,0.34307992202729043,0.14619883040935672,0.14814814814814814,0.04483430799220273,-0.21975021876129974,0.025448140485009985,False,-0.0358020528175893,False,-0.033600403961373204,-0.10609512212866756,0.03476864446043315,-0.018712527929509615,False,275.3429045387878,False,False,1.0032311740258006,1.0937376319340808,-0.0045704264825162655,False,0.795985921716444
HST,443,0.3092329377477179,Host Hotels & Resorts,Real Estate,SP500,22.049999237060547,0.002728488702450349,-0.010323224528571151,-0.05688622632364737,-0.07005484163047349,0.20329366192096066,0.2202729044834308,0.17348927875243664,0.7485380116959064,-0.5243664717348928,-0.13664845549574778,0.49119927930517027,False,-0.023364000694662712,False,-0.06025040767990819,0.09000399957042782,0.06411325758722541,-0.007731705875432149,False,218.61346351470948,False,True,0.8062452284455315,0.6905686652439543,-0.0004547625732570504,False,0.5604049156984499
NI,444,0.3075630476495653,NiSource,Utilities,SP500,41.38999938964844,-0.006481047977738852,0.020211971924881,-0.04587371206704438,-0.10604272714584462,-0.09753709823244316,0.2573099415204678,0.1111111111111111,0.1793372319688109,-0.03898635477582846,-0.15103203439519985,0.07946436574924665,False,-0.0013993573788663172,False,-0.06023094118676664,-0.07111728067337941,0.06409121541288876,0.003436675845247761,False,240.40140045066835,False,False,0.7293403842267325,1.0394644257105747,-0.00672104609511337,False,0.8493884963154779
CPT,445,0.30743144009185824,Camden Property Trust,Real Estate,SP500,105.69000244140625,0.000852310308576465,-0.006205886621384771,-0.045602271264044036,-0.0527667648248189,0.012171780302975055,0.25925925925925924,0.21832358674463936,0.38791423001949316,-0.31384015594541914,-0.10112263313903191,0.11612556102369975,False,-0.017659612496393695,False,-0.04949630295778895,-0.0027274324876770395,0.05207376164007793,-0.005943297069091469,False,102.97213670787049,False,False,0.810402504701527,1.0388832162265065,-0.0077651487374327255,False,0.8749088524250648
DTE,446,0.3062313317540426,DTE Energy,Utilities,SP500,136.0800018310547,-0.007222626689019962,0.0016193229774383866,-0.027791665040530544,-0.05904570278209198,-0.07920033956926698,0.3742690058479532,0.19883040935672514,0.2202729044834308,-0.1267056530214425,-0.11882400903334589,0.08304347474958962,False,-0.010284073563756935,False,-0.05179717189719646,-0.029106456294675565,0.054626679400265,-0.003352772312742225,False,184.44475562335205,False,False,0.7600639651180605,0.9014437306448497,-0.00569062520176955,False,0.9150294088669181
GE,447,0.30545618231270716,GE Aerospace,Industrials,SP500,337.1199951171875,0.01091514936710447,-0.015937858804038307,-0.09993323693944578,0.02908606185854734,0.046182228512738455,0.08771929824561403,0.45614035087719296,0.4522417153996101,-0.4113060428849903,-0.11568124957322057,0.23527982404436965,False,-0.03966045889385672,False,-0.05613063918864347,0.050831088777111066,0.05946865267497725,-0.005885614288787533,False,1378.1075153817749,False,True,0.9792112106281945,0.7972596923227055,-0.0037184260258524837,False,0.6349545113631824
CSGP,448,0.3030229683798537,CoStar Group,Real Estate,SP500,30.90999984741211,-0.024305569771029045,-0.040658017494092036,0.0449628102480204,-0.08793153130438114,-0.36109964520477666,0.7699805068226121,0.14035087719298245,0.015594541910331383,0.05263157894736842,-0.6544824484267509,0.13890937887056842,False,-0.03218736525035448,False,0.020340790409710596,-0.2931084385638536,-0.019935290837037822,-0.023903918203157182,False,216.25653693582535,True,False,1.1885773538198825,1.4878426646435214,-0.013573241825554194,False,0.5381797517315547
ZTS,449,0.302446565424215,Zoetis,Health Care,SP500,75.80999755859375,-0.006291825287367381,-0.019782762499916173,-0.018894773494255945,-0.03904256355171842,-0.368603279821877,0.43859649122807015,0.2553606237816764,0.009746588693957114,0.24561403508771928,-0.49604752625008164,0.062322000942735434,False,-0.00030991035859984084,False,0.0051567969030543725,-0.2570461650367797,-0.0051303407776206456,-0.007273843059237506,True,460.3598979687042,True,False,1.0624173876076823,0.705822651617545,-0.01586051998888338,False,0.67849725916073
AXON,450,0.30208721957099754,Axon Enterprise,Industrials,SP500,515.6699829101562,-0.041772815170606936,-0.14159439402744867,-0.0129962844561059,0.06078743538587683,-0.10163590505902442,0.4834307992202729,0.5497076023391813,0.16764132553606237,-0.4171539961013645,-0.3368271154393949,0.4906341541045056,False,-0.1295724915822679,False,-0.09025187656681699,0.019998800615987244,0.0992053451302839,-0.06765274556125478,False,538.0118389328003,False,True,0.9283407709432596,1.0748143533096468,-0.012896036656251275,False,0.680769238834357
DDOG,451,0.3013448766512934,Datadog,Information Technology,SP500,212.92999267578125,-0.008521148621078223,-0.10148537212148745,-0.07135069601548549,-0.09047032539981892,0.693280259847167,0.1617933723196881,0.1364522417153996,0.9629629629629629,-0.8518518518518519,-0.2610446045948046,1.0750377343326032,False,-0.09493937485720594,False,-0.14566439616304871,0.2073012010306159,0.17050020566724333,-0.04718846604751015,False,1161.1338220237733,False,True,1.075021538588349,0.9084095743174777,-0.011966810072477796,False,0.5356290680349801
ALGN,452,0.29525106525827505,Align Technology,Health Care,SP500,158.63999938964844,-0.007631685324941295,0.006726726401045546,-0.06174593286223129,-0.05425066057891881,-0.08827586557673317,0.2046783625730994,0.2124756335282651,0.19298245614035087,-0.05847953216374269,-0.19680014276868496,0.2703395489969589,False,-0.036015728753886145,False,-0.07439822540538055,-0.06981326174424618,0.08037822252227667,-0.0059772257489023595,False,160.76330978253173,False,False,0.7677014066847933,0.9062108944672022,-0.013699502271016795,False,1.0625744231202463
STLD,453,0.294019867019146,Steel Dynamics,Materials,SP500,242.05999755859375,-0.016136248589199265,0.03149102760178213,-0.0742695908359503,-0.09642836271582911,0.3400132771062496,0.1539961013645224,0.1286549707602339,0.884990253411306,-0.4600389863547758,-0.1419968643024393,0.8800774281234085,False,-0.0054297519188085674,False,0.0004840296978274594,0.15458808509959598,-0.0004837955264250793,0.00831510324277196,False,288.44704478881835,True,True,1.2357086166290578,0.8063293522209876,-0.0006503420839054641,False,0.9820122830743371
LEN,454,0.2929086414666804,Lennar,Consumer Discretionary,SP500,83.58000183105469,-0.010301896372130193,-0.03185451108157822,-0.014619168453559817,-0.07085434513284916,-0.1645334747970476,0.4756335282651072,0.1695906432748538,0.09551656920077972,-0.023391812865497075,-0.40124333715706895,0.02160858759393003,False,-0.026350722647424885,False,-0.02385184372545035,-0.14235255718511863,0.024434655305276998,-0.01258292717283549,False,203.61416928329467,False,False,0.7827538482397745,1.076030489183467,-0.0053285608585394995,False,0.9744963679232255
ROL,455,0.2923162167214078,"Rollins, Inc.",Industrials,SP500,35.86000061035156,0.004200546897917157,-0.014293580057627264,-0.021592956165041644,-0.23493136548279203,-0.37958725405201066,0.4171539961013645,0.025341130604288498,0.005847953216374269,0.01949317738791423,-0.44714424122748364,0.004200546897917157,False,-0.013819159891354293,False,-0.0895922741866032,-0.30853451093984186,0.0984089563899051,-0.006106359803282224,False,209.85533294470977,False,False,0.5071684635622141,0.9031482280537902,-0.00700084028029857,False,0.979918849066899
WY,456,0.2912093780875324,Weyerhaeuser,Real Estate,SP500,23.020000457763672,0.008322322009214123,-0.01726956508569477,-0.08716120462158905,-0.0509906438233414,-0.035348955278612926,0.12280701754385964,0.22612085769980506,0.28460038986354774,-0.3157894736842105,-0.12789858714210944,0.11751918742308387,False,-0.03655027056294036,False,-0.03765766022328865,-0.033792552120894936,0.0391312516001594,-0.012261890082177596,False,126.964877870327,False,False,0.6820289556530357,1.0670310861846615,-0.003942271253526419,False,0.9652169864563024
DOW,457,0.28992839785918373,Dow Inc.,Materials,SP500,29.440000534057617,-0.030303032206799863,-0.0238727181303785,-0.01710744526333907,-0.1232957702351174,-0.09601926191550192,0.44834307992202727,0.09161793372319688,0.18128654970760233,0.056530214424951264,-0.2814788956430685,0.49603036832203684,False,-0.039246973203788116,False,-0.008557233624455374,-0.044237849885945035,0.008631091894228504,-0.030241090768821977,False,286.3657000460701,False,False,1.0744003815198755,0.8822200529912146,-0.008563907235007995,False,0.9655268920280886
MAR,458,0.28620733721671,Marriott International,Consumer Discretionary,SP500,336.510009765625,0.0013092582849316692,-0.04150044822803245,-0.0624910461992737,-0.14092930302740392,0.04342016862385156,0.19883040935672514,0.07212475633528265,0.442495126705653,-0.2826510721247563,-0.16233454474736553,0.3098829834573633,False,-0.03943056950475876,False,-0.068723739868088,-0.02027861194143199,0.07379522361963087,-0.01752233220442767,False,567.5774182093506,False,False,0.6068589515098013,0.8819509022262197,-0.00550482358793436,False,0.7436145931912611
PTC,459,0.285710661738059,PTC Inc.,Information Technology,SP500,141.02000427246094,-0.06036778683406874,-0.10264072701554383,-0.044968164871800775,0.029343096879276942,-0.1333046619532693,0.26705653021442494,0.4580896686159844,0.1267056530214425,-0.10916179337231974,-0.3407199238130566,0.25540818992023406,False,-0.06860006641017147,False,0.03305152277691503,-0.05176460315730569,-0.03199407004218946,-0.06007696072092272,False,197.55821226441955,True,False,0.8878481949298339,0.9121304464192311,-0.01932308848541986,False,1.4353078832577433
WMT,460,0.28540395890792436,Walmart,Consumer Staples,SP500,107.13999938964844,-0.011805928803857002,0.039286091722065875,-0.041701682328093015,-0.09659744123772684,-0.1290608089104247,0.290448343079922,0.1267056530214425,0.13060428849902533,0.04678362573099415,-0.19972803508942294,0.07600902179869573,False,-0.015358041658377286,False,-0.031925450988199544,-0.09315330725668669,0.03297829802548646,0.005656112770560995,False,2743.502445799271,False,False,1.444427938637231,1.0218841982380094,-0.002029157207329102,False,0.8226116083164594
UDR,461,0.28441194309975854,"UDR, Inc.",Real Estate,SP500,36.380001068115234,0.0002750106275559716,-0.019935287851905015,-0.04248621480407555,-0.06503666355071014,-0.0037526421429557866,0.2826510721247563,0.18518518518518517,0.36062378167641324,-0.24561403508771928,-0.11128598333241702,0.11885356682126269,False,-0.025319711607312834,False,-0.05642059292261303,-0.005199006635693615,0.059794218164816115,-0.014120129910986323,False,117.83459146376038,False,False,0.7616003528438935,0.7914818333715559,-0.006598786659823941,False,0.7503260946489313
CIEN,462,0.2798360055389616,Ciena,Information Technology,SP500,321.0,0.011151038367689159,-0.15178100113848214,-0.2049732706655758,-0.3424960455166426,0.09120571556439994,0.003898635477582846,0.005847953216374269,0.5419103313840156,-0.005847953216374269,-0.4880382775119617,1.7508783381951192,False,-0.17639301307359567,False,-0.20689747109053402,-0.14891281506374965,0.2608710268204828,-0.1032015492236188,False,931.2272045091553,False,False,1.0525648368681406,1.5472379830156542,0.013261582832405416,False,1.4463608003311907
ISRG,463,0.2786809108005936,Intuitive Surgical,Health Care,SP500,366.70001220703125,-0.008463279017053904,-0.015834658614700237,-0.01875780527235249,-0.13116615095434858,-0.25187691882788743,0.442495126705653,0.08187134502923976,0.04093567251461988,0.031189083820662766,-0.3814623811958382,0.10445161237545642,False,-0.03932301584794595,False,-0.037568644531015494,-0.20937058066268976,0.039035141901323955,-0.014094297945608347,False,1175.2287424784545,False,False,0.6493436955037573,0.6183802639116177,-0.00546193950467333,False,0.6636620702761789
HII,464,0.27712756014846857,Huntington Ingalls Industries,Industrials,SP500,285.92999267578125,-0.01651022642713207,-0.028143159715094623,-0.10721207033405145,-0.01971246194584697,-0.32766852016670667,0.07212475633528265,0.31189083820662766,0.025341130604288498,-0.0682261208576998,-0.36415017460269206,0.08841096956920702,False,-0.060777753497548326,False,-0.034315048454805264,-0.17088592671411418,0.035534413578566904,-0.022798114646159995,False,140.63459936779785,False,False,0.48955511545376723,0.7545086492454913,-0.008908596429738402,False,0.6477535664940989
CHRW,465,0.2757927924834918,C.H. Robinson,Industrials,SP500,147.63999938964844,0.010817484988802972,-0.01405137548491231,0.01102418530963356,-0.19454173030760424,-0.17176240194796955,0.6159844054580896,0.042884990253411304,0.07992202729044834,-0.05263157894736842,-0.29196438796526025,0.20500856923294486,False,0.010429360852978187,True,-0.11847107502845688,-0.13830172162074716,0.13439272572057837,0.004663002227635493,False,308.6302269072876,False,False,0.5412045769708798,0.6006108312616735,-0.005134876164153868,False,0.6073136626530934
ALB,466,0.2724377534399164,Albemarle Corporation,Materials,SP500,126.27999877929688,-0.044491561137103064,-0.08066396171972412,0.006856965578911245,-0.18552269279591005,-0.21796789806605976,0.6003898635477583,0.04678362573099415,0.05458089668615984,0.042884990253411304,-0.4128450221541251,0.7634295554949933,False,-0.05866216990048789,False,-0.013255577310467115,-0.19100411239115134,0.01343364807103442,-0.0532736780314127,False,289.4986754929962,False,False,0.9632441081360708,1.0627523123758587,-0.0398002571918703,False,1.4328087279521105
LII,467,0.26583677611074874,Lennox International,Industrials,SP500,390.5299987792969,0.011526140597288626,-0.007270179116509956,-0.1037339890927308,-0.23004948977768402,-0.2412786592219578,0.07992202729044834,0.029239766081871343,0.04483430799220273,-0.011695906432748537,-0.32013087051749667,0.04419785769865481,False,-0.029461834641323348,False,-0.17412023337770288,-0.2131786229675,0.2108300026404859,0.003673369954839467,False,247.9583585116577,False,False,0.5375867585222244,1.017348315284152,-0.010049664577752249,False,0.8340913704057316
HLT,468,0.2637499380109329,Hilton Worldwide,Consumer Discretionary,SP500,311.17999267578125,-0.010084343458515721,-0.03315213057445965,-0.03310253142471342,-0.09262123490055918,0.04294937104914398,0.3391812865497076,0.13450292397660818,0.43859649122807015,-0.21832358674463936,-0.11106823891579876,0.21437367388568296,False,-0.03427786679121003,False,-0.041877725439275704,-0.004404312788151121,0.04370812217936959,-0.019317146630763782,False,712.4664470726929,False,False,0.9610262923287515,0.7412533528585801,-0.005885179155703302,False,0.707370819232856
HSY,469,0.2597307576399141,Hershey Company (The),Consumer Staples,SP500,173.14999389648438,-0.010910566027342083,-0.03295174004307577,-0.046489882298926144,-0.05454854184177249,-0.21839612329213798,0.253411306042885,0.21052631578947367,0.05263157894736842,-0.10721247563352826,-0.2557429329881511,0.0989552448829718,False,-0.049233778926144556,False,-0.02689525148405536,-0.08754876082636809,0.027638598542523374,-0.02743020345617353,False,276.27583077874755,False,False,0.674520706630668,0.9004888232337221,-0.009368213255569802,False,0.9505551053536149
RCL,470,0.25847743407224305,Royal Caribbean Group,Consumer Discretionary,SP500,265.19000244140625,-0.0013556217966884665,-0.05089295670995153,-0.17270312731166737,-0.05289284842354913,-0.04140892517398831,0.015594541910331383,0.21637426900584794,0.2729044834307992,-0.49317738791423,-0.23432559647691364,0.08994108000137979,False,-0.0840166537807725,False,-0.10801317277842937,-0.07337291863973716,0.12109278913330734,-0.03238030152275895,False,630.3469203598632,False,False,0.5814461428594273,0.9774160378642391,-0.0012803477820367837,False,0.7012749767877228
CLX,471,0.25661718985439247,Clorox,Consumer Staples,SP500,93.05999755859375,-0.01304489707276102,-0.09236322377305373,-0.1084550426002534,7.592258651034633e-05,-0.16855126317215197,0.07017543859649122,0.3762183235867446,0.08771929824561403,-0.43859649122807015,-0.25028381204911987,0.09320877581295428,False,-0.09665237681069805,False,-0.06122577129530571,-0.07970276432495149,0.06521884540842593,-0.04823974764877992,False,262.0742128136139,False,False,0.7175543341643962,1.8105441541841996,-0.005727022062616327,False,0.840850434786568
SNPS,472,0.25315400373078817,Synopsys,Information Technology,SP500,393.8399963378906,-0.05397420516556428,-0.11018727689781815,-0.029902986156740474,-0.15275897350383616,-0.0996090783462642,0.3567251461988304,0.06627680311890838,0.17153996101364521,0.02729044834307992,-0.35338545792449405,0.05777136019489015,False,-0.04917222605285476,False,-0.04549229622022799,-0.1193039787357919,0.04766048093701314,-0.05185447240452501,False,779.4442260724487,False,False,1.5496404963108574,0.9963338889970129,0.004347715810834041,False,1.593005677572301
TSN,473,0.25223656553865637,Tyson Foods,Consumer Staples,SP500,51.41999816894531,-0.006568782140907503,-0.06317634959252749,-0.11342614942989893,-0.11629436190248166,-0.14801455817486575,0.056530214424951264,0.10136452241715399,0.11306042884990253,0.017543859649122806,-0.23872776448382993,0.049450218778132715,False,-0.08102358519696862,False,-0.09962625841371175,-0.13442221005844768,0.11064989327452968,-0.05245969231312242,False,178.4395387301483,False,False,1.0904106262004085,1.3663005583705707,-0.012751156661794827,False,1.9059004338141075
LVS,474,0.25120544893436025,Las Vegas Sands,Consumer Discretionary,SP500,44.369998931884766,-0.00314534699905189,-0.014875709814019977,-0.03773588495846103,-0.11137649624845858,-0.16206818573622628,0.31189083820662766,0.10331384015594541,0.09941520467836257,0.009746588693957114,-0.3503025747086219,0.012782413627933753,False,-0.025006623727851895,False,-0.03412801453501968,-0.1725925311586598,0.03533389004816212,-0.009431014196213727,False,225.09189624360656,False,False,1.0271033237403797,1.0432474699321572,-0.007414019968582486,False,0.8774968437351364
IBM,475,0.25074787425183964,IBM,Information Technology,SP500,234.88999938964844,0.0007668726114462565,-0.0029712507284826994,0.013472943014629868,-0.16944605137345758,-0.07932716949828678,0.631578947368421,0.05847953216374269,0.21832358674463936,-0.39571150097465885,-0.2814294734072791,0.14970586576813782,False,0.0024603819461233023,True,-0.022509270567512618,-0.09307420252766385,0.023027605162640352,0.004501079059329172,False,2096.0590191910705,False,False,0.328334442896615,0.49007230473105906,-0.005879616732723525,False,0.40860926803257014
TXT,476,0.24640539705427955,Textron,Industrials,SP500,79.06999969482422,-0.0037798039734946443,-0.04780829933686559,-0.1003527108439487,-0.1316768618903068,-0.16697387121618756,0.08576998050682261,0.07992202729044834,0.08966861598440545,-0.11695906432748537,-0.21500289871055478,0.0,False,-0.059982997566911944,False,-0.100117225781164,-0.12165255878926984,0.11125585315050968,-0.022459119537763583,False,140.16401055941773,False,False,0.6003817966140541,1.0383780849941022,-0.00592164803375117,False,1.290483327135708
AON,477,0.24401605230732845,Aon plc,Financials,SP500,323.0899963378906,-0.011957197743453718,-0.0909116435381947,-0.10439363454500172,-0.014316919764173708,-0.04673882341585467,0.07797270955165692,0.33723196881091616,0.26705653021442494,-0.47368421052631576,-0.15064139051715186,0.05046377318345008,False,-0.0670564862412788,False,-0.0840491539092888,-0.038628423253021515,0.09176164230647488,-0.035312022321852155,False,456.02746353082273,False,False,1.3966153601156022,1.5322778784435367,0.0036085402929089128,False,1.1222768787567872
SYK,478,0.24366795985397283,Stryker Corporation,Health Care,SP500,303.1300048828125,-0.015779686047147634,-0.08334088528568995,-0.10165067877035405,-0.005629680054458852,-0.16402878484961847,0.08187134502923976,0.3586744639376218,0.09746588693957114,-0.4230019493177388,-0.2210416294491091,0.07558651242326953,False,-0.07961692689288202,False,-0.07827775634900092,-0.10102800914955523,0.08492553682868476,-0.044101587291396904,False,804.7746878444214,False,False,0.7067799447150882,0.9322127269566608,-0.011364005685173595,False,0.9807461087078688
TDG,479,0.24252049453924002,TransDigm Group,Industrials,SP500,1162.050048828125,0.003644829494494628,-0.020169078868682133,-0.07925067683849996,-0.06190963560620977,-0.10233828298344427,0.13840155945419103,0.19298245614035087,0.16569200779727095,-0.2202729044834308,-0.1985861732219828,0.025748573387814222,False,-0.033710133889544025,False,-0.06434225990753006,-0.08453505545222273,0.06876687612413823,-0.00988324181033784,False,489.6167836936035,False,False,0.6473048241729775,0.80708861790273,-0.005518957783931855,False,0.5313748566752704
VRSK,480,0.23796534715784898,Verisk Analytics,Industrials,SP500,185.7899932861328,-0.025236162976670973,-0.031183244788543174,-0.020869600600090576,0.025129535292821137,-0.13066313503761706,0.4269005847953216,0.4502923976608187,0.1286549707602339,-0.22807017543859648,-0.3133430429808114,0.18781431987500574,False,-0.0031736355659386373,False,-0.025076541721141266,-0.04204052633741162,0.025721549223373552,-0.01837026485851856,False,312.17228835824585,False,False,0.9959191233535258,0.6292989292412324,-0.02135365789027477,False,0.5162431708351611
FSLR,481,0.2346339593275426,First Solar,Information Technology,SP500,204.4499969482422,-0.014318779514615687,-4.8957083519041156e-05,-0.1625706665873331,-0.2672306017981756,0.08054537124678429,0.017543859649122806,0.017543859649122806,0.5263157894736842,-0.6822612085769981,-0.3575805280495139,0.10693015877815348,False,-0.04829513814387432,False,-0.06667277125034532,-0.1133890784865702,0.0714355792873036,-0.009165523961227384,False,470.89783114230346,False,False,0.5807469749473171,0.9055570954743358,0.003953366750832021,False,0.7189805766028486
LUV,482,0.23175041866462198,Southwest Airlines,Industrials,SP500,39.619998931884766,0.02297958688788171,0.004176857188823657,-0.15199034134892397,-0.03756876547446153,-0.033876544615518256,0.025341130604288498,0.25925925925925924,0.2884990253411306,-0.4775828460038986,-0.26729756079666345,0.35918732568315836,False,-0.037579364829503525,False,-0.12372981174356323,-0.07108930377365463,0.1412005262780367,0.006022810914586785,False,234.173944565506,False,False,0.7492847317544111,0.9230771028592553,0.0005164073844581285,False,1.0549466330652633
TKO,483,0.23113605932639822,TKO Group Holdings,Communication Services,SP500,186.00999450683594,-0.018002342387671066,0.007419817600282652,-0.006834314833581878,-0.08233623391546974,-0.07496042325678309,0.5165692007797271,0.15009746588693956,0.22807017543859648,-0.15984405458089668,-0.16657623925997933,0.06630018136202942,False,-0.02907150208588305,False,-0.01926256705701701,-0.052815819961362975,0.019640901234099006,-0.008788113947397869,False,219.53285853149413,False,False,1.028625899498426,0.7058927851112069,-0.006915835557264383,False,0.863674542599423
PNR,484,0.23110611383863008,Pentair,Industrials,SP500,60.209999084472656,0.0031655885581454157,-0.02367438183592907,-0.13862664134304414,-0.17330071305785233,-0.34189424102787935,0.031189083820662766,0.05263157894736842,0.01949317738791423,-0.05263157894736842,-0.45868120710974325,0.006183137214928136,False,-0.049955834026636725,False,-0.10043434896449632,-0.2931514686031069,0.111647603317095,-0.01574519428113985,False,229.95192410285188,False,False,0.6114237973075661,2.0276529971364194,-0.00549819774304916,False,0.6641500491099833
APP,485,0.2310954326455408,AppLovin,Communication Services,SP500,320.55999755859375,0.022259108633259528,0.008811643085717469,-0.04501449418982317,-0.42469492007209864,-0.36161232284380496,0.2651072124756335,0.001949317738791423,0.01364522417153996,-0.01364522417153996,-0.5630316136494449,0.07357916035419154,False,0.024359529422117943,True,-0.18554179633221368,-0.34046835582885837,0.22781008957446192,0.016396184844372774,False,2364.0663142871704,False,False,0.5003347223273734,0.7005231322598006,-0.009949598988417852,False,0.630620531929994
XYL,486,0.22851725966361872,Xylem Inc.,Industrials,SP500,105.69000244140625,-0.02039111095271051,-0.0504895808144199,-0.12146226527273452,-0.03499889658431543,-0.13513447369720621,0.050682261208576995,0.2709551656920078,0.12475633528265107,-0.13840155945419103,-0.29930341057603194,0.0015816501970482566,False,-0.07155206368816391,False,-0.09773667874379521,-0.14284211680546532,0.10832389662888908,-0.032707149168737626,False,218.23614571255493,False,False,0.8652469236981911,1.0672350223980702,-0.0033367375325622506,False,1.302815387921771
GNRC,487,0.2281014560755008,Generac,Industrials,SP500,187.35000610351562,0.023658625997017513,0.019314488535444374,-0.11284206553056919,-0.28366597850234243,-0.08170766503211702,0.05847953216374269,0.011695906432748537,0.2046783625730994,-0.01949317738791423,-0.36607565579386336,0.3738359816066519,False,-0.07416097867566185,False,-0.13480265466380348,-0.10145541288515014,0.15580567299524262,-0.012050920473572035,False,228.56658336593628,False,False,0.7224490199334634,0.8214334437822494,0.004425732377253855,False,0.5576396447165117
COHR,488,0.22645216542116328,Coherent Corp.,Information Technology,SP500,281.8599853515625,0.06599592090983264,0.009527124026623701,-0.15666332259559934,-0.25234093038828453,0.1957406409804776,0.021442495126705652,0.023391812865497075,0.732943469785575,-0.2378167641325536,-0.33973628878696904,1.8808257962128132,False,-0.058025433325946896,False,-0.08224384857937084,0.019623336502781585,0.0896140532014551,0.0067129618091053,False,1861.012297630371,False,True,0.9236422879871565,0.8017325366480147,0.01996898266392444,False,0.8426672985249055
LMT,489,0.22545099430463525,Lockheed Martin,Industrials,SP500,525.280029296875,-0.014391561562018929,-0.06264245622828679,-0.09319890857503632,0.00910531740921905,-0.20807863609201693,0.10916179337231968,0.4015594541910331,0.06237816764132553,-0.3508771929824561,-0.21384803026006938,0.21767959709636586,False,-0.0779472008916311,False,-0.04802621945323926,-0.04493451779044921,0.050449098950662075,-0.037390883742733805,False,631.7917094890137,False,False,0.8217174466595314,0.8619784444339789,-0.005929325654016382,False,0.8167490686498539
MCD,490,0.21949031635405103,McDonald's,Consumer Discretionary,SP500,255.69000244140625,-0.01517545109312235,-0.028273878904237604,-0.06788021891734397,-0.07980479905775661,-0.2097363775744322,0.1793372319688109,0.15594541910331383,0.05847953216374269,-0.1267056530214425,-0.23561206868867346,0.0,False,-0.03728771196974778,False,-0.0449199430327738,-0.1238804267965975,0.04703264684995423,-0.020864561678301308,False,1219.535093924988,False,False,0.7978158283437459,1.0027129298764694,-0.006239629806727098,False,0.9169107438951679
BLDR,491,0.21784083496412263,Builders FirstSource,Industrials,SP500,65.79000091552734,0.025085705869367647,-0.02849970865897955,-0.09267688626015635,-0.10659965425291096,-0.2934922790480463,0.11306042884990253,0.10916179337231968,0.037037037037037035,-0.029239766081871343,-0.5590778235022156,0.04777830795122884,False,-0.047832689803195105,False,-0.10055369251921586,-0.26997255261967823,0.11179510292376627,-0.004211487896694233,False,156.9854713666458,False,False,0.8299403906109794,1.202375190313793,-0.002181355390818651,False,1.1232582315335482
WYNN,492,0.21291966598383325,Wynn Resorts,Consumer Discretionary,SP500,91.54000091552734,-0.00021839934031897545,-0.03905103020450473,-0.09592016407111936,-0.12170660041461212,-0.09452661039523902,0.10331384015594541,0.09551656920077972,0.1871345029239766,-0.10721247563352826,-0.3071919551949527,0.010375303060018881,False,-0.06539493051572809,False,-0.06430149698038112,-0.14139168049702877,0.06872031618397578,-0.02069519075019599,False,150.52435886961365,False,False,0.8886482682296035,1.179315403740417,-0.004477894753682876,False,0.7721184582803027
IDXX,493,0.2128244889239842,Idexx Laboratories,Health Care,SP500,535.3800048828125,0.01150603092498792,-0.03533394420912184,-0.09257626291048726,-0.04763762903986335,-0.12003414060467754,0.11500974658869395,0.23586744639376217,0.13450292397660818,-0.15789473684210525,-0.30169039234441386,0.01698199680865109,False,-0.03568234316389929,False,-0.04078757584261561,-0.11819762647942966,0.04252194280995192,-0.015637929687774665,False,346.0081494798584,False,False,0.8549821598629092,0.9082476292671575,-0.013678683774361877,False,0.6543456703753743
TTD,494,0.20604364793261692,Trade Desk (The),Communication Services,SP500,14.430000305175781,-0.0437375639985611,0.06337513851821086,-0.18336161613632052,-0.2766917416874499,-0.5071721322821809,0.009746588693957114,0.015594541910331383,0.001949317738791423,-0.005847953216374269,-0.7334195451609617,0.10744440528743993,False,0.05286200597137003,True,-0.1296007986045864,-0.4235430429743994,0.14889811295416178,0.0210340063152199,False,348.01182888385773,False,False,0.7123870900711476,1.0208071955562614,0.005964224763275183,False,1.1744277793781943
CDNS,495,0.19528291810195197,Cadence Design Systems,Information Technology,SP500,292.70001220703125,-0.03995011965597062,-0.1401039994979335,-0.1350983966864776,-0.2219356965696584,-0.014278945913363983,0.037037037037037035,0.03508771929824561,0.33723196881091616,-0.17543859649122806,-0.29705323876663814,0.10178426625075954,False,-0.09173418929870025,False,-0.14325669105535932,-0.10524809426654935,0.16721074977734784,-0.0709874784811102,False,776.6164359019165,False,False,0.9220459846138922,1.1219874847446847,0.0035423332293658127,False,1.878975225726104
CCL,496,0.19362523508161578,Carnival Corporation,Consumer Discretionary,SP500,23.510000228881836,0.0012777124033389597,-0.05048465219890874,-0.17912014091469752,-0.137791570426683,-0.07801920764176729,0.01364522417153996,0.07407407407407407,0.2222222222222222,-0.4152046783625731,-0.2972110032278318,0.012053409047056318,False,-0.09136584023812233,False,-0.12103455478349123,-0.1454787780920226,0.1377011524653029,-0.03225370935618144,False,499.4556910433655,False,False,0.7141251020424955,1.233359803472821,-0.001277631170431337,False,0.8520951351005482
FER,497,0.1912442827006634,Ferrovial,Industrials,NDX,58.04999923706055,-0.000860572089047773,-0.011578414957874372,-0.1122495828276433,-0.13111807576179757,-0.11398516253750912,0.06432748538011696,0.08382066276803118,0.1442495126705653,-0.07017543859649122,-0.21190172213208625,0.07058605519476058,False,-0.061495877286908085,False,-0.09000416851272086,-0.1250638049334608,0.09890613275186078,-0.018276064208337273,False,90.02493950491333,False,False,0.8812814011266672,0.7079872458807123,-0.001721144178095546,False,0.7156240462114104
ADSK,498,0.19048954196755205,Autodesk,Information Technology,SP500,217.89999389648438,-0.08260361242445202,-0.1640451514036435,-0.10133215325822686,-0.052443957493829574,-0.1651021033381197,0.08382066276803118,0.2222222222222222,0.0935672514619883,-0.1189083820662768,-0.33321096667944494,0.16077132154020446,False,-0.12950902640780249,False,-0.05537851426090834,-0.11782307604195641,0.0586250843294962,-0.10352757424232994,False,508.73442179937746,False,False,1.1515189695555335,1.0327435789685404,-0.02290334432280483,False,1.8003254702298497
HON,499,0.18979755324384018,Honeywell Technologies,Industrials,SP500,209.61000061035156,0.009536173390048308,-0.03596556284252095,-0.12669712196595295,-0.06312646209583994,-0.14333580535533264,0.04483430799220273,0.19103313840155944,0.11695906432748537,-0.3313840155945419,-0.18737098768521365,0.07667294993631812,False,-0.052051207462711635,False,-0.08240802546870152,-0.08056911148126655,0.08980900853104679,-0.01534910570706427,False,870.3430027419333,False,False,0.7692656152427712,0.8206100050924372,-0.002745303235630492,False,0.7023558864008761
ODFL,500,0.18829284016738954,Old Dominion,Industrials,SP500,185.8699951171875,0.0006460033226782791,-0.06278669091696387,-0.11944245992747593,-0.23255690879069701,-0.03905425561229248,0.05458089668615984,0.02729044834307992,0.2787524366471735,-0.4736842105263158,-0.25156322472851966,0.48091806110373425,False,-0.07894186656323587,False,-0.1326884851588348,-0.05166584881002212,0.15298826648592878,-0.035254590590087065,False,359.206279976593,False,False,0.7925304206500193,1.4703574764774376,0.0026917900403768957,False,1.4372056939758602
LHX,501,0.18114197212971547,L3Harris,Industrials,SP500,256.45001220703125,-0.01701867527352241,-0.01956196578703584,-0.11001020008411289,-0.16291866996238824,-0.2942834835279704,0.0682261208576998,0.06042884990253411,0.03508771929824561,-0.1695906432748538,-0.3140352691667557,0.0,False,-0.053114489962895584,False,-0.08849778677647002,-0.17620726551613308,0.09709004047669545,-0.021830193612056736,False,430.6190876843262,False,False,0.6874172677690384,1.0348604969378328,-0.0052513532823853515,False,0.7843091523034303
NOC,502,0.17314442880412598,Northrop Grumman,Industrials,SP500,514.97998046875,-0.02510224521195692,-0.051776830015227926,-0.08880455485840366,-0.049739004138722676,-0.3128180202027836,0.12085769980506822,0.22807017543859648,0.029239766081871343,-0.17153996101364521,-0.32345653432795174,0.04294605246218519,False,-0.07062475508699628,False,-0.04903798910214563,-0.13838144365599725,0.05156671721917294,-0.03558666095543728,False,451.9137733196411,False,False,0.9243588963930387,0.9045925320897896,-0.005073437689926075,False,1.0865008051683231
HRL,503,0.17138489297825996,Hormel Foods,Consumer Staples,SP500,21.540000915527344,-0.006457536331999747,-0.0013907640111869846,-0.14149060245001177,-0.07712674740076397,-0.09464962775993369,0.029239766081871343,0.15789473684210525,0.18518518518518517,-0.7115009746588694,-0.17773424331460974,0.1042688224351156,False,-0.07680435214905534,False,-0.11643584550114994,-0.0636643067942183,0.13177972975509777,-0.030591675938194562,False,107.00939631705093,False,False,1.123526161937171,1.181932074889627,-0.00553509398266705,False,0.8524499612989952
AKAM,504,0.16953056156372667,Akamai Technologies,Information Technology,SP500,105.22000122070312,-0.01201876788072187,-0.02093607494596883,-0.11244202014263072,-0.29533889593081264,0.05335871322076535,0.06237816764132553,0.009746588693957114,0.4697855750487329,-0.25925925925925924,-0.3470274195156636,0.46199804690895574,False,-0.06427858230083383,False,-0.09269950657085768,-0.03982551150004743,0.10217067800823054,-0.021501997906509196,False,402.45670379193115,False,False,0.8849956290327935,0.7174185028150414,-0.014084507042253502,False,0.5010314683322126
TJX,505,0.16268372605791495,TJX Companies,Consumer Discretionary,SP500,132.0800018310547,-0.00083214016430877,-0.02249847095906321,-0.18242169742236947,-0.17555388219481094,-0.16568940013360933,0.011695906432748537,0.050682261208576995,0.09161793372319688,-0.41325536062378165,-0.2132489999276509,0.005864018633595203,False,-0.07252421750118987,False,-0.11787833474614529,-0.14141783030464938,0.1336304722911692,-0.0212925071907617,False,932.257439577423,False,False,0.7861687787538966,1.3101538440031149,-0.003101623833399292,False,1.1494969368792398
DECK,506,0.16078380883716142,Deckers Brands,Consumer Discretionary,SP500,85.80999755859375,0.0155029296875,-0.022219741683799366,-0.1232247353585515,-0.20641820273530698,-0.1768825174235612,0.04873294346978557,0.04093567251461988,0.07797270955165692,-0.1442495126705653,-0.29047465002187756,0.07882821939774987,False,-0.04160922497927266,False,-0.11707027734012976,-0.16324930018285055,0.13259297352392863,-0.008684487575952193,False,238.74801757739257,False,False,0.8937692837670856,1.1347386533001054,-0.007455588797845802,False,1.0945116722171238
NKE,507,0.15615255795500926,"Nike, Inc.",Consumer Discretionary,SP500,38.400001525878906,-0.009543433776531551,-0.020016380552178248,-0.07601547536141928,-0.09708348510761311,-0.31319766213762235,0.15009746588693956,0.12475633528265107,0.02729044834307992,-0.1189083820662768,-0.4680686239789086,0.009556473636356255,False,-0.02756585571640857,False,-0.06576048738848816,-0.23816117417132177,0.07038932361645212,-0.00853607256611888,False,1042.767779629593,False,False,0.9316110751323604,0.9174091654406507,-0.014186206617658459,False,0.8018632034443345
LULU,508,0.1370431405759452,Lululemon Athletica,Consumer Discretionary,SP500,100.61000061035156,-0.17377019476102362,-0.16720467971572506,-0.19337771263870673,-0.11923314668934848,-0.40862870908836524,0.007797270955165692,0.09941520467836257,0.003898635477582846,-0.09941520467836257,-0.5339540562593265,0.0,False,-0.15394414961008074,False,-0.15026629423192295,-0.3414289315298763,0.17683927707221736,-0.131574962310535,False,462.62642209545896,False,False,1.7850705542546619,3.7788610299476817,-0.19397220800147263,False,11.207169984056824
NCLH,509,0.13530248757357627,Norwegian Cruise Line Holdings,Consumer Discretionary,SP500,15.569999694824219,-0.001282902987037593,-0.06486486176877093,-0.19617970984866362,-0.1696000162760417,-0.22344138217997878,0.005847953216374269,0.056530214424951264,0.050682261208576995,-0.5594541910331383,-0.42204902055808846,0.05273831879533453,False,-0.0974436403547142,False,-0.16996301729266727,-0.2154827697261259,0.20476559579104392,-0.03601908493414474,False,278.5961347205429,False,False,0.6812984670478984,1.0253125168123354,0.0025657448018938656,False,0.7840361876689117
PCG,510,0.11285805838797908,PG&E Corporation,Utilities,SP500,14.300000190734863,0.024355311723410322,-0.13855422517353133,-0.15882351819206686,-0.1618004637683882,-0.2088704781724745,0.01949317738791423,0.06237816764132553,0.06042884990253411,-0.4249512670565302,-0.24737128206466685,0.07761866597137801,False,-0.1429684343232025,False,-0.16320399500805027,-0.1437069878875572,0.19503438596079392,-0.053929535729540734,False,516.5511660487957,False,False,3.366212480040393,3.3213916460564334,-0.011461307089892236,False,1.4959042960693028
EIX,511,0.11107391767088956,Edison International,Utilities,SP500,56.77000045776367,0.00834815678636347,-0.19096477213693286,-0.15558533953414055,-0.21663832434390584,-0.18983346796263567,0.023391812865497075,0.037037037037037035,0.07017543859649122,-0.27485380116959063,-0.2937297537000144,0.13187920782605933,False,-0.16639746347224493,False,-0.21637875403571327,-0.15738095710949207,0.2761267068115898,-0.07998229277690128,False,283.1397999047546,False,False,3.517391013295304,3.560346086361779,-0.0090585848746777,False,1.1295217329569385
FICO,512,0.11014560755007763,Fair Isaac,Information Technology,SP500,932.260009765625,-0.1668290554232772,-0.19184786950749966,-0.09655099232330122,-0.1803082255921885,-0.36838752725906165,0.09941520467836257,0.04873294346978557,0.011695906432748537,-0.2046783625730994,-0.5039983051545358,0.01072239415938614,False,-0.15650135194006098,False,-0.20154643347975187,-0.2853940853075727,0.25242098217196807,-0.14215493814927216,False,368.33254120776365,False,False,1.2781982261554834,1.421350298269849,-0.16492544681454568,False,4.79042718550678
TPR,513,0.10972923175518706,"Tapestry, Inc.",Consumer Discretionary,SP500,122.13999938964844,2.454908852600468e-05,-0.02300570702939342,-0.24319133176977625,-0.12488936166491016,-0.14704721181236746,0.001949317738791423,0.08966861598440545,0.11500974658869395,-0.5282651072124757,-0.2559594320260563,0.2520275379623005,False,-0.0727884216134238,False,-0.12910800907687614,-0.11116356152839257,0.14824801516434305,-0.02055253561443826,False,408.7620603737335,False,False,2.00764356780926,1.0663125530224842,-0.001121699701431833,False,0.9780188085995678
