Ticker,rank,score,name,sector,index,price,ret_1d,ret_1w,ret_1m,ret_3m,ret_6m,rs_1m,rs_3m,rs_6m,rs_3m_chg,pct_from_52w_high,pct_from_52w_low,new_52w_high,pct_vs_20dma,above_20dma,pct_vs_50dma,pct_vs_200dma,dist_to_50dma,pct_vs_9ema,pullback_9ema,avg_dollar_vol_m,above_50dma,above_200dma,vol_ratio_20_60,volume_x,gap_pct,gap_up,rvol
MU,1,0.900114059883346,Micron Technology,Information Technology,SP500,1097.3900146484375,0.03030675680523287,0.015603439880827352,0.17564065368767245,0.12505515102605158,1.9837129636889923,0.9668615984405458,0.8654970760233918,0.9961013645224172,0.7212475633528265,-0.09558755547686082,5.048807762882634,False,0.07675402442748336,True,0.14987948220966496,0.620220624252315,-0.130343644293617,0.0343394142370097,False,29677.825652128908,True,True,0.5098443057924288,0.8827383546368618,-0.010355765553389573,False,1.4537643290364624
LITE,2,0.8978496469484213,Lumentum,Information Technology,SP500,1045.780029296875,0.07672509810141626,0.12565664990801428,0.20349849197966652,0.43587985882603353,0.3676584004535113,0.9746588693957114,0.9766081871345029,0.9025341130604289,0.8849902534113061,-0.0069414169355829225,5.990040939980567,False,0.12470750051933188,True,0.19655848024381184,0.4100258330163604,-0.16426984847724357,0.08526567082087544,False,4216.172912696656,True,True,0.8081804551123372,1.0764208302489415,0.00899861020375381,False,1.5910104426028466
NVDA,3,0.8843955398389427,Nvidia,Information Technology,SP500,230.86000061035156,0.010859075551783226,0.027963303624964464,0.06290614709438613,0.18625630267518511,0.31657301053527065,0.8654970760233918,0.9181286549707602,0.8732943469785575,0.6081871345029239,-0.018462363074521315,0.40090630510759606,False,0.03311442111694185,True,0.06088573893975724,0.1537881350053938,-0.057391419928602416,0.018050162250519364,False,26406.724662423465,True,True,0.6008002043656493,0.9112165303617461,0.00700582717627829,False,0.8039584684197982
AMD,4,0.8838092186325786,Advanced Micro Devices,Information Technology,SP500,615.72998046875,0.006489425002863314,-0.021501492367065222,0.33967929351615145,0.189081093352246,1.9291183140813408,0.9980506822612085,0.9220272904483431,0.9941520467836257,0.7738791423001949,-0.023627205015136155,2.7391752433071255,False,0.10424635605157917,True,0.20342073380221048,0.6525584609789652,-0.1690354238450772,0.02177919125368044,False,11883.517590571595,True,True,0.7599186464221023,0.778957158367772,0.001536554247418609,False,0.7335984860325926
DELL,5,0.8664160401002508,Dell Technologies,Information Technology,SP500,541.739990234375,0.007045223424746672,0.010671188565171796,0.27468232996323527,0.37612895493730814,2.213568150082671,0.9941520467836257,0.9649122807017544,0.9980506822612085,0.6491228070175439,-0.07929985085597546,3.900640872123864,False,-0.0075104764915669975,False,0.11356264840746721,0.8650674209034996,-0.10198137354003012,-0.0061133361678352705,False,3901.2341743777465,True,True,0.8534780945941722,0.8379156967330804,0.0056696490821808165,False,0.8477303777085502
ANET,6,0.8654810542337579,Arista Networks,Information Technology,SP500,204.49000549316406,0.0044206943929590015,-0.005882311487746761,0.08047136969444457,0.27814237434913625,0.6378855265709173,0.8908382066276803,0.949317738791423,0.9512670565302144,0.3508771929824561,-0.02855104278781917,0.7608715261305619,False,0.02733242733486496,True,0.0606218056020873,0.29007108139747984,-0.0571568539152123,0.006084043379501969,False,1179.3979094939575,True,True,0.6451555239457968,0.6982261254020603,0.005427629088878172,False,0.6710666823996865
DDOG,7,0.8653736700960927,Datadog,Information Technology,SP500,276.4599914550781,0.009530711314192697,0.076054713553251,0.23507860962326244,0.06183748275210532,1.329653625354355,0.9805068226120858,0.7641325536062378,0.9805068226120858,0.6861598440545809,-0.04056915734520472,1.694148001855471,False,0.14718805712101957,True,0.13300720766670926,0.5012145351038213,-0.11739308167387696,0.054246023864085835,False,1041.570394693695,True,True,0.6115509185861561,0.8227600259809082,0.01789298443408538,False,0.6863326007284959
HPE,8,0.864520891269269,Hewlett Packard Enterprise,Information Technology,SP500,64.58000183105469,0.010799850493002916,0.016687678930289662,0.2727215728068031,0.5702969567835945,1.7077884630533466,0.9902534113060428,0.9941520467836257,0.9922027290448343,0.8148148148148148,0.0,2.2839408081136474,True,0.08416487493598712,True,0.1701965075582328,0.769680705712571,-0.1454426726271556,0.03505099338627993,False,1154.5919474741668,True,True,1.4867188497049575,0.8848723941849104,0.02566910948999257,False,0.7908308732840428
MSFT,9,0.859229504507082,Microsoft,Information Technology,SP500,512.7999877929688,-0.00019504117046598157,0.02986362608381743,0.023512033526820852,0.31569405176340215,0.39393587461783475,0.7992202729044834,0.9551656920077972,0.9083820662768031,0.1929824561403508,-0.04621322909209635,0.4561272201298998,False,0.02293727311065763,True,0.058067441486444826,0.18916425324356778,-0.054880661864869174,0.010670629978615898,False,13429.08859945697,True,True,0.5455384474541538,0.8996584654807813,0.013608851894136631,False,0.698517716509603
KEYS,10,0.8588678698267739,Keysight Technologies,Information Technology,SP500,373.8800048828125,0.027029986009563522,0.04570116895278198,0.17104650530370424,0.19123183053749293,0.2899531107050852,0.9571150097465887,0.9239766081871345,0.8596491228070176,0.7290448343079922,0.0,1.344222158164246,True,0.09705608523613507,True,0.12304674036327556,0.2394702578296255,-0.10956511064131957,0.04561169988768077,False,405.85017761071776,True,True,0.7708583991763477,0.8506849136015476,0.008680374650962053,False,1.04819750827914
NTAP,11,0.8573084156357408,NetApp,Information Technology,SP500,215.0500030517578,0.023657659831419764,0.09029607109401039,0.17411006088686576,0.399125352883241,1.1247356332894798,0.9649122807017544,0.9688109161793372,0.9727095516569201,0.44834307992202727,0.0,1.3037722825969245,True,0.09813795422931326,True,0.12534708793190985,0.561476733271201,-0.11138526884382371,0.051207107831423126,False,471.53579612564084,True,True,1.0794854172379582,1.0259846369509107,0.007949343842296397,False,0.9588377842588449
MRNA,12,0.8556064819583206,Moderna,Health Care,SP500,188.94000244140625,-0.018850312845971273,-0.030181730118852834,0.22473583463259383,1.368856536872903,2.77653422049637,0.9766081871345029,1.0,1.0,0.0,-0.07136539758833749,7.449910433094374,False,0.14070094409328893,True,0.5618232068891655,1.7955773196933253,-0.35972266541499487,0.011871862325234739,True,2965.4720819901886,True,True,0.19346973716405527,0.7677128997441541,-0.030949818181357114,False,0.7812052678595406
STX,13,0.8520883639845427,Seagate Technology,Information Technology,SP500,945.5700073242188,0.025185918199764012,0.043767689378803265,0.15880679593328284,0.15383341806476003,1.238142217971629,0.9532163742690059,0.9005847953216374,0.9785575048732943,0.7485380116959064,-0.1343983941562772,3.494369932591206,False,0.08746897840640866,True,0.10540456016288902,0.46168220960770556,-0.09535383149437793,0.03986468520282349,False,3650.8317300720214,True,True,0.6351999368952553,0.6691467490874509,-0.012121401419662559,False,0.5708455500141054
SMCI,14,0.8472604647081935,Supermicro,Information Technology,SP500,41.91999816894531,0.02069633504838353,0.0098771347624802,0.14192316029439356,0.5400440568115226,0.8622833293070851,0.949317738791423,0.9902534113060428,0.9688109161793372,0.9532163742690059,-0.28561694016815087,1.0418897597121717,False,0.05123250802075807,True,0.15589081035494168,0.3123991769837944,-0.13486638094049042,0.017890590180504207,False,1646.9262365736922,True,True,0.600322791554625,0.7165461876790812,-0.004382768602709919,False,0.5498376014894499
MRVL,15,0.8416259446180139,Marvell Technology,Information Technology,SP500,268.0799865722656,0.01464742152964904,0.03525767111350797,0.2742049876418966,0.09318004201262364,1.5141069702045193,0.9922027290448343,0.8148148148148148,0.98635477582846,0.7816764132553606,-0.15258945376526312,2.638686465105495,False,0.10318939614670652,True,0.1889966699262844,0.6156603460804111,-0.15895475126772374,0.0381797813347966,False,4845.7772083245845,True,True,0.5728650682563798,0.7142262018942656,0.00336858815798724,False,0.8776042863169019
ZBRA,16,0.8397554006782557,Zebra Technologies,Information Technology,SP500,375.45001220703125,0.005732540415292808,0.02834841394272969,0.09237706974789117,0.4052325117870408,0.8113180934876154,0.9025341130604289,0.9707602339181286,0.9668615984405458,-0.0019493177387914784,-0.01986630136287848,0.8838434844856857,False,0.049129883016746145,True,0.07733825925591198,0.4081546672195093,-0.07178642231579835,0.019316373404365317,False,239.45248192614747,True,True,0.4073772113231403,0.7261942652122334,0.011893607110560644,False,0.5605265273773561
EMR,17,0.8370172005355855,Emerson Electric,Industrials,SP500,158.57000732421875,0.022372669788208732,0.015563007199111079,0.07410419345369745,0.14424859510276455,0.206850543364969,0.8791423001949318,0.8966861598440545,0.7797270955165692,0.38401559454191025,-0.032073512923049274,0.2961904982853487,False,0.03990560835171153,True,0.02870996794138736,0.10351729029286738,-0.027908709778365015,0.017461585874854357,True,411.3122576636658,True,True,0.7134742727475415,1.088477002540626,-0.011283042753924999,False,1.2669747082818603
CRWD,18,0.8368405793784308,CrowdStrike,Information Technology,SP500,266.0899963378906,0.005061364826782322,0.024723620665360047,0.23722503034446385,0.37173936590676093,1.706160514501029,0.9824561403508771,0.9629629629629629,0.9902534113060428,0.24756335282651065,0.0,2.038857916778194,True,0.11088379389361958,True,0.22023248269043916,0.741418701239553,-0.1804840354723699,0.03544118343386171,False,2187.828437869629,True,True,0.8864910210625706,0.7973231728617081,-0.004287100153446688,False,0.6991623336784695
PLTR,19,0.8318103096401581,Palantir Technologies,Information Technology,SP500,190.0399932861328,0.01598497827101153,-0.013240578951379978,0.05624719442073811,0.46976016087224104,0.29728982292243145,0.8576998050682261,0.9824561403508771,0.8635477582846004,0.14230019493177382,-0.08272999322126173,0.7716043556753145,False,0.05649968838060482,True,0.12804534578784788,0.24962987487943256,-0.1135108143178577,0.018584413109803855,False,5735.633889416015,True,True,0.5134003516405367,0.5022500726417805,0.016252302788210216,False,0.5105447577399432
NDSN,20,0.8290364419419934,Nordson Corporation,Industrials,SP500,329.0199890136719,0.0035686530070913047,0.0178184095589895,0.049644099564889466,0.13646973725903333,0.23837438226737517,0.8440545808966862,0.884990253411306,0.8128654970760234,0.23196881091617927,-0.014018239880687067,0.46947887761442697,False,0.035175285837399706,True,0.04797556207165776,0.15390839200429074,-0.04577927559381145,0.012609476213051085,True,117.89293566259765,True,True,0.6084323928023195,0.9055147609770717,-0.006374855266071622,False,0.8790883925931898
META,21,0.8251027111156889,Meta Platforms,Communication Services,SP500,725.9299926757812,0.0010342259957181188,-0.06643608121955713,0.25575231087015915,0.24635933864859894,0.2554188164461295,0.9883040935672515,0.9395711500974658,0.834307992202729,0.6530214424951266,-0.06643608121955713,0.3832007502587038,False,0.05242888382333888,True,0.1666885869691448,0.15782728552646286,-0.14287324726658457,0.0023522796839052784,False,12500.435866121094,True,True,1.249533305635029,1.1064977132019334,0.004619593280190681,False,0.6292566035945064
A,22,0.814102035911697,Agilent Technologies,Health Care,SP500,166.67999267578125,-0.032673698349383495,-0.035639920114711066,0.1117188075652169,0.275384417798223,0.4580110764923453,0.9278752436647173,0.9473684210526315,0.9317738791423001,0.25536062378167634,-0.04868451407582086,0.5183386307383671,False,0.049807228910452084,True,0.09678959920626351,0.25884623445089416,-0.08824810089037072,-0.009275186538023839,True,347.379597522644,True,True,1.1694125027558424,1.0813731621457385,-0.0017990689047995279,False,1.235840071511297
SWKS,23,0.8104507844954852,Skyworks Solutions,Information Technology,SP500,83.16000366210938,-0.027140847025201142,-0.05295517624153823,0.23364484712011602,0.3292839168256987,0.5761480521970668,0.9785575048732943,0.9571150097465887,0.9454191033138402,0.8576998050682261,-0.09065055836824887,0.5977638235814062,False,-0.01952456582350459,False,0.12777065433163037,0.2747464019323942,-0.1132948918655391,-0.03842976082674554,False,485.75667591944887,True,True,1.6997866866093716,0.6885514921988403,0.008539959041541811,False,0.7817661682019085
SNPS,24,0.8076395326215081,Synopsys,Information Technology,SP500,490.5400085449219,0.127833737507292,0.15445624795174706,0.18253700372152304,0.12210633277437499,0.23642693103645618,0.9707602339181286,0.8576998050682261,0.8089668615984406,0.7953216374269005,-0.08234807919544485,0.3340766719059185,False,0.20871933399702058,True,0.21037369072876588,0.10302295084007862,-0.17380887600266648,0.13908340905694305,False,812.4568505386962,True,True,1.3399597343336989,1.664090711317008,0.07566561704460129,True,3.507580400258612
FTNT,25,0.8070137291478316,Fortinet,Information Technology,SP500,178.72000122070312,-0.00022372615440691135,0.000279862608553616,0.10423227977141902,0.14380800781249992,1.2023413168231296,0.9239766081871345,0.8927875243664717,0.9766081871345029,0.26900584795321636,-0.00022372615440691135,1.3756479229803378,True,0.05466595240204031,True,0.0960530656526184,0.513581552913565,-0.08763541534864083,0.01653590317915099,False,763.1816656253662,True,True,0.8675910406205487,0.5925156456866839,0.0016223347160082557,False,0.6271564588986872
TER,26,0.8061681982734615,Teradyne,Information Technology,SP500,415.7900085449219,0.03711557393652254,0.07245291579431412,0.23993841719411457,0.12696017112753122,0.33282128693892354,0.9844054580896686,0.8713450292397661,0.884990253411306,0.7641325536062378,-0.14031553128360552,2.1541139919259296,False,0.1079726547226183,True,0.11371452899602508,0.24639200900644243,-0.10210383903183406,0.05069902548267513,False,1057.6291550731812,True,True,0.7231646834787464,0.6572479817850307,0.00496368316130158,False,0.5933390708429624
CPAY,27,0.8059787978317179,Corpay,Financials,SP500,389.7300109863281,0.002907886940463733,-0.026453827298503763,-0.037252011223074866,0.10574255358001428,0.34584580792177677,0.5906432748538012,0.8382066276803118,0.8908382066276803,0.11111111111111105,-0.08350573808562833,0.5283529842601102,False,-0.030703203364301213,False,-0.028324244938389254,0.1253481578833997,0.029149893666527982,-0.012735003630292674,False,202.33182440124511,False,True,0.5177410208661748,1.139655308720057,7.719706337039334e-05,False,1.1196222788750962
FFIV,28,0.803298581308675,"F5, Inc.",Information Technology,SP500,443.67999267578125,-0.0033694236593700966,-0.0064270410830647995,0.12119678385508137,0.08707790648255131,0.5006933936590117,0.9415204678362573,0.8070175438596491,0.935672514619883,0.5243664717348928,-0.026996201281231036,0.98080263313053,False,0.040136242946307465,True,0.08190830486760103,0.2893229042727692,-0.07570725217570495,0.007365570187005455,False,250.01367857904052,True,True,0.9424964012328045,0.8360194187530424,0.008423559148425408,False,0.9064080250833204
VEEV,29,0.8020877917777702,Veeva Systems,Health Care,SP500,281.92999267578125,-0.012331474446380497,0.025796814264158696,0.00966938216961677,0.4627476633841878,0.6321059610417705,0.7680311890838206,0.9805068226120858,0.949317738791423,-0.015594541910331383,-0.07932208362645532,0.8617843644713545,False,0.043404541128858165,True,0.13288957178862537,0.4029191049038856,-0.11730143440089835,0.01854496270244521,False,441.76955272521974,True,True,0.5598138912194571,0.7855722702884275,0.02084421592225305,False,0.5439984793386934
IQV,30,0.794897441472784,IQVIA,Health Care,SP500,260.7200012207031,-0.030239928206221456,-0.05199617614797403,0.009173582586399887,0.2592736170561194,0.5122970443795345,0.7641325536062378,0.9454191033138402,0.9376218323586745,-0.042884990253411304,-0.05199617614797403,0.6642410004217449,False,-0.023048581316439498,False,0.03142050879988534,0.26772435942088024,-0.030463335304865002,-0.02564373704516698,False,388.0337289508362,True,True,0.5971815728041624,0.9013522176395401,-0.003087286855125382,False,0.969843865975657
VTRS,31,0.7936364884814777,Viatris,Health Care,SP500,17.459999084472656,-0.014672699715393867,0.0022961543055985967,0.049909799494409324,0.053350167172356855,0.30008331748007544,0.8460038986354775,0.7504873294346979,0.8654970760233918,0.1734892787524367,-0.044335049425070605,0.8561600219477024,False,0.019710850960652504,True,0.034040849725442746,0.15592209967871118,-0.03292021754699659,-0.006182355093652947,True,158.4320625716896,True,True,0.7039343056772764,1.2203727246325018,-0.005643254965914779,False,0.9523223512013448
WAB,32,0.7924569795874771,Wabtec,Industrials,SP500,287.8399963378906,0.002298222992346499,-0.008234898383923772,0.02873484237201218,0.0989629811910937,0.12677256188910468,0.8128654970760234,0.8304093567251462,0.6686159844054581,0.26900584795321636,-0.05772885458693211,0.5138196289963115,False,0.01241245071804431,True,-0.009785686193321763,0.10415876308364758,0.009882392182054556,-0.00038791130757609427,False,257.918532328064,False,True,0.49943663904566177,0.8891484708264045,-0.007591032562781597,False,0.9136705600517689
ADI,33,0.7895946105751441,Analog Devices,Information Technology,SP500,404.6000061035156,0.01988862095330135,0.057473724141693605,0.14126147648027954,0.07602271167696695,0.26940031782084084,0.9473684210526315,0.7816764132553606,0.8440545808966862,0.695906432748538,-0.08899902007462435,0.819095661480201,False,0.07326650160746095,True,0.08152351040217964,0.1329995133397246,-0.07537839872927399,0.032875063675364746,False,1357.821839703369,True,True,0.7797368715003992,0.7513851727874999,0.0005797963027966979,False,0.8681930577510136
ETN,34,0.789344174744319,Eaton Corporation,Industrials,SP500,437.2799987792969,0.017616549474647636,-0.006181820956143502,0.11919328489855907,0.09995960589106079,0.20244909111766618,0.9376218323586745,0.834307992202729,0.7680311890838206,0.6140350877192982,-0.04930862052595786,0.3961685240620181,False,0.0379597839009953,True,0.0379631628838466,0.12978105544849883,-0.03657467262939351,0.012671611671288163,False,889.4895474165039,True,True,0.8570711369492878,0.865882711302232,-0.00018614082487300454,False,0.7539105914511429
WAT,35,0.789058643564772,Waters Corporation,Health Care,SP500,425.5299987792969,-0.031543766146416075,-0.011085264115710092,0.04851666326404391,0.12191196496782619,0.41895354294522846,0.8401559454191033,0.8557504873294347,0.9181286549707602,0.22027290448343084,-0.03999912149914653,0.5019412246885175,False,0.010409679819814555,True,0.03958295696220304,0.17114168397999374,-0.03807580404922151,-0.013278191574706999,True,315.5562463227539,True,True,0.8749506242708951,0.9682830564681009,-0.004961476412029153,False,1.0437722575711148
RVTY,36,0.7885835212078903,Revvity,Health Care,SP500,149.05999755859375,-0.025050702114882695,-0.010751229067771817,0.177502187145395,0.31112397641377076,0.6977954788929497,0.9688109161793372,0.9532163742690059,0.9571150097465887,0.013645224171540016,-0.025050702114882695,0.8131955654572813,False,0.06541439924760462,True,0.1732462537199988,0.40741545460696504,-0.14766401611826063,0.005855115242661801,False,245.72050208317566,True,True,1.33105870850308,1.2691617911421704,0.01694025997926696,False,1.3265965571940543
GRMN,37,0.7878348840136872,Garmin,Consumer Discretionary,SP500,282.4599914550781,-0.015269854060564692,-0.04263834302298819,0.030467639183258788,0.18137560170305278,0.19884566575793494,0.8167641325536062,0.9142300194931774,0.7602339181286549,0.14230019493177393,-0.09454020101461125,0.5346191949078423,False,0.0029384034688031413,True,-0.013373915675761183,0.15661522169946052,0.013555201801624062,-0.01467620521523727,False,265.84387938101196,False,True,0.5617221806770419,0.7880049638785356,-0.0006623987025241584,False,0.6813892075353124
TMO,38,0.7872075546552836,Thermo Fisher Scientific,Health Care,SP500,652.510009765625,-0.03339008730455162,-0.038149153619580156,0.08744411587117407,0.24753590419573102,0.3217631051540324,0.9005847953216374,0.9415204678362573,0.8771929824561403,0.013645224171540016,-0.03987577606282322,0.4912277043253346,False,0.012773851158112803,True,0.060199555989537634,0.20535604308752764,-0.05678134427565429,-0.017992013926146355,True,1296.0008945827637,True,True,0.8006767147682302,1.0043976964447194,-0.003940409143962542,False,1.130942291613896
VLO,39,0.7847876922137917,Valero Energy,Energy,SP500,408.4599914550781,0.0537911996374516,0.06686519114816436,0.12837371881641135,0.5313659372310553,0.7062316115578293,0.9434697855750487,0.9883040935672515,0.9590643274853801,0.0019493177387914784,-0.011662812955999802,1.667179135433638,False,0.048975360164841275,True,0.15736253141431455,0.5851631123993546,-0.13596649895172874,0.04239462432697394,False,1108.4960739152223,True,True,1.0728900878988823,0.987415458451691,-0.000928730851027959,False,0.8652389310475721
SNDK,40,0.7815114269692496,Sandisk,Information Technology,SP500,1787.68994140625,0.02747295883956835,0.01942835185725955,0.16320179786575717,0.024464149803008706,1.5806446838009998,0.9551656920077972,0.6998050682261209,0.9883040935672515,0.53411306042885,-0.23439402937633835,14.291163163188248,False,0.04837383413178231,True,0.16274430234485182,0.5705432228567762,-0.1399656846450703,0.023665652289080574,False,19522.306758296876,True,True,0.556110667750504,0.5391433210156719,-0.0026610905539038443,False,0.7021925926650343
PSX,41,0.7776574236199327,Phillips 66,Energy,SP500,264.2300109863281,0.034937971536689316,0.03267290432124237,0.04844856164936351,0.5056820296291917,0.5233484325939939,0.8382066276803118,0.98635477582846,0.9395711500974658,0.0019493177387913674,-0.036395393237831586,1.1462169974068028,False,0.0175255193548578,True,0.10516823827585631,0.45347157454798537,-0.09516038792421921,0.023665832847217683,False,719.9751631218872,True,True,0.895390504359455,0.9506875296348981,-0.008068612973610612,False,0.8491092996182616
AAPL,42,0.7774670695002347,Apple Inc.,Information Technology,SP500,330.32000732421875,-0.008107566448037673,-0.016670653368857202,0.015962852900263336,0.07120143722488059,0.2944861259176217,0.7875243664717348,0.7719298245614035,0.8615984405458089,0.2962962962962963,-0.031518455944972934,0.3517356634364992,False,-0.003923128585467617,False,0.025491243270975517,0.14496721635051668,-0.02485759233756779,-0.010374914956922554,True,14735.815003131715,True,True,0.7179545312145726,0.8185152043112744,-0.009068491722122651,False,0.7900893864656905
WBD,43,0.7769965247975341,Warner Bros. Discovery,Communication Services,SP500,30.950000762939453,0.0,0.003566816141611806,0.09286727035508746,0.1688066955429266,0.12586398765475693,0.9044834307992202,0.9044834307992202,0.6666666666666666,0.39766081871345027,0.0,0.8099415247076933,True,0.05474808790714225,True,0.10047577023169763,0.11845911871470705,-0.09130211945560884,0.014315333546434106,False,924.6507044170265,True,True,1.9611349482683567,1.5958588498710968,0.0,False,1.4117533708738164
DXCM,44,0.7761755988143876,Dexcom,Health Care,SP500,86.2300033569336,-0.0006953014017520021,-0.014176264393100713,-0.04337692544031524,0.21024566114994525,0.3825557933888488,0.5497076023391813,0.9298245614035088,0.9064327485380117,0.033138401559454245,-0.06616843430011998,0.5723924711343098,False,-0.00637790077719369,False,0.0017635508591284932,0.1820149946936993,-0.0017604462226801232,-0.007599996658430586,False,395.8067331486511,True,True,0.5252151839304048,0.6490764552155112,0.0019700795821260275,False,0.657167557154044
HPQ,45,0.7721444021011434,HP Inc.,Information Technology,SP500,32.150001525878906,0.027813325451902182,0.03243423750888752,0.03647645255485932,0.4802754901982309,0.7339145328159116,0.8265107212475633,0.9844054580896686,0.9610136452241715,0.19103313840155944,-0.09385563865053903,0.8346590168209675,False,-0.010903909687383195,False,0.06303448529414157,0.3889068684762691,-0.05929674546418873,0.01087634376492197,False,478.6884358632927,True,True,1.2389452688007507,0.8300946614349317,0.010549869452111116,False,0.8739437775059937
VRSN,46,0.7694458749613761,Verisign,Information Technology,SP500,286.8999938964844,0.01733975377300756,-0.017061843576190006,-0.005097621963428445,0.12210817626517878,0.15048700700720796,0.7270955165692008,0.8596491228070176,0.7134502923976608,0.5594541910331384,-0.0717993694529453,0.3641666818423914,False,-0.018549741133663367,False,-0.005308815103755027,0.08486071890230074,0.0053371490411959766,-0.003757947521490168,False,221.76356060577393,False,True,0.7795246880599366,0.817630017216001,0.008403939701137508,False,0.8141870440202672
ASML,47,0.7663969665411626,ASML Holding,Information Technology,NDX,1808.489990234375,-0.0017553161634290548,0.04992161987481847,0.08608884197417055,0.023460389893356748,0.33463555449334326,0.8966861598440545,0.6939571150097466,0.8869395711500975,0.38011695906432746,-0.08977957221854749,0.9444790250062196,False,0.05710687540559345,True,0.05135129079360845,0.17756083638306008,-0.04884313287411868,0.02308055429171607,False,2363.0675597207032,True,True,0.796841030081085,0.9321164444727024,-0.006938387263941803,False,1.0212801827752893
MPC,48,0.7658800730898785,Marathon Petroleum,Energy,SP500,420.1499938964844,0.06254104402651728,0.07468980886996368,0.09699737309787038,0.5817549647722109,0.7757319079127687,0.9103313840155945,0.9961013645224172,0.9629629629629629,0.0019493177387914784,-0.011155877023551919,1.6134642772906296,False,0.0514027278594984,True,0.15771375179636005,0.6198627034706119,-0.13622862434832816,0.05016412306193829,False,978.134024326355,True,True,1.040789992952782,0.7734162134318174,-0.005589049359182585,False,0.7937466794336502
HST,49,0.7625645163136151,Host Hotels & Resorts,Real Estate,SP500,22.510000228881836,0.005359573135534701,0.022621770189260593,0.049557773810989136,-0.027305002095522002,0.23471587372165414,0.8421052631578947,0.5925925925925926,0.8070175438596491,0.3489278752436647,-0.11071148368032124,0.5359980831460145,False,0.02238288365788943,True,-0.011078846580093393,0.09411600804401998,0.011202962482681489,0.012045315780236265,False,209.60378118605422,False,True,0.5413989529193648,1.0014278883698438,0.0022331909679416118,False,1.5462081610662355
TXN,50,0.7583002407083157,Texas Instruments,Information Technology,SP500,281.30999755859375,0.004355747212161587,0.039386676159270495,0.11040499575676277,-0.035245183429683524,0.447717806123046,0.9259259259259259,0.5692007797270955,0.9278752436647173,0.4951267056530214,-0.14906006238341418,0.8655316658370775,False,0.05013044526877053,True,0.04114408553670157,0.14085240922722897,-0.03951814749587923,0.018870248287243374,False,1728.3262934068603,True,True,0.5220488040866654,0.6764177586968289,0.005176951072833003,False,0.5667057533466948
PANW,51,0.7577926933009846,Palo Alto Networks,Information Technology,SP500,396.25,-0.002667935780894637,0.01623406430621399,0.09434119696096865,0.1384531482486544,1.4662351684559125,0.9083820662768031,0.8869395711500975,0.9824561403508771,0.0,-0.002667935780894637,1.7969930480796728,False,0.0785115593235286,True,0.09975171328438037,0.589748260473097,-0.0907038489501184,0.025868039673060172,False,2237.8811252909545,True,True,0.9575018533418468,0.8818603747086768,-0.0032719735243436077,False,0.8514384964388413
IEX,52,0.7571834838237144,IDEX Corporation,Industrials,SP500,229.85000610351562,0.00820251956760032,0.005908122991315601,0.031365007062821526,0.030301716242741472,0.20545779259206975,0.8187134502923976,0.7153996101364523,0.7699805068226121,0.1734892787524367,-0.04436220679947411,0.4440946986444725,False,0.019010316658802928,True,0.001069688396950541,0.09597941993011982,-0.0010685453863491512,0.00635927036752304,True,145.89084109036256,True,True,0.6982543775502266,1.0777627052495413,-0.005526776605179751,False,1.0632526175969867
IVZ,53,0.7563625578405679,Invesco,Financials,SP500,30.420000076293945,0.008620697287707202,-0.008474583647183787,-0.0490778276354249,0.13378239592098717,0.2690276274261971,0.5146198830409356,0.8810916179337231,0.8421052631578947,0.07992202729044828,-0.0867607678729897,0.39682677449960413,False,-0.024280715762231675,False,-0.028564504661016343,0.10612039479921487,0.029404427569376335,-0.005799274765945106,False,138.28195525948334,False,True,0.7174215050456094,1.1720308078880866,-0.0006631451546703637,False,1.1382931749974872
AME,54,0.7540722048652834,Ametek,Industrials,SP500,249.08999633789062,0.005489850376646954,0.005449224246359519,0.078389174386011,0.0632213864544926,0.14269304462283983,0.884990253411306,0.7680311890838206,0.7017543859649122,0.3489278752436647,-0.0350727095957184,0.3978892545854915,False,0.032981104227440605,True,0.023553217977823726,0.0858466290940425,-0.02301122947408296,0.00830758061554615,True,338.99486990844724,True,True,0.9000350603908035,1.1096285264591144,0.0020990767425388412,False,1.465853171042707
CRL,55,0.7466625086307855,Charles River Laboratories,Health Care,SP500,286.8299865722656,-0.027727951332424672,-0.025845726823939374,0.01590277783032068,0.24335681449879276,0.6399656751390608,0.7855750487329435,0.9376218323586745,0.9532163742690059,-0.060428849902534054,-0.03935293900603121,0.9130927805254161,False,0.011305433120106345,True,0.04359191977475607,0.36905152999863455,-0.0417710399522494,-0.008022690129665055,True,260.88019284814453,True,True,0.8065812822888697,0.8470330226477163,-0.010677686552280297,False,0.8723802093712503
SOLV,56,0.7465558874354837,Solventum,Health Care,SP500,87.7699966430664,-0.004310889123478212,-0.009256120653811317,-0.03496427060888696,0.12137473370955565,0.3639471441225266,0.6042884990253411,0.8538011695906432,0.898635477582846,-0.005847953216374324,-0.05051931712463942,0.4045446357110718,False,-0.015634145185802528,False,-0.0016289149453984075,0.1264716583443326,0.0016315726384537044,-0.010382990355277233,False,92.49599597984314,False,True,0.566575056766289,0.6735584218512898,-0.0037436395387674404,False,0.7478365645846718
BBY,57,0.7465383397611227,Best Buy,Consumer Discretionary,SP500,87.69999694824219,-0.006119684140983628,-0.03626376979953638,0.07249457362258083,0.13630245161280108,0.39635420197027216,0.8752436647173489,0.8830409356725146,0.9103313840155945,0.10526315789473684,-0.07508967274306666,0.6174268774792542,False,-0.030099003483416986,False,0.009901531707133815,0.23006913456574063,-0.009804452608757175,-0.022202015903636463,False,318.7031793388672,True,True,0.9433746523522406,0.7521986622484245,-0.011672697237448348,False,0.9344137631889762
ROST,58,0.7459459150158502,Ross Stores,Consumer Discretionary,SP500,234.10000610351562,0.002999195481306227,-0.005522463154949864,0.023174174678663784,0.09896666756683392,0.06848071393724431,0.797270955165692,0.8323586744639376,0.5750487329434698,0.3762183235867447,-0.08101530762820086,0.5980519612412991,False,0.013922932500898488,True,-0.01450559655892758,0.07927519772352443,0.014719105971863655,0.002148456207679228,False,552.9824735756531,False,True,0.6356490783712466,0.7426611366130911,0.004113139412903921,False,0.7484332374210612
TGT,59,0.742246026023964,Target Corporation,Consumer Staples,SP500,156.6999969482422,6.37852235638725e-05,0.0035222739241502765,-0.04305345375119274,0.21267758429737316,0.32332611245118303,0.5516569200779727,0.9317738791423001,0.8791423001949318,-0.03508771929824561,-0.07763848660187778,0.9241841368730459,False,-0.008503972190778475,False,0.011361255961241046,0.23372545777729115,-0.011233627839977722,-0.002987110323604436,False,623.533370530365,True,True,0.6888952260299005,0.9636711147380675,-0.0006382417637208482,False,1.1985807856949995
ACN,60,0.742120712740756,Accenture,Information Technology,SP500,212.3000030517578,0.15776849378264868,0.19666308928158904,0.12871501507382455,0.5642717424471202,0.09953702349986648,0.9454191033138402,0.9922027290448343,0.6257309941520468,0.543859649122807,-0.24906503468271735,0.7265568963779925,False,0.14749625927231347,True,0.18676681854431565,0.09540964659433504,-0.1573744863994455,0.13519671627958174,False,1130.3029570763244,True,True,1.2123887451677535,1.7887885179546685,0.177837167904767,True,4.9845934313698175
JCI,61,0.7412189148670764,Johnson Controls,Industrials,SP500,151.77000427246094,0.020988970764097337,0.04409743832687418,0.09296151569418121,0.08123692194437004,0.13283862184650763,0.9064327485380117,0.7914230019493177,0.6803118908382066,0.4600389863547758,-0.016574688877911803,0.4503692781355759,False,0.04829029667923157,True,0.04383805868031154,0.11003380064088142,-0.041996992077233175,0.025599901345541687,False,481.6912663441772,True,True,0.9512792188856204,0.8557199122511578,0.008947204074430504,False,0.8221017568118992
BIIB,62,0.7406295418912578,Biogen,Health Care,SP500,222.82000732421875,-0.013547005013486157,-0.01563877574035899,0.0313831431623226,0.031001352759601364,0.21242795083378674,0.8206627680311891,0.7173489278752436,0.7953216374269005,-0.052631578947368474,-0.0256679131335944,0.5662871919590275,False,0.009235426964406379,True,0.03680710477940097,0.14283871417339333,-0.0355004364936643,-0.007435186656222781,True,205.42340835018922,True,True,0.6117578512466538,1.416276463132313,-0.0016823307711970603,False,1.8746195332941742
APH,63,0.7398490518533778,Amphenol,Information Technology,SP500,85.66999816894531,0.01625142428934856,0.03117472653837261,0.05163471614368875,0.042625599984252416,0.3458468577466536,0.8499025341130604,0.7387914230019493,0.8927875243664717,0.06432748538011701,-0.026737014031047113,0.4424224712909264,False,0.04996754306963003,True,0.0592303907002254,0.16072614915086159,-0.05591832638135508,0.026016296470765532,False,1019.6036630098114,True,True,0.8410378863537573,0.987078675134165,0.0083036408410615,False,0.9393820713251394
INTC,64,0.7385154286019462,Intel,Information Technology,SP500,120.0,-0.0019130279506919257,-0.058010828362158984,0.34876922955550405,-0.0029081718201795503,1.4984385394514206,1.0,0.6335282651072125,0.9844054580896686,0.5633528265107213,-0.14857387596620586,2.5693040991204072,False,0.08841562543063786,True,0.19411539945724088,0.48570381547482544,-0.16256000010172533,0.018542162393009987,False,11057.359177326904,True,True,0.9744767559235242,0.9073380145797149,-0.012476087150616322,False,0.9472589729608212
MSTR,65,0.7366570917400045,Strategy (MicroStrategy),Information Technology,NDX,160.5,0.04840292533389623,-0.006868390608003372,0.28523385273863067,0.5927359863720247,0.3072161719801505,0.9961013645224172,0.9980506822612085,0.8693957115009746,0.8109161793372319,-0.5537824267825027,0.949945386473197,False,0.09224167724324639,True,0.3125699205077528,0.18013230633553423,-0.23813582470855232,0.032539072550494375,False,2890.0584973802797,True,True,1.2117369614848648,0.7671582492720516,0.004833793917734308,False,0.8422112374823303
AMZN,66,0.7366065468084214,Amazon,Consumer Discretionary,SP500,248.22999572753906,-0.0036925474271837233,-0.00461147298402631,-0.02624353714678962,0.022911763302206456,0.17884782776938635,0.6530214424951267,0.6881091617933723,0.746588693957115,0.3352826510721248,-0.12601223389389682,0.2487046838934377,False,-0.015003330539462012,False,-0.031057845010431073,0.029069123585959034,0.0320533530825331,-0.004803796590263976,False,10284.901059631928,False,True,0.4806746997317415,0.8777489110178879,0.009873597327436645,False,0.828345390725528
LRCX,67,0.735128345979103,Lam Research,Information Technology,SP500,340.1000061035156,0.03528049676830092,0.10724053277991819,0.17319531584979475,-0.03115646013664697,0.5346206851347042,0.9610136452241715,0.5847953216374269,0.9415204678362573,0.4522417153996101,-0.21431402025156143,1.600829183139087,False,0.12437386353084601,True,0.11428234996079745,0.24262411739344958,-0.10256139295827316,0.0705748424043966,False,2856.2281950029296,True,True,0.679152629721449,0.8821337975459499,0.010623695262329758,False,0.9241445241418863
PFE,68,0.7309766043724227,Pfizer,Health Care,SP500,28.1200008392334,-0.01402523184116522,-0.010207638498284877,-0.01506124025632094,0.17647736177588236,0.018711764137245623,0.7017543859649122,0.9122807017543859,0.4600389863547758,0.15399610136452235,-0.03101308078337739,0.24193643631716077,False,0.0020668856911727485,True,0.03139674670572412,0.0902796049916319,-0.030440998389809848,-0.0069671976482461595,True,976.6050590512696,True,True,0.6040594993510559,0.8350852536961663,-0.0024544072125063376,False,0.8465769592212405
DE,69,0.7282277230366633,Deere & Company,Industrials,SP500,667.260009765625,-0.006388173785011331,-0.03753955526256669,-0.010690623296178203,0.07658870965200593,0.1750234899624612,0.7076023391812866,0.783625730994152,0.7407407407407407,-0.021442495126705707,-0.05726408638231295,0.5369125686363436,False,-0.023500237870454743,False,0.03290296330287612,0.14282785486327465,-0.03185484452253251,-0.019354065560545974,True,826.5468257712403,True,True,0.5708362602965416,1.006065900089394,-0.010587425330658262,False,1.266169134500234
FCX,70,0.728210747569075,Freeport-McMoRan,Materials,SP500,69.27999877929688,-0.010285731724330338,-0.03884576832171316,-0.04401824738061322,0.1390545288512075,0.13727246517735003,0.5458089668615984,0.8888888888888888,0.6939571150097466,0.4853801169590643,-0.13302470774197805,0.8052912015724758,False,-0.03528561508649608,False,-0.01541681926176719,0.09419104486562513,0.015658219197089984,-0.02503065236603086,False,925.9996565065003,False,True,0.7675551274527065,0.8479944888370411,-0.020142909458705338,False,0.9120159330902239
CRM,71,0.7278720011596722,Salesforce,Information Technology,SP500,236.69000244140625,0.03101448312075017,-0.006422629382321965,-0.08137457590080177,0.4274059412719182,0.27960109239941633,0.29239766081871343,0.9746588693957114,0.8460038986354775,0.01949317738791423,-0.1048608469399438,0.579445892703645,False,-0.02364021676666661,False,0.08467291959141665,0.1849608680516126,-0.07806308986059318,0.01058656712252004,False,3138.5751239887086,True,True,0.5957738038748082,0.7552190202658912,0.02487254986673393,False,0.674704298744446
AES,72,0.7252236374803066,AES Corporation,Utilities,SP500,14.920000076293945,0.0013423126359546345,0.0047137840421584976,0.010155694914107283,0.035593329840040155,0.07641704154938789,0.7699805068226121,0.7270955165692008,0.5867446393762183,0.3021442495126706,-0.11544443043507024,0.15075215284876875,False,0.005967034388818071,True,0.010682370661337481,0.03347757440130228,-0.010569463732060025,0.003508755082082926,False,111.8724225734501,True,True,0.6867568249391108,1.2357122299878807,0.0,False,1.221111210268965
MPWR,73,0.7251997955314465,Monolithic Power Systems,Information Technology,SP500,1360.969970703125,0.010206202623929128,0.0205385251699155,0.11176575057804206,0.05808299349257662,0.21933695760114125,0.9298245614035088,0.7602339181286549,0.7992202729044834,0.7134502923976608,-0.19221964829847282,0.5987938778416282,False,0.08013928724918418,True,0.045421374136365156,0.06588161902006284,-0.04344791034513551,0.023548346362533223,False,963.9633706699219,True,True,0.8009423393983179,0.7031146615678363,0.009471363283729772,False,0.6627089895808093
WSM,74,0.7242201775366881,"Williams-Sonoma, Inc.",Consumer Discretionary,SP500,233.38999938964844,0.023909787180260933,0.02068571526189844,0.05073835998652454,0.02917974046722782,0.3034446320656756,0.847953216374269,0.7115009746588694,0.8674463937621832,0.06627680311890838,-0.07303995344669367,0.38857490895318225,False,0.02853944424947552,True,2.484722695195174e-05,0.12347478340340357,-2.4846609582573898e-05,0.01659615521567548,False,252.10890883929443,True,True,0.7678810285651392,0.8926791449772954,0.007019350827364601,False,1.3965561948282794
NUE,75,0.7236184067474623,Nucor,Materials,SP500,235.97999572753906,0.009540088673963831,-0.046052976519675215,-0.06104831168913172,0.0715321056001832,0.36496456341956374,0.4405458089668616,0.7738791423001949,0.9005847953216374,0.4619883040935673,-0.1390378984692594,0.8116682928337866,False,-0.05802258391400961,False,-0.07544411662915396,0.10683294698598056,0.08160038564039174,-0.02446952894458132,False,359.86126291381834,False,True,0.8252838665591761,0.9446084879827914,-0.010267353567847581,False,1.0953815575532706
PWR,76,0.7231036113876779,Quanta Services,Industrials,SP500,662.5999755859375,0.031444505610502604,0.02985770539285526,0.08394547182265844,-0.008374257390833195,0.1835766020284486,0.8927875243664717,0.6257309941520468,0.7504873294346979,0.4990253411306043,-0.15590817501159493,0.6086890837654189,False,0.04349089699157416,True,0.031323060304808914,0.09657939047083808,-0.0303717249331662,0.026146561190013795,False,671.4020594959717,True,True,0.613050436092184,0.7802113459186427,-0.0001557232523223817,False,0.8708405638555423
PM,77,0.7221825492193193,Philip Morris International,Consumer Staples,SP500,188.17999267578125,-0.01383510400957011,-0.017336852867983032,0.0055036003894639585,0.03242436091945189,0.20600078231957752,0.7563352826510721,0.7212475633528265,0.7738791423001949,0.10136452241715399,-0.05989911376751067,0.33846002738225933,False,-0.008780786279144248,False,-0.009869770831864688,0.06744842787957017,0.009968154229728743,-0.013654468259658215,False,871.8902915082092,False,True,0.6820286828071345,0.8514108535788474,0.012053179460688845,False,0.7641717528643324
IT,78,0.7201863105251713,Gartner,Information Technology,SP500,192.8000030517578,0.03355853967477529,0.07517284841042082,0.015110885519149075,0.41431919522428573,0.24555857235139644,0.783625730994152,0.9727095516569201,0.8265107212475633,0.27875243664717353,-0.2532052793740688,0.533444666381022,False,0.04472032667651127,True,0.06385093308440681,0.11190924098276733,-0.06001868410199607,0.033789907251354334,False,235.18919174682617,True,True,0.8481180358067666,0.7100889683812974,0.051731583052387675,True,0.8407056515468799
QCOM,79,0.7194964198929593,Qualcomm,Information Technology,SP500,182.08999633789062,-0.010595506516947517,-0.06264798987481213,0.0988597630464072,0.03875761161783897,0.4437242495091638,0.9122807017543859,0.7309941520467836,0.9220272904483431,0.7037037037037037,-0.2679578659479146,0.4810771081747458,False,-0.012941978359000239,False,0.06707482225339167,0.08515338129996453,-0.06285859328190935,-0.027582487856093185,False,2159.6115100520324,True,True,1.059924443301546,0.9983435987838758,0.00619430249530617,False,0.8694902385337802
EXPD,80,0.7194741038288263,Expeditors International,Industrials,SP500,187.74000549316406,0.016789461188058352,0.022214971957426943,0.00021315154806789138,0.12036759137880737,0.307653662254868,0.7407407407407407,0.8499025341130604,0.8713450292397661,-0.007797270955165692,-0.03176889426107399,0.6768481375045758,False,-0.005777630691829239,False,0.017272087938494662,0.15837430765904248,-0.016978828126009593,0.0008119751854520629,False,183.51827685305787,True,True,0.9109683258062042,0.9921800297082696,0.015002189566819535,False,1.464747724992075
STLD,81,0.7149635885757012,Steel Dynamics,Materials,SP500,226.1699981689453,0.02057667770423155,-0.03609058602216997,-0.03151996644163746,0.028683221943314408,0.24268885947993657,0.6257309941520468,0.7095516569200779,0.8206627680311891,0.5867446393762183,-0.19640102601981213,0.618616537885206,False,-0.03666851909426472,False,-0.0673012636481316,0.04948726514991453,0.07215755851816841,-0.011431311646779796,False,270.05026374954224,False,True,0.7008409672858817,0.8890341967838122,0.0017598456232765791,False,0.9483382949306296
FAST,82,0.712643862319421,Fastenal,Industrials,SP500,50.22999954223633,0.014132864530415512,-0.009856101015410346,0.030358964968950408,0.03921072189806574,0.08888615260242072,0.8148148148148148,0.732943469785575,0.6023391812865497,0.07797270955165692,-0.04104622913395961,0.3041039258723859,False,0.011182792987192602,True,0.009099964475983935,0.09528608912811154,-0.009017901889144753,0.0038457394181619087,True,351.72141469960786,True,True,0.6906872250495271,1.0702030489577243,-0.002220888614225869,False,0.8757668204616562
PYPL,83,0.7101175694182184,PayPal,Financials,SP500,53.060001373291016,0.010089522297933584,0.008745302519281184,0.015096514132711958,0.16980553675641508,0.1957517484696727,0.7816764132553606,0.9064327485380117,0.7582846003898636,0.0721247563352827,-0.29526175262014054,0.36970242512474605,False,-0.007612139370347659,False,-0.06058256244591875,0.06018292215900023,0.0644895017103948,-0.005308860007293914,False,694.865253620926,False,True,0.634724006629392,0.9494852669199705,0.010279857758918709,False,0.9463062728532593
URI,84,0.7094417932197312,United Rentals,Industrials,SP500,1034.1099853515625,0.03330397797616369,0.012176145574886776,0.0443972729925588,-0.05706908592090998,0.4189709539412221,0.8304093567251462,0.4853801169590643,0.9200779727095516,0.12475633528265107,-0.11221473443507035,0.46105269802461746,False,0.018901849137432425,True,-0.02946745382879401,0.09559425834865198,0.030362149054191434,0.010001606477874514,False,506.63529016931153,False,True,0.7155948806875756,1.3312150162030219,0.0030975593988575856,False,1.1065553214966395
HAS,85,0.7052141388478808,Hasbro,Consumer Discretionary,SP500,89.9800033569336,0.02623178653914815,0.03651659817407782,-0.03454928859168083,0.13106879030871332,0.022573621585665338,0.6081871345029239,0.8752436647173489,0.47953216374269003,0.15594541910331383,-0.13132179211473227,0.30913084727219897,False,0.008444834592783668,True,-0.018613576544599386,0.008671525946384095,0.018966613048366998,0.015866267315988836,False,155.74890121772765,False,True,0.6340746491923518,1.1539193571126463,0.0,False,1.9976835026385613
GILD,86,0.7046562372445573,Gilead Sciences,Health Care,SP500,147.5,-0.010399215162844144,-0.014630251891828872,-0.010600576512347026,0.1299668288732465,0.06418809387167324,0.7095516569200779,0.8732943469785575,0.5633528265107213,0.029239766081871288,-0.03624182807135501,0.3670879559683453,False,-0.008044711051446662,False,0.03628314535596444,0.09188112035865803,-0.035012771865068903,-0.014605526301071703,True,866.6014465029907,True,True,0.650116066959911,0.8332981750047505,0.002616567471743103,False,0.7250579098860098
CVX,87,0.703087627745162,Chevron Corporation,Energy,SP500,207.10000610351562,0.014152094876025423,0.00705087405818805,-0.018715929358567696,0.2346773852414612,0.06793386106959676,0.6900584795321637,0.935672514619883,0.5692007797270955,0.18323586744639375,-0.04899663846998714,0.45065183377381035,False,-0.008298468527820568,False,0.026953345435939413,0.12660951542575583,-0.02624592982312912,0.004873628236305105,False,1765.3189473618775,True,True,0.8646447546593877,0.8019337252852559,-0.004309313225994482,False,0.6876705508241456
KO,88,0.7030799983215268,Coca-Cola Company (The),Consumer Staples,SP500,86.0999984741211,0.00023230300465892917,-0.022701475989099884,-0.01575259963943576,0.029400673904358188,0.14580671742738538,0.6939571150097466,0.7134502923976608,0.7095516569200779,-0.02729044834307992,-0.05844361390553077,0.337199160377297,False,-0.01791516336319976,False,-0.015579341723090945,0.08924498820061144,0.015825898808706773,-0.01135330292528447,False,1369.786452333725,False,True,0.5210250122059811,0.9565443201133452,0.0017425827449830678,False,1.206759995540424
ROK,89,0.7012661028522601,Rockwell Automation,Industrials,SP500,442.45001220703125,0.01635546793095477,0.021989743589743593,0.05968436639425012,-0.05912033454821375,0.20671693668295132,0.8596491228070176,0.47368421052631576,0.7777777777777778,0.2962962962962963,-0.10355307827966209,0.3434263417790968,False,0.036658539566673864,True,0.011434740386932374,0.049722496242821546,-0.011305465325976316,0.022835308408061694,False,337.423979045105,True,True,0.5608385988630232,0.7947512404173211,-0.0016079335470655653,False,1.128081701684772
APA,90,0.7007118252251634,APA Corporation,Energy,SP500,43.34000015258789,0.04333170913310491,-0.007783886222812231,-0.02167040860058389,0.34873430186363663,0.06256777056741436,0.6764132553606238,0.9590643274853801,0.5614035087719298,0.12670565302144243,-0.08584686158876631,1.047783325015181,False,-0.012520076387640633,False,0.046000870223093404,0.23986602404403468,-0.04397785081505934,0.008403173854689916,False,242.62833082783507,True,True,0.9903004352726476,1.1009023088642398,-0.004333180096500633,False,1.1985873174699964
MET,91,0.7006456399751281,MetLife,Financials,SP500,94.3499984741211,0.002017786795054821,-0.029820067104153303,-0.0007413651364297502,0.05412540865906301,0.34413370380772434,0.7368421052631579,0.7524366471734892,0.8888888888888888,-0.021442495126705707,-0.05602800045127543,0.41302799834641135,False,-0.024196025116974162,False,-0.020263478728275386,0.13792840052619781,0.02068257974294241,-0.014197054805757392,False,327.33254320384214,False,True,0.8262822490133346,0.951549667441226,-0.004779147834908182,False,1.0870962795196641
TRGP,92,0.7002405175800994,Targa Resources,Energy,SP500,279.30999755859375,0.03329510592019114,-0.013561703763604771,-0.05657637012134675,0.08396624892342763,0.15211625958457287,0.46393762183235865,0.7992202729044834,0.7173489278752436,0.05653021442495121,-0.07589744397487597,0.9502120532230312,False,-0.02038254073397483,False,-0.006685926879916648,0.13447580788176383,0.006730929381595807,0.0011310819674730244,False,342.1125236894531,False,True,0.6506626551532969,0.9265178353487574,-0.005290195289470501,False,1.1107619194897147
NOW,93,0.6998052589617116,ServiceNow,Information Technology,SP500,137.75999450683594,0.02798298749134509,-0.00014518995963253012,-0.035969206502358686,0.29571101300089886,0.32410604858305114,0.594541910331384,0.9512670565302144,0.8810916179337231,0.2300194931773879,-0.2721047580255824,0.6597589699618787,False,0.007054319108783069,True,0.07339372623016893,0.1890549501633514,-0.06837540078413973,0.01717291698644563,False,2256.527012768967,True,True,0.8198133072180811,0.5477741102875333,0.037609198951685574,True,0.5451260059352272
MRK,94,0.6973173039142758,Merck & Co.,Health Care,SP500,143.80999755859375,-0.010322758414438415,-0.02817947215394656,-0.03470658803577742,0.11653960262380636,0.2057195846347426,0.6062378167641326,0.847953216374269,0.7719298245614035,-0.11111111111111105,-0.07536667536549813,0.7945548515813334,False,-0.022084273674463084,False,0.017015016642389025,0.18636628732971428,-0.016730349467762085,-0.021283003171311043,True,1435.2231025261078,True,True,0.5009311292922533,0.8407859207953245,-0.004129040360658087,False,0.7813777439525329
XOM,95,0.6954959697569647,ExxonMobil,Energy,SP500,163.82000732421875,0.006574545770929419,0.010361465035737316,-0.00443631549073531,0.2027192204271111,0.0324659975323387,0.7290448343079922,0.9278752436647173,0.5048732943469786,0.24171539961013644,-0.032482871262038415,0.5235715188369432,False,0.00696742037332343,True,0.02352399419463347,0.1113555662750072,-0.022983334370332398,0.009234111672436818,False,2266.767328421143,True,True,0.9462404513540739,0.8157311973123798,-0.007680491551459334,False,0.8238360344477798
WST,96,0.6949149891471449,West Pharmaceutical Services,Health Care,SP500,365.010009765625,-0.01550868445503295,-0.022992495175469974,0.07783852456586238,-0.001344021267882023,0.44624405013455015,0.8830409356725146,0.6393762183235867,0.9239766081871345,0.023391812865497075,-0.030852547504288785,0.5826962973000083,False,0.013942032717492392,True,0.03807219829039021,0.21030210163078222,-0.0366758673944757,-0.010935431207817703,True,223.1602005092163,True,True,0.8697021915639703,0.8491830723528523,-0.008738862516486812,False,1.049337145502662
FIX,97,0.694800357057026,Comfort Systems USA,Industrials,SP500,1685.2900390625,0.01886237985049055,0.02549609285719434,0.08422707872422741,-0.031664378489516865,0.1808189964297191,0.8947368421052632,0.580896686159844,0.7485380116959064,0.5087719298245614,-0.18405294345986856,1.1357006178743214,False,0.03529600455707649,True,0.016045392545919857,0.08656045412833269,-0.01579200364829636,0.02004561872827426,False,661.9666758740234,True,True,0.6392129614973984,0.7241686505639637,0.002363858230497451,False,0.7588355505690014
SHOP,98,0.6927726469903831,Shopify,Information Technology,NDX,149.08999633789062,0.005326994402401253,0.027073522848133358,0.06629944591675185,0.24803279324040495,0.2579311555913093,0.8674463937621832,0.9434697855750487,0.8362573099415205,0.07797270955165692,-0.16714149537501244,0.5627881965751056,False,0.0791384847939045,True,0.06525268486575131,0.1504647798411214,-0.06125559296194094,0.03246143467420115,False,1402.6883234320069,True,True,0.960445465320903,0.6889302509776744,0.0126095420007164,False,0.48542867275205814
WDAY,99,0.6923225109959069,"Workday, Inc.",Information Technology,SP500,186.75,-0.01947919029237888,-0.02220014331229403,-0.05862488454762671,0.37924673868725267,0.44711348766958636,0.45419103313840153,0.9668615984405458,0.9259259259259259,0.0019493177387913674,-0.23983391789023623,0.6599999999999999,False,-0.022141233762206336,False,0.01098085299333662,0.186546755241648,-0.01086158354119604,-0.015402542642147687,False,745.220899625595,True,True,0.6401345744727751,0.4770613366700344,0.025412139910095943,False,0.6030489233848562
ZS,100,0.6914504678744045,Zscaler,Information Technology,NDX,198.77999877929688,-0.0032093039591056804,-0.07389116965827036,0.11442509514394605,0.3492160205579893,0.4544523409854295,0.9337231968810916,0.9610136452241715,0.9298245614035088,0.04678362573099415,-0.4088678583469576,0.683862716141937,False,0.04318117983261138,True,0.1170522097805462,0.19322816317965485,-0.10478669551492314,-0.0031601358284252257,True,521.2057851942749,True,True,1.525322748474844,1.0925172413793103,0.016196949940811223,False,0.49944220018517715
TEL,101,0.6898419946365153,TE Connectivity,Information Technology,SP500,217.75999450683594,0.03164673402422946,0.019141650081621275,0.04692305051363421,0.10722385581615468,0.036780368653678064,0.8362573099415205,0.8421052631578947,0.5126705653021443,0.5438596491228069,-0.11595253477171719,0.12058469676152073,False,0.039523942649583255,True,0.0444571563690106,0.021979559611769117,-0.0425648444246034,0.02140254048784862,False,433.95583370751956,True,True,0.9505164551915756,0.835031974707733,-0.011701730146279177,False,0.7071397903051305
MTD,102,0.6892512865115605,Mettler Toledo,Health Care,SP500,1481.1700439453125,-0.019709393553019816,-0.025000809570074445,0.07646304107288726,0.13202080596089494,0.1625681779987349,0.8810916179337231,0.8771929824561403,0.7309941520467836,0.05458089668615984,-0.04147519861724325,0.44429709675184625,False,0.05017320021368277,True,0.05392220797614811,0.12360056955652343,-0.05116336629787421,-0.00416265658286552,True,271.6053389897461,True,True,1.2732422007149136,0.8063465138648986,0.014957542199674823,False,0.8673300508916381
TT,103,0.6885278264153535,Trane Technologies,Industrials,SP500,458.94000244140625,0.01539889217642565,0.04651797669309965,0.04515506416162873,-0.037866308322518916,0.0769114430397333,0.8323586744639376,0.557504873294347,0.5886939571150097,0.29434697855750486,-0.0862729803450103,0.2278007831252511,False,0.0421927590961082,True,0.010747997255865727,0.03006438000836531,-0.010633706210693483,0.02349249496978234,False,508.50960025683594,True,True,0.7310856373231307,1.2137287599244797,0.0012610664029075735,False,0.9832281257202686
ALLE,104,0.6882535486356685,Allegion,Industrials,SP500,154.27999877929688,0.0033166059222595745,0.011804847207460334,0.0198129822313049,0.10135166709311672,0.07842852618947038,0.7933723196881092,0.8362573099415205,0.594541910331384,0.01754385964912286,-0.1319200077064263,0.23729607529143637,False,0.003389817994333244,True,-0.022776095071616598,0.033597721929600644,0.02330693606322054,0.0008930373854394436,False,206.11917198773193,False,True,0.5165457313926727,0.7136531455462144,-0.0027313400356101525,False,0.8182581056075923
COHR,105,0.68802409371984,Coherent Corp.,Information Technology,SP500,319.19000244140625,0.10903028091101663,0.09834492457397626,0.17336324623657107,-0.042506550074426386,0.2880952320841468,0.9629629629629629,0.5399610136452242,0.8557504873294347,0.5263157894736843,-0.2522898369869975,1.9184419349516877,False,0.08352060985679355,True,0.07633809860336616,0.10741364764322459,-0.07092390272389393,0.06954829714299571,False,2046.8618956813355,True,True,0.8290333026952587,1.0010693139305389,0.00760919516341807,False,1.72115346252752
CTAS,106,0.6870559198605342,Cintas,Industrials,SP500,195.60000610351562,0.0027684228016031653,-0.010521988311063213,-0.024876565758391256,0.08125997904595406,0.1429978459410013,0.6588693957115009,0.7933723196881092,0.7037037037037037,0.0019493177387914784,-0.09431434497574243,0.20233157091118992,False,-0.014870100099430683,False,-0.030329166147722297,0.04424875769351,0.0312777956074346,-0.008490743125600941,False,412.031751082489,False,True,0.7016978629703543,0.9597032986953178,0.002255728734304352,False,0.8870079904146146
CSCO,107,0.6843989730795788,Cisco,Information Technology,SP500,108.76000213623047,0.010498977159238088,0.016733672011783662,-0.008930159892618361,-0.031263935179981495,0.4084229583144914,0.7134502923976608,0.5828460038986355,0.9142300194931774,0.4639376218323587,-0.160254853746975,0.6357208925111282,False,0.0016255012043435713,True,-0.029860577360024232,0.11964572575380794,0.030779676264228728,0.008511902738300936,False,2175.020858820007,False,True,0.8281511710588225,0.8357314721665915,0.003809380958581743,False,0.6585333443276608
TECH,108,0.6781623007289914,Bio-Techne,Health Care,SP500,72.4000015258789,-0.00096591270381019,-0.0023425405768251473,0.0030479526153084358,0.023297741104818526,0.35778500035662986,0.7504873294346979,0.6900584795321637,0.8966861598440545,-0.3021442495126706,-0.0028921509806835166,0.6770054706361421,False,0.0001105277861188636,True,0.00244100642336309,0.17074272500634846,-0.0024350624203537397,-0.0007205512400975111,True,225.1466268691864,True,True,0.044324740962462326,0.9753358339148639,0.00041394754783441456,False,0.8697805627750343
FOX,109,0.6781367421598136,Fox Corporation (Class B),Communication Services,SP500,54.91999816894531,-0.024511564597088364,-0.03986018467802854,-0.06503240381965869,0.09159680482539545,0.043705289677291814,0.39571150097465885,0.8128654970760234,0.5243664717348928,0.42690058479532167,-0.1811135212712176,0.24332364227695646,False,-0.05069749325537487,False,-0.038702971726587876,-0.02660856336951334,0.04026119980429188,-0.028815230562595162,False,65.95454533513642,False,False,0.5670989055264467,0.8994242815589055,0.001065743767391103,False,1.4153687011521476
MCHP,110,0.6750809672583283,Microchip Technology,Information Technology,SP500,78.5,0.009386696521076487,0.05101081047068745,0.09928575793719818,-0.06696243402681235,0.2139593947258851,0.9161793372319688,0.44639376218323584,0.797270955165692,0.40545808966861596,-0.2311138066276428,0.6433311710593994,False,0.05466100437525645,True,0.03848802833869924,0.005023836425733119,-0.03706160041177342,0.021070390984488485,False,711.8245793124543,True,True,0.5735623604738683,0.8382968147323554,0.003086093654672384,False,0.7250376162074978
FOXA,111,0.6742327660856859,Fox Corporation (Class A),Communication Services,SP500,61.279998779296875,-0.021867561264401925,-0.04010027204217104,-0.06642292277411488,0.08977931136288153,0.052869238992156564,0.38011695906432746,0.8109161793372319,0.5419103313840156,0.4269005847953216,-0.1873253343669724,0.2615440481467044,False,-0.05315937878524335,False,-0.042705343209790025,-0.025121469913312988,0.04461044768909517,-0.02962201362279704,False,318.70416820188905,False,False,0.5110303086776629,0.773620655615789,-0.00015965101335768672,False,0.9823751655688481
PFG,112,0.6732592516298356,Principal Financial Group,Financials,SP500,112.23999786376953,0.0025008822935557173,-0.01673240154689226,0.0341391614792832,0.020054584959057875,0.26549248675391723,0.8245614035087719,0.6783625730994152,0.8382066276803118,0.11890838206627674,-0.0529069627832206,0.48116954587264593,False,-0.026796916641155244,False,-0.007913699578815714,0.1204584696716593,0.007976825781644159,-0.013764432207457933,False,156.17482269540406,False,True,1.5306535149345795,0.8958315478775712,-0.0010718359017802825,False,0.9227747742524604
EME,113,0.6703356564928303,Emcor,Industrials,SP500,769.030029296875,0.019271347865043698,0.022700684644694435,0.045943596459537606,-0.006754811565604646,0.013508607849305854,0.834307992202729,0.6276803118908382,0.4444444444444444,0.4697855750487329,-0.18471282352482143,0.32444371376902237,False,0.019446978170162055,True,-0.003288078222407065,-0.0031040767780257106,0.0032989253469979385,0.013206400101372084,False,298.1039871384277,False,False,0.5452662916567499,0.9292857364005077,0.0,False,0.8251455228501837
PKG,114,0.6642313546423135,Packaging Corporation of America,Materials,SP500,229.7100067138672,0.0019628902460688824,-0.03527778705200335,0.00906398256349994,-0.029400804240281797,0.10155856640778982,0.7621832358674464,0.5886939571150097,0.631578947368421,0.1364522417153996,-0.10190442418831336,0.22876182265782674,False,-0.016494639778110054,False,-0.050369513371484764,0.026739310212738676,0.05304117136162323,-0.015876638049388214,False,149.47826709329223,False,True,0.6844411227560024,0.9639017393326959,-0.007545999166843176,False,0.9589518389588703
DHR,115,0.663808684572924,Danaher Corporation,Health Care,SP500,211.75999450683594,-0.044188708689093414,-0.05199415972951249,0.025154806623116643,0.07176927035773462,0.11418519078728284,0.8011695906432749,0.7758284600389863,0.6491228070175439,-0.052631578947368474,-0.1198987476955683,0.3129229684035377,False,-0.006156580043872761,False,0.018035171490426327,0.054181841016300414,-0.01771566640867861,-0.03281598088690851,False,886.1159014047852,True,True,0.7138054035234035,1.099512919601806,-0.0010833016919796767,False,1.2082451882105347
DAL,116,0.6629696387086438,Delta Air Lines,Industrials,SP500,84.12999725341797,0.008027775896177314,0.016553831341526104,0.1014663560969582,-0.0906983887586238,0.2509094460784802,0.9181286549707602,0.3567251461988304,0.8284600389863548,0.10136452241715399,-0.0995331769226554,0.5236519993577693,False,0.03688179766296673,True,0.0010494459511458665,0.11472434887028982,-0.00104834576892332,0.010683764208913482,False,495.6145300664673,True,True,0.7103885111130863,1.1209284768296661,0.0037143249699773673,False,1.085568478117507
NDAQ,117,0.6609518468927265,"Nasdaq, Inc.",Financials,SP500,91.66999816894531,-0.0036952935484312333,-0.030460124694400625,-0.05700327931432636,0.08646228301602044,0.08408456772162043,0.4600389863547758,0.8050682261208577,0.5964912280701754,0.10526315789473684,-0.08296572954221748,0.19687576732415613,False,-0.015218838559702075,False,-0.03197134464316065,0.01739245999305372,0.033027270903850825,-0.010988930113678852,False,296.81725364570616,False,True,0.8308028178699102,1.0214539808897956,0.003369172387745145,False,1.0059456384259424
EQIX,118,0.6538261559530486,Equinix,Real Estate,SP500,1012.3300170898438,0.0007414144084791907,-0.021676516742139773,-0.014850231354961663,0.015116444816450914,0.02632376370516276,0.7037037037037037,0.6705653021442495,0.4951267056530214,0.3996101364522417,-0.08851091747068984,0.41548440911814866,False,-0.01423727214298054,False,-0.028549458891995227,0.03428130226777282,0.029388484213959787,-0.007469788264873212,False,589.4270030212402,False,True,0.9239934442684714,1.03187053918451,-0.004814246065474537,False,0.988310421664875
CDNS,119,0.6513656668306993,Cadence Design Systems,Information Technology,SP500,350.7300109863281,0.06220663373527424,0.08922363660350352,0.12039995340083709,-0.060057894576713955,0.2517577641253397,0.9395711500974658,0.46588693957115007,0.8304093567251462,0.42105263157894735,-0.1576887085477946,0.3202213586973315,False,0.16443259316730474,True,0.10231100984348784,0.07741473449850256,-0.0928150122151229,0.08610738124008588,False,796.4631741146851,True,True,1.108355863940667,1.0818097081809708,0.027771836949495476,False,1.3179736300924536
DVN,120,0.6483817992469758,Devon Energy,Energy,SP500,47.15999984741211,0.024326648775261805,-0.03558285530003413,-0.032305229164996785,0.17285461632441557,-0.01619610010476491,0.621832358674464,0.9083820662768031,0.3645224171539961,0.32748538011695905,-0.08194672834790218,0.5236946027067255,False,-0.021713877863404396,False,0.010776177366826678,0.07132688980412927,-0.010661289421066256,-0.0022191081565845483,False,537.5800633381195,True,True,0.9792019014283364,0.8387309001964828,-0.00021724882779261545,False,0.6614529007535657
BEN,121,0.647113979774398,Franklin Resources,Financials,SP500,32.5,0.01183066876562111,0.008652360234541856,-0.008107743104227128,-0.03747775354686389,0.40572900635233533,0.7192982456140351,0.5633528265107213,0.9122807017543859,-0.02729044834307992,-0.08214615647733425,0.6103612873507513,False,-0.01347165474286971,False,-0.024650046547062043,0.12593446328098312,0.025273027860201358,-0.00013017611847587762,False,131.6187944002266,False,True,0.8797173460750449,1.0371462514749008,-0.0021793180931500844,False,1.359010741267402
MAR,122,0.6468587755538009,Marriott International,Consumer Discretionary,SP500,354.7900085449219,-0.002474217250792443,0.009331167500703286,0.0604992422372419,-0.046759678262833115,0.06823229434425149,0.8615984405458089,0.5126705653021443,0.571150097465887,0.3430799220272905,-0.1168306279095207,0.3810390080926571,False,0.03455265713441791,True,0.008751378137742627,0.019485420745621873,-0.008675455942274368,0.006613969010203169,True,574.7056467615356,True,True,0.6949167789240666,0.826749018913756,0.005960567484327051,False,0.6839056408449153
ADP,123,0.646828448594851,Automatic Data Processing,Industrials,SP500,263.9599914550781,0.022862876665511678,0.003230611344453127,-0.06293233164978884,0.09650098501309556,0.32981302158656645,0.4171539961013645,0.8245614035087719,0.8830409356725146,-0.08576998050682261,-0.075938215693378,0.41779100114971435,False,-0.016309947081504017,False,-0.02178498289388331,0.12319450685146349,0.02227013745743811,-0.00033054275051269677,False,612.3669112772827,False,True,0.8010583215823702,0.8047956821944263,0.021002919782263874,False,0.6721283860847227
ADM,124,0.6450420190506707,Archer Daniels Midland,Consumer Staples,SP500,79.5199966430664,0.0017636608023743339,-0.028822675739074377,-0.05949149884255189,0.0421239087056684,0.1130622353394346,0.4502923976608187,0.7368421052631579,0.6471734892787524,0.2631578947368421,-0.09728686628560979,0.4614891257450404,False,-0.050246671182625824,False,-0.027974687148119348,0.08070388683379948,0.02877979284926524,-0.019287251809250727,False,311.5033755690155,False,True,0.8436689851735039,0.7697595006965401,-0.0032753151402350467,False,0.6246747029170608
BLK,125,0.6434856166290918,BlackRock,Financials,SP500,1064.3599853515625,0.005735616952834199,-0.008467992206240282,-0.05166021840697166,0.07440982229591775,0.12372126052090704,0.49902534113060426,0.7777777777777778,0.6627680311890838,0.08187134502923976,-0.09602936585783595,0.16572833144877475,False,-0.008563655413656446,False,-0.03721160048298944,0.01275879362229726,0.03864982222641733,-0.004007646605728499,False,642.2011816000977,False,True,0.8307327849371167,0.8462438487215664,0.0021071543588613295,False,0.8962563993903064
ARM,126,0.6433297856513429,Arm Holdings,Information Technology,NDX,292.3399963378906,0.00925220134605631,-0.04570085580518879,0.24495352704019524,-0.07276072865461014,0.885213016896744,0.98635477582846,0.4269005847953216,0.9707602339181286,0.4171539961013645,-0.3347744913707945,1.7961739627417015,False,0.04987196139757,True,0.10193313911777735,0.3605218817087219,-0.09250392378559946,-0.004245646594314367,False,1396.4684135583802,True,True,1.0886200331361227,1.1398932955461902,0.015604463704089744,False,0.6314855745509496
BDX,127,0.6423534101616295,Becton Dickinson,Health Care,SP500,178.07000732421875,-0.005195489808833775,-0.006472066233175089,-0.04275263423573816,0.1330979880561527,0.1537859814263134,0.557504873294347,0.8791423001949318,0.7192982456140351,-0.07797270955165692,-0.06708269303500647,0.31622651826273374,False,-0.018204831676481903,False,-0.004778587524422284,0.10885363983852381,0.004801532065649372,-0.015622180799421348,False,324.24352985025024,False,True,0.8589169129971621,0.8789017283689303,0.0006145285494500996,False,0.7108847780465268
EOG,128,0.6404885882895975,EOG Resources,Energy,SP500,141.30999755859375,0.025769477303381194,-0.010849804319862932,-0.04745539774369478,0.08853587103103222,0.021678120090335984,0.5243664717348928,0.8089668615984406,0.47368421052631576,0.21247563352826515,-0.08085083576455965,0.4229873448530428,False,-0.018871351891169286,False,-0.02156830907802365,0.08149178965046389,0.022043755612310312,0.0010789916201514593,False,439.8670468588562,False,True,0.9189465462111566,0.9487357115845534,0.00166965008347697,False,1.0344392748022415
OXY,129,0.6402288064148194,Occidental Petroleum,Energy,SP500,57.84000015258789,0.04555315386235348,-0.003617555335618139,-0.04667093291188962,0.18800665898868285,-0.06196697287300468,0.5263157894736842,0.9200779727095516,0.27485380116959063,0.4327485380116959,-0.1187530476942722,0.5069617828222719,False,-0.017105389211569344,False,-0.00605957833359938,0.08109830514408278,0.006096520678211537,0.014076131783380852,False,491.3592129306717,False,True,1.076160980443179,1.1895722416356078,0.006869144436217223,False,1.4058608761939697
NWSA,130,0.6383466276040176,News Corp (Class A),Communication Services,SP500,28.639999389648438,-0.00034904813315839167,0.007032308433022605,-0.06182284033677288,0.07869243776343926,0.16294486454971002,0.4327485380116959,0.7875243664717348,0.7348927875243665,-0.0019493177387914784,-0.07866733383626712,0.28823456639085343,False,-0.028072407583194403,False,-0.020164518750447225,0.08340487664723129,0.02057949435014539,-0.008095675070283415,False,121.31210895026778,False,True,0.9259431090873562,1.0079037287286081,0.0017452406657918473,False,0.8169139011933757
FDS,131,0.6379962463235715,FactSet,Financials,SP500,277.6099853515625,0.028375524349510517,0.0234469506048387,-0.09111451305459728,0.11422343178735694,0.2452894167379942,0.2475633528265107,0.8440545808966862,0.8245614035087719,-0.023391812865497075,-0.11462287941512139,0.4809045105874781,False,-0.0011011006564803916,False,-0.014149748314992494,0.121966345626767,0.01435283735111681,0.016816719243134104,False,251.70988100531005,False,True,0.9568082229135719,1.1815924286613935,0.026227028161183386,False,1.5318674910131351
GOOG,132,0.6374219414594324,Alphabet Inc. (Class C),Communication Services,SP500,334.92999267578125,-0.01705111734785636,-0.012035093278409348,0.009389031445152574,-0.059050386437139224,0.13716225072413235,0.7660818713450293,0.4775828460038986,0.6920077972709552,0.2729044834307992,-0.1596102424307395,0.413972514142964,False,-0.012568085429245257,False,-0.01836647873755637,-0.005713300063971638,0.018710117716778774,-0.012409506503077039,False,6255.989657213501,False,False,0.6894767220409108,0.9373542733329524,0.020587588335646334,False,1.0855410285978562
IFF,133,0.636126274590586,International Flavors & Fragrances,Materials,SP500,83.12000274658203,-0.00431241729605969,-0.03179960135190918,-0.026423118407848167,-0.0037764251000639293,0.1568829977874744,0.6510721247563352,0.631578947368421,0.7212475633528265,-0.1949317738791423,-0.05173811665999806,0.4268755588719979,False,-0.01665607230437116,False,-0.00393796998052709,0.10044040024390966,0.0039535388980243,-0.016177543321263865,False,139.63761043289185,False,True,0.4523759806344157,1.024537682870122,-0.0057499201920399035,False,1.0894668079138408
COIN,134,0.633835158672938,Coinbase,Financials,SP500,189.2899932861328,0.015449758958450355,-0.04979676267961208,0.07052361410125374,0.14388444629764585,0.09422502615975037,0.8732943469785575,0.8947368421052632,0.6179337231968811,0.4795321637426901,-0.5112195660494356,0.34162589977541713,False,0.0158012568059549,True,0.09797234668731081,0.019079510119708987,-0.08923024972614546,-0.005369556236113793,True,1624.6124668448792,True,True,1.2160137448656143,0.7093694905147159,-0.0021458566998286965,False,0.6218717841770399
GOOGL,135,0.6334281289220006,Alphabet Inc. (Class A),Communication Services,SP500,338.239990234375,-0.016972787043119886,-0.012034102387744716,0.010260340940651647,-0.05960543714955635,0.13877245845826747,0.7719298245614035,0.4678362573099415,0.695906432748538,0.26705653021442494,-0.15886055597957816,0.43348527904528544,False,-0.01260663192390521,False,-0.015923037499028125,-0.00036849042618236627,0.016180683123158124,-0.012588286847734054,False,9450.596585305359,False,False,0.712142163463247,0.9658106710942358,0.019501343392568815,False,1.2006206560573731
TRV,136,0.6332639055782532,Travelers Companies (The),Financials,SP500,361.6400146484375,0.014389511492777007,-0.002069593448173812,-0.0028674811082657348,0.06008143779083497,0.25423707286611674,0.732943469785575,0.7621832358674464,0.8323586744639376,-0.16764132553606237,-0.08645970313652263,0.40370523921773027,False,-0.018144375792007783,False,-0.025418264622073306,0.1380990289053552,0.026081203555714527,-0.004692578132187042,False,606.6178521535644,False,True,0.6926010654321406,0.6388806060806856,-0.0014305622609595003,False,0.7579549301223464
ULTA,137,0.6327723799605558,Ulta Beauty,Consumer Discretionary,SP500,537.72998046875,-0.015453069017882348,-0.020135661354664935,-0.01453284658224474,0.16560812459676644,0.002087167864484929,0.7056530214424951,0.9025341130604289,0.41325536062378165,0.2222222222222222,-0.23922642978880349,0.1929672334303938,False,-0.01634999453197039,False,0.008418305492007061,-0.03269864362446373,-0.008348029231678544,-0.013599656899276558,True,319.1169864362793,True,False,0.6995091789845345,0.6451182138064111,-0.00021970287811889921,False,0.7352647684938797
CTSH,138,0.6327388104965611,Cognizant,Information Technology,SP500,60.880001068115234,0.0598886233226108,0.06489422805658207,-0.039596124715266745,0.45837031575871223,0.006837065254057695,0.5789473684210527,0.9785575048732943,0.4249512670565302,0.1929824561403508,-0.28509131238222096,0.581124990129936,False,0.016377590364395234,True,0.04148392752794994,0.006868996644928682,-0.039831558060061,0.0372467015242941,False,449.18936755220795,True,True,0.8683913129912748,1.0989179122738781,0.07764629188371996,True,1.810421715475365
NEM,139,0.6301318364404161,Newmont,Materials,SP500,114.66999816894531,-0.005808897088764753,-0.05465791192093805,-0.06296414912023829,0.1841374700076146,0.012189215347967464,0.41325536062378165,0.9161793372319688,0.442495126705653,0.1929824561403508,-0.14970621070933843,0.47202746212816793,False,-0.06917280750923938,False,-0.022226495476096342,0.03297018640832272,0.0227317424467528,-0.03498242810097196,False,879.335031599884,False,True,0.7210270114944649,0.7126350513227909,-0.004595099671619862,False,0.7491306401637572
STT,140,0.6297414006858851,State Street Corporation,Financials,SP500,174.6199951171875,0.00547012701248506,-0.03061994806433954,-0.06520568194126619,0.028443497192604195,0.3755852435769027,0.391812865497076,0.7037037037037037,0.9044834307992202,-0.13255360623781676,-0.09633978754000438,0.6104638886005942,False,-0.0494316284174533,False,-0.058114079546672914,0.14089338584107924,0.06169970087110199,-0.020130074746680937,False,320.4963844578247,False,True,0.7855733784732034,1.1480457328846472,-0.0062187012290060295,False,1.2298036968047
ABBV,141,0.6267909118305658,AbbVie,Health Care,SP500,259.92999267578125,-0.006345822414268398,-0.019576050607243656,-0.00023076872513305702,0.0027200654181325223,0.22779750576823887,0.7387914230019493,0.6471734892787524,0.8031189083820662,-0.2378167641325536,-0.023847101294223627,0.3262748252618288,False,-0.003927897869077102,False,0.008557173017673003,0.13368945306107038,-0.008484569091972594,-0.010726538282427645,True,1188.3626888211365,True,True,0.5947820047119702,0.8326982853488047,-0.004128546914579312,False,0.8378053329726441
BRK-B,142,0.62374581812217,Berkshire Hathaway,Financials,SP500,500.5,0.005120971443833611,-0.009264010340141904,-0.003642996876919158,-0.014336915193189914,0.04597701149425282,0.7309941520467836,0.6179337231968811,0.5321637426900585,0.04678362573099415,-0.05462578641476035,0.07541900851705363,False,-0.01299377711961791,False,-0.013101202038059534,0.015656327779077772,0.013275122094702052,-0.005478751578955721,False,2243.468594690857,False,True,0.7985853554238994,0.9837581106501054,-0.0014057881109965642,False,1.0462949300192919
MCK,143,0.6224345109348715,McKesson Corporation,Health Care,SP500,898.8200073242188,0.05271665814915227,0.033887023176875086,-0.008767396402387662,0.14431557982357845,0.03261434264518237,0.7153996101364523,0.898635477582846,0.50682261208577,-0.005847953216374213,-0.09533061822765787,0.24215051612079863,False,0.016046359106905328,True,0.02603694830434078,0.06305198488748065,-0.025376228748263174,0.026967745379607555,False,831.9266824211426,True,True,0.8776567605792933,0.7117094544374986,0.03825203878839556,True,1.2874910893828002
GWW,144,0.6213776450258065,W. W. Grainger,Industrials,SP500,1281.6800537109375,0.02883383931393846,0.0017273426171917627,-0.02102787791718974,-0.04378097436588191,0.16179441434768416,0.6783625730994152,0.5282651072124757,0.7270955165692008,0.046783625730994205,-0.08405454955943636,0.40409608144448206,False,0.006709448009076802,True,-0.01684841611157517,0.06633099641813955,0.017137149944811858,0.014369964361501841,False,346.94832456860354,False,True,0.921886567341761,1.1895704370662166,-0.00462369133739382,False,1.1260023340737115
DGX,145,0.6202309426534373,Quest Diagnostics,Health Care,SP500,231.08999633789062,-0.00849534871114399,-0.023246967687277298,-0.02171706399247486,0.07560529419443429,0.17882373819889152,0.6744639376218323,0.7797270955165692,0.7446393762183235,-0.11890838206627685,-0.0661143698206369,0.34939264155926275,False,-0.02881123551375997,False,-0.027723914605689348,0.12782157845015374,0.028514446690772743,-0.017741834860282912,False,248.87682682373048,False,True,0.9833750503754644,1.0279910824869953,-0.0014158914518573873,False,0.9303712483215435
DLR,146,0.6169253041278996,Digital Realty,Real Estate,SP500,176.49000549316406,0.0054691888597018234,-0.024917096722850474,-0.03039126712027329,0.025390596949904864,-0.00867279072717364,0.6374269005847953,0.7017543859649122,0.3820662768031189,0.3664717348927875,-0.12272579130801087,0.21748788296065213,False,-0.03146225401720737,False,-0.057285697790659174,-0.012471413615065208,0.06076676428521832,-0.012685576087733574,False,424.0893215109253,False,False,0.7658341503218158,0.7623860032204007,-0.0039309659101280925,False,0.854848806558637
SLB,147,0.6154615992034882,Schlumberger,Energy,SP500,48.65999984741211,-0.001231555250157057,-0.05385962359181451,-0.14413859398127926,0.08381297033151225,-0.017211077780298845,0.06627680311890838,0.7953216374269005,0.36257309941520466,0.3820662768031189,-0.18614837794347394,0.5715517203144305,False,-0.08328780408773762,False,-0.07716132034303758,-0.026976547657274086,0.08361301064203341,-0.03878497468893716,False,691.5947976784821,False,False,0.6264189788525211,1.1831328420194542,-0.007183954845009888,False,1.0988077269758119
IRM,148,0.6153977027805434,Iron Mountain,Real Estate,SP500,111.12999725341797,0.0016223552061902513,-0.025944422644263,-0.019493235386081276,-0.04409799031316186,0.11698031922594643,0.6861598440545809,0.5263157894736842,0.6510721247563352,0.36257309941520466,-0.15832343886838596,0.4415226112029009,False,-0.020806272892852307,False,-0.0625874820222121,0.004508821278948805,0.06676621105639557,-0.011208292407674958,False,197.79282045300292,False,True,0.8301996231364817,0.9202536995860678,-0.00207296740752827,False,1.0282616916069953
MDLZ,149,0.6141323628706469,Mondelez International,Consumer Staples,SP500,57.7599983215332,-0.0010377269734989092,-0.042543579893325245,-0.054198998508037444,-0.04332952154651515,0.02959939736752193,0.4756335282651072,0.5321637426900585,0.5029239766081871,0.11111111111111116,-0.10338818410940132,0.1506111110520072,False,-0.0457829047157251,False,-0.05985788985822049,-0.01329591196812041,0.06366898069185889,-0.025286574563160524,False,507.45430995336915,False,False,0.5494289613794171,0.9637827906422943,0.0008647394902185912,False,0.9246354363604616
AVY,150,0.6128447068966176,Avery Dennison,Materials,SP500,171.6199951171875,0.005566279711925581,0.015442877316027559,-0.002615285569107506,0.03382270215417882,0.0036025974679558814,0.7348927875243665,0.7251461988304093,0.4191033138401559,0.03703703703703698,-0.11580420018019932,0.12814448305133452,False,0.004024968489447112,True,-0.007647400758846179,0.003313590443685177,0.007706334184738539,0.0035661976545597884,False,166.7691882512207,False,True,0.6289359393295111,0.6932007868396721,-0.006386572623101827,False,0.817420602318653
DIS,151,0.6095262890864909,Walt Disney Company (The),Communication Services,SP500,101.33000183105469,-0.03403240841653843,-0.040071957421096926,-0.04603652168566663,0.018391978201554693,0.05744036001070385,0.5341130604288499,0.6744639376218323,0.5516569200779727,0.1286549707602339,-0.11886054690977832,0.1048089519836819,False,-0.03703877739698247,False,-0.026700641288225246,-0.019655271749722147,0.0274331232721301,-0.02965995376892505,False,986.2289043302765,False,False,0.852320527324852,0.9944590632188796,-0.0038131698766489253,False,0.9645215627776008
MMM,152,0.6094463708739124,3M,Industrials,SP500,163.02000427246094,-0.006883884654519279,-0.026862463498275924,-0.04241072008772373,0.020528776643058633,0.1330838720433698,0.5594541910331384,0.6803118908382066,0.6842105263157895,-0.031189083820662766,-0.10907801230366543,0.16558376346710268,False,-0.018938756169346038,False,-0.05868799419759396,0.02225644003040461,0.062347015480341605,-0.02049341184413167,False,522.8345539936523,False,True,0.845260015683574,1.0826623053985909,-0.002741376576145149,False,1.0524021188996406
COP,153,0.6091669432332734,ConocoPhillips,Energy,SP500,127.05999755859375,0.015261654090510612,-0.017627948382962333,-0.06703873059067278,0.22130678443146268,0.00372355101720534,0.3723196881091618,0.9337231968810916,0.42105263157894735,0.12085769980506822,-0.10026910876441408,0.5300693767703535,False,-0.03472220622265676,False,-0.0042354163135941425,0.10322612294137024,0.004253431366191274,-0.004452356611015507,False,869.7479433567657,False,True,1.017195814091207,0.9190806642611471,-0.006392353511816662,False,0.8934992571344967
VLTO,154,0.6066175713255741,Veralto,Industrials,SP500,94.5999984741211,0.0029686045398942262,-0.01530753327108303,-0.0239318867316759,0.0235267984426466,0.07730012982952039,0.6627680311890838,0.695906432748538,0.5906432748538012,-0.13450292397660812,-0.11207149596206079,0.15367934192493093,False,-0.008855065669248874,False,-0.018359529571804645,0.020040179218187237,0.018702906129976604,-0.008976615320989256,False,160.24643422042845,False,True,0.6531844704963187,1.0968945130023555,0.0033927024582229848,False,1.1905280111435164
BAX,155,0.6065191517606802,Baxter International,Health Care,SP500,23.639999389648438,-0.015000025431315067,0.006814303685325873,-0.0722135080708246,0.04411129297118088,0.4100959407444622,0.3391812865497076,0.7407407407407407,0.9161793372319688,-0.2378167641325536,-0.16581590330164564,0.49755762102289136,False,-0.009033579094445132,False,-0.06229744700238893,0.13675381722202218,0.06643625614885962,0.0008251623166397604,False,173.65815901774215,False,True,0.566937625191369,1.0341836909911215,-0.002083301544189453,False,1.0831258357135394
IBKR,156,0.6047367276639086,Interactive Brokers,Financials,SP500,85.80999755859375,0.004565668438403447,-0.0446448691811957,-0.05066934242704724,-0.059589574495872766,0.2660090836949365,0.5048732943469786,0.4697855750487329,0.8401559454191033,0.037037037037037035,-0.12529094977345012,0.41151595341150293,False,-0.04292400596360413,False,-0.05358256494078695,0.05900347920977933,0.056616206502402955,-0.022922591922265534,False,380.4707425762024,False,True,0.7185608678703471,0.9187418080269807,0.0,False,1.3580099687804517
PTC,157,0.6042741938560252,PTC Inc.,Information Technology,SP500,146.47000122070312,0.04397717772443066,0.06593404640954859,-0.04148940801768941,0.17599355786315218,0.027715386120048313,0.571150097465887,0.9103313840155945,0.5009746588693957,0.32163742690058483,-0.28853157480609104,0.3039259221324975,False,0.06956519646297532,True,0.03402900155793809,0.008281307083283451,-0.03290913650068594,0.04661736444469966,False,212.97461330947877,True,True,0.9631358848777596,0.783321044655871,0.02223802601085123,False,1.2506889721255952
AMAT,158,0.6025381185078373,Applied Materials,Information Technology,SP500,529.2999877929688,0.0350424004439962,0.11607799218338166,0.1979178012480678,-0.12134185467310754,0.499504562940305,0.9727095516569201,0.24561403508771928,0.9337231968810916,0.07017543859649122,-0.26712867486708125,1.5350206868105887,False,0.14131445592075242,True,0.08610829322717528,0.24377465367702178,-0.0792814986904482,0.07390283860166824,False,3427.640461484436,True,True,0.6071348694884945,0.8771548109052064,0.010305486098264094,False,0.8684436752244926
GDDY,159,0.6016395631392026,GoDaddy,Information Technology,SP500,96.9800033569336,0.015391070964550835,-0.037992206074938695,-0.035504719905245286,0.09569541313157459,0.20084201079319342,0.5984405458089669,0.8206627680311891,0.7641325536062378,0.06627680311890838,-0.2930971526270387,0.2932391801518941,False,-0.012931187310864845,False,0.005269983915427767,0.03664387027445004,-0.005242356779520785,0.0014856909531291151,False,223.13316295269775,True,True,0.9978908633934286,0.8780105700101598,0.02083549177321875,False,0.5621791830220421
GM,160,0.6007497816077485,General Motors,Consumer Discretionary,SP500,79.30999755859375,0.029999968293425328,-0.015638601725245005,-0.07189051377202438,0.04571068616024654,0.061384310884648574,0.341130604288499,0.7446393762183235,0.5555555555555556,0.21247563352826504,-0.11988916448007414,0.4452437027129983,False,-0.05217747793731753,False,-0.07084906966681848,-0.013431234815962867,0.07625141121196854,-0.019857979694196004,False,565.0181324703674,False,False,1.3357037415738309,1.2131388737635198,-0.00649350649350644,False,1.2524447431639223
CHD,161,0.5998094551447111,Church & Dwight,Consumer Staples,SP500,94.11000061035156,-0.0011674868279176742,-0.012797662826706246,-0.05350497514327468,-0.042627168395422355,0.019979977768327384,0.4834307992202729,0.5380116959064327,0.46588693957115007,0.042884990253411304,-0.10027418794496457,0.1653888050669794,False,-0.014348555367004412,False,-0.043431063002210224,-0.01451735141976529,0.04540296190102033,-0.010161134444884756,False,182.35436370225526,False,False,0.5645620336027921,1.0428402111841397,-0.004457632811545986,False,1.3670521017548634
ESS,162,0.59973335164395,Essex Property Trust,Real Estate,SP500,269.510009765625,0.00044543268370245137,0.001592330682170795,-0.02479374617373642,-0.08798122282936471,0.12919547496020756,0.6608187134502924,0.3664717348927875,0.6705653021442495,-0.03898635477582846,-0.08798122282936471,0.1579097321709706,False,-0.00539248262187042,False,-0.033157390968502454,0.023859237939200417,0.034294507357010895,-0.002251264545632181,False,140.99438618823243,False,True,0.5567237652332531,1.0947866364442693,-0.0018560450380928906,False,1.1689321162355004
EBAY,163,0.5972684756030107,eBay Inc.,Consumer Discretionary,SP500,105.88999938964844,-0.0015087567892976272,-0.017991304910165873,0.008668279706763204,-0.07513106494826771,0.14363152742205498,0.7602339181286549,0.42105263157894735,0.7056530214424951,0.14035087719298245,-0.10468727271202549,0.34570514919411655,False,-0.01403664386885628,False,-0.012296150451756027,0.05434112885892528,0.012449228032653803,-0.010907604443092245,False,506.9479008419342,False,True,0.7867583771218228,0.7492086048510075,0.009995261933904986,False,0.7846742626079078
Q,164,0.5966861598440547,Qnity Electronics,Information Technology,SP500,128.4499969482422,0.021552402819417393,0.05020030669779896,0.11221750215772008,-0.09322394843006143,0.08468475479847859,0.9317738791423001,0.34307992202729043,0.5984405458089669,0.3001949317738791,,,False,0.05107682603253694,True,0.0060209093597136665,0.025125127438082817,-0.005984874969990228,0.029536477734990685,False,223.18368186584473,True,True,0.6270351824257708,0.6329901591951982,-0.005646565106847579,False,0.7463883143329004
LLY,165,0.5952247437467336,Lilly (Eli),Health Care,SP500,1149.8499755859375,-0.006248470929703265,-0.027109154545171932,-0.008750021046605605,-0.05141427783206265,0.2084397581701849,0.7173489278752436,0.49902534113060426,0.7855750487329435,-0.14035087719298245,-0.10191823556079516,0.44715522721832723,False,-0.0019126851676685153,False,-0.023155751664114432,0.07371246502862094,0.023704650668273652,-0.012647912953747231,False,2981.0809865834963,False,True,0.5790069442494746,0.8793101814114838,-0.0017975906019317422,False,0.8621681793468555
VZ,166,0.5940490495645506,Verizon,Communication Services,SP500,45.97999954223633,0.00239809489672993,-0.028317839417367097,-0.08588468708447383,0.09877404831153047,-0.038931109573300704,0.2631578947368421,0.8284600389863548,0.3255360623781676,0.24951267056530213,-0.10631683458872332,0.2575710625696166,False,-0.05190013308728825,False,-0.047555934150574575,0.010028252093521095,0.049930422011881914,-0.017634769853622,False,1037.7951030753632,False,True,0.7991710343695336,0.8504717088173495,-0.00021797082550734093,False,1.0353342138232475
MA,167,0.59262673426336,Mastercard,Financials,SP500,550.0,-0.002665549859860561,-0.028405908359933618,-0.05351914798237367,0.021379696814173066,0.12248295541670395,0.48148148148148145,0.6842105263157895,0.6608187134502924,-0.20467836257309935,-0.083119372135384,0.16832149274229935,False,-0.02953564936099473,False,-0.035532043281235826,0.0353595523350807,0.036841082208806775,-0.018643170246508634,False,1647.5484461914064,False,True,0.6532445475010435,1.13673496514922,-0.0008522144959693945,False,1.0056011154964195
MO,168,0.5926130013008167,Altria,Consumer Staples,SP500,66.94999694824219,-0.005791497042731408,-0.028019750030986112,-0.022290206089312314,-0.06451283459560697,0.05431400301578604,0.6705653021442495,0.45419103313840153,0.5477582846003899,0.01949317738791423,-0.09210800757825943,0.2827718011140694,False,-0.022848985149932943,False,-0.01151037489998219,0.024358264451301848,0.011644406382937511,-0.018986542342204316,False,597.4952428879776,False,True,0.4751684962895088,0.7121071116223778,0.00207910642496123,False,0.6698853349426674
J,169,0.5913526205162831,Jacobs Solutions,Industrials,SP500,139.7899932861328,0.03341456990396563,0.03295641317322939,-0.044693558826525814,0.09571500597984439,0.09464844100057945,0.5380116959064327,0.8226120857699805,0.6198830409356725,-0.05458089668615984,-0.14084590124331153,0.31047600983063317,False,-0.013413078793060529,False,-0.022115012103236964,0.05485985460702647,0.02261514633822337,0.005657803172895992,False,123.05419016726684,False,True,0.9055196433321918,1.0070605291098715,0.008279700464351336,False,1.1738563013650312
T,170,0.5902736292786762,AT&T,Communication Services,SP500,24.299999237060547,-0.004098376353816935,-0.04518669907285622,-0.06538464472844052,0.19656810066644237,-0.12104892970053005,0.3898635477582846,0.9259259259259259,0.18518518518518517,0.34307992202729043,-0.1449105146652615,0.2024108245493743,False,-0.04494274061558101,False,-0.025653801720243785,-0.019485064124303064,0.026329247002283562,-0.02361015420896828,False,1032.9523082511291,False,False,0.7761461606537445,0.7333803192967675,0.0,False,0.5962756966690538
BF-B,171,0.5899995422345818,Brown–Forman,Consumer Staples,SP500,25.969999313354492,-0.008778681026235025,-0.0011538725632888047,-0.006412460111855034,0.0011837795944897866,-0.0034220644474409756,0.723196881091618,0.6432748538011696,0.391812865497076,0.07017543859649122,-0.13655720187835108,0.1587404669868011,False,-0.012247097755266334,False,-0.04226164641741281,-0.02179023451266393,0.044126505176832254,-0.00731962219417126,False,62.622614316905974,False,False,0.6342068534445191,0.8018754789354968,-0.003435120227751942,False,0.8841599501602303
PH,172,0.5898717493886924,Parker Hannifin,Industrials,SP500,965.8800048828125,0.010948087919194993,-0.009333499936647338,0.014483901352153383,0.005125544007093419,0.05348004719330879,0.7797270955165692,0.6510721247563352,0.543859649122807,-0.115009746588694,-0.09875002577037473,0.3589741409833078,False,0.013133039373893762,True,-0.02176200480068069,0.02596909449971907,0.022246125081500923,0.0027438621727362555,False,627.7204508592529,False,True,0.6548208675118619,0.892298769416986,-0.0038097943086705666,False,0.7900190770751865
TDY,173,0.5896546922862713,Teledyne Technologies,Information Technology,SP500,612.7000122070312,0.009706522094452996,0.0011110627987334087,0.0035871687709869704,-0.060391368928250255,-0.008527855310020316,0.7524366471734892,0.46393762183235865,0.3840155945419103,0.12475633528265107,-0.1136987949860585,0.2646810136091631,False,0.01053501143902369,True,-0.034353787544968206,-0.016499495670714737,0.03557595639258815,0.004787367075160809,False,188.04012014306642,False,False,0.5503321160174759,0.8645730311200227,-0.0006756202867136407,False,0.8337113250579765
MSI,174,0.5859960021820152,Motorola Solutions,Information Technology,SP500,448.0299987792969,0.00461913929850688,-0.015123881267563255,-0.08560266352172952,0.06276566341889911,0.03778784011459524,0.2709551656920078,0.7660818713450293,0.5146198830409356,-0.08187134502923976,-0.08560266352172952,0.24274453593277534,False,-0.02477015104738145,False,-0.025000516553484342,0.04587159724621759,0.025641569024334565,-0.010308575759524596,False,433.1018251746216,False,True,0.5490247469483406,0.7603190102089223,0.00230956964925344,False,0.7427750477109422
HUBB,175,0.5857703619780045,Hubbell Incorporated,Industrials,SP500,466.9800109863281,0.02949736486502408,0.002361136112274842,0.05339381822672706,-0.038334877766664555,-0.06104398010311707,0.8538011695906432,0.5555555555555556,0.27680311890838205,0.35672514619883045,-0.15777570239751548,0.1603435957485111,False,0.023917296608790828,True,-0.010504150223509368,-0.037427641272030465,0.01061565869718617,0.014688501864938308,False,252.53844391464233,False,False,0.687923151442406,0.8587249715107993,0.0029982039974931762,False,1.0081361931827895
WDC,176,0.5846339593275427,Western Digital,Information Technology,SP500,462.55999755859375,0.01782336455532918,0.027203482193188577,0.0272366890200193,-0.14154269380805162,0.5545262813291512,0.8109161793372319,0.18128654970760233,0.9434697855750487,0.12475633528265107,-0.37993846988637503,3.096375523012199,False,0.026219183040439464,True,-0.0135624828686699,0.16042303648496392,0.013748952805557435,0.01725757998102906,False,3400.6277467243654,False,True,0.4754585785645351,0.9006329914689524,-0.005853108551079789,False,0.8523640240849201
ICE,177,0.584071670805629,Intercontinental Exchange,Financials,SP500,151.47000122070312,-0.003683467493851067,-0.03479252985347747,-0.04778404664763081,0.1427450180435763,-0.035057583610379695,0.5224171539961013,0.8908382066276803,0.3333333333333333,0.16179337231968816,-0.1260373353110925,0.23646300714444624,False,-0.02626945586212681,False,-0.02141026505481658,-0.016739902430512266,0.021878693685680073,-0.012863920541095308,False,542.5603336642456,False,False,0.9227070815839864,0.701381884491552,0.004012370027293821,False,0.7814924346903105
XYZ,178,0.5838729243199322,"Block, Inc.",Financials,SP500,74.04000091552734,0.006935973680092911,-0.03518369850668068,-0.04930658029423718,-0.06076367885659928,0.2435337550728618,0.5126705653021443,0.4619883040935672,0.8226120857699805,-0.07212475633528265,-0.1274012699233077,0.508250166742445,False,-0.04421350113871403,False,-0.07109088316749512,0.05645259706240857,0.07653158083958589,-0.014472350493083819,False,354.70679265579224,False,True,0.6675019656558707,1.026865062289769,0.001903976499015636,False,0.8465350184023489
WRB,179,0.5834428155624984,W. R. Berkley Corporation,Financials,SP500,68.9000015258789,0.02013622433989193,0.023926297940947805,0.018880435005800278,-0.0427499141154003,0.06649436689576982,0.7914230019493177,0.5360623781676414,0.5672514619883041,0.005847953216374324,-0.09734284268115789,0.09569956477090291,False,-0.0017524758696531029,False,-0.017106970666457166,0.007472566987901885,0.01740471257391718,0.009796129448862434,False,176.81922601940917,False,True,0.8108106407906749,0.9112128088515012,-0.0029612759094698182,False,1.0113178281021917
V,180,0.5830979656141877,Visa Inc.,Financials,SP500,359.8500061035156,0.0014471921372625207,-0.022093604652657528,-0.03440042628142581,-0.004449999121938442,0.21023037511135922,0.6101364522417154,0.6296296296296297,0.7875243664717348,-0.1949317738791423,-0.06323217477656407,0.22247540496510032,False,-0.023371494506696844,False,-0.022970760066922336,0.06960812228581603,0.023510821506729673,-0.012932417925464179,False,2425.36155643512,False,True,0.7565982454682697,0.8836965344079317,-0.002727243774165,False,0.8014858799434796
EL,181,0.5826756770159799,Estée Lauder Companies (The),Consumer Staples,SP500,90.19000244140625,-0.02781065317471887,-0.05431477567364784,-0.09809997558593753,0.0810698302150894,0.28477258655413573,0.2124756335282651,0.7894736842105263,0.8518518518518519,-0.08966861598440545,-0.23809634297479776,0.35127568580643076,False,-0.06748070907959158,False,-0.03384423052224428,-0.015332616886207795,0.03502978669841039,-0.04356509544301812,False,301.2473782127838,False,False,0.7251044061792161,0.9681719220706839,-0.011318265175789044,False,1.1149640361869775
TRMB,182,0.581844069839744,Trimble Inc.,Information Technology,SP500,57.529998779296875,0.007354196541002667,-0.002773441692162426,-0.023922631154815854,0.08465305026899217,-0.11601110693508188,0.6647173489278753,0.8031189083820662,0.1949317738791423,0.36257309941520466,-0.31118293712152767,0.17720482988924258,False,-0.009299140818433083,False,-0.009817508213774584,-0.0836771919408208,0.009914847308665653,-0.0031471227921160416,False,181.66606429127503,False,False,0.663223838887218,0.8045972584378719,0.014183112413536314,False,1.2015794924909373
HLT,183,0.5795396024307344,Hilton Worldwide,Consumer Discretionary,SP500,315.44000244140625,-0.008424471007532852,0.010604547806406739,0.01105808620475135,-0.06665201435300672,0.02423389344292759,0.7738791423001949,0.44834307992202727,0.4873294346978557,0.2300194931773879,-0.09889888975350081,0.229992217602498,False,0.01626658656094504,True,-0.006691545321211634,-0.0007994140812083161,0.006736623744308723,0.0014883903769300488,False,592.4033349851074,False,False,0.8010827107785746,0.8283818609811103,-0.0005343358253656616,False,0.8098123578041583
AVGO,184,0.5768923831649139,Broadcom,Information Technology,SP500,343.6400146484375,-0.021498299326526027,-0.019180188903084816,-0.06874658028643887,-0.044900077245018655,0.0999095976435802,0.3586744639376218,0.52046783625731,0.6276803118908382,0.46783625730994155,-0.28398647557789825,0.17518366556325748,False,-0.028854344572612156,False,-0.079712919561717,-0.06152916481093218,0.08661744933304294,-0.022007911276591297,False,8437.865505670288,False,False,0.7159535971345841,0.8875613769194373,0.0027335386782210147,False,1.0807345628420726
KR,185,0.5753901496511447,Kroger,Consumer Staples,SP500,59.47999954223633,0.01467077151179863,0.009504436366160274,0.02657923631391723,0.028651897058580067,-0.14653243333573074,0.8089668615984406,0.7076023391812866,0.1617933723196881,0.4658869395711501,-0.20365606789987767,0.07848214963185263,False,0.005273115591171829,True,0.025830644346153786,-0.05463511686914946,-0.025180222962258747,0.00219242245907747,False,411.188352813385,True,False,0.9837976627806616,1.3731659091114874,0.00034118829969465025,False,1.134185823333731
CME,186,0.5741642920085602,CME Group,Financials,SP500,265.1000061035156,0.011909286916360617,-0.014168299827852726,-0.07018864362003596,0.12571630508648535,-0.0983854006222501,0.35282651072124754,0.8674463937621832,0.2222222222222222,0.09161793372319693,-0.16030862931365641,0.21852173881939496,False,-0.024935273052200446,False,-0.016337232379667443,-0.034126567661646234,0.016608570454679672,-0.005174201083958829,False,517.9981911579284,False,False,0.6864858052879367,0.9527328669523519,0.007443246078628896,False,1.1665245532127024
CBOE,187,0.5721463094570521,Cboe Global Markets,Financials,SP500,277.19000244140625,0.006901790248498463,0.03595318927330604,-0.09892072413624797,0.1163500179381225,-0.006234283955600106,0.20662768031189083,0.8460038986354775,0.38791423001949316,0.1286549707602339,-0.24040741695961654,0.20063933023000535,False,0.00508909678233227,True,-0.03593546125680391,-0.029992077611635803,0.0372749539192172,0.02887027995105873,False,308.900918417511,False,False,0.8319444337896789,1.5705253776238708,-0.0049039415220742955,False,1.3711120993449006
NWS,188,0.5721184620607837,News Corp (Class B),Communication Services,SP500,31.450000762939453,-0.008511934308313984,-0.0034853835508341646,-0.07845119896269681,0.04556234573478979,0.12059032627747479,0.30409356725146197,0.7426900584795322,0.6549707602339181,-0.007797270955165692,-0.10689084951991379,0.2343443380993253,False,-0.038276535648840926,False,-0.043512292369146,0.0465088473602977,0.04549174236323705,-0.01541027118765137,False,38.48094231075668,False,True,0.857304917273727,0.7886781988915097,0.001576328672495464,False,1.0795478087924533
HUM,189,0.5718802333077748,Humana,Health Care,SP500,379.67999267578125,-0.004953257887566509,-0.001682831920782668,-0.038492737082350126,-0.04302459312972595,1.1507531138443987,0.5847953216374269,0.5341130604288499,0.9746588693957114,-0.37231968810916183,-0.07349925820984682,1.3370722733265477,False,-0.02921956221654165,False,-0.015068165381887488,0.30077958622445045,0.015298688551101502,-0.012928090644399481,False,457.11932721655273,False,True,0.8341392073700314,1.2613231889184897,-0.004114598354384547,False,0.7502132291216306
INCY,190,0.5697953025638678,Incyte,Health Care,SP500,117.13999938964844,-0.034693029562505306,-0.0586628327590647,-0.06295498449800552,0.0023960189785594554,0.2422056797321055,0.4152046783625731,0.645224171539961,0.8187134502923976,-0.3294346978557504,-0.09843757413308041,0.3978519704503911,False,-0.05630433417452396,False,-0.05267159304433289,0.0971015349450608,0.055600141046755036,-0.043686315760101846,False,199.91194165020752,False,True,0.6707347829487434,1.0332050751586297,-0.007251728590714657,False,1.4884965208559626
ON,191,0.5670862849666023,ON Semiconductor,Information Technology,SP500,80.08000183105469,0.0417588001792466,0.09473684430100926,0.10227116516341872,-0.12212233326653499,0.2874598207202701,0.9220272904483431,0.24171539961013644,0.8538011695906432,0.2378167641325536,-0.4020756648220465,0.7835189111274121,False,0.09365292882293552,True,0.04338764600722711,-0.0028129705591648513,-0.04158343849791635,0.05675965385662507,False,760.1468904777679,True,False,0.7851355944344478,0.9789511276655062,-0.004032849966329244,False,1.0998604696212417
FERG,192,0.5669457128361238,Ferguson Enterprises,Industrials,SP500,221.49000549316406,-0.005075867616602059,0.005995400532300854,0.011785673509178585,-0.03441473092092606,-0.06645823636788217,0.7758284600389863,0.5769980506822612,0.26900584795321636,0.3001949317738791,-0.16636464003870355,0.03374410142672457,False,0.001809245577004459,True,-0.044078806038628904,-0.062497859277757306,0.04611133879767304,-0.00222262577886434,False,633.9418973491211,False,False,0.6449253691528344,0.6292203361402198,-0.0016171081585104607,False,0.7767236998136541
ELV,193,0.5642328805270406,Elevance Health,Health Care,SP500,381.6700134277344,-0.01838895571678323,-0.04163210689834429,-0.04890033766852819,-0.08269829467016399,0.2894170800172753,0.5185185185185185,0.3937621832358674,0.8576998050682261,-0.10721247563352831,-0.10182708127265938,0.37943877259520686,False,-0.056597996589784705,False,-0.035984839340269414,0.052037744112860995,0.03732808446253366,-0.032711239547516424,False,428.89195952111817,False,True,0.7508026533866712,1.1058723863922224,-0.0021089638104321295,False,1.0973668004933896
EG,194,0.5641850058937298,Everest Group,Financials,SP500,368.7200012207031,0.009721465789718442,-0.008710587990123364,-0.020826552774896312,-0.0016835236617082083,0.1515209248142393,0.6803118908382066,0.6374269005847953,0.7153996101364523,-0.21637426900584789,-0.07016596185147705,0.23076149682439295,False,-0.011589991331566019,False,-0.011004226215238555,0.07014528483437266,0.011126666571209531,-0.003303301124128577,False,135.4233746981201,False,True,0.8465421753195808,0.973023030196126,-0.0059150630738655785,False,1.182155230049231
AMT,195,0.5630669138599924,American Tower,Real Estate,SP500,161.05999755859375,-0.01606698542114038,-0.02665694358992521,-0.075097482882444,-0.019446223430632292,-0.029367549372904977,0.3255360623781676,0.6062378167641326,0.341130604288499,0.34697855750487333,-0.15333097506411042,0.004264726646092676,False,-0.058059112086442766,False,-0.05901387158324556,-0.07056406161927498,0.06271492193252493,-0.03217290519218563,False,447.43794568991086,False,False,0.7583371746123115,1.0363209693327593,-0.0004276823457425305,False,1.0107488645243212
AMGN,196,0.561146015724242,Amgen,Health Care,SP500,407.2699890136719,-0.03378335133694954,0.003029210035626173,-0.07041451302687962,0.09488194806510664,0.168318500229498,0.3489278752436647,0.8187134502923976,0.7368421052631579,-0.15009746588693962,-0.08297308499652711,0.44269025692261277,False,0.014973996897609254,True,-0.0014637770270047312,0.12954516949813244,0.0014659228111391087,-0.007614227028186704,False,1157.8299206036377,False,True,1.6938367842375053,1.0133174916569112,0.000498188536957711,False,0.879649336349341
FANG,197,0.5605884955921003,Diamondback Energy,Energy,SP500,185.50999450683594,0.009248664222958114,-0.018517539292735252,-0.08687738155699432,0.0842340909409125,-0.016065678371446235,0.2573099415204678,0.8011695906432749,0.3664717348927875,0.40740740740740744,-0.1230085776136619,0.38377438718534074,False,-0.046110754113954155,False,-0.0618147855859873,0.014187994428469963,0.06588761433913315,-0.009846044834670331,False,480.0390196925354,False,True,1.0879283856880992,0.750585070810144,-0.0032641904830845725,False,0.7648303572380939
AIG,198,0.5604179779738541,American International Group,Financials,SP500,75.43000030517578,0.013571649571095135,0.00815290848489214,0.0006545351788114218,-0.04358650092301408,0.01157026163234165,0.7426900584795322,0.530214424951267,0.43664717348927873,0.04678362573099415,-0.11207872451655077,0.06948256648270723,False,0.005266883914765597,True,-0.010916993229180494,-0.010488940673029301,0.011037489426516833,0.008338210144556824,False,294.7988085332947,False,False,0.9671181516231334,1.6970408390615845,0.001612506712370676,False,1.3858880849150994
CSX,199,0.5601004032150392,CSX Corporation,Industrials,SP500,46.540000915527344,0.0006450783718960906,-0.008732690963782597,-0.04435317892347679,-0.045461039352237664,0.12959627720249478,0.5399610136452242,0.5165692007797271,0.672514619883041,-0.040935672514619825,-0.12328744482272669,0.39959121074420323,False,-0.024799085230425177,False,-0.05925293512291252,0.056749883338069074,0.06298498006013364,-0.007969566840117515,False,553.0245496970902,False,True,0.7203787124188029,0.8976407144660936,-0.006020184678597218,False,1.1465146796216108
PRU,200,0.5599733733115132,Prudential Financial,Financials,SP500,113.12999725341797,-0.003962005374027688,-0.04732633891858551,-0.03423256067205371,0.013156530904974817,0.18387119876083013,0.6120857699805068,0.6666666666666666,0.7524366471734892,-0.11306042884990253,-0.08546287996354718,0.2608228991578061,False,-0.04205460504686942,False,-0.05382677655874846,0.061134186702574755,0.05688892395726386,-0.02464583001945575,False,204.87001635986329,False,True,1.0261300553784742,0.8258180294949179,-0.0037858804212328456,False,0.8778872049365589
SWK,201,0.5587236737200688,Stanley Black & Decker,Industrials,SP500,89.58999633789062,0.011287956217831852,-0.006432314992043997,-0.04380820141331909,-0.01665196873682917,0.2833446956789354,0.5477582846003899,0.6120857699805068,0.8499025341130604,-0.27095516569200784,-0.13106074133118994,0.504082137024878,False,-0.010715228372469632,False,-0.05429693145764136,0.08807516082231803,0.05741435474173828,-0.001500946793605351,False,176.99136790122986,False,True,0.6617230014561594,0.868403316394758,-0.006659852830790514,False,0.8828275489624351
KDP,202,0.5567692061203238,Keurig Dr Pepper,Consumer Staples,SP500,30.690000534057617,0.011535938685216962,0.001053537616189093,-0.030651205505041745,-0.07169568204386656,0.21186141138059522,0.6335282651072125,0.4327485380116959,0.7914230019493177,-0.1228070175438597,-0.07723786348413952,0.2516892523944283,False,-0.0207414030081573,False,-0.010840525565695702,0.05889207189831547,0.010959330467815054,-0.00955127968080749,False,349.05315287412645,False,True,0.8341265074235932,1.0496662767933185,0.007910341790083875,False,1.5972221721197044
KLAC,203,0.5554147926894863,KLA Corporation,Information Technology,SP500,200.3300018310547,0.027702300098348953,0.07065363250269674,0.17227457748583475,-0.148561144057324,0.32127331405356574,0.9590643274853801,0.1695906432748538,0.8752436647173489,0.08771929824561403,-0.33526750810180295,1.049460251475474,False,0.09624798817285729,True,0.06910903039870187,0.1312804163563679,-0.06464170485299259,0.050334530154105384,False,1910.2925950726624,True,True,0.5994318051664818,0.7675445687317618,0.00902893260018911,False,0.8515313601903141
JNJ,204,0.5527807341794364,Johnson & Johnson,Health Care,SP500,258.6600036621094,-0.02296587896253599,-0.044406640087615745,-0.046203763658301256,-0.011801687164524122,0.07091023575128763,0.530214424951267,0.6237816764132553,0.5789473684210527,-0.27095516569200784,-0.07100524201318037,0.42213726529004547,False,-0.03762474555721995,False,-0.025663902660504223,0.08000272116815221,0.02633988695541678,-0.03000054992348844,False,1767.6396816575318,False,True,0.5924798682983217,0.9461658757387746,-0.004003919308357307,False,1.2410012809756255
UNP,205,0.5519224240204773,Union Pacific Corporation,Industrials,SP500,272.4200134277344,0.0010656985254042795,-0.006020337331302583,-0.06262467137580918,-0.030348208123226805,0.1315651619520226,0.42105263157894735,0.5867446393762183,0.6783625730994152,-0.09551656920077967,-0.11890986223002198,0.28558263442318954,False,-0.026064404597836766,False,-0.06169758322177943,0.037909637900130466,0.06575447544260382,-0.008456834553578596,False,776.1774530820312,False,True,0.694707513977896,0.8747175540970941,-0.004483155840270148,False,0.8694250339137425
HON,206,0.5516382279900665,Honeywell Technologies,Industrials,SP500,213.8000030517578,0.013558360563430849,0.009490579486016726,0.018192244032500193,-0.06707772267734824,-0.09906349290244543,0.7894736842105263,0.4444444444444444,0.2202729044834308,0.3391812865497076,-0.17112692711729272,0.09819512099539529,False,0.027388213783404725,True,-0.036702509857724164,-0.06589454029901887,0.03810090884001305,0.013266711946487986,False,694.3784586530456,False,False,0.46687269885354055,0.6653155159423377,0.0,False,0.7675083570022296
NSC,207,0.551624685763114,Norfolk Southern,Industrials,SP500,310.260009765625,0.0040777015068769185,-0.00929208908049195,-0.06817630427683297,-0.03477445616700092,0.09001927845754332,0.36257309941520466,0.5750487329434698,0.6042884990253411,-0.04678362573099415,-0.12102668675580552,0.12949822841670278,False,-0.02311694876335557,False,-0.06429323414354426,0.0024800094865338185,0.0687108787598607,-0.008554758826405662,False,393.6983093746948,False,True,0.5932872392276108,0.6336673461770364,-0.004498429282969285,False,0.9073453782649885
CDW,208,0.5513170292550249,CDW Corporation,Information Technology,SP500,135.8300018310547,0.05984705016993508,-0.02602900263915986,-0.09627412459679185,0.02331020418485852,0.1308740739856169,0.2222222222222222,0.6920077972709552,0.6764132553606238,0.09161793372319693,-0.13062448311654018,0.3825590393575009,False,-0.05649039776876619,False,-0.0437752181552824,0.04013382791842868,0.045779213200093594,-0.005487358615146265,False,245.13961503967286,False,True,1.0635254731197448,0.7896206880132488,0.015449404423858004,False,0.9555041404794385
NTRS,209,0.5497934333550771,Northern Trust,Financials,SP500,169.1999969482422,-0.0009447547327157135,-0.030372510325259672,-0.06942154322724103,-0.03683812479691084,0.20774737782231267,0.3567251461988304,0.5672514619883041,0.783625730994152,-0.03508771929824561,-0.11214258319341319,0.40794230335698023,False,-0.05307961177265852,False,-0.07028839257079889,0.04880605938353577,0.07560236100004958,-0.02441495953682249,False,186.74235421575926,False,True,1.0611684241082804,1.014341590612777,-0.0015351588680854178,False,1.0358056747905589
BNY,210,0.5494689921149908,BNY Mellon,Financials,SP500,143.9199981689453,-0.004909124593077907,-0.04174714808268987,-0.1033580269494313,-0.014507991708942902,0.1991931078513247,0.19103313840155944,0.6140350877192983,0.7621832358674464,-0.1500974658869395,-0.12691093565704348,0.4018672655852067,False,-0.06856036087073036,False,-0.08734468656551786,0.058722234123302686,0.09570391502661013,-0.030492865654329404,False,495.8291131786499,False,True,0.7459913383455012,1.3602882058454633,-0.006706777210503945,False,2.0124110299798907
COST,211,0.5489191014064843,Costco,Consumer Staples,SP500,914.9400024414062,0.005053030131858538,0.02059167229033254,-0.02661817412057743,-0.03706673107472602,-0.07910769684422625,0.6491228070175439,0.5653021442495126,0.24171539961013644,0.22807017543859648,-0.16258984615168037,0.08115076553141476,False,0.007701445267348284,True,-0.019575270858443905,-0.04605092648307896,0.019966112926979696,0.0026134324022977218,False,1923.7325567924804,False,False,0.814652500515877,1.3377215042946684,0.0005821651757413893,False,1.0316333256002896
RL,212,0.5486047691527144,Ralph Lauren Corporation,Consumer Discretionary,SP500,362.6600036621094,0.021376055936372262,0.033631701542492065,0.06711352564822093,-0.08670169593154264,0.03278262105924745,0.8693957115009746,0.3742690058479532,0.5087719298245614,0.15009746588693956,-0.11989704174615778,0.18499996659484053,False,0.05335768402375396,True,0.0011361062644188458,-0.0017955946933473355,-0.0011348169917254625,0.028709560701242642,False,233.15414439343263,True,False,0.8669077131752259,0.8967339126772254,-0.0019432856258574382,False,0.9637849558705952
UHS,213,0.5483386930034371,Universal Health Services,Health Care,SP500,175.07000732421875,0.0046483004872988065,-0.010848059830245393,0.02530018930728395,0.10702846191349757,-0.01361344514696683,0.8031189083820662,0.8401559454191033,0.37037037037037035,-0.031189083820662766,-0.2799063188107741,0.24159390463262387,False,-0.004333644643916168,False,0.0178238572100875,-0.030876831211885114,-0.017511730623944843,-0.007392203962193311,True,140.9799640880432,True,False,0.7842371513529859,0.8031877073308047,-0.0005738026390368356,False,0.788992298598374
MSCI,214,0.5451408200867465,MSCI,Financials,SP500,545.3900146484375,0.012494044182674857,-0.01922385648265279,-0.031433716391454425,-0.09246973941057102,0.023127590760413597,0.6276803118908382,0.3469785575048733,0.48148148148148145,0.1793372319688109,-0.149867865978227,0.07745026495933849,False,-0.011483925505571424,False,-0.026501783330261652,-0.042595083661730704,0.027223247948950702,-0.002084819959233264,False,342.6179036279297,False,False,0.6825144515046516,0.9725850269055953,0.006683319349083616,False,1.035748903909976
GPN,215,0.5436765429555624,Global Payments,Financials,SP500,80.29000091552734,-0.01689723624779882,-0.05884417754927851,-0.1059590687873444,0.024002602292048758,0.23662959164836184,0.18128654970760233,0.6978557504873294,0.8109161793372319,-0.19298245614035092,-0.15092985853525276,0.29383871514249615,False,-0.07087968917830234,False,-0.0859931804401265,0.05562699708173602,0.09408374051468815,-0.040979883527554106,False,244.70687541134643,False,True,0.6193122198980493,0.7862214966181668,0.004040673912738768,False,0.9781003096046514
NXPI,216,0.5434669245411856,NXP Semiconductors,Information Technology,SP500,239.19000244140625,0.006988606368207861,0.03923357071436939,0.08033432594215606,-0.12106254190574695,0.23264826994220478,0.8888888888888888,0.2475633528265107,0.8050682261208577,0.2222222222222222,-0.2753138346119103,0.32154186049295674,False,0.03913084782625287,True,0.028679096708283502,-0.018425541081446006,-0.02787953677687738,0.016533849290461422,False,883.3888648426208,True,False,0.8037746322077418,0.7444262121532924,0.004715173337866085,False,0.6302194014821592
BMY,217,0.5433835730879711,Bristol Myers Squibb,Health Care,SP500,61.459999084472656,-0.015064141320836444,-0.0006504213906884937,-0.08158994671052466,0.05728535962790393,0.017246770026818625,0.290448343079922,0.7543859649122807,0.4580896686159844,-0.16959064327485374,-0.09737109134970712,0.49147257571611447,False,-0.03190493980296205,False,-0.04733562372770117,0.047504298514717824,0.04968761812310207,-0.017391242015550312,False,723.7918107533645,False,True,0.7118639712555067,1.1927452887922323,-0.00320514035334607,False,0.9629562063377939
SJM,218,0.5426524835681288,J.M. Smucker Company (The),Consumer Staples,SP500,115.94999694824219,-0.0248928317442344,-0.04693413235236943,-0.11771420968075086,0.006507017264427484,0.23924740038350478,0.14230019493177387,0.6549707602339181,0.8167641325536062,-0.3079922027290448,-0.12384766392014601,0.3217439598855203,False,-0.04969923640930618,False,-0.05059473396668046,0.08401898921230999,0.05329097675860672,-0.033728627956671975,False,162.34280887709045,False,True,0.5058119557274418,0.8568814968814968,-0.005045884156395952,False,0.9092152952216933
APO,219,0.5403709044300248,Apollo Global Management,Financials,SP500,114.33999633789062,-0.014819931560267063,-0.05261418489570824,-0.13174884791452024,-0.031928500498576984,0.04587005890933371,0.0935672514619883,0.5789473684210527,0.530214424951267,0.12085769980506827,-0.24179310891916206,0.14962284785710245,False,-0.08775767977268545,False,-0.11074417593487629,-0.09213293395960243,0.12453578929471942,-0.046431962951028805,False,410.7253541293488,False,False,0.6260319987178402,0.9936347684370501,0.0027571919830746694,False,1.3336651517253197
ORCL,220,0.5403600325013448,Oracle Corporation,Information Technology,SP500,138.07000732421875,0.005608188312790308,-0.01053451363509661,-0.0229974513979736,-0.012259650153124135,-0.042661677132943665,0.6686159844054581,0.621832358674464,0.31968810916179335,0.6140350877192983,-0.5546269097495669,0.2007131914881195,False,-0.05799593266221614,False,-0.03546563913627754,-0.14988392434881015,0.03676970004937807,-0.013196339590921369,False,4369.51823710347,False,False,0.8783925172421515,0.9996184114360362,0.016751660601863172,False,0.829939654202831
CAT,221,0.5393148014633234,Caterpillar Inc.,Industrials,SP500,826.3499755859375,0.019191156748695093,0.02620301221476251,0.0605652293083756,-0.14078139928648692,0.13574742850930388,0.8635477582846004,0.1871345029239766,0.6900584795321637,0.07602339181286549,-0.2225721756442831,0.7131113854332898,False,0.021408324577300908,True,0.0023278785834648374,0.04331972216427116,-0.0023224721502855816,0.01257352185700733,False,2186.6479516013183,True,True,0.5500283290077181,0.7985324374791497,-0.0002589584765352315,False,0.8138917083412375
BR,222,0.5392545290166054,Broadridge Financial Solutions,Industrials,SP500,161.14999389648438,0.0003102904473921697,-0.009283227170962749,-0.10115552181465526,0.12638109622097837,0.020385535142398714,0.1949317738791423,0.8693957115009746,0.4678362573099415,0.05847953216374269,-0.3042087456906388,0.19715411489187096,False,-0.031346779613164566,False,-0.03840118579880758,-0.04903860280165784,0.03993472665698716,-0.010746076828435869,False,196.02997135958861,False,False,0.7384580536273344,0.7394197908369093,0.012414648815810114,False,0.5594041695124727
ABNB,223,0.5386958644709186,Airbnb,Consumer Discretionary,SP500,160.47000122070312,-0.0011204026306855797,0.059977553785997006,-0.12092907047396495,0.0774861284660393,0.2818116310510439,0.13060428849902533,0.7855750487329435,0.847953216374269,-0.19103313840155944,-0.15763778886770008,0.43867670704281214,False,-0.03012316491674094,False,-0.051474648918306554,0.11952697126596568,0.05426807924490906,0.004518821239804849,False,865.4523082603455,False,True,0.826739847928632,0.9115758425741053,0.0031123561717791848,False,0.9528490149877232
MDT,224,0.5381179356305528,Medtronic,Health Care,SP500,86.44000244140625,0.001738341920122899,-0.01537758810846901,-0.053140752274913106,0.04758894002791081,0.021789908815203596,0.4853801169590643,0.7485380116959064,0.4775828460038986,-0.18518518518518523,-0.15230126781488706,0.1923421458964416,False,-0.042877875220822315,False,-0.030660078137846214,-0.008554230277383224,0.03162985186759526,-0.020080306704727602,False,849.4008028287353,False,False,0.7395128353263865,2.327459770700915,-0.005099112721495769,False,3.238285777110498
JPM,225,0.533749709128224,JPMorgan Chase,Financials,SP500,333.17999267578125,0.007103364866843265,-0.015890846294921213,-0.061332634969884836,0.0006306617842697371,0.13885078281086316,0.43664717348927873,0.6413255360623782,0.6978557504873294,-0.20467836257309935,-0.08762802081660226,0.18934288557248613,False,-0.03927338174789852,False,-0.05504229038199815,0.04094452675299731,0.058248416645279244,-0.014850802968064292,False,2468.725470374634,False,True,0.973277656578582,1.3216394492548036,-0.006287176666832428,False,1.1607211947690166
PG,226,0.5320241242375344,Procter & Gamble,Consumer Staples,SP500,143.9499969482422,-0.009154748363366716,-0.011875314487345356,-0.015457285150446864,-0.04217302765552122,0.014064942072823383,0.6998050682261209,0.543859649122807,0.4502923976608187,0.021442495126705707,-0.12609667426206128,0.06602480809047817,False,-0.01530907825925476,False,-0.012374468982205733,-0.015351936648417497,0.012529515077899234,-0.015858665423865936,False,1263.9927072714538,False,False,0.8543254241715095,0.8804280382371855,-0.00502475036944372,False,0.8472291237962234
ITW,227,0.5317508001358037,Illinois Tool Works,Industrials,SP500,260.8399963378906,0.013837055252972297,-0.034813303470139556,-0.02723151516751776,-0.037502711075986905,0.013742902368711674,0.6471734892787524,0.5614035087719298,0.44639376218323584,-0.0799220272904484,-0.11700940831958229,0.10966929545219828,False,-0.022198719861510008,False,-0.05939822972450004,-0.016478432677277777,0.06314917917611673,-0.017519696488990988,False,355.4001195743408,False,False,0.8268984207732059,1.3166276317467427,-0.002526406637003875,False,1.2314800910979302
HOOD,228,0.5302153786292214,Robinhood Markets,Financials,SP500,111.1500015258789,-0.011999986436631915,-0.08003640285855396,0.07380928636822337,-0.01401580576603001,0.5853658616210009,0.8771929824561403,0.6198830409356725,0.9473684210526315,-0.2007797270955166,-0.27095633850730294,0.7058010325207023,False,-0.04632384894245245,False,0.056834211051097316,0.1782080961205723,-0.05377779263463822,-0.0387295124637933,False,2235.0033320210573,True,True,1.1697652159749352,0.9073593592565,-0.0038222249348958126,False,0.8723896893940395
FLEX,229,0.5299960326997097,Flex Ltd.,Information Technology,SP500,112.77999877929688,0.02536595117478746,0.0033807584364708987,0.05539957079479785,-0.17594623501143958,0.6526963996166073,0.8557504873294347,0.1111111111111111,0.9551656920077972,0.08771929824561403,-0.3041278849720659,1.0689782104569456,False,0.013748240870979256,True,-0.013514115204050992,0.13497301669564,0.01369924842548187,0.00533731657885772,False,423.5459584680939,False,True,0.6869015061822032,0.6941119175373884,0.012910317537223825,False,0.561198365786931
GEV,230,0.529235569898872,GE Vernova,Industrials,SP500,987.4500122070312,0.03888523009436695,0.03393578795165331,0.09896161509453227,-0.11289088661336821,0.10413122213419079,0.9142300194931774,0.27680311890838205,0.6374269005847953,0.07017543859649122,-0.15951685773726565,0.8053869299001213,False,0.047890777609203905,True,0.022319909167252128,0.07856870074621969,-0.021832607354221656,0.03199495103069849,False,2169.4797427127687,True,True,0.7804438776407636,0.8192134004063417,-0.003229920731160685,False,1.2840994908948844
HSIC,231,0.528613771872604,Henry Schein,Health Care,SP500,84.93000030517578,0.011432643450241642,-0.007015064687061923,-0.04055576676495298,-0.01735508497863758,0.16278750329425007,0.5769980506822612,0.6081871345029239,0.732943469785575,-0.1871345029239766,-0.06526524615167328,0.36917623692622104,False,-0.021374656282742932,False,-0.03164677652765402,0.05863832049338913,0.032681025642868455,-0.006071369976532015,False,101.57797379573059,False,True,0.9746446727417014,0.8738088104118666,-0.00011911558991384297,False,0.8804415943409994
ARES,232,0.5278418649363134,Ares Management,Financials,SP500,116.56999969482422,0.0034432429386559438,-0.029472990571463353,-0.15305298776663,0.007714767046313131,0.12465570948302629,0.05847953216374269,0.6588693957115009,0.6647173489278753,0.009746588693957059,-0.3190954805221289,0.24982928313641306,False,-0.07654600898644137,False,-0.11834082146388814,-0.08534401758701105,0.13422513409362868,-0.03044847722109789,False,298.48648461203004,False,False,0.6795623457213145,0.9356841202806973,0.0029267794838965244,False,1.0369141435089175
TROW,233,0.5273594946269785,T. Rowe Price,Financials,SP500,105.83000183105469,0.017107147785583976,0.01496120876773821,-0.01682378944300511,-0.0961910931296488,0.20654532802748604,0.6920077972709552,0.341130604288499,0.7758284600389863,-0.21052631578947373,-0.11943999040682929,0.2580602798009284,False,0.006403392905007577,True,-0.03156204932441198,0.042408464604571705,0.03259067790806225,0.010480234567830982,False,178.0093928388214,False,True,0.6109858051853848,0.949901269949133,0.0,False,1.3191587216746012
ECL,234,0.5205521413884788,Ecolab,Materials,SP500,271.260009765625,-0.012091109946087975,-0.014925320203508119,-0.02950703687124001,-0.04015857394030453,0.011804857470333108,0.6413255360623782,0.5497076023391813,0.43859649122807015,-0.10916179337231968,-0.11317401294424123,0.10984380162214169,False,-0.013291623595910185,False,-0.02473447890574909,-0.0041727690002959505,0.02536178955449686,-0.014614520430201727,False,371.5709893897705,False,False,0.7029996368840749,0.9375547584636928,-0.006883182399610055,False,1.2712434047451093
ISRG,235,0.5201390080986332,Intuitive Surgical,Health Care,SP500,401.239990234375,-0.013255329374896596,0.004305169373250761,0.0866350446428572,-0.0581442195334273,-0.136096501908326,0.898635477582846,0.47953216374269003,0.1695906432748538,0.290448343079922,-0.32320147295643664,0.20848142735723307,False,0.038757946277877986,True,0.0591278433473128,-0.10448186341745824,-0.055826918080486565,-0.0016251866681743499,True,989.4842157188721,True,False,0.5913928266657424,0.77027005426356,0.005951314170368871,False,0.562114947727364
KMI,236,0.5195927413663535,Kinder Morgan,Energy,SP500,30.530000686645508,0.01260368401071843,-0.0230399780273437,-0.04890959071980372,-0.03882214990567179,-0.05412823804145228,0.5165692007797271,0.5536062378167641,0.29434697855750486,0.08187134502923976,-0.10185474573697673,0.22804773903678743,False,-0.01821746268343083,False,-0.029745986002121305,-0.01624408390014198,0.030657936553701637,-0.007197392283307291,False,369.2890694720001,False,False,0.8317247448485777,0.9230570299967179,-0.0033167622797668495,False,0.9527621194268485
LH,237,0.5179373471731077,Labcorp,Health Care,SP500,304.6000061035156,-0.011391968501254124,-0.014079967411040673,-0.07023589108053152,0.06367356473386732,0.122284419355702,0.3508771929824561,0.7699805068226121,0.6588693957115009,-0.17543859649122806,-0.10045067892943071,0.24749013291698385,False,-0.035506703513536686,False,-0.04408315421424469,0.0916500732110408,0.04611609724066401,-0.017403357109396556,False,240.62381552593993,False,True,1.0707099402096245,0.8988678271810976,-0.006848156346361045,False,0.7305828729642545
VST,238,0.5161375661375662,Vistra Corp.,Utilities,SP500,139.75,0.010119218176520173,0.013121629161653825,0.013751969551985432,-0.07329454090386067,-0.08953699641696145,0.7777777777777778,0.4249512670565302,0.22807017543859648,0.28460038986354774,-0.3333563344590783,0.04056776072973145,False,-0.01879773041608368,False,-0.02747085078161704,-0.09600373580148502,0.028246814816496935,0.0007408958112933295,False,658.5015645280762,False,False,0.6936337595053276,1.1755996382168263,0.005854698394358593,False,1.0420136028187283
AIZ,239,0.5159697188175919,Assurant,Financials,SP500,266.239990234375,0.01039844491223918,0.016726514656036917,-0.05178434578009539,-0.04442994733284056,0.23875122307513075,0.49707602339181284,0.5224171539961013,0.8148148148148148,-0.2378167641325536,-0.11442542752539919,0.30047955466059295,False,-0.03475381686172385,False,-0.048824617165774575,0.06956724621124843,0.05133082504752329,-0.0054721695857639086,False,106.7765356595459,False,True,0.7805009883147132,0.8787047575091652,0.0,False,1.0143000541310392
GL,240,0.5150026893718314,Globe Life,Financials,SP500,165.8300018310547,0.0010866763730930096,-0.0089051244796855,-0.03755078993678007,-0.07954041707242998,0.18582270044777816,0.5886939571150097,0.4015594541910331,0.7543859649122807,-0.3664717348927875,-0.10853672711368301,0.2798230501185279,False,-0.026556450188362057,False,-0.050665145648643994,0.056657199420190985,0.05336909881314922,-0.010313708181941328,False,94.42180488195801,False,True,0.6054771917139528,1.0206199321069094,0.011590784778019447,False,1.4801617340250726
WELL,241,0.5146349511526151,Welltower,Real Estate,SP500,226.94000244140625,-0.014332882961366145,-0.02855185202482191,-0.056068529366124276,-0.03500502133173844,0.1494237594441925,0.4697855750487329,0.571150097465887,0.7115009746588694,-0.3372319688109161,-0.09629584800442736,0.38773716416322834,False,-0.02713800610133088,False,-0.03756489424194709,0.06672869566141304,0.039031093127426475,-0.017745342901411276,False,674.8494333652344,False,True,0.682415873497928,0.8652141750526888,-0.005689770613828915,False,1.0031574838966917
JBL,242,0.5137795020275193,Jabil,Information Technology,SP500,299.7900085449219,0.04507433540273298,-0.03508318198471816,0.002172875124206497,-0.12143335364700825,0.1028184993389949,0.746588693957115,0.24366471734892786,0.6354775828460039,0.18518518518518517,-0.22242878788094667,0.5586096216807122,False,-0.020588547826402626,False,-0.05484602227923974,-0.004479217187409734,0.058028663659122515,-0.018612028465448405,False,373.75710285064696,False,False,1.0239204097146903,2.026352994971816,0.024541619272182347,False,2.1245260226747638
LUV,243,0.512118767237729,Southwest Airlines,Industrials,SP500,41.84000015258789,0.004803092360015082,0.0069795648821258105,0.11560430479995132,-0.16346326553571056,0.10435612365045399,0.935672514619883,0.14230019493177387,0.6393762183235867,-0.017543859649122806,-0.22624258374937334,0.4353457710018567,False,0.03326501175648011,True,-0.007233757097690252,-0.030412133985316614,0.007286465620086613,0.0053876978094047345,False,227.62043920550536,False,False,0.5922903860472242,1.0014352883683801,-0.0016810685843002826,False,0.9448047377679154
SW,244,0.5106310296288666,Smurfit Westrock,Materials,SP500,43.040000915527344,-0.024036226650116177,-0.06434780618418823,-0.052608394752226006,-0.0543768523486704,0.0946577566375284,0.49317738791423,0.49707602339181284,0.621832358674464,-0.11695906432748543,-0.15261155628083867,0.35154385919728615,False,-0.035172258585062344,False,-0.07585055689599596,0.010358108508037311,0.08207607271961503,-0.036162315992116834,False,222.8943241221924,False,True,0.6863903992045887,0.9334646030816244,-0.009750574150883873,False,1.0950276806447006
TRI,245,0.5105675146771038,Thomson Reuters,Industrials,NDX,99.36000061035156,0.020856865725951135,-0.00956936889347082,-0.06572635603253396,0.12105462502431785,0.1620805907506575,0.38596491228070173,0.8518518518518519,0.7290448343079922,-0.06822612085769975,-0.366487320858093,0.3064569296925832,False,-0.0009099953882861778,False,-0.01661355214149729,0.02604009848050426,0.016894225233300864,0.011669775399092863,False,188.20387937535097,False,True,1.059566134439599,0.6634561003984715,0.026405010238109483,False,0.753951133234166
C,246,0.5093199131771591,Citigroup,Financials,SP500,127.0,-0.019153504860763504,-0.03860716024130373,-0.04179865374048153,-0.08804961983952087,0.1123114830098999,0.5653021442495126,0.36257309941520466,0.645224171539961,-0.04678362573099415,-0.12373376518436863,0.38067339385926635,False,-0.05291378288918458,False,-0.051573258843556236,0.01644160491705038,0.05437769371693535,-0.030715532917557575,False,1269.3012121602173,False,True,0.8274436522207799,1.0127544360509673,-0.011816487718430357,False,1.4591779035837755
RMD,247,0.508424981784751,ResMed|,Health Care,SP500,221.14999389648438,0.00022608680049218677,-0.0033350105691991594,-0.04413038851543971,0.05798131250456229,-0.0018212459873565567,0.5419103313840156,0.7582846003898636,0.3996101364522417,-0.18518518518518512,-0.21106426109430898,0.213131019917288,False,-0.010388385123607513,False,-0.005962713727087676,-0.01643933694276911,0.0059984809518005555,-0.0056637557951574324,False,305.02820009429934,False,False,0.5197455511907717,0.7029888275094273,-0.001583021681834551,False,0.6792668823811137
CEG,248,0.5065759909667624,Constellation Energy,Utilities,SP500,258.9200134277344,0.01928985541633832,-0.010320242106279798,-0.07630831692468687,0.08387892705798672,-0.07063277287313485,0.31773879142300193,0.797270955165692,0.26120857699805067,0.3294346978557505,-0.35544642009260774,0.09648214352063511,False,-0.04129884499739156,False,-0.04699246360665554,-0.09956110028358867,0.04930964531980342,-0.009551074360832246,False,755.734429919159,False,False,1.1749627077929057,1.0444171656186587,0.029485888383539605,False,1.5172942947918993
OKE,249,0.5057457189396627,Oneok,Energy,SP500,87.16000366210938,0.022164971190914873,-0.04408857896042595,-0.08914200607863965,0.004204050680667315,0.021705243053325995,0.25146198830409355,0.6491228070175439,0.4756335282651072,-0.05653021442495121,-0.10614294172264693,0.40691504657415756,False,-0.05674565014659272,False,-0.05419256366781022,0.022197828013176046,0.05729767137163466,-0.01843999821020148,False,343.9881647796936,False,True,0.8660459232123663,0.9463108726878066,-0.0056291280219968876,False,0.8733344618932144
HCA,250,0.5056921222386256,HCA Healthcare,Health Care,SP500,423.3900146484375,-0.00785015621361762,-0.00021251614139006225,0.02560735380968504,0.03330247894687144,-0.10474824060188992,0.8050682261208577,0.723196881091618,0.2124756335282651,-0.009746588693957059,-0.21917165685850415,0.17630005730730947,False,-0.002681919243622155,False,0.020297041138404248,-0.04774365855646456,-0.019893266686099143,-0.011592236004499434,True,590.2319779273681,True,False,0.7646498589127045,0.7514770114619462,0.0011951300025687672,False,0.7749581808898656
HAL,251,0.5053737845374471,Halliburton,Energy,SP500,31.8799991607666,0.0025157209316162277,-0.026862002620683167,-0.12967517796452632,-0.028278086757379195,-0.1535735073785245,0.10331384015594541,0.5906432748538012,0.15204678362573099,0.3976608187134503,-0.2516470721185394,0.49062822507313886,False,-0.06984887077671298,False,-0.059697188679680435,-0.09269519091144007,0.06348719578521411,-0.021544400812437803,False,369.08576159098436,False,False,0.6107255486373676,0.9872709329059269,-0.0031446061798816594,False,0.8780594578315101
AKAM,252,0.5050241661993645,Akamai Technologies,Information Technology,SP500,106.93000030517578,0.005453707939599317,-0.03151891351786873,0.004414815186408072,-0.055138269547854724,-0.0761987014671639,0.7543859649122807,0.49122807017543857,0.25146198830409355,0.4697855750487329,-0.3364155348752911,0.4857579337433158,False,-0.01822972808732315,False,-0.045584855394838475,-0.04156289745601072,0.04776208304374374,-0.022271538788779188,False,484.5087226748352,False,False,1.1684382550792451,2.689145045446143,0.00761640996342261,False,1.2929973100787315
ADBE,253,0.5040540849841499,Adobe Inc.,Information Technology,SP500,241.27999877929688,0.005584714196282592,0.009835542525230334,-0.15659951725302523,0.09812487456222652,-0.00037285636040607084,0.050682261208576995,0.8265107212475633,0.40545808966861596,0.18908382066276797,-0.32961019053581153,0.2475052696902753,False,-0.03278114468953719,False,-0.06471847341268033,-0.0735656785134654,0.06919678361319392,0.0030510893678767914,False,1319.5801394718017,False,False,0.8833824427775943,0.8463380256450013,0.024964533522657373,False,0.929209271764009
BG,254,0.5002592096680056,Bunge Global,Consumer Staples,SP500,106.61000061035156,-0.003179021482863309,-0.03266489886604396,-0.11921678945827452,0.007723149609638158,-0.15892072138498692,0.13450292397660818,0.6608187134502924,0.14230019493177387,0.4307992202729045,-0.1836070400934784,0.35377791668390346,False,-0.077883824536365,False,-0.06338645743695459,-0.07270993032553452,0.06767621282038849,-0.029423315961568774,False,192.02076665548705,False,False,0.8473921578390703,1.0598016640133425,-0.0028050063667459657,False,1.802068036457638
PLD,255,0.5001298909373892,Prologis,Real Estate,SP500,128.17999267578125,-0.0127849946775217,-0.04214627364929735,-0.07504523802235685,-0.07338677501931179,-0.023960501116407684,0.32748538011695905,0.42300194931773877,0.35282651072124754,0.042884990253411304,-0.13902658107089283,0.1885663996411835,False,-0.0440699867341503,False,-0.0723100488972237,-0.057256591997490336,0.07794635353252044,-0.029174168845171877,False,567.07565666391,False,False,0.6476137250394436,1.037324391473479,-0.01417125993366708,False,1.3094498375283943
BKR,256,0.4983951507383375,Baker Hughes,Energy,SP500,55.619998931884766,0.013114706484415484,-0.029149973066067036,-0.12629596190384196,0.05768500194447013,-0.07173864173824762,0.11306042884990253,0.7563352826510721,0.2553606237816764,0.4093567251461988,-0.19604864009584477,0.2702879561765894,False,-0.048091750735759,False,-0.08179232286801019,-0.05732576224278829,0.08907823894860845,-0.01800141958841661,False,477.8644694877319,False,False,1.0258753245290464,0.8571939502592725,-0.006375269200190714,False,0.8192661218270872
DOW,257,0.49801196293626,Dow Inc.,Materials,SP500,27.59000015258789,0.001815513267915625,-0.03396356202706552,-0.09422189816636539,0.007223967646518226,-0.3071029451142374,0.2300194931773879,0.6569200779727096,0.03313840155945419,0.5009746588693957,-0.3266304733392311,0.4020204260230531,False,-0.04337574716708781,False,-0.07070443122809877,-0.12095122944295822,0.07608390011106736,-0.017231830897908362,False,272.1440979780846,False,False,0.6772336072247311,1.025350172416048,-0.01779236246105309,False,1.092659726213122
DD,258,0.497470846064934,DuPont,Industrials,SP500,129.1999969482422,-0.005312206056267366,-0.007832930908456825,-0.022027126248316486,-0.07248652888784168,-0.060208055577383846,0.672514619883041,0.42884990253411304,0.2787524366471735,0.2475633528265107,-0.15385104282494044,0.4211674493318134,False,-0.0016343434585327499,False,-0.04504319988451089,-0.054491841943208996,0.04716778798691568,-0.0064441922555587006,False,187.24351619837952,False,False,0.7644535495144061,0.6328623257313006,-0.007159848180393169,False,0.6892536746421057
LEN,259,0.4952600298310464,Lennar,Consumer Discretionary,SP500,82.11000061035156,0.006373382716030829,0.007855644777943205,-0.007734131596960014,-0.06360247677652231,-0.02811869564824765,0.7212475633528265,0.4580896686159844,0.34307992202729043,0.2729044834307992,-0.3734834118366993,0.07431637161449989,False,0.01606826785058013,True,-0.01975998722567429,-0.12397464155190518,0.02015831527805978,0.0059127182614489016,False,295.7946855404053,False,False,0.9948689535096797,1.65411709721515,-0.011153279489635626,False,2.5664059971706226
FRT,260,0.49476240067444105,Federal Realty Investment Trust,Real Estate,SP500,108.02999877929688,0.008400950765090176,-0.01042368227962831,-0.06690808940812742,-0.10263995334645515,0.0391158116252599,0.3742690058479532,0.3060428849902534,0.5185185185185185,-0.03898635477582846,-0.14103876275971983,0.18748492550726614,False,-0.02824281767244685,False,-0.06562103897388882,-0.01897768333004657,0.07022957676810848,-0.007426575487921805,False,100.9002327558136,False,False,0.6466628659009639,1.3659071440808634,-0.003547137734458028,False,1.1561963153501016
LYB,261,0.4936572786608836,LyondellBasell,Materials,SP500,57.779998779296875,0.0053940760746333805,-0.03988038407624428,-0.11339572805404663,0.09401181459491847,-0.23103712828360734,0.15204678362573099,0.8167641325536062,0.07212475633528265,0.4990253411306043,-0.2839628687170397,0.4492913373470757,False,-0.06360913516034883,False,-0.0695746389546843,-0.05121735899326718,0.07477723831229022,-0.0222803792919799,False,244.40871736474608,False,False,0.8500109187249419,0.852216306799087,-0.01374631805719806,False,0.9270013922860973
LDOS,262,0.4926253991142239,Leidos,Industrials,SP500,121.97000122070312,0.0011491372202603323,-0.011187655212719694,-0.12080659303818886,0.12427538876715638,-0.21288135259421193,0.13255360623781676,0.8615984405458089,0.08576998050682261,0.18518518518518512,-0.3816964839951619,0.2236612832572853,False,-0.039890201867190944,False,-0.061877458579963185,-0.1681949376930434,0.06595882291272859,-0.015367282699105145,False,178.2890673744812,False,False,0.6195126053586659,0.754726888458122,0.01789378865970015,False,0.7892769317936227
RCL,263,0.4923423474973583,Royal Caribbean Group,Consumer Discretionary,SP500,269.989990234375,0.015534511059839051,0.1297597918705733,0.022184335437005043,-0.08338037981090163,-0.032111634420248225,0.7953216374269005,0.38791423001949316,0.33528265107212474,0.1968810916179337,-0.21139846437632248,0.17234036759303573,False,0.06911700097947349,True,-0.03869126739863771,-0.0493798074405849,0.04024853419768348,0.05987683384272091,False,677.4257657268372,False,False,1.0767356001644817,1.4069175721596823,0.0009779951100243878,False,1.2597770458906274
REGN,264,0.49087292050522036,Regeneron Pharmaceuticals,Health Care,SP500,734.8099975585938,-0.03093887582046151,-0.07689507860455669,-0.10804545771439933,0.12441047058963073,-0.05208508767392139,0.17543859649122806,0.8635477582846004,0.30214424951267055,-0.11695906432748537,-0.13757734787236942,0.3242573693831714,False,-0.06776322696375403,False,-0.061404831829158235,0.0002679682889004109,0.06542206257978678,-0.04179467125040215,False,598.5153039804687,False,True,0.9070626101200006,1.159109272822221,0.010893230053762748,False,1.360672037328448
GPC,265,0.48960510103264254,Genuine Parts Company,Consumer Discretionary,SP500,125.12000274658203,-0.004930770858285083,-0.03202840736647994,-0.06486228101877412,-0.04884995940146153,0.21190125915665647,0.3996101364522417,0.5029239766081871,0.7933723196881092,-0.47953216374269003,-0.13817903680456733,0.3784771610298068,False,-0.043091084862704854,False,-0.04646960864926453,0.05981662756806583,0.0487342711577734,-0.02035472056378651,False,141.5600215660553,False,True,0.47924852133417334,0.6742876812720691,-0.005964689142213708,False,0.8879589794082566
CI,266,0.48837542867824046,Cigna,Health Care,SP500,267.9599914550781,-0.014236821941492006,0.009265504538900737,-0.048089384171496996,-0.06366952493815303,0.013801559131082053,0.52046783625731,0.45614035087719296,0.44834307992202727,-0.060428849902534165,-0.11886463811988346,0.12120257912603671,False,-0.03138693305014406,False,-0.03711210216339422,-0.03345788934455518,0.0385424951822293,-0.015516256560199837,False,466.7500176382446,False,False,0.882101887050772,1.2623506857395663,0.015230161692764144,False,1.1860201689285466
DRI,267,0.48776316743151643,Darden Restaurants,Consumer Discretionary,SP500,197.41000366210938,0.021526539001859746,-0.04743293558433603,-0.08419926749883555,-0.026005191943979655,0.03873774546799891,0.2787524366471735,0.5984405458089669,0.5165692007797271,-0.05847953216374269,-0.13294971006423328,0.19399121865908042,False,-0.04972331570978383,False,-0.06740777245254292,-0.02328383720650684,0.07228000669683121,-0.01795246434649933,False,250.19057808795165,False,False,1.0918340695193158,1.261416601557238,0.0038292651651439247,False,1.1136510218615212
AFL,268,0.48483079845733057,Aflac,Financials,SP500,111.18000030517578,-0.005367672934992185,-0.024822399596775013,-0.04171691499682417,-0.07561269599941334,0.024430476918902322,0.5672514619883041,0.4191033138401559,0.48927875243664715,-0.03508771929824561,-0.13747637802918777,0.07383506063365375,False,-0.034237744004192994,False,-0.0642371191136587,-0.02575183188457497,0.06864679121789297,-0.0198340357301795,False,247.7718917691498,False,False,0.718625641389773,0.7567895507625306,-0.00035785396282139725,False,0.7043285251376962
AMP,269,0.4843533872733584,Ameriprise Financial,Financials,SP500,494.82000732421875,0.005016758789648135,0.019932007728310275,-0.08812473469211468,0.01473120070913625,0.14085849657065475,0.2553606237816764,0.6686159844054581,0.6998050682261209,-0.22417153996101358,-0.13292911320733936,0.15747832850665855,False,-0.0667101619288688,False,-0.09010790252524215,0.00807615172929843,0.09903141567590312,-0.018432592453692775,False,288.16591100769045,False,True,1.1791970593354881,1.2517554606029822,-0.006235416443913455,False,1.1101831103024247
DOV,270,0.4832963306287027,Dover Corporation,Industrials,SP500,188.05999755859375,0.005399596313058863,0.0009047749720449971,-0.009845707309533047,-0.1176910648027839,-0.08817769374587126,0.7115009746588694,0.2631578947368421,0.2300194931773879,0.09161793372319688,-0.18797089774983733,0.17886015556550316,False,-0.006915065050600577,False,-0.04773587477379149,-0.1010185778558772,0.050128817739985676,-0.004417747987546128,False,252.1624165808716,False,False,0.5982851075681871,1.1108912557101813,-0.004276947547209864,False,0.9630089699814608
CAH,271,0.4830903361905525,Cardinal Health,Health Care,SP500,230.08999633789062,0.03651615901986971,0.03595744620920249,-0.036453623767665366,-0.03480022892099699,0.09011821921072305,0.5925925925925926,0.5730994152046783,0.6062378167641326,-0.3294346978557505,-0.07234286797021494,0.5153956714804877,False,0.000998706639834701,True,-0.008638692383638902,0.06099304540848194,0.008713969687207168,0.023849452955884365,False,427.0350927413025,False,True,0.9600118057801771,1.0100961918937759,0.025073922821941208,False,1.0302538801454806
WMB,272,0.4829242054908962,Williams Companies,Energy,SP500,69.22000122070312,0.018390466051944943,-0.019268922854478787,-0.07320661401342277,-0.04672313322912525,-0.022169943702155526,0.3333333333333333,0.5146198830409356,0.3567251461988304,-0.052631578947368474,-0.1153962404551796,0.26222141717291203,False,-0.031134730353753914,False,-0.0364112671367226,-0.013715125017037089,0.03778714496642932,-0.006591757838090961,False,516.036835564148,False,False,0.7376658576443768,0.989640680165301,-0.0017655251497256108,False,1.0074346325307098
IR,273,0.48228733935294854,Ingersoll Rand,Industrials,SP500,75.25,0.0018639247571665685,0.006285119395231131,0.008172569873254432,-0.06604085620522093,-0.058889355688441336,0.7582846003898636,0.4502923976608187,0.2826510721247563,-0.06042884990253411,-0.2374918478033986,0.09815816971560043,False,0.014910069442981344,True,-0.051807317815935505,-0.07733580954484953,0.05463796419162681,0.0016440847844523265,False,342.5939397458038,False,False,0.668723626981211,1.2487650041316645,-0.0026627206313006857,False,1.250598811091987
FTV,274,0.4790963329175297,Fortive,Industrials,SP500,55.84000015258789,0.018792168463597214,0.007215034916797425,-0.015704553502181362,-0.10761404132521202,0.0011269595352587647,0.695906432748538,0.29239766081871343,0.4093567251461988,0.05847953216374269,-0.1276645105772336,0.17337784939365286,False,0.0028555627360355995,True,-0.044296823409009756,-0.039793291441665324,0.046349980301433336,0.004596438219507393,False,143.08170838385772,False,False,0.7518080720279073,0.7742063813642358,0.0,False,0.8807968140521887
VRTX,275,0.47857867652388203,Vertex Pharmaceuticals,Health Care,SP500,506.739990234375,-0.030737758266410564,-0.029939918263039322,-0.0747010542425478,-0.04033783175384076,0.1329874774628721,0.32943469785575047,0.5477582846003899,0.682261208576998,-0.40545808966861596,-0.09179874851462277,0.25773144182417096,False,-0.02837286433055275,False,-0.020926995774489532,0.07048762205509318,0.02137429556751358,-0.0241376115613392,False,589.6742686437378,False,True,0.6795643364345813,0.8045575710178424,-0.0008033184371329938,False,1.040789829120156
CCL,276,0.478377259739913,Carnival Corporation,Consumer Discretionary,SP500,25.06999969482422,0.02159734146389236,0.15052770268401328,0.0792079289214982,-0.09705111853437587,-0.04606245566032774,0.8869395711500975,0.3333333333333333,0.3079922027290448,0.23976608187134502,-0.25057772207876183,0.15052770268401328,False,0.09852549452483372,True,-0.006294254470931904,-0.08019762145041964,0.006334123053279406,0.06568395222870138,False,548.3477527605362,False,False,1.2367869153108606,1.7399949822821492,0.004889931842212647,False,1.2145023881840196
UAL,277,0.47580213852744496,United Airlines Holdings,Industrials,SP500,111.77999877929688,0.007480863937669779,0.005306199522763233,0.06833605766576989,-0.16156621183300024,0.17564152951864687,0.8713450292397661,0.14619883040935672,0.7426900584795322,-0.12085769980506822,-0.17875249226326373,0.3118178615221452,False,0.014968459693017744,True,-0.03565439255366121,0.024576818482516805,0.036972629188488426,0.0018689274541188183,False,411.83329056747436,False,True,0.732714782371649,1.061356941076431,9.014994597200676e-05,False,1.22510450204516
TSLA,278,0.474850177193364,"Tesla, Inc.",Consumer Discretionary,SP500,354.1099853515625,-0.0019729213152052116,-0.06305238116078549,-0.005560422945578347,-0.09998735705914341,-0.07121130912930695,0.7251461988304093,0.31968810916179335,0.2573099415204678,0.23196881091617932,-0.27714954310847706,0.18701386651117358,False,-0.030247457943086253,False,0.021768413592730962,-0.1005719730332153,-0.0213046452631952,-0.020727029994052848,True,13449.135498394775,True,False,0.7152835766414232,0.9683934312579605,0.0056368197451079904,False,0.7978849065613787
WMT,279,0.4733319218899608,Walmart,Consumer Staples,SP500,104.26000213623047,0.003271785732062993,-0.030950779022263175,-0.015672168253506813,-0.06554360130092274,-0.16058160159667767,0.6978557504873294,0.4522417153996101,0.13840155945419103,0.2300194931773879,-0.22123989876367778,0.04500372446356593,False,-0.028277432497362143,False,-0.04192122315086522,-0.11600575132616564,0.043755507546814565,-0.02165997780965767,False,2679.13868358609,False,False,0.795034679363095,0.9318952382653533,0.004426473177230328,False,0.9301571761058968
MRSH,280,0.4704781359792175,Marsh McLennan,Financials,SP500,171.85000610351562,0.012430870687733186,0.01719723391216821,-0.07851417272795624,-0.0263796639362891,0.016609137092493897,0.30214424951267055,0.5964912280701754,0.45614035087719296,-0.20662768031189083,-0.1517166490254206,0.10494631538443566,False,-0.014944039608087656,False,-0.0606079395522191,-0.017928018468432394,0.06451825824813673,0.005097905948114212,False,452.0745995773315,False,False,0.6977524948157242,1.1251738940259397,0.0013550783525468901,False,0.9041566582575913
EVRG,281,0.4701844031692626,Evergy,Utilities,SP500,78.79000091552734,0.004461989587296822,0.014550569149268444,-0.03348866339497403,-0.09851487317866126,-0.026330797735224842,0.6159844054580896,0.3255360623781676,0.3489278752436647,-0.07407407407407407,-0.09851487317866126,0.11725810342831733,False,-0.01420080651267075,False,-0.03407825142769816,-0.0146517784779997,0.0352805509121914,0.00013865868527229708,False,172.78720312324523,False,False,0.7829519152000982,1.3837530004235892,-0.0007649819750210618,False,1.2089846105918411
PGR,282,0.46910922664347326,Progressive Corporation,Financials,SP500,210.9600067138672,0.018097656548584196,0.0439818796646263,-0.042977122851280525,-0.09111267587022887,0.09259834114102694,0.5536062378167641,0.3508771929824561,0.6101364522417154,-0.3742690058479532,-0.09987279507337099,0.10901023615371086,False,-0.010136193635251867,False,-0.015099635908131237,0.012860516271129274,0.01533113039515821,0.007616250323213336,False,535.8552306310424,False,True,0.666529456561255,1.1635804334617452,0.0032334996156766493,False,0.9929957166449729
CB,283,0.4640654146782481,Chubb Limited,Financials,SP500,331.29998779296875,0.018601038564085348,-0.010572239229597935,-0.019009249799528338,-0.07993245290454631,0.018882579918791942,0.6881091617933723,0.3996101364522417,0.4619883040935672,-0.23196881091617932,-0.08582995924143011,0.2465383878741727,False,-0.01693172070916049,False,-0.03274413894850525,0.00994251293095516,0.03385261363307679,-0.004143714095267148,False,571.7696274550171,False,True,0.756308034276771,0.9866998749889025,0.0,False,0.7899218853741476
MOS,284,0.4616373506063485,Mosaic Company (The),Materials,SP500,21.549999237060547,-0.004618955345575881,-0.09033352675195283,-0.12298562906248844,0.0285100421775919,-0.17282006971841024,0.12280701754385964,0.7056530214424951,0.1189083820662768,0.1364522417153996,-0.36906264215544315,0.09648923517820229,False,-0.11445584695061306,False,-0.08083012430807623,-0.10657442494270619,0.08793817818194882,-0.056620485490411876,False,190.57634470142747,False,False,0.7079902059027565,1.0137500949592193,-0.016166299659892913,False,1.4774705427654535
SNA,285,0.46147713271000945,Snap-on,Industrials,SP500,367.7200012207031,0.012026957599506671,2.7221902742846638e-05,-0.035362042378443204,-0.1021342536840818,0.015003960802376648,0.6023391812865497,0.31189083820662766,0.45419103313840153,-0.15789473684210525,-0.11759438345477524,0.15382867436546577,False,-0.014179278296980957,False,-0.05653746448153296,-0.02059229011628738,0.05992550032785737,-0.002555240217432808,False,121.20346829797363,False,False,0.5041879834762326,0.8213451688234611,8.256165898701262e-05,False,0.8420080858243403
COR,286,0.4612904025665381,Cencora,Health Care,SP500,309.7799987792969,0.03174021242063896,-0.0002904325662657081,-0.06402393680167995,0.046779932630280685,-0.020664898933571485,0.4015594541910331,0.746588693957115,0.3586744639376218,-0.18518518518518512,-0.16843715644655766,0.23089171240785178,False,-0.020665990225223307,False,-0.024064729472227597,-0.023890755734497393,0.024658120470647305,0.0030434398492251713,False,426.5849912074585,False,False,0.8928476721328519,1.125141671358099,0.009758510160803535,False,1.4222489838928196
SYF,287,0.46059211956832724,Synchrony Financial,Financials,SP500,71.51000213623047,0.00760886157868379,-0.0005590623874384137,-0.06669277508711025,-0.05910149370926343,0.05547691087706763,0.3762183235867446,0.4756335282651072,0.5497076023391813,-0.13255360623781676,-0.1816011646408595,0.1306079888243863,False,-0.041414456683778744,False,-0.06704293067167388,-0.037115530683921816,0.07186068134940093,-0.010716357298298118,False,242.29199166088867,False,False,0.6733667208423998,0.8565896694870924,-0.008313427605141976,False,0.898859762312408
DOC,288,0.4592886325402547,Healthpeak Properties,Real Estate,SP500,19.440000534057617,-0.026539749500264165,-0.04094720794089346,-0.06156712346727855,-0.09895482334989614,0.22378466192605595,0.4346978557504873,0.3235867446393762,0.8011695906432749,-0.2943469785575049,-0.13959230210509577,0.29339821373731945,False,-0.04321457838864229,False,-0.06783603640934666,0.05399383280466119,0.07277264414732931,-0.03198236719510372,False,110.42359076086426,False,True,0.6960780805107966,0.9715377595470468,-0.0040060053308342836,False,1.0943369464258752
EXR,289,0.4581594778422464,Extra Space Storage,Real Estate,SP500,133.0800018310547,0.011938311837866644,0.006428239665582813,-0.03907543993970153,-0.09840131817052666,0.027314222753536344,0.580896686159844,0.32748538011695905,0.49707602339181284,-0.029239766081871343,-0.1191054308323215,0.1000513414328894,False,-0.017263126240128268,False,-0.05800141243877577,-0.04120388885495907,0.06157271699200506,-0.003551468510159528,False,182.09044535012816,False,False,1.0075816794551407,1.0306989077827433,-0.0026613250653612086,False,1.2719432753521789
RJF,290,0.4578762354897899,Raymond James Financial,Financials,SP500,159.75999450683594,0.014478021597368995,0.00974940543584979,-0.07603560261670883,-0.014460745485288196,0.12189160866136328,0.31968810916179335,0.6159844054580896,0.6569200779727096,-0.23586744639376223,-0.11520129533470769,0.14615314049409456,False,-0.03771559173873107,False,-0.0715789824087083,8.006873313148866e-05,0.077097546320541,-0.0044571159404545035,False,203.296148741333,False,True,0.9623803616270451,0.8513115021590624,-0.004254496997221802,False,0.8140378983203584
CNC,291,0.45727694426324567,Centene Corporation,Health Care,SP500,60.9900016784668,-0.018190554939593984,-0.01501932361078362,-0.0650007889048515,-0.10123782596660924,0.7964653993482318,0.39766081871345027,0.3138401559454191,0.9649122807017544,-0.3118908382066277,-0.12130819103009238,0.9179246270983386,False,-0.056444662904143295,False,-0.05769400256000978,0.1578174366639884,0.06122639855498102,-0.02603625212024019,False,306.01754837434385,False,True,0.860316017217018,0.928010863102141,-0.004829350325480486,False,1.1218288437754007
F,292,0.4568075439740904,Ford Motor Company,Consumer Discretionary,SP500,12.270000457763672,0.01741293788061471,-0.02619046934247493,-0.11343928305742468,-0.07164006554931324,0.07527627962905803,0.15009746588693956,0.4346978557504873,0.5847953216374269,0.3060428849902534,-0.28882521654688853,0.1255102116691169,False,-0.0753230794077766,False,-0.1101093020499665,-0.07564845076025184,0.12373351278265532,-0.025531536101669583,False,668.8484133967667,False,False,1.1139106210536727,0.8789296772155744,-0.004975158999091178,False,0.9583474776450027
HII,293,0.45675718977809826,Huntington Ingalls Industries,Industrials,SP500,274.3299865722656,0.02718380592708547,0.031315738993479725,-0.061863162659143156,-0.05451340531765703,-0.29624807655647734,0.42884990253411304,0.4951267056530214,0.042884990253411304,0.12085769980506822,-0.38994621574725175,0.06722427387631069,False,-0.0022658957289503068,False,-0.06667609081125159,-0.19718325619604304,0.07143939007113498,0.021517720712558974,False,149.29552843725585,False,False,0.5577522379708036,1.1890810572409665,0.00756351877138961,False,1.6196801573128399
ORLY,294,0.4560013046314417,O'Reilly Automotive,Consumer Discretionary,SP500,85.02999877929688,-0.004449184715128229,-0.014030601976406043,-0.03320066253855247,-0.057839348705851834,-0.07676438449465117,0.6179337231968811,0.48148148148148145,0.2475633528265107,0.042884990253411304,-0.18995905696411008,0.027801224816105696,False,-0.007939535456346958,False,-0.03816789010190913,-0.06563777917636715,0.03968248690091358,-0.006903014453381595,False,528.6308682220764,False,False,0.7272452010054553,0.6913291183954977,-0.0010537871844756852,False,0.7113862189303464
LYV,295,0.4544672182739955,Live Nation Entertainment,Communication Services,SP500,166.85000610351562,-0.014471334341873532,-0.024611197913972038,-0.058408527217693185,-0.10579340062062281,0.09316648604985023,0.45614035087719296,0.2982456140350877,0.6140350877192983,-0.25146198830409355,-0.1146662413270596,0.32831785122820434,False,-0.021146368780237013,False,-0.05938737521139703,0.019490416348695083,0.06313691061157511,-0.01700660960973388,False,353.4208278294983,False,True,0.601291486321528,0.9401400410990182,0.01435317561712246,False,1.355275452994231
L,296,0.4508480104370516,Loews Corporation,Financials,SP500,105.05000305175781,0.005937017569378478,-0.00019031734200525285,-0.03366751967195636,-0.0979326259717912,-0.013788157376304233,0.6140350877192983,0.32943469785575047,0.3684210526315789,-0.15984405458089668,-0.11969104218089255,0.07660216255361751,False,-0.020704544864470265,False,-0.05318415904409446,-0.0352302086742855,0.05617159825969931,-0.005398409488935774,False,94.02517610740662,False,False,0.6878332873207036,1.273097294090891,-0.0016278671689028412,False,2.2527520131692316
USB,297,0.44881267094677335,U.S. Bancorp,Financials,SP500,57.36000061035156,-0.006925168331116782,-0.008600173837719827,-0.054112836916056284,-0.06208079541662381,0.10698115517523554,0.47953216374269003,0.4600389863547758,0.6413255360623782,-0.2865497076023392,-0.11498385890764173,0.3155151308150419,False,-0.043723052883522295,False,-0.07019621295136858,0.013803321130205104,0.07549572708687746,-0.016579072096772562,False,439.9449513943787,False,True,0.9634432698886916,1.1401660393189945,-0.007790806117015214,False,1.5645574951845336
TKO,298,0.4463422635736983,TKO Group Holdings,Communication Services,SP500,176.0399932861328,-0.020476340471704768,-0.04874097261135557,-0.03022535807488136,-0.09083002083052749,-0.11747069539697708,0.6393762183235867,0.35477582846003897,0.19298245614035087,0.19298245614035087,-0.20801740349971531,0.013279393445901455,False,-0.05933748109948833,False,-0.061944324749817925,-0.09853749512986143,0.06603480623183389,-0.03340504194029714,False,211.6756916168213,False,False,0.8287177780973771,0.94088707544809,0.000556455056957228,False,1.1766943316772784
REG,299,0.4428504671114621,Regency Centers,Real Estate,SP500,71.80000305175781,-0.0011128854301166724,-0.015359231285121955,-0.046448762644017205,-0.10416130821232827,-0.038074720500583026,0.5282651072124757,0.30214424951267055,0.32748538011695905,-0.0935672514619883,-0.12279754930609343,0.11248841080328864,False,-0.02412691355494534,False,-0.05016136912524294,-0.04210272514979008,0.05281041167913614,-0.012479728324953587,False,100.0256015307312,False,False,0.5461851892781014,0.8274964236786533,-0.003617063394136033,False,0.8456151021501228
SPG,300,0.4427140911639831,Simon Property Group,Real Estate,SP500,200.80999755859375,0.0002490688041740796,-0.019003416940118534,-0.04202890986625596,-0.10216163566246184,0.09092470535513941,0.5633528265107213,0.30994152046783624,0.6081871345029239,-0.23001949317738796,-0.14252078592920003,0.2120750276671337,False,-0.019707341804877876,False,-0.061241243782913624,0.00440432821745862,0.0652364021931442,-0.012606290575209012,False,271.99605155047607,False,True,0.6498443146008316,0.8867391355682721,-0.00513049814444877,False,0.8977098563978939
MS,301,0.4410121574865627,Morgan Stanley,Financials,SP500,188.00999450683594,-0.00037222098860689723,-0.04232891456477472,-0.10912622968136798,-0.11632331688177622,0.14377376688368315,0.1695906432748538,0.26705653021442494,0.7076023391812866,-0.07407407407407407,-0.1728508504789762,0.26611403883294615,False,-0.07718135910124602,False,-0.10385510393800224,-0.02291506284710021,0.11589097298258477,-0.03430875473864581,False,1013.2405343969422,False,False,0.8079208596252382,1.234265545889476,-0.010740133202866708,False,2.010740299342754
GLW,302,0.4404857272557345,Corning Inc.,Information Technology,SP500,160.4199981689453,0.043314281347826666,0.04067469685838199,0.10208849175316748,-0.18328129770310408,0.1305547224516619,0.9200779727095516,0.09941520467836257,0.6744639376218323,0.06432748538011696,-0.371418248382132,1.066754376351215,False,0.03429376444312293,True,0.05104167072805832,0.07152894382571695,-0.048562937274125084,0.029451166348670954,False,1571.742946634613,True,True,0.7875311761425758,0.6596954334764992,0.0008455052514113603,False,0.7445404088590798
FDX,303,0.43831744505861303,FedEx,Industrials,SP500,287.07000732421875,0.0069452138333938596,0.026937105777782744,-0.11291262575395788,-0.07924294934025877,-0.000876477249722285,0.1539961013645224,0.40350877192982454,0.40350877192982454,0.05458089668615984,-0.15073826746709973,0.6128660855517498,False,-0.04572646051517992,False,-0.08269779828553547,-0.03226868313421116,0.09015327569362719,-0.01119330349015879,False,488.10250294848635,False,False,0.9276447044658905,1.0954790443658082,0.008769160728589576,False,1.1209045105136028
IDXX,304,0.43807120541078715,Idexx Laboratories,Health Care,SP500,517.75,-0.00850265692688068,0.008492540227039935,-0.05027877044315654,-0.0717999079767524,-0.08307649802640449,0.5087719298245614,0.43079922027290446,0.2378167641325536,0.08771929824561403,-0.3246856511893489,0.025856919907534248,False,-0.0002133859398525395,False,-0.0486314338664916,-0.12076203817138986,0.051117343580245,-0.0069509341645179745,False,299.2501110996704,False,False,0.6726278439821917,0.8031283395060824,-0.0011681291267749971,False,0.5827281063064899
SCHW,305,0.43766264977512276,Charles Schwab Corporation,Financials,SP500,98.37000274658203,0.006445722289564637,-0.01125736396859811,-0.09152194444436612,0.017080909721828963,0.07201016940077265,0.23976608187134502,0.672514619883041,0.5828460038986355,-0.2436647173489278,-0.1344478537100372,0.15590916967898694,False,-0.05256768056559513,False,-0.07480243150350363,0.005264899577601012,0.0808502249147307,-0.016316245206785873,False,832.0573625084076,False,True,1.1860327076344983,0.9848636757518924,-0.003683247577448645,False,0.8480927884292918
STE,306,0.43317979118267513,Steris,Health Care,SP500,209.33999633789062,-0.003190315634828078,0.002730239276547586,-0.08565756010172909,-0.0376776668759754,-0.0424499501239155,0.26900584795321636,0.5594541910331384,0.3216374269005848,-0.10331384015594536,-0.21407349357421024,0.053052829466584184,False,-0.01227461699685839,False,-0.06371374889211323,-0.07870041075970402,0.06804943340428449,-0.0033636870929429907,False,151.97606372070314,False,False,0.6009542127459331,0.747460834606227,0.00014284453160118282,False,0.8565502106535541
WTW,307,0.4322493829703634,Willis Towers Watson,Financials,SP500,291.6000061035156,0.011692034100319049,-0.0035986681069681836,-0.12526287477621545,0.022197329469548333,0.021244002222226444,0.11500974658869395,0.6861598440545809,0.47173489278752434,-0.2748538011695907,-0.16586362104697105,0.21277997582347163,False,-0.053780130035221196,False,-0.09571120979050318,-0.01782018629766602,0.10584142015995757,-0.01249951237066338,False,176.16016781677246,False,False,0.8179685286144002,1.100240571530787,0.008673628368693898,False,0.8819407440930226
INVH,308,0.43182690363656484,Invitation Homes,Real Estate,SP500,26.399999618530273,0.0026585527925200303,-0.00377359930074439,-0.08350806856644322,-0.12553530246425348,0.0853274753744604,0.2807017543859649,0.23391812865497075,0.6003898635477583,-0.1949317738791423,-0.12725045299898663,0.11928784222647759,False,-0.023397909743745893,False,-0.07526759476592326,-0.03148414858774096,0.08139391930022266,-0.007870113244542565,False,128.98827686663054,False,False,0.6119067177422105,1.051146229807237,-0.0034181600018486913,False,1.0042149464427488
DHI,309,0.4318206093620658,D. R. Horton,Consumer Discretionary,SP500,137.05999755859375,0.003000392831484122,-0.02344145637225925,-0.030487357342136256,-0.13307401888937986,-0.002644406396496657,0.6354775828460039,0.20662768031189083,0.39571150097465885,-0.05458089668615984,-0.20717275686954495,0.04040154953550412,False,-0.01829683063603782,False,-0.04955497823774391,-0.0738032812389775,0.05213871092287081,-0.013866440260397406,False,351.21082035946654,False,False,0.7115844663773715,1.2862074140777429,-0.010318247100606581,False,1.6481912340171492
AWK,310,0.4306178307259778,American Water Works,Utilities,SP500,127.86000061035156,-0.012435317796954726,-0.027902366023004777,-0.06943226863110441,-0.05954651811135181,-0.05233425414677051,0.35477582846003897,0.47173489278752434,0.3001949317738791,-0.24171539961013644,-0.09682896534002916,0.06258126823978216,False,-0.05569382494497077,False,-0.05748118143410408,-0.02123652999548986,0.06098677321007284,-0.02441536197595351,False,293.16749237585447,False,False,0.5295093801187399,0.8044870073468541,-0.0031667850331634773,False,1.1287075960367856
GS,311,0.4296694933681235,Goldman Sachs,Financials,SP500,896.6699829101562,-0.004098363434005159,-0.02883167341863979,-0.1056196286569362,-0.11747158688149895,0.05210667104380784,0.18323586744639375,0.2651072124756335,0.5380116959064327,0.029239766081871343,-0.21787604240312786,0.22791567516785483,False,-0.0718134466360103,False,-0.10725308074337314,-0.05813248787551073,0.12013828155540507,-0.029644548741815102,False,2002.0014320152588,False,False,0.7767472391837651,1.001872481701654,-0.004742501405619937,False,1.3013340967880465
CIEN,312,0.42741919486692376,Ciena,Information Technology,SP500,379.1400146484375,0.07765336466223793,0.05777982422187966,0.052202227894234454,-0.10254219969430411,-0.08726738419718616,0.8518518518518519,0.3079922027290448,0.23391812865497075,0.30214424951267055,-0.39531098142194976,1.5034006093642116,False,0.09495600406480942,True,0.012965481343403251,-0.028961565261001576,-0.012799529285250855,0.05919268795725019,False,873.504175425415,True,False,0.9598030796984564,0.9196295986756186,0.009578747788729025,False,1.089830823984013
RSG,313,0.4269963340619433,Republic Services,Industrials,SP500,206.97999572753906,-0.013770426725529417,-0.026983854175558375,-0.07304401472973066,-0.047667253082332994,-0.05654239265790417,0.33528265107212474,0.50682261208577,0.290448343079922,-0.18323586744639375,-0.10374168841298614,0.04983695944929356,False,-0.048120568176537204,False,-0.0459667428075452,-0.03511170627448257,0.048181488916662074,-0.02455265161103648,False,327.98476326593016,False,False,0.6352254429505333,0.7557902376487291,0.002763624360551553,False,0.991793931474604
ARE,314,0.42605162068031577,Alexandria Real Estate Equities,Real Estate,SP500,47.029998779296875,-0.009060267877595951,-0.05429588313021838,-0.07536041320450837,-0.09206656501789856,0.11724580041600952,0.3235867446393762,0.3489278752436647,0.6530214424951267,-0.001949317738791423,-0.4050674765981719,0.1968713631168939,False,-0.07095608898381278,False,-0.06479465206357382,-0.036452520596688354,0.06928387675128911,-0.03979889518406188,False,100.29950053913879,False,False,0.8706072496235944,0.968285943703978,-0.005689011019218593,False,1.6449428787937908
TFC,315,0.42516565386067917,Truist Financial,Financials,SP500,46.279998779296875,-0.00043197533678707156,-0.01907591182826196,-0.06391585629423913,-0.08319629543117235,0.011184771647475333,0.40350877192982454,0.391812865497076,0.4346978557504873,-0.10721247563352826,-0.1451552056013221,0.1745565530144424,False,-0.051367221715309164,False,-0.08026497158956858,-0.05653243363515126,0.08726966910055567,-0.019393669905524602,False,343.46793576589965,False,False,0.8656851272463306,1.1009182073442,-0.007775391280425814,False,1.2991420129961089
ABT,316,0.42261838004447955,Abbott Laboratories,Health Care,SP500,96.69000244140625,-0.02165333754932708,-0.043336274528971486,-0.11236571953987184,0.02075079681268477,-0.042874020026661075,0.15789473684210525,0.682261208576998,0.3157894736842105,-0.25536062378167645,-0.2649909722774799,0.1795012783082217,False,-0.05919325482644189,False,-0.0955368734222034,-0.06387597529509748,0.10562826788051027,-0.03782866257996842,False,908.440177286911,False,False,0.5364233656219012,0.9168110060405471,0.002731929961186763,False,1.0364007414640992
CL,317,0.42206353021061027,Colgate-Palmolive,Consumer Staples,SP500,84.52999877929688,-0.009259270022890842,-0.009259270022890842,-0.056900576039308204,-0.10633237950850005,0.001556457799274602,0.4619883040935672,0.29434697855750486,0.41130604288499023,-0.15009746588693956,-0.13715006908552452,0.14786290810096125,False,-0.028703418464593566,False,-0.058188854977559656,-0.03718880357909582,0.06178399489652797,-0.016693783484470037,False,430.02858336024474,False,False,0.6144208187094098,0.9245550952506442,-0.006211893825510906,False,1.0464617935970801
ED,318,0.4219540479814453,Consolidated Edison,Utilities,SP500,103.5,0.012621083329246607,0.007691567739939398,-0.03899718725396617,-0.08457878227493709,-0.07626260218957726,0.5828460038986355,0.38011695906432746,0.24951267056530213,-0.14424951267056535,-0.08866337157454007,0.11260859167169412,False,-0.015190797403834555,False,-0.031926982676608096,-0.028267564137833157,0.03297993240725017,0.0002283498810351503,False,241.56655921606446,False,False,0.8479085152050062,1.1802328309527583,0.004500529190813118,False,1.54806405422519
AMCR,319,0.4176806170677836,Amcor,Materials,SP500,41.810001373291016,-0.001194439472802622,-0.006888292430897391,-0.07440591002477426,-0.05753955645656772,0.059390790230157364,0.3313840155945419,0.4834307992202729,0.5536062378167641,-0.3801169590643275,-0.13635735044989195,0.17517596157516446,False,-0.022971019626551792,False,-0.06236808638879476,0.0017157816749711063,0.06651659940689258,-0.012371749057493275,False,162.1537556804123,False,True,0.6580755251860249,0.74453799001997,-0.005255643036200075,False,0.830475265284999
KIM,320,0.41570917400045015,Kimco Realty,Real Estate,SP500,22.209999084472656,0.0,-0.0017977939562850986,-0.0682810629295606,-0.11243828784444987,0.011985812219001746,0.36062378167641324,0.2787524366471735,0.4405458089668616,-0.18128654970760233,-0.14810226106586089,0.1711278119869153,False,-0.0264536719471119,False,-0.06460786608724567,-0.026310505734912115,0.06907035428766162,-0.009131608115508172,False,118.99943469752884,False,False,0.5532340235455305,0.9618171259323461,-0.0036019778029610094,False,1.2105109905312161
DG,321,0.41445642263955174,Dollar General,Consumer Staples,SP500,118.93000030517578,-0.005435704264307062,-0.029380547702489324,-0.09276067108409924,0.011564496772328736,0.025035607055917897,0.23391812865497075,0.6647173489278753,0.49122807017543857,-0.253411306042885,-0.2312889560685909,0.25719872892896345,False,-0.043490497193720556,False,-0.042491692817487214,-0.05746105513495392,0.04437736205393339,-0.02466869647562997,False,295.2754786973724,False,False,0.8864338934136999,1.0197550924191463,0.0036795016330017916,False,0.7855008563050249
EXPE,322,0.4139721449743079,Expedia Group,Consumer Discretionary,SP500,262.6700134277344,-0.0026198813874744875,0.003514855502328107,-0.1366071592472231,-0.020995682320718467,0.15784759775610446,0.08382066276803118,0.6042884990253411,0.723196881091618,-0.3664717348927875,-0.22434264863654363,0.4014060347998334,False,-0.05192447137330314,False,-0.11752220118083712,0.012595152869892434,0.13317298331821226,-0.01965801070273332,False,562.6624915552978,False,True,0.933191610656847,1.087020981960321,0.004898270871331656,False,0.7535220329089214
COF,323,0.41367364377458105,Capital One,Financials,SP500,194.47999572753906,0.007302990365316342,-0.010833654830375683,-0.0797766674671262,-0.04852390067067602,0.062355217954907394,0.2962962962962963,0.5048732943469786,0.5594541910331384,-0.27680311890838205,-0.23720823925444934,0.11302969036052701,False,-0.046753140005802996,False,-0.07802013273651986,-0.049517181483825445,0.08462238223063445,-0.01598614533612419,False,726.4334879725646,False,False,0.7149389626927635,0.9508292811509355,-0.0056974468420069035,False,1.056540345403296
GEHC,324,0.41286492486925075,GE HealthCare,Health Care,SP500,63.97999954223633,-0.021263624689359273,-0.03615543553006195,-0.09145127512299445,-0.023623267004188153,-0.11020721085587148,0.24171539961013644,0.6023391812865497,0.2046783625730994,-0.15399610136452235,-0.27322227985493885,0.0761729145474852,False,-0.02458359780709163,False,-0.06831394152409132,-0.10304726078571336,0.07332291913420086,-0.02426328018735957,False,261.4775116274719,False,False,0.5231584231298153,0.9181050693695547,0.0,False,0.860549790642636
ECHO,325,0.4110479776305299,EchoStar,Communication Services,SP500,88.25,-0.01297398070235145,-0.02356713120322007,0.02568571665454078,-0.13054187192118227,-0.2682421134612444,0.8070175438596491,0.21442495126705652,0.05458089668615984,0.18518518518518517,-0.37764458321070526,0.3185417540357536,False,-0.039251868742968044,False,-0.013541035507818155,-0.188698593196721,0.013726912112141498,-0.023607143668475716,False,331.2266687825775,False,False,0.566417131285106,0.8619706579019056,0.0,False,1.0615900119540072
SHW,326,0.41076587969161865,Sherwin-Williams,Materials,SP500,320.7799987792969,-0.007702509725608042,0.0011860327404853432,-0.02779212937861797,-0.08783070665591752,-0.010269961837559682,0.645224171539961,0.37037037037037035,0.3742690058479532,-0.36452241715399614,-0.1329364203742457,0.09734275934440806,False,-0.012559261907865271,False,-0.0523057181773291,-0.03369356833625847,0.05519260713141705,-0.014057895531832787,False,616.4916037720337,False,False,0.6364460018198621,0.9402616385937227,-0.008135535170643804,False,0.8817603341704213
DUK,327,0.4103775420285875,Duke Energy,Utilities,SP500,113.73999786376953,-0.0023682507446873835,0.004504058038647951,-0.055237158896860095,-0.114660403226295,-0.11587830396704368,0.47173489278752434,0.2729044834307992,0.1968810916179337,-0.10916179337231968,-0.1328374200565966,0.023835140069434546,False,-0.028639522254283234,False,-0.058599194942316246,-0.07045711488252304,0.06224680776507907,-0.00795893227510347,False,508.17724688478086,False,False,0.5973714578966394,1.0631216301166675,-0.004034725689444407,False,1.1523674727216149
ADSK,328,0.40882075813582663,Autodesk,Information Technology,SP500,211.30999755859375,0.011052619897577776,-0.00018929994684868667,-0.14687716308379695,0.018459619770207603,-0.11165762014460412,0.06237816764132553,0.6764132553606238,0.20272904483430798,0.15009746588693962,-0.34665923895802986,0.1256658650356377,False,-0.02095148503288935,False,-0.09416392175583066,-0.11725315475614617,0.10395249650284821,-0.0016491808510006312,False,502.4780562093201,False,False,1.089736258350245,0.9281666000325767,0.02354066109543207,False,1.0856432240776173
CCEP,329,0.40800269318654325,Coca-Cola Europacific Partners,Consumer Staples,NDX,100.79000091552734,-0.009045307022185978,0.004785199567502785,-0.06328994103314622,-0.05459149856021206,0.10149920489761732,0.4093567251461988,0.49317738791423,0.6296296296296297,-0.3489278752436647,-0.0977530951431469,0.20047858311917222,False,-0.01851184080303392,False,-0.0478088840424693,0.0261484391921194,0.050209336383476355,-0.008544796123438836,False,193.48551699269103,False,True,1.0434803207227896,0.7929228384298095,-0.005604165764968916,False,0.8026884782459552
AEP,330,0.407555608961521,American Electric Power,Utilities,SP500,119.75,0.00935604025676029,0.018542147748867865,-0.0261060434968563,-0.1288591836229519,-0.07694982120461613,0.6549707602339181,0.2222222222222222,0.24561403508771928,-0.08576998050682261,-0.12998986421057523,0.08817997157092772,False,-0.011049815882922087,False,-0.03367589400022719,-0.04677218055090582,0.03484948144327382,0.003406825634617805,False,473.4280264001465,False,False,0.6804658842123915,0.9626586755521841,-0.0033715570459941224,False,1.0885360539108564
FITB,331,0.40742991420713126,Fifth Third Bancorp,Financials,SP500,50.40999984741211,-0.0033610513540590636,-0.012265102676471518,-0.04114623792950467,-0.11076209909385704,0.09332452695501359,0.5730994152046783,0.2826510721247563,0.6159844054580896,-0.2826510721247563,-0.14386323558365743,0.2906404369082711,False,-0.04188646067165047,False,-0.07574826269290003,-0.008367971388093864,0.08195631085704003,-0.016788912681104273,False,307.1455341078873,False,False,0.9007438078894816,1.3095709337668764,-0.005338087148860082,False,1.7793421693690108
TAP,332,0.406901958091576,Molson Coors Beverage Company,Consumer Staples,SP500,37.11000061035156,0.017548652816746335,0.020907900086200693,-0.0666498446441447,-0.0562452991321154,-0.11440424343240496,0.37816764132553604,0.4873294346978557,0.19883040935672514,0.009746588693957114,-0.29416652397384513,0.032267032622929515,False,-0.02219878898225569,False,-0.07223532915686803,-0.12533600561696,0.07785953855218719,0.006745063097337578,False,154.69271475403596,False,False,0.7526384192356111,0.8754098676899631,-0.003290450851806126,False,0.8029532974056387
RDDT,333,0.4062622309197652,Reddit,Communication Services,SP500,149.52999877929688,0.0497753174415112,-0.020887915242982613,0.033808071144104224,-0.23187959014862403,0.09803206654078367,0.8226120857699805,0.04093567251461988,0.6237816764132553,-0.0682261208576998,-0.42250800212808637,0.2272652927911738,False,-0.020124395811289886,False,-0.046005839435312446,-0.11470421838295353,0.04822444553337801,0.0046900607320146115,False,1001.9199328667603,False,False,0.5404737542740211,0.6665612191825535,0.011934828131876074,False,0.6351286733280643
MNST,334,0.40360890811503647,Monster Beverage,Consumer Staples,SP500,42.13999938964844,0.012494004591751873,-0.012420876541836878,-0.06334745904627148,-0.13647540884292175,0.1581696120268703,0.4074074074074074,0.19883040935672514,0.7251461988304093,-0.23196881091617932,-0.15669404922509045,0.2709998775799114,False,-0.02939010458518454,False,-0.0750861644250379,-0.005413714179934859,0.08118179395420255,-0.01170556820990154,False,473.51050760865786,False,False,0.8090058585823848,1.0878787482307959,-0.00048054921376627924,False,0.9698348902554749
UNH,335,0.4032159927978241,UnitedHealth Group,Health Care,SP500,365.20001220703125,-0.005121429753741857,-0.026159295227145662,-0.07280146376027241,-0.1361464057768137,0.34881163675907145,0.33723196881091616,0.20272904483430798,0.8947368421052632,-0.34113060428849906,-0.15790363295893062,0.4267139167053542,False,-0.03770787853588875,False,-0.07073749131819185,0.03641361839073265,0.07612218362121981,-0.020373661438389146,False,1800.479390340088,False,True,0.769663766772157,0.9054591668792086,0.002479033713079337,False,0.8579425489604411
GNRC,336,0.40075931838729245,Generac,Industrials,SP500,207.91000366210938,0.004638834153292137,0.0497854100399826,0.1460148041038758,-0.17711548860675896,0.04451143167301419,0.9512670565302144,0.10916179337231968,0.5282651072124757,0.0935672514619883,-0.29650809484054275,0.524602266674902,False,0.06442018970880548,True,0.03604610960902632,-0.020651283704467227,-0.03479199359440577,0.01664376399074663,False,259.46940448324585,True,False,1.315421442518208,0.808008342410715,-0.004590466113801317,False,0.7676218462229543
EW,337,0.4006782557611685,Edwards Lifesciences,Health Care,SP500,85.19000244140625,-0.013090793065488437,-0.0062988556442611365,-0.06116371559425915,-0.09727667731267786,0.04836328084987285,0.43859649122807015,0.3313840155945419,0.5360623781676414,-0.1539961013645224,-0.10495900222461219,0.17260840539776767,False,-0.022574048511779576,False,-0.03690268569450539,0.0008206330620481594,0.03831667386708104,-0.017584292273729596,False,318.20736984785464,False,True,1.181044293026377,1.00354918850864,-0.003823005470590557,False,0.8442891762275406
NVR,338,0.40001392369813427,"NVR, Inc.",Consumer Discretionary,SP500,6126.3798828125,-0.0045512639407003785,-0.01749827959973327,-0.02381201908148356,-0.09249438252959108,-0.08070149010192584,0.6666666666666666,0.34502923976608185,0.23976608187134502,-0.06627680311890838,-0.2508706428451333,0.10114992644564014,False,-0.015431367514917138,False,-0.02555777382112323,-0.08539077508625148,0.02622810581735968,-0.01337666660137904,False,229.27658539941407,False,False,0.7157265064466121,0.9257536794878809,-0.003964633668277484,False,1.3496391780972843
OMC,339,0.39854907436017745,Omnicom Group,Communication Services,SP500,74.69999694824219,0.014532116457121713,0.0,-0.1233811308105307,-0.04009010983042449,0.01415958939241646,0.1189083820662768,0.5516569200779727,0.4522417153996101,-0.23586744639376211,-0.1514715624342441,0.145175814257261,False,-0.03445706442474994,False,-0.08039201035014065,-0.028052472798383854,0.08741986939538227,-0.00785963511705079,False,238.9238941840515,False,False,0.7737907225153532,0.8868508730380864,0.023631747359372568,False,1.0304787191910794
SYY,340,0.3984806002830516,Sysco,Consumer Staples,SP500,77.7699966430664,-0.0024371785997633344,-0.00537160487563082,-0.05285597290250188,-0.08322533343862015,0.09291447032380007,0.48927875243664715,0.3898635477582846,0.6120857699805068,-0.31384015594541914,-0.13475607194104766,0.13817651140887666,False,-0.02283653820229703,False,-0.05030911262998683,-0.01840049757727169,0.05297419749841792,-0.008467041939593356,False,311.5262824286652,False,False,1.2524499778168805,1.1768966965468581,0.0015392861466301255,False,1.22597276120743
ACGL,341,0.39842357034137854,Arch Capital Group,Financials,SP500,94.26000213623047,0.020571692435285227,-0.007998258615928844,-0.04411315735925925,-0.0776907539051378,-0.012880885485973437,0.543859649122807,0.4093567251461988,0.3723196881091618,-0.32163742690058483,-0.11476334368379226,0.11260624147861842,False,-0.018027802166879936,False,-0.04143995238221254,-0.021984063020679123,0.04323146211361406,-0.0048533203189708995,False,290.5266537127228,False,False,0.9081187504909906,1.4218524874811505,0.0023819967437124223,False,1.3971190030710339
LIN,342,0.39788893848014256,Linde plc,Materials,SP500,469.45001220703125,-0.01095540241508397,0.0027983028957212497,-0.032385617177926096,-0.13837999102249166,-0.04322253254536801,0.6198830409356725,0.18908382066276802,0.3138401559454191,-0.1442495126705653,-0.13837999102249166,0.21750584655264715,False,0.004102414250716446,True,-0.022232002837197506,-0.028360119700426734,0.022737503069959697,-0.0007901364150123547,False,998.2350128469238,False,False,0.6252400677904977,0.9758156770198506,-0.005583048415802372,False,1.0248442709564731
ZBH,343,0.3978767314023262,Zimmer Biomet,Health Care,SP500,88.05999755859375,-0.008668290629166076,-0.015587176040445017,-0.1117506382017256,0.009397412779631242,-0.02750072776095236,0.16374269005847952,0.6627680311890838,0.3469785575048733,-0.19883040935672514,-0.14403780229024876,0.11242271870553333,False,-0.057372180398181705,False,-0.08143157549569047,-0.030869060990622477,0.08865052762904813,-0.030498895600826192,False,206.32106162092592,False,False,0.9147170232072447,0.9048281925415781,-0.001688635852605258,False,1.076816099246449
CF,344,0.39744109131275673,CF Industries,Materials,SP500,114.54000091552734,-0.005729132380197677,-0.03292807704734968,-0.15530976578209954,0.041524846976259244,-0.09673233177008667,0.05263157894736842,0.7348927875243665,0.22417153996101363,-0.13840155945419097,-0.17756877000271387,0.5273667261247896,False,-0.09477444241361599,False,-0.07967174856228365,0.026985196665612277,0.08656883936554394,-0.03269301340578845,False,313.98282837612913,False,True,0.8905449166211536,0.97800561998997,-0.007552041147868893,False,0.9891166809391736
CHRW,345,0.3963010646860683,C.H. Robinson,Industrials,SP500,153.13999938964844,0.03500941092682286,0.04746923793618918,0.04003599229914845,-0.18988398584986566,-0.08411129067775347,0.8284600389863548,0.09161793372319688,0.23586744639376217,0.015594541910331383,-0.26558809507519054,0.2498984071309165,False,0.014477859404221416,True,0.00817741943552619,-0.10500835877165726,-0.00811109163712942,0.02056626464168332,False,269.7061988208618,True,False,0.49365114044677266,0.652678925602878,0.0014867934031626007,False,0.8493520401231643
KKR,346,0.3957557516317429,KKR & Co.,Financials,SP500,91.23999786376953,-0.0006572309527116404,-0.04600587153867275,-0.14256183888979224,-0.025859068411131614,0.002547738556134549,0.07017543859649122,0.6003898635477583,0.4152046783625731,-0.1364522417153996,-0.35729062652159005,0.09194999075509203,False,-0.07983382006732886,False,-0.11753860283117157,-0.11315705626730188,0.1331940447573874,-0.03612850317318783,False,448.62439212756345,False,False,0.8276959398112432,1.1315438958762953,0.008543250309145156,False,1.533885004053264
PDD,347,0.3955386945293218,PDD Holdings,Consumer Discretionary,NDX,76.5,-0.018475781322804252,-0.021739092258115544,-0.0801971662353097,-0.07148925152666608,-0.24837884734224513,0.29434697855750486,0.43664717348927873,0.06042884990253411,0.20857699805068225,-0.44617391373509696,0.043656163915609225,False,-0.029033788730519317,False,-0.08852397863425554,-0.19200838183260138,0.09712156607434652,-0.019508370200111647,False,533.0104919872741,False,False,0.6380894020409188,0.7582309684309975,0.005132074466960512,False,0.7926179905279171
TXT,348,0.3941827552137574,Textron,Industrials,SP500,77.16999816894531,0.012729675322191714,0.01512761874061197,-0.03162092117746962,-0.16551899836136952,-0.13163923234729125,0.6237816764132553,0.14035087719298245,0.17348927875243664,0.001949317738791423,-0.23367229869762962,0.01512761874061197,False,-0.020473810149480798,False,-0.0753596156515981,-0.13892729484884447,0.08150154041206448,-0.004163106954740647,False,149.04989244206237,False,False,0.5808120692134243,0.993627437267463,-0.0026246319718100652,False,0.7461010745202834
PPL,349,0.3939475782302026,PPL Corporation,Utilities,SP500,32.7599983215332,-0.003952601718689941,0.024710635756839405,-0.04170353708269292,-0.10456815499064143,-0.1321883688196679,0.5692007797270955,0.3001949317738791,0.17153996101364521,-0.06432748538011696,-0.1635787742495417,0.024710635756839405,False,-0.017509127918720946,False,-0.04530576902536243,-0.07940082809451154,0.0474557900901007,0.0017949097307792261,False,268.2711076476326,False,False,0.7827328969725507,1.193244085792334,-0.005168688723017012,False,1.2979503968398272
EQT,350,0.3918214485986656,EQT Corporation,Energy,SP500,50.09000015258789,0.031507387479984716,-0.034316537805106795,-0.09893865776044541,-0.044913277471286706,-0.17517263793886273,0.2046783625730994,0.5185185185185185,0.11306042884990253,0.08187134502923976,-0.25822607542249754,0.031507387479984716,False,-0.035553027742294296,False,-0.05225728287991527,-0.09383701666035416,0.05513868050467319,-0.0024985869236704428,False,364.0190343498077,False,False,0.9475119527602289,1.0683229849549387,-0.003706760710158963,False,1.1878597460435845
MTB,351,0.3905767081325841,M&T Bank,Financials,SP500,217.35000610351562,-0.0011488970265978171,-0.005991025046437226,-0.06322729893461398,-0.08425726750353268,0.05407976618251187,0.41130604288499023,0.3820662768031189,0.5458089668615984,-0.21052631578947367,-0.13907424060929552,0.2516265631547605,False,-0.04895463811905243,False,-0.08786587264389534,-0.018055552685128817,0.09632999140003862,-0.015787862119861162,False,242.02010950567626,False,False,0.9562723347734721,0.9309554010060986,-0.009650763072665658,False,1.0641944836232566
LMT,352,0.3887124584673251,Lockheed Martin,Industrials,SP500,505.5,-0.007363770250368162,-0.03475274352263402,-0.07162534435261703,-0.06829574336608424,-0.17110877764117682,0.34307992202729043,0.442495126705653,0.12280701754385964,-0.1325536062378168,-0.24345149531863397,0.17182645827246357,False,-0.03855756888975037,False,-0.0898680347815689,-0.09211376188438403,0.09874176297060466,-0.022727103930770598,False,656.4065663343506,False,False,0.492047841842506,0.9658912371395266,-0.002454590083456054,False,0.7525197551156371
PNW,353,0.3877738486246057,Pinnacle West Capital,Utilities,SP500,94.62999725341797,0.01708938437494445,0.03897667271623706,-0.031026073060316794,-0.12690462990311535,-0.051146116932622276,0.631578947368421,0.22807017543859648,0.30409356725146197,-0.13450292397660818,-0.12690462990311535,0.12401330980549652,False,0.00018493999163160524,True,-0.034186944513709516,-0.03218743487691755,0.035397061905004135,0.01412463521926366,False,115.41401102052308,False,False,0.8801629825972107,1.4487338581126619,-0.00580396507108405,False,1.7657100547092457
MAS,354,0.38653025257206947,Masco,Industrials,SP500,68.27999877929688,0.013056338775898846,0.014410953140486127,-0.028042722002891485,-0.17144578867618,0.13540629398708615,0.6432748538011696,0.12280701754385964,0.6881091617933723,-0.32748538011695905,-0.17144578867618,0.17590121458341001,False,-0.008912252250239061,False,-0.05454944511273396,-0.01900118877294188,0.057696772010714215,-0.00012094390294825619,False,178.89441660873413,False,False,0.6443380370637565,0.8148167922135073,-0.0035607990851065363,False,0.7964626163602372
SBUX,355,0.386119980316087,Starbucks,Consumer Discretionary,SP500,94.87999725341797,0.009791381203805738,0.013133963774674129,-0.10617055214750382,-0.08482747871484908,0.061421496648990104,0.1793372319688109,0.37816764132553604,0.557504873294347,-0.3313840155945419,-0.1254493582665711,0.24013809326979785,False,-0.02586771639005825,False,-0.07233296369508546,-0.03020478304206209,0.0779729804598881,-0.0037391908554391673,False,718.6888423333435,False,False,0.7422791563337636,0.9229866220413038,0.0008514456346766508,False,0.7293937030885882
INTU,356,0.38606924464891307,Intuit,Information Technology,SP500,282.7799987792969,0.02564291300038235,0.020387521368801398,-0.1801814722296492,0.03153298976118779,-0.330992176996704,0.031189083820662766,0.7192982456140351,0.025341130604288498,0.12475633528265107,-0.5823247324253273,0.11354770396622582,False,-0.0696786904660327,False,-0.12555484180798449,-0.28147157869135786,0.14358229402010658,-0.003850376734904848,False,1264.4898704973755,False,False,0.9187617066843369,0.9855946659668345,0.0327881064346367,True,1.2008570535038137
WFC,357,0.38519090725291155,Wells Fargo,Financials,SP500,80.25,0.002498400257559874,-0.023485036481001642,-0.07801011999203755,-0.05612524494150972,0.007473781423070092,0.30994152046783624,0.48927875243664715,0.4269005847953216,-0.18908382066276802,-0.15373882157408747,0.09930174119484492,False,-0.06323869195696086,False,-0.06879348539589658,-0.04580434868568728,0.07387564875997854,-0.02240752853644168,False,1136.9147653591308,False,False,1.0616811918963234,1.0715432345185574,-0.0087445915171811,False,1.3284907107198585
AEE,358,0.38470739253003133,Ameren,Utilities,SP500,99.63999938964844,0.0026162421354014587,0.004435508618370498,-0.05413451771594735,-0.127570208144424,-0.08787612672669542,0.4775828460038986,0.22612085769980506,0.23196881091617932,-0.15009746588693956,-0.15190275542992704,0.04617629781995847,False,-0.02830554447034328,False,-0.058454791153276675,-0.06442858275227892,0.06208389209996246,-0.007008799537944532,False,169.87139146681213,False,False,0.6462302299029711,1.5213404282212633,-0.005634912196322173,False,1.4469905193261827
VTR,359,0.3842999813079121,Ventas,Real Estate,SP500,83.7300033569336,-0.015172822124993712,-0.029897670692046074,-0.08510924218431848,-0.08955906244981016,0.03313447583199802,0.27485380116959063,0.36062378167641324,0.5107212475633528,-0.42300194931773877,-0.16210097397813228,0.2719478966137898,False,-0.04279325079457397,False,-0.07438954110370066,-0.013145106103267468,0.08036808615192514,-0.024749071731974603,False,313.8139689841919,False,False,0.4293904633576061,0.7449850967332408,-0.0037638168367337688,False,0.8898457846753749
PPG,360,0.3827100094223382,PPG Industries,Materials,SP500,104.66999816894531,0.0032588549019791913,-0.015519201755220036,-0.04585231466934403,-0.15965057826560258,-0.004342433247471633,0.5360623781676414,0.15594541910331383,0.3898635477582846,-0.13840155945419103,-0.1895947922570017,0.13157622768003518,False,-0.01790700226997366,False,-0.05802873200819225,-0.05623432013424534,0.06160350530850467,-0.011157972389867932,False,191.2433952179413,False,False,0.6279094025752648,1.0057466601449763,-0.008626488163359869,False,1.0757678078400024
CINF,361,0.38266366067375446,Cincinnati Financial,Financials,SP500,162.14999389648438,0.0174436773826383,-0.001108901204582402,-0.04293458001666339,-0.15078697548519637,0.04001071067962614,0.5555555555555556,0.16569200779727095,0.52046783625731,-0.4444444444444445,-0.15078697548519637,0.0951727902070898,False,-0.025858481840478453,False,-0.05037302662632481,-0.02117177052883934,0.053045067209251506,-0.004176571424951536,False,107.85513585818481,False,False,0.6287252420968039,1.1947469570787956,0.003011928223848992,False,1.0340874715407027
IBM,362,0.38155243512128884,IBM,Information Technology,SP500,225.6199951171875,0.0258718802841702,-0.006341946872586601,-0.02497838777767003,-0.21511991023652088,-0.05852206583734798,0.6569200779727096,0.05458089668615984,0.28460038986354774,0.023391812865497075,-0.3097880747478544,0.10433237896394099,False,-0.03085026682791736,False,-0.0239692106234769,-0.10874433287473739,0.024557842728289536,-0.0017170462982621926,False,1420.5102168761596,False,False,0.5562220346842944,0.8603266876975276,0.049242950901290605,True,1.4078565519935295
ROP,363,0.37951022914973886,Roper Technologies,Information Technology,SP500,362.5899963378906,0.03772070787225301,-0.00392833558304273,-0.13320265244891327,-0.0019238505639708192,0.024042441567472483,0.08966861598440545,0.6354775828460039,0.4834307992202729,-0.29044834307992207,-0.2977452142455478,0.1549645491415641,False,-0.03672040668711407,False,-0.07236614751468695,-0.01617657781700166,0.0780115422920411,0.004114172942074168,False,319.334112062561,False,False,0.8349742161525396,1.013656724571179,0.010303099698876883,False,1.364883368499018
CFG,364,0.37847796813189744,Citizens Financial Group,Financials,SP500,63.70000076293945,-0.0009409905924273598,-0.015912290137148788,-0.06543431131957622,-0.09673746145525108,0.06611900922393055,0.38791423001949316,0.3391812865497076,0.5653021442495126,-0.33333333333333337,-0.1475980476183233,0.3559885327161407,False,-0.05419449498233919,False,-0.08894160302536347,-0.012764884193172787,0.09762448084635733,-0.019638645800508003,False,246.97464266345978,False,False,0.9448752047504914,1.2751096763885499,-0.007528223884444851,False,1.806548997409904
TJX,365,0.3772412385606329,TJX Companies,Consumer Discretionary,SP500,133.58999633789062,0.009674240820161994,0.014890157125064807,0.0024010809272241307,-0.1312621641300976,-0.17021268731089778,0.7485380116959064,0.2124756335282651,0.1286549707602339,0.07602339181286549,-0.20425452936520716,0.08751221361510342,False,0.033998311810254256,True,-0.0543452535182406,-0.12068462649463974,0.05746838761231632,0.016103043654943194,False,1051.560258378006,False,False,0.9655325556309903,1.0574184037106478,0.002418617868064299,False,0.7770522542963171
TYL,366,0.37596788775591944,Tyler Technologies,Information Technology,SP500,330.17999267578125,0.0363464731651737,0.010188118433783977,-0.1228648112527927,0.03797543646803514,-0.009925328062373007,0.12475633528265107,0.7290448343079922,0.3762183235867446,-0.14035087719298245,-0.3634348240342651,0.1994768985128348,False,-0.026254697641054037,False,-0.01567564218584694,-0.04599222375335288,0.01592528119557768,0.007207952286955921,False,301.58708278271484,False,False,0.9038899440365554,0.7461725214289253,0.021939705274531374,False,0.8115298636692799
PAYX,367,0.37470407373075,Paychex,Industrials,SP500,100.83999633789062,0.023756307998889614,-0.007382616665379982,-0.19738939169241276,-0.0419374271837869,0.13519381682542875,0.01949317738791423,0.5458089668615984,0.6861598440545809,-0.3898635477582846,-0.20810429371839712,0.20603571726426906,False,-0.0958365260289874,False,-0.13969464814320165,-0.014366480841530471,0.1623779834005432,-0.027647448889968618,False,350.9250056467743,False,False,1.2426883805343785,1.2509262244918105,0.008223325467956899,False,1.3734397315832263
AOS,368,0.37445115833724335,A. O. Smith,Industrials,SP500,56.66999816894531,0.005321966342824558,-0.017850997926774914,-0.031116489268139702,-0.09098913772496342,-0.11897191387527462,0.6296296296296297,0.35282651072124754,0.18908382066276802,-0.13840155945419103,-0.2874698154204507,0.02210765248381108,False,-0.019363580581822637,False,-0.05800622611107287,-0.1128239557564279,0.06157814172337894,-0.013613114574399732,False,90.91024954369354,False,False,0.6791754204892858,1.0149819161012699,-0.0039027392260854166,False,1.4145344721689572
MCO,369,0.37250432016113344,Moody's Corporation,Financials,SP500,447.3599853515625,-0.014907668417542652,-0.04277312611722839,-0.09571265371909354,-0.08604234754026974,0.02414669707252659,0.22417153996101363,0.3762183235867446,0.4853801169590643,-0.26705653021442494,-0.16542248463764164,0.09246378362571095,False,-0.0481297363430071,False,-0.07045260841339451,-0.04778108797520031,0.07579237922785409,-0.0278235064405169,False,365.63670612756346,False,False,0.8444756112813044,1.2795742359224014,0.0019157402237977017,False,2.097892852515541
PSA,370,0.3704180542680903,Public Storage,Real Estate,SP500,284.0,0.004101271662878991,-0.0019679419574019086,-0.05265190649727802,-0.12961467721728837,0.048288267017638775,0.49122807017543857,0.21637426900584794,0.5341130604288499,-0.2300194931773879,-0.13180069608109668,0.1318945334141437,False,-0.02747887241304947,False,-0.07722754713163216,-0.034816045889516034,0.08369078085456083,-0.010588771995433177,False,284.3204287397461,False,False,0.8622339620204837,0.9662731506552583,-0.003677020783437679,False,1.0290782850349427
ODFL,371,0.3684143768858981,Old Dominion,Industrials,SP500,178.10000610351562,0.024505348914900305,0.018121611847373265,-0.04616527691982952,-0.1804427673768536,-0.10533126038095442,0.5321637426900585,0.10526315789473684,0.21052631578947367,0.04093567251461988,-0.2828503914259791,0.4190107206657603,False,-0.0025537893655677157,False,-0.09773707175537683,-0.10591414954275302,0.10832437939739692,0.008298443967172275,False,348.44923900689696,False,False,0.701359754201582,1.0953248836402467,-0.004947081387875696,False,1.0808325490955502
ATO,372,0.3680079193417334,Atmos Energy,Utilities,SP500,156.3800048828125,-0.0003835180111060321,-0.0002556788556512535,-0.06750144467160257,-0.11051668651296487,-0.14705540146701024,0.37037037037037035,0.28460038986354774,0.15789473684210525,-0.08771929824561403,-0.17721825891903786,0.0008960534096662531,False,-0.02943711440005292,False,-0.06191928937921187,-0.09543988046766883,0.06600635603970151,-0.008370069034310035,False,167.86294876538085,False,False,0.6455942931533616,1.0012145901402227,-0.0027487083089976494,False,1.0829292403849795
PCAR,373,0.367691107525282,Paccar,Industrials,SP500,109.94000244140625,0.00118390752848474,-0.006596148365563992,-0.1021641063178117,-0.07756389989616397,-0.06014874637309153,0.19298245614035087,0.41130604288499023,0.2807017543859649,-0.21637426900584794,-0.20243750975502028,0.21129409248871123,False,-0.06104407010649093,False,-0.12046929447129862,-0.08558404278370269,0.13696997013752066,-0.02112994967358539,False,422.37273388679506,False,False,0.6284407802543175,1.0207414463592543,-0.00127492389364392,False,1.1879622023778047
MELI,374,0.3675326062492609,MercadoLibre,Consumer Discretionary,NDX,1685.1199951171875,-0.02511384439027975,-0.03934144537379103,-0.14177306556269198,-0.04436983422802132,-0.019692011008250243,0.07212475633528265,0.5243664717348928,0.36062378167641324,-0.29239766081871343,-0.2861959758101438,0.08941623811858257,False,-0.07818940719829048,False,-0.09514187233710425,-0.08365844834551017,0.1051456238591133,-0.03696596819197251,False,977.0068181567383,False,False,0.6771156295216387,1.1226220126119442,0.0003702652760380065,False,1.3673297194835816
FE,375,0.36600309754599586,FirstEnergy,Utilities,SP500,43.38999938964844,0.0013846654986926499,0.004630719363250213,-0.060008675626522345,-0.09705019446746144,-0.13123807206267135,0.44834307992202727,0.33528265107212474,0.17543859649122806,-0.1267056530214425,-0.14713721366550592,0.015111961993724776,False,-0.035349064133829766,False,-0.06426348824779071,-0.07172884094919729,0.06867690577495411,-0.009262930117000412,False,200.43886756550597,False,False,0.819145219814149,1.1120237413578085,-0.005538926109502018,False,1.8046209423172268
CMI,376,0.36597238911586427,Cummins,Industrials,SP500,517.0,0.0008323996160919389,-0.0078108646957419925,-0.061961395085427085,-0.21577092828324995,-0.05369261427988259,0.4269005847953216,0.05263157894736842,0.2962962962962963,-0.01364522417153996,-0.2867901562632087,0.28574813506040897,False,-0.03333228284671241,False,-0.11241403170729736,-0.13823091256294817,0.12665142952127662,-0.011517279803951341,False,613.0641251260986,False,False,0.546692198959188,1.004233435081669,-0.0030392924520554754,False,1.5979367559122986
PSKY,377,0.3656113266423288,Paramount Skydance Corporation,Communication Services,SP500,9.34000015258789,-0.0958373454433662,-0.08251474728942909,-0.1106009013047341,-0.09690462277461642,0.019263250125642672,0.16569200779727095,0.33723196881091616,0.46393762183235865,0.007797270955165692,-0.5027053474979484,0.201429050031104,False,-0.09961180487004595,False,-0.05150616887412163,-0.10909737480798476,0.05430311424691392,-0.0699085293628966,False,169.79507904024314,False,False,1.4807110634740657,1.5799039947910514,-0.021297218649918404,False,2.66470451295354
RF,378,0.36403165447866237,Regions Financial Corporation,Financials,SP500,26.959999084472656,0.002976187730794999,-0.011005177618866213,-0.07954939427193719,-0.10061339208092313,0.04379780185762394,0.2982456140350877,0.3157894736842105,0.5263157894736842,-0.23196881091617938,-0.15946214345774778,0.20128576328724623,False,-0.058626375512206175,False,-0.09716646758405567,-0.044832383438290324,0.10762390196567284,-0.01844130086622786,False,243.84264526372527,False,False,0.9973338411662642,1.3853632472653687,-0.002976187730794999,False,1.423646030314102
BXP,379,0.36324277207478356,"BXP, Inc.",Real Estate,SP500,60.2400016784668,-0.014236604863286373,-0.021500456577828175,-0.09139321676463574,-0.12101604547155764,0.206856178690058,0.24366471734892786,0.24951267056530213,0.7816764132553606,-0.43469785575048736,-0.1660609453835853,0.21362919708926742,False,-0.04586508997471739,False,-0.09005600170516515,-0.019845660413275512,0.09896872980526616,-0.023864420847269363,False,93.11113310399628,False,False,0.7971377654850822,0.8839533529191451,-0.004745555762246556,False,1.0069189964526393
RTX,380,0.3618637537527227,RTX Corporation,Industrials,SP500,185.00999450683594,-0.0034473439843218934,-0.019087037229552073,-0.09821606938777272,-0.06838346428796171,-0.042739321584335244,0.21052631578947367,0.4405458089668616,0.31773879142300193,-0.39766081871345027,-0.1795202004532095,0.19589845449095566,False,-0.04414274115829675,False,-0.10530588241897043,-0.04531559042333011,0.11770043006841746,-0.019914822022505163,False,942.2161834233704,False,False,0.4393504555336137,0.8158410756392698,-0.003501179196627402,False,0.6938402540202449
TMUS,381,0.360617868873096,T-Mobile US,Communication Services,SP500,161.72999572753906,-0.008278183028929464,-0.02189301628274687,-0.11215419150114947,-0.08368963562545129,-0.1992852056501223,0.15984405458089668,0.38596491228070173,0.09746588693957114,0.09551656920077972,-0.2828134649608598,0.0,False,-0.05989515984156768,False,-0.08095696623568838,-0.14690117170064165,0.08808833021028017,-0.021853062882689844,False,852.6750540505982,False,False,0.7663865039375792,0.8539999475029447,0.001839606624904233,False,0.8068337886791588
PNC,382,0.3600653078663172,PNC Financial Services,Financials,SP500,220.75,-0.006793820499214953,-0.011596652549291875,-0.07048719990722263,-0.10814085127337891,0.07158884495415418,0.3469785575048733,0.2884990253411306,0.580896686159844,-0.317738791423002,-0.14095030956393606,0.26669446311842226,False,-0.05345259169387029,False,-0.09013046070561692,-0.02277600548817671,0.09905866370195704,-0.019477943213701998,False,384.5333133136902,False,False,1.0192935769014928,1.2136896852719916,-0.009898303800122354,False,1.3905484507421757
WEC,383,0.3593944907931931,WEC Energy Group,Utilities,SP500,101.7300033569336,0.00942651904290237,0.00822598432609345,-0.04209033634423831,-0.13644046995309145,-0.10910000556563826,0.5614035087719298,0.20077972709551656,0.20662768031189083,-0.09551656920077972,-0.13658574521177091,0.00942651904290237,False,-0.018457557896053856,False,-0.04553658940817862,-0.07363474203189857,0.047709099063256266,-0.003062251612945932,False,271.81726722885134,False,False,0.8674057330618687,1.2262357785758538,0.0,False,1.159949522833031
CARR,384,0.35935844176651677,Carrier Global,Industrials,SP500,55.220001220703125,0.006562169273538698,0.006378755160043825,-0.03545849396151746,-0.20909701750799092,-0.0225665468225833,0.6003898635477583,0.06237816764132553,0.35477582846003897,-0.06237816764132553,-0.27080826603131103,0.10910512400169292,False,-0.01641385595572864,False,-0.07615913067570257,-0.09950986015164409,0.08243749892923202,-0.0029482248864853844,False,401.27069583300784,False,False,0.6768321674765927,0.9769917277485671,-0.0007291453715331242,False,1.1073254594693518
HSY,385,0.35757201222233664,Hershey Company (The),Consumer Staples,SP500,159.3000030517578,0.010722685330002202,-0.04542186966244133,-0.09488634629683057,-0.11852127105904586,-0.20258833207367888,0.22807017543859648,0.25925925925925924,0.09161793372319688,-0.01364522417153996,-0.3152748644209621,0.011051573979623308,False,-0.05603633909517525,False,-0.09492326237088866,-0.15607934890465058,0.10487868975568215,-0.027100248733829102,False,253.5886360890198,False,False,0.5698515504450598,1.1357586512866016,-0.005710258822404057,False,1.4931090506736884
KEY,386,0.35731337476110364,KeyCorp,Financials,SP500,20.049999237060547,-0.0009965350307817866,-0.009876580885898933,-0.05469117857064487,-0.1206767125474022,0.005041088996073251,0.47368421052631576,0.25146198830409355,0.42300194931773877,-0.15009746588693956,-0.1562307759485364,0.24402633337597646,False,-0.04657746789695183,False,-0.07816496102734549,-0.05670578347349986,0.08479278582690553,-0.0164199026580234,False,254.65860557720185,False,False,1.1075660034191435,1.272429649432181,-0.008968625207413483,False,1.2315321106476922
DASH,387,0.3568691515699447,DoorDash,Consumer Discretionary,SP500,182.1750030517578,-0.007491146701927742,-0.02855540853408378,-0.19270140877717779,-0.05122124752067514,0.2104651365565302,0.021442495126705652,0.5009746588693957,0.7894736842105263,-0.4892787524366471,-0.35339316615930405,0.2426670904987709,False,-0.06765064713318425,False,-0.11323178067782558,-0.025359235012789028,0.12769039102954927,-0.028785467452282276,False,878.2353901362,False,False,1.0001193921280032,1.1142462118827625,0.000762731611663181,False,0.9743557399413205
D,388,0.35645449239537197,Dominion Energy,Utilities,SP500,60.7599983215332,0.003965595868377747,0.005960211698008866,-0.07541689300602383,-0.1200885199996995,-0.0009931193525117843,0.3216374269005848,0.253411306042885,0.4015594541910331,-0.11500974658869395,-0.14389981137476693,0.09756448657842887,False,-0.03716183877559498,False,-0.07554568384586369,-0.039502336257919546,0.08171921805735605,-0.008375596743673164,False,276.57474128648374,False,False,0.9690967118727228,1.0581992599232732,-0.0038003889705328087,False,1.3324211421543526
TPR,389,0.3558466180672381,"Tapestry, Inc.",Consumer Discretionary,SP500,119.23999786376953,0.03650901351544844,0.06350334412032077,-0.02004247876124643,-0.17001592946596455,-0.1684529461320754,0.682261208576998,0.1267056530214425,0.13255360623781676,-0.02729044834307992,-0.2736253792441886,0.2223004206133219,False,0.028841449295540222,True,-0.0872017989004995,-0.1349047938911242,0.09553239565487925,0.034610440123624686,False,406.73135161790464,False,False,0.6113814681965302,0.896678456650504,0.0033901198413133216,False,1.0490700845759462
PHM,390,0.3544578722300424,PulteGroup,Consumer Discretionary,SP500,116.3499984741211,0.0024987155060116617,-0.015484869066924034,-0.052993566972384776,-0.12766588487626251,-0.0025418779011699977,0.4873294346978557,0.22417153996101363,0.39766081871345027,-0.304093567251462,-0.17858135085322313,0.06123166871359542,False,-0.02255261232546013,False,-0.06892113180921877,-0.06342279568740772,0.07402287192184098,-0.014864097052113556,False,193.28488801655578,False,False,0.6948414342194167,1.0984948881780916,-0.011545720886424471,False,1.5289495577434453
CSGP,391,0.35390092430467346,CoStar Group,Real Estate,SP500,27.719999313354492,0.011678821141581697,-0.00502517207214459,-0.13320826422325638,-0.07600002288818364,-0.3005299377683608,0.08771929824561403,0.4171539961013645,0.03898635477582846,0.17153996101364521,-0.6731132274083109,0.028571373974649816,False,-0.05295527020496371,False,-0.08442332665307306,-0.3112958087054978,0.09220781733599681,-0.009831585805084364,False,213.3123999527092,False,False,0.6635282258447169,0.8051594705172302,0.01861314729861996,False,0.655384273947909
NI,392,0.3532730227394972,NiSource,Utilities,SP500,39.5,0.012820512820512775,0.009713729000271343,-0.035644509694975124,-0.16845077028031397,-0.14682655231573327,0.5964912280701754,0.1286549707602339,0.15984405458089668,-0.04483430799220273,-0.18979861957242616,0.012820512820512775,False,-0.022724736479765584,False,-0.05488397275536938,-0.11120544834412538,0.05807114806356295,-0.0014629444577654027,False,237.84993803009033,False,False,0.7220543454659987,1.0560903884522321,-0.0005128322503505922,False,1.0203678648738517
CPT,393,0.35202961742255184,Camden Property Trust,Real Estate,SP500,96.62000274658203,-0.0011371922519806121,0.0026846617439422182,-0.07822280871716525,-0.16698067802378536,0.003017167162386647,0.3079922027290448,0.13450292397660818,0.4171539961013645,-0.253411306042885,-0.16931867898328234,0.03144738453880036,False,-0.0316582167079168,False,-0.08014205400731567,-0.0776606164300434,0.08712438084211871,-0.009484893235394476,False,107.20638582868958,False,False,0.6220749789269981,1.3605195977709286,-0.002377787128621134,False,1.3437905097380978
DVA,394,0.3517568655275938,DaVita,Health Care,SP500,176.35000610351562,0.008175211236791435,0.009618182585342305,0.0011922715714483,-0.24928694668459273,0.17300791804708604,0.7446393762183235,0.03313840155945419,0.7387914230019493,-0.18323586744639375,-0.2681357852345764,0.6977953349415758,False,-0.030910809923565097,False,-0.07465124126279754,0.03868218461323525,0.08067362770840258,-0.010778006516888095,False,156.6726597678528,False,True,0.8176335151841608,0.6804767004582154,-0.0011433623961567552,False,0.792749784104251
CCI,395,0.3498813624624728,Crown Castle,Real Estate,SP500,66.12000274658203,-0.00795196949982191,-0.022327289193548205,-0.11548766982107528,-0.12426359516425511,-0.1604086546542468,0.1442495126705653,0.2378167641325536,0.14035087719298245,0.13450292397660818,-0.2968048915516033,0.0,False,-0.0764293254627938,False,-0.09748589563090537,-0.1842068708236977,0.10801592480269684,-0.03322050867575366,False,262.0743055534668,False,False,0.7368295942920975,0.9732762884696532,0.003300843445858126,False,0.9898273170475962
ZTS,396,0.34747885695975095,Zoetis,Health Care,SP500,69.0999984741211,-0.010454007415032662,-0.016650038776695464,-0.10550163787545508,-0.06976356044355592,-0.4041747681649208,0.18518518518518517,0.43859649122807015,0.011695906432748537,0.011695906432748537,-0.5226250754638277,0.0,False,-0.04498654485546494,False,-0.0724160028182097,-0.2932740083093317,0.07806948269722835,-0.02356161713878624,False,409.6496049432373,False,False,0.5667798601981966,0.778829621369085,0.002434457460800399,False,0.975976798235334
SO,397,0.34612463426450446,Southern Company,Utilities,SP500,83.47000122070312,0.0069972473799670976,0.0069972473799670976,-0.05244630842605991,-0.14105702482323512,-0.12465381053440094,0.4951267056530214,0.18518518518518517,0.18323586744639375,-0.1364522417153996,-0.1438193726813819,0.01715725012448832,False,-0.025224780581956763,False,-0.06554725412993745,-0.08277116177176513,0.07014507091945754,-0.0035605324947569628,False,531.6334575465393,False,False,0.7711421454519471,1.2035608833170897,-0.003016045383530508,False,1.279806997229915
KHC,398,0.34539735945647987,Kraft Heinz,Consumer Staples,SP500,22.459999084472656,-0.01144367239170696,-0.058675670162033455,-0.11793306662977254,-0.10054901189164223,0.043226241071165905,0.14035087719298245,0.31773879142300193,0.5224171539961013,-0.4210526315789474,-0.17382075455150747,0.09536307928951726,False,-0.07017184571568658,False,-0.09455560016292652,-0.0346955133777237,0.1044300458205285,-0.0410859621640256,False,450.7526824275398,False,False,0.5660524178258282,0.6712619730817615,-0.002200670711779429,False,0.9816325933011552
UBER,399,0.3445062427758895,Uber,Industrials,SP500,67.87999725341797,-0.009195808833281749,-0.019358623860936452,-0.09782031923602219,-0.08800219031172474,-0.05340959252478916,0.21442495126705652,0.3645224171539961,0.2982456140350877,-0.17153996101364527,-0.32187813897952233,0.02942060570494487,False,-0.04357999102194643,False,-0.07076584650220985,-0.09253888290423495,0.0761550210308517,-0.01972865077121877,False,1374.1948159539947,False,False,0.5251856448563498,0.7999932823645063,0.0004378744469635265,False,0.9360942776920277
AZO,400,0.34400975803282946,AutoZone,Consumer Discretionary,SP500,2819.030029296875,-0.003883361304346966,-0.014927918477548707,-0.04949712052314614,-0.10769858855333114,-0.17727864145898264,0.5107212475633528,0.290448343079922,0.1111111111111111,-0.029239766081871343,-0.33727732845340197,0.005629190866627942,False,-0.02219021404104482,False,-0.04964251347449533,-0.1457914840498883,0.05223562099351442,-0.01360158732618244,False,864.3309157124023,False,False,0.8503305906665273,1.4160417190761427,0.0017526239755440987,False,1.0456175614188459
INSM,401,0.3404666536966465,Insmed,Health Care,NDX,108.58999633789062,-0.04862452322968169,-0.10662284153418422,-0.1063287430762665,-0.026971345675497083,-0.34131993245260095,0.17738791423001948,0.594541910331384,0.023391812865497075,-0.21247563352826504,-0.4863535572732549,0.1818676489332507,False,-0.10651255907032897,False,-0.09313057658181534,-0.18668713222807476,0.10269458223741434,-0.06678435744164612,False,296.36757783670043,False,False,0.45460633008902035,0.9359745027635454,0.004731040112273988,False,1.0752080897189094
UDR,402,0.34013343861937956,"UDR, Inc.",Real Estate,SP500,33.68000030517578,0.0038748456355144345,0.0038748456355144345,-0.08275991608234101,-0.1708407105949984,0.0075187815484025755,0.28654970760233917,0.12475633528265107,0.42884990253411304,-0.2651072124756335,-0.17385654258278593,0.04007971932840304,False,-0.024426362743281804,False,-0.07655287462520377,-0.07551710835431602,0.08289903398002729,-0.0065714136411256785,False,132.3009758514557,False,False,0.5909234244601487,1.030118211635527,-0.0008941514151731278,False,1.0978900679131272
ETR,403,0.33950382043388533,Entergy,Utilities,SP500,100.4000015258789,0.011484982521799969,0.022819863286478226,-0.06185755302596896,-0.1225840627836805,-0.1059116869945006,0.43079922027290446,0.23976608187134502,0.20857699805068225,-0.13840155945419103,-0.13940569055909924,0.12093844273069676,False,-0.021552155573191567,False,-0.04998822912338541,-0.04669864122079648,0.05261853658640381,0.003038523893532874,False,282.1322539821167,False,False,0.8913764431928936,1.3113088680084677,-0.004936585559322748,False,1.5359327749407452
KVUE,404,0.3385871451841171,Kenvue,Consumer Staples,SP500,17.219999313354492,-0.02491509274401804,-0.022146580549680328,-0.07064190406721338,-0.11146253842960574,0.02600748756532978,0.34502923976608185,0.2807017543859649,0.49317738791423,-0.3664717348927875,-0.11146253842960574,0.2944012463085164,False,-0.031704779965562646,False,-0.065767854275531,-0.017633617737674467,0.0703977641708422,-0.025064101774084913,False,426.79936045064164,False,False,0.854167469842078,0.8204150201995389,-0.01302375675105294,False,0.9648765454735367
ALL,405,0.33856635500471116,Allstate,Financials,SP500,224.41000366210938,0.01149374851141527,-0.012149467487266308,-0.12975527238007056,-0.09981238407132687,0.1099024161447113,0.10136452241715399,0.3216374269005848,0.6432748538011696,-0.5789473684210527,-0.18089497886981376,0.20395470647547498,False,-0.07646974413359187,False,-0.11540117595620036,0.0064114110904582855,0.13045594547442718,-0.02343709849006792,False,486.52002261938475,False,True,0.904280852791853,1.4740166499537615,0.005318636403745636,False,1.5372560238385096
HIG,406,0.33766417565984974,Hartford (The),Financials,SP500,125.73999786376953,0.027623383757420683,0.00039776769346944185,-0.0830599184239551,-0.0838479337012693,-0.05762757627267501,0.28460038986354774,0.3840155945419103,0.2884990253411306,-0.2202729044834308,-0.13308915062268112,0.04604285140701414,False,-0.045000581425170605,False,-0.07740336787849478,-0.06801342766515506,0.08389730157642816,-0.007629649949300044,False,220.85514634521485,False,False,1.113032712734023,1.3243328578782416,-0.015854874401186714,False,1.694305736644371
CMG,407,0.33579916305222723,Chipotle Mexican Grill,Consumer Discretionary,SP500,32.31999969482422,0.011580560971815368,0.009684517011751215,-0.13836307275251425,-0.08674766170587145,-0.009500501475433243,0.07797270955165692,0.3723196881091618,0.37816764132553604,-0.5789473684210527,-0.23701607107800315,0.14691268079539554,False,-0.05240783130874549,False,-0.06798625678897141,-0.07368132477064149,0.072945551805643,-0.004714004832227614,False,558.291123103611,False,False,0.5983623106383794,1.1321937441724148,0.0,False,1.1438068780179937
GD,408,0.33576425843909624,General Dynamics,Industrials,SP500,332.7200012207031,0.002682140507044517,-0.010615859030916996,-0.09932054377976651,-0.1092788092050111,-0.0422029798214244,0.20272904483430798,0.28654970760233917,0.3235867446393762,-0.38011695906432746,-0.15973432281488953,0.06928721534852178,False,-0.04579314939393264,False,-0.10207452243271975,-0.05861066911675883,0.11367816704484968,-0.016633693642663094,False,416.9502429590454,False,False,0.669721564756395,1.2993279034605747,-0.0015971997732081578,False,1.1200508864374887
PEP,409,0.33569330479928894,PepsiCo,Consumer Staples,SP500,125.5999984741211,-0.008838405427659124,-0.019898521606041553,-0.09191094256977506,-0.11980470072871252,-0.17053128968126208,0.2378167641325536,0.2573099415204678,0.12475633528265107,-0.09746588693957114,-0.24087408307377645,0.0,False,-0.05247594719214177,False,-0.0781604112292672,-0.13175609028659008,0.08478743176293135,-0.024206473702244713,False,1080.6066022250825,False,False,0.6105035325241266,1.0292523451808882,0.001736120727460877,False,1.0786754577362658
AJG,410,0.33451913650183296,Arthur J. Gallagher & Co.,Financials,SP500,231.82000732421875,0.016264112506862327,0.020648977856650985,-0.11282676380834722,-0.07922915294303456,0.07799343322241126,0.15594541910331383,0.40545808966861596,0.5925925925925926,-0.543859649122807,-0.24456531575835172,0.21465149324630683,False,-0.035164609979774,False,-0.07124907503045441,-0.0003460010657349022,0.0767149438185386,-0.0009190811590769066,False,354.6671621990662,False,False,0.9489611193140801,1.262691835352505,0.005786647064564443,False,2.065762599325919
BSX,411,0.3338267663069393,Boston Scientific,Health Care,SP500,43.22999954223633,-0.009622038235063246,-0.0324530159587193,-0.10087358785593392,-0.04231280179968533,-0.30274194286715594,0.1968810916179337,0.5419103313840156,0.03508771929824561,0.15009746588693956,-0.5882072951050146,0.014074559209191762,False,-0.025495370832458675,False,-0.07817298346784907,-0.3025180739086173,0.0848022265196029,-0.0160376888773065,False,975.7711223208389,False,False,1.0984656009159026,0.8371746712455236,-0.003207404340242692,False,0.8635134622344927
BAC,412,0.33351415067348744,Bank of America,Financials,SP500,53.72999954223633,-0.01286056878586661,-0.0410494250788811,-0.12882511418671339,-0.08046768004786142,0.10178052777527902,0.10526315789473684,0.39766081871345027,0.6335282651072125,-0.45808966861598444,-0.16673142715834943,0.16191621431530567,False,-0.08153061752084312,False,-0.11662377989709372,-0.01983552144829559,0.13202051090248723,-0.03600892321696192,False,1981.893535307106,False,False,1.3253871493452545,1.1175194326473348,-0.009553563381373475,False,1.8374866687972102
CVNA,413,0.33153259861983725,Carvana,Consumer Discretionary,SP500,63.040000915527344,0.00799488315766661,-0.017762533253782187,-0.126627865766205,-0.08104952889599881,0.009965100696079254,0.1111111111111111,0.39571150097465885,0.4327485380116959,-0.27485380116959063,-0.3412059848767529,0.12059158728252517,False,-0.06270675409480653,False,-0.08204778777065114,-0.12538148813798133,0.0893813280011484,-0.014929282207165162,False,605.3183864578629,False,False,0.7269614206279857,1.0812396405924856,-0.007675080511825749,False,1.2728925352586813
APD,414,0.3310532800799563,Air Products,Materials,SP500,273.3299865722656,-0.011178737809723005,-0.03293691545116284,-0.09891343158168386,-0.12435226929876242,-0.04353795647112069,0.20857699805068225,0.23586744639376217,0.31189083820662766,-0.43274853801169594,-0.12435226929876242,0.21597257011902493,False,-0.04313155039646177,False,-0.0709681846037521,-0.030066594142845626,0.07638940177036124,-0.021028258901165997,False,321.4457179316406,False,False,0.6114270025253444,1.017310616753326,-0.01316841933150803,False,1.4388924765902487
FISV,415,0.330896686159844,Fiserv,Financials,SP500,45.380001068115234,0.0044267543512288565,-0.013049118749336786,-0.12173402987675142,-0.1328110170027751,-0.18160504159189483,0.1286549707602339,0.20857699805068225,0.10721247563352826,0.025341130604288498,,,False,-0.06008573228054037,False,-0.11174962979833147,-0.2021105737236757,0.1258087061342399,-0.018133802706914115,False,385.7493908588867,False,False,0.8031140027992479,0.9904852731079998,0.008189440668117554,False,0.805371188953139
GE,416,0.3290154610269967,GE Aerospace,Industrials,SP500,312.3900146484375,0.0003202347202255762,-0.023109588339074727,-0.05648005646890353,-0.1714891267415578,0.06867372448452258,0.46588693957115007,0.12085769980506822,0.5769980506822612,-0.3937621832358674,-0.18055187648041915,0.144663882051848,False,-0.025258548595090136,False,-0.08794858298950237,-0.03401352714897621,0.0964294132427077,-0.015060366009332138,False,1311.9797484622193,False,False,0.7837372679693254,1.0265768115596672,-0.006724538237071198,False,0.8871599426620062
UPS,417,0.3276402574167535,United Parcel Service,Industrials,SP500,93.88999938964844,0.004815891871625011,0.019989095892327446,-0.08542766374065347,-0.1380175626203044,-0.009346301463462825,0.2729044834307992,0.1949317738791423,0.38011695906432746,-0.06237816764132553,-0.18971303251511562,0.20739967982154628,False,-0.04022980422145628,False,-0.0776527571539466,-0.08348855593809401,0.08419037163740661,-0.01019476664309571,False,502.6374747990875,False,False,0.9195535741516717,0.9163994417789335,0.00460188670741335,False,0.9747191502711351
VICI,418,0.32320622713557107,Vici Properties,Real Estate,SP500,22.729999542236328,-0.010448401318785883,-0.02320588332206852,-0.09301523614846641,-0.14805477755109253,-0.14225651289796648,0.23196881091617932,0.17153996101364521,0.16374269005847952,-0.05458089668615984,-0.2572946079151751,0.0,False,-0.052210629317402946,False,-0.09369571967475898,-0.14320522162687255,0.10338218819967926,-0.025926150456185848,False,252.54662844656372,False,False,0.6735319639001459,1.0302099415540789,-0.0013059982670280412,False,0.9643459374117891
VRT,419,0.32100475694563657,Vertiv,Industrials,SP500,246.1199951171875,0.019932856521726938,0.0033428131073307554,-0.03824534745346442,-0.1808460295938602,-0.05065516524949132,0.5867446393762183,0.10331384015594541,0.3060428849902534,0.05263157894736842,-0.3455291806946178,0.6437974765589187,False,-0.023654111824972346,False,-0.059738856348830915,-0.06790524577578516,0.06353432421641547,-0.0033284511210780465,False,1415.0168664780274,False,False,0.868041922881105,0.7003059798435008,0.006671918389790754,False,0.6294013828978153
VMC,420,0.3206728770175057,Vulcan Materials Company,Materials,SP500,243.97999572753906,-0.0026571113203583963,0.009433176698736556,-0.06049523110698818,-0.19379494085869975,-0.12569425936754608,0.4444444444444444,0.07992202729044834,0.18128654970760233,-0.11695906432748537,-0.25724711938025513,0.013079740366792603,False,-0.0174853764177062,False,-0.0815957397320125,-0.13915289458306346,0.08884512328830341,-0.004369138428076402,False,295.64291708059693,False,False,0.6526663562169066,1.4759025953790679,-0.004496611542163742,False,1.9559971429563094
XEL,421,0.3202040489351232,Xcel Energy,Utilities,SP500,70.55000305175781,0.0009931851800533131,0.01423239689348943,-0.06287145243761982,-0.13227574494726868,-0.10105306648196077,0.4191033138401559,0.21052631578947367,0.21637426900584794,-0.11306042884990253,-0.13973680055989346,0.01671715913406424,False,-0.02832415751624362,False,-0.06598665363689737,-0.08316502463123787,0.0706485125655203,-0.004244236907013144,False,403.3068848861389,False,False,1.0172434247955782,1.1036745896198623,-0.00042574357636515625,False,0.7628605047075241
HRL,422,0.31903121578680343,Hormel Foods,Consumer Staples,SP500,19.959999084472656,0.001002936302879398,0.006048333213803492,-0.09231472068097635,-0.19202718117318018,-0.07004353599626478,0.23586744639376217,0.08771929824561403,0.2631578947368421,-0.16374269005847952,-0.23804906903218692,0.02326851197707991,False,-0.02849776425327677,False,-0.12330022397758011,-0.1256808051167947,0.14064133167341764,-0.006283138135406485,False,105.73150791714478,False,False,0.49747300680030454,1.1061765889140278,-0.002006063914543166,False,1.2657086656020298
TDG,423,0.31688086273522464,TransDigm Group,Industrials,SP500,1097.239990234375,0.013523014020496271,-0.00727421001862727,-0.05063336595554746,-0.1863195142859988,-0.06480181717014366,0.50682261208577,0.09551656920077972,0.2709551656920078,-0.10721247563352826,-0.24328276535560345,0.01973028157365775,False,-0.01300578740006153,False,-0.07142914890635799,-0.12112259292734728,0.07692374666104462,-0.0036686554042563158,False,481.1980804650879,False,False,0.6927539639802455,0.8829676841893015,0.0006096750365529591,False,0.9866774006695661
CNP,424,0.31684519517973014,CenterPoint Energy,Utilities,SP500,37.209999084472656,0.011141300432397916,0.010592053038589677,-0.057258729828592814,-0.16089733537162398,-0.12977322612074382,0.4580896686159844,0.15204678362573099,0.1793372319688109,-0.09551656920077972,-0.1689082865255297,0.016111419164302143,False,-0.025584644288594416,False,-0.06301810694119758,-0.09255959561478988,0.06725648319144484,-0.0009902437350649551,False,250.96991786445616,False,False,0.81976159782935,1.0278016560267997,-0.004076024844875015,False,1.332831981203443
BX,425,0.315374623774047,Blackstone Inc.,Financials,SP500,112.23999786376953,0.0013382240233708043,-0.042402536127666646,-0.1786916811353093,-0.07651943455688659,0.0009232579425526577,0.037037037037037035,0.4152046783625731,0.4074074074074074,-0.46003898635477586,-0.3066605920515795,0.12059885741202558,False,-0.09403869537090459,False,-0.15301295542602245,-0.11413654677669005,0.18065560318338258,-0.04032726644203444,False,575.960109889923,False,False,0.7565858074735092,1.3676563874849086,0.005888158476870853,False,1.3659379155840639
MLM,426,0.31419511488004637,Martin Marietta Materials,Materials,SP500,479.1700134277344,-0.0013338282530913625,-0.0019370811580050606,-0.050998176572942255,-0.1993138291188815,-0.19750020265090895,0.5029239766081871,0.07407407407407407,0.09941520467836257,-0.0682261208576998,-0.32041135658790254,0.0001670189118023746,False,-0.0342604833337935,False,-0.08304690945110871,-0.18597549813437897,0.09056832929304659,-0.01415194736731995,False,381.7242860042114,False,False,0.6229740981849123,1.242984246228228,-0.006044046416790683,False,1.135903469410091
BA,427,0.31289239079433745,Boeing,Industrials,SP500,192.27999877929688,0.0334855986312772,-0.02296750102830125,-0.06505885755402041,-0.15104422219151614,-0.0725448968434651,0.3937621832358674,0.16374269005847952,0.253411306042885,-0.0682261208576998,-0.23743801929960007,0.07347032168853951,False,-0.04251372904453399,False,-0.09575294040161442,-0.12921478658230146,0.10589245426370786,-0.0047601447833518495,False,1399.1585827099304,False,False,1.032393919759346,1.7674795838627957,-0.00026876135951425795,False,2.070147864864154
AXP,428,0.3127142437524557,American Express,Financials,SP500,302.0899963378906,-0.006609699852951678,-0.011679667870989063,-0.06816991868066613,-0.1416922273211061,0.008042950318047914,0.3645224171539961,0.1793372319688109,0.43079922027290446,-0.3391812865497076,-0.2087360108353028,0.03970492161422401,False,-0.03941976359301358,False,-0.07959778608701396,-0.088907447797267,0.08648152392921027,-0.015489466203275404,False,954.7098745697022,False,False,0.7916751781551378,1.2218279741515141,-0.0036172511721067613,False,1.3507843808623607
LII,429,0.31163811354871196,Lennox International,Industrials,SP500,360.4599914550781,0.015323087740833463,-0.016188279970161368,-0.04088461198976956,-0.3652505141278485,-0.21974563484933363,0.5750487329434698,0.009746588693957114,0.07602339181286549,-0.029239766081871343,-0.36848542831375375,0.015323087740833463,False,-0.01934158732694302,False,-0.1082875410483718,-0.255222582156319,0.12143773473310415,-0.007332217238148142,False,223.3649774621582,False,False,0.45075068546325475,0.950026416950573,-0.0024786614626380876,False,1.01199939505048
EXC,430,0.31147236432023745,Exelon,Utilities,SP500,40.470001220703125,0.001732665648029208,0.006716429170135374,-0.0678680886590246,-0.14671386122432173,-0.15631014161371815,0.3664717348927875,0.17348927875243664,0.15009746588693956,-0.1539961013645224,-0.17996495844970628,0.006716429170135374,False,-0.03742549767470282,False,-0.07496212996540341,-0.09909320141112654,0.08103682280877833,-0.009683450559222706,False,335.8027780018082,False,False,0.7539709468402389,1.5510421085259083,-0.004455452930131165,False,1.6370125834187759
TSCO,431,0.3114271599851989,Tractor Supply,Consumer Discretionary,SP500,31.729999542236328,0.014061956338602632,0.009223886871902787,-0.08585420976197655,0.005957378361675536,-0.27669876023201423,0.2651072124756335,0.6530214424951267,0.050682261208576995,-0.14619883040935666,-0.423560171943103,0.09640379280732203,False,-0.035342420556661036,False,-0.05004144225156981,-0.19704820918539523,0.052677500342938055,-0.008179883010592581,False,350.23241112063215,False,False,0.9160654070574616,0.9006665768458744,0.0019175284176040641,False,1.131422939946739
VMRK,432,0.3101612478685297,Vivmark Residential,Real Estate,SP500,60.16999816894531,-0.00971033852676717,-0.014414432090296025,-0.07827819708802086,-0.1383360075727994,0.02090712829652208,0.3060428849902534,0.19298245614035087,0.4697855750487329,-0.16569200779727095,-0.1422666163913323,0.06125036996608113,False,-0.0467514991864314,False,-0.07524385307213632,-0.04996340317896142,0.08136615617220189,-0.02014189297040181,False,349.7053833674011,False,False,1.0340880797659806,0.8437642338361897,-0.004772829309432458,False,0.8752090838309746
WM,433,0.30885146656595824,Waste Management,Industrials,SP500,201.89999389648438,-0.009905866470180102,-0.029140279966045624,-0.07725214169307337,-0.11982507880134807,-0.11830691596083742,0.3138401559454191,0.2553606237816764,0.19103313840155944,-0.2475633528265107,-0.17049634865172691,0.04320573737540023,False,-0.04513620175374233,False,-0.08140893312695852,-0.09521221833955085,0.08862369346142351,-0.022838110509215803,False,463.8602852862549,False,False,0.6632413340754351,0.9470691515161257,0.0015692787715386736,False,1.3067156360410517
CMS,434,0.30551244931201677,CMS Energy,Utilities,SP500,63.63999938964844,0.008877576765035311,0.013860107145772016,-0.06356680036817774,-0.17466119384200363,-0.17027913358088753,0.40545808966861596,0.11306042884990253,0.1267056530214425,-0.14035087719298245,-0.1912452583443638,0.016613433560342283,False,-0.02818922735966789,False,-0.07100494592949302,-0.1160604856032752,0.07643199564774439,-0.001663184936774753,False,254.0737191702957,False,False,0.6974410733362293,1.3582903419090078,-0.0019023897130413525,False,1.5718182213335652
ES,435,0.3054950923732467,Eversource Energy,Utilities,SP500,64.30999755859375,0.0023378099738631253,0.007993704194857676,-0.07706198071159354,-0.125911783170076,-0.05470902206270323,0.3157894736842105,0.23196881091617932,0.29239766081871343,-0.23391812865497075,-0.13692624866444447,0.058723439958154655,False,-0.03619512790613699,False,-0.07449521143413518,-0.06463069765425966,0.08049143813677162,-0.006549214046567831,False,161.93919489809417,False,False,1.0051219623041296,1.3058224068544724,0.005299194490093528,False,0.9864501113048051
CBRE,436,0.3043115780318376,CBRE Group,Real Estate,SP500,130.52999877929688,0.016034852798473942,-0.04394638580272092,-0.09642812742049478,-0.07804776740251507,-0.02944461708768742,0.21832358674463936,0.4074074074074074,0.3391812865497076,-0.33723196881091616,-0.2393799993295771,0.04725609289546906,False,-0.0566460595601147,False,-0.09427003982014126,-0.10164527482537666,0.10408183891965028,-0.022125221339580614,False,257.10162234286497,False,False,0.9761606187843412,1.285771834785202,0.004125467223950352,False,1.0666238263219587
DLTR,437,0.30171509443319106,Dollar Tree,Consumer Staples,SP500,114.43000030517578,0.003595892599373318,0.008193835287892304,-0.13119736943170368,-0.0775493954850468,0.05271392380684192,0.09746588693957114,0.41325536062378165,0.5399610136452242,-0.4678362573099415,-0.1896466619604058,0.3456020587163724,False,-0.02125893979283322,False,-0.0784363850804356,-0.025129968496529376,0.08511228504532675,-0.0008767805757042835,False,309.10181758978274,False,False,1.0055796160061157,0.8903316552565391,0.008156466694935194,False,0.7449310813403627
LNT,438,0.30075569441106575,Alliant Energy,Utilities,SP500,63.709999084472656,0.006477090874466684,0.006318080911468682,-0.06198467605962876,-0.17731042498779848,-0.10098645418017871,0.4249512670565302,0.10721247563352826,0.21832358674463936,-0.16764132553606237,-0.17731042498779848,0.009302505193759192,False,-0.029528485641826974,False,-0.06655012932939985,-0.0842013551398394,0.07129480802390553,-0.006427625612640431,False,170.94257433389282,False,False,0.8157815969964681,1.4846061215767394,0.0,False,1.3588701994772896
NCLH,439,0.299733542379541,Norwegian Cruise Line Holdings,Consumer Discretionary,SP500,14.640000343322754,-0.0013642226669522417,0.031712528276713225,-0.05119895957409881,-0.25985845120789264,-0.2445819929156463,0.5009746588693957,0.029239766081871343,0.06237816764132553,-0.0682261208576998,-0.4148681024991755,0.03682722818542583,False,0.0004100265175419615,True,-0.13128098301247337,-0.24818978536308767,0.15112019012513267,0.006159097648303025,False,284.4647612469959,False,False,0.5620097284205339,1.4068720082355857,-0.0040927330536756346,False,1.567697378057362
SRE,440,0.29897536840579375,Sempra,Utilities,SP500,78.05000305175781,0.0011544890757071435,0.0039877179895415615,-0.06592036496249731,-0.15424937158796337,-0.18624349592257494,0.3820662768031189,0.15984405458089668,0.10526315789473684,-0.07992202729044834,-0.20533308186129495,0.015086534937150065,False,-0.03289953516563926,False,-0.0675538193203995,-0.1204956488807849,0.07244795541032079,-0.007157677345833058,False,324.12569323265075,False,False,0.7578973426820484,0.9690246437780028,-0.006798342554142467,False,0.8307709420450688
JKHY,441,0.2988473848243135,Jack Henry & Associates,Financials,SP500,143.83999633789062,0.004188710009196406,-0.026463645767237698,-0.14120751713016555,-0.017069361027694407,-0.06822654513587212,0.07407407407407407,0.6101364522417154,0.2651072124756335,-0.3021442495126705,-0.2443457786337555,0.1696890081074316,False,-0.06856272346361258,False,-0.08460557780673028,-0.08250214786794485,0.09242527128799494,-0.026674077015565678,False,154.94889183236694,False,False,1.0081688917893394,0.863855497437416,0.01228703183008406,False,1.0765586781505023
CVS,442,0.2953553976264863,CVS Health,Health Care,SP500,85.19999694824219,-0.005718350790095084,0.0017635966032016892,-0.12704919794816183,-0.18136494278046245,0.19299093121123256,0.10916179337231968,0.10136452241715399,0.7563352826510721,-0.5594541910331384,-0.22488729377912742,0.2340169636620666,False,-0.0620820499795538,False,-0.10608619838706523,-0.019390228787137476,0.11867609404357382,-0.024181151938357792,False,720.5881914635315,False,False,0.8898795867847217,1.2044952562853595,-0.0024506836094007056,False,0.8566807938489167
MAA,443,0.29286477228077806,Mid-America Apartment Communities,Real Estate,SP500,116.37999725341797,-0.01155088020236883,-0.007504731935704112,-0.10034016153131431,-0.17204155576405378,-0.027575786494230536,0.19883040935672514,0.11695906432748537,0.34502923976608185,-0.290448343079922,-0.17204155576405378,0.0,False,-0.044459976349472075,False,-0.09171652449292567,-0.099572517447578,0.10097786315194424,-0.017989891067760166,False,135.2802300834503,False,False,0.7017415834679447,1.1391527995872825,-0.0010191533834266187,False,1.098173719207671
NKE,444,0.2907544737032841,"Nike, Inc.",Consumer Discretionary,SP500,35.150001525878906,-0.0070621465882491075,-0.02333981976695687,-0.07791179142771854,-0.1943099567363018,-0.1969362762507374,0.31189083820662766,0.07797270955165692,0.10136452241715399,-0.0682261208576998,-0.5130888558375837,0.0,False,-0.036629938972580156,False,-0.09521267218715679,-0.26824698119931323,0.10523210179934317,-0.018855411062057015,False,1158.5879190964738,False,False,0.6148414016697471,1.6160342292060654,0.001412407765688739,False,3.6762771013523885
DPZ,445,0.28944259430921293,Domino's,Consumer Discretionary,SP500,295.0,-0.015386621197398198,0.006722865334299444,-0.12793615483983178,-0.04760196994868615,-0.1739243200930456,0.10721247563352826,0.5087719298245614,0.11500974658869395,-0.1929824561403508,-0.3153417320581551,0.04873822380552095,False,-0.04078264902334916,False,-0.10605551029659888,-0.15813147606134703,0.11863769117452327,-0.010857973349227334,False,267.4871628833618,False,False,0.7928421162775956,0.8781748590941999,0.00040060625691351603,False,0.795044984261029
TTWO,446,0.28707232312134984,Take-Two Interactive,Communication Services,SP500,203.6199951171875,-0.018698818712349352,0.0031530170613833786,-0.060273204726083995,-0.20145891709215924,0.027346106217956745,0.44639376218323584,0.07212475633528265,0.49902534113060426,-0.23391812865497075,-0.22368375277888664,0.07343556590487221,False,-0.028257024824141386,False,-0.10203514506981681,-0.09412965975540999,0.1136293302678868,-0.00917679314894515,False,565.5794824311829,False,False,0.8541616237439491,0.8951611679757647,0.0,False,1.0730315442207683
EXE,447,0.286243767714568,Expand Energy,Energy,SP500,85.95999908447266,0.022238111880371392,-0.03001583818176945,-0.14022808363397254,-0.046776360217458124,-0.1794827520915383,0.07602339181286549,0.5107212475633528,0.10916179337231968,-0.15399610136452246,-0.28818862865604955,0.022238111880371392,False,-0.05141307572333775,False,-0.07552282448641379,-0.11894373028666527,0.08169247060584017,-0.007317354580338997,False,290.5648799112854,False,False,0.9945041275346508,1.074043690750319,0.004875772148471791,False,1.1152342842649918
DECK,448,0.28582033470281487,Deckers Brands,Consumer Discretionary,SP500,79.56999969482422,0.018300490355074306,0.011311634293294404,-0.05923388540754293,-0.2399465293798364,-0.211475603932597,0.4522417153996101,0.03508771929824561,0.08771929824561403,-0.01364522417153996,-0.34207046396104734,0.026577183612679134,False,-0.004248556765821809,False,-0.09715588251234197,-0.21532391776215276,0.10761091602689654,0.008331524998229423,False,258.2985036569824,False,False,0.7397619056646446,1.1252141589156728,0.007038687689453482,False,1.0226535505612036
PEG,449,0.28250668528246037,Public Service Enterprise Group,Utilities,SP500,67.88999938964844,0.008167553930328086,0.01998199939661749,-0.06766103828775683,-0.16064360028897662,-0.1492817514867888,0.3684210526315789,0.1539961013645224,0.1539961013645224,-0.08382066276803118,-0.19885916037963647,0.01998199939661749,False,-0.029212802878158417,False,-0.06895749829909192,-0.12604081383677412,0.07406482322033048,-0.0017803243908668387,False,223.3428216485138,False,False,1.0295784796261853,1.2371195653939755,-0.004603468598933125,False,1.4874819605502108
BALL,450,0.2823575300503923,Ball Corporation,Materials,SP500,56.5,0.008388385346115523,-0.0028238589453405405,-0.09988848832305797,-0.10585232421324364,-0.05767538649842108,0.20077972709551656,0.2962962962962963,0.28654970760233917,-0.5126705653021443,-0.15793792141803975,0.23442057358732615,False,-0.049405670918612365,False,-0.08502077424236854,-0.053487710151470025,0.09292098863989917,-0.017591904248915324,False,118.98468439572906,False,False,0.8384423380049599,1.1242862779986682,-0.005354260995832805,False,1.7816233929389607
EIX,451,0.28212349748038285,Edison International,Utilities,SP500,53.79999923706055,0.0013028046793335246,0.02398169584273524,-0.08503401470877214,-0.28048303536754915,-0.25120954053334565,0.27680311890838205,0.025341130604288498,0.056530214424951264,-0.05847953216374269,-0.3306792600720967,0.07266346059505757,False,-0.021960462633981992,False,-0.1707768383023598,-0.20048690039810846,0.2059479838367444,0.0004297264839026038,False,323.2897825311508,False,False,0.5425135728616771,1.0982076301480328,-0.007816828076001703,False,0.8585552938774618
SBAC,452,0.28108265336095184,SBA Communications,Real Estate,SP500,158.02000427246094,-0.01311510684964512,-0.04875987889966238,-0.16307395627489318,-0.1378943024680983,-0.0669627291396866,0.04483430799220273,0.1968810916179337,0.26705653021442494,-0.08771929824561403,-0.2845949923717067,0.0,False,-0.10432954047646847,False,-0.12107089669269,-0.16516155233158547,0.13774819406606742,-0.04825259945172944,False,178.492865441864,False,False,0.727042571313896,0.8535104937339574,-0.0007494074497046421,False,0.6609976277540731
LHX,453,0.27908755908034927,L3Harris,Industrials,SP500,238.39999389648438,0.00684177348399051,0.0015123534721277476,-0.09112823135646697,-0.20699762288840629,-0.32041273062531606,0.24561403508771928,0.06432748538011696,0.02729044834307992,-0.04873294346978557,-0.36231631951793963,0.00816168082978086,False,-0.03002490714620276,False,-0.1023345709005209,-0.22693615182207116,0.11400079314982747,-0.005915289073786356,False,445.5924704797058,False,False,0.4612820202224857,0.980940644945094,-0.0002533894708297568,False,0.7796104982865115
NEE,454,0.2782120827182111,NextEra Energy,Utilities,SP500,76.3499984741211,0.008053876783159497,0.009653473962245585,-0.07934404686893537,-0.12922635135781857,-0.1654542391736724,0.3001949317738791,0.2202729044834308,0.1364522417153996,-0.10526315789473684,-0.20834107600650997,0.01139224579001219,False,-0.042405103311021874,False,-0.08000101434484164,-0.1156019261173945,0.0869577201629963,-0.008468605597256595,False,951.5285750262146,False,False,1.1362315291577227,1.3271376265270869,-0.003168707031141027,False,1.8814934638411127
JBHT,455,0.27770796855151575,J.B. Hunt,Industrials,SP500,227.1999969482422,0.014059334316352201,-0.008509696706005876,-0.11416099806564162,-0.20378119175992748,0.06824799849395613,0.14814814814814814,0.07017543859649122,0.5730994152046783,-0.14035087719298245,-0.23734725462448958,0.7068521099022735,False,-0.08130566751747614,False,-0.1318907370387351,-0.06364954337769357,0.15192872909665067,-0.018459625522526002,False,256.8541948818054,False,False,1.564111626592579,1.055962076481237,-0.00022317809005456546,False,0.734336254585861
SPGI,456,0.2774056526399713,S&P Global,Financials,SP500,388.1600036621094,-0.01599614048994147,-0.03742094566122911,-0.11823899684993922,-0.11561634162201373,-0.030591276940549195,0.13840155945419103,0.26900584795321636,0.33723196881091616,-0.4385964912280702,-0.24385176073159653,0.05722582544057708,False,-0.05339526801714756,False,-0.06999771167511859,-0.08212823415958825,0.07526617144265124,-0.02535415655245754,False,837.3711011989136,False,False,0.7949679148603714,1.258966168504667,0.010621853191472352,False,1.4911155926522563
O,457,0.27521123966689937,Realty Income,Real Estate,SP500,53.529998779296875,-0.01418048745087519,-0.029139779463415283,-0.1232828579122206,-0.15006530519488226,-0.11166903870299816,0.12085769980506822,0.16764132553606237,0.20077972709551656,-0.32943469785575047,-0.18273211751407792,0.001733402644691795,False,-0.06515562571845313,False,-0.113078722446468,-0.11430110182457176,0.12749578266786243,-0.029726925111659308,False,396.0315458572922,False,False,0.6789045177459009,1.5619392170488209,-0.0009207962755627408,False,1.731432736746847
HBAN,458,0.27306164955768414,Huntington Bancshares,Financials,SP500,15.1899995803833,-0.004587198391127756,-0.007838068970895784,-0.06575517610378223,-0.141080657546775,-0.02526301836569389,0.3840155945419103,0.18323586744639375,0.3508771929824561,-0.25925925925925924,-0.18856754196604442,0.04050449204665352,False,-0.04996095312174853,False,-0.08805984994714422,-0.08633520245737536,0.09656318996596469,-0.017987549973546346,False,451.2290874484043,False,False,1.1245628354803732,1.1239230089017704,-0.003931875407389485,False,0.9531404041255246
OTIS,459,0.2705426046089348,Otis Worldwide,Industrials,SP500,64.4800033569336,0.002487619136637642,-0.03299335540152093,-0.08668548511981666,-0.11305931210152576,-0.15734154768961262,0.25925925925925924,0.27485380116959063,0.14814814814814814,-0.12280701754385964,-0.30288518880653514,0.002487619136637642,False,-0.05218977770251976,False,-0.08416475177088667,-0.1674828924787508,0.09189944581586063,-0.024787058437712672,False,276.0264541237488,False,False,1.034101055174169,1.306076950554949,0.002176607436453537,False,1.6121058853847565
GEN,460,0.2675272656527163,Gen Digital,Information Technology,SP500,22.25,0.010445028948908863,-0.03554398377422552,-0.25882745966961573,-0.1620514905479984,0.2008473269445481,0.005847953216374269,0.1442495126705653,0.7660818713450293,-0.50682261208577,-0.291626866982198,0.25588901451526525,False,-0.18739271599291796,False,-0.20577609305951916,-0.0899461973789839,0.25909078190835677,-0.057692249118051375,False,209.61380612122346,False,False,1.7952597780132993,2.5761885505038213,0.021344200889368503,False,1.4251039273955142
NOC,461,0.2634907283429273,Northrop Grumman,Industrials,SP500,482.0,-0.0030611627217199677,-0.05300799717860205,-0.09553203300761626,-0.11806318693591067,-0.30226236939764095,0.22612085769980506,0.26120857699805067,0.037037037037037035,-0.10526315789473684,-0.3667832482398502,0.0,False,-0.06429841936236125,False,-0.10386951944543865,-0.18895719843102388,0.11590892364375338,-0.03993445868182188,False,407.82501871765135,False,False,0.8123289815377767,1.1284051793068914,6.2047610273952e-05,False,1.3648156398228466
APTV,462,0.26249165531789903,Aptiv,Consumer Discretionary,SP500,43.970001220703125,0.022082769707828076,0.008949044820152574,-0.019620898179645074,-0.25335368184038254,-0.2918344159664096,0.6842105263157895,0.031189083820662766,0.04483430799220273,0.01949317738791423,-0.5041163625950921,0.022082769707828076,False,-0.012753125341142812,False,-0.08249794620807516,-0.30740579086962894,0.08991581639204083,0.0019430914129014987,False,213.53638146037292,False,False,0.766606960683835,0.6578170153815999,-0.00046491068226062193,False,0.5732355716775286
XYL,463,0.2611675688460115,Xylem Inc.,Industrials,SP500,100.87999725341797,-0.003851085243174457,-0.017338850040859555,-0.05622604706285084,-0.14270313882121266,-0.16997917500372717,0.4678362573099415,0.17543859649122806,0.13060428849902533,-0.1267056530214425,-0.33119246490927867,0.0,False,-0.04558723233229989,False,-0.10151189740678246,-0.16203758845192473,0.11298079197019817,-0.020960145841535938,False,248.06735042449952,False,False,0.913916672773566,1.0957042455536432,-9.869168724441213e-05,False,1.3325949430242072
TSN,464,0.2563469175221158,Tyson Foods,Consumer Staples,SP500,50.470001220703125,-0.0011873651304803445,-0.013101254926509265,-0.08336360403387943,-0.13497764022116165,-0.20108065153094312,0.2826510721247563,0.2046783625730994,0.09551656920077972,-0.007797270955165692,-0.2527924538318479,0.030061371234893386,False,-0.025384011443362553,False,-0.08365806206519044,-0.14639515311507034,0.09129568188675652,-0.013035072105042067,False,188.42419257013702,False,False,1.1580093562967029,0.8373387153223361,-0.005937052133542897,False,0.9567046708348658
DTE,465,0.2536590715754379,DTE Energy,Utilities,SP500,123.2699966430664,0.012068912598334869,0.017247040209830367,-0.08571486936564843,-0.19253776679033208,-0.14771899470662242,0.26705653021442494,0.08382066276803118,0.15594541910331383,-0.18128654970760233,-0.19447233029234667,0.020193617272499464,False,-0.035688987204639755,False,-0.08230087452100543,-0.11131196954019862,0.08968176195879929,-0.0021183264969441007,False,208.91446515179445,False,False,0.8436781110486444,1.5065321941583576,-0.003776738114462219,False,1.38535786064493
ALGN,466,0.25166474023719876,Align Technology,Health Care,SP500,145.35000610351562,0.0,-0.0019226723196376083,-0.06201600538193297,-0.21228049675907856,-0.158513230482632,0.42300194931773877,0.05847953216374269,0.1442495126705653,-0.15009746588693956,-0.26408784291427356,0.15549729744515672,False,-0.029278554117294298,False,-0.09527298016952579,-0.14704004418136618,0.10530577520209117,-0.008396893828957919,False,147.24773269400023,False,False,0.7165318825899536,0.9153248547433033,-0.0024080226268883287,False,0.6790289819823965
FER,467,0.24492662401818857,Ferrovial,Industrials,NDX,52.939998626708984,-0.02144177227596411,-0.04405927039266655,-0.08249570317662469,-0.21825165870604935,-0.20234730402080003,0.2884990253411306,0.050682261208576995,0.0935672514619883,-0.08382066276803118,-0.28127610169884776,0.0,False,-0.04796161500933371,False,-0.12002941290858682,-0.1919736200238653,0.13640161917834415,-0.03311372057074813,False,92.4470093927307,False,False,0.8614026411075483,1.3658288905813658,-0.023844679061260088,False,1.888044963095528
KMB,468,0.2438173058216317,Kimberly-Clark,Consumer Staples,SP500,94.33999633789062,-0.03171511811153105,-0.029623584104617295,-0.10840456651887653,-0.16778207122948097,-0.008062037094676122,0.17153996101364521,0.13255360623781676,0.38596491228070173,-0.5653021442495126,-0.1912450391099212,0.04012232485870193,False,-0.04771521419315217,False,-0.09862398779667758,-0.06052521341328132,0.10941492391793428,-0.03337409855786211,False,410.8254101530762,False,False,0.7965142569165768,0.9842464608449327,-0.01498510807656328,False,1.5513163346982686
IP,469,0.23954234902324306,International Paper,Materials,SP500,32.52000045776367,-0.019595952579526732,-0.06766056588538649,-0.10806359642468899,-0.15209242107003218,-0.06390958371985156,0.17348927875243664,0.1617933723196881,0.2729044834307992,-0.4717348927875244,-0.31461630708554056,0.13618049186464098,False,-0.06483198317985572,False,-0.1495606894106991,-0.12788588214845298,0.17586285999298767,-0.042813714849898044,False,188.84338532957457,False,False,0.6986841908326681,1.133961337336634,-0.012661989512514515,False,1.3184837447070723
APP,470,0.23782134178673472,AppLovin,Communication Services,SP500,281.30999755859375,-0.03140169867844367,-0.09972158460133429,-0.09761337534174908,-0.46626570245957577,-0.2746751232085066,0.21637426900584794,0.005847953216374269,0.05263157894736842,0.003898635477582846,-0.6165348869676459,0.0,False,-0.10618483781752297,False,-0.15605346424136823,-0.3861222909502334,0.18490918278500934,-0.07351574691139773,False,1985.3674378474732,False,False,0.6633608069394339,0.8730138737784362,0.001962632436709466,False,1.360776502469061
CMCSA,471,0.23535055294247798,Comcast,Communication Services,SP500,21.700000762939453,-0.0027573283690845996,-0.019430565482780326,-0.1749048900214044,-0.08785204170478955,-0.21584078736214118,0.03898635477582846,0.3684210526315789,0.08382066276803118,-0.21832358674463942,-0.3149189841215092,0.004629647208502563,False,-0.08031359268993088,False,-0.12142188956907507,-0.17567697752378209,0.13820272566262792,-0.022929207973516164,False,694.6645398850517,False,False,0.8789282812716701,1.0554474650417118,0.009191123781578048,False,0.7049708202319228
CRH,472,0.23483346875560288,CRH plc,Materials,SP500,81.69999694824219,-0.013285097378897603,-0.026917605536854183,-0.10416667015231851,-0.23716698303615114,-0.2248046426379301,0.1871345029239766,0.037037037037037035,0.07407407407407407,-0.07797270955165692,-0.37116943913335554,0.0,False,-0.06139427920315321,False,-0.12160949274277899,-0.24255863356923424,0.1384458185033275,-0.03181207275752407,False,459.21627143154905,False,False,0.775820648866415,1.4840316154735895,-0.007850259685046046,False,1.1298423553112424
ALNY,473,0.23422120750887876,Alnylam Pharmaceuticals,Health Care,NDX,231.17999267578125,-0.0630623833629359,-0.07376098374225792,-0.06066396285215536,-0.26088626645559276,-0.2967481369220165,0.442495126705653,0.02729044834307992,0.04093567251461988,-0.08966861598440545,-0.5293758558257219,0.1250729875540766,False,-0.07397803982094808,False,-0.046560127519716055,-0.23888767006989697,0.048833837207368225,-0.06144738249500692,False,438.7401123798523,False,False,0.5503318435777171,0.6550253619012432,0.005957693069532866,False,1.0972722941057447
BRO,474,0.23094475152874575,Brown & Brown,Financials,SP500,61.77000045776367,0.014285696388941282,0.023868698541423594,-0.1426787253098296,-0.11552861533984227,-0.03579971239471591,0.0682261208576998,0.2709551656920078,0.3313840155945419,-0.6764132553606237,-0.3500679849108659,0.13852513340513517,False,-0.0466783427112889,False,-0.10104813565882798,-0.08864312025192134,0.11240661448862399,-0.0029310071378649827,False,149.82008891069793,False,False,0.7983003380428625,1.0125886085837152,0.010016367493768996,False,1.2683195941087892
WYNN,475,0.2292649431798675,Wynn Resorts,Consumer Discretionary,SP500,77.30000305175781,-0.026816029777594896,-0.03603939770122988,-0.14679906894438066,-0.1920630065222717,-0.24276027544996648,0.06432748538011696,0.08576998050682261,0.06432748538011696,-0.04483430799220273,-0.41496537440748005,0.0,False,-0.08470880457048191,False,-0.16962966450416372,-0.249108848945925,0.20428194174695946,-0.0389588850325745,False,175.63981972068785,False,False,0.8432280713195734,1.417930104739189,-0.004280548482674562,False,1.578805316172238
LOW,476,0.22772379960555877,Lowe's,Consumer Discretionary,SP500,182.3800048828125,-0.010364037511004898,-0.03241551505272333,-0.08832790752006958,-0.1933751850722334,-0.2186286671798906,0.253411306042885,0.08187134502923976,0.07797270955165692,-0.2222222222222222,-0.35840497144173655,0.0,False,-0.057589437210643024,False,-0.11244041158061036,-0.20766332451352254,0.1266849156357488,-0.030097957941540465,False,646.1580569953918,False,False,0.64874977399952,1.1742618863817562,-0.005860256181076551,False,1.397278800571569
NFLX,477,0.22409543646025262,Netflix,Communication Services,SP500,67.8499984741211,-0.024863514104730422,-0.053959881214626804,-0.16037618458131508,-0.12620737745242294,-0.2899006142640529,0.04678362573099415,0.2300194931773879,0.04873294346978557,-0.05847953216374269,-0.45341767183715087,0.0036982249355479446,False,-0.0865459346762637,False,-0.10252749452390231,-0.19421881876421188,0.11424026240170204,-0.04168343115469175,False,2487.1479642362824,False,False,0.9663791583590927,1.0777837949087121,-0.002443204433338231,False,1.2442363242731098
LVS,478,0.22136486574121758,Las Vegas Sands,Consumer Discretionary,SP500,36.689998626708984,-0.029621864742200188,-0.05071158659224273,-0.16309309993140675,-0.2142096404358632,-0.316289908240707,0.042884990253411304,0.056530214424951264,0.029239766081871343,-0.06432748538011696,-0.46275866090708395,0.0,False,-0.1000625797674023,False,-0.1664022566488882,-0.28597007529540996,0.19961937034515165,-0.05125625438325199,False,240.9444629885254,False,False,0.619028560674104,0.9311435401841862,0.000793408574644161,False,1.1409124037461054
VRSK,479,0.21624418733286793,Verisk Analytics,Industrials,SP500,168.3800048828125,0.003157573786265022,-0.0016008836255136938,-0.13130252208339355,-0.10362963748789067,-0.07742838250629391,0.09551656920077972,0.30409356725146197,0.24366471734892786,-0.3255360623781677,-0.31708624839033406,0.07939236841333042,False,-0.038610736899494014,False,-0.0865574311306545,-0.11069702319571628,0.09475957666150259,-0.009366412999326834,False,259.6127167031555,False,False,1.023204974452331,0.9873648821969083,0.016979390772073888,False,0.8656754751441128
BKNG,480,0.21589247090328562,Booking Holdings,Consumer Discretionary,SP500,160.27999877929688,-0.01614391273520177,0.018232609430262947,-0.1789714145289586,-0.12945882476183024,-0.03770650410697318,0.03508771929824561,0.21832358674463936,0.32943469785575047,-0.5964912280701754,-0.26513476667398683,0.045033362818273526,False,-0.05830705921146584,False,-0.15433508823334885,-0.1199893776859895,0.18250146847281679,-0.020725978784997046,False,1293.135600544281,False,False,0.9107599378335596,1.1021775199504478,0.0034374657541302867,False,0.9551987058208742
BLDR,481,0.21491991012538958,Builders FirstSource,Industrials,SP500,57.349998474121094,0.005963868840519915,-0.015957452379119608,-0.08663803730031472,-0.32282445600589815,-0.29171300963921265,0.26120857699805067,0.01364522417153996,0.04678362573099415,-0.06627680311890838,-0.5572795935889524,0.005963868840519915,False,-0.04022360745681941,False,-0.133143719187783,-0.3317268572256873,0.15359376419702642,-0.015578955398041217,False,179.54090251744842,False,False,0.6110922840887827,0.6837717978964275,-0.0022802535913927224,False,0.8159210187593354
FSLR,482,0.21464048248475068,First Solar,Information Technology,SP500,172.11000061035156,-0.017412668348885108,-0.0002904452294039128,-0.13794136803436063,-0.23360201720138452,-0.1369471357404044,0.07992202729044834,0.03898635477582846,0.16764132553606237,0.021442495126705652,-0.45919874120863613,0.0,False,-0.11320531041017134,False,-0.17310781828123312,-0.23383791441482615,0.20934750879058206,-0.04846648908711759,False,503.1398057321777,False,False,1.2056795208111424,1.0235897845889401,-0.0037680043863355106,False,1.0690526390032924
HD,483,0.21413961082310037,Home Depot (The),Consumer Discretionary,SP500,282.4599914550781,-0.007135571897009418,-0.033267169088778026,-0.11016816594339451,-0.20496921672840496,-0.13012575403786486,0.16764132553606237,0.06627680311890838,0.17738791423001948,-0.41325536062378165,-0.2647727226690779,0.0,False,-0.06292406388615734,False,-0.1226209105043069,-0.15670612903507808,0.13975818659501904,-0.03030974308795653,False,1378.8030896680298,False,False,0.7199585412994927,1.4285318490484489,-0.004850802946267385,False,1.8367610122757783
MCD,484,0.21313214543207332,McDonald's,Consumer Discretionary,SP500,231.8300018310547,0.0038538121600404374,-0.021896896244420816,-0.11213659056770575,-0.1680225562254628,-0.23505066680522468,0.1617933723196881,0.13060428849902533,0.0682261208576998,-0.1189083820662768,-0.3069418528047596,0.0038538121600404374,False,-0.05878006016605897,False,-0.10421169613854953,-0.19153918884366694,0.11633518286555744,-0.022915698432139586,False,1312.0713712875977,False,False,0.9326568383719197,1.119323030041734,0.002598037751726512,False,1.1644921566716242
TTD,485,0.20906585337010716,Trade Desk (The),Communication Services,SP500,12.100000381469727,-0.00575182369641658,-0.04196355725802403,-0.12191577533065956,-0.3664921392771908,-0.4494995162207075,0.1267056530214425,0.007797270955165692,0.005847953216374269,-0.011695906432748537,-0.7764640653480955,0.0041493933563012675,False,-0.11029410207560342,False,-0.17229866487632217,-0.467460619375614,0.2081652615077354,-0.04244623069554154,False,382.3689982072201,False,False,0.6140939787200674,0.7117299628784546,0.017255549451970387,False,0.5530074747382451
NRG,486,0.20859607160977023,NRG Energy,Utilities,SP500,96.93000030517578,0.013382109345294158,-0.009402127575797836,-0.11487536832850354,-0.2884120714459584,-0.3490862632235331,0.14619883040935672,0.021442495126705652,0.021442495126705652,-0.04678362573099415,-0.4698040411346439,0.013382109345294158,False,-0.08315716016906805,False,-0.1578924468137587,-0.3099363888931308,0.18749677071099624,-0.024184808815484016,False,340.60257988127137,False,False,0.722957523270577,0.9564419539536354,0.0020909246738285425,False,0.8900745611491776
CPRT,487,0.2085085239735564,Copart,Industrials,SP500,27.290000915527344,0.00036657729582567633,-0.02674750269300752,-0.1595318789785869,-0.09063643094333418,-0.17353117694730646,0.04873294346978557,0.3586744639376218,0.11695906432748537,-0.1793372319688109,-0.40362758049565894,0.005526953914970267,False,-0.08468888895314608,False,-0.10498764271268235,-0.18666473604928313,0.11730300912368197,-0.025439133794983082,False,327.64874320038984,False,False,0.9498244395983516,0.7973436070296295,0.008797645347408345,False,0.6765864044817336
PNR,488,0.20498296731173443,Pentair,Industrials,SP500,52.880001068115234,-0.002075874822934032,-0.002828544496218277,-0.12522745408243596,-0.3077290363202453,-0.38597143611680873,0.11695906432748537,0.015594541910331383,0.015594541910331383,-0.08576998050682261,-0.5236085055737307,0.0,False,-0.05243162136711965,False,-0.1358347317543558,-0.3459152243266339,0.15718605774346384,-0.019751083174620154,False,199.66259658184813,False,False,0.4536434953691005,0.6896469050632794,0.001320998162048781,False,0.89303907850113
ERIE,489,0.20133266957347706,Erie Indemnity,Financials,SP500,222.11000061035156,0.013506761561970837,0.014386160942170267,-0.13268771218499742,-0.13835686757859722,-0.09035432696898449,0.09161793372319688,0.19103313840155944,0.22612085769980506,-0.7309941520467836,-0.3155579118127637,0.07788540109690145,False,-0.06298910202366714,False,-0.09451146449666736,-0.10306968635916602,0.10437621327158109,-0.01695909551038466,False,65.99877463122559,False,False,0.6128135814701845,0.47576947283243926,0.009354337708656901,False,0.500735501701312
PCG,490,0.1991678206169915,PG&E Corporation,Utilities,SP500,12.170000076293945,-0.006530606016820761,-0.008103502216211256,-0.13085601879467323,-0.28327473873940257,-0.3095375396965988,0.09941520467836257,0.023391812865497075,0.031189083820662766,-0.07212475633528265,-0.35683587018831586,0.0226079818293774,False,-0.07184153394526538,False,-0.21560083929407692,-0.25903299429166704,0.2748611295045831,-0.020702840580464676,False,614.5504603302669,False,False,0.7267088578017732,0.932425451743024,-0.004897993438097936,False,0.7659885980861845
HWM,491,0.198186486001915,Howmet Aerospace,Industrials,SP500,228.3800048828125,0.009726820577737216,-0.0043595779000479284,-0.10400562819379311,-0.15502229827924374,-0.04371206895086599,0.18908382066276802,0.15789473684210525,0.30994152046783624,-0.25925925925925924,-0.21961384026683195,0.24317168124775068,False,-0.014239502515486557,False,-0.1191424348960144,-0.07963614099424343,0.135257321519342,-0.0033390098467889207,False,751.5127093001404,False,False,1.2579144315087547,0.7597023627956194,-0.0023432611038085582,False,0.8942350228629791
MKC,492,0.19360387269543722,McCormick & Company,Consumer Staples,SP500,44.13999938964844,-0.048706940989430514,-0.07695525572272399,-0.186509385273398,-0.16669816174373642,-0.07116584578832297,0.02729044834307992,0.1364522417153996,0.25925925925925924,-0.7134502923976608,-0.3728263087135407,0.0,False,-0.10805760607175696,False,-0.14775142023090215,-0.19772375628027072,0.17336657841182057,-0.0714090799964241,False,159.74637384962463,False,False,0.7969198720883459,1.5217217668787864,0.008620640043698113,False,2.98299632598709
YUM,493,0.19149262043998888,Yum! Brands,Consumer Discretionary,SP500,136.69000244140625,0.0025671564685112447,-0.004732735647416386,-0.09636818958631788,-0.16603437349911643,-0.10181242440628191,0.2202729044834308,0.13840155945419103,0.21442495126705652,-0.35477582846003897,-0.1797770318934233,0.008208157736727006,False,-0.03190236999075413,False,-0.06626938691191309,-0.10524389769395115,0.07097270452849691,-0.01095035534454225,False,344.53724419787596,False,False,0.9507798865647759,0.8009805288191836,0.004034055057436925,False,0.7335442553474283
GIS,494,0.19040275727370176,General Mills,Consumer Staples,SP500,31.670000076293945,-0.015236311363278632,-0.0907264309111595,-0.22925286058195993,-0.14244863998876167,-0.11953755600922655,0.01364522417153996,0.17738791423001948,0.1871345029239766,-0.7641325536062378,-0.33947677996998327,0.0014984899595322787,False,-0.11211415757237042,False,-0.15009070388993095,-0.16813362710392432,0.17659614334950535,-0.06312140340863082,False,350.10518363328555,False,False,0.7783397663010779,1.278137823574017,0.00031089308397524995,False,1.8545848165807244
AON,495,0.18947158611902662,Aon plc,Financials,SP500,275.95001220703125,-0.0029626651703198448,-0.000507023552885455,-0.15430578446078158,-0.22626578622885507,-0.13702414946249697,0.056530214424951264,0.04483430799220273,0.16569200779727095,-0.4191033138401559,-0.27456584446575794,0.014149231963085596,False,-0.06502312305653568,False,-0.16563985151500238,-0.16688548867931474,0.19852320585512806,-0.018354147247021113,False,519.0401267464599,False,False,0.7122242012546534,1.2098796885357819,0.00256538642497528,False,1.2456530767847955
WY,496,0.18282635813277487,Weyerhaeuser,Real Estate,SP500,18.59000015258789,-0.02414693453518668,-0.07696123555282808,-0.19756205434357355,-0.21139145091789646,-0.2181045225045425,0.017543859649122806,0.06042884990253411,0.07992202729044834,-0.21832358674463936,-0.29572692236322673,0.0,False,-0.1255262530633846,False,-0.19278431427788978,-0.2187231678206053,0.23882627368103093,-0.06692638667086726,False,136.69387512940597,False,False,0.8226808130157571,1.4488104642733988,-0.0026246319718100652,False,2.1226827532218424
AXON,497,0.17838546137032077,Axon Enterprise,Industrials,SP500,422.2099914550781,-0.0007336873204919492,-0.05121350234813904,-0.18539455643644176,-0.2928279395123832,-0.003210840818810845,0.029239766081871343,0.017543859649122806,0.3937621832358674,-0.5360623781676412,-0.44405089263433517,0.22047172479450428,False,-0.08568422884918359,False,-0.2054178031900743,-0.15159932178080882,0.2585230376602723,-0.030646138062768946,False,503.08351312854006,False,False,0.7493871096133814,0.9793824070130976,0.00979838766469232,False,0.8653878273650454
STZ,498,0.17521562658548961,Constellation Brands,Consumer Staples,SP500,112.98999786376953,-0.0006191375936297483,-0.01068208764979306,-0.13503794197104813,-0.17159890907069075,-0.24124568539840252,0.08576998050682261,0.1189083820662768,0.06627680311890838,-0.15009746588693956,-0.3122138699261705,0.0019508843420423805,False,-0.054975208008971044,False,-0.11211809393351202,-0.20372754605482257,0.12627590805428146,-0.017782208977177194,False,254.11020680621337,False,False,0.8448204032140177,0.8114538506661195,0.00035380255077943623,False,1.0185999078754429
ROL,499,0.173598188774829,"Rollins, Inc.",Industrials,SP500,30.56999969482422,0.014940200632553191,0.005592107842998795,-0.15529149337234538,-0.291863699078863,-0.42374761202425915,0.05458089668615984,0.01949317738791423,0.007797270955165692,-0.04093567251461988,-0.5287004994618167,0.017981984543172125,False,-0.07124412989414375,False,-0.13694921418338435,-0.38164682045318177,0.158680365552073,-0.018532046928990353,False,227.8266053365898,False,False,1.063948067954771,1.5832169265667655,0.0059760422580297234,False,1.2274795666609757
PODD,500,0.17242096870791898,Insulet Corporation,Health Care,SP500,130.7899932861328,0.002452610273900424,-0.036750666799423404,-0.11854704823990214,-0.20482735479403646,-0.3682863334265143,0.1364522417153996,0.0682261208576998,0.01949317738791423,-0.4366471734892788,-0.6223871150895843,0.002452610273900424,False,-0.052318539205503334,False,-0.10275852346340208,-0.32643081798672313,0.11452716593091061,-0.025960059178347428,False,247.369190003479,False,False,0.5182861561052889,1.027159723208858,0.010040603558957306,False,1.9391848208513267
MGM,501,0.17079075161266943,MGM Resorts,Consumer Discretionary,SP500,30.469999313354492,-0.018679547116180917,-0.09557730616236115,-0.2526367679362581,-0.35307854988368814,-0.17156062195124988,0.007797270955165692,0.011695906432748537,0.12085769980506822,-0.07797270955165692,-0.39889524287144895,0.0,False,-0.18155204264784153,False,-0.261780758993329,-0.2341046093503062,0.3546111296643424,-0.08853234514989294,False,127.65961667583466,False,False,1.8362253769899974,2.2695309024743673,0.0022544799965502627,False,1.5837275991020956
ALB,502,0.16395288067962907,Albemarle Corporation,Materials,SP500,105.02999877929688,-0.0070901872627624485,-0.02974596970626442,-0.22248897652346278,-0.22260365949382388,-0.408007752817367,0.015594541910331383,0.04678362573099415,0.009746588693957114,-0.007797270955165692,-0.5100043665927606,0.21258136362699487,False,-0.08761378845846979,False,-0.14459791487367302,-0.3206657627927716,0.16904087257668832,-0.03773527632105678,False,288.3736047554779,False,False,0.9533493936575472,0.8550956643311556,-0.015882022353592484,False,0.8217216969791046
FIS,503,0.16259064708956564,Fidelity National Information Services,Financials,SP500,33.099998474121094,0.006078934315090212,-0.05401552196863224,-0.17995459820736637,-0.19898427447741762,-0.2502807893916692,0.03313840155945419,0.07602339181286549,0.05847953216374269,-0.21637426900584794,-0.4988391296758977,0.006078934315090212,False,-0.0923218949857404,False,-0.1668338878670702,-0.27983981765456134,0.20024084685822197,-0.03665673210021736,False,251.55694222610472,False,False,0.8050118183807295,1.1174871228203125,0.010334350663189218,False,1.087258292415952
EFX,504,0.15187855483457502,Equifax,Industrials,SP500,139.72999572753906,0.0181433265426314,-0.06095434904704866,-0.2495703651038208,-0.18560020746535555,-0.2173183981281307,0.009746588693957114,0.09746588693957114,0.08187134502923976,-0.4658869395711501,-0.41035077752272564,0.0181433265426314,False,-0.12677211582406533,False,-0.19517081518815993,-0.2319889836765412,0.2424996743051615,-0.051925074363602386,False,248.0119702998657,False,False,0.7941908880987063,1.6908040031854716,0.019600605326055343,False,1.4113169973197661
SYK,505,0.15008163483289655,Stryker Corporation,Health Care,SP500,272.9599914550781,-0.008823933563682496,0.015104301141777077,-0.1372892487276146,-0.16143698003222495,-0.16649857204214424,0.08187134502923976,0.14814814814814814,0.13450292397660818,-0.46393762183235865,-0.2894794601813996,0.015104301141777077,False,-0.01869947726415655,False,-0.12269330091365749,-0.16924567900760534,0.13985223302345062,-0.007870292482156094,False,822.288095272461,False,False,0.939229209516734,0.9695142443465619,0.0007625238531114853,False,0.9201519208577479
CLX,506,0.14186016792361422,Clorox,Consumer Staples,SP500,80.6500015258789,-0.0044439032324201655,-0.014058697835882206,-0.15078445309846444,-0.16109221777534655,-0.20739945962583195,0.06042884990253411,0.15009746588693956,0.08966861598440545,-0.4346978557504873,-0.35026201370177656,0.0,False,-0.0626343724878885,False,-0.15610126458791795,-0.19155849833809913,0.18497629874002897,-0.025645347971931742,False,284.2359242649536,False,False,0.8884899265777367,1.0010162330916395,-0.005061148639644464,False,1.2559467942856912
TPL,507,0.1300545885261098,Texas Pacific Land Corporation,Energy,SP500,336.4599914550781,0.03262439100415593,-0.005291969090678084,-0.09047658174079798,-0.1723965099762096,-0.23152226902043416,0.24951267056530213,0.11500974658869395,0.07017543859649122,-0.2553606237816764,-0.37472821534475553,0.23518810055810846,False,-0.04842712664115656,False,-0.08218844584385443,-0.1496482044146954,0.08954827978758684,-0.008500537239544359,False,139.09680923602295,False,False,1.0461846671953008,0.7819796050840715,0.0005217857003370074,False,0.9144998951562172
CASY,508,0.1267659254681605,Casey's,Consumer Staples,SP500,619.5,0.018144130474754272,0.0344828007947362,-0.1922128780515291,-0.22253702373164896,-0.15839887391697594,0.023391812865497075,0.04873294346978557,0.14619883040935672,-0.3742690058479532,-0.32338965126717856,0.21002678599689095,False,-0.010518537974022135,False,-0.1746072118117168,-0.15283333932595589,0.2115443874848668,0.01791471465364758,False,355.07532883984373,False,False,1.0969987916419546,1.2291752678659196,0.0020050137380756006,False,1.3867145162455743
LULU,509,0.12310780757067707,Lululemon Athletica,Consumer Discretionary,SP500,95.86000061035156,-0.0034307290017557834,-0.056867363380617486,-0.18762711347159688,-0.1905767089138295,-0.3963856049114066,0.025341130604288498,0.08966861598440545,0.01364522417153996,-0.12475633528265107,-0.555957020371628,0.0,False,-0.04758593314294701,False,-0.14607422131966652,-0.34123176652452936,0.17106196459534373,-0.030431812970102223,False,554.5725633323822,False,False,1.797242687953936,0.940537914427842,0.0011435763339184835,False,1.0902941993677415
FICO,510,0.11705958198387903,Fair Isaac,Information Technology,SP500,661.75,0.11693424599166713,-0.22736080808587567,-0.40041500453416956,-0.47927730468802154,-0.37687736599668364,0.003898635477582846,0.003898635477582846,0.017543859649122806,-0.14619883040935672,-0.6479210540774945,0.11693424599166713,False,-0.2630723235352316,False,-0.36328977298867526,-0.45952631987672465,0.5705731706147288,-0.1375041919022253,False,508.28938128027346,False,False,2.1710814216675356,3.773809355717775,0.07178427835996759,True,5.8509055019425995
COO,511,0.10035572187699081,Cooper Companies (The),Health Care,SP500,57.40999984741211,0.015566974829610558,0.03665580968118909,-0.17133370584631002,-0.2262802936844034,-0.1962760800485086,0.04093567251461988,0.042884990253411304,0.10331384015594541,-0.7543859649122807,-0.3191413655693349,0.0777172771554775,False,-0.005051863328701556,False,-0.14609623231938174,-0.19707641407512155,0.17109215095303987,0.015888772585500144,False,204.09049585412598,False,False,2.2276974802252667,1.479695699516018,-0.0012382751872596076,False,1.5165929025409295
CHTR,512,0.08665251408582339,Charter Communications,Communication Services,SP500,111.37000274658203,0.004238063248299007,-0.05257337426401165,-0.2381831801992087,-0.18826526804810606,-0.48504184331417477,0.011695906432748537,0.0935672514619883,0.003898635477582846,-0.41520467836257313,-0.6061045250292936,0.0063251521570291125,False,-0.1374823681927081,False,-0.20790373742884494,-0.3650241458194736,0.26247281707148384,-0.04220159884456387,False,430.5271474492035,False,False,0.8971035346941648,0.9059305188795123,0.004418375626939808,False,0.954829656413963
CTVA,513,0.052534876002792365,Corteva,Materials,SP500,12.569999694824219,-0.8381197753018081,-0.8417872853662541,-0.8567194891845314,-0.8531842507689542,-0.8493518033482701,0.001949317738791423,0.001949317738791423,0.001949317738791423,-0.7465886939571149,-0.8608243133713659,0.0,False,-0.8396877962949756,False,-0.8434613778328526,-0.8391150032395466,5.388199833088024,-0.8091029083016883,False,408.0380703470154,False,False,8.615000967542933,3.1843001959806685,-0.8140373561284375,False,18.504272301869296
