Ticker,rank,score,name,sector,index,price,ret_1d,ret_1w,ret_1m,ret_3m,ret_6m,rs_1m,rs_3m,rs_6m,rs_3m_chg,pct_from_52w_high,pct_from_52w_low,new_52w_high,pct_vs_20dma,above_20dma,pct_vs_50dma,pct_vs_200dma,dist_to_50dma,pct_vs_9ema,pullback_9ema,avg_dollar_vol_m,above_50dma,above_200dma,vol_ratio_20_60,volume_x,gap_pct,gap_up,rvol
TGT,1,0.8549753468638916,Target Corporation,Consumer Staples,SP500,162.53500366210938,-0.0039526231316444616,-0.043292693825197626,0.1335215957061111,0.3239232591655907,0.4608992300029884,0.8888888888888888,0.9688109161793372,0.9415204678362573,0.24366471734892792,-0.043292693825197626,0.995834413047026,False,0.038800212823532076,True,0.12802213594550804,0.3627881833406652,-0.11349257418445946,0.002556330559010833,True,639.4038332343157,True,True,0.8950107374911073,0.9597203252882968,-0.0021448146858417116,False,0.11114775189033443
ABNB,2,0.848096548560945,Airbnb,Consumer Discretionary,SP500,185.86000061035156,-0.01884597056148285,-0.022869491351521498,0.22663671706437505,0.34808157824603714,0.39471715647427374,0.9688109161793372,0.9746588693957114,0.9298245614035088,0.3606237816764132,-0.02435695217663225,0.6663080427183161,False,0.03233045250591848,True,0.16423069524124267,0.34515403733286454,-0.1410637049104878,-0.0008403538303837221,True,706.3990689404071,True,True,2.1366237691227563,0.8628009242292017,-0.006387538942415949,False,0.2579603897607959
DASH,3,0.8475828460038985,DoorDash,Consumer Discretionary,SP500,234.1300048828125,-0.01102475521580959,0.02213397091703828,0.19356647895514634,0.42086422270461155,0.3271923361628537,0.949317738791423,0.9883040935672515,0.9025341130604289,0.17153996101364521,-0.16898554341524796,0.5970668153826073,False,0.06321723662976497,True,0.17103177655624746,0.24459151673560142,-0.14605220795904883,0.019297412569457162,True,858.6352752080775,True,True,0.5051912941894153,0.7516097778329734,-0.008279152945798951,False,0.1478753387193222
CRM,4,0.8472308221534228,Salesforce,Information Technology,SP500,259.76568603515625,0.014709711074829102,0.24254132339378365,0.4116165634391893,0.24253878407565477,0.35313554752378806,0.9961013645224172,0.9239766081871345,0.9161793372319688,0.39766081871345027,-0.01931608142670116,0.7303869869724984,False,0.2532884135357547,True,0.41909136035009453,0.30083570754483246,-0.29532373465137807,0.13301777232330214,False,2638.2883526135533,True,True,1.6838345623992965,1.691957235628969,-0.006289064884185791,False,0.2762893962562281
IQV,5,0.8311627106983144,IQVIA,Health Care,SP500,259.0150146484375,-0.010448845660219641,-0.004707099722968344,0.10209773610657802,0.38644151854103703,0.48628569632375007,0.8304093567251462,0.9785575048732943,0.9454191033138402,0.0,-0.012824872977184043,0.6533576445401568,False,0.04613749327664163,True,0.16109566256143593,0.2887946173490994,-0.13874452188207365,0.007380934790129912,True,308.41948697022826,True,True,0.5702328445974022,0.7695061514337409,-0.014059188828199565,False,0.05905342318317989
LH,6,0.8306834078660704,Labcorp,Health Care,SP500,335.55999755859375,0.0013428791343210733,-0.009019166336809326,0.08757896735867465,0.30914243403675323,0.177098728677749,0.7992202729044834,0.9629629629629629,0.7758284600389863,0.08966861598440545,-0.009019166336809326,0.3742869459219387,False,0.028939470622305175,True,0.1166295991760653,0.22931567954926435,-0.10444788429585194,0.007074134396146015,False,203.12148488552856,True,True,0.5741842210686158,0.7680975593946439,-0.007191588582485697,False,0.11157217801422883
SJM,7,0.8295298704277032,J.M. Smucker Company (The),Consumer Staples,SP500,133.85499572753906,0.011447781710529403,0.06343841111240356,0.1328981546717456,0.34290267006186737,0.1912202458750485,0.8869395711500975,0.9727095516569201,0.7914230019493177,0.07602339181286555,0.0,0.5258476650271189,True,0.0920188190083071,True,0.1420492768965993,0.28109369526803185,-0.12438104009189821,0.04200077234506194,False,164.89459656168913,True,True,0.6822694757577608,1.2137044933076806,-0.004609344319415842,False,0.08851664402549066
GPC,8,0.8237254901960783,Genuine Parts Company,Consumer Discretionary,SP500,136.50270080566406,-0.007325239920083049,0.005989375411860287,0.09755325071274434,0.41877342114046456,0.17464278525281074,0.8206627680311891,0.9844054580896686,0.7719298245614035,0.1578947368421053,-0.067037946137118,0.49226679789150607,False,0.01263781092656524,True,0.07435022393382607,0.15449597738467102,-0.06920482937266603,0.0019804486576384672,True,202.16146543883423,True,True,0.5357881563117844,0.6181149740736384,-0.004872359797178261,False,0.047216843048002874
PSX,9,0.8178339639949548,Phillips 66,Energy,SP500,246.1699981689453,0.008852111432873455,0.01739953437865749,0.1691069747211822,0.3730390168517954,0.5562071290563111,0.9337231968810916,0.9766081871345029,0.9532163742690059,0.12475633528265107,0.0,0.9995238224784917,True,0.07070765380307176,True,0.19106091056802943,0.46405362608818734,-0.1604123759522177,0.02352976516001104,False,545.1308571358502,True,True,1.0338711947442467,0.6749020651179787,0.016843574865276434,False,0.15018949083880362
J,10,0.8172743951381722,Jacobs Solutions,Industrials,SP500,151.21499633789062,-0.0050335531724838845,-0.002605397209093918,0.12342598909406766,0.23218884096157977,0.09374881699400861,0.8635477582846004,0.9083820662768031,0.6296296296296297,0.37621832358674456,-0.07062744018270051,0.417580903819176,False,0.028518538808614213,True,0.11031487962241338,0.14445395334786992,-0.09935458998795765,0.009013593296979039,True,124.28181765153931,True,True,0.5726429163962097,0.6696224871059131,-0.006185040583179369,False,0.07744770536066338
NWSA,11,0.8095298704277032,News Corp (Class A),Communication Services,SP500,30.844999313354492,-0.004036164119193164,0.002763299214570525,0.11919448153370205,0.1509328429644241,0.29219429503347416,0.8596491228070176,0.7797270955165692,0.8810916179337231,0.24561403508771928,-0.011061276524391372,0.3827633063814848,False,0.04040001782458802,True,0.10128066655917856,0.18278443079014872,-0.0919662622205274,0.010203535110740125,True,114.91002376001076,True,True,0.8137278743855199,0.7812506137169062,-0.004843384625636493,False,0.06583395835754202
BDX,12,0.802010090585942,Becton Dickinson,Health Care,SP500,188.50999450683594,-0.005329304257364664,-0.011691364800805015,0.1382079462896506,0.3062613082796697,0.08219870224009207,0.8947368421052632,0.9610136452241715,0.6042884990253411,0.24951267056530213,-0.018177111943562863,0.3852261867613489,False,0.02683516238670358,True,0.1305259039543174,0.19431099901565108,-0.11545591613404715,0.003047078640904699,True,339.05351243213744,True,True,0.6834985070388723,0.5667614576524849,-0.00865343685456399,False,0.08644674959342447
VLO,13,0.8019470244238046,Valero Energy,Energy,SP500,355.9049987792969,0.010060771867149931,0.028627164102014158,0.13744009498779253,0.4148599361096861,0.6703639710087035,0.8927875243664717,0.9824561403508771,0.9629629629629629,0.06822612085769975,0.0,1.3557871825754533,True,0.06410952160084271,True,0.1682700191076938,0.5200895067374627,-0.14403349940985033,0.025572833416625862,False,808.6747003853242,True,True,0.8719520673527955,0.6052084392764358,0.021568868258218465,False,0.17646860748923004
EXPE,14,0.8018541451668387,Expedia Group,Consumer Discretionary,SP500,323.9100036621094,-0.016786057364968743,-0.043502635713683846,0.10055290587431509,0.4204008695400816,0.5277192558223889,0.8265107212475633,0.98635477582846,0.9512670565302144,0.1364522417153996,-0.043502635713683846,0.728135724137392,False,0.0032036234594465807,True,0.11644139388985786,0.2604999716201788,-0.10429691565282939,-0.0074210643787944175,True,439.6892461654657,True,True,0.9438855494127419,0.648471214061749,-0.012748944195926093,False,0.0774913049861538
RJF,15,0.8017348927875244,Raymond James Financial,Financials,SP500,179.51499938964844,0.0008641769556725354,0.01604599746089863,0.020087531241803402,0.23546077528249887,0.17102260545299597,0.5750487329434698,0.9142300194931774,0.7660818713450293,0.21442495126705652,-0.009189719358871473,0.2834786325541603,False,0.007259231073471151,True,0.05297730324971961,0.1275811236471771,-0.050311913738520286,0.010903880361440077,False,207.8324964632706,True,True,0.7273718965292172,0.7944114127331958,0.00022297773191737313,False,0.05663909587451298
MPC,16,0.8012647632152277,Marathon Petroleum,Energy,SP500,370.4599914550781,0.004419393601808208,0.02190224727472012,0.17380590096165327,0.436149310285348,0.7771998666576678,0.9415204678362573,0.9941520467836257,0.9688109161793372,0.05847953216374269,0.0,1.3043771505240604,True,0.07360788645417582,True,0.19412785446498138,0.5668738758649605,-0.1625687347792072,0.024438804099079725,False,700.7507022170355,True,True,1.2490756915369963,0.8467670482764056,0.014668014692589049,False,0.1421530699352785
APA,17,0.7946726292856324,APA Corporation,Energy,SP500,43.0,0.010813330384879194,0.0009311200274628728,0.15219722271229075,0.14709001083977524,0.3755913694338968,0.9181286549707602,0.7758284600389863,0.9259259259259259,0.5886939571150097,-0.031313345545406324,1.0544651824477809,False,0.05482644524073188,True,0.1648385593652295,0.30980727641050865,-0.14151193574417475,0.018274574259389276,False,200.80826731036177,True,True,1.1628356568785414,0.6390186134008128,0.026563169466353065,False,0.09678333724183634
DGX,18,0.7942242862057104,Quest Diagnostics,Health Care,SP500,241.8699951171875,-0.0036661699200334352,-0.008201090909272901,0.038024122652351,0.26354528289448553,0.1601080480706769,0.6569200779727096,0.9454191033138402,0.746588693957115,0.07407407407407407,-0.012775530133928625,0.4123397671783733,False,0.009560484399863345,True,0.07826351140939858,0.21624708255488012,-0.0725829174234972,-0.0017513492802260222,True,208.80866275499633,True,True,0.44794658211801236,0.6564668906864458,-0.0031718117939328883,False,0.06659074111963388
ROP,19,0.7935615181745214,Roper Technologies,Information Technology,SP500,424.510009765625,-0.003965280133744642,0.021660128007690016,0.08301657893099801,0.23623722512398504,0.20549132349361288,0.7933723196881092,0.9181286549707602,0.8050682261208577,0.2378167641325536,-0.1875787068418432,0.35219963222246053,False,0.04674101519598595,True,0.12608091035627877,0.13090476348903857,-0.11196434394433374,0.020263693149672024,False,329.61527927375,True,True,0.5243252751220908,0.6468658149322948,-0.009854556749733345,False,0.06113380799064283
CRL,20,0.7901788785689713,Charles River Laboratories,Health Care,SP500,288.0299987792969,-0.01190394929915306,-0.03533387456434667,0.2387854526005273,0.5819738957135938,0.6126196618052289,0.9727095516569201,0.9980506822612085,0.9590643274853801,0.02729044834307992,-0.03533387456434667,0.9786355999679668,False,0.02097385898832904,True,0.16534997928083173,0.4567117108926875,-0.14188868770811114,-0.009003378578055776,True,225.84104301718688,True,True,0.9736606008712575,0.8391344346678892,-0.019176659821237174,False,0.16057145186621924
NWS,21,0.7884531590413943,News Corp (Class B),Communication Services,SP500,34.540000915527344,-0.008895195758012675,-0.014550594369027836,0.10457308634134677,0.12581488174562927,0.31266042732391686,0.834307992202729,0.7212475633528265,0.8927875243664717,0.2651072124756335,-0.022083770839080086,0.35155406743788253,False,0.024469848868686528,True,0.08716867245232818,0.16215288616350132,-0.08017952932335848,-0.0004070129389589505,True,41.1843094185881,True,True,0.8403738152626958,0.7549577474225102,0.0,False,0.14212618088690052
IVZ,22,0.7864132553606238,Invesco,Financials,SP500,32.68000030517578,-0.005477793725879532,0.007087813153428435,0.11143846608973118,0.19111434542884131,0.26887283464730194,0.8440545808966862,0.8499025341130604,0.8654970760233918,0.08966861598440545,-0.018913270553641892,0.557437425423132,False,0.016990464345498113,True,0.09512328120368241,0.22375874326499234,-0.08686079716899964,0.002720895264859191,True,139.1177105685791,True,True,0.6012138503896413,0.5148253374131334,-0.004260480433598501,False,0.04016864042644037
APD,23,0.7829297098956542,Air Products,Materials,SP500,312.4949951171875,0.014297766339890439,0.020425173335544278,0.0597001580054799,0.1274559858466775,0.14462143387145554,0.732943469785575,0.7251461988304093,0.723196881091618,0.37037037037037035,-0.005394848057060142,0.3811633547214759,False,0.02714076880240257,True,0.0483838106142942,0.11934109294194517,-0.0461508563223082,0.01876206538789349,False,354.0413769831592,True,True,0.6412226704551897,0.6241358486593193,0.00606963919444059,False,0.07952910230705784
COP,24,0.7826166723999541,ConocoPhillips,Energy,SP500,132.68499755859375,0.017913243925925304,-0.0049869404910686255,0.10864856505347187,0.15564962500983448,0.1380466832878542,0.8382066276803118,0.7933723196881092,0.7134502923976608,0.4970760233918129,-0.01634666647662464,0.5978063440433248,False,0.04739438312068578,True,0.1304240242401018,0.20198855127663506,-0.11537619640362462,0.01509983042422225,False,778.3279809675935,True,True,0.9257486929561897,0.7223380934189191,0.018642060314531195,False,0.12242777294263367
BLK,25,0.7812303634904255,BlackRock,Financials,SP500,1152.9150390625,-0.009931421407171515,-0.01679582003828639,0.05734189012563706,0.13586547914491742,0.09131855275510947,0.7212475633528265,0.7504873294346979,0.6257309941520468,0.27875243664717353,-0.02581818830700855,0.25627034151160455,False,-0.001472098842492997,False,0.06477439860471113,0.09671013183103594,-0.06083391814227701,-0.007192729084493421,True,795.7513621780517,True,True,0.5635316087330929,0.7257810702452774,-0.009970103004165898,False,0.1310256135182021
SCHW,26,0.7776069258112601,Charles Schwab Corporation,Financials,SP500,109.7750015258789,-0.0034949357609987963,-0.03409590803320517,0.04613364155111954,0.2406480149059569,0.15708616946898668,0.6842105263157895,0.9220272904483431,0.7368421052631579,0.12475633528265107,-0.03409590803320517,0.2899250515645344,False,0.0016786179486099062,True,0.06118583524060339,0.13675571275823506,-0.05765798336983141,-0.003310654501654242,False,868.8835618307921,True,True,0.7472422492116422,0.9998399605552883,-0.0068990750813843205,False,0.06371457922175754
MRNA,27,0.7770863433092535,Moderna,Health Care,SP500,141.4149932861328,0.024820549725526497,0.018179810696093757,1.5796241166248013,2.0702342394660813,1.676033494549917,1.0,1.0,0.9980506822612085,0.14230019493177393,-0.1890412356556186,5.324462854471692,False,0.42333039599791866,True,0.8051948418492256,1.70196928726451,-0.4460431767157007,0.05995850732514851,False,2051.5385772317413,True,True,8.210465496966258,1.5469899083886591,-0.028190443037855673,False,0.3592193979769421
VEEV,28,0.775384703589038,Veeva Systems,Health Care,SP500,285.9200134277344,0.033358671816422936,0.1507687583579882,0.40308182913181256,0.5155306258756254,0.575750996068034,0.9941520467836257,0.9961013645224172,0.9571150097465887,0.04483430799220278,-0.06629216808845173,0.8881333108157945,False,0.16744455114629275,True,0.3597975719063571,0.43807644498949316,-0.26459642180559406,0.08833719388114125,False,420.11899342369077,True,True,1.3486042940179828,1.377629966164668,-0.006866868624524014,False,0.31031535500181956
SLB,29,0.7730971218896916,Schlumberger,Energy,SP500,59.290000915527344,0.03418801712667929,0.09796297991717307,0.19560396719283446,0.0886002238763215,0.16248999721242074,0.9512670565302144,0.6101364522417154,0.7524366471734892,0.4990253411306043,0.0,0.904980060087849,True,0.10960354095229596,True,0.1866591565703588,0.22594605232320641,-0.15729803755092964,0.0703828011913834,False,627.3449363665161,True,True,0.9029349842352704,0.9253923087509414,0.014913649309761468,False,0.4879151124654722
AMGN,30,0.7729342965256277,Amgen,Health Care,SP500,429.3800048828125,-0.007030221660704661,-0.0325792888752412,0.12132445471219433,0.3122149216336725,0.12821028477881335,0.8615984405458089,0.9649122807017544,0.695906432748538,0.24756335282651076,-0.0325792888752412,0.6272996429983695,False,0.0164996594581317,True,0.10717349023236822,0.21992177052023076,-0.09679918384775921,-0.0072694367880069555,True,940.1196425139356,True,True,1.091000363884018,0.6715634839084916,-0.008857168888839695,False,0.10031131872569757
JPM,31,0.7720708634330926,JPMorgan Chase,Financials,SP500,356.0799865722656,-0.004306270806858081,-0.0008699123528410624,0.012194712536288455,0.2060291176546285,0.2082088203787913,0.5341130604288499,0.8830409356725146,0.8109161793372319,0.14619883040935677,-0.024919235133439854,0.2710883247319751,False,-0.006146023540541501,False,0.02452919812975307,0.1295266254497185,-0.023941921981853076,-0.00106835148584572,False,2702.222506388107,True,True,0.5829720531881896,0.5164251080779142,-0.004809577887666783,False,0.12756851665877367
TECH,32,0.771629400298131,Bio-Techne,Health Care,SP500,72.33499908447266,-0.0002073170693127624,-0.0007597776714948212,0.004509707445906841,0.4257747959595073,0.2547413631669726,0.5107212475633528,0.9902534113060428,0.8538011695906432,0.040935672514619825,-0.0018628692418443116,0.6754998152833032,False,0.0017472769297846025,True,0.02139671104155716,0.19372679943711235,-0.020948482416531466,0.00011462089115288343,True,367.6411955143053,True,True,0.061412321884246786,0.2728616149783514,0.00034556359925641544,False,0.0920716963848235
ADP,33,0.7704242632725605,Automatic Data Processing,Industrials,SP500,286.6199951171875,-0.0029915675395654207,0.012755680813382186,0.07565865161227436,0.2355375480471309,0.35451794833298966,0.7738791423001949,0.9161793372319688,0.9181286549707602,-0.011695906432748537,-0.021929299755137688,0.5297133128404388,False,0.0370879452678714,True,0.11562014196836246,0.2236213282238817,-0.10363755333815161,0.015482912873602261,False,618.3125974029492,True,True,0.6044848225050855,0.584271330787041,-0.006574421094367455,False,0.043811098697159705
OKE,34,0.7698727210182319,Oneok,Energy,SP500,96.66999816894531,0.020156141722843746,0.03923889118040491,0.07722309416249296,0.15153186265043006,0.14949923005225707,0.7777777777777778,0.7816764132553606,0.7309941520467836,0.40740740740740744,-0.004120753344354133,0.5604230066744573,False,0.043220188913574376,True,0.06879378803375014,0.16868078802350284,-0.06436581949106324,0.022721449243027214,False,322.1311124482895,True,True,0.9321738343416556,0.6858516343337147,0.018256602876094874,False,0.20398188148180546
AMP,35,0.764082100676528,Ameriprise Financial,Financials,SP500,556.885009765625,-0.004353496257433642,-0.007565083100615877,0.023422271426632557,0.2493007773142195,0.17952790851138767,0.5886939571150097,0.9337231968810916,0.7816764132553606,0.13450292397660824,-0.024172886884425204,0.3026602011498356,False,-0.0048574583272246175,False,0.05626288651878064,0.15327979300391226,-0.05326598826567808,-0.0024058335317825863,False,293.3534729138794,True,True,0.6280228087985084,0.41781912151926603,-0.002377917958283904,False,0.05468443813205329
CF,36,0.762182089209953,CF Industries,Materials,SP500,130.1750030517578,0.03485970350835088,0.007234583092332159,0.04517705340441713,0.15486064178184678,0.25963483482844985,0.6783625730994152,0.7894736842105263,0.8576998050682261,0.36647173489278756,-0.04520411189640794,0.735856178149328,False,0.07078004534004667,True,0.10224431421251712,0.22679283834001795,-0.09276011941650542,0.033297891858197204,False,280.91849623188995,True,True,0.9895036680621706,0.7027068598047319,0.01653551010347387,False,0.23710343873444661
TMO,37,0.7608370599701869,Thermo Fisher Scientific,Health Care,SP500,613.7999877929688,-0.013468779101643902,-0.023761813585035485,0.06877938505936299,0.24365491995017963,0.20929397799437077,0.7621832358674464,0.9259259259259259,0.8148148148148148,0.05847953216374269,-0.03820046442589464,0.401686553919848,False,0.013651574298873648,True,0.09515459866618525,0.14781588439356352,-0.086886909649173,-0.009256857491873993,True,1120.0602411183545,True,True,0.6898815272376954,0.6019876738206458,-0.012536545508999297,False,0.09305995059139002
RVTY,38,0.7582398807476207,Revvity,Health Care,SP500,126.8550033569336,-0.015100928949843495,0.031341490706777275,0.12739963687823774,0.26277912372504186,0.3289453008544918,0.8752436647173489,0.9434697855750487,0.9044834307992202,-0.003898635477582846,-0.022010663859046486,0.5430895834574607,False,0.05841055956827046,True,0.10954921064057865,0.24964425983477523,-0.09873307969579137,0.014388815435210534,False,170.2917293572328,True,True,0.8885088470831909,0.7844956918044854,-0.01133545558442639,False,0.08954471185230051
BX,39,0.7555177158582731,Blackstone Inc.,Financials,SP500,142.6999969482422,0.002177102043138923,-0.006544155147594544,0.12842003780912226,0.23273184407027747,0.2615225378760797,0.8791423001949318,0.9103313840155945,0.8615984405458089,0.45224171539961017,-0.21301338703789507,0.4247100550285883,False,0.004130490932878095,True,0.09497719015444916,0.11032487032170057,-0.08673896680994098,-0.0007475471544398093,False,582.030331960263,True,True,0.8337656367358788,0.5024269107511883,-0.00589926498694604,False,0.08430288253675441
OMC,40,0.7511363375759661,Omnicom Group,Communication Services,SP500,87.49500274658203,-0.008892116488100066,-0.01624690415065133,0.1117535722920544,0.16401739670415094,0.04630641080838749,0.847953216374269,0.8109161793372319,0.543859649122807,0.3099415204678362,-0.01624690415065133,0.3276753483511876,False,0.01395576014348654,True,0.06895851233012107,0.13866277900521817,-0.06450999878358699,-0.0009229830109108716,False,252.5214799141144,True,True,0.6621365518434965,0.5011625336593044,-0.0031717125415563485,False,0.028492073656374687
REGN,41,0.7498646944157781,Regeneron Pharmaceuticals,Health Care,SP500,790.1400146484375,-0.005099519989572698,-0.04630052546959862,0.0372823469713246,0.3169891151694324,0.0018135430145549414,0.6549707602339181,0.9668615984405458,0.4249512670565302,0.34892787524366464,-0.060296858602981396,0.42966218606999584,False,-0.01696740919908757,False,0.09806453920693659,0.0862349161949083,-0.08930671714229343,-0.021504482454263396,True,559.9115561325195,True,True,0.6609990098098173,0.6145958479549843,-0.014794948266635854,False,0.08829903526233131
MRK,42,0.7456839811948172,Merck & Co.,Health Care,SP500,147.375,-0.006572336119995081,-0.021804085903759596,0.13191246892720976,0.2888321967853549,0.23164665508391624,0.8830409356725146,0.9571150097465887,0.8421052631578947,0.08771929824561409,-0.05800573426181932,0.9434573650414559,False,0.04919935006868914,True,0.11545392820065681,0.2679905256608748,-0.10350398638776237,-0.004028939918956476,True,1338.326992815608,True,True,1.6824654531923777,0.799712521394206,-0.009100141880504009,False,0.08098642653325026
PLTR,43,0.7453503038642357,Palantir Technologies,Information Technology,SP500,185.65499877929688,-0.0034086345467875256,0.05551764980120377,0.5086543349791566,0.15564896254477678,0.278879941592588,0.9980506822612085,0.7914230019493177,0.8693957115009746,0.6705653021442495,-0.1038951378387638,0.7307262476855594,False,0.06684327838420501,True,0.2813593313543352,0.2267011867303632,-0.2195787898597905,0.03275606029511424,False,6047.360430259878,True,True,2.0640768099895723,0.5869878050334167,-0.009635505038578684,False,0.11975896489545068
BAX,44,0.7447528953101709,Baxter International,Health Care,SP500,26.239999771118164,0.004209744121106862,-0.009055369961304516,0.0034450552275933077,0.4266371079495672,0.33386307203198795,0.5009746588693957,0.9922027290448343,0.9083820662768031,0.011695906432748537,-0.0740697516252875,0.6622636483689572,False,-0.01905407368518175,False,0.07951434031800808,0.30008831078949116,-0.07365751185351044,-0.0019759826979078854,False,157.32700878070983,True,True,0.5808480142982271,0.5598239772985681,-0.008419415247621354,False,0.06869247561433765
ANET,45,0.743086801972251,Arista Networks,Information Technology,SP500,194.19500732421875,-0.006065091252835719,0.03212869319071143,0.07676740089909662,0.1377725313892293,0.5018948394493383,0.7758284600389863,0.7524366471734892,0.9473684210526315,0.23196881091617927,-0.07745839750964967,0.6722208896677051,False,-0.0033500143934291904,False,0.07308496755293281,0.2881947713188022,-0.06810734449071265,-0.0026634657923968463,False,1373.3961813348633,True,True,0.8265454400352373,0.5353430584828978,0.0006141627300064734,False,0.07361809295665146
EG,46,0.7399346405228758,Everest Group,Financials,SP500,375.5899963378906,-0.005349405714976552,-0.0031848302232466708,0.003848730361879049,0.16314910294777119,0.11944267507088546,0.5048732943469786,0.8070175438596491,0.6803118908382066,0.253411306042885,-0.05796341901574953,0.2469132462837782,False,0.012245091257158558,True,0.01404636786987945,0.10646628407685488,-0.013851800385997537,0.0022460921840161685,True,126.16939213211609,True,True,0.6247160947496009,0.5811765352059217,-0.004501951101400059,False,0.0702852614896989
UNP,47,0.7382456140350877,Union Pacific Corporation,Industrials,SP500,302.0799865722656,-0.0173384633757796,-0.02510811058894813,0.034060115438825145,0.14641361127994545,0.13739153275854887,0.6374269005847953,0.7719298245614035,0.7095516569200779,0.13060428849902528,-0.02749342823761225,0.4286063551509236,False,0.005190963705660856,True,0.036821395008532765,0.1729923811819507,-0.035513729930534255,-0.010319904250722156,True,798.4587928776178,True,True,0.619496782512808,0.6388051827943083,-0.007091482547124217,False,0.08613565428311545
V,48,0.7369223712876964,Visa Inc.,Financials,SP500,381.5199890136719,-0.00020968838722201788,-0.0023273832795019933,0.043970067559346626,0.1842140435913333,0.1950364724876712,0.672514619883041,0.8382066276803118,0.8031189083820662,0.14230019493177382,-0.0068204965243297,0.2960922472170344,False,0.03120586169733386,True,0.06262742401131116,0.14906920682030034,-0.058936389741287676,0.010458758002587443,True,2787.50413890928,True,True,0.9133758724272255,0.6346416318384283,-0.0006551362578651743,False,0.08240613180495944
BAC,49,0.7366574934067194,Bank of America,Financials,SP500,62.10499954223633,-0.0034499382804994427,-0.0036098553218115725,0.0025019980207909853,0.21195272235494023,0.26040135079059334,0.49317738791423,0.8927875243664717,0.8596491228070176,0.07407407407407407,-0.041737357171042544,0.33620897529904226,False,-0.014984199452090619,False,0.014109848344577847,0.142652077609003,-0.013913530538738672,-0.003332624528228134,False,1896.573343668655,True,True,0.8186432052375783,0.8570561684682201,-0.0011232300251444727,False,0.13267095624923336
INCY,50,0.7312647632152276,Incyte,Health Care,SP500,122.65499877929688,-0.013789530669864769,-0.04160809843695179,0.026229938288844012,0.28313634771715157,0.22605955274695955,0.6042884990253411,0.9532163742690059,0.8362573099415205,0.03508771929824561,-0.05599164401277168,0.502020490800068,False,-0.008634198011922778,False,0.029806488900657513,0.1761583646525755,-0.028943776546287436,-0.02327717997602541,True,199.5080265913391,True,True,0.628183244414039,0.47965023074475094,-0.013749288789170255,False,0.0813655159522572
MA,51,0.7312636165577343,Mastercard,Financials,SP500,593.0,-0.0038635777593341025,-0.01143597759324122,0.03472347803490439,0.1993822183723002,0.14206292111585994,0.6393762183235867,0.8674463937621832,0.7192982456140351,0.09551656920077978,-0.01143597759324122,0.2596629912657882,False,0.027404696586270427,True,0.07816453754170838,0.12232587775100034,-0.07249778194331002,0.006634383297841273,True,1756.1357441242405,True,True,0.8222787912354692,0.7369937464155226,-0.0029565089899465935,False,0.09008249596305251
ZS,52,0.7306272216488934,Zscaler,Information Technology,NDX,187.50999450683594,0.01780382595322716,0.06503463084754135,0.24014549134563246,0.20422571717824423,0.2620136774533577,0.9746588693957114,0.8771929824561403,0.8635477582846004,0.07602339181286544,-0.44238260733040835,0.5883946603933936,False,0.05766204604102265,True,0.1943714958180296,0.07115025963799981,-0.16273956344286655,0.037686620895014844,False,370.257294081398,True,True,0.6693471736135604,0.8867033020775809,-0.00032566661230604144,False,0.15673404656458637
JNJ,53,0.7301616787065703,Johnson & Johnson,Health Care,SP500,266.42999267578125,-0.006006625197039539,-0.019396464094504018,0.044447075055706,0.19790618358331735,0.0833755403380767,0.6764132553606238,0.8615984405458089,0.6062378167641326,0.13840155945419097,-0.024566235676939607,0.5642753611048574,False,0.010128819083756069,True,0.03361575189291299,0.14918089859772876,-0.03252248413528025,-0.003904042802353347,True,1943.1460059604578,True,True,0.7451099204500404,0.6868336313089652,-0.003413701372004363,False,0.13062551212071552
GPN,54,0.7282719871574361,Global Payments,Financials,SP500,90.76000213623047,-0.011544299304256045,-0.03753977519581164,0.07944814652357146,0.20736893108105758,0.17354183461715578,0.7855750487329435,0.8869395711500975,0.7680311890838206,0.05653021442495132,-0.04291890347186922,0.4584290358446286,False,0.001434423817907149,True,0.0990128991821142,0.21004562415364747,-0.0900925723945547,-0.013183842277330604,True,261.43381911757507,True,True,0.7902733525346557,0.6489799715116695,-0.005881081652386322,False,0.06821623391253347
PAYX,55,0.7250659328058708,Paychex,Industrials,SP500,126.4000015258789,-0.005037778534604964,0.0030949875647712233,0.08182134104439398,0.24674043336070262,0.3725070472754608,0.7875243664717348,0.9278752436647173,0.9239766081871345,-0.013645224171540016,-0.03898030233123906,0.5117306826516379,False,0.03119277187780911,True,0.11252154428813799,0.24185651794242014,-0.10114100249639335,0.011032907797030367,False,334.0847139450024,True,True,0.7367012120615759,0.4326137870265294,-0.005824920170313774,False,0.06237143144645116
DE,56,0.723165921339296,Deere & Company,Industrials,SP500,648.2000122070312,0.028350220729914,-0.0006783461264638913,0.09369468827189253,0.19809022767767592,0.033129757625576906,0.8089668615984406,0.8635477582846004,0.49902534113060426,0.45029239766081874,-0.016164929826506858,0.48945708023406964,False,0.04666730162517174,True,0.05969982819688102,0.153863914087506,-0.05633654607499794,0.02862311816126728,False,706.530297945653,True,True,1.1113286622008995,0.6362592847204346,0.028032907256640538,False,0.16474061527286057
TYL,57,0.7231636280243091,Tyler Technologies,Information Technology,SP500,378.0299987792969,0.0002381233457937615,0.06250875432205105,0.2210271037685363,0.14613593114424317,0.06601433642898025,0.9649122807017544,0.7699805068226121,0.5828460038986355,0.6120857699805069,-0.3322204291070322,0.3733062588254805,False,0.12203873092488338,True,0.18909515021649304,0.051693297562439344,-0.15902440623197,0.051681560571329,False,253.5341035970874,True,True,0.7214855628540419,0.9357411973697767,-0.019077079453096335,False,0.13802318651106454
STT,58,0.7227026717119597,State Street Corporation,Financials,SP500,193.3300018310547,0.0,0.01262310750692941,0.04979364675605735,0.21592281325445906,0.5108175746274775,0.7017543859649122,0.8966861598440545,0.949317738791423,0.01754385964912275,-0.0014977445173329773,0.7948072863644822,False,0.021310554389720737,True,0.057719934369459436,0.3201864000156205,-0.05457014895334089,0.008729456838163063,True,360.44203146853636,True,True,0.8067570566889722,0.3960403481849017,0.0,False,0.05350572525880344
SHOP,59,0.7208565531475748,Shopify,Information Technology,NDX,146.05999755859375,-0.04473509882885551,-0.024966658324244828,0.24677759843074787,0.17676437581786875,0.22348802914226829,0.9766081871345029,0.8284600389863548,0.8323586744639376,0.5282651072124757,-0.18406791776636755,0.5310272035894301,False,-0.020750244646505656,False,0.11072241489424894,0.1117530072011712,-0.09968504588501603,-0.026229870246101128,False,1192.2056035079909,True,True,1.2869499836175085,0.5480036309942006,-0.014388469823822359,False,0.17198895126487623
PANW,60,0.7206501547987616,Palo Alto Networks,Information Technology,SP500,375.6000061035156,0.010791490097000977,0.07039046063454135,0.1319049552555065,0.2499999746093109,1.501498643832512,0.8810916179337231,0.935672514619883,0.9941520467836257,-0.05847953216374269,-0.05151513610223324,1.6512318130731,False,0.01986096802412063,True,0.08815443215995922,0.6304185310494372,-0.08101279520129778,0.02901070946948847,False,2144.7249194359415,True,True,1.1363117152773674,0.7589542340222863,-0.00427889973777662,False,0.1905808201834573
WTW,61,0.7203038642357527,Willis Towers Watson,Financials,SP500,339.56500244140625,-0.012174538352272779,-0.03188880273298289,0.0108507646700724,0.32586753795813705,0.12433913839642674,0.5282651072124757,0.9707602339181286,0.6881091617933723,0.011695906432748537,-0.03188880273298289,0.4075706886793622,False,0.00019956590258751739,True,0.09697838186065977,0.13777782406066885,-0.0884050073039434,-0.004254332017136542,True,172.617850700022,True,True,0.6368728384576441,0.6569684700227024,-0.006458185369318192,False,0.07939691989129027
AJG,62,0.7197454420364637,Arthur J. Gallagher & Co.,Financials,SP500,264.69000244140625,-0.010726547852352275,-0.026839178113423623,0.06122205270051273,0.28855428846485265,0.16187460837933432,0.7407407407407407,0.9551656920077972,0.7504873294346979,0.07017543859649122,-0.1397499378370548,0.3831824914553412,False,0.02988612390446166,True,0.0592142034537575,0.13626344013449576,-0.055903898626622484,0.006267114372804361,True,373.6182614034009,True,True,0.7371932450662716,0.7303847956389565,-0.01281952723530766,False,0.12763863779342935
MSI,63,0.7186102511179909,Motorola Solutions,Information Technology,SP500,486.57000732421875,0.0011728545765818943,0.010487660794500142,0.11662652283240105,0.1857435246568344,0.006598922951830843,0.8538011695906432,0.8421052631578947,0.43859649122807015,0.46588693957115007,-0.0014570502726497514,0.3461657022506417,False,0.032228924292535766,True,0.11082448739897321,0.1605437211729468,-0.0997677748880671,0.010176747603822589,True,417.21238738968015,True,True,1.0601542543412263,0.6267763628646716,0.0,False,0.07376715364314033
BIIB,64,0.7177984176126592,Biogen,Health Care,SP500,217.39999389648438,-0.005034352876501669,-0.003300940935361263,0.0711997889407574,0.13093689189183833,0.15607546061378397,0.7660818713450293,0.7348927875243665,0.7348927875243665,0.13255360623781676,-0.018775969073610455,0.6024176076553303,False,0.020317143064505272,True,0.0460472192525434,0.14467860591443005,-0.04402021094750064,-0.0010947151323384974,True,235.12272328666444,True,True,0.660031256397939,0.38985091578988346,-0.00929061226222827,False,0.05685956240781303
ZBRA,65,0.7164717348927876,Zebra Technologies,Information Technology,SP500,352.7799987792969,-0.01029601150806747,-0.028956755758733577,0.20066704099567367,0.4113457725384413,0.5754733907827565,0.9551656920077972,0.9805068226120858,0.9551656920077972,0.03508771929824561,-0.07904766608960567,0.7700953004385083,False,-0.039934243867911556,False,0.1528110178795652,0.3833525153924562,-0.13255513306998035,-0.018434983012006856,False,231.76578483341677,True,True,1.9795364413905023,0.5721420742593187,-0.0029457659547982296,False,0.061331435759940024
NSC,66,0.7162286435041855,Norfolk Southern,Industrials,SP500,344.8299865722656,-0.0110416605035768,-0.02308919530964082,0.03193839378231722,0.13446951746494795,0.09519790811703777,0.6296296296296297,0.746588693957115,0.631578947368421,0.16179337231968816,-0.02308919530964082,0.28839749006597515,False,0.0062993694734896355,True,0.03735398046965166,0.12768819111918472,-0.03600890455227257,-0.006605650499282967,True,375.37693107057925,True,True,0.6783623567849825,0.6496700348274552,0.0006309545294378438,False,0.07848770259354107
NDSN,67,0.7162068570118105,Nordson Corporation,Industrials,SP500,323.5799865722656,-0.00311164785427831,-0.030994538767185942,0.08664110383078727,0.15352046650531492,0.11402027896659761,0.797270955165692,0.7855750487329435,0.6627680311890838,0.29629629629629634,-0.03322385787033444,0.4769072985183107,False,0.017315200326797564,True,0.06685248809249233,0.17033319923780388,-0.06266329116598213,-0.00624797638198038,True,114.45140392697144,True,True,1.3586275277352777,0.7113182558272776,-0.005884357754886271,False,0.04658269359767459
DXCM,68,0.715255131292283,Dexcom,Health Care,SP500,90.29000091552734,-0.005835705583327355,-0.008455926462889951,0.08196529919021445,0.2059569601077551,0.22377341297629938,0.7894736842105263,0.8810916179337231,0.834307992202729,-0.09161793372319693,-0.022200514442971553,0.646425978561318,False,0.01622997224907352,True,0.13449602534582517,0.28459307607159534,-0.11855134116034216,0.004849680064209938,False,384.148367328031,True,True,0.6068759441292635,0.5716700697069995,-0.012552294576955503,False,0.05260277580702733
EXPD,69,0.7137335167985324,Expeditors International,Industrials,SP500,190.47000122070312,-0.0026182122679161424,0.014055259351075433,0.1344928340767324,0.1902143515190995,0.3146435779299104,0.8908382066276803,0.847953216374269,0.8947368421052632,0.0799220272904484,-0.0026182122679161424,0.7012319123080633,False,0.027318577747042383,True,0.08069802832223072,0.21161338107931638,-0.07467213431259179,0.00850153758389105,False,190.9734835543939,True,True,1.3322253621841016,0.49214058144103523,-0.0008378471020925593,False,0.07082082609229905
WELL,70,0.7126178190574477,Welltower,Real Estate,SP500,234.47999572753906,-0.015079646684727388,-0.023040702078510167,0.003946303254498185,0.1925677781010513,0.12375664216838222,0.50682261208577,0.8557504873294347,0.6861598440545809,0.23196881091617938,-0.06627062915630366,0.44035418721525077,False,-0.005535621694459869,False,-0.0013414427193740863,0.1240496150271968,0.0013432446050698488,-0.013702840013529727,False,695.9703551922113,False,True,0.7900349211041877,0.5964303276444861,-0.006930772900873405,False,0.06651602754677721
CTVA,71,0.7123345946565761,Corteva,Materials,SP500,84.80000305175781,0.010727074010854487,0.024030981183835953,0.07737268502251249,0.0916581194465782,0.05558181474045343,0.7797270955165692,0.6198830409356725,0.5692007797270955,0.3001949317738791,-0.0630869401138483,0.4002409341821356,False,0.07007208491089467,True,0.025817237157236272,0.10512443976823005,-0.025167482298095845,0.030513311637345497,False,344.98770242703523,True,True,0.639661346334621,0.695431676071257,0.0016686458534240778,False,0.11783866628235305
CVX,72,0.7111959637656232,Chevron Corporation,Energy,SP500,206.3699951171875,0.02234219009808447,0.01615046943936993,0.0576183688124563,0.12022290711899664,0.10800467036595118,0.7251461988304093,0.7017543859649122,0.6549707602339181,0.2378167641325536,-0.005078382644663759,0.4455385563836034,False,0.04324068953589855,True,0.10425910769734892,0.16591368983676413,-0.09441543834286747,0.021530549710352398,False,1510.8151003139856,True,True,0.9441464196180097,0.7627668186152512,0.020905584107516972,False,0.31646456729652167
TRGP,73,0.710645568168788,Targa Resources,Energy,SP500,291.4549865722656,0.0126293487441691,-0.00953246482793757,0.07798569307196668,0.13022636960581946,0.22820265607395562,0.7816764132553606,0.7309941520467836,0.8382066276803118,0.20662768031189083,-0.035715511754290774,1.0350113950573867,False,0.03928399291198592,True,0.05983193255750541,0.24708265221049008,-0.056454170439197426,0.0066195380553784045,True,343.11667531936763,True,True,1.3951324889469707,0.655325504803777,0.01073586359272749,False,0.07488799665152619
SWK,74,0.7100699461070978,Stanley Black & Decker,Industrials,SP500,96.86499786376953,-0.009560379946956243,-0.016698855312032634,0.02415939932837463,0.2524035914834548,0.1778541555476123,0.594541910331384,0.9376218323586745,0.7777777777777778,0.04483430799220278,-0.06860578977144682,0.6121878679275374,False,-0.0369908457201763,False,0.02469787532214629,0.20462004717846893,-0.02410259249769764,-0.018536397337068244,False,167.40037941840347,True,True,0.7165070993968699,0.5947262709514245,-0.0061350315418506884,False,0.06983453321847506
MDT,75,0.7077009517257196,Medtronic,Health Care,SP500,90.9531021118164,-0.0030351993305735014,-0.02095693629800599,0.06514934725298005,0.24052081165452655,-0.05684982562480689,0.7543859649122807,0.9200779727095516,0.28654970760233917,0.34892787524366464,-0.1152980337292947,0.24438955533243156,False,0.005755079944119279,True,0.06171842664876759,0.025498230681454848,-0.058130691810235446,-0.0035613873045849953,True,628.6694156422164,True,True,0.6754361829396847,0.763044182282429,-0.005261463764893226,False,0.13610522829933966
BMY,76,0.7057011810572182,Bristol Myers Squibb,Health Care,SP500,66.31500244140625,-0.003980164949842879,-0.014342989824601027,0.015388224167530273,0.22044742699779607,0.08686359705805424,0.5536062378167641,0.898635477582846,0.6120857699805068,0.25536062378167645,-0.023630679782216224,0.6092908904871666,False,0.010587465265357698,True,0.07284875778145494,0.16592306622367503,-0.06790216911104874,-0.0038622026205960003,True,693.2110257818115,True,True,0.9052674347011694,0.46643474220232684,-0.0049564707416509535,False,0.059224962810590955
RSG,77,0.7051920651301457,Republic Services,Industrials,SP500,223.48500061035156,0.0061906262492528175,0.001815486713163894,0.06143432615108546,0.11605556323063371,-0.024290750612553258,0.7426900584795322,0.6803118908382066,0.3684210526315789,0.26510721247563357,-0.033309453696208746,0.13355308902481533,False,0.030538975141814584,True,0.032554380408857275,0.045230615731208346,-0.03152800571720671,0.012236498931381679,False,299.4074388679123,True,True,0.635151626120478,0.8890934155833707,-0.0020260093962704007,False,0.14205492350594953
TRV,78,0.7040018346519895,Travelers Companies (The),Financials,SP500,366.32501220703125,-0.009664724921443435,-0.011401904534127372,-0.021463226463655283,0.2731682109984024,0.18838619196578366,0.34502923976608185,0.9512670565302144,0.7855750487329435,0.04873294346978552,-0.07777802960255775,0.4170450966383519,False,-0.014103133765076437,False,0.020383187275348824,0.1840364654418516,-0.019976012472115,-0.006380930949304031,False,682.6601968011206,True,True,0.6014617648727189,0.5421189490649138,-0.0006487976164772924,False,0.09299663419797576
GIS,79,0.7033734663456026,General Mills,Consumer Staples,SP500,41.47999954223633,-0.001684709894333336,0.013685273664455044,0.16027970747514209,0.2547729334885933,-0.04897463584384887,0.9239766081871345,0.9395711500974658,0.3060428849902534,0.4619883040935672,-0.13792192539408699,0.3117195075780079,False,0.06846632362068128,True,0.11436323322691755,0.06349018271728091,-0.10262653129334698,0.027986914702176957,False,355.78969343455185,True,True,0.825554445869795,0.7080653690130976,-0.0064982060823444154,False,0.17165272201593348
RMD,80,0.7020009173259947,ResMed|,Health Care,SP500,240.2949981689453,-0.0001456483245648732,0.033749199069466496,0.1422152544167714,0.29255828074679924,-0.06095351187173137,0.9044834307992202,0.9590643274853801,0.2826510721247563,0.5984405458089668,-0.14276591830024798,0.31815204275413556,False,0.05650663436216097,True,0.1340735473161241,0.05621486600029435,-0.1182229738392363,0.024920158227351275,False,310.9715839995267,True,True,0.9300677546285462,0.8847924326930858,-0.009819833530441135,False,0.13408596031721284
VRTX,81,0.7018873982341474,Vertex Pharmaceuticals,Health Care,SP500,536.10498046875,-0.010310365610375793,-0.020973804896834092,0.12367422680860773,0.22286721699940504,0.1030285822176007,0.8654970760233918,0.9005847953216374,0.6471734892787524,0.19883040935672514,-0.030288497524921354,0.42346393558296813,False,0.020928235308465437,True,0.06743192481380422,0.15598992848211335,-0.0631721079782831,-0.007027301578523493,True,750.832267009729,True,True,1.197949165649494,0.45488348300171755,-0.011648724418310219,False,0.05294449576853489
USB,82,0.7011455108359133,U.S. Bancorp,Financials,SP500,61.724998474121094,-0.011925768081066268,-0.011134247279904419,-0.020393586440915157,0.1625257603228809,0.15130985665155805,0.3489278752436647,0.8050682261208577,0.732943469785575,0.08382066276803124,-0.05648119532626683,0.4024754924033189,False,-0.02857617291543657,False,-0.016789446230256466,0.10793477594636758,0.017076145252798325,-0.013861684326852974,False,471.646729010231,False,True,0.6257052096879882,0.6923996672076931,-0.0025612268974806174,False,0.07636132268863194
SYF,83,0.6986389175553263,Synchrony Financial,Financials,SP500,77.41999816894531,-0.008071811123373296,-0.03249185932509513,0.02591769117630993,0.09791445251010833,0.13738012365524743,0.6023391812865497,0.631578947368421,0.7076023391812866,0.24951267056530213,-0.11396399885058683,0.22404790672256314,False,-0.023399581596401098,False,0.012666752510605894,0.04013612980811665,-0.012508312807942401,-0.019618719981151167,True,267.7365946369055,True,True,0.6624950664824734,0.8198734501399199,-0.00832801409947248,False,0.13292769054072878
SOLV,84,0.695407636738906,Solventum,Health Care,SP500,91.22000122070312,0.0010974371280387807,-0.00032875374571916804,0.06764979651376679,0.20279543282531054,0.249589057817851,0.7582846003898636,0.8713450292397661,0.8499025341130604,-0.05847953216374269,-0.0042571704732023985,0.45975354089542764,False,0.03722740449439588,True,0.10304433660181389,0.18376368899884965,-0.09341812761512935,0.01064258141033081,False,96.32005141130371,True,True,0.7993834987269292,0.6009666200988695,-0.00866989565095222,False,0.05573298394718233
KO,85,0.693989221419562,Coca-Cola Company (The),Consumer Staples,SP500,89.08999633789062,-0.006357431417991721,-0.03152518309842334,0.017125243323604433,0.14019818225686564,0.1254266417188763,0.5594541910331384,0.7563352826510721,0.6900584795321637,0.042884990253411304,-0.03152518309842334,0.38443501111784917,False,0.005672316499400143,True,0.042854263527867476,0.14930234491711358,-0.04109324286875515,-0.0062414393498095855,True,1410.6117313179693,True,True,0.5827265809740021,0.6539529016101032,-0.0017288244742389436,False,0.10333856991546388
WDAY,86,0.6933539731682147,"Workday, Inc.",Information Technology,SP500,197.92010498046875,-0.03321559300355603,-0.006175691457238508,0.23437763191277683,0.2587935531299055,0.4769055525211048,0.9707602339181286,0.9415204678362573,0.9434697855750487,-0.013645224171539905,-0.20093623872732247,0.7592898220486111,False,0.042842842685103744,True,0.24509845671386654,0.2316184826189105,-0.1968506630076019,0.00974199885561644,False,769.2250900038323,True,True,1.15412912198488,1.029980935941246,-0.017487308566372928,False,0.21081757059219336
PFE,87,0.693050108932462,Pfizer,Health Care,SP500,28.139999389648438,0.006437779365870755,0.006077943527613039,0.12514990532275339,0.11713926842513844,0.06767808126487607,0.8713450292397661,0.6881091617933723,0.5847953216374269,0.38206627680311894,-0.015050763380080823,0.27599656366156,False,0.032793183432150874,True,0.10630776331049474,0.10964461066191844,-0.09609239565704697,0.007998655973758373,True,1050.7821773956257,True,True,1.1662334895443602,0.6328098277659467,-0.003934145443660442,False,0.15045421159934755
A,88,0.6917303061575507,Agilent Technologies,Health Care,SP500,152.66000366210938,-0.007670259385534228,-0.005018503880782732,0.10327389643122742,0.12482453999262688,0.2973060096737201,0.8323586744639376,0.7134502923976608,0.884990253411306,-0.15204678362573099,-0.03987419080434351,0.39062629658082826,False,0.015377679259144239,True,0.08543635506491465,0.16408091118546464,-0.07871152893142697,-0.007284130355569629,True,297.7310373541968,True,True,0.6480284655317969,1.1278012406028388,-0.00754032559622253,False,0.06413825003725877
NEM,89,0.6894862974429539,Newmont,Materials,SP500,124.84500122070312,-0.02449603105171838,-0.05305669987474926,0.3322484520372746,0.15394212407303454,-0.025947650877753303,0.9883040935672515,0.7875243664717348,0.3567251461988304,0.695906432748538,-0.0761802443054761,0.6794094817858449,False,0.036490323039968686,True,0.19147942252802186,0.1614589717938062,-0.1607072844965718,-0.019332184182285772,True,803.9932560147613,True,True,1.1987149008493532,0.8921731744004427,-0.00414132204086004,False,0.17665503993164047
FDS,90,0.6886079578030043,FactSet,Financials,SP500,305.6199951171875,-0.010874541231372103,0.0010153534475536574,0.16117014035998212,0.12837359509005597,0.39634076965978804,0.9259259259259259,0.7290448343079922,0.9317738791423001,-0.08576998050682261,-0.1742823771102081,0.6242026822346192,False,0.05303596578515024,True,0.15185123282657154,0.23382842389666592,-0.13183233085920132,0.018661907964638624,False,239.8858106541345,True,True,0.5822436758830163,0.9877473019658728,-0.005857976225762562,False,0.039471429387459775
MRSH,91,0.6876722852883844,Marsh McLennan,Financials,SP500,190.8699951171875,-0.009188145131171832,-0.019520229555146762,0.006220637147947405,0.1808660306273484,0.03490556843353576,0.52046783625731,0.834307992202729,0.5009746588693957,0.07602339181286544,-0.06329373646388081,0.22012312373062914,False,0.0013876651755793112,True,0.04541025949442257,0.08264826765318589,-0.04343774042966031,-0.002463432911359309,True,431.04363197992797,True,True,0.5521723215159376,0.7505054257074262,-0.003374137762374274,False,0.06801149184048293
WAB,92,0.6859500057332875,Wabtec,Industrials,SP500,289.5,-0.009341993921547775,-0.027283096735453705,-0.0036484333225887955,0.13198236909814298,0.10043356892558064,0.45419103313840153,0.7368421052631579,0.6413255360623782,0.12475633528265107,-0.052294677363522446,0.5666722515029305,False,-0.02124688286917653,False,0.023553463752717496,0.14789457137502193,-0.023011464067897336,-0.01780578836371083,True,266.87443311614504,True,True,0.4921160765117553,0.5235977386765024,-0.005885778859254787,False,0.0671738688547712
JKHY,93,0.6857539273019149,Jack Henry & Associates,Financials,SP500,167.30499267578125,-0.014287415971249828,-0.01879656286615028,0.08611399615558546,0.19333092951168496,0.027209986379127082,0.7953216374269005,0.8576998050682261,0.4853801169590643,0.4580896686159844,-0.12425821128232095,0.35557442195683153,False,0.040911930558125364,True,0.10166702793749205,0.05150573132096059,-0.0922847152172922,0.0013294469521281105,True,168.4943023664551,True,True,0.9793593303464918,0.6709445712624059,-0.008307243497393979,False,0.0571887036732111
MTD,94,0.6850957459006994,Mettler Toledo,Health Care,SP500,1389.93505859375,-0.006181196451094717,-0.006401472568190458,-0.018615398803516148,0.1743581889280983,0.04893636994171513,0.3567251461988304,0.8226120857699805,0.5536062378167641,0.13450292397660812,-0.07708062272215443,0.35533335825058066,False,-0.01731251100079456,False,0.03207707927349879,0.0526388973798666,-0.031080119806631612,-0.00806113564656985,False,250.15374574643556,True,True,0.2970690919028935,0.6186364215324975,-0.010281861126751446,False,0.09567997504678727
AWK,95,0.6830810686847839,American Water Works,Utilities,SP500,137.72000122070312,-0.004193794781317761,-0.015652936774236847,0.03328649040368692,0.14452285985075686,0.03091976418282849,0.6335282651072125,0.7680311890838206,0.49122807017543857,0.2222222222222222,-0.027180284617318917,0.14452285985075686,False,0.011688132219403347,True,0.03135133840000348,0.06159602075352666,-0.030398310675235685,0.0027247746094372083,False,296.2633809366193,True,True,0.8598250604714591,0.7038381109689495,-0.009544521294947095,False,0.09670011553490063
FCX,96,0.682816190803807,Freeport-McMoRan,Materials,SP500,75.24500274658203,-0.015761860690144402,-0.0328406196009533,0.20142106759262157,0.12511386593634266,0.10695152293881138,0.9571150097465887,0.7173489278752436,0.6510721247563352,0.08382066276803113,-0.0583781842290082,1.1520627535216592,False,0.04878026085962017,True,0.1451277097858572,0.2525427882871851,-0.12673495588801764,-0.0022254662041737427,True,968.1149329207731,True,True,0.9348773072802095,0.9345788657335645,0.006540222628635295,False,0.10081372081538686
BKNG,97,0.6805744754041967,Booking Holdings,Consumer Discretionary,SP500,201.6199951171875,-0.019501092595461844,-0.055024397542087766,0.04520477706900561,0.19425029643028258,0.21171433683253138,0.6803118908382066,0.8596491228070176,0.8167641325536062,0.0721247563352827,-0.09000134020137185,0.31140500533261406,False,-0.034814575461577846,False,0.047230802121517534,0.08732879077111066,-0.04510066169352134,-0.025436059486237395,False,1199.8601777913195,True,True,0.9174786027901404,0.6112464814286301,-0.010533483999308979,False,0.10382090881197471
CRWD,98,0.6770806100217864,CrowdStrike,Information Technology,SP500,226.72500610351562,0.038118188826402166,0.18903406131876022,0.18791263427890237,0.15946666866431425,1.3564414564575373,0.9454191033138402,0.7953216374269005,0.98635477582846,-0.19688109161793377,-0.005417619643702354,1.5892934315890437,False,0.0788016832389038,True,0.14892265268502114,0.6089585496171841,-0.12961938937925055,0.07891536841805635,False,1834.9279144319762,True,True,1.5459196002929483,1.3891154321819625,0.013827858776829238,False,0.47726090475121535
GEN,99,0.6751255589955281,Gen Digital,Information Technology,SP500,30.709999084472656,-0.009993596670416216,0.0549638763508693,0.1236932723082742,0.11114481935433473,0.38750259711575596,0.8674463937621832,0.6705653021442495,0.9278752436647173,-0.30409356725146197,-0.009993596670416216,0.7334090106050815,False,0.06385275223005737,True,0.13540668083717433,0.26380927973503976,-0.11925830904688206,0.03213837421069132,False,140.23143904330735,True,True,0.6944112404840305,1.0171615203141482,-0.0022565987682536814,False,0.17456451630299957
DHR,100,0.6748583877995642,Danaher Corporation,Health Care,SP500,213.9600067138672,-0.009765356314286877,-0.005346073605231649,0.09734337574224994,0.19199366177996358,0.043014226326350435,0.8167641325536062,0.8538011695906432,0.5321637426900585,0.2085769980506822,-0.11232840793098409,0.32421645324009907,False,0.02649724584373847,True,0.07151987397937143,0.056710192862301056,-0.06674619455611552,0.0017910074568270318,False,950.1591389743271,True,True,0.7507206844449088,0.4665641806856236,-0.012125747614962434,False,0.13154001137079055
ZBH,101,0.6740717807590871,Zimmer Biomet,Health Care,SP500,99.87000274658203,-0.010306222156226674,-0.010992281377017243,0.06323860770901057,0.20732315031652404,0.00922010295460396,0.7485380116959064,0.884990253411306,0.4444444444444444,0.10916179337231968,-0.045487189669571326,0.25829824992956407,False,0.007907250820605727,True,0.06112446795577675,0.0993821306959175,-0.057603485549184597,-0.002024274838360318,True,208.04263162704223,True,True,0.6926301357655439,0.4751459043835991,-0.007036038926770849,False,0.04458198756741822
VZ,102,0.6731808278867103,Verizon,Communication Services,SP500,49.959999084472656,-0.002794399080086829,-0.0037886826645100458,0.06729326252442647,0.06456465085345453,0.03193115434070193,0.7563352826510721,0.5497076023391813,0.4951267056530214,0.18323586744639375,-0.005771162498056537,0.3664257571819778,False,0.030039354623034642,True,0.08913463610063732,0.12395513807723524,-0.08183986914580244,0.0073290998197663715,True,1176.3451403233687,True,True,0.5766395232144872,0.5807847902798372,-0.0007983453502645732,False,0.057998943461623424
KKR,103,0.6725329664029354,KKR & Co.,Financials,SP500,110.16999816894531,0.013709954541641478,0.026556079782196873,0.08823183414915658,0.16176563701397906,0.2205711026395496,0.8031189083820662,0.8031189083820662,0.8265107212475633,0.48148148148148145,-0.25693966959389236,0.3185020966537999,False,0.01642996280851028,True,0.08693028647852419,0.04400695365853191,-0.0799777939394477,0.012237786610579615,False,451.7045068144037,True,True,1.189512911214675,0.44099011373050667,0.0052447524220062824,False,0.10846663569111673
VLTO,104,0.6719951840385278,Veralto,Industrials,SP500,98.66000366210938,0.001014672341648204,-0.007145004174784253,0.04767978741072909,0.18188327183957576,0.017846203542573713,0.6920077972709552,0.8362573099415205,0.46393762183235865,0.24366471734892792,-0.09087148516338295,0.20157410399708753,False,0.006472845724279752,True,0.047242792911821097,0.05792747701411649,-0.04511159516358576,0.0015411180480076059,False,167.91420793770263,True,True,0.729161931027393,0.5176472823204756,0.004667198618782287,False,0.10189000024819439
SBUX,105,0.6714975346863893,Starbucks,Consumer Discretionary,SP500,106.19499969482422,-0.015345376010311162,-0.012047615542671863,0.01477465079735163,0.10667319790216001,0.1102835703019851,0.5497076023391813,0.6549707602339181,0.6608187134502924,0.25925925925925924,-0.02115400695119496,0.3880319166175126,False,-0.0009500641442409252,False,0.014469703432193226,0.10396990450082311,-0.014263317458607983,-0.005911190493092744,True,729.3499078058992,True,True,0.9960476969330047,0.6805797135939836,-0.003059822306199389,False,0.09233835900319586
BNY,106,0.6710285517715858,BNY Mellon,Financials,SP500,162.2949981689453,-0.0012615497295672684,0.0009559564566445911,0.03815644001806495,0.142723720743541,0.36927901034435884,0.6588693957115009,0.7641325536062378,0.9220272904483431,-0.05847953216374269,-0.012022925988604993,0.5924657893168703,False,0.00812016537710214,True,0.04215212229027654,0.23854561547089204,-0.04044718749662124,0.002215303364125898,True,520.5075814325883,True,True,0.7474290224420902,0.5300918317440596,-0.0014769568810095723,False,0.06914679575290344
ERIE,107,0.6707155142758858,Erie Indemnity,Financials,SP500,257.7699890136719,-0.010099865378099815,-0.04046316647574244,0.06498924212472401,0.22510765153544088,-0.02251197064830368,0.7524366471734892,0.9044834307992202,0.3742690058479532,0.21052631578947367,-0.22272821929672726,0.2509410077674654,False,0.0026722333649611407,True,0.058166193393064836,0.020149110944805537,-0.05496886382899069,-0.005725151344050716,False,63.61431283708252,True,True,0.6742278795041404,0.7008296311960289,-0.009984662689927704,False,0.12340406925902174
IFF,108,0.668587317968123,International Flavors & Fragrances,Materials,SP500,86.87000274658203,-0.012279638875891341,0.012352933436042601,0.09656654137843756,0.1759941839736623,0.08786469164432087,0.8128654970760234,0.8245614035087719,0.6159844054580896,0.07602339181286555,-0.013625490546160468,0.4842246565435664,False,0.02370419981857963,True,0.07745205584501735,0.17824580292517922,-0.0718844568766206,0.009142039445878991,True,139.0020350342865,True,True,1.1520408163627227,0.66074264927562,-0.005571323260623817,False,0.06866955654851975
CME,109,0.6685689714482285,CME Group,Financials,SP500,286.92498779296875,0.003936319272396016,0.02777867962972258,0.07145516500790938,0.1189193299830662,-0.09542552856796904,0.7680311890838206,0.6978557504873294,0.2222222222222222,0.4775828460038986,-0.09542552856796904,0.31267721378618796,False,0.05859093362355794,True,0.12606640518949375,0.04341999341504943,-0.1119529049161887,0.02711454704938454,False,661.4553302191065,True,True,0.5385137653368715,0.6299823176487757,-0.005773246910281915,False,0.07770506601280916
NDAQ,110,0.6682880403623438,"Nasdaq, Inc.",Financials,SP500,98.56500244140625,-0.0075017131759362865,-0.002277542990545056,0.04644866638284251,0.06581760594311703,0.12648182433540645,0.6861598440545809,0.5536062378167641,0.6939571150097466,0.08576998050682261,-0.01731261251859395,0.28256349249762946,False,0.01712758244458512,True,0.07747102643477155,0.09742033280794549,-0.071900797825733,0.0013610675345987477,True,334.3640039190826,True,True,0.35308388843952243,0.45234606932181826,-0.0031215141095018994,False,0.05883466331132975
NTRS,111,0.6653399839467952,Northern Trust,Financials,SP500,186.05999755859375,-0.003908109394387238,-0.0032144331498126233,0.021241533922434108,0.11039618057228218,0.2943058253287689,0.580896686159844,0.6686159844054581,0.8830409356725146,0.003898635477582846,-0.028255098070811502,0.5409689532800077,False,-0.004869766212424076,False,0.016422482456803777,0.18893172685464932,-0.01615714207453267,-0.0027918208872605987,False,186.89412836468628,True,True,0.7555892087666041,0.6617943608648197,-0.0029444178635750218,False,0.0388761342313767
GRMN,112,0.6647758284600391,Garmin,Consumer Discretionary,SP500,284.2799987792969,-0.003190868032957539,-0.023931334663358395,-0.032337123151589764,0.20582430794418927,0.1233482149775027,0.29434697855750486,0.8791423001949318,0.6842105263157895,0.042884990253411304,-0.09222124327847814,0.5385494692002704,False,-0.05148310633489683,False,0.055364695202981595,0.20669945528842404,-0.052460249480235976,-0.02103374414742143,False,252.31432850164003,True,True,0.46966654533739227,0.5716373924843485,0.004593420342155596,False,0.07156717118337666
HUM,113,0.664279325765394,Humana,Health Care,SP500,383.4750061035156,-0.0053561300919192645,-0.00810889363138434,0.05390815572369423,0.17078295011339129,1.0628573731580517,0.7134502923976608,0.8167641325536062,0.9766081871345029,-0.1656920077972709,-0.06337014917029271,1.3604319994905585,False,0.004840466846289804,True,-0.004879866641754327,0.39261489674284866,0.004903796514784675,-0.00589277137261901,False,506.3247602431049,False,True,0.7094177186214352,0.5403040176925823,-0.00046693777395190317,False,0.04104972550554168
MSFT,114,0.6641153537438368,Microsoft,Information Technology,SP500,509.0400085449219,-0.00874344341284361,0.04459176108677165,0.09743132132385823,0.1074400318949087,0.2824060167717706,0.8187134502923976,0.6588693957115009,0.8713450292397661,-0.115009746588694,-0.05320674248555335,0.4454505269541289,False,0.030729691900321265,True,0.1767522721382213,0.18541027989074954,-0.15020346790327688,0.021217861463217247,False,15756.973810256375,True,True,0.4528225194996545,0.549308548250851,-0.006241148339917069,False,0.11678240349065734
ABT,115,0.6637598899208806,Abbott Laboratories,Health Care,SP500,110.75,-0.015292977701030885,-0.05074139249040521,0.04777675683595928,0.270675646576249,-0.016476808154687994,0.6939571150097466,0.9473684210526315,0.38791423001949316,0.11890838206627674,-0.17062025289407123,0.3510162713233631,False,-0.006138159233599394,False,0.07856309966274644,0.04893886143297199,-0.07284052243889316,-0.018014907104632827,True,1054.0581143005334,True,True,0.596117406484847,0.6012765571735247,-0.008268874322770015,False,0.09697190438817276
HSIC,116,0.6630329090700607,Henry Schein,Health Care,SP500,89.5250015258789,5.5907987043912755e-05,0.00016757221864005523,0.04402334140966646,0.17179319028618312,0.10022119336403024,0.6744639376218323,0.8187134502923976,0.6393762183235867,0.02729044834307992,-0.013389865180675198,0.44325331755058417,False,0.0020623487693274267,True,0.0320753405101073,0.13712395706939606,-0.031078487442839142,-0.00036247451640591954,True,107.13729117146103,True,True,0.7153112989880942,0.5109963331847596,-0.006590665326352219,False,0.05066013805233845
ABBV,117,0.65859305125559,AbbVie,Health Care,SP500,255.5399932861328,0.00023484249098593146,-0.03394826894187919,0.018331038495150498,0.20865497903248098,0.10771785860440297,0.5692007797270955,0.8888888888888888,0.6530214424951267,0.02729044834307992,-0.03921497870699875,0.30387515674543764,False,0.003810327706188499,True,0.01409412079336314,0.1349316698743106,-0.013898237357235499,-0.011822794148680704,True,1676.6384480995905,True,True,0.7193313939864312,0.4628386656493346,-0.0051275934730750095,False,0.07247164015746127
IT,118,0.6557757137942897,Gartner,Information Technology,SP500,198.32000732421875,-0.0003528003712133243,-0.0219942375082679,0.3132035605456749,0.10429317538983884,0.24518115153030018,0.98635477582846,0.6491228070175439,0.8440545808966862,0.21832358674463942,-0.2490438484065951,0.5773483021487731,False,0.0450518154204238,True,0.247446274835337,0.11174336210893343,-0.19836227004485618,0.018728305929548217,False,223.98019755459595,True,True,1.470710619845912,0.721725504287267,-0.005292620872968223,False,0.061759824694262284
CMG,119,0.6555956885678248,Chipotle Mexican Grill,Consumer Discretionary,SP500,38.09000015258789,0.001577737975728688,0.001841128195197772,0.02337450035871691,0.2468085467701251,0.03815757913001816,0.5867446393762183,0.9298245614035088,0.5126705653021443,0.27680311890838205,-0.1008026533578521,0.3516678403155289,False,0.09170118162900276,True,0.10822747795950494,0.09699744251295672,-0.09765817949106992,0.03212894918562226,False,625.5932875206829,True,True,1.0498619551585169,0.5263973609615559,-0.016039985010034785,False,0.07686065894129245
COF,120,0.6553915835339985,Capital One,Financials,SP500,214.00999450683594,-0.00769696145130494,-0.010449945535571326,0.02753812270330047,0.16366357882646132,0.10996104591504419,0.6081871345029239,0.8089668615984406,0.6588693957115009,0.15009746588693962,-0.16060749514930328,0.2248019495728104,False,-0.021920471121980478,False,0.019336957243527797,0.039210661187042195,-0.01897013260052738,-0.011584727243029391,False,786.9229747089518,True,True,0.7076185269624404,0.5153908444010333,-0.0065841247322353524,False,0.08780527359855536
MCO,121,0.6505595688567825,Moody's Corporation,Financials,SP500,505.2799987792969,-0.01877854781727173,-0.011870552951533497,0.05846354856727176,0.09079659570576881,0.08894238120841114,0.7290448343079922,0.6140350877192983,0.6198830409356725,0.11111111111111116,-0.05736903664193449,0.23390593363116863,False,0.026302089765988468,True,0.04305464747277665,0.0733272383069421,-0.04127746094329199,-0.00029949732532674744,True,407.7869318505646,True,True,0.7047873103641275,0.6094092077372061,-0.007029858333725492,False,0.11366624497356888
ALL,122,0.6501616787065704,Allstate,Financials,SP500,258.7749938964844,-0.006926827725814877,-0.005438366315556387,-0.02008858279886927,0.24885374987619402,0.222683981947416,0.35282651072124754,0.9317738791423001,0.8284600389863548,0.040935672514619825,-0.059376221601712076,0.38256809681111603,False,-0.009065000596229278,False,0.017535282044135014,0.17843974417161568,-0.017233094865180765,-0.001667205286522755,False,430.8781709351831,True,True,0.993088371381819,0.549815322438497,-0.0017652601073818719,False,0.10341282437725346
CTSH,123,0.649052860910446,Cognizant,Information Technology,SP500,64.11000061035156,0.0010930620522093815,0.03070739266855682,0.1650571559771421,0.12816501634612476,0.022686955311042922,0.9317738791423001,0.7270955165692008,0.47173489278752434,0.17738791423001954,-0.24716170178378138,0.6650118643864615,False,0.07416558305824328,True,0.27157545176330977,0.031187181764255056,-0.21357399703392554,0.028572918515542778,False,473.32285133975404,True,True,0.5118274294670526,0.5081191665131841,-0.010930680089508371,False,0.07176522847025774
WFC,124,0.6485104919160647,Wells Fargo,Financials,SP500,86.37999725341797,-0.003576020062957208,0.01959390945227213,0.004926822379745399,0.12577319854148628,0.05803582108521099,0.5165692007797271,0.7192982456140351,0.5750487329434698,0.15984405458089668,-0.08909609634760651,0.18327328828770462,False,-0.0030679305979541827,False,0.0049464423323515305,0.02771716634517385,-0.004922095470950016,0.006624147968257166,False,1189.454487088987,True,True,0.7020891350254049,0.6352410465321889,-0.004614159817901364,False,0.15541576983163838
ICE,125,0.6471620227038183,Intercontinental Exchange,Financials,SP500,159.41000366210938,-0.017988037553183234,-0.02196454819559368,0.0454486367310325,0.10376688889720032,-0.02585920971569644,0.682261208576998,0.645224171539961,0.3586744639376218,0.3430799220272905,-0.0835687915480311,0.29696525028460474,False,0.022042440549254527,True,0.09614834459775201,0.0327801877533791,-0.08771471951913135,-0.0034461096299109872,True,591.2820976662738,True,True,0.578333823720467,0.5132490735920949,-0.005051483490231101,False,0.08164566783912937
CBRE,126,0.6464637082903335,CBRE Group,Real Estate,SP500,149.5749969482422,-0.008254941755175493,-0.015500532094177233,0.01883386305857604,0.2000561431378236,0.031765163059689794,0.5730994152046783,0.8693957115009746,0.49317738791423,0.3996101364522417,-0.12840162918092912,0.2000561431378236,False,-0.0019201172866785132,False,0.039953805627273464,0.01519532756770614,-0.038418827270096156,-0.0038104060040856647,True,233.6634949875409,True,True,1.0346611550944402,0.5971084388238685,-0.00981309451302792,False,0.11820823221930786
EL,127,0.6433230134158928,Estée Lauder Companies (The),Consumer Staples,SP500,101.44999694824219,-0.01876392739006516,-0.025737063054496634,0.20917753400695704,0.18544046246361146,0.01649119781456654,0.9629629629629629,0.8401559454191033,0.4600389863547758,0.1793372319688109,-0.14587580614982076,0.5148335104801418,False,0.08291878704011135,True,0.1657676543218336,0.1071519668797416,-0.1421961346305034,0.006667337585460675,True,265.97526501215424,True,True,1.5424059521118554,0.9424166636315489,-0.006673783204174555,False,0.1537813598234508
FTNT,128,0.643214080954019,Fortinet,Information Technology,SP500,167.58999633789062,0.009578291192112287,0.10263826752363792,0.034825560332989225,0.13898326106477388,1.1165697864607829,0.6413255360623782,0.7543859649122807,0.9805068226120858,-0.24171539961013644,-0.030038213207975395,1.227701566657509,False,0.04576099490772734,True,0.06135718033777726,0.5441734752915226,-0.057810114704505366,0.03549480995696541,False,802.700480278227,True,True,0.8900201880620227,0.7442727160689063,-0.0016265317618128217,False,0.09444550988580873
BEN,129,0.6429950693727784,Franklin Resources,Financials,SP500,34.33000183105469,-0.009235200021137757,-0.008376577405465824,0.013880720975516958,0.12070311094163855,0.30301150244424946,0.5477582846003899,0.7037037037037037,0.8908382066276803,-0.06627680311890838,-0.04025715986247469,0.6838549435033932,False,0.0015316659100892416,True,0.02000800451022111,0.23104308044350086,-0.019615536762212282,-0.005074572370282748,True,138.80272135607206,True,True,0.6142144281512184,0.43188890224284826,-0.0020201931238571502,False,0.05771839549843112
FOXA,130,0.6426006191950465,Fox Corporation (Class A),Communication Services,SP500,67.36900329589844,-0.015360931031475844,-0.02660014178481973,0.1569466568007314,0.00836709710720207,0.19210202823762978,0.9220272904483431,0.38011695906432746,0.7953216374269005,0.20077972709551656,-0.11050485268091392,0.3807952865698421,False,0.019576913262962625,True,0.1357648192064087,0.06449435088288613,-0.11953603150102099,-0.008845563053898498,True,340.183400984111,True,True,0.7499105470123955,0.6496812804558997,-0.007234655516435984,False,0.09642570323044286
BALL,131,0.6397351221190231,Ball Corporation,Materials,SP500,63.349998474121094,-0.006586200103930628,-0.016609744260129955,-0.023882943225197684,0.17970200324171115,-0.042719041396807045,0.3313840155945419,0.8323586744639376,0.31773879142300193,0.24951267056530213,-0.05884601848551185,0.3796844827905632,False,0.0056353394013410885,True,0.010276570175328015,0.08152362412980518,-0.01017203652812071,-0.0013233284326423789,True,131.4976131524997,True,True,0.6363279678423095,0.4894263857085427,-0.003763551462191983,False,0.052553806324579073
MET,132,0.6392879256965944,MetLife,Financials,SP500,95.7300033569336,-0.008082051207457752,-0.004989042013373579,0.0020086453283203465,0.17696834521414928,0.32524835620920634,0.4853801169590643,0.8304093567251462,0.8966861598440545,-0.04483430799220278,-0.04222104772543278,0.4336955719426492,False,-0.007537006037648064,False,0.027680464208168498,0.18719621705621692,-0.026934893843191143,-0.0029674782946572664,False,326.0584516874518,True,True,0.9262709651537553,0.5698749461015893,-0.0014506205217031942,False,0.05542757158272342
APO,133,0.6387581699346406,Apollo Global Management,Financials,SP500,137.03500366210938,0.01477347804475504,0.03196784841181155,0.09573878088661414,0.07326336452935012,0.2982072816457799,0.8109161793372319,0.5692007797270955,0.8869395711500975,0.23196881091617932,-0.09129886808061816,0.37780808301405067,False,0.023706837346064935,True,0.08658170397567222,0.08198977775385341,-0.07968264481067566,0.020059048543714875,False,519.7649026675201,True,True,1.181849640114472,0.3685709088546555,-0.001777178956655412,False,0.06964467455345054
ECL,134,0.6379394564843481,Ecolab,Materials,SP500,285.42999267578125,-0.0046033385325849885,-0.005401136843014243,0.02809490204872178,0.14268334259101612,-0.05432353886552632,0.6120857699805068,0.7621832358674464,0.2962962962962963,0.1734892787524367,-0.06932075122862891,0.16472514054764553,False,0.007367376342188425,True,0.025282344457745465,0.05118404530373888,-0.0246589094159394,-0.00011710778499485208,True,377.192287359845,True,True,0.7234702050195482,0.7988459304906772,-0.00488228037134919,False,0.05749474634359618
AVY,135,0.6373775943125789,Avery Dennison,Materials,SP500,176.33749389648438,-0.007946588486726469,-0.040026721363168316,0.03892946641884132,0.14141740377842127,-0.08525947539681322,0.6627680311890838,0.7602339181286549,0.2378167641325536,0.24951267056530213,-0.09674874367735287,0.15245735721274234,False,-0.014978199769412837,False,0.04294964882577279,0.025712726945019693,-0.04118094183561849,-0.015995692439618403,True,127.24705639570557,True,True,0.7114469908116714,0.7581179193189874,-0.004894487297819938,False,0.09936727174027157
AMCR,136,0.636515307877537,Amcor,Materials,SP500,46.189998626708984,-0.01028497023931152,-0.03590067263997354,0.02918889321338347,0.22422473329219694,-0.024726114694827772,0.6198830409356725,0.9025341130604289,0.36257309941520466,0.03898635477582846,-0.059396952594998664,0.27989753996339917,False,-0.017484932424632893,False,0.026882548321979227,0.09911699169047372,-0.026178795584663295,-0.014112073066061659,True,159.80048701957483,True,True,0.7250590671230673,0.7157802890907715,-0.007070881279292784,False,0.06227231342103685
PRU,137,0.6357780071092765,Prudential Financial,Financials,SP500,118.41000366210938,-0.01152013726413692,-0.023583681538104084,-0.018864818569875652,0.191929439464537,0.2147020542396918,0.35477582846003897,0.8518518518518519,0.8206627680311891,-0.07017543859649122,-0.04277957781547115,0.3196680609133189,False,-0.020283116766958487,False,0.013313446088368375,0.12647534635142588,-0.013138527017243717,-0.01397932042530603,False,205.30666503778747,True,True,0.8388792922216266,0.7174619350625344,-0.0035061204252054834,False,0.07584376662412351
ARES,138,0.6330214424951267,Ares Management,Financials,SP500,142.2550048828125,-0.0019293755619137487,0.016034643697289352,0.11058637637521485,0.11611041764423957,0.2847943039664622,0.8421052631578947,0.682261208576998,0.8752436647173489,0.011695906432748537,-0.2014065378311135,0.5092671611149231,False,0.004460809227242013,True,0.10016700739524187,0.0821619279298893,-0.0910470925976935,0.0025958355304194214,False,285.88432602441895,True,True,0.794998551171785,0.6977560222152622,-0.006103943904010367,False,0.058547976982526014
XOM,139,0.6304873294346979,ExxonMobil,Energy,SP500,160.00900268554688,0.02105159741141005,-0.024632735696664354,0.0360594144335471,0.07808992610714371,0.05134336564423614,0.6471734892787524,0.5925925925925926,0.5555555555555556,0.16569200779727095,-0.05442254161222515,0.5073375680927728,False,0.005862594259421261,True,0.06499059086929404,0.12578858221953038,-0.061024568129044,0.0017323646477720445,False,2168.8965733685,True,True,0.9225829892836818,0.8438741047384059,0.020611292126587966,False,0.2049765000557388
HPE,140,0.6276608187134504,Hewlett Packard Enterprise,Information Technology,SP500,52.31999969482422,0.00019113594476616314,-0.002098047104926337,0.09227553294663937,0.11644837297654842,1.3864177470864618,0.8050682261208577,0.6842105263157895,0.9902534113060428,-0.30604288499025334,-0.12537612902477024,1.6537983690662426,False,-0.040484167650933545,False,0.05311040872870021,0.6084876713182168,-0.05043194738984147,-0.02332441915021355,False,844.5348925605026,True,True,0.6153704158037425,0.6197034444094309,0.0149110831355308,False,0.14802523386657007
CAH,141,0.6268684783855063,Cardinal Health,Health Care,SP500,236.36500549316406,0.007738232435689829,0.01719245367269484,0.027539915434879214,0.21383317256419088,0.03294650561403656,0.6101364522417154,0.8947368421052632,0.49707602339181284,0.03508771929824561,-0.016211558739384957,0.6194696834340865,False,0.005157320779150432,True,0.0145951803535731,0.10303611628866549,-0.014385225394513257,0.005561643462042909,False,481.65335092872346,True,True,0.9073088120453688,0.5586129191603386,0.0015774679700424343,False,0.07144453206538488
BRO,142,0.6268398119481711,Brown & Brown,Financials,SP500,72.27999877929688,-0.014049908792776011,-0.031358937029687284,0.02908129852662733,0.271451852331017,0.004141791135738204,0.6159844054580896,0.949317738791423,0.4327485380116959,0.11695906432748537,-0.23948381238251748,0.33224210203771976,False,0.009192735632238769,True,0.04773878971321888,0.04322934501024456,-0.0455636368357476,-0.00110768623887747,True,167.72098327583495,True,True,0.6437334123605515,0.49665673125353127,-0.012958627470733397,False,0.07062380438466963
PGR,143,0.6263478958834995,Progressive Corporation,Financials,SP500,218.44000244140625,-0.0009147317453370718,-0.024473007200564778,0.033204069308766515,0.1342555265673291,0.024554055794912877,0.631578947368421,0.7426900584795322,0.47368421052631576,0.2007797270955166,-0.06840665975092797,0.14777845526744215,False,0.016583963600661944,True,0.006703272844611252,0.04904055246338812,-0.006658638176143095,0.0006705288808306342,True,622.6007978543871,True,True,0.7848195933671084,0.3645214138222504,-0.0020581638743980557,False,0.044417392186958136
T,144,0.6262022703818371,AT&T,Communication Services,SP500,25.9950008392334,-0.0005766777976334847,0.011872335493782415,0.11806455222509249,0.07303749101561485,-0.04966873355914003,0.8576998050682261,0.5672514619883041,0.30214424951267055,0.4132553606237817,-0.08526532564677558,0.2862827726181145,False,0.04794254361535377,True,0.12159806067721202,0.053603775542057974,-0.10841500617769617,0.017051019266176803,False,1421.4422798797207,True,True,0.6162136941455565,0.3474845173981572,-0.0036524149372749726,False,0.08688573604867898
DVN,145,0.6235351450521729,Devon Energy,Energy,SP500,48.30500030517578,0.02016899391404703,0.001555064558393271,0.07035229696246814,0.05049828474039475,0.08793481016698435,0.7641325536062378,0.5107212475633528,0.6179337231968811,0.38596491228070173,-0.06570812997470676,0.5506458123027653,False,0.04463007519419748,True,0.08925805809949083,0.12569688424073755,-0.08194390432624021,0.01766885038605226,False,482.6637155736308,True,True,1.0225876931570033,0.5560911994663287,0.02344246348726342,False,0.1369395315080312
HAS,146,0.623258800596262,Hasbro,Consumer Discretionary,SP500,94.06999969482422,-0.0016980118477052386,-0.014044690450183084,0.00889773362718338,0.1140925498036911,-0.03531483815473413,0.5243664717348928,0.6764132553606238,0.3313840155945419,0.32358674463937626,-0.09183638896569479,0.3686367393749508,False,0.0005484093667555978,True,0.06958462058104975,0.06939674121623529,-0.06505761137744115,-0.005077635251617418,True,172.28947103166885,True,True,0.5860083273130006,0.48603389003770936,-0.0030775857497197245,False,0.053556456923218275
BR,147,0.6229170966632267,Broadridge Financial Solutions,Industrials,SP500,184.22999572753906,0.0032127877360681456,-0.006578599303205257,0.19668723208534367,0.15952970737994732,-1.0187330935829131e-05,0.9532163742690059,0.797270955165692,0.4191033138401559,0.3957115009746589,-0.2650228348416652,0.36023325758016167,False,0.053661023968401,True,0.16713544819188786,0.043161474445784,-0.14320141544052334,0.017421201110218387,False,202.75044026092834,True,True,1.146813862790072,0.6372695114574929,-0.001089070730270647,False,0.07032465314177386
SPGI,148,0.6215778007109277,S&P Global,Financials,SP500,436.05999755859375,-0.015421474551114867,0.0037183510959630794,0.06095471723358448,0.07791278245130018,0.04501583707048318,0.7387914230019493,0.5906432748538012,0.5399610136452242,0.16959064327485385,-0.1558699437936404,0.18769035065706996,False,0.03452938633671376,True,0.036778412730810395,0.017409873236840845,-0.03547374470687348,0.007381956021420999,True,902.0212179981488,True,True,0.6021814137119921,0.5560702898426062,-0.006525355173635061,False,0.10411180762742468
CPAY,149,0.6215399610136453,Corpay,Financials,SP500,406.1199951171875,-0.004315018496998113,-0.018844264731134208,0.06283533717009382,0.11531593022082487,0.22321611750163428,0.746588693957115,0.6783625730994152,0.8304093567251462,-0.23391812865497075,-0.044962834061418655,0.5926274318321079,False,-0.002575112365766463,False,0.07311740906502573,0.2148971044576522,-0.06813551662416006,-0.00481921298212451,True,214.3667990397461,True,True,0.6240865199830059,0.5562479642968804,-0.004462114598487554,False,0.030000356896042673
CTAS,150,0.6193544318312121,Cintas,Industrials,SP500,202.47999572753906,-0.008325972226581602,-0.023722267665065355,-0.007936446228683502,0.17412371375748048,0.009712076281310544,0.4269005847953216,0.8206627680311891,0.44639376218323584,-0.013645224171539905,-0.062457966065937454,0.24462222177201065,False,-0.0011288001991580643,False,0.041170789470731606,0.09061883676818505,-0.03954278192116811,-0.006131838439913273,True,413.9537900967761,True,True,0.46226785437147255,0.6320594716084112,-0.004309871954108591,False,0.052460465090907106
MCK,151,0.6187386767572526,McKesson Corporation,Health Care,SP500,889.02001953125,-0.004891475218588792,0.017429865169991343,0.03834431258976356,0.20984732406584405,-0.10186891644257634,0.6608187134502924,0.8908382066276803,0.21442495126705652,0.3469785575048733,-0.10614446425171031,0.29702134055747753,False,0.01813652478205041,True,0.06484332697894701,0.057208383329711454,-0.06089471130266,0.006518105675520358,True,850.6751114875049,True,True,1.1430040497516543,0.7274253839225594,-0.011820142810471501,False,0.07092651638184067
ALLE,152,0.6166460268317854,Allegion,Industrials,SP500,155.97000122070312,-0.009588484555514087,-0.04095187518999599,-0.00908508723781587,0.20286447353107406,-0.03257976332127066,0.42105263157894735,0.8732943469785575,0.34502923976608185,0.08382066276803113,-0.1255171406049247,0.24642222077927234,False,-0.04548583360073544,False,0.03324920565160849,0.035917566315308624,-0.03217927047003177,-0.023612504363195397,False,190.1973260584564,True,True,0.616205663413723,0.6893082640811922,-0.0069849560234284125,False,0.09754728746622324
GDDY,153,0.6127301914918015,GoDaddy,Information Technology,SP500,97.29000091552734,-0.004196479483331461,-0.03213286744336419,0.1758521081389708,0.04624156522787892,0.10281114905148869,0.9434697855750487,0.49317738791423,0.645224171539961,0.2222222222222222,-0.34652070308496463,0.29737303223116607,False,0.024196914591931185,True,0.06295807096560924,0.005792960370439637,-0.05922911983575896,0.0019084068386832076,False,184.22982411589203,True,True,0.7793344825808025,0.7649149999426308,-0.00450352943454857,False,0.08574865805003279
SHW,154,0.612452700378397,Sherwin-Williams,Materials,SP500,339.19000244140625,-0.01644140564576102,-0.0217460511233889,-0.002570083666144196,0.1530014810640714,-0.04280960816227197,0.4619883040935672,0.783625730994152,0.3157894736842105,0.21637426900584789,-0.0874729207673105,0.1603207638802182,False,-0.041706912480920844,False,-0.008312592167304622,0.01966695172585209,0.008382270563938699,-0.020822784356612112,False,725.4631740233215,False,True,0.6984256212507763,0.5592530448437596,-0.009743042087464016,False,0.06263265795630943
FOX,155,0.6120032106409816,Fox Corporation (Class B),Communication Services,SP500,60.060001373291016,-0.020547917935484827,-0.024841675198998825,0.15633428881930111,0.003676490978311131,0.16143056506138165,0.9200779727095516,0.3684210526315789,0.7485380116959064,0.2046783625730994,-0.10887282412208432,0.3530074836472459,False,0.020153401972462737,True,0.13085198523567132,0.056914334398105115,-0.11571097450777479,-0.010274109071788051,True,72.06302355125543,True,True,0.807223464356405,0.589270364034615,-0.0030984772937795446,False,0.063846834520605
CSX,156,0.6114895080839353,CSX Corporation,Industrials,SP500,50.51499938964844,-0.01491808517665738,-0.01798210073396589,0.002281703577141414,0.10150455118498503,0.17372835423253208,0.48927875243664715,0.6413255360623782,0.7699805068226121,-0.05653021442495121,-0.05100507563284162,0.5920324105009522,False,-0.00528226267831966,False,0.011467223376412594,0.18181032953151988,-0.011337216976871844,-0.011316126331011422,True,574.6664606118121,True,True,0.5670583533906869,0.4930654959152363,-0.004485170587195553,False,0.08194114141594912
GILD,157,0.610581355349157,Gilead Sciences,Health Care,SP500,144.2100067138672,-0.010090513700021897,-0.01724137034610329,0.1075186182177581,0.10722927178677066,-0.026980316188385367,0.8362573099415205,0.6569200779727096,0.35477582846003897,0.2690058479532164,-0.06301583493282148,0.3291092520290617,False,0.02489210770363215,True,0.0721534990273367,0.0859412693292192,-0.06729773217435253,-0.007198861865471362,True,905.7820767270096,True,True,0.9795835955042342,0.5735211399405523,-0.009953301902404954,False,0.08704943621297324
PH,158,0.6104036234376792,Parker Hannifin,Industrials,SP500,979.0800170898438,-0.016019780636087666,-0.034666325014858,0.0026112743248714043,0.18921417661437911,-0.029777174560606134,0.49707602339181284,0.8460038986354775,0.35282651072124754,0.2378167641325536,-0.0882695097715247,0.3747774516315643,False,-0.05014512005920713,False,-0.012878897056538885,0.050570545346895646,0.013046927087401627,-0.030463001378177812,False,606.8362363332263,False,True,1.4180246276032211,0.8563704927918396,-0.008743554939859233,False,0.07775716550140245
WBD,159,0.609938080495356,Warner Bros. Discovery,Communication Services,SP500,28.604999542236328,-0.005735172502676078,-0.0033101469748321177,0.08764259969740595,0.04972475384353503,0.0036841944644325775,0.8011695906432749,0.5087719298245614,0.43079922027290446,0.19493177387914234,-0.04586390997314316,1.4617039435418233,False,0.02785686459723835,True,0.059691687806081584,0.052504717859662486,-0.05632929699549083,0.002075203981628082,True,567.6110217896157,True,True,0.7609258278929815,0.5984494224536798,-0.0006951844784651717,False,0.11711034257415726
CVNA,160,0.6095046439628483,Carvana,Consumer Discretionary,SP500,74.26000213623047,0.0029713832790754235,0.02668326083668293,0.19082747609697015,0.04591552304549951,0.1491442580313065,0.9473684210526315,0.48927875243664715,0.7290448343079922,0.44639376218323584,-0.22395234359303096,0.3200369996337604,False,0.034240267875836006,True,0.08865840484687437,0.01939181040930449,-0.08143822199153894,0.015341000194024401,False,678.9227206144324,True,True,0.9760621382718104,0.48063328753371737,-0.011210181264066144,False,0.07597494793329689
IBKR,161,0.6054867561059512,Interactive Brokers,Financials,SP500,94.95249938964844,-0.009260193887249857,0.020445956749000738,0.07912832929782088,0.07061108102212033,0.32619888805121255,0.783625730994152,0.5633528265107213,0.898635477582846,-0.12085769980506822,-0.032971819648235146,0.5835768596185429,False,0.031222292058411316,True,0.03006081486909018,0.21229099267203333,-0.029183534054647686,0.002546465022755795,True,403.4956649541248,True,True,0.924783737770042,0.7285368232891708,-0.006051692652567997,False,0.07891784319549312
FAST,162,0.6026900584795323,Fastenal,Industrials,SP500,49.15999984741211,-0.012454779973651187,-0.04134163382119005,0.030391967947267506,0.12365909887538162,0.0725913073904434,0.6237816764132553,0.7095516569200779,0.5906432748538012,0.12280701754385959,-0.06147386703020141,0.2763240241003113,False,-0.0362012724664561,False,0.017003923381577968,0.09744004517103422,-0.016719624173168635,-0.02555415001173955,False,376.0154475720158,True,True,1.0003059997036192,0.5214951725001286,-0.0038167663995203327,False,0.07393418883188276
ADBE,163,0.6025031533081069,Adobe Inc.,Information Technology,SP500,290.92999267578125,-0.0020238623769396336,0.05306404692904909,0.16181457777680275,0.06167205770086359,0.11518701023663058,0.9278752436647173,0.5419103313840156,0.6666666666666666,0.10526315789473684,-0.20826756805890978,0.5042137798830768,False,0.07659741867334113,True,0.201722285987477,0.08164898975210533,-0.16786098447173115,0.0375850752869169,False,1256.7123314414391,True,True,0.7770148229060557,0.6583599708079979,-0.01327523073214032,False,0.08854832717005334
WMB,164,0.5995872033023737,Williams Companies,Energy,SP500,74.37999725341797,0.008815866904789083,0.04804841445768626,0.03969801931151817,0.0698066320289239,-0.01038336987964994,0.6647173489278753,0.5594541910331384,0.39766081871345027,0.31384015594541914,-0.056306613922270876,0.34985775044592526,False,0.02287647989063335,True,0.012388731228728078,0.07404779370977743,-0.01223712872988214,0.015081406179936696,False,506.53896556298145,True,True,1.1624589409548318,0.8217517437658434,0.006238967361031467,False,0.10297643917110791
LITE,165,0.5994599243206056,Lumentum,Information Technology,SP500,898.2999877929688,0.003687137198847834,0.08206753590871019,0.25822896142689955,-0.007403328405559351,0.14688795121987708,0.9805068226120858,0.32943469785575047,0.7251461988304093,0.28460038986354774,-0.1469864712904836,5.776809908549711,False,0.02096453665059128,True,0.10190720686040322,0.3356145501098764,-0.09248256679503997,0.002010297168988151,False,3863.944972077217,True,True,0.9785945946969574,0.6799943766803426,0.00033518189158510125,False,0.15432671549643207
CFG,166,0.5972629285632381,Citizens Financial Group,Financials,SP500,68.55500030517578,-0.0165686242212868,-0.023850248778216065,-0.043196108231557506,0.13524353121589616,0.1376084567717153,0.2300194931773879,0.7485380116959064,0.7115009746588694,0.06237816764132553,-0.08263084135382803,0.4593374122572025,False,-0.04644668797121754,False,-0.0367724854492647,0.0895776794157912,0.03817632375920654,-0.023786276708148146,False,281.04875978250504,False,True,0.721001090397545,0.44476359427944373,-0.005020778636031453,False,0.12652000876278374
MELI,167,0.5961506707946338,MercadoLibre,Consumer Discretionary,NDX,1947.2650146484375,-0.009655428023680912,-0.00032599710337599674,0.03690996314002337,0.12494947175594562,0.09581599023547405,0.6530214424951267,0.7153996101364523,0.6354775828460039,0.1793372319688109,-0.22449689268758488,0.258890840429854,False,0.030656823158674795,True,0.06516356069028295,0.045942302905065846,-0.06117704650734901,0.007434328181049388,True,770.2208117232666,True,True,1.1967692514269264,0.7245612195565154,-0.007557525925778741,False,0.13905038759689922
TFC,168,0.5940649008141269,Truist Financial,Financials,SP500,49.97999954223633,-0.008923275038990375,-0.016335402649506503,-0.02632476597384048,0.07692183134520247,0.029436706445440608,0.31773879142300193,0.5828460038986355,0.48927875243664715,0.1481481481481482,-0.07681200196250315,0.2684601886431681,False,-0.027915545942491016,False,-0.02117638718927528,0.02766850602337101,0.0216345283380186,-0.012647059695443996,False,369.76042342436335,False,True,0.6079477681015638,0.578566092548216,-0.00297445022746734,False,0.11836322887628316
IEX,169,0.5920995298704277,IDEX Corporation,Industrials,SP500,229.26499938964844,-0.004407674982755294,-0.018935354553164085,-0.005142102730684273,0.10802643255881939,0.09121106248166644,0.43664717348927873,0.6608187134502924,0.6237816764132553,0.08382066276803124,-0.0467944648382046,0.4607802599246038,False,-0.024762195373051132,False,0.0025346303629547595,0.12579219707046962,-0.0025282222540652377,-0.014321702967565408,False,148.65329498348297,True,True,0.9702445234232447,0.6381755694656777,-0.0027358211140877664,False,0.06766088177831682
CCEP,170,0.5920330237358102,Coca-Cola Europacific Partners,Consumer Staples,NDX,107.91500091552734,-0.010861572641312489,-0.020023626734999578,-0.014114728502354623,0.20319988825986868,0.008672597534097326,0.3820662768031189,0.8752436647173489,0.442495126705653,0.050682261208576995,-0.033971875392064255,0.2853422583550993,False,0.0020497919665802833,True,0.01684104321867408,0.1155286431700624,-0.0165621198426118,-0.0032044562819497635,True,196.29307946539308,True,True,0.8584157048858847,0.53111936777057,-0.0006416104106621301,False,0.06385821964794065
BXP,171,0.5918816649466804,"BXP, Inc.",Real Estate,SP500,68.83000183105469,-0.007068636265532446,-0.016573740078870913,-0.018397045992560535,0.17632242109192653,0.25370540024395427,0.3586744639376218,0.8265107212475633,0.8518518518518519,-0.05653021442495132,-0.08911799381705454,0.3709584513860771,False,0.00024707694448355966,True,0.007089658978207236,0.09922946918776954,-0.007039749554573316,-0.006425125194567949,True,91.52652353089782,True,True,1.0110717326787837,0.6582400504062653,-0.0014425631067704892,False,0.06143484254721585
MMM,172,0.5916947597752552,3M,Industrials,SP500,172.7899932861328,-0.008890691088198288,-0.034746670083080744,-0.015507114947897915,0.14984703859655668,0.0804158564397286,0.3723196881091618,0.7777777777777778,0.6003898635477583,-0.09941520467836251,-0.05568396369792439,0.23543862952731454,False,-0.03832410863859548,False,0.012622105286601792,0.08374550817489257,-0.012464773601825851,-0.025063133218058642,False,551.2181312639908,True,True,0.6175542277856465,0.6203637926255559,-0.004818150484887096,False,0.0934993191962894
COR,173,0.5911122577686045,Cencora,Health Care,SP500,325.8299865722656,0.011800104982061299,0.006362533985528662,0.048570138370284566,0.23337428486439493,-0.12192749994921603,0.6978557504873294,0.9122807017543859,0.17543859649122806,0.4873294346978557,-0.1253531176425291,0.2946653486544173,False,0.020116956048227497,True,0.05972022195165794,0.014200813998592299,-0.056354706378701436,0.010831455055001493,False,438.35207141370483,True,True,1.3526231749700226,0.5277022969177259,-0.002856918396490493,False,0.08038871026510616
DIS,174,0.590535489049421,Walt Disney Company (The),Communication Services,SP500,107.41000366210938,-0.006382930821011046,-0.028930448698891942,0.11664415153266838,0.05233862887097662,0.037410367011950774,0.8557504873294347,0.5165692007797271,0.5087719298245614,0.3001949317738792,-0.08309222767043734,0.17109968848466317,False,0.01598085022372886,True,0.06679293798982333,0.03971211334186675,-0.06261096751885364,-0.002412730382889472,True,1046.7441360614143,True,True,1.155007240576702,0.5811104507363246,-0.0029602192353482826,False,0.08839496443604523
BKR,175,0.5903451439055154,Baker Hughes,Energy,SP500,63.505001068115234,0.017545284784174386,0.024439415206125137,0.05370508330606372,0.01220615388955748,-0.01354669659464558,0.7095516569200779,0.4074074074074074,0.3898635477582846,0.3001949317738791,-0.08207599874371307,0.45037108167874274,False,0.0070466476217232454,True,0.07028312361024991,0.0984082184004571,-0.06566778645744953,0.012518584449458636,False,488.6216638074867,True,True,0.6693044665769594,0.6143694666082239,0.011857101110015256,False,0.15390634296451472
OXY,176,0.589447311088178,Occidental Petroleum,Energy,SP500,60.11000061035156,0.017089715098262293,0.0,0.05326793292068377,0.024909151576212762,0.11924679104371072,0.7076023391812866,0.43664717348927873,0.6783625730994152,0.18323586744639375,-0.0883507625466442,0.558950840068763,False,0.027135102781327802,True,0.0850689842979444,0.16131778272149622,-0.07839960917598743,0.012005899480420412,False,466.99808858707155,True,True,0.8760809973521079,0.5858650446618199,0.02106603686508035,False,0.14960630101408146
HPQ,177,0.5873638344226579,HP Inc.,Information Technology,SP500,30.334999084472656,-0.006061643857018795,0.06140654882615637,0.1123945205448793,0.04650090557210618,0.6685835530497861,0.8499025341130604,0.4951267056530214,0.9610136452241715,-0.4658869395711501,-0.030830676553029734,0.7144238168832242,False,0.02359478912794377,True,0.14363373360682274,0.3561729866312249,-0.12559417354175695,0.013955768525919288,True,396.1872412878023,True,True,0.8969035529776327,1.2387082895800616,0.0036041514204809832,False,0.12277770317102196
TRI,178,0.5853250773993808,Thomson Reuters,Industrials,NDX,105.55000305175781,-0.006401207603194514,-0.028263667991122565,0.08264275125146803,0.13069109162875137,0.09252883271140133,0.7914230019493177,0.732943469785575,0.6276803118908382,0.1929824561403508,-0.38469239623343054,0.38784754497753005,False,0.018721069264903356,True,0.10548763562103436,0.05531397700162244,-0.09542181406829953,0.0074520402457725066,False,193.16569385667418,True,True,0.994661052196854,0.5339899263363194,-0.013178965279469046,False,0.0457114424731864
WST,179,0.5843458319000114,West Pharmaceutical Services,Health Care,SP500,340.8699951171875,0.010074951504388086,-0.03523721258051116,-0.0002639498479177771,0.0783834175601037,0.35860586583326337,0.4697855750487329,0.594541910331384,0.9200779727095516,-0.18908382066276797,-0.06739034687638423,0.4780243409737077,False,-0.023688189291610096,False,-0.025463671079653083,0.1678010644414778,0.02612901163763026,-0.014637071513355027,False,244.23148660895265,False,True,0.5870244664991658,0.49968102112987656,-0.003615139764394204,False,0.08749941677119041
ACGL,180,0.584110767113863,Arch Capital Group,Financials,SP500,97.9800033569336,-0.008700860105428254,-0.031243781409773907,-0.02536551729162484,0.104124472792404,-0.030476887750510828,0.3216374269005848,0.6471734892787524,0.3489278752436647,0.07407407407407407,-0.07982719507912661,0.15651560369654605,False,-0.009737844338467805,False,-0.016936191887665708,0.020946742136852325,0.01722796806057425,-0.011887911200188839,False,176.9872513839058,False,True,0.5843984482559544,0.9945431108143861,-0.006151296055408317,False,0.3101150136235423
DRI,181,0.5823517945189773,Darden Restaurants,Consumer Discretionary,SP500,216.66000366210938,0.004776695060859648,-0.039457323961765045,0.06424993473528606,0.081731049424697,0.04871487829977239,0.7504873294346979,0.6023391812865497,0.5516569200779727,0.1578947368421053,-0.048401218236880594,0.31042075316686657,False,-0.0073829919695888035,False,0.03762001470729537,0.09363526876405426,-0.03625606115347324,-0.005117778421372177,False,275.75536469218446,True,True,1.1731710218368374,0.47778769455869813,0.010527240932473925,False,0.11695071936376109
ADSK,182,0.5807739938080495,Autodesk,Information Technology,SP500,259.7900085449219,-0.0033376624912323516,0.021106872158731305,0.10926563591004257,0.04686494483876502,0.05203695625039395,0.8401559454191033,0.49707602339181284,0.5594541910331384,0.14619883040935672,-0.20502462819572376,0.38392290035991294,False,0.03263789287015628,True,0.14455223725838184,0.046544451252843455,-0.1262958845850819,0.010743491495170954,False,505.21051641041504,True,True,0.8608054833392367,0.9854644313070695,-0.011317471670319268,False,0.09302266579915458
WAT,183,0.5807579406031418,Waters Corporation,Health Care,SP500,412.5450134277344,-0.0051725119994301405,0.004370087468616779,0.09338479260324628,0.090927145738946,0.34278878584583583,0.8070175438596491,0.6159844054580896,0.9122807017543859,-0.2729044834307992,-0.020687927018610996,0.456109709031725,False,0.006291407927167647,True,0.06305676750622635,0.14538766337924058,-0.05931646308423222,-0.0009792728538540185,True,326.19948439656065,True,True,0.9424615100965595,0.5507833662768233,-0.02097955618850622,False,0.10365636836225071
MAS,184,0.5757218208920996,Masco,Industrials,SP500,72.4800033569336,-0.010511899564046523,-0.009971257159787195,0.018436619597518078,0.05534727784338145,0.047943003084339963,0.571150097465887,0.5224171539961013,0.5477582846003899,0.1364522417153996,-0.12048018319003329,0.24823265237477066,False,-0.023595880371946598,False,-0.048643252836760076,0.05349073809122373,0.0511304019042329,-0.010144148185692425,False,178.84402845773408,False,True,0.6912417158322576,0.5828380382970604,-0.010784995433820388,False,0.05867788975019402
PNC,185,0.571869051714253,PNC Financial Services,Financials,SP500,239.6334991455078,-0.010678317488895472,-0.016605768433592072,-0.04096728767645286,0.11789694770109138,0.1361598750447186,0.24171539961013644,0.6900584795321637,0.7037037037037037,-0.050682261208576995,-0.06746508149916519,0.37505050948142316,False,-0.03883500196338219,False,-0.03555524740616134,0.08490329574360556,0.03686602815820894,-0.01850884478747916,False,445.54172354508574,False,True,0.7621905722253927,0.732168893785248,-0.0007431588376811682,False,0.07489370467593791
XYZ,186,0.568463478958835,"Block, Inc.",Financials,SP500,82.69499969482422,-0.010470264487199565,0.01615879191186642,0.017909919612437264,0.08666230424361765,0.28308772087660494,0.5633528265107213,0.6081871345029239,0.8732943469785575,-0.1871345029239766,-0.025397746824404988,0.6845589618614976,False,0.014491424961067256,True,0.0372621698013047,0.2090579560651722,-0.03592357928993262,0.001308463392717396,True,393.6479249798935,True,True,0.9417491723582557,0.6589418579619241,-0.01184633082906239,False,0.1650947187017444
PFG,187,0.5673695677101249,Principal Financial Group,Financials,SP500,111.11000061035156,-0.002692783788677322,-0.0069711214903183105,-0.02277921202644906,0.07978619011398047,0.17921097355161653,0.34307992202729043,0.5984405458089669,0.7797270955165692,-0.15204678362573099,-0.037258495063799746,0.4551925620300459,False,-0.015789351060160106,False,-0.006525397896012253,0.14065884215710667,0.0065682583955268825,-0.006275500270208845,False,150.16536940994112,False,True,0.5584983149279806,0.47314098696291823,0.0,False,0.05130231288051037
AIZ,188,0.5665325077399381,Assurant,Financials,SP500,283.3999938964844,-0.007876772442065527,-0.015322621519468171,0.015079305914479146,0.14311368997421292,0.21760817695762857,0.5516569200779727,0.7660818713450293,0.8226120857699805,-0.07992202729044828,-0.06025139432450177,0.3952164249533292,False,-0.006196389910279709,False,0.015906769571529367,0.16258209089650744,-0.015657706049383102,-0.004496721788160518,True,100.92373568895569,True,True,1.6677913106812545,0.5705263350186704,-0.005531197640557983,False,0.04054218396396015
CMCSA,189,0.5650452929709896,Comcast,Communication Services,SP500,26.652999877929688,-0.015040635478391073,-0.013582552687504967,0.11239569684300355,0.07848906468573635,-0.11322867913359458,0.8518518518518519,0.5964912280701754,0.1871345029239766,0.4502923976608187,-0.1585501156178205,0.21592152304572254,False,0.021260116776232962,True,0.08854386248348556,0.009793007058873648,-0.08134156604537268,-0.00032617518488065045,True,782.9296211719748,True,True,0.7511765428463941,0.49077011315804875,-0.008499613701981157,False,0.06179082256324818
UHS,190,0.5629526430455224,Universal Health Services,Health Care,SP500,171.46499633789062,-0.0011360090880726537,-0.027976177604006724,0.01795888062597628,0.18668566130268838,-0.16819326887602792,0.5653021442495126,0.8440545808966862,0.12085769980506822,0.4541910331384016,-0.29556249627395925,0.21459940895295437,False,-0.006162776386996138,False,0.06277738540074074,-0.08261139558507524,-0.05906917691616986,-0.010761164863645423,True,133.78547079599,True,False,0.7778816217733371,0.5467713109766323,-0.0033205598978125472,False,0.14460928101680753
PTC,191,0.5628735236784773,PTC Inc.,Information Technology,SP500,156.2899932861328,-0.005472482620126895,0.012831286105018824,0.13913991809411042,0.07726765449129314,-0.01157350042730787,0.8966861598440545,0.5847953216374269,0.3937621832358674,0.18128654970760233,-0.2693314738392727,0.39134684179204715,False,0.03774082261809575,True,0.16883267203176722,0.04689802332360271,-0.14444554474875138,0.014113913461361038,False,198.48680665974427,True,True,0.8191666921355398,0.6784632057406199,-0.010499484317964658,False,0.10820530069943907
RTX,192,0.5622921683293202,RTX Corporation,Industrials,SP500,208.27000427246094,-0.016248653026852522,-0.004540660274827357,-0.029077836197831886,0.19810715827170466,-0.010971482680892874,0.3060428849902534,0.8654970760233918,0.39571150097465885,-0.0292397660818714,-0.07636702648102589,0.39282579328983114,False,-0.0420081850175269,False,0.012050495483462154,0.08912524708858616,-0.011907010111887328,-0.019331886874977222,False,965.5976447153085,True,True,0.7206971099799223,0.6489500530930858,-0.006990746489977662,False,0.07107553015825896
WSM,193,0.5612441233803463,"Williams-Sonoma, Inc.",Consumer Discretionary,SP500,226.10000610351562,-0.03824063284025858,-0.04908103612418935,-0.011195650824779357,0.12226643486711941,0.13121497992658315,0.40545808966861596,0.7076023391812866,0.6978557504873294,-0.21832358674463936,-0.101993775519443,0.3452024345968103,False,-0.06440731607491557,False,-0.030194589210866707,0.11645587683014047,0.03113468833536137,-0.04011012927288937,False,236.6746380387756,False,True,0.7050479852894258,1.3362991693613826,-0.012888675938987681,False,0.19798553816527273
SW,194,0.5604380231624815,Smurfit Westrock,Materials,SP500,46.880001068115234,-0.029198588127562708,-0.03717390859815861,0.029094785445991977,0.14684819302023966,0.0219543740394732,0.6179337231968811,0.7738791423001949,0.4697855750487329,-0.1072124756335282,-0.07700812496193099,0.4721277001626438,False,-0.030701739510741177,False,0.010041650814876846,0.13103689328662305,-0.0099418185445872,-0.030180188734128977,False,240.71227943133346,True,True,0.7284027338007879,0.6678951230354742,-0.019465778082103924,False,0.06856471660735261
STE,195,0.5599071207430341,Steris,Health Care,SP500,231.51499938964844,-0.009688593555801761,-0.026716256181904097,0.013638378180412136,0.10012743222436482,-0.06282477479480753,0.5458089668615984,0.6393762183235867,0.2729044834307992,0.08187134502923976,-0.1334656844788441,0.16105820700193263,False,-0.014822459032021729,False,0.03585989879125795,-0.005654599252857939,-0.03461848347744978,-0.012049308719531582,True,160.77253381790953,True,False,0.5440531820132168,0.657186877153873,-0.008940013469089458,False,0.06066973393403604
NOW,196,0.5595872033023737,ServiceNow,Information Technology,SP500,145.77000427246094,0.007324977606349314,0.13838345020218945,0.310527734182382,0.07294276179588288,0.3322062393694336,0.9844054580896686,0.5653021442495126,0.9064327485380117,-0.35477582846003897,-0.2416896035358035,0.7562651117163968,False,0.1472803883884648,True,0.2889574634644969,0.22352197414481956,-0.22417920812361702,0.08454727772914783,False,2388.3597067907317,True,True,0.7738923573171204,0.8241241485342589,-0.018174312492520106,False,0.2804132420893971
TROW,197,0.5593142988189427,T. Rowe Price,Financials,SP500,110.37000274658203,-0.007820883979635984,-0.017186110888049222,-0.012348968710675368,0.07481103678606726,0.19424584261125655,0.39571150097465885,0.580896686159844,0.8011695906432749,-0.08187134502923976,-0.09294869765144687,0.295908492470806,False,-0.017890096882288042,False,-0.03342929599532951,0.08343718754167506,0.0345854636984404,-0.012216287493373224,False,215.39636802185547,False,True,0.5413668802861061,0.3807172031329296,-0.0018878019462912343,False,0.0710259540901883
GL,198,0.5587042770324504,Globe Life,Financials,SP500,173.2449951171875,0.0026332649385616413,0.0006641843189043595,-0.04941017768347056,0.14095676581944439,0.18889595705903384,0.20077972709551656,0.7582846003898636,0.7894736842105263,-0.08382066276803113,-0.06867545888538984,0.33704960272832074,False,-0.0252801836223695,False,-0.02956530252474643,0.134255283670343,0.03046604022059962,-0.006137566467132594,False,111.12226021650879,False,True,0.8063934696052817,0.563488127550446,-0.0003472282014294059,False,0.05061855418302609
HCA,199,0.5580311890838207,HCA Healthcare,Health Care,SP500,416.25,-0.0037576164297954406,-0.03026276798506622,0.03393031070410557,0.1243374990850119,-0.2161963830407122,0.6354775828460039,0.7115009746588694,0.07017543859649122,0.5107212475633529,-0.2337522739384158,0.1543347004283071,False,0.004598828424680068,True,0.03778717243383434,-0.07961367302700673,-0.03641129264029663,-0.006104077147856657,True,578.5267902473023,True,False,0.6991299507870007,0.5786456223933307,-0.005791999869112274,False,0.07821195595761839
NTAP,200,0.5572560486182777,NetApp,Information Technology,SP500,186.82000732421875,-0.0010693879995362643,-0.0002140280745059897,0.046610685289740994,0.042779255674781025,0.8806514690002318,0.6881091617933723,0.48148148148148145,0.9707602339181286,-0.50682261208577,-0.09783655750285802,1.0013520046521647,False,-0.039599401940317414,False,0.05887999977970404,0.45382931250027725,-0.05560592304317191,-0.019877349480534323,False,441.10968566016356,True,True,0.5926641855163379,0.5794181928208024,0.010426675776358696,False,0.07380321386977118
MKC,201,0.5572526086457974,McCormick & Company,Consumer Staples,SP500,53.95000076293945,-0.024941280000838395,-0.04003558664511164,0.05992139775300109,0.1687178725217362,-0.21424710076340325,0.7368421052631579,0.8128654970760234,0.07407407407407407,0.3957115009746589,-0.23343856838985055,0.1938351486360812,False,-0.004502330335938609,False,0.031648081420613705,-0.04641017663483682,-0.030677206685668756,-0.014508916703513286,True,180.27138322308062,True,False,0.8267782717129638,0.5440565077837743,-0.012651377910249173,False,0.08352400522835728
DELL,202,0.5557986469441577,Dell Technologies,Information Technology,SP500,463.1600036621094,0.015167485481006437,0.06918442496778754,0.14256113980072826,-0.004366548958801064,2.030679060968025,0.9064327485380117,0.34307992202729043,1.0,-0.6549707602339181,-0.0633961001484562,3.1897974770103055,False,0.0076252948235540075,True,0.06727578464384276,0.8850537412495962,-0.06303505205666504,0.011555373887666587,False,2686.7667278019617,True,True,0.6346695460121542,0.5886711922866449,0.007912537143633713,False,0.21753721951069774
HBAN,203,0.5511650040133012,Huntington Bancshares,Financials,SP500,16.69499969482422,-0.013297894825956114,-0.020246549422937576,-0.020246549422937576,0.06416654660886878,0.0027781793885897077,0.3508771929824561,0.5477582846003899,0.4269005847953216,0.09356725146198835,-0.11691005061253412,0.13239131994277353,False,-0.038597232686264804,False,-0.049568218021466603,-0.0040146738037690755,0.052153367512899784,-0.01884637580602544,False,397.41962214414355,False,False,0.6252478939837284,0.6999416558294581,-0.0029550376380079735,False,0.11757535782645541
HOOD,204,0.5469418644650842,Robinhood Markets,Financials,SP500,101.50679779052734,-0.026407100415226092,-0.020393793669575944,0.17267560828910478,0.11877872847857862,0.28848437881929745,0.9395711500974658,0.6939571150097466,0.8771929824561403,-0.15399610136452246,-0.33420704892770636,0.5578083499948248,False,0.027601220875023813,True,0.0027032813765228703,0.06560024395773567,-0.0026959933479142606,-0.0208929697535587,True,2200.6148083261896,True,True,1.0326344163300982,0.675068134006727,-0.008968014279978287,False,0.21614736797736056
FANG,205,0.5451163857355807,Diamondback Energy,Energy,SP500,200.92999267578125,0.016492105716769734,-0.022714072417795106,-0.004500863492051921,0.015106007543830291,0.14194261785494966,0.4405458089668616,0.4191033138401559,0.7173489278752436,0.04873294346978557,-0.04933428880131552,0.5295456982068811,False,0.003940571121938241,True,0.04079023051289088,0.12939237192247166,-0.0391915962669922,-0.003943934222460088,False,369.8770616292945,True,True,0.9673971803790313,0.731847011878356,0.022006405341278734,False,0.1330642848525244
HIG,206,0.5443309253525972,Hartford (The),Financials,SP500,137.96499633789062,-0.004222350782977946,-0.007303204927695317,-0.027799360315794885,0.09002920653030855,-0.022844983173134104,0.3079922027290448,0.6120857699805068,0.3723196881091618,0.09941520467836251,-0.052958516788649046,0.14273101073285788,False,-0.009133755623563111,False,-0.004105164400299066,0.0185177256868152,0.004122086241994616,-0.002681659509379375,False,214.81958529834532,False,True,0.7513552147352154,0.588122358097516,-0.0005052856201858136,False,0.08471401558461997
CB,207,0.544178419905974,Chubb Limited,Financials,SP500,338.30999755859375,-0.004736455064546896,-0.021744756977863933,-0.03527431098307365,0.09550504392696024,-0.006980500140186918,0.27680311890838205,0.6276803118908382,0.40350877192982454,0.021442495126705596,-0.06929849364898555,0.2690803795561343,False,-0.018281535778510993,False,-0.025132570502130136,0.04312088515795698,0.025780500754933655,-0.009172932602027895,False,618.0363184281933,False,True,0.5505683088126797,0.5955247708379058,0.0008825246561499078,False,0.06012705815689394
FITB,208,0.5423563811489509,Fifth Third Bancorp,Financials,SP500,53.86000061035156,-0.012467918844170534,-0.018943549847391217,-0.046725652914131666,0.11701232496489733,0.09815632220490622,0.21442495126705652,0.6861598440545809,0.6374269005847953,-0.033138401559454245,-0.09280778879337404,0.3676073780078797,False,-0.04288873240436264,False,-0.04849929022769117,0.0744195037656814,0.05097136526497903,-0.0204478033342953,False,336.5344262179358,False,True,0.6953904945035911,0.5944724980826046,-0.004767182469123221,False,0.06112523022586369
WM,209,0.5418598784543057,Waste Management,Industrials,SP500,220.81900024414062,0.005276320507642707,-0.024909504117669568,-0.025296856015966984,0.043602415842952214,-0.08397684204183187,0.3255360623781676,0.4834307992202729,0.23976608187134502,0.14814814814814814,-0.09675970930974642,0.13593884973545434,False,-0.015192081856873929,False,-0.03298676777129772,-0.013544712029292527,0.03411201281627996,-0.004799130974860177,False,456.2274237426324,False,False,0.5819481352640228,0.9313246906917273,0.001547829974607673,False,0.1623473309030116
PYPL,210,0.5381894278179109,PayPal,Financials,SP500,52.7151985168457,-0.017607181014779094,-0.1453437377427803,-0.07856669532523874,0.1703689180439496,0.16259257894480905,0.09941520467836257,0.8148148148148148,0.7543859649122807,0.03508771929824561,-0.30156651774405596,0.35744869872192897,False,-0.11732746828152474,False,-0.024253462872903087,0.03300528991089591,0.024856314575619987,-0.0972971184528546,False,820.7475838828382,False,True,1.1401224197001036,0.9644678938123017,-0.005031689499281566,False,0.42284407402462826
DLTR,211,0.537719298245614,Dollar Tree,Consumer Staples,SP500,124.91999816894531,-0.026040827077320805,-0.08650824008083868,-0.018001736750321684,0.12186798276407718,0.04204205064230293,0.36062378167641324,0.7056530214424951,0.5243664717348928,-0.24756335282651076,-0.11536015700310953,0.4689557481664648,False,-0.039221031227387515,False,-0.008978855130693741,0.07169190441672413,0.009060205402456667,-0.03417869424736042,False,362.0691192919952,False,True,0.5574409980025963,0.9881241990329,0.0,False,0.08222357652444481
EOG,212,0.5355670221304897,EOG Resources,Energy,SP500,145.5749969482422,0.015521386466630815,-0.030856864113282145,-0.02094966333995174,0.07345473210953402,0.1488073108261303,0.3469785575048733,0.571150097465887,0.7270955165692008,-0.007797270955165692,-0.04884028719024436,0.4659357580023613,False,0.008715152808656645,True,0.03881887337347645,0.15105815576049308,-0.03736827888717065,-0.0026863973426834997,False,426.3914141791733,True,True,1.2197319954023373,0.746746073083546,0.020578980276512393,False,0.1154130746887188
EW,213,0.535483316133471,Edwards Lifesciences,Health Care,SP500,91.06500244140625,0.009477922243774417,0.006243120899516619,0.058034190360086724,0.0329514366903938,0.04456299750666348,0.7270955165692008,0.45614035087719296,0.5360623781676414,-0.023391812865497075,-0.04323385007959246,0.2534755750688824,False,0.0020494583393293464,True,0.017912560474011352,0.0731606143980621,-0.01759734693289372,0.004961440972187647,False,375.6986925107611,True,True,0.678261786337107,0.5050290421459677,0.008757354212891588,False,0.09564094979180097
CHD,214,0.5352046783625731,Church & Dwight,Consumer Staples,SP500,100.62999725341797,-0.0062216558317361725,-0.01853117671413218,0.02152448440014898,0.05914829854840398,-0.02581652407326729,0.5828460038986355,0.5321637426900585,0.36062378167641324,0.09161793372319693,-0.037940650210041005,0.24612775020787248,False,-0.006232228186956457,False,0.017591130238646446,0.06956460639249684,-0.017287031810626075,-0.005120355802261556,True,174.26562049816513,True,True,0.9807278603460384,0.6920552301572869,-0.004444050643326092,False,0.10350055333294804
INTU,215,0.5352000917325995,Intuit,Information Technology,SP500,358.0050048828125,-0.00015358508673468663,-0.032209688885215026,0.1326762950828726,0.016482443375664513,-0.13925905935990845,0.884990253411306,0.42105263157894735,0.15204678362573099,0.35477582846003897,-0.48435832454524963,0.40977315551519844,False,0.03426236057776255,True,0.15956269099488973,-0.1690267235324191,-0.13760592008870776,0.010190005657896073,False,1349.4148927153199,True,False,0.6527065326772538,1.2786225543914513,-0.0014243695724248662,False,0.15931222446630616
ITW,216,0.534629056300883,Illinois Tool Works,Industrials,SP500,276.8999938964844,-0.011424534585153245,-0.024828378261898543,-0.035023585582898975,0.13330151639638088,-0.0371995884138302,0.2787524366471735,0.7407407407407407,0.32943469785575047,0.031189083820662766,-0.06868025334557104,0.17040547344879298,False,-0.03799221648586193,False,-0.00992442881110811,0.04840461645864891,0.010023910396244506,-0.018927082986330168,False,356.1519110752704,False,True,0.6542044792643849,0.5342822644416009,-0.0037487264822080313,False,0.07987717122711104
RF,217,0.5342242862057103,Regions Financial Corporation,Financials,SP500,29.934999465942383,-0.013023424291370933,-0.02269016369136667,-0.032794871469356,0.09491584853224144,0.0804797863736364,0.29239766081871343,0.6237816764132553,0.6023391812865497,-0.02729044834307992,-0.0760803069088638,0.32045399647695216,False,-0.03763774965291755,False,-0.029209668278252554,0.06649664488234519,0.0300885446875514,-0.019312985561064644,False,275.8270901894024,False,True,0.740441832537506,0.6131914569532275,-0.0029673640888322472,False,0.08914680340084041
ELV,218,0.5324607269808509,Elevance Health,Health Care,SP500,393.5400085449219,-0.0022563804664594844,-0.022576549754498076,0.04709454123961421,-0.018672551401187065,0.35198125691558535,0.6900584795321637,0.29239766081871343,0.9142300194931774,-0.09941520467836257,-0.07790716589959779,0.4161755552129196,False,-0.005645872805897345,False,-0.003471650666815984,0.1062735711529017,0.0034837450125115854,-0.008958651385885918,False,506.34769364655705,False,True,0.6136991680777703,0.4393988549842721,-0.0012422742780054952,False,0.05445505782354141
VTR,219,0.5310319917440661,Ventas,Real Estate,SP500,90.375,-0.01563007947667061,-0.03311224114991873,-0.033525848193899366,0.11252414644976749,0.055702749929972706,0.28654970760233917,0.672514619883041,0.571150097465887,0.07602339181286555,-0.10101461158465863,0.38076090145529906,False,-0.014752809179129356,False,-0.020642115813158668,0.07340396057561982,0.02107719368624661,-0.019035493807384563,False,314.4466809013263,False,True,0.9051139771337107,0.5152183921606017,-0.006970911738016228,False,0.07349156642743652
EFX,220,0.5309012727898177,Equifax,Industrials,SP500,189.47999572753906,-0.02505793785971211,-0.026460509818998723,0.09767119156101067,0.0915375293788172,-0.08356244098262477,0.8226120857699805,0.6179337231968811,0.24171539961013644,0.23976608187134507,-0.2715527851059302,0.2471533262815957,False,0.02151883005857025,True,0.07819224436998584,0.01023514238459211,-0.07252161641700139,-0.0035487587109089835,True,262.11646060421236,True,True,0.7719974944024924,0.49222010155047413,-0.01651662780065699,False,0.057396389772522656
MDLZ,221,0.5305079692695792,Mondelez International,Consumer Staples,SP500,62.09349822998047,-0.0042736109326922955,-0.040285917174723074,-0.0034746130402646402,0.025618022667709628,0.04493859730606076,0.45614035087719296,0.4405458089668616,0.5380116959064327,-0.001949317738791423,-0.04456839096780152,0.2260938470983025,False,-0.012699139349684585,False,0.011300032196212895,0.06485021553911396,-0.011173768255176242,-0.0121751143380594,True,534.3028573127139,True,True,0.7397921000645984,0.7490616121414182,-0.001924293308375069,False,0.10608955978920921
AXP,222,0.5300848526545121,American Express,Financials,SP500,331.2799987792969,-0.0057623450101838,-0.01793492435832611,-0.014780672775325243,0.05947190092711008,0.08394435981888626,0.37816764132553604,0.5341130604288499,0.6081871345029239,0.01754385964912275,-0.13227867012389394,0.14016832513029276,False,-0.02262005079639373,False,-0.032275508564959976,-0.015106348325998109,0.03335196003678553,-0.0111576455418394,False,961.7772926254004,False,False,0.6145279018237227,0.5657306721029679,-0.0036614681152684625,False,0.11011141922796473
TSCO,223,0.5287833963994956,Tractor Supply,Consumer Discretionary,SP500,35.02000045776367,0.008640530717541006,-0.02505561684465052,0.1459842137426859,0.10956374579590444,-0.3200414924851347,0.9142300194931774,0.6647173489278753,0.02729044834307992,0.5458089668615984,-0.41704938290419835,0.21008704317491733,False,0.006626854522594039,True,0.08820643497913028,-0.1594806578360165,-0.08105671143253435,0.0024637724778699965,False,354.4871811915002,True,False,0.7877293165408169,0.5537500459995875,-0.003168220232837138,False,0.10054255629792885
FTV,224,0.526921224630203,Fortive,Industrials,SP500,59.5,-0.003183089815384399,-0.01587825172030488,0.004897836852076454,0.014280499959584914,0.017817055400720205,0.5146198830409356,0.4152046783625731,0.4619883040935672,0.04678362573099415,-0.07161798408743203,0.2707495862291185,False,-0.017032594001484713,False,-0.024427032216180478,0.027925906964960667,0.025038652179621756,-0.006961238381066326,False,150.84757149761597,False,True,0.6279818619996508,0.6092728486131791,-0.005025954832679647,False,0.08175603649164559
EXE,225,0.5263192294461644,Expand Energy,Energy,SP500,98.8499984741211,0.007029286738688967,0.026160039397549406,0.057576241144158935,0.0798555032723709,-0.07280308731989427,0.723196881091618,0.6003898635477583,0.26120857699805067,0.4074074074074074,-0.181450101496908,0.14369059253059957,False,0.03688694383471258,True,0.07903667411189574,-0.014101554105929281,-0.07324744006217121,0.01958171035454459,False,316.7728332603319,True,False,0.9990244324637481,0.5012213606996543,0.010594878232816018,False,0.05629871826528589
EMR,226,0.525968352253182,Emerson Electric,Industrials,SP500,152.9600067138672,-0.014305877475792261,-0.029256840744228296,0.024420824494076232,0.08350678608560336,0.013275990703369711,0.5984405458089669,0.6062378167641326,0.45419103313840153,0.005847953216374324,-0.0663174930735615,0.25033296438459773,False,-0.035706499263799873,False,0.028839638739659,0.08239213750536689,-0.028031228243682205,-0.02144037317238623,False,399.7105033640756,True,True,0.9025952146273035,0.6401267022665272,-0.00908614814969233,False,0.05977252482238686
KVUE,227,0.5247517486526774,Kenvue,Consumer Staples,SP500,18.914100646972656,-0.013348952963111338,-0.026551706129706032,-0.005980893138422205,0.10230119155787354,0.024636061470501014,0.4327485380116959,0.6432748538011696,0.4756335282651072,-0.04873294346978563,-0.045992749247968256,0.4049804053805153,False,-0.009184513675315364,False,-0.004370706769633137,0.0783941542114186,0.004389893707779757,-0.010490082793367828,False,385.9047064016069,False,True,0.9021863861308385,0.7375013515326216,-0.00625982466123165,False,0.12121666990679703
SYK,228,0.5244926040591676,Stryker Corporation,Health Care,SP500,327.07000732421875,-0.01094679334259252,-0.0022573754305426075,0.00420630968941027,0.09511505501564943,-0.15035261686761048,0.5087719298245614,0.6257309941520468,0.14035087719298245,0.1306042884990254,-0.16214419625787346,0.16053205829000516,False,-0.023533163895755993,False,-0.005709132525756333,-0.03310212268593549,0.005741913873008819,-0.007768065664047197,False,796.5102109385315,False,False,0.6438116684952391,0.6939939998065092,-0.00876952395014785,False,0.09913538855681651
KHC,229,0.5233287467033597,Kraft Heinz,Consumer Staples,SP500,25.735000610351562,0.001361861726579372,0.002532159480499674,-0.004448733826735274,0.10882045708127364,0.08695353052907784,0.442495126705653,0.6627680311890838,0.6140350877192983,-0.14814814814814814,-0.06824765284598577,0.23533371323265517,False,0.01640026793390481,True,0.021177502725820085,0.092922978097711,-0.020738316961832037,0.012383008944119034,False,353.07665334840226,True,True,0.9769149892885417,1.1605088317898489,0.002723723453158966,False,0.17734154876701755
ED,230,0.5223770209838322,Consolidated Edison,Utilities,SP500,106.51499938964844,-0.00907059720437231,-0.01109460314716959,-0.013425928085157302,0.036569364765265844,-0.03365948829504384,0.38791423001949316,0.4678362573099415,0.341130604288499,0.12280701754385964,-0.06211574472944803,0.15148900343092753,False,-0.007824431367899898,False,-0.023736443318020495,0.009563853839698488,0.024313560775220733,-0.006941936480013955,False,237.43451086257508,False,True,0.7350347251167242,0.6233524181988995,-0.006512205434494045,False,0.05918937666195842
GM,231,0.5211615640408209,General Motors,Consumer Discretionary,SP500,86.55000305175781,0.0032456986158224677,-0.004943668528169853,-0.02599592103001458,0.04907610264229478,0.11809396526149474,0.31968810916179335,0.5048732943469786,0.6705653021442495,-0.29824561403508765,-0.041528237799179135,0.5739213377998809,False,-0.001994825862411287,False,0.04593665600327701,0.09077190080184816,-0.04391915680516412,0.0024529645624518093,False,540.130501541651,True,True,0.6404380171942607,0.7836690124762445,0.00011593991676916993,False,0.07445698644436323
APH,232,0.520964338951955,Amphenol,Information Technology,SP500,156.9199981689453,-0.005198474043759838,0.008807425845769101,-0.023522083703052754,0.07391512883492868,0.16504404186401445,0.33723196881091616,0.5769980506822612,0.7582846003898636,-0.0721247563352827,-0.1100272705842198,0.4461291726518297,False,-0.04007439694606907,False,-0.025213265869102552,0.08324525034499719,0.02586541751779392,-0.014036436880543235,False,1089.183853051392,False,True,0.7571078647107321,0.6259424508889283,-0.008431607612136904,False,0.06253982926012053
AAPL,233,0.519901387455567,Apple Inc.,Information Technology,SP500,315.1499938964844,-0.014232149317530807,0.01549912230248518,0.021079846516205203,0.02974697056404252,0.19262776345980526,0.5789473684210527,0.4444444444444444,0.797270955165692,-0.31968810916179335,-0.0725070050326303,0.39474472535772054,False,0.015323059585068188,True,0.009581040988712486,0.11614460766050105,-0.009490115800242727,0.004995933329529079,False,16792.743393217243,True,True,0.5722234341810699,0.5065305780505331,-0.0004379563437327816,False,0.1198019382746699
GEHC,234,0.5169441577800711,GE HealthCare,Health Care,SP500,70.94000244140625,-0.010944524913417353,-0.04380644147527535,0.04292863778959766,0.13223929479130248,-0.11408917924714457,0.6686159844054581,0.7387914230019493,0.18518518518518517,0.031189083820662766,-0.19416039264436602,0.1932433531040536,False,-0.023594598889487672,False,0.046899554103617236,-0.024756060498592358,-0.044798523334718454,-0.022538197834268248,True,298.5391272801602,True,False,0.47284090457862415,0.4212783204974956,-0.009968579339163064,False,0.093105942218032
KMI,235,0.5168294920307305,Kinder Morgan,Energy,SP500,31.975000381469727,0.013149585632128646,0.03145162520870093,0.0029170193863723437,0.04615462668922543,-0.038882962688789435,0.49902534113060426,0.49122807017543857,0.32748538011695905,0.14230019493177387,-0.05934509656800102,0.2861717336521685,False,0.01021270862283652,True,0.0039306455826984,0.04846782636940561,-0.00391525609860921,0.009821967878657967,False,319.2319604566997,True,True,1.1560005905472237,0.8566816656773661,0.00760455561405049,False,0.17263691058451244
PCAR,236,0.516605893819516,Paccar,Industrials,SP500,123.8550033569336,-0.011847718400707419,-0.04682929790782908,-0.06404161592591995,0.1344017379055562,0.0011145885731915772,0.1364522417153996,0.7446393762183235,0.42300194931773877,0.029239766081871288,-0.1014907884934485,0.36460631206964456,False,-0.04694917143420363,False,-0.02622973207150847,0.045098539920758185,0.02693626303389518,-0.028254410835844013,False,408.1806490033339,False,True,0.6707362264367731,0.4997704612474813,-0.0031912710082269147,False,0.04729362464235181
ETN,237,0.516053204907694,Eaton Corporation,Industrials,SP500,400.54998779296875,-0.0055365484708441715,-0.019869394298491883,-0.03291068991021284,0.0036380403352438417,0.07021904342871355,0.290448343079922,0.3645224171539961,0.5886939571150097,0.07212475633528265,-0.12916341587486013,0.27889506115158635,False,-0.07464850950710133,False,-0.03749095793966173,0.05879250030517724,0.03895127869075288,-0.03334090056668737,False,902.8675567847192,False,True,0.5874227234563506,0.6481327369082786,0.0005462069153630011,False,0.1419134440856892
CEG,238,0.5154764361885105,Constellation Energy,Utilities,SP500,277.0,0.0009033423667570428,0.013056385253434444,0.05585467331939209,0.044131693027627206,-0.14956230276781157,0.7173489278752436,0.4853801169590643,0.14230019493177387,0.40350877192982454,-0.3104382866859666,0.17304780628704441,False,0.010891793259432125,True,0.04645555615089947,-0.06581805331439472,-0.04439324334210004,0.0007159680420969483,False,758.3446786327893,True,False,0.6506292299148726,0.5771348605285949,-0.006070434239498601,False,0.11605468845516613
LYV,239,0.5152081183350534,Live Nation Entertainment,Communication Services,SP500,180.2899932861328,-0.00748692901760617,-0.02329488670603086,0.03537580101410964,0.057729519003034024,0.11420799707290752,0.645224171539961,0.5243664717348928,0.6647173489278753,-0.14814814814814814,-0.04335144400232693,0.4353155991568003,False,-0.016517786001473245,False,-0.00467385801829745,0.1294090348706214,0.004695805546704124,-0.011163536695557252,False,376.9948838142258,False,True,0.8999625176532099,0.6159826919292856,-0.002697441513013321,False,0.05100158227138868
CLX,240,0.5136177043916982,Clorox,Consumer Staples,SP500,98.46499633789062,-0.03964695688874875,-0.08122610786399298,0.042764480411611405,0.11814217607415611,-0.20455022278257196,0.6666666666666666,0.6920077972709552,0.08187134502923976,0.3294346978557505,-0.20673969871361075,0.1567032122389307,False,-0.06265186917915688,False,-0.005450432022457985,-0.02739372934879436,0.005480302036168672,-0.04769361350583279,False,235.03623560646483,False,False,0.9605450471180959,0.604516308543626,-0.0035111734578919807,False,0.2537841817742247
HAL,241,0.5132221075564728,Halliburton,Energy,SP500,37.095001220703125,0.0252902406801927,0.07118105909784345,0.15023259599079464,-0.053295725679607275,0.04068083131762412,0.9161793372319688,0.2222222222222222,0.5185185185185185,0.1949317738791423,-0.13325240079078582,0.7448482315216969,False,0.08521239540558123,True,0.09434144630222607,0.07742141530921898,-0.0862084193384115,0.04889377144119855,False,385.2167443537187,True,True,1.0708747268818342,0.8374115030039722,0.030956299680421573,True,0.24430155682973775
PM,242,0.51234262125903,Philip Morris International,Consumer Staples,SP500,188.27000427246094,-0.0188649493392139,-0.01666145581084011,-0.01336339458065916,0.09944899516200012,0.04191854779332749,0.3898635477582846,0.6374269005847953,0.5224171539961013,-0.18323586744639375,-0.05944943800439395,0.3391002491318913,False,-0.004681315199831282,False,0.005849423443848867,0.09538688735879597,-0.005815406667751044,-0.011847018467447845,True,905.582018147507,True,True,0.6932674380108574,0.6412044354066415,-0.00578456727230281,False,0.08056986935801279
C,243,0.5116557734204794,Citigroup,Financials,SP500,131.50999450683594,-0.01045898761087305,-0.0015943418761081851,-0.0020489017678102517,0.02392611265892519,0.19160057158851673,0.46393762183235865,0.4346978557504873,0.7933723196881092,-0.07017543859649128,-0.09261600214858667,0.4297035467887138,False,-0.024388463106752578,False,-0.030251194318911323,0.08274580946519672,0.031194876592464338,-0.011012872162390996,False,1520.0205722608907,False,True,0.7855602087503872,0.6421291040660074,-0.004439400789966741,False,0.08291673689547453
CNC,244,0.5109436991170737,Centene Corporation,Health Care,SP500,63.974998474121094,-0.011969135534809383,-0.02551413576277728,0.028206319816560965,0.03185481409872737,0.4344170552212516,0.6140350877192983,0.4522417153996101,0.9395711500974658,-0.3528265107212476,-0.06904835073187565,1.2329842696662126,False,-0.02083454556471387,False,-0.01975507864631776,0.2865936045777002,0.020153206832264736,-0.014441517035461371,False,289.73150827797053,False,True,0.9401003401390101,0.6460709129685156,0.009884160457890978,False,0.060124298008057867
CINF,245,0.5109322325421397,Cincinnati Financial,Financials,SP500,171.16510009765625,-0.004680474020662961,-0.00026228967028774086,-0.036666438803905965,0.09738671237205287,0.01846700028209347,0.2709551656920078,0.6296296296296297,0.46588693957115007,-0.01754385964912275,-0.10865437074558848,0.14950822359993854,False,-0.00961457281883471,False,-0.03652821175972509,0.03144593441589283,0.037913109865356454,-0.002347757252840421,False,130.66138826385742,False,True,0.517878906805751,0.462048383443216,-0.0038378999675783287,False,0.03976529318222992
INSM,246,0.5103566104804494,Insmed,Health Care,NDX,118.6500015258789,0.0009279619495696778,-0.04299081857345832,0.20334689008154716,0.11902294531617197,-0.18910609905197795,0.9590643274853801,0.6998050682261209,0.10136452241715399,0.6822612085769981,-0.43876827269009533,0.2913583486362705,False,-0.04323003598416919,False,0.042801907615767965,-0.16548122742382643,-0.041045099076994385,-0.02957754089016873,False,314.52729323228806,True,False,1.819606124793886,0.551837188461936,0.0038805388975866606,False,0.08308040519581952
MS,247,0.5098956541681,Morgan Stanley,Financials,SP500,212.92999267578125,-0.008567358383740675,-0.00537186633705744,0.011928497902659707,0.014653919525015713,0.2889383317504761,0.5321637426900585,0.4171539961013645,0.8791423001949318,-0.2729044834307992,-0.06321542739640629,0.47043674602943786,False,-0.011535910819509554,False,-0.012554968395890098,0.1312213223875911,0.0127145997944762,-0.00671119184563318,False,1113.3266235551696,False,True,0.7759258382973764,0.5967543706743027,-0.002188393217643525,False,0.06138492189860291
AXON,248,0.5098750143332186,Axon Enterprise,Industrials,SP500,586.5800170898438,-0.02355461495007294,-0.01842401859274645,0.1114521870467986,0.23003692980163581,0.02545365032945024,0.8460038986354775,0.9064327485380117,0.47953216374269003,-0.050682261208576995,-0.24563388436193745,0.6956119932652078,False,-0.03042542790926861,False,0.046462324085582374,0.15836538881776963,-0.04439942367364447,-0.029328242171562047,False,522.3721722424194,True,True,1.2070069599635684,0.4503620506500914,-0.016413339890026357,False,0.09196885593089524
NVDA,249,0.5078442839123954,Nvidia,Information Technology,SP500,220.19000244140625,0.012135138371017762,0.056168490760959644,0.09683687392979445,-0.017442365594619313,0.20812451583125569,0.8148148148148148,0.3001949317738791,0.8089668615984406,-0.10721247563352826,-0.06487391481512583,0.33466506597311496,False,0.006697912471400835,True,0.055510297136468045,0.12455730581569058,-0.05259095746111053,0.010805738460163195,False,27098.586740839444,True,True,1.1241822894466287,1.2709606292977373,0.0060307811609121575,False,0.23915727699142933
ASML,250,0.5074475404196767,ASML Holding,Information Technology,NDX,1686.0250244140625,-0.005975267404839335,-0.031092493271727473,0.035006153722567435,0.036618397175085304,0.18851100842133772,0.6432748538011696,0.4697855750487329,0.7875243664717348,-0.27485380116959063,-0.15141669168237137,1.3381281725823877,False,-0.04119786899461786,False,-0.04321479886324975,0.15188186458115172,0.045166667306210995,-0.026822597142094562,False,3014.1705851456277,False,True,0.575359557402656,0.5176707497419686,0.007455086357676999,False,0.2624303611614249
CDW,251,0.5069326912051371,CDW Corporation,Information Technology,SP500,149.05999755859375,0.00927615339251564,0.13027001278623684,0.01327428442038281,0.06236399358022515,0.20750286678217433,0.543859649122807,0.543859649122807,0.8070175438596491,-0.08771929824561397,-0.10935626693867617,0.5172217348843104,False,0.06776268544873743,True,0.08447282549643464,0.14438239681605958,-0.07789298496969321,0.042120367520597224,False,258.3576945553497,True,True,1.1815440176555778,0.7297029796208991,0.004536516743651076,False,0.08937805644304087
TRMB,252,0.5044857241142071,Trimble Inc.,Information Technology,SP500,60.720001220703125,-0.004753271739195042,0.0008241808680886642,0.07317071855194146,0.04419603830415153,-0.1124104959764175,0.7699805068226121,0.4873294346978557,0.18908382066276802,0.4074074074074074,-0.2729884619105295,0.2424801012444251,False,0.029789639243767763,True,0.0980227834320706,-0.06852019696189315,-0.08927208516173268,0.01094685453920441,False,150.519300517731,True,False,0.9368492073510714,0.6828874207724526,-0.010326131302246133,False,0.10379702866306313
ES,253,0.503915835339984,Eversource Energy,Utilities,SP500,69.87999725341797,-0.013551653502262728,-0.019228108723958304,-0.023886006033605578,0.04909167712210216,-0.03981301782318669,0.32943469785575047,0.50682261208577,0.3235867446393762,0.05847953216374269,-0.07308664518953467,0.16258184934864817,False,-0.024063269069156457,False,-0.040096743560540604,0.0076206477096181224,0.0417716507278767,-0.016049562840074083,False,159.8783544907007,False,True,0.686696455022614,0.6412608315067536,-0.011010711739402934,False,0.05472957036578823
ORLY,254,0.503614264419218,O'Reilly Automotive,Consumer Discretionary,SP500,88.43000030517578,-0.000790957003663495,-0.024812527485970626,-0.010296566140532981,0.020660213852000675,-0.06945173691361728,0.41130604288499023,0.4249512670565302,0.26705653021442494,0.27680311890838205,-0.17983675982684344,0.06889878782731218,False,-0.027354631156621734,False,-0.005890689486631406,-0.042870065015293335,0.005925595328736488,-0.01003405780767952,False,635.264447890486,False,False,0.6073024852162422,0.48669566913279805,0.0,False,0.06686718653695847
PKG,255,0.5034135993578718,Packaging Corporation of America,Materials,SP500,237.22999572753906,-0.013145320812565586,-0.04680974335708066,-0.035022782047709144,0.07727457954735928,0.03889206888408636,0.2807017543859649,0.5867446393762183,0.5165692007797271,-0.22027290448343073,-0.07846792340814368,0.26082729239998836,False,-0.05547018693371486,False,-0.02209248796952612,0.07427998204091302,0.022591592454029197,-0.03209490300710849,False,145.5711926186188,False,True,0.5141491135871675,0.6475918450701608,-0.0021631693239371197,False,0.04616426670415443
ETR,256,0.5028723770209839,Entergy,Utilities,SP500,105.3499984741211,-0.003782520339280393,-0.004159206329505505,-0.015249108881291717,0.00961125780526717,-0.0006820159331485387,0.3742690058479532,0.3937621832358674,0.4171539961013645,0.20857699805068225,-0.09697601784331733,0.24350821447823745,False,-0.012250808629794663,False,-0.04528618244363347,0.011201507905865604,0.04743430084582356,-0.00881338026792966,False,279.07377258414,False,True,0.7624392561813961,0.5180851487656148,-0.0001890935514553549,False,0.1083089060510084
AMZN,257,0.5000848526545122,Amazon,Consumer Discretionary,SP500,260.2218933105469,-0.023301052944099343,-0.007051985965664032,-0.041822276394790414,-0.003973499258495106,0.24872543822980187,0.2378167641325536,0.34502923976608185,0.8460038986354775,-0.10136452241715399,-0.08379021415277721,0.30902913677345256,False,-0.02059771678617517,False,0.03272558191774633,0.09000192883961144,-0.031688555498911586,-0.005075360815182561,False,12256.328689418298,True,True,0.5939017626394342,0.5728631460636346,-0.009777354428410767,False,0.16169309133764273
EQIX,258,0.49943699117073737,Equinix,Real Estate,SP500,1032.030029296875,-0.011853586692640472,-0.021957849646664696,0.017346681531870134,-0.013141629704957691,0.0786564418903839,0.5614035087719298,0.3079922027290448,0.5984405458089669,0.056530214424951264,-0.0707732768305136,0.44303008000305866,False,-0.028096308522767677,False,-0.014408153010433522,0.08927789888681925,0.014618782667939367,-0.026000528413648194,False,618.5256985128418,False,True,0.9152840425564274,0.6737360047327735,-0.01039820089443344,False,0.09199977528386935
CI,259,0.49879371631693614,Cigna,Health Care,SP500,277.7099914550781,-0.004195400915264713,-0.009770086049881943,-0.004801993895390488,0.01870783977317081,-0.034353763080525734,0.43859649122807015,0.42300194931773877,0.33723196881091616,0.12475633528265107,-0.09184590482925359,0.15558238933268043,False,0.0006449430851911409,True,-0.01981064579189018,0.0006599692656230616,0.020211039537248343,-0.0027901911972600946,False,480.3315532055353,False,True,0.7799951983587248,0.6795514927623829,0.0003943823495295984,False,0.042983746608156896
MTB,260,0.4983442265795207,M&T Bank,Financials,SP500,234.14999389648438,-0.013232750973455998,-0.03159766575040723,-0.0492914845125052,0.10646441403998974,0.07419848059257528,0.20272904483430798,0.6510721247563352,0.594541910331384,-0.09551656920077978,-0.07847614124441915,0.3397249684892649,False,-0.05031911503559339,False,-0.042300758595460564,0.07353200133769877,0.04416914702096153,-0.025424864677403236,False,251.64770515360962,False,True,0.7740353707818665,0.616373223477327,-0.0016435559892243878,False,0.06249401415973537
PSKY,261,0.4975908726063525,Paramount Skydance Corporation,Communication Services,SP500,10.974300384521484,0.008667304144179377,0.060318838651395756,0.3786809462222336,0.004276869107697756,-0.16911718410188548,0.9922027290448343,0.37037037037037035,0.11695906432748537,0.3313840155945419,-0.4360646707678465,0.40516011074588865,False,0.09735156021737978,True,0.15852043696000573,-0.005121635039764594,-0.13683007386211365,0.034606127453227664,False,95.41944073443295,True,False,0.7472270973123019,0.7462837039342474,-0.012867678478875488,False,0.21479712141864188
LDOS,262,0.49696938424492604,Leidos,Industrials,SP500,139.7550048828125,-0.0064339453699350235,0.00957171333624629,0.20895334539384858,0.0980948458750035,-0.21629654247467955,0.9610136452241715,0.6335282651072125,0.0682261208576998,0.6003898635477583,-0.2938322822911732,0.39755004882812495,False,0.004504873333636361,True,0.15974926179690585,-0.09020267018805894,-0.1377446548656488,0.0024954804985639623,False,181.8279365955884,True,False,1.4999397624060407,0.5408448748640418,-0.0004977059746630319,False,0.06871027435835546
DPZ,263,0.4957436073844743,Domino's,Consumer Discretionary,SP500,346.1499938964844,-0.011000017438616116,-0.008194652844086714,-0.0037128958549884628,0.11022906205840388,-0.1278642196476547,0.4502923976608187,0.6666666666666666,0.16764132553606237,0.19103313840155944,-0.24497385582281073,0.22301521177763095,False,-0.004712644858716253,False,0.05118764337826387,-0.046940174930415135,-0.04869505810947239,0.005564062877937204,False,295.9659167224304,True,False,0.940643841761904,0.8264008163642396,-0.0054000418526786165,False,0.09253276043655406
BRK-B,264,0.4956048618277721,Berkshire Hathaway,Financials,SP500,503.30999755859375,-0.0033465394879331756,-0.0020027160353677242,-0.016088694625740918,0.07021197221653885,0.048191231196785145,0.3684210526315789,0.5614035087719298,0.5497076023391813,-0.05458089668615984,-0.049318095641269766,0.0814568202820849,False,-0.01004003295084166,False,0.002650703909470753,0.022077486985381034,-0.0026436962534762687,-0.0009584155502614378,False,2168.573157836857,True,True,1.0921298683136793,0.8161651632639587,-0.001861390973081689,False,0.09764744047637615
O,265,0.49543400986125447,Realty Income,Real Estate,SP500,61.182899475097656,-0.012860601371826208,-0.03145636776074068,-0.042071387219730694,0.03621489568320935,-0.0745636487513236,0.23586744639376217,0.46588693957115007,0.2573099415204678,0.05458089668615984,-0.0745636487513236,0.1343166223147223,False,-0.020354860147071885,False,-0.02993185223979511,0.008524215759925902,0.030855411868645488,-0.01592727905453173,False,335.6022057675026,False,True,0.5718294314655701,0.6863854455709221,-0.005324266195461114,False,0.14558397705057527
DG,266,0.4946152964109621,Dollar General,Consumer Staples,SP500,123.15499877929688,0.0021563950766099182,-0.01735420904796381,-0.03065725445810641,0.12601762182757237,-0.1850995665252444,0.3001949317738791,0.723196881091618,0.10331384015594541,0.05458089668615984,-0.20398043021879408,0.3018607167432248,False,-0.0009876235586578908,False,0.014700303638821577,-0.011707703329766117,-0.01448733540938607,-0.0009509194749629524,False,287.1075494724615,True,False,0.6617541119069229,1.2549670922717422,0.004719682919158252,False,0.15009788764516638
PG,267,0.4943251920651301,Procter & Gamble,Consumer Staples,SP500,143.9600067138672,0.001251967840441015,-0.018008180625751935,-0.003668065327341652,0.033894120393149985,-0.10631286826043673,0.4522417153996101,0.4600389863547758,0.19883040935672514,0.10136452241715399,-0.12603590616442328,0.0660988151573616,False,-0.006689411777810572,False,-0.016848137361440862,-0.012449512982986799,0.017136861558929795,-0.0024704485385438346,False,1307.1563346095147,False,False,0.6273712500481321,0.7188889428845398,-0.0023646984335597976,False,0.11212820977926677
L,268,0.4925788327026717,Loews Corporation,Financials,SP500,109.31189727783203,-0.003719503630429166,-0.019184385185789576,-0.057209104552802814,0.05338695160607054,-0.02454439240962991,0.16764132553606237,0.52046783625731,0.3645224171539961,0.03898635477582851,-0.08397677701669093,0.14259464962439528,False,-0.027032509588975295,False,-0.039558203325411045,0.006462778631675992,0.041187507105976184,-0.01141574810154522,False,82.7051824264064,False,True,0.5674538285080233,0.5558801319343446,-0.001640542318384619,False,0.037820431706262585
KMB,269,0.49235294117647066,Kimberly-Clark,Consumer Staples,SP500,108.11000061035156,-0.01314470471284157,-0.02927181517314381,-0.010977924938649353,0.11888649813850471,0.011013474691582648,0.4074074074074074,0.695906432748538,0.4522417153996101,-0.03508771929824561,-0.1425750496749031,0.17780683234976302,False,-0.013941266984620393,False,-0.01295006139150634,0.0636644921955214,0.013119965753468188,-0.013009692547895857,False,415.0172443466385,False,True,0.8825307003672677,0.6882421729106487,-0.005659541116480926,False,0.1273929870596057
GD,270,0.49214539617016395,General Dynamics,Industrials,SP500,369.3999938964844,-0.026152096478410547,-0.03744429092571788,-0.03656569568685919,0.09382595763207657,0.021846470689140585,0.2729044834307992,0.621832358674464,0.4678362573099415,-0.08382066276803113,-0.06710106129835158,0.18716845808533433,False,-0.04524244594905025,False,-0.01787472847797955,0.05000243696525275,0.018200049419641484,-0.02896956849541621,False,393.9088389148749,False,True,0.7353425569722399,0.62455315593842,-0.005483541731733377,False,0.24269451289691646
MO,271,0.4905217291595001,Altria,Consumer Staples,SP500,68.30999755859375,-0.004952716092176401,-0.00233684327817707,-0.0002927597237651902,0.009928023325446178,0.026252661044712466,0.4678362573099415,0.39571150097465885,0.4834307992202729,0.1189083820662768,-0.08822745290844702,0.28825470342429216,False,0.02196220558512052,True,-0.024184710973646384,0.053245680741682344,0.024784107449041137,0.007889549835716103,False,585.9989054603217,False,True,0.9326160666965834,0.5892654988514738,-0.00014569753835613763,False,0.09806655601104006
PHM,272,0.4900756793945648,PulteGroup,Consumer Discretionary,SP500,126.54000091552734,-0.015635955569920812,-0.023686441481113873,0.0005534885280982227,0.0773866234616849,-0.049664663721169844,0.4756335282651072,0.5886939571150097,0.30409356725146197,0.09746588693957114,-0.10859391761712855,0.15165197161936317,False,-0.0242623442210117,False,-0.021755762208174767,0.014248313811783042,0.02223960169423922,-0.015111962172581372,False,210.00030090800612,False,True,0.8487946812956899,0.5357227201266721,-0.010190627435931243,False,0.09425147185433921
LYB,273,0.488579291365669,LyondellBasell,Materials,SP500,64.88999938964844,0.01916132017886829,-0.004754564004655348,0.056054529226200245,-0.023534896846327258,0.14453497348239241,0.7192982456140351,0.2787524366471735,0.7212475633528265,0.1949317738791423,-0.19585237117441268,0.6276307889269019,False,0.028839288353645465,True,0.09117925649433367,0.10388908928754592,-0.08356029126439612,0.014346512932116084,False,269.65172996341033,True,True,1.3072470134591414,0.502465464255597,0.014213896738233034,False,0.05825032182440423
KEY,274,0.4838699690402477,KeyCorp,Financials,SP500,21.674999237060547,-0.010725723961121814,-0.008916396647915548,-0.04050468832876575,0.04735441201680346,0.057218375784626296,0.2475633528265107,0.49902534113060426,0.5730994152046783,0.01364522417153996,-0.09649856424111658,0.33209368122052485,False,-0.03504773099112868,False,-0.05006292571111437,0.026902036525662254,0.052701307345637494,-0.016016766814329175,False,228.11404060764855,False,True,0.7843416465533118,0.589114785470493,-0.004107720365800094,False,0.09016953251242789
NVR,275,0.48383786263043227,"NVR, Inc.",Consumer Discretionary,SP500,6335.98486328125,-0.00942504867147842,-0.009629404505969386,0.030735891947658356,0.035070075299668435,-0.14560430660671542,0.6257309941520468,0.46393762183235865,0.14619883040935672,0.14619883040935672,-0.25834193336284095,0.13882413425526852,False,-0.001805671271456144,False,-0.015834299249808725,-0.07190107073796381,0.0160890582121882,-0.004379560238382596,False,196.7762737127539,False,False,0.6941560171832689,0.8240338973749917,-0.009933920686349684,False,0.12103437401450647
BBY,276,0.48381378282307075,Best Buy,Consumer Discretionary,SP500,79.45500183105469,-0.03620815771412833,-0.09173526769466966,-0.07888940571121994,0.07378421510315691,0.3271347097687769,0.09746588693957114,0.5750487329434698,0.9005847953216374,-0.4015594541910331,-0.11883105861679932,0.4501502774575319,False,-0.06112354615680349,False,-0.044714620893930856,0.13461715692778875,0.046807605216122594,-0.053855429359300544,False,299.54300095662995,False,True,0.9026309699639671,1.429158269303744,-0.006065016802436096,False,0.1824746192279342
TT,277,0.48313266827198703,Trane Technologies,Industrials,SP500,444.2049865722656,-0.010591155054599732,-0.01932842866472184,-0.023618035710428642,-0.007262487951154362,-0.04265209613133214,0.33528265107212474,0.3313840155945419,0.31968810916179335,0.14230019493177387,-0.11769555851211988,0.18557735374919448,False,-0.04799259394590649,False,-0.05893459128458767,0.003172996727586197,0.06262539323917515,-0.023454154526859394,False,555.7612377440588,False,True,0.6883119800041526,0.7658157730639594,-0.002672803172425242,False,0.07387271987051545
SNA,278,0.48249168673317283,Snap-on,Industrials,SP500,388.57501220703125,-0.008383027783722574,-0.014993987613803661,-0.04732858170778542,0.06695558293625359,0.010432442903200334,0.2124756335282651,0.5555555555555556,0.44834307992202727,-0.05458089668615984,-0.0675492981552046,0.2400271791026709,False,-0.03077816537539102,False,-0.03213633883717448,0.047568690779982825,0.03320337370509896,-0.014420428817206066,False,135.60453597441528,False,True,0.6089249689164759,0.4817927977559629,-0.0029601724796947115,False,0.0627834158069837
PEP,279,0.4821901158124068,PepsiCo,Consumer Staples,SP500,139.84219360351562,-0.00870357735135907,-0.03337115246100841,0.002022041056595647,-0.0014592359130018995,-0.14768053586016328,0.4873294346978557,0.35282651072124754,0.1442495126705653,0.21637426900584794,-0.1637280907105242,0.04062476332529008,False,-0.003924103188864159,False,0.000529089356580803,-0.04978686838810309,-0.000528809569066091,-0.00888039305788002,True,1115.3738178280498,True,False,0.664908889100983,0.7881277860329501,-0.0004962594498053585,False,0.11682611014242658
UBER,280,0.4806386882238276,Uber,Industrials,SP500,75.66500091552734,-0.04002789636529336,-0.0457182489361041,0.07539795706589714,0.02568800811568228,-0.0037524166447177043,0.7719298245614035,0.442495126705653,0.4093567251461988,0.20077972709551656,-0.2441058734372603,0.14748253130203692,False,-0.007037270142477681,False,0.025747750518185786,-0.012853507293183575,-0.025101444780335713,-0.023577980382044395,True,1394.8850749489575,True,False,1.2793342482053276,0.6066139291396793,-0.00824665730012164,False,0.1973789083474125
AES,281,0.4803841302602912,AES Corporation,Utilities,SP500,14.71500015258789,-0.0010182885345941806,-0.002372871010990485,0.0023841857414519385,0.01302665772547762,0.06088005667635832,0.49122807017543857,0.41130604288499023,0.5769980506822612,-0.09551656920077972,-0.12759817194628464,0.23481408679809435,False,-0.0008656936552006167,False,0.005556271706169014,0.030751043253173238,-0.005525570137155378,-0.0012170003877379765,True,110.41714367370506,True,True,0.6792997719890411,0.8063318034712482,-0.0006788374418374987,False,0.0981099561819193
YUM,282,0.47825020066506135,Yum! Brands,Consumer Discretionary,SP500,153.41259765625,-0.0029078574829504156,-0.025023249409188653,0.0008650761874291479,0.040014937083741264,-0.05374814743425704,0.47953216374269003,0.4756335282651072,0.2982456140350877,0.18128654970760233,-0.08404924100076294,0.1258755056841101,False,0.019429824994777967,True,0.001166487820788209,-0.0038167142676153176,-0.0011651287123355392,0.004962384547095633,True,393.2585917390832,True,False,1.3410797784973498,0.6391465682676989,-0.0027297424104979484,False,0.048163891751995605
INVH,283,0.4772721018231854,Invitation Homes,Real Estate,SP500,28.934999465942383,-0.010430927071245932,-0.05006564886299225,-0.026413185247261217,0.004496846850426062,0.13145224764500685,0.3157894736842105,0.3723196881091618,0.6998050682261209,-0.14230019493177387,-0.05410267010101655,0.21309875181821591,False,-0.03504166283716981,False,-0.032826178780249515,0.05308573742747913,0.033940309445980255,-0.023223705981907594,False,124.85254789959167,False,True,0.8253065954083034,0.8436038594983437,-0.004445935765533315,False,0.11343767408523436
COIN,284,0.4770083705997019,Coinbase,Financials,SP500,179.00999450683594,0.0020711773312340753,-0.0026186830392876947,0.22391632182421084,-0.01971417825684818,-0.03363210322598498,0.9668615984405458,0.290448343079922,0.34307992202729043,0.2553606237816764,-0.537764351524496,0.2687646123268177,False,0.0979143560751079,True,0.11396810206818575,-0.08079704985002023,-0.10230822754852087,0.01129252829629701,False,1356.0850182819229,True,False,1.0498020541124806,0.8944935339612442,-0.0004478382855352958,False,0.1607932213424942
FDX,285,0.4760371517027864,FedEx,Industrials,SP500,325.7699890136719,-0.015443713109682844,-0.024786705828076516,0.05975925661004888,-0.03396567125697847,0.0521457608154412,0.7348927875243665,0.2631578947368421,0.5614035087719298,-0.001949317738791423,-0.04001773050123736,0.8385060037859184,False,-0.003449119535458567,False,0.01965438195446456,0.13035525484373056,-0.01927553326136966,-0.0121337656316437,True,561.6352138188214,True,True,0.7976649616580277,0.4801281082061668,-0.006739636585528674,False,0.10287148080863769
ESS,286,0.47570232771471166,Essex Property Trust,Real Estate,SP500,280.92498779296875,-0.010931982535904106,-0.04320356320104368,-0.011314938726411539,0.023382711015048185,0.1188669839282479,0.40350877192982454,0.4327485380116959,0.6744639376218323,-0.20467836257309946,-0.058341432516643144,0.19554075707126373,False,-0.017857252883889063,False,-0.02845174887170754,0.06791392600183244,0.02928495711732837,-0.01554401884782397,False,129.3173071246643,False,True,0.93095430412693,1.1020638245620398,-0.007076751660963998,False,0.10224968599561894
URI,287,0.4753273707143677,United Rentals,Industrials,SP500,1021.2100219726562,-0.00877454795180177,-0.05754183732280793,-0.05215408492207407,0.025207166049810548,0.2492201475933209,0.1871345029239766,0.43859649122807015,0.847953216374269,-0.29434697855750486,-0.12328937598804468,0.44282685496522345,False,-0.07940675958211674,False,-0.06660402932496468,0.10876279310442838,0.0713566711422553,-0.037417510354229466,False,505.2028260422119,False,True,0.7094835928956262,0.7558458747212721,0.005620033062363472,False,0.10665057352762446
QCOM,288,0.4753136108244468,Qualcomm,Information Technology,SP500,168.72500610351562,0.02762046162784948,0.06430964109456716,0.143045900723906,-0.2604560033146367,0.20850511787981896,0.9083820662768031,0.031189083820662766,0.8128654970760234,-0.04093567251461988,-0.3253598010043739,0.3649406092149732,False,0.03727843342126036,True,-0.02112077983698757,0.010085367921870425,0.021576492177932227,0.029946541688192108,False,2426.340744962881,False,True,0.5153608464709508,0.6826316522728466,0.003654247127139687,False,0.1562162933791556
VRSN,289,0.47480908152734785,Verisign,Information Technology,SP500,289.56500244140625,-0.008101223901997523,-0.00421268292416721,0.0013621359964093305,-0.02081986828981608,0.2768584473165321,0.48148148148148145,0.28654970760233917,0.8674463937621832,-0.33918128654970764,-0.06317733158457828,0.3768384000060365,False,0.008808534960117242,True,0.05269562444023035,0.1158752066919333,-0.050057797540719484,0.002282061041539052,True,216.55393363959962,True,True,0.7385212968524816,0.6263879519171442,-0.006576860748558233,False,0.04212759783830837
KDP,290,0.4741577800710927,Keurig Dr Pepper,Consumer Staples,SP500,31.760000228881836,-0.013051587082377747,-0.02306976719080911,0.02056553253178528,0.05914646266597079,0.07670158186941589,0.5769980506822612,0.530214424951267,0.5964912280701754,-0.050682261208576995,-0.051940291675169115,0.28600431042006136,False,0.022800469601370166,True,0.01844406491701145,0.10589638502499765,-0.0181100421244188,-0.0001073502929711534,True,419.81822605994194,True,True,1.1658995386794948,0.4524019108840428,-0.00497202752935888,False,0.05826661479471317
MOS,291,0.47356839811948176,Mosaic Company (The),Materials,SP500,24.31999969482422,0.030508444987984884,0.013333320617675781,0.09945744901097675,0.042434623847221076,-0.0994400088652726,0.8245614035087719,0.47953216374269003,0.21832358674463936,0.19298245614035087,-0.30415814965549215,0.22704339401050166,False,0.053566391200688956,True,0.08514263430481384,0.002922499001157597,-0.07846215936337209,0.02724888958296967,False,177.5855440869032,True,True,0.9438804235873867,0.6547921578484547,0.0033898272208872093,False,0.12982749356199758
MRVL,292,0.47247907350074536,Marvell Technology,Information Technology,SP500,211.0050048828125,-0.025920923095476,-0.07974612472731124,0.12500004067708792,-0.038157637290127666,1.6114605573053833,0.8693957115009746,0.2475633528265107,0.9961013645224172,-0.5048732943469785,-0.333005537890809,2.393589458697604,False,-0.062309371087265863,False,-0.06860563019146781,0.4143145816088092,0.07365905615853263,-0.07324869731702566,False,6276.347772769501,False,True,0.7605416255735278,1.0033130550379914,-0.002261980636228511,False,0.23177368011670949
AME,293,0.4722990482742805,Ametek,Industrials,SP500,235.97999572753906,-0.001142875227347906,-0.026203961769218576,-0.023706138873725746,0.05808470008669153,-0.01967609826499639,0.3333333333333333,0.5263157894736842,0.3820662768031189,0.06042884990253411,-0.08718858983450128,0.32238903116858886,False,-0.049190448994073654,False,-0.023597044273886314,0.049829510015567235,0.02416732163242785,-0.023481986657478138,False,285.47574266694795,False,True,1.1375314352549795,0.7680468131509829,-0.0009312220982142794,False,0.1691345398612384
DOC,294,0.4719080380690287,Healthpeak Properties,Real Estate,SP500,20.725000381469727,-0.011211770671164745,-0.041839982173388135,-0.045937612909938585,0.10661271703380226,0.2132114807410126,0.21832358674463936,0.6530214424951267,0.8187134502923976,-0.3157894736842105,-0.0873276529028093,0.3719644163746294,False,-0.015006197984600012,False,-0.031648465953689975,0.1444318324561804,0.03268282730078931,-0.01846436577135535,False,122.98460684704284,False,True,0.9730930363196467,0.53466604467143,-0.00429380959782244,False,0.04895835467152836
EQT,295,0.4698750143332187,EQT Corporation,Energy,SP500,54.79999923706055,0.004214761655168875,0.018776692774542303,0.03156095221777666,-0.005213775819065791,-0.10566528757683602,0.6276803118908382,0.3391812865497076,0.2046783625730994,0.2046783625730994,-0.18847653469574988,0.12718018346084192,False,0.02214490727356444,True,0.04842221936019264,-0.020291818187612054,-0.046185800401810084,0.009258826949844812,False,374.6131292061324,True,False,0.7986226776287533,0.7895497811469189,0.025196994826635732,False,0.09603225847223235
DLR,296,0.4681699346405229,Digital Realty,Real Estate,SP500,182.55999755859375,-0.01568988862326348,-0.03176879022123258,-0.03161471768934088,-0.006609758549979694,0.03547195677488957,0.2962962962962963,0.33723196881091616,0.5029239766081871,0.08966861598440545,-0.09873380190052883,0.2507841542659843,False,-0.05334281869546842,False,-0.025554652602670314,0.03202521178277551,0.02622481873501159,-0.03674796530277569,False,545.737822903905,False,True,0.6947116042158539,0.44816529397785293,-0.0045829842989225655,False,0.06635153691771417
GS,297,0.4674521270496503,Goldman Sachs,Financials,SP500,1023.969970703125,-0.009690634944134024,-0.011879085040461979,0.005489076566223217,-0.023469822410260743,0.1935508633412646,0.5185185185185185,0.2807017543859649,0.7992202729044834,-0.39766081871345027,-0.11119114425175392,0.42222536450157966,False,-0.01365134116654354,False,-0.023721803167601974,0.09038199973163819,0.02429820029226204,-0.010877658530357825,False,2046.7141501130614,False,True,0.6252138565052996,0.7095185853298049,-0.001344321184504338,False,0.07981273938171964
ULTA,298,0.4671803692237129,Ulta Beauty,Consumer Discretionary,SP500,531.4299926757812,0.026917860243055536,-0.013605347384696431,0.03626928020221354,0.06122572105907942,-0.21502216739175595,0.6491228070175439,0.5399610136452242,0.07212475633528265,0.26510721247563357,-0.24813957277808918,0.17899055502114525,False,0.0009785061944214135,True,0.06507407308795665,-0.043702276908654136,-0.061098166533420595,0.00354398588324778,True,323.4031601773718,True,False,1.2852670646362814,1.3693576769790037,0.004000014153079601,False,0.36732290264559087
LIN,299,0.46260291251003327,Linde plc,Materials,SP500,490.05999755859375,0.0011235475924835647,6.121825066141007e-05,0.024415720884158665,-0.011661059326853351,-0.031568390419705494,0.5964912280701754,0.3138401559454191,0.3469785575048733,0.031189083820662766,-0.10350507751656679,0.2667854963611529,False,0.008909220335242996,True,-0.02801050244214276,0.02613101658606576,0.0288177007184951,0.005386737312752299,False,1059.2385401604467,False,True,0.6703210615205875,0.6610791969654454,-0.0009397600937240957,False,0.08006049980469282
KEYS,300,0.4595103772503153,Keysight Technologies,Information Technology,SP500,321.1050109863281,0.003547238057614477,0.03362198931658833,0.006346447597094462,-0.026954512162641997,0.025010445454174413,0.5224171539961013,0.2709551656920078,0.4775828460038986,0.10526315789473684,-0.139912642266936,1.0133237188965492,False,-0.037780218816391264,False,-0.024050027049903222,0.12417172818745947,0.02464268427325722,-0.008037231074142781,False,474.23635622811463,False,True,0.9780765875397532,0.8836835532647401,0.00787570398492976,False,0.0737842485904719
IR,301,0.4594209379658296,Ingersoll Rand,Industrials,SP500,77.95500183105469,-0.00795367759527077,-0.025440631167169547,-0.06484283105093036,0.09883602758844967,-0.16981700207754602,0.13450292397660818,0.6354775828460039,0.11500974658869395,0.11306042884990253,-0.2100820066975576,0.13763351669059531,False,-0.05888431736917732,False,-0.04855297227236999,-0.04939878870525971,0.051030662619579115,-0.02151026366124642,False,324.3299360857669,False,False,0.5681267560221333,0.5239917204800603,-0.004199565072092848,False,0.05491570074283063
LLY,302,0.45929824561403515,Lilly (Eli),Health Care,SP500,1151.2049560546875,-0.019925787783823257,-0.07676861855351591,0.003494530120251138,0.06528802073402273,0.1344530779443729,0.5029239766081871,0.5516569200779727,0.7017543859649122,-0.34892787524366464,-0.1008599381515739,0.6211609540137037,False,-0.04332865559741428,False,-0.029837022220679854,0.08858051684315171,0.030754649377547016,-0.03669535377139421,False,3268.3840053373365,False,True,1.1598228916082878,0.7874911912131154,-0.00522727945872159,False,0.1850024842826775
MU,303,0.4563834422657953,Micron Technology,Information Technology,SP500,939.3200073242188,0.0069249641683597485,0.03173227472826201,0.14129493929485393,-0.09274319248737728,1.2775075723577771,0.9025341130604289,0.16569200779727095,0.9844054580896686,-0.8206627680311891,-0.22586073075783542,6.940813669505278,False,0.013984776997302273,True,-0.01236463175030944,0.5873042955423671,0.012519429890630818,0.0023971223645293804,False,40604.96413670765,False,True,0.4650154016645905,0.4555287767563692,-0.0018062705926428224,False,0.1549463863198764
UNH,304,0.45372778351106535,UnitedHealth Group,Health Care,SP500,389.989990234375,-0.007532820665995366,-0.021993227295798,-0.05890444985915444,0.03253148450571586,0.3402048167993026,0.1617933723196881,0.45419103313840153,0.9103313840155945,-0.27485380116959063,-0.10624502170430272,0.5142360219950171,False,-0.022107229997696765,False,-0.05483184313985601,0.1219158639946687,0.05801279141905047,-0.01194660234332623,False,2074.617696254341,False,True,0.7768858539020637,0.5086784282773256,0.0014505071610491083,False,0.07316415254564551
COO,305,0.45371975690861144,Cooper Companies (The),Health Care,SP500,69.92500305175781,-0.017493257681868934,-0.07750659318560227,-0.03311665726179214,0.1617379074125609,-0.16676591304271937,0.2884990253411306,0.8011695906432749,0.12280701754385964,0.007797270955165692,-0.17071865150813093,0.18557144107272538,False,-0.06346157760589599,False,-0.03522310778138371,-0.047662134025797775,0.03650907071414622,-0.038753109735296,False,152.76525910967104,False,False,0.7150228040991351,0.5328915055326133,-0.009554592140940898,False,0.05488399262518026
CPRT,306,0.452889576883385,Copart,Industrials,SP500,33.345001220703125,0.010760822193835784,0.0025557096650510314,0.1450892946327591,0.03171415642194608,-0.12960062580549503,0.9103313840155945,0.44639376218323584,0.16374269005847952,0.32943469785575047,-0.3326996116444375,0.22727276875486369,False,0.05940385748032129,True,0.11739616277431031,-0.03674422423500223,-0.10506225695534432,0.01580640757989471,False,351.7452125451242,True,False,1.0919131750772333,0.5244186924191572,-0.0009094450581287328,False,0.08820326190035051
PSA,307,0.4524607269808508,Public Storage,Real Estate,SP500,307.19500732421875,-0.020142905313062398,-0.0546973376918336,-0.052364516767062996,0.04817026186122653,0.007283623215293078,0.18128654970760233,0.5009746588693957,0.4405458089668616,-0.12085769980506822,-0.07042997491605985,0.21190515246836128,False,-0.04789353726021517,False,-0.04540044248610897,0.04580195285837285,0.04755967266981287,-0.029848378864051006,False,319.3030611474438,False,True,0.6032543674849479,0.5595235474291426,-0.008229456825868287,False,0.08646058434778506
IP,308,0.45106868478385503,International Paper,Materials,SP500,38.625,-0.017425625778696552,-0.058845050235211804,-0.043231470468702016,0.15953880521825625,-0.07559770923280995,0.22807017543859648,0.7992202729044834,0.253411306042885,-0.16764132553606237,-0.18594880792810775,0.34947634933980654,False,-0.050429840518955604,False,-0.01602842730182852,0.03014022304890096,0.016289522732731543,-0.036777016149447395,False,187.94262919734345,False,True,0.6269718764230972,0.6226762246874884,-0.006105359198228522,False,0.0726013889481451
CBOE,309,0.448765049879601,Cboe Global Markets,Financials,SP500,307.6499938964844,-0.009019224353193467,-0.0014281620521157112,-0.008316465198324852,0.02212699384761385,0.03631996379846014,0.42300194931773877,0.42884990253411304,0.50682261208577,-0.06432748538011696,-0.15927237445951692,0.33282762678195454,False,0.03942480282252525,True,0.09649276536442919,0.08375947249165017,-0.08800127863347906,0.007052212031030125,True,321.4878732135315,True,True,0.6384555549948713,0.5802083113732099,-0.004670678531216388,False,0.06375841115246243
BG,310,0.4484508657264075,Bunge Global,Consumer Staples,SP500,116.23500061035156,0.006537904671550576,0.05514702928728887,0.10108151346550898,-0.10003929424418478,-0.02436594994096941,0.8284600389863548,0.15009746588693956,0.3664717348927875,0.06432748538011696,-0.10990117578324687,0.5454565558142055,False,0.03894320052304656,True,0.03531555103465922,0.034224681891019904,-0.034110905606861586,0.022649866933789342,False,158.28956287147247,True,True,0.831643946132987,0.9333045891257131,0.012036710679269147,False,0.17385094868583018
HD,311,0.4468443985781447,Home Depot (The),Consumer Discretionary,SP500,327.0398864746094,-0.009540312981934918,-0.030791886989000372,-0.01482137940449535,0.060519765812556026,-0.10548325446396822,0.3762183235867446,0.5380116959064327,0.20662768031189083,0.10526315789473684,-0.21156043294696536,0.10750188864878152,False,-0.041155238132642546,False,-0.03906646328907337,-0.04337891223746548,0.04065469857862358,-0.019326468460182933,False,1361.0584953251703,False,False,0.8475427810801694,0.6982112105131832,-0.005905727589003207,False,0.098598150640487
AIG,312,0.44583533998394675,American International Group,Financials,SP500,76.5,-0.005589500890029964,-0.01137241256982724,-0.02646986233885118,0.048446184545620774,-0.04508623596760253,0.3138401559454191,0.5029239766081871,0.31189083820662766,-0.05847953216374269,-0.10540924081985736,0.07751585028097385,False,-0.007917204221688401,False,-0.017512674164577025,-0.003796103106216253,0.017824834686478663,-0.002153656150205463,False,275.5186831343646,False,False,0.6228350181515389,0.6247970564898345,-0.0012998631707319408,False,0.05832224954279364
NEE,313,0.4433115468409586,NextEra Energy,Utilities,SP500,81.34500122070312,-0.00604832770451047,-0.025485059201356797,-0.057101835954029734,-0.013184318907062953,-0.1095135179648633,0.1695906432748538,0.30409356725146197,0.1949317738791423,0.16374269005847952,-0.15654882219207167,0.19940905037572199,False,-0.03479971816144389,False,-0.05628151177455487,-0.059769699400821996,0.059638030277848975,-0.020749344430713967,False,926.793791882,False,False,0.5875817977111942,0.6957061897120549,-0.009286345806983731,False,0.12618340051938146
VMC,314,0.4424114207086344,Vulcan Materials Company,Materials,SP500,271.385009765625,-0.011383920035076711,-0.016507185023847626,0.012358921110573684,-0.034346985089770965,-0.1086025587140893,0.5360623781676414,0.26120857699805067,0.1968810916179337,0.12280701754385964,-0.17381744398162147,0.05995554328129393,False,-0.024470645591342266,False,-0.04982193590695316,-0.0569124310571264,0.05243431498758988,-0.010937160011362912,False,290.7222814336499,False,False,0.6387684824201181,0.688685708493942,-0.005865053411040488,False,0.09391146262196758
PNW,315,0.4399816534801055,Pinnacle West Capital,Utilities,SP500,96.71499633789062,-0.00947360771753425,-0.010183223374322536,-0.033623155791349224,0.0011735327030528708,-0.02059333064517188,0.28460038986354774,0.3586744639376218,0.3762183235867446,0.017543859649122806,-0.10766756871590744,0.16990279748514747,False,-0.027850761088387355,False,-0.060190485829157536,-0.0011111005018787923,0.06404541018321286,-0.014439399182210821,False,121.09428164940856,False,False,0.6776262537343967,0.6504148064519607,-0.006452245568989268,False,0.06311311551705005
ADM,316,0.43814241486068106,Archer Daniels Midland,Consumer Staples,SP500,80.83999633789062,-0.00858479972746018,0.03428854337529241,0.026278242274795804,-0.015334353510975118,0.17640345087346,0.6062378167641326,0.30214424951267055,0.7738791423001949,-0.2923976608187135,-0.06833398047871875,0.4857491483576444,False,0.015136828020610782,True,0.012486303543383537,0.14300509965027097,-0.012332318471553916,0.0073872553898419735,False,284.85354439152223,True,True,1.2013918089817852,0.7609801226647596,0.008952608772905268,False,0.13349302295672305
WRB,317,0.4370553835569316,W. R. Berkley Corporation,Financials,SP500,68.1500015258789,-0.004237301361519119,-0.022238098855503208,-0.06051832553408132,0.0686016976931032,-0.0611070614914454,0.15009746588693956,0.557504873294347,0.2807017543859649,-0.09746588693957114,-0.10844422938782627,0.08222402797033013,False,-0.02497297080227734,False,-0.04147196259801855,-0.009507646599716257,0.04326630101548745,-0.010231378652972412,False,129.87738055898012,False,False,0.5400771351891688,0.6260993314485113,-0.0014612229682668954,False,0.061823163389039704
AEE,318,0.43577686045178304,Ameren,Utilities,SP500,105.2300033569336,-0.008386726032921232,-0.018010453893426037,-0.039959832396938455,0.008390516643512536,-0.05499014922949541,0.25146198830409355,0.3820662768031189,0.29239766081871343,0.07017543859649122,-0.1106321532425023,0.09708593531883625,False,-0.02618011140141696,False,-0.049101841788424916,-0.015839970467293907,0.05163732978595137,-0.01610877418085299,False,178.38770189901533,False,False,0.635886438061023,0.5230911208081075,-0.008763666425797734,False,0.056288647306422794
AOS,319,0.43462446967090934,A. O. Smith,Industrials,SP500,59.529998779296875,-0.01407754676684192,-0.050861007323342755,-0.009978418063533279,0.07369100530542094,-0.22711432735351167,0.41325536062378165,0.5730994152046783,0.06432748538011696,0.23976608187134502,-0.2515101043098874,0.07369100530542094,False,-0.045718338200050446,False,-0.025710626840104944,-0.07914540320266716,0.026389107331344697,-0.03174331201476244,False,97.96521171589416,False,False,1.066235622818217,0.6688864325124798,-0.007287221490935081,False,0.11046236977979629
SNPS,320,0.4333367733058136,Synopsys,Information Technology,SP500,442.92498779296875,0.000711693029600502,0.12272179876020561,0.13932754570100614,-0.1002763003414654,0.04301084155170942,0.898635477582846,0.14814814814814814,0.530214424951267,0.09746588693957114,-0.27279671740136224,0.18960331900906757,False,0.0707471234531507,True,0.06278420489692116,-0.008823165939650712,-0.059075214523921615,0.03935151748055765,False,780.0932655277747,True,False,1.4335961358863563,1.2671074508937545,-0.010528395876179486,False,0.10268174458245174
KIM,321,0.43327026717119593,Kimco Realty,Real Estate,SP500,23.68000030517578,-0.004205230386132186,-0.022295583133273067,-0.07064361339869019,0.012657959401805252,0.027459295194871558,0.10916179337231968,0.4093567251461988,0.4873294346978557,-0.2300194931773879,-0.10235022522693504,0.23402421343895363,False,-0.02247723105275068,False,-0.05328470700529164,0.043510848430989846,0.056283771266373295,-0.012367221885251634,False,103.81651895591354,False,True,0.5753979757496301,0.8749457993558363,-0.0021026552971152856,False,0.12339802882943852
COST,322,0.43290792340327944,Costco,Consumer Staples,SP500,944.39501953125,-0.0011369490361239354,-0.027800086683240077,-0.00787380369774715,-0.00022563299359157352,-0.055347657262839633,0.42884990253411304,0.3567251461988304,0.2884990253411306,0.1189083820662768,-0.13563077744007868,0.11595666995186882,False,-0.007026478197810437,False,-0.0005917532172059481,-0.013834043739543556,0.0005921035964140398,-0.004974917690325098,False,2036.8273818551415,False,False,0.822418800091126,0.5936344477624123,-0.0002961154456450066,False,0.08238571120998996
EVRG,323,0.43147804150900126,Evergy,Utilities,SP500,80.38999938964844,-0.0032238329982801073,-0.012286521777848614,-0.023476229475456023,0.00834986901443835,-0.018812991152080683,0.3391812865497076,0.37816764132553604,0.38596491228070173,-0.04093567251461988,-0.08020830114417932,0.17554214797476853,False,-0.021941461622980385,False,-0.04168313363686715,0.014797256413530357,0.04349619118680126,-0.013543266091695094,False,167.28663652292298,False,True,0.8042847636294609,0.7743556831260885,-0.004339720613753317,False,0.17573091023778764
OTIS,324,0.43103887168902644,Otis Worldwide,Industrials,SP500,71.11000061035156,-0.008781673713098015,-0.014960545706190875,-0.005684027552934401,0.03174254395310938,-0.23120607833960516,0.4346978557504873,0.44834307992202727,0.06042884990253411,0.24561403508771928,-0.23120607833960516,0.03174254395310938,False,-0.014428438881719186,False,-0.014311399440922523,-0.10489138578107349,0.014519189359403217,-0.007807148231550265,False,248.2738931906311,False,False,0.8668559900871661,0.6688435909648072,-0.009757415236775535,False,0.13983522217584
ACN,325,0.42950120399036806,Accenture,Information Technology,SP500,189.36000061035156,-0.0013184958556787807,0.015171832142684805,0.14127291887707738,-0.025195029380284395,-0.0615157697286941,0.9005847953216374,0.27680311890838205,0.2787524366471735,0.04678362573099415,-0.3302071215387855,0.5399943959126399,False,0.053322509569601495,True,0.2111429200394377,-0.05777696492334283,-0.17433361211620046,0.023170018558382743,False,1256.8095968859793,True,False,0.5456879827370588,0.4395394577618246,-0.00680340320647832,False,0.0563421582306817
NUE,326,0.4282479073500745,Nucor,Materials,SP500,251.29750061035156,0.0031836351710641253,0.027213461565209762,-0.023290869196438524,0.0016886165119847085,0.399866363137646,0.341130604288499,0.36062378167641324,0.935672514619883,-0.4210526315789474,-0.08532609178600148,0.9246906260894219,False,-0.037516822455790244,False,0.016508715309393462,0.2375682394907741,-0.01624060380472847,-0.0032792060490819397,False,368.51946493428375,True,True,0.9884898178270796,0.553043663120723,0.007025926174993868,False,0.10664773404048573
TAP,327,0.42743492718724924,Molson Coors Beverage Company,Consumer Staples,SP500,40.60499954223633,-0.02062227595553756,-0.044468602232101806,-0.011590578222404724,0.052480052839766644,-0.13566298613063332,0.4015594541910331,0.5185185185185185,0.15984405458089668,0.17543859649122806,-0.22769152520729152,0.06891219739145571,False,-0.02494196153442607,False,4.053391745051371e-05,-0.05827775829741,-4.05322745187231e-05,-0.019544590861996558,True,117.41922612956199,True,False,0.9861021620745832,0.6362504095841288,-0.004341541465281762,False,0.12921104498415462
D,328,0.42637885563582156,Dominion Energy,Utilities,SP500,65.12999725341797,-0.006407410812905856,-0.02221893624639293,-0.05840683854956574,0.008048237705527761,0.04333317852498597,0.16569200779727095,0.3762183235867446,0.5341130604288499,-0.25341130604288503,-0.09150516061636227,0.16473714201863077,False,-0.03486093165215132,False,-0.05513940143203777,0.028718871033398985,0.058357181488578824,-0.02107861988402504,False,288.5753890404175,False,True,0.5503676990973547,0.6288423137850624,-0.009611058024132424,False,0.09294402053166151
FERG,329,0.4261632840270611,Ferguson Enterprises,Industrials,SP500,226.27000427246094,-0.00971596642011352,-0.04305346926271947,-0.030793395725180917,0.012185475938734314,-0.11009919005440949,0.2982456140350877,0.40545808966861596,0.19298245614035087,0.290448343079922,-0.14837396669747616,0.089767787672689,False,-0.07065916723707388,False,-0.04156106552659078,-0.04989113096474285,0.043363290066492866,-0.03396659313555317,False,609.2812601923664,False,False,0.8867278049808303,0.42581193748763363,-0.006346064038563082,False,0.03058063065772934
FFIV,330,0.425827313381493,"F5, Inc.",Information Technology,SP500,397.05999755859375,0.007153022002010179,0.04754112654980114,-0.013687084644602887,0.0036398626438982618,0.4282733725129271,0.38596491228070173,0.3664717348927875,0.9376218323586745,-0.5419103313840156,-0.07930253543707377,0.7726683683246376,False,-0.007364902597325029,False,-0.0174146318081565,0.2254448379920253,0.017723276136508037,0.004586063896186321,False,244.72364346128052,False,True,1.0950117727837465,0.5782687983738406,0.0020799699282947337,False,0.0482820016831422
CHTR,331,0.4248710010319917,Charter Communications,Communication Services,SP500,151.22000122070312,-0.015622926524984981,0.006121078844080197,0.043040458525677616,0.060448771025508385,-0.3504295565362051,0.6705653021442495,0.5360623781676414,0.023391812865497075,0.4230019493177388,-0.4651623171686802,0.22634015258046913,False,-0.006305054975236923,False,0.0691232560018542,-0.17470544266293053,-0.06465415059845492,-0.0016506076752995646,True,421.4208413004254,True,False,1.0599503137879336,0.5015771815129789,-0.010545470437957616,False,0.04934555028435287
ATO,332,0.4246279096433895,Atmos Energy,Utilities,SP500,165.2899932861328,-0.008160820042971806,-0.015075759311570569,-0.037581810403764626,-0.005165268763325792,-0.10607208928745027,0.2651072124756335,0.341130604288499,0.20077972709551656,0.1695906432748538,-0.13033901897407985,0.0411341629642501,False,-0.01975713616582253,False,-0.04027727376881973,-0.048447575997337844,0.04196761488288203,-0.013052028495502022,False,182.84778438843233,False,False,0.7469304324795526,0.5875844116892402,-0.006900653696985448,False,0.058155459224062504
AZO,333,0.4238550624928334,AutoZone,Consumer Discretionary,SP500,2967.0,0.0017015891939688998,-0.014102272260804294,-0.016328222130128522,-0.017858604758065222,-0.2357957634215342,0.3664717348927875,0.2982456140350877,0.05847953216374269,0.23976608187134502,-0.3186421588998013,0.014879425346331354,False,-0.019161885367857567,False,-0.024546640286066346,-0.12701167905674426,0.025164340295331877,-0.006560039593752842,False,883.647052099453,False,False,0.6318888669405537,0.7703946695788849,-0.004915683799163073,False,0.08964824315418116
TMUS,334,0.4223196881091618,T-Mobile US,Communication Services,SP500,180.97000122070312,-0.002205402807812451,-0.0033157678982640437,0.05387331465396672,-0.025305461898890935,-0.1531995498981844,0.7115009746588694,0.27485380116959063,0.13840155945419103,0.1442495126705653,-0.27784204036407567,0.08516347150199799,False,0.010281883301281214,True,0.0043284374679330995,-0.062129031239384735,-0.004309782842399468,0.005024117707058906,False,872.2574666563874,True,False,0.6468851309593701,0.5727728612673474,-0.0061751951664543725,False,0.07059378561320459
BSX,335,0.4222302488246761,Boston Scientific,Health Care,SP500,48.435001373291016,0.03405211817906029,-0.011732237664443201,0.036486236844784026,0.009483156219169064,-0.3645368591238628,0.6510721247563352,0.391812865497076,0.017543859649122806,0.33528265107212474,-0.5521083628013466,0.136171713810197,False,-0.02610423207368595,False,0.038568698670695456,-0.2864054031762263,-0.03713639619609277,-0.003707420653541238,False,925.7985418122684,True,False,0.9488505238022761,0.9145106691513107,-0.009393651265491632,False,0.1777470874061328
SPG,336,0.42067652792111,Simon Property Group,Real Estate,SP500,210.86000061035156,-0.017244579559765105,-0.04471524173529484,-0.08069928456587794,0.05166898516140539,0.06139725502159976,0.09161793372319688,0.5126705653021443,0.580896686159844,-0.24951267056530213,-0.10916770879190552,0.2592208222497454,False,-0.04109432531622703,False,-0.05553216003963235,0.06123625338942129,0.05879730117857962,-0.026389583475118106,False,374.0338400724158,False,True,0.6482687747751925,0.5134446186627993,-0.005080147046482741,False,0.15900380939681868
SNDK,337,0.4171150097465887,Sandisk,Information Technology,SP500,1515.824951171875,0.020771304063902818,0.015206384034061271,0.24776718224393024,-0.13943505847514504,1.4485121621231256,0.9785575048732943,0.0935672514619883,0.9922027290448343,-0.5886939571150097,-0.3508244320463062,28.681318978458876,False,0.030871718308656426,True,-0.04740806838999989,0.5514770826427837,0.049767446917038605,0.004281874402277452,False,22269.977122662865,False,True,0.68932271774016,0.5274575956516863,0.0008249105052249295,False,0.19473101959807634
SWKS,338,0.41653021442495125,Skyworks Solutions,Information Technology,SP500,65.37129974365234,-0.006364206810281159,-0.022265941566095848,0.04963553347697047,-0.13404024912515633,0.1189433100170818,0.6998050682261209,0.09746588693957114,0.6764132553606238,-0.04678362573099415,-0.21635937211051082,0.25598717209405675,False,-0.03428416668475143,False,0.006160795510939288,0.034812385045259964,-0.006123072513286365,-0.018332087656259377,False,349.92518607967315,True,True,0.741778736884855,0.6675953425791602,0.00972791276398044,False,0.0876653060080806
PLD,339,0.41463937621832364,Prologis,Real Estate,SP500,139.2899932861328,-0.010021348206766922,-0.02839011793311108,-0.036788654323800185,0.009213869770025251,-0.009041127059506548,0.26900584795321636,0.38791423001949316,0.4015594541910331,-0.06432748538011696,-0.07177132112277684,0.29610141286060454,False,-0.01068231743263448,False,-0.02205282472368364,0.02592285081086043,0.022550118535239472,-0.013778311937890364,False,607.980797740292,False,True,0.7126497758623316,0.547524724569319,-0.004975102796197506,False,0.040461640342794036
CASY,340,0.41267973856209156,Casey's,Consumer Staples,SP500,751.75,-0.004924048403489478,-0.11994710824867383,-0.13691159586681978,0.00903146947961031,0.095814671869634,0.025341130604288498,0.38596491228070173,0.6335282651072125,-0.1793372319688109,-0.178947813301213,0.514854939890623,False,-0.09294658261635946,False,-0.09499378376359358,0.0415060027201366,0.10496478594217651,-0.05571368274500066,False,320.54230355441894,False,True,0.6497411575004317,0.7324175183875716,0.0020252681856447463,False,0.11296878708758604
META,341,0.4103428505905286,Meta Platforms,Communication Services,SP500,570.0,-0.013874985744877666,0.019641479884668467,0.02387235275602162,-0.04986371946659829,-0.12629784654303644,0.5906432748538012,0.22612085769980506,0.17153996101364521,0.06432748538011696,-0.26707061099031504,0.0852323303220528,False,-0.008277400789205247,False,-0.03716182861985329,-0.08319020046669046,0.03859613144188612,0.0008980498776407497,False,10464.448491668263,False,False,0.6218139913520195,0.8515425375312083,-0.002162554855822618,False,0.14790660514452586
EXR,342,0.41012957229675495,Extra Space Storage,Real Estate,SP500,140.3000030517578,-0.018263246403117717,-0.04068373981704054,-0.0522831031167037,0.010729803626236212,-0.06013962925672467,0.18323586744639375,0.3996101364522417,0.28460038986354774,-0.1189083820662768,-0.08210665718428878,0.1462549871349108,False,-0.04338187852189246,False,-0.04536130250367698,0.007379283071561327,0.047516722947271495,-0.02621817209191679,False,158.31772200536926,False,True,0.5699705812249998,0.6495116807435419,-0.00657758321543922,False,0.06607552606769954
LOW,343,0.4048721476894852,Lowe's,Consumer Discretionary,SP500,204.7899932861328,-0.015669356970948844,-0.05618030547255237,-0.014532526384393174,-0.007917006080622624,-0.19491109786870753,0.38011695906432746,0.3255360623781676,0.08771929824561403,0.21637426900584794,-0.2795688229349018,0.014213525867736054,False,-0.051669879008906405,False,-0.04341063346702956,-0.12718470406381832,0.0453806356058144,-0.02944346089747163,False,625.7756394207665,False,False,0.8161360181257946,0.8180023515535363,-0.009853415148702638,False,0.10747682814713513
SBAC,344,0.4045292970989566,SBA Communications,Real Estate,SP500,188.4250030517578,-0.013223325147100118,0.018128251984458776,0.048320225178862586,-0.0702034155279967,-0.033923024247797695,0.695906432748538,0.18908382066276802,0.3391812865497076,0.1189083820662768,-0.1469422408495884,0.15574737800894067,False,0.026994406338928245,True,0.036144812284410355,-0.01120647135029218,-0.03488393886248509,0.01144692443870321,False,177.67060595597107,True,False,0.9318816999914595,0.5381038288827185,-0.009688352313658388,False,0.04514623295164467
GWW,345,0.4034502923976607,W. W. Grainger,Industrials,SP500,1305.199951171875,-0.0008421477571227687,-0.012633385985138967,-0.0538778785312124,0.052065348460674565,0.13724768183181557,0.17348927875243664,0.5146198830409356,0.7056530214424951,-0.34113060428849906,-0.06724618696395124,0.42986231945932096,False,-0.0008723469438858267,False,-0.026340759267161507,0.11933552955086468,0.02705336545395065,-0.005826987531111105,False,385.6977804393115,False,True,1.0646395246600526,0.462119505349564,-0.0016305632727513508,False,0.06395379695606597
XEL,346,0.40143102855177165,Xcel Energy,Utilities,SP500,75.18000030517578,-0.01661212156654779,-0.027802941613477294,-0.038618884410765886,-0.008676850254063173,-0.08941668383136847,0.2553606237816764,0.3216374269005848,0.2300194931773879,0.05263157894736842,-0.09061039336896326,0.08011265010770452,False,-0.03309197477249415,False,-0.04977615838588334,-0.03578938825212119,0.052383613424527464,-0.023837106387695317,False,384.63425712947236,False,False,0.8572388461559843,0.7513769620466493,-0.014650034818781688,False,0.14817491516822165
INTC,347,0.4006375415663342,Intel,Information Technology,SP500,89.82499694824219,0.003967762632117955,0.029394851583973702,-0.004157428078574998,-0.17840487108884495,0.974175757104224,0.4444444444444444,0.06237816764132553,0.9746588693957114,-0.21637426900584794,-0.36267209172508974,2.742708206176758,False,-0.06245028355472271,False,-0.1366144002577181,0.2297344120150282,0.1582310387137531,-0.014000470689596978,False,11352.251771810235,False,True,0.675072215764928,0.6697518479486736,0.005923759607306511,False,0.1809101586904999
UPS,348,0.40022703818369454,United Parcel Service,Industrials,SP500,103.94000244140625,-0.01319661412213724,0.011876958783147318,0.013214544581554799,-0.031395827421881184,-0.0615516883064281,0.5419103313840156,0.26705653021442494,0.27680311890838205,-0.056530214424951264,-0.10297976434001221,0.34133390595615354,False,0.0029922003130240515,True,-0.02606503478377764,0.02248611544641066,0.02676260296085675,-0.0031312375471165277,False,509.00073053672116,False,True,0.7154768453932961,0.7318500913987355,-0.0043672180430650576,False,0.0801314067338799
ADI,349,0.39951267056530215,Analog Devices,Information Technology,SP500,363.7900085449219,0.005555889690991966,-0.01988308488247359,-0.009852739667144839,-0.0941258202088393,0.03836055929293014,0.4152046783625731,0.1617933723196881,0.5146198830409356,-0.011695906432748537,-0.1833752366588528,0.6306442918932473,False,-0.03627445906581628,False,-0.048903077009444185,0.0548973194244986,0.05141755359241107,-0.018217449020249243,False,1617.8031077142944,False,True,0.6685229370554724,0.6350072202456921,0.008568760334942693,False,0.05567658618753509
LRCX,350,0.3992982456140351,Lam Research,Information Technology,SP500,300.06500244140625,-0.0060781433990598766,-0.03257894235053915,0.024042774185639715,-0.05311432228952939,0.3014551368969116,0.5925925925925926,0.22417153996101363,0.8888888888888888,-0.5321637426900585,-0.30753695396207026,2.1096126824371697,False,-0.05001910704532231,False,-0.08913465829540079,0.1638547996333739,0.09785711917482076,-0.033913694147001294,False,3662.6139446844054,False,True,0.6324338802922232,0.4553951861660442,0.0018549107979968227,False,0.10277872795813618
ROST,351,0.3990241944731109,Ross Stores,Consumer Discretionary,SP500,225.72999572753906,-0.012338688630776917,-0.06537764270287538,-0.10092807128474302,0.009383444967418608,0.12038174394909262,0.06432748538011696,0.3898635477582846,0.682261208576998,-0.28460038986354774,-0.11558202599153589,0.5702602862622401,False,-0.06656413333195954,False,-0.03617639278552509,0.07114679012992187,0.037534246427183504,-0.034128871597267296,False,647.8215543510868,False,True,0.801191865930639,0.702097964589045,-0.0003063107560007383,False,0.06571305589821971
AEP,352,0.39882811604173835,American Electric Power,Utilities,SP500,121.58999633789062,-0.005886691481276518,-0.0031973029046551416,-0.0417230249865056,-0.010293920841741522,-0.07415801302786262,0.23976608187134502,0.31968810916179335,0.25925925925925924,0.09161793372319688,-0.11662188538986318,0.17777128922700292,False,-0.02123050619991984,False,-0.060252475315388576,-0.02848081846650763,0.06411559885258522,-0.011574898417632817,False,563.3525010014478,False,False,0.8159826245112194,0.5973845539909021,0.0,False,0.13887622134679534
PPG,353,0.3982158009402592,PPG Industries,Materials,SP500,112.33999633789062,-0.01645950676519281,-0.007860169501518133,0.022789506755026778,0.008643660927150965,-0.04550597952942681,0.5847953216374269,0.3840155945419103,0.3079922027290448,-0.06627680311890838,-0.13020999653492904,0.21449576284921545,False,-0.020375320960346666,False,-0.031656761579244797,0.022824997726084595,0.0326916741122425,-0.010865538657486962,False,201.79994543108276,False,True,0.6929205198143055,0.4998994899652446,-0.0060409948698300076,False,0.06742326160704043
SYY,354,0.39771471161564037,Sysco,Consumer Staples,SP500,81.51000213623047,-0.005247745818451333,-0.028022876902185634,-0.04375874965999338,0.1129985868326977,-0.08633050703595391,0.22612085769980506,0.6744639376218323,0.23586744639376217,-0.11111111111111116,-0.0931459757143579,0.19291223144711167,False,-0.02085382810136238,False,-0.01673080592535814,0.03834976989943284,0.017015488765620868,-0.013764781328882703,False,265.1568373403128,False,True,0.8053392317292729,0.45427230315748257,0.000976253347287237,False,0.033062285581114695
JCI,355,0.3972904483430799,Johnson Controls,Industrials,SP500,138.04519653320312,-0.011066694213159534,-0.03458150059444076,-0.058739989866316566,0.03373283621143752,-0.0454153467209758,0.16374269005847952,0.4580896686159844,0.30994152046783624,0.04873294346978557,-0.10800464310493696,0.31814970097352524,False,-0.06761031787293137,False,-0.04668147876802553,0.03128429914952391,0.04896734693426397,-0.03217097875046282,False,546.7264152122498,False,True,0.8669981399920142,0.4721753660455307,-0.005014664135012836,False,0.08165268446516866
UDR,356,0.39583992661392037,"UDR, Inc.",Real Estate,SP500,36.720001220703125,-0.010775800719058148,-0.04350086469122516,-0.03404403110309162,0.010740325050051736,0.00018796525687192478,0.2826510721247563,0.4015594541910331,0.42105263157894735,-0.15009746588693962,-0.10298032496658516,0.12931014659789541,False,-0.024823033714453047,False,-0.050526094248404485,0.005778865015982904,0.05321483185828946,-0.01875565434017601,False,122.24059634860077,False,True,0.7954311869234957,0.717017893014207,-0.004040886732159854,False,0.04786236356155764
TSLA,357,0.3943676183923862,"Tesla, Inc.",Consumer Discretionary,SP500,364.5,0.04516129032258065,0.04456222166211865,0.171234889650431,-0.12354526372887409,-0.09625113215128034,0.9376218323586745,0.10721247563352826,0.2202729044834308,0.042884990253411304,-0.25594023767678675,0.22184228697693698,False,0.06910307468719012,True,0.013192354292802078,-0.09000749540629704,-0.013020582159850802,0.03776134511447227,False,13929.040005587523,True,False,0.684861450958582,0.7096181887425742,-0.0045878311211917655,False,0.39963358756843764
DOV,358,0.39272445820433444,Dover Corporation,Industrials,SP500,195.3350067138672,-0.016836048345203136,-0.040688481494914774,-0.0453767404207136,-0.05880787784086883,-0.13509648373452576,0.2222222222222222,0.20857699805068225,0.1617933723196881,0.05263157894736842,-0.15878667645340638,0.22122824425070498,False,-0.0477350915325192,False,-0.07090088205808054,-0.06671715762342256,0.07631142973758887,-0.028438163694819885,False,230.4901958042221,False,False,0.5413980230070096,0.8102974618120423,-0.008204095450533688,False,0.05551851748699703
VMRK,359,0.39249856667813326,Vivmark Residential,Real Estate,SP500,64.6500015258789,-0.013579483936772219,-0.05121804953082698,-0.027087968472975232,-0.007421900028428685,0.04724624070546035,0.31189083820662766,0.32748538011695905,0.5458089668615984,-0.13255360623781676,-0.07840341953479513,0.14026665683454476,False,-0.019511172896339524,False,-0.03793343964969775,0.0293587321698765,0.039429121864380745,-0.017623402453979753,False,250.86098963630448,False,True,1.2522692076105755,1.0680259639075773,-0.0039670755660436985,False,0.07238560115905007
AMD,360,0.39228643504185307,Advanced Micro Devices,Information Technology,SP500,468.1549987792969,0.00553076223484017,0.02496989333179389,-0.016790917189270504,-0.08228295866101454,1.3570386179049163,0.36257309941520466,0.18128654970760233,0.9883040935672515,-0.7816764132553606,-0.1941006000549086,2.097492395592538,False,-0.027136102202609647,False,-0.07239299771878205,0.39040532014969354,0.07804274605598005,-0.011574053059435152,False,13105.80665755849,False,True,0.6919625387832968,0.5345426735672606,0.0013746609968128265,False,0.14512436601021117
DAL,361,0.3904712762297902,Delta Air Lines,Industrials,SP500,77.97000122070312,-0.026227032373235315,-0.05467994607994087,-0.10830284716710747,-0.04059758912180511,0.2197647869872137,0.05458089668615984,0.24366471734892786,0.8245614035087719,-0.6998050682261208,-0.16546533238248973,0.41209024281794493,False,-0.09749108673138185,False,-0.10747188101465854,0.061068142171007755,0.12041287969373604,-0.049092535594494224,False,534.1683473372705,False,True,0.6170116158882224,0.6955222179330787,-0.010365952719097349,False,0.19381439767060452
GOOGL,362,0.389698429079234,Alphabet Inc. (Class A),Communication Services,SP500,337.54998779296875,-0.026082716294294817,-0.03019597149728681,-0.052172006949983474,-0.10260751464642903,0.10266663609474236,0.18518518518518517,0.14230019493177387,0.6432748538011696,-0.04873294346978557,-0.16111569833305994,0.6016698387511454,False,-0.03134674318149877,False,-0.03327341253762228,0.008940090389430777,0.034418638081490815,-0.017036208484627502,False,10487.362042040411,False,True,0.6641538275566589,0.6287238958792273,-0.008344148191156142,False,0.15950632214421961
GOOG,363,0.38842907923403286,Alphabet Inc. (Class C),Communication Services,SP500,333.8590087890625,-0.02630948426646562,-0.031141320592214083,-0.06390294545760411,-0.10338734426118801,0.09118452840663638,0.14230019493177387,0.14035087719298245,0.621832358674464,-0.07797270955165692,-0.16284097540549425,0.5793781418692587,False,-0.03510616964365454,False,-0.03880373230677636,0.0011406311886204001,0.0403702486276829,-0.018743546414847212,False,6992.372276722764,False,True,0.6174443373032774,0.693714990692485,-0.00842864736141502,False,0.1969104480452734
MAA,364,0.3878947368421053,Mid-America Apartment Communities,Real Estate,SP500,128.3300018310547,-0.009875771724937699,-0.03627216655318444,-0.03030069984736594,0.013156694821034653,-0.02015408665883278,0.30409356725146197,0.41325536062378165,0.38011695906432746,-0.08382066276803118,-0.08702602532742665,0.08988253766031828,False,-0.027788288423387653,False,-0.04034057906613986,-0.011752569558724058,0.042036349757170965,-0.01658057659006762,False,129.95461285886077,False,False,0.8190164838530485,0.5515317949309835,-0.004629319502276963,False,0.06062483414440461
DHI,365,0.3844811374842334,D. R. Horton,Consumer Discretionary,SP500,145.0,-0.016215478658969995,-0.026649668981484798,0.016581366026931388,-0.010531182253802118,-0.05523193531443871,0.557504873294347,0.31773879142300193,0.290448343079922,0.1111111111111111,-0.20267100915977865,0.10067289778080979,False,-0.022977942097836546,False,-0.03673670685464536,-0.02704402572132769,0.03813776266163793,-0.016750116897555456,False,335.82392178207397,False,False,1.0704191346320164,0.5339412798151909,-0.01234813808919466,False,0.08073086720500185
AMAT,366,0.3820181171883958,Applied Materials,Information Technology,SP500,456.989990234375,-0.010137160866506956,-0.056176319357859605,-0.0988661272935224,-0.0015089404890674674,0.23071465889992804,0.06627680311890838,0.3508771929824561,0.8401559454191033,-0.5886939571150097,-0.3672494474975405,1.9409129692204377,False,-0.10020683981996259,False,-0.1652068453109149,0.13696723257420396,0.19790153331150084,-0.04968263190653466,False,5136.015854958487,False,True,0.5619788288845863,0.5325650350145965,0.0016028553140821078,False,0.11146819172085527
ZTS,367,0.38178763903222107,Zoetis,Health Care,SP500,76.76000213623047,-0.00749927888703561,-0.005312894161501158,-0.006857274848219075,-0.0034155578551342547,-0.39802041914313213,0.43079922027290446,0.3489278752436647,0.007797270955165692,0.3391812865497076,-0.4897323017098917,0.07563437129388584,False,0.015901620820619078,True,0.017557761327150034,-0.253904722628993,-0.017254805569219323,0.004210948125538128,True,463.62357580990965,True,False,0.7940426836744497,0.5739363514930359,-0.004396125601108358,False,0.08091014899373347
KR,368,0.3811340442609792,Kroger,Consumer Staples,SP500,57.380001068115234,-0.005890508409517103,-0.028774555014415504,0.0005837139614002229,-0.06089554109928963,-0.158898624004137,0.4775828460038986,0.2046783625730994,0.13450292397660818,0.10916179337231968,-0.2317717547720396,0.04040530218693106,False,0.007459841658763677,True,0.001163470538586564,-0.09595365560133351,-0.0011621184480099522,-0.002318882622584617,True,402.4547153021989,True,False,0.6248448214447816,0.5748650325623273,0.0022522046200397217,False,0.08622793169693217
VTRS,369,0.38098956541681,Viatris,Health Care,SP500,16.274999618530273,-0.003978000823171457,-0.016021842946108533,-0.06622657587911007,0.03713228014720271,0.061060963098827914,0.13255360623781676,0.47173489278752434,0.5789473684210527,-0.37231968810916183,-0.08191150516366386,0.7757627823045286,False,-0.007965761187279763,False,-0.017474613920783533,0.13148529707368728,0.017785407042271162,-0.011311369691877848,False,157.33318591033,False,True,0.9560272440839307,0.6110548194954957,-0.003059928800100309,False,0.06605682375285854
WEC,370,0.38063754156633417,WEC Energy Group,Utilities,SP500,105.7300033569336,-0.004613047054588315,-0.01719649045020799,-0.025300183711305935,-0.01794058850249547,-0.07764289645401912,0.3235867446393762,0.2962962962962963,0.25146198830409355,0.07407407407407407,-0.10263649813433517,0.04823958140135787,False,-0.018174091521694136,False,-0.04934996029010008,-0.03924239097666449,0.05191180584724919,-0.011810514420693141,False,238.7973926842398,False,False,0.9614156205663511,0.6235230651920385,-0.0035775266281811158,False,0.09551769157892663
DTE,371,0.3793200321064098,DTE Energy,Utilities,SP500,135.08999633789062,-0.005667630421034131,-0.004201734548367475,-0.0477902235331471,-0.026210165066480995,-0.07054546462396294,0.20857699805068225,0.2729044834307992,0.2651072124756335,0.03313840155945419,-0.1252347164096166,0.07516414659769288,False,-0.0229631726450904,False,-0.06574311013431844,-0.03594227455687271,0.07036941428793786,-0.01190256077992713,False,184.1510630543878,False,False,0.7692876148545119,0.7336409129531454,-0.00257622627663201,False,0.08258681815854235
VRT,372,0.3780449489737415,Vertiv,Industrials,SP500,255.89999389648438,-0.004589982641256873,0.0036474591964890113,0.05932022245225532,-0.20853082313320703,-0.00673451245145662,0.7309941520467836,0.04483430799220273,0.40545808966861596,0.025341130604288498,-0.3196894466376866,1.1029542959045862,False,-0.05675679769301156,False,-0.11073644433819141,0.001987013871271648,0.12452601215145842,-0.026135235407665713,False,1664.0071045783006,False,True,0.589193173535508,0.5797476292620539,0.004512228577479238,False,0.11452917205566858
BF-B,373,0.3764098153881436,Brown–Forman,Consumer Staples,SP500,26.790000915527344,-0.01579714947370281,-0.06817388119904888,-0.06752518822205233,0.07406747786147205,-0.054663910326281706,0.12085769980506822,0.5789473684210527,0.29434697855750486,-0.14814814814814814,-0.11680873236367018,0.18524290445385172,False,-0.04411893059961647,False,-0.017745804135463894,-0.006889458870922516,0.018066407056520406,-0.031049328570602497,False,63.18654766854965,False,False,0.792458282482011,0.5789836803989917,-0.0025716273545193236,False,0.06325124035617978
CL,374,0.3724079807361541,Colgate-Palmolive,Consumer Staples,SP500,89.83999633789062,-0.01002758856318875,-0.0292815410535604,-0.0159913106797982,0.02176903237137018,-0.06560562132799841,0.37037037037037035,0.4269005847953216,0.2709551656920078,-0.17738791423001948,-0.08294757139558451,0.21996912652942813,False,-0.02111087210528584,False,-0.020490530622448877,0.036328412598464865,0.02091917563131873,-0.013009052986933889,False,405.20612556279787,False,True,0.7945792552956942,0.6088254531826827,-0.0036363838132748016,False,0.1660413994746286
SO,375,0.37234720788900355,Southern Company,Utilities,SP500,87.2699966430664,-0.011104853902930256,-0.031409565804460415,-0.0692763682923051,-0.011674586297362732,-0.08753318252458564,0.1111111111111111,0.31189083820662766,0.23196881091617932,-0.03508771929824561,-0.10484150737712328,0.06346372059964467,False,-0.0398312919224324,False,-0.0646293370877471,-0.0413845153272695,0.06909489430267701,-0.023783944546485136,False,501.02179786262406,False,False,0.720092098266744,0.8652653163206289,-0.0023795930251858666,False,0.11433758285809863
AFL,376,0.37177731911478046,Aflac,Financials,SP500,116.26000213623047,-0.002231329508465163,-0.016412816092213678,-0.08342078523679142,0.04223996051665124,0.036176270915372344,0.08576998050682261,0.4775828460038986,0.5048732943469786,-0.2573099415204679,-0.0980662182260521,0.12375083229912787,False,-0.028799403601040163,False,-0.03962022492315287,0.025305121691207466,0.04125474728992762,-0.008903135184275435,False,245.6266781371245,False,True,1.136072733165523,0.8136056449339301,-8.577503539197728e-05,False,0.11830856503675295
DUK,377,0.37159958720330233,Duke Energy,Utilities,SP500,119.1050033569336,-0.009521801605541835,-0.02348936488559472,-0.04207767602945167,0.0021869694190199684,-0.07930962247599893,0.23391812865497075,0.36257309941520466,0.24951267056530213,0.03313840155945419,-0.09193420138030517,0.07212845160216319,False,-0.025079079423133144,False,-0.04166209080402139,-0.02631892187502638,0.043473278479586375,-0.016539916921613385,False,499.98092365505903,False,False,0.9455834800667151,0.6012784641055104,-0.005405418094627024,False,0.1644124641891908
XYL,378,0.37145281504414634,Xylem Inc.,Industrials,SP500,110.41999816894531,-0.007995682411006566,-0.02925012988744702,-0.052404751355742296,0.023171962668885993,-0.13727089839357276,0.1793372319688109,0.43079922027290446,0.15594541910331383,0.05847953216374269,-0.2679447976730379,0.04640599320821592,False,-0.05359513994561749,False,-0.06098051866166343,-0.10974941371021507,0.0649406320886452,-0.022739938580777275,False,215.88496337348937,False,False,0.8447839294069738,0.8145232868849873,-0.007995682411006566,False,0.11273533087182198
DOW,379,0.37067652792111005,Dow Inc.,Materials,SP500,30.610000610351562,0.003277626375599363,-0.026399488219058798,0.01056453235893362,-0.11761309247259799,0.010498610981682033,0.5263157894736842,0.12085769980506822,0.4502923976608187,0.09941520467836257,-0.2614936676077815,0.5376417377387384,False,-0.006797626634353793,False,0.02133425818649104,-0.011857310696153811,-0.020888615079232564,-0.005942949727392177,False,302.45654306108173,True,False,1.008624538251801,0.6418210896118383,0.0013110130409257348,False,0.1286117654531266
NFLX,380,0.36613576424721933,Netflix,Communication Services,SP500,80.90190124511719,-0.010011012767565663,0.0111473451452746,0.12818159640215154,-0.05763654416948505,-0.1667328839568184,0.8771929824561403,0.21052631578947367,0.12475633528265107,0.18128654970760233,-0.3595732974506679,0.19677371407173005,False,0.03907426604568198,True,0.08278005322120041,-0.07565888923402375,-0.07645140208755696,0.008370069599252128,True,3036.290677416024,True,False,0.9784411419108389,0.5443010249652508,-0.010279049862181644,False,0.08112283622310468
FE,381,0.36610365783740395,FirstEnergy,Utilities,SP500,45.41999816894531,-0.010026218144306154,-0.024694041945779066,-0.05050143697765075,0.010803765480839722,-0.0909498332738451,0.1968810916179337,0.40350877192982454,0.22612085769980506,-0.05847953216374269,-0.10723607424350823,0.09743981587947359,False,-0.03042150668871524,False,-0.04389518881784005,-0.027033852136374437,0.04591043607820211,-0.019481621402927196,False,192.93704775481567,False,False,0.80344789346588,0.6989031071415887,-0.007628646047735055,False,0.12099776209692858
GEV,382,0.3653319573443412,GE Vernova,Industrials,SP500,885.8150024414062,-0.028637055962759228,-0.05974416155729645,-0.10549937685328448,-0.06761670889842752,0.006381802850810914,0.05847953216374269,0.19103313840155944,0.43664717348927873,0.021442495126705652,-0.24602504682603776,0.6195643404193492,False,-0.10296102736736612,False,-0.13761689604096328,0.008428897093043064,0.15957744929044915,-0.06014723257245014,False,2654.7962997664586,False,True,0.6435396600553225,0.6742836355534568,-0.029640398362606235,False,0.3470604755805468
PPL,383,0.3646737759431258,PPL Corporation,Utilities,SP500,33.8650016784668,-0.009795294649106445,-0.033533082373290335,-0.038199302498675536,-0.011090922640580647,-0.11198031883857618,0.25925925925925924,0.3157894736842105,0.19103313840155944,0.056530214424951264,-0.1424983564766027,0.03406512432766884,False,-0.03495832055942749,False,-0.050711816940640864,-0.0588764379532446,0.05342088719276705,-0.02264424804296694,False,297.5840784035892,False,False,0.8977425727731789,0.6810183936030082,-0.007017592781075943,False,0.08560611068012278
CDNS,384,0.36452012383900934,Cadence Design Systems,Information Technology,SP500,339.385009765625,-0.002952509884435073,0.0742751181962018,-0.0018674762324674132,-0.18054614939951863,0.11875338262662849,0.46588693957115007,0.056530214424951264,0.672514619883041,-0.4269005847953216,-0.1849348019256145,0.27751639346239654,False,0.030951977129579644,True,-0.02330611551930084,0.03681207337300263,0.023862251919077426,0.018512342226309375,False,768.6946299598144,False,True,0.6511443108286056,0.8850682046132995,-0.011075587910954865,False,0.051670431476921644
VRSK,385,0.36393418185987847,Verisk Analytics,Industrials,SP500,194.30999755859375,0.013244997807498882,0.025112078238986868,-0.0027714063536389277,0.05908585096632857,-0.09058525823013808,0.4600389863547758,0.5282651072124757,0.22807017543859648,-0.03508771929824561,-0.28185415542534165,0.24228540790954445,False,0.041212295127460274,True,0.0258243033531802,-0.0007081123581957893,-0.025174197246805807,0.024707005194355647,False,329.77862847286985,True,False,0.9271328303630305,0.5812956641335888,-0.0083954767402733,False,0.05483805247895568
TXN,386,0.35980850819860105,Texas Instruments,Information Technology,SP500,261.1099853515625,0.009549839789803505,0.008380253686941508,-0.053057247410421726,-0.10488786215022083,0.25717462006734415,0.17738791423001948,0.1364522417153996,0.8557504873294347,-0.22807017543859648,-0.21016346175237965,0.7315735315739567,False,-0.03945765746892149,False,-0.08000437027525942,0.10865162811900864,0.08696168513234825,-0.011274928645964022,False,2216.608588196655,False,True,0.6902087675793426,0.5128707411594826,0.010645989978190329,False,0.048901102118309746
CAT,387,0.35820662768031186,Caterpillar Inc.,Industrials,SP500,789.9299926757812,-0.01289597916178542,-0.026004323379906547,-0.03053473197108547,-0.08547263052310283,0.0539425328195251,0.30214424951267055,0.17543859649122806,0.5653021442495126,0.0,-0.2568359971647456,0.9200247631941672,False,-0.05555221313396941,False,-0.11174837567483831,0.030902585057164922,0.12580711660362875,-0.02960041245514833,False,2860.126061695436,False,True,0.7450750703610519,0.4769664738836567,-0.0003124023742580029,False,0.12979577086701552
MLM,388,0.3569349845201238,Martin Marietta Materials,Materials,SP500,523.3900146484375,-0.01442420359779295,-0.018232580462200665,-0.003332444588461936,-0.08331582859315656,-0.2122371902978062,0.4580896686159844,0.1793372319688109,0.07602339181286549,0.08576998050682261,-0.25889796356482375,0.001109422338043009,False,-0.028338177173464874,False,-0.06694916154022279,-0.1304212563743814,0.0717529621973636,-0.014398456126365478,False,333.08792390727046,False,False,0.7037452673455968,0.7791557594182129,-0.01007433520179879,False,0.11878513281710266
MSTR,389,0.3564350418529985,Strategy (MicroStrategy),Information Technology,NDX,126.48999786376953,-0.00644096858494414,0.03147680581264933,0.35602486619932816,-0.15549473297730176,-0.08107516547445248,0.9902534113060428,0.08187134502923976,0.2475633528265107,0.07992202729044834,-0.6483360754949679,0.5367513256664296,False,0.1705479649259587,True,0.2584291419806872,-0.09982487631746673,-0.2053585167091222,0.04036305253603856,False,2367.085328517924,True,False,1.0699894595224742,1.1197794184721528,0.00985786589332771,False,0.24139738262005817
TDY,390,0.3556644880174292,Teledyne Technologies,Information Technology,SP500,615.6950073242188,-0.010073018244109777,-0.015218909348919007,-0.060824930296543345,0.01021385288911314,-0.10586127694026315,0.14814814814814814,0.39766081871345027,0.20272904483430798,-0.031189083820662766,-0.10936638478777505,0.2708630168490769,False,-0.06499988552963953,False,-0.04878164824733666,0.006345707632378295,0.05128333379760197,-0.026452493164469293,False,230.07516908048098,False,True,0.709678819801146,0.5109595930299681,-0.0008843797168512912,False,0.049528944072319336
LMT,391,0.3555773420479303,Lockheed Martin,Industrials,SP500,559.10498046875,-0.00841535039929131,-0.00892514987227988,-0.04055841397828064,0.08248786150774445,-0.1683682793456126,0.24561403508771928,0.6042884990253411,0.1189083820662768,-0.13840155945419108,-0.1683682793456126,0.2881236429819374,False,-0.040352988101850173,False,0.012725857313035771,0.013389840522516794,-0.012565944891344993,-0.016361202688922383,False,635.122942145481,True,True,0.8028373008128328,0.6383842831415019,-0.00021281390863381322,False,0.08730569948186528
STZ,392,0.35552918243320725,Constellation Brands,Consumer Staples,SP500,130.46400451660156,-0.0017292671251269986,-0.05186047434871255,0.0017968885567045678,-0.03492115557225084,-0.15451330930528018,0.4834307992202729,0.2573099415204678,0.1364522417153996,0.18128654970760233,-0.20584711499334818,0.043720381309201084,False,-0.023372140503371774,False,-0.023810774764916776,-0.0899123436244359,0.024391556625901867,-0.017462687162804413,False,273.4267625277133,False,False,1.0451763169303303,0.547753267256342,-0.0014538406753143995,False,0.10403893124191345
HII,393,0.35483086801972247,Huntington Ingalls Industries,Industrials,SP500,288.7799987792969,-0.018456180393215282,-0.015284473758122252,-0.11126748644911433,-0.021197853424354207,-0.3578123439108397,0.04873294346978557,0.28460038986354774,0.01949317738791423,0.13450292397660818,-0.3578123439108397,0.09925970172695209,False,-0.06987087210078335,False,-0.021713280415671776,-0.1635136874369173,0.02219521126168167,-0.028862406280459774,False,143.1889422216748,False,False,0.5047679148339527,0.636881712368409,-0.009177056415044849,False,0.07742205317192888
ISRG,394,0.35189886480908156,Intuitive Surgical,Health Care,SP500,372.4700012207031,-0.00034891272324988343,-0.0029445782101048534,0.05417036587842183,-0.09651677970789119,-0.24943072801873423,0.7153996101364523,0.15789473684210525,0.05263157894736842,0.1267056530214425,-0.3717297519451257,0.12183005103757649,False,-0.02598540166023755,False,-0.028827751895750153,-0.2033891915721564,0.029683459295735126,-0.007121637024615102,False,1191.4650168083135,False,False,0.6368967288500278,0.4656337734441119,-0.006213103605701709,False,0.09471273693435359
SMCI,395,0.3510251117991056,Supermicro,Information Technology,SP500,37.209999084472656,0.0035058588726686324,0.05800400971668629,0.3102112529675558,-0.20627136867152274,0.16902290837769485,0.9824561403508771,0.04678362573099415,0.7621832358674464,-0.4522417153996101,-0.36588277281943704,0.8124694515318387,False,0.045268739414405124,True,0.1873005494686797,0.1876927821815484,-0.15775327447839327,0.003314948619290936,False,1645.3250729101119,True,True,0.8402499439531529,0.6296527434756688,-0.014698003148051031,False,0.1585513291049276
EME,396,0.3479096433895196,Emcor,Industrials,SP500,734.3599853515625,-0.007849544959592003,-0.03992683760978388,-0.07909159161744961,-0.11578396114543599,-0.0009171455904893877,0.09551656920077972,0.12280701754385964,0.4152046783625731,-0.01949317738791423,-0.22146827020391646,0.264733920590283,False,-0.08028358910156574,False,-0.06822163458269459,-0.028929429823752795,0.07321659003334013,-0.04021225767893766,False,343.59354615892823,False,False,0.6363321244077821,0.7876980570284099,0.0011213871259414532,False,0.20660762616203307
CVS,397,0.34643274853801176,CVS Health,Health Care,SP500,93.12999725341797,0.0007521996202519698,-0.010413381687150891,-0.10820648299086288,0.03406043865885877,0.15759279577958307,0.056530214424951264,0.4619883040935672,0.7407407407407407,-0.4619883040935672,-0.1527435823114951,0.36757651822270576,False,-0.02029268939849127,False,-0.07707265964199295,0.09280306927929449,0.08350891372672553,-0.006341936989180175,False,754.7472429520127,False,True,1.099853856099812,0.5127924477450376,0.001719360265495684,False,0.06849439897493068
ORCL,398,0.34533081068684784,Oracle Corporation,Information Technology,SP500,148.75999450683594,-0.013854898986517039,0.044296228106529334,0.14545314622213668,-0.39843834312875726,0.0036776984235817878,0.9122807017543859,0.009746588693957114,0.42884990253411304,-0.042884990253411304,-0.5417552528438137,0.2936776873678548,False,0.009709492611590154,True,0.0572618549700068,-0.12137431616035421,-0.05416052295921636,0.006008459307958569,False,4469.23277639892,True,False,0.6189764032432693,0.515676701046156,-0.010208872937433555,False,0.09297363042707506
MSCI,399,0.34483660130718957,MSCI,Financials,SP500,567.89501953125,-0.005019605763114776,-0.006064418071175304,-0.00404360101423995,-0.11478796478214703,-0.003303293363237314,0.44639376218323584,0.1267056530214425,0.41130604288499023,-0.18128654970760233,-0.11478796478214703,0.12191016692473489,False,0.004405976270354106,True,-0.01605783072302902,-0.0022732913881579053,0.01631989279901358,0.0012260501107719257,False,405.5035310190576,False,False,0.5299552044753688,0.422998741214011,-0.0063424119686906755,False,0.06845054775837037
PDD,400,0.34389978213507627,PDD Holdings,Consumer Discretionary,NDX,83.94999694824219,-0.020305816823308565,-0.03583326929502095,-0.05205511221137349,-0.03771207010647659,-0.18352463336500002,0.18908382066276802,0.24951267056530213,0.10526315789473684,0.12280701754385964,-0.3922392385386205,0.14529322582652981,False,-0.048337028483486755,False,-0.013462537741141478,-0.15249278171138636,0.013646250909029378,-0.027278673306872947,False,576.4218070699701,False,False,0.756975945219905,0.7900070137521155,-0.008052309741478525,False,0.17578055206241003
PWR,401,0.3431257883270267,Quanta Services,Industrials,SP500,603.77001953125,0.0017753564004427957,-0.02109343549994047,-0.09528585353647412,-0.121629280752509,0.054693771367128274,0.07017543859649122,0.11306042884990253,0.5672514619883041,-0.06432748538011696,-0.23098382877879864,0.6222391899568505,False,-0.08150767397658365,False,-0.08522379094615162,0.033783047622285345,0.09316354109635028,-0.035097217186345175,False,814.6814129582422,False,True,0.6836435043376258,0.7202857818594807,-0.0016094768850744012,False,0.09260991727262487
CSGP,402,0.34298589611283115,CoStar Group,Real Estate,SP500,32.415000915527344,0.006052131826081997,-0.012941511421614815,0.12708625373983917,-0.04267571378550006,-0.28237763494502677,0.8732943469785575,0.23976608187134502,0.042884990253411304,0.16569200779727095,-0.6376592751256407,0.19436262507400293,False,0.023968442667106293,True,0.07538478340044596,-0.27095414218904157,-0.07010028834709159,0.008261409476532977,False,199.73449676873642,True,False,1.135173922028063,0.6096520213507817,-0.008535118418996346,False,0.12360988696799935
MGM,403,0.3415262011237244,MGM Resorts,Consumer Discretionary,SP500,41.570098876953125,-0.01679044282970421,-0.04852139657564336,-0.06730762482413621,-0.1799151705825951,0.16377652453324432,0.12475633528265107,0.06042884990253411,0.7563352826510721,-0.7173489278752436,-0.1799151705825951,0.353193353063713,False,-0.04828191461170683,False,-0.08475422351117234,0.0546222600311117,0.09260269283767286,-0.031177652474772888,False,113.14824068691131,False,True,0.45700540194483935,0.6371086312218087,0.0016556219689034535,False,0.07965986611486557
BA,404,0.33977066850131865,Boeing,Industrials,SP500,206.51499938964844,-0.0157516338728525,-0.018744688769216977,-0.04453132241685831,-0.07929114320165853,-0.10109256354225471,0.22417153996101363,0.18518518518518517,0.21637426900584794,-0.05847953216374269,-0.18098352413829744,0.15294218970103257,False,-0.07466134494796095,False,-0.06196870572428581,-0.06102198089650179,0.06606251422787968,-0.030022654416330563,False,1209.6442784154524,False,False,0.5456484989947018,0.6953789812928328,-0.006291141350400653,False,0.15401607164201062
LNT,405,0.3396422428620571,Alliant Energy,Utilities,SP500,67.52999877929688,-0.00734969879423486,-0.013007883856570923,-0.04591692647712542,-0.0219416629713981,-0.05222038773625848,0.2202729044834308,0.2826510721247563,0.3001949317738791,-0.02729044834307992,-0.1279826276146604,0.09446750768442058,False,-0.0247178435751918,False,-0.06646753370630787,-0.028680204976886392,0.07120002368015865,-0.014175576460144224,False,173.64648926953615,False,False,0.796596907868896,0.5675954285836718,-0.006173720071756428,False,0.06378449451072446
FRT,406,0.3368237587432633,Federal Realty Investment Trust,Real Estate,SP500,116.1500015258789,-0.005139173225876648,-0.011825756158087786,-0.06398577682597006,-0.012941324067023197,0.07380536433880192,0.14035087719298245,0.30994152046783624,0.5925925925925926,-0.4288499025341131,-0.08636825269217774,0.26306500415241385,False,-0.015406772195753815,False,-0.0420380526877262,0.06271890682370973,0.043882800152627244,-0.008737189332491235,False,96.86057001301744,False,True,0.9215811753118858,0.5603856288046511,-0.0038543635823742317,False,0.05523785834514636
ARE,407,0.3363008829262699,Alexandria Real Estate Equities,Real Estate,SP500,51.03499984741211,-0.010374245696685658,-0.05560697663222658,-0.008066101251183566,0.0632259525786878,-0.0020595802069650615,0.4249512670565302,0.5458089668615984,0.41325536062378165,-0.39181286549707606,-0.3808586488210808,0.2795020024797161,False,0.01781449766186194,True,0.008329591775248613,0.038684045851008264,-0.008260782826559399,-0.0111845010686219,True,94.18171051457787,True,True,1.3718010210026144,0.8502437350070767,-0.0095016068774324,False,0.0800982756910636
CPT,408,0.33559798188281165,Camden Property Trust,Real Estate,SP500,105.08499908447266,-0.011894681784657135,-0.037242348919642065,-0.05166499955109061,-0.00030251412609594297,-0.018947390463782132,0.19298245614035087,0.35477582846003897,0.3840155945419103,-0.22027290448343084,-0.10626809450586272,0.10973650155184389,False,-0.033214430773372716,False,-0.05778282582312777,-0.00720188925234988,0.06132644087453332,-0.01885328996351099,False,101.60857678235855,False,False,0.889150218442336,0.6497345630899324,-0.0025387554954418023,False,0.06907017525655526
KLAC,409,0.3346302029583763,KLA Corporation,Information Technology,SP500,174.83999633789062,-0.0039876778797706125,-0.03706565354877556,-0.042568599901485316,-0.0977628786134559,0.14180277726099,0.23196881091617932,0.1539961013645224,0.7153996101364523,-0.3762183235867446,-0.41984812366161905,1.0829861254711153,False,-0.0876321290228309,False,-0.17442850244419827,0.02869956021895148,0.2112821275451171,-0.044181334342163425,False,2609.489112289582,False,True,0.5496873248091898,0.5372373707170043,0.003788359179425882,False,0.07835981713441946
ALNY,410,0.33383212934296524,Alnylam Pharmaceuticals,Health Care,NDX,240.63999938964844,0.014930380409131194,0.019617833950156705,0.1708835849897532,-0.18600955445967693,-0.25972869238090424,0.935672514619883,0.05458089668615984,0.04873294346978557,0.04678362573099415,-0.510117668678703,0.1711115650826205,False,0.04815894994758807,True,-0.0786374393005328,-0.25956387853678786,0.0853490717495986,0.01730198943556771,False,465.57783507620576,False,False,0.6370335587389429,0.6627869696787251,-0.01358077240747646,False,0.1466707264323693
HUBB,411,0.33352941176470585,Hubbell Incorporated,Industrials,SP500,452.93060302734375,-0.011586477217572555,-0.026621535023708454,-0.03854792111413574,-0.018568314559011312,-0.11853551852333144,0.2573099415204678,0.29434697855750486,0.18128654970760233,0.08576998050682261,-0.1831144973766765,0.12543387763266867,False,-0.07133989359224568,False,-0.07446528018757781,-0.06069195296610652,0.08045649568140423,-0.031756086667013794,False,264.7058130696173,False,False,0.9621197384395848,0.5459040685202645,-0.0037098064893542615,False,0.060067630985381495
NOC,412,0.33244467377594317,Northrop Grumman,Industrials,SP500,537.25,-0.015250118614519748,-0.02190145036271296,-0.009640872764061892,-0.003653371184595078,-0.29739524789948235,0.4171539961013645,0.3469785575048733,0.03898635477582846,0.11306042884990253,-0.29739524789948235,0.08312167231065293,False,-0.046297834821976025,False,-0.009071717296091908,-0.10591536927302891,0.009154766751977572,-0.024005547866913668,False,453.8105132290674,False,False,0.9260543239110143,0.5633003960099972,-0.010887699766597092,False,0.06651987315247476
STX,413,0.33228987501433316,Seagate Technology,Information Technology,SP500,823.64501953125,-0.007369588992487408,0.03648775464213583,-0.03794398650472375,-0.10532063918398049,1.1755641197812925,0.2631578947368421,0.13450292397660818,0.9824561403508771,-0.797270955165692,-0.24661595200530595,3.8706496491458244,False,-0.038798097174096324,False,-0.054327380415784776,0.415878510311811,0.05744840158285536,-0.02078847786878768,False,4268.517887711914,False,True,0.8324239043470728,0.5333541632641968,-0.003928858618464703,False,0.13795519951051713
CSCO,414,0.33220502235982113,Cisco,Information Technology,SP500,109.95500183105469,0.00022743132729474702,-0.002494797400925619,-0.052030314198323824,-0.09036231762855829,0.39718432693520445,0.19103313840155944,0.16764132553606237,0.9337231968810916,-0.7660818713450293,-0.15102816035057798,0.6869347849471616,False,-0.04345574196208024,False,-0.04454158165528366,0.17512340572793206,0.04661802209294441,-0.013087894128686273,False,2496.1062482598873,False,True,0.8856089342326516,0.4688101250460593,0.001819311813763047,False,0.08765369353996748
MPWR,415,0.3301398922141956,Monolithic Power Systems,Information Technology,SP500,1262.85498046875,0.005249686093530492,-0.017256444069449817,-0.11442609585758923,-0.17998568326956643,0.10916567064517757,0.042884990253411304,0.05847953216374269,0.6569200779727096,-0.06432748538011696,-0.2515596323903483,0.5439707387079327,False,-0.058039608605758075,False,-0.06262149314171417,0.016843660704409125,0.06680491677966471,-0.027429909895282156,False,1221.2056222640624,False,True,0.5455720240634014,0.4054987852157268,0.01034817625248241,False,0.06220101775779737
CARR,416,0.3300607728471505,Carrier Global,Industrials,SP500,58.15999984741211,-0.010716126183097918,-0.030181779830715683,-0.059051956718708665,-0.10353025612102473,-0.08243974346845273,0.15789473684210525,0.13840155945419103,0.24561403508771928,-0.05847953216374269,-0.2319849656132783,0.1681556033453686,False,-0.057435505294019085,False,-0.11626467033848986,-0.04581662077511106,0.13156050961889432,-0.022603423927255006,False,395.39190913913,False,False,0.5360689659542804,0.9017905903743432,-0.005613230581997253,False,0.06991298784016468
CRH,417,0.3296307762871231,CRH plc,Materials,SP500,94.25,-0.016795332778014815,-0.016076844146659885,-0.004023480258421808,-0.11355751827827087,-0.190397334934861,0.44834307992202727,0.13060428849902533,0.09746588693957114,0.08187134502923976,-0.2745743498787565,0.012461099019693611,False,-0.026075494204048533,False,-0.06657503676800347,-0.15081085201465372,0.07132339437064816,-0.014187136972217074,False,431.1208772172333,False,False,0.7502673765807178,0.7199917253361623,-0.010327538675840797,False,0.18724426299002328
EBAY,418,0.329329205366357,eBay Inc.,Consumer Discretionary,SP500,104.07499694824219,-0.014627965898153183,-0.025108115712488166,-0.08436604045771368,-0.053996989726456834,0.18304550842149014,0.08382066276803118,0.21832358674463936,0.783625730994152,-0.45808966861598444,-0.12003333745105904,0.32263928305139467,False,-0.011024582270211969,False,-0.047181393434937435,0.06573266546716083,0.04951770789303511,-0.0025337748706478758,False,410.3352617705392,False,True,1.0854690802024816,0.6682904633193496,-0.009657302082336394,False,0.10856922601114513
HLT,419,0.3291950464396285,Hilton Worldwide,Consumer Discretionary,SP500,316.93701171875,-0.015264857205519178,-0.03978851550897977,-0.010635858480826488,-0.04680195540945398,0.040776765969157136,0.4093567251461988,0.23391812865497075,0.52046783625731,-0.12280701754385964,-0.0946224609194174,0.23684032511773667,False,-0.020553870262379315,False,-0.031412725088831195,0.01678122863640663,0.03243148645713134,-0.02400471481353028,False,731.3353450073315,False,True,1.2129604371935914,0.521235093368791,-0.005685931505793329,False,0.1098018473267093
AMT,420,0.32918701983717463,American Tower,Real Estate,SP500,174.1999969482422,-0.011519030973792699,-0.02348787743563041,0.004845387257344402,-0.0622148785584733,-0.06614086172536326,0.5126705653021443,0.19883040935672514,0.26900584795321636,-0.08576998050682261,-0.09756452310688568,0.07457896670391229,False,0.0029449084653849766,True,0.018620505808305543,-0.006667763058327614,-0.018280120714367132,-0.005754350763338856,True,495.9978901325443,True,False,0.7734235698027918,0.5082122176287452,-0.0018725633493453797,False,0.06122448297751495
ARM,421,0.3288682490540076,Arm Holdings,Information Technology,NDX,240.31170654296875,0.00527798985611283,0.0064147238943896845,0.002593784034502944,-0.41222525876121696,0.9322320594671938,0.4951267056530214,0.005847953216374269,0.9727095516569201,-0.760233918128655,-0.4531659053938394,1.2985337114146391,False,-0.08018736459848774,False,-0.15346727497661172,0.20283273293900872,0.18128924073475328,-0.03036543206982434,False,1653.9965395614795,False,True,0.7496809767768494,0.5925844429523511,-0.001024933582299603,False,0.086051597336219
MCD,422,0.32676183923861946,McDonald's,Consumer Discretionary,SP500,263.9100036621094,-0.004113193727889097,-0.03166509360914638,-0.024867021216616658,-0.037702705454540575,-0.20200663730043256,0.32748538011695905,0.25146198830409355,0.08576998050682261,0.05263157894736842,-0.21660659728657794,0.014804299544947108,False,-0.02225136037833597,False,-0.023765355023322998,-0.10453130641931418,0.024343896363041573,-0.0093765889452051,False,1218.3706942813228,False,False,0.8886613468657704,0.801084058841851,0.0,False,0.17370441665004505
WY,423,0.32649581470014905,Weyerhaeuser,Real Estate,SP500,23.350000381469727,-0.012267301847126766,-0.042640386806245933,-0.06711946700313631,-0.006738724567209142,-0.03516451333168824,0.1267056530214425,0.33528265107212474,0.3333333333333333,-0.13840155945419103,-0.12345949148997548,0.12320750363212896,False,-0.05100588569953923,False,-0.03824766397008739,-0.027527746858499458,0.03976872479246851,-0.02638298944562434,False,127.62441782492256,False,False,0.7664733158293748,0.5658753371162064,0.0002115511101672407,False,0.11732424175719572
AVGO,424,0.3259637656232084,Broadcom,Information Technology,SP500,368.0,-0.0021421636340932526,0.025755351719416675,-0.054665019641457646,-0.1986815944201673,0.1585082590600928,0.17153996101364521,0.04873294346978557,0.7426900584795322,-0.16569200779727095,-0.2346233939617589,0.25620271383249515,False,-0.05603751387410383,False,-0.04475231666549928,-0.0016863086311721398,0.04684891410495928,-0.00500422651816379,False,8090.336214539509,False,False,0.8088518928736743,0.7465098026443049,0.001803134607598178,False,0.16477135560792558
NXPI,425,0.32473340213278296,NXP Semiconductors,Information Technology,SP500,226.35000610351562,0.012389320376489099,0.017577790052125675,-0.012262164049957947,-0.27060886007659113,0.015734632879222277,0.39766081871345027,0.025341130604288498,0.4580896686159844,-0.015594541910331383,-0.3172880094115663,0.24499768819669354,False,-0.014163618216795126,False,-0.11757295649883492,-0.06444676801209137,0.1332381610068818,0.0016822776439708864,False,1017.4174785758282,False,False,0.6106910327146373,0.5115854138590651,0.009526813066322415,False,0.08827104082570153
ON,426,0.323608531131751,ON Semiconductor,Information Technology,SP500,74.29000091552734,0.02313731291907284,0.03280968442011467,-0.08969488592180863,-0.385626843859757,0.11747889837883418,0.07797270955165692,0.011695906432748537,0.6686159844054581,-0.042884990253411304,-0.44530721288569663,0.6545656657207237,False,-0.043443543868283974,False,-0.1493362014955626,-0.045567736844178475,0.17555255290998906,-0.006049446967751115,False,937.926714858909,False,False,0.4546941043766347,0.46582671185705743,0.012670405745929036,False,0.08971726249273784
RL,427,0.3201020525169132,Ralph Lauren Corporation,Consumer Discretionary,SP500,345.0950012207031,-0.025265526800154814,-0.06937329592635355,-0.09266707539713015,-0.05561267942867443,-0.020450688525686433,0.07212475633528265,0.21442495126705652,0.37816764132553604,-0.35477582846003897,-0.16490396420660292,0.15163085886380356,False,-0.08641401954723671,False,-0.10184512813307778,-0.053835960813336414,0.1133937267649403,-0.04547182475208822,False,229.85105028285278,False,False,0.62126680758606,0.8330922064177119,0.005677265844354018,False,0.18953024056098433
TPL,428,0.31508542598325884,Texas Pacific Land Corporation,Energy,SP500,370.68499755859375,0.017303344286986766,-0.007403975252529005,-0.07922646449774906,0.0066669920946687,-0.3009625586463498,0.0935672514619883,0.3742690058479532,0.03313840155945419,0.21442495126705652,-0.31222919597115284,0.3586512775897257,False,0.014134015173212777,True,-0.04588901747509966,-0.050212359508772564,0.04809610026043498,0.0036089540297170597,False,142.3416124047339,False,False,1.1221829440147377,0.5606745042682768,0.015423445419281201,False,0.06600249708501439
CMS,429,0.3143825249398005,CMS Energy,Utilities,SP500,67.61000061035156,-0.008796341917231887,-0.011838608305625442,-0.05326252816005583,-0.03434934415400581,-0.1203256325982015,0.17543859649122806,0.25925925925925924,0.1793372319688109,0.009746588693957114,-0.1407934663763274,0.000418714281859911,False,-0.03129390413465316,False,-0.06808407975828579,-0.0686918679856442,0.0730581786183313,-0.017031008003391412,False,255.10570662196625,False,False,0.7746948267043584,0.5341377709935187,-0.006597228475034855,False,0.06755802315155927
TSN,430,0.3139250085999312,Tyson Foods,Consumer Staples,SP500,55.16999816894531,-0.0041516850288561,-0.0466563126451317,-0.04813666251894022,-0.0794260322374698,-0.13610264635124303,0.20662768031189083,0.18323586744639375,0.15789473684210525,0.015594541910331383,-0.19076375759088215,0.11557096585758986,False,-0.0380206231911171,False,-0.047038371141109425,-0.07943012550427675,0.049360194279212344,-0.023262058693756305,False,172.24282174092102,False,False,0.6614059422773978,0.5823206871735424,-0.003249102892022404,False,0.09358997652237333
VICI,431,0.312176355922486,Vici Properties,Real Estate,SP500,25.625,-0.009470461201603109,-0.043129225430583285,-0.02751424557775617,-0.06173601687842689,-0.1278115183531584,0.30994152046783624,0.20272904483430798,0.1695906432748538,0.01949317738791423,-0.18797724140077743,0.0,False,-0.023335148848469545,False,-0.031443596851535416,-0.06329027407595023,0.03246439417397107,-0.015868582090325933,False,255.4774559315117,False,False,0.7568547833281738,0.561136261676185,-0.0011596708802579236,False,0.11004774503360502
GE,432,0.3105148492145396,GE Aerospace,Industrials,SP500,334.5199890136719,-0.023527345071261307,-0.021413548451431952,-0.07095847416011192,0.03184524210149986,-0.029834904981969057,0.10721247563352826,0.4502923976608187,0.3508771929824561,-0.46003898635477586,-0.12250147436517844,0.22575284513898408,False,-0.06969245027597593,False,-0.06938444886953665,0.04466275207977222,0.07455758587448069,-0.03614718575830411,False,1454.22894621542,False,True,1.0281450068234816,0.7047359902838478,-0.010946348727259747,False,0.1032306468222774
HST,433,0.3092122463020296,Host Hotels & Resorts,Real Estate,SP500,21.879499435424805,-0.017975818621081108,-0.05651147341321383,-0.12934738694367065,-0.01992177254058969,0.16550311016661046,0.029239766081871343,0.2884990253411306,0.7602339181286549,-0.6159844054580896,-0.1433242501521249,0.4796687037896137,False,-0.04972862469720829,False,-0.07382920590890618,0.08748680811274645,0.07971446128503668,-0.030445530781236574,False,221.47631844854405,False,True,1.3623105340222599,0.646139001861035,0.0004488432932512332,False,0.05246321316196138
CMI,434,0.308531131750946,Cummins,Industrials,SP500,562.5999755859375,-0.003983358585907704,-0.01577974809891103,-0.10959622109310097,-0.12246451496695643,-0.02395419329684967,0.05263157894736842,0.1111111111111111,0.37037037037037035,-0.15009746588693956,-0.2238842540155337,0.45570667164028955,False,-0.07676027666488616,False,-0.12555167210705953,-0.0534313442382629,0.14357814876218833,-0.031140027055069464,False,621.8301870922242,False,False,0.5167362462455553,0.7021761561072978,0.0011153490484956397,False,0.12130684713089451
REG,435,0.30697167755991284,Regency Centers,Real Estate,SP500,74.80500030517578,-0.009467642606897142,-0.024579502884625293,-0.0683148654602993,-0.008253929143171135,-0.041387038169350965,0.11695906432748537,0.3235867446393762,0.3216374269005848,-0.18518518518518523,-0.09524673404611761,0.14742892759120396,False,-0.022747683184232925,False,-0.053121639432677115,-0.0018087081753345169,0.05610186233514658,-0.014657737863953635,False,102.21846414212524,False,False,0.7912520981796983,0.4746620029337106,-0.003972397188802379,False,0.09243970104452497
FISV,436,0.30653021442495126,Fiserv,Financials,SP500,53.220001220703125,0.0007521796784091261,0.004909405980459969,-0.013348116876839233,-0.0987298576068133,-0.13953108272151182,0.391812865497076,0.15204678362573099,0.15009746588693956,0.05458089668615984,,,False,0.00453002496311794,True,0.027881446243699592,,-0.027125157619674822,0.008081588387023109,False,379.36503791484404,True,False,0.9180813940146642,0.48052552395662435,-0.008837931891801487,False,0.13913835276000683
GLW,437,0.3056816878798303,Corning Inc.,Information Technology,SP500,147.7449951171875,-0.008289707650483424,0.01508067344147812,0.06867989234855343,-0.1638653216249687,-0.06264133422900475,0.7602339181286549,0.07017543859649122,0.27485380116959063,-0.017543859649122806,-0.42217140401864306,1.172533071413386,False,-0.056016407227839515,False,-0.13183358204557416,0.03830207297836252,0.1518528928545757,-0.02298895429000558,False,2414.843342423158,False,True,0.6770483479397956,0.41881542067146493,-0.005436955174002778,False,0.06898062787715736
TER,438,0.3041004471964225,Teradyne,Information Technology,SP500,353.4599914550781,-0.004253908106127913,-0.031351062298596744,-0.03870110933624249,-0.043332367209053646,0.08520855793146787,0.253411306042885,0.23586744639376217,0.6101364522417154,-0.3625730994152047,-0.2694692581631084,2.154033026703484,False,-0.08129571082860887,False,-0.07002713886233758,0.13007805521179305,0.07530019615483341,-0.04155055849849376,False,1435.789553668352,False,True,0.7599460015955164,0.4785500081144318,0.007951403656417888,False,0.04631779367813193
LEN,439,0.3031567480793487,Lennar,Consumer Discretionary,SP500,84.79000091552734,-0.017838536810656835,-0.03822598237969943,0.029629659825349375,-0.05342799057686187,-0.22477340327600626,0.621832358674464,0.2202729044834308,0.06627680311890838,0.03898635477582846,-0.3925750552955022,0.036398554435241426,False,-0.020369014806977837,False,-0.015646796154649922,-0.13611584562375756,0.015895509958748777,-0.016174236143315035,False,202.78179235904236,False,False,0.9401897654326506,0.7098355649747773,-0.014826812836188696,False,0.14366904248473567
LULU,440,0.30304552230248827,Lululemon Athletica,Consumer Discretionary,SP500,121.01499938964844,0.0016968945881756792,-0.014375300596159102,0.01804489436783574,-0.08384432777113549,-0.31307827298950053,0.5672514619883041,0.17738791423001948,0.029239766081871343,0.07797270955165692,-0.43943396029039483,0.14782319111600684,False,0.0007504613619844225,True,0.025569091869642957,-0.21341539160266632,-0.02493161316223924,0.014528775968518426,False,334.94979953402986,True,False,0.9848259792665475,1.0291047074187554,-0.010843453232903144,False,0.23492235390963162
MAR,441,0.30297328288040365,Marriott International,Consumer Discretionary,SP500,343.1700134277344,-0.02253040175191834,-0.04727928429249628,-0.07768314559317302,-0.08778808508746616,0.04259433188170503,0.10136452241715399,0.17153996101364521,0.5282651072124757,-0.3157894736842105,-0.14575597401334583,0.33580755809636953,False,-0.0312525976678083,False,-0.06025421654886021,0.002037958538025686,0.0641175705280439,-0.028285675627076956,False,571.8845658391755,False,True,0.8618353393660578,0.7772402221281812,-0.00677900893318073,False,0.08401819113754984
JBHT,442,0.30280357757137943,J.B. Hunt,Industrials,SP500,260.31500244140625,-0.0027391347401996002,0.001673840043176389,-0.040463412192298764,-0.06693600451370973,0.1256924392548524,0.24951267056530213,0.19298245614035087,0.6920077972709552,-0.4346978557504873,-0.1261885830060212,1.008768401538815,False,-0.0361173577804349,False,-0.05855263934253163,0.1092184427488796,0.06219427850075543,-0.01834573606986989,False,254.8418754182544,False,True,0.9608904447460996,0.4572480767697037,-0.00011492464252060852,False,0.06537624378109452
TXT,443,0.3011535374383672,Textron,Industrials,SP500,81.1449966430664,-0.02282037875202625,-0.011993189374063573,-0.04826419645860447,-0.09406949690530042,-0.19368247053533683,0.2046783625730994,0.16374269005847952,0.08966861598440545,0.031189083820662766,-0.19440258764641816,0.022396753504112965,False,-0.05667564253193824,False,-0.08320786725211937,-0.09898734312426427,0.09075979633760833,-0.025775065995473412,False,140.66121092882494,False,False,0.7700715346779222,0.771304506791712,-0.007345864687213655,False,0.08804968548336871
F,444,0.3010606581814012,Ford Motor Company,Consumer Discretionary,SP500,13.984999656677246,0.007564808456095529,0.003948266352946872,-0.03702578839085724,-0.14994211344697783,0.06905543775850509,0.26705653021442494,0.08771929824561403,0.5867446393762183,-0.8109161793372319,-0.18942308627737459,0.28282483402564407,False,-0.0008341454322995379,False,-0.0003283788992618497,0.05915272563339724,0.0003284867673849501,-0.0006479466635905817,False,680.7366791325912,False,True,0.6308959340598783,0.6123165601813393,0.001440886449888934,False,0.12927219708365695
TEL,445,0.29971448228414177,TE Connectivity,Information Technology,SP500,202.02000427246094,-0.0031579955496078282,-0.0019267792233207404,-0.014007345578744945,-0.03923052713290465,-0.0395661168565663,0.3840155945419103,0.24561403508771928,0.3255360623781676,-0.08187134502923976,-0.17985274547984897,0.039587302250368994,False,-0.03342550892105711,False,-0.012368562200508304,-0.06136946468781024,0.012523459386900582,-0.009249480531745902,False,477.31529689681975,False,False,1.0428109227882523,0.6114489866525176,-0.004786347592889539,False,0.046254543217000926
IBM,446,0.298531131750946,IBM,Information Technology,SP500,233.66290283203125,-0.008179861351563789,0.01135262128686998,0.05226510046361055,-0.2655293786195744,-0.009603654730988342,0.7056530214424951,0.02729044834307992,0.3996101364522417,-0.2982456140350877,-0.28518338128704535,0.1436996496081384,False,-0.003237130899846341,False,-0.035489836069528824,-0.10241072317686051,0.03679570977759772,-0.002372712914293862,False,2213.1818516079115,False,False,0.378114116720271,0.3776893216259584,-0.012139737063579181,False,0.07129373628733653
CNP,447,0.29784313725490197,CenterPoint Energy,Utilities,SP500,39.275001525878906,0.0008919430661318284,0.004475781549547753,-0.06018759359255288,-0.04311665137028475,-0.08338660217664506,0.1539961013645224,0.2378167641325536,0.24366471734892786,-0.06627680311890838,-0.1227861027151721,0.07631923436140653,False,-0.01652773482446357,False,-0.06471888971069695,-0.04216072873454424,0.06919725951770572,-0.005038846650110229,False,276.86238114764217,False,False,0.9269733682419239,0.6873287928402927,-0.008919527875821287,False,0.09879363112814968
AON,448,0.29763673890608877,Aon plc,Financials,SP500,332.0899963378906,-0.0655880640374551,-0.07521584323738217,-0.07683544270507914,0.03881581817524005,-0.012063135429265293,0.10331384015594541,0.47368421052631576,0.391812865497076,-0.3352826510721248,-0.12698164378407373,0.07972550850738669,False,-0.05993019160390933,False,-0.05726215777940813,-0.013281742731346191,0.060740277110897356,-0.0493060893442816,False,449.6181986314392,False,False,1.033784658795061,0.44868542435782877,-0.043331441083169664,False,0.23982015634649276
PEG,449,0.2959500057332875,Public Service Enterprise Group,Utilities,SP500,72.83000183105469,-0.004918712916286205,-0.009519882495078735,-0.050208639264457955,-0.041826697234077614,-0.12362687628682656,0.19883040935672514,0.24171539961013644,0.17348927875243664,-0.01364522417153996,-0.148320564947113,0.003029902476984203,False,-0.025085653112305817,False,-0.06505941539112747,-0.08175890664771779,0.06958668439700344,-0.011909218107715391,False,214.23568292254365,False,False,0.8102276319257272,0.5485926342666124,-0.00546524815597782,False,0.1577424454120321
STLD,450,0.29592707258341927,Steel Dynamics,Materials,SP500,234.5,-0.0007244137310766785,0.022811513194389788,-0.06670379237941104,-0.1015259486096568,0.1699629320969398,0.1286549707602339,0.14619883040935672,0.7641325536062378,-0.5204678362573099,-0.16879394633400957,0.8392873353280639,False,-0.05342020221501764,False,-0.03211726811362481,0.12794758372989024,0.03318301593316897,-0.007451687493860049,False,291.6003152823584,False,True,1.1091794438850793,0.6735841799484602,0.002982899193352484,False,0.07540227727631475
FLEX,451,0.2936383442265796,Flex Ltd.,Information Technology,SP500,109.41000366210938,-0.009864220252403855,0.025879063260592083,-0.03815381395947803,-0.260793137472509,0.6706368488467662,0.26120857699805067,0.029239766081871343,0.9649122807017544,-0.8771929824561404,-0.3249213382014834,1.0393289944145438,False,-0.07148249223822922,False,-0.13733285724401145,0.1652452496313428,0.15919565083384302,-0.027349361124581972,False,581.1181723778387,False,True,0.7796007790200122,0.466402641269329,-0.0013574798722072456,False,0.03356047198123077
JBL,452,0.2934296525627795,Jabil,Information Technology,SP500,302.0799865722656,0.002089813699532206,-0.009216530359028141,-0.04096091123157797,-0.16063768273737133,0.15710816388676685,0.24366471734892786,0.07602339181286549,0.7387914230019493,-0.1364522417153996,-0.2164892270560539,0.5705152278888008,False,-0.09259898207856876,False,-0.09184882993774246,0.039133381103852116,0.1011382608596385,-0.03613138999999432,False,396.2521380185675,False,True,1.0716359878975235,0.5409685477007874,0.005473524065911173,False,0.05710305498450417
UAL,453,0.29022130489622755,United Airlines Holdings,Industrials,SP500,107.55000305175781,-0.027576812517560167,-0.05300692664649853,-0.11357453697630993,-0.037669998246249614,0.042050227747149505,0.04483430799220273,0.253411306042885,0.5263157894736842,-0.7115009746588694,-0.2098302654509112,0.2621758503381566,False,-0.1070724037694536,False,-0.12588972992556968,-0.004453317631776033,0.14402042194842313,-0.052897984092390105,False,505.9619008071655,False,False,0.6940525784128515,0.5795700676710315,-0.015641914569681115,False,0.15648165985287926
DDOG,454,0.2884887054236899,Datadog,Information Technology,SP500,233.5850067138672,-0.014326057367201384,0.034614883702509314,-0.12831658152106384,-0.15822186408751016,1.10228607173732,0.03313840155945419,0.07992202729044834,0.9785575048732943,-0.9200779727095516,-0.18936313842928354,1.2763242369694527,False,-0.04182931374965304,False,-0.06439091627261417,0.3290137969467575,0.06882245736230597,-0.00896761154497605,False,1125.7781720557996,False,True,1.1727070667275956,0.6460941834503119,-0.01544429263779834,False,0.0693015557080465
HSY,455,0.2861930971218897,Hershey Company (The),Consumer Staples,SP500,175.73500061035156,-0.018514394777463306,-0.07478678344987766,0.011806638899672928,-0.04980277806172939,-0.24274079257248815,0.530214424951267,0.22807017543859648,0.05458089668615984,-0.03898635477582846,-0.24463165281952148,0.11536186796353864,False,-0.039319430264756705,False,-0.012614636846607685,-0.07375336754881423,0.012775798910286351,-0.035384991472006355,False,289.9661288880298,False,False,0.6976840779292975,0.4505111963584115,0.0007259962122752039,False,0.0919669048689732
WMT,456,0.28309597523219815,Walmart,Consumer Staples,SP500,104.39009857177734,0.01261133262266756,-0.019719216209193147,-0.05899268493100185,-0.08691091084090419,-0.17344713013311597,0.15984405458089668,0.17348927875243664,0.1111111111111111,0.08382066276803118,-0.22026815589737136,0.07582036043776874,False,-0.04879971316511966,False,-0.06391184614239864,-0.11567751743655164,0.06827545662127998,-0.012448543565748094,False,2675.911532252293,False,False,1.359986544001705,0.9145832286958845,-9.694933738457756e-05,False,0.23366168584420738
IDXX,457,0.2799277605779154,Idexx Laboratories,Health Care,SP500,559.3350219726562,0.00782902721623202,-0.00031275185414836315,0.000474027661948595,-0.013152942613124052,-0.12150932739297449,0.47368421052631576,0.3060428849902534,0.17738791423001948,-0.07407407407407407,-0.2704452609744943,0.06248579017304312,False,-0.010654715225017597,False,0.0005193119651540901,-0.08348077851375302,-0.0005190424202148325,0.006940786078522887,False,344.19376014818727,True,False,0.883387711699476,0.48063939656914634,-0.013171404326601799,False,0.09556142395308623
DD,458,0.27961930971218896,DuPont,Industrials,SP500,134.75,-0.016279718185819303,-0.014048424633560708,-0.01642335766423353,-0.05617429454688283,-0.09156104101976692,0.3645224171539961,0.2124756335282651,0.22417153996101363,-0.18128654970760233,-0.12136883367091722,0.4757237683580302,False,-0.043362815355246,False,-0.030288112385949195,-0.008217050757576172,0.031234135388885642,-0.02177658035604446,False,206.04785395858642,False,False,0.8569208560778254,0.5886671256794777,-0.003504130110310366,False,0.12026928487813518
CIEN,459,0.2788820089439285,Ciena,Information Technology,SP500,372.4849853515625,-0.01573569667959651,0.001438293122661527,-0.012107154460147651,-0.3460701270507657,0.053020591362713754,0.3996101364522417,0.01364522417153996,0.5633528265107213,-0.001949317738791423,-0.40592506323514754,2.9799658075289304,False,-0.0766161056319351,False,-0.10210375246656334,-0.004807679467764614,0.11371442162393164,-0.04566950652403623,False,944.0991522462158,False,False,0.9436018562408761,0.4590615409447273,0.0,False,0.09547491453585866
TTWO,460,0.2779004701295723,Take-Two Interactive,Communication Services,SP500,219.33999633789062,-0.06818472787023433,-0.06064241397048986,-0.0970690021768209,-0.03365935119154417,0.02552829311028737,0.0682261208576998,0.2651072124756335,0.48148148148148145,-0.4892787524366472,-0.16375008886270748,0.15630762567807466,False,-0.08196365594553812,False,-0.09199220672060282,-0.039279866111519346,0.10131213344365708,-0.05834605058871278,False,577.8773758206165,False,False,1.1890118703057724,1.1721388764538565,-0.004184547401782646,False,0.9380250920566433
CHRW,461,0.27631120284371063,C.H. Robinson,Industrials,SP500,150.10000610351562,-0.001928275066890972,0.05067902465513119,0.01604285144871742,-0.16274366362854487,-0.19285822652966056,0.5555555555555556,0.07212475633528265,0.09161793372319688,0.009746588693957114,-0.28325848812955534,0.2198251972521874,False,0.017047946580467377,True,-0.12182470029264336,-0.1281095347295601,0.13872480851287916,0.011692974326348082,False,315.5961984002716,False,False,0.7454433233386447,0.5958600213874032,-0.001994833785327277,False,0.05286203839719047
WDC,462,0.2750854259832588,Western Digital,Information Technology,SP500,452.64801025390625,-0.014804661600618219,0.039661916434912126,-0.16920933128508664,-0.17106181471234683,0.6772170470747756,0.017543859649122806,0.06627680311890838,0.9668615984405458,-0.8499025341130604,-0.3934202295523265,4.541139562663618,False,-0.040173142440492415,False,-0.13831450308951276,0.23371287677824526,0.1605162249862968,-0.020295345926373942,False,4448.386916187635,False,True,0.826293898145234,0.5521372854631689,-0.0024159665679591713,False,0.12625860451126006
FIX,463,0.27466804265565875,Comfort Systems USA,Industrials,SP500,1510.52001953125,-0.0054058068538068715,-0.06160808943638152,-0.12625828909259418,-0.1546959121869299,0.05175763960256141,0.037037037037037035,0.08382066276803118,0.557504873294347,-0.15204678362573099,-0.2686692882448366,1.1666067272037735,False,-0.10073740240832674,False,-0.1330704243814681,0.022413862864402168,0.15349623328576123,-0.0559079062706791,False,845.7188497202637,False,True,0.7777910963799555,0.6376039381699826,-0.002291375368566828,False,0.12553453035890616
ALB,464,0.2743206054351566,Albemarle Corporation,Materials,SP500,136.88999938964844,-0.0034216745676667326,-0.032647836170782374,0.16363481893807186,-0.19803989051205817,-0.2278627132544816,0.9298245614035088,0.050682261208576995,0.06237816764132553,0.04678362573099415,-0.3635124696237474,0.9115922799246463,False,0.03337774668045812,True,0.05877111360590348,-0.12089967015867731,-0.05550879963634836,0.007905643553057784,False,284.55354769929505,True,False,1.0073125977354898,0.5899869735836605,0.0016016396310829517,False,0.06272041621564999
EXC,465,0.2713083361999771,Exelon,Utilities,SP500,43.060001373291016,-0.019804209557045316,-0.02886781179278297,-0.06023566870178243,-0.027847188359025887,-0.11602697076345247,0.15204678362573099,0.26900584795321636,0.18323586744639375,-0.1286549707602339,-0.13571379185487242,0.03486790306498344,False,-0.040595307638480405,False,-0.06347325249274327,-0.05441522606136462,0.06777516249449289,-0.025041550270594737,False,364.3109358737549,False,False,0.8285909600395085,0.5864646846219679,-0.005463275137708612,False,0.12200017985284499
IRM,466,0.27061231510147915,Iron Mountain,Real Estate,SP500,113.58999633789062,-0.03245319538729674,-0.06271149393853781,-0.07137020420793039,-0.09505787545377886,0.04503746693912958,0.10526315789473684,0.15984405458089668,0.5419103313840156,-0.17153996101364521,-0.14632497803954492,0.4620718777036137,False,-0.0768493346020056,False,-0.08240060295873486,0.049943354593315004,0.08980019300844111,-0.05397581605545465,False,224.94617972402284,False,True,1.0630484985637243,0.5432579280843872,-0.008943807820363192,False,0.11366315848462054
PNR,467,0.27029239766081875,Pentair,Industrials,SP500,61.272499084472656,-0.006445582881058343,-0.032182944947430236,-0.06368433987552335,-0.1307882402256132,-0.3708926943624181,0.1442495126705653,0.10136452241715399,0.015594541910331383,0.04093567251461988,-0.4491287868109325,0.0009790915867236016,False,-0.06031160830598614,False,-0.09988987860842102,-0.288104724493605,0.11097517540852708,-0.025159392469122244,False,203.79222611852617,False,False,0.6632777853031653,1.001633550150382,-0.008594110508077901,False,0.22791231879979792
RDDT,468,0.2675644994840041,Reddit,Communication Services,SP500,149.40499877929688,-0.023496740004595562,-0.02157824646232409,0.06209569008354432,-0.15993818581969943,0.015600558489725191,0.7446393762183235,0.07797270955165692,0.45614035087719296,-0.20272904483430798,-0.4480994292961319,0.2262393571070216,False,-0.04755529639507239,False,-0.12565508052219387,-0.14797155174874677,0.14371339928096138,-0.03271784612357498,False,1007.408175950664,False,False,0.8695709858097123,0.48049957676153415,-0.01098034428615191,False,0.14922125338794057
MCHP,469,0.26666093337919966,Microchip Technology,Information Technology,SP500,73.16999816894531,0.0032907975149494284,-0.014014296299121654,-0.009150227128461474,-0.19569240709133062,-0.00444517800642763,0.4191033138401559,0.05263157894736842,0.4074074074074074,0.005847953216374269,-0.28331972788302284,0.5317519640143129,False,-0.04998064184115425,False,-0.09939004217268199,-0.03929894690878133,0.11035858676541399,-0.02028613350015107,False,891.9213438045612,False,False,1.1983513358858575,0.5782528861380326,0.007952856555980548,False,0.054568641900664454
COHR,470,0.26380002293314986,Coherent Corp.,Information Technology,SP500,276.6050109863281,-0.009294416573230269,0.004047409312420092,0.05217009233398118,-0.2377927372872084,-0.07462109799776062,0.7037037037037037,0.03313840155945419,0.2553606237816764,-0.03508771929824561,-0.35204619106838475,2.1503986488846745,False,-0.11650162485193027,False,-0.12876003804014358,0.009987357533828067,0.14778940781193928,-0.04760673866517706,False,1931.2780744398115,False,True,1.1335863599359792,0.7053643349516837,0.0037607010997913193,False,0.1396639504238472
LII,471,0.2583533998394679,Lennox International,Industrials,SP500,387.1549987792969,-0.015849451274742465,-0.029929860038941047,-0.06907041878969344,-0.21878764030829034,-0.30915431476083877,0.11306042884990253,0.03508771929824561,0.031189083820662766,-0.001949317738791423,-0.32600644035120374,0.0,False,-0.06636128475885328,False,-0.20328050735334335,-0.2226932743670048,0.25514689828669446,-0.027657662359910296,False,245.21476359165953,False,False,0.5187540391049,0.7399186227425913,-0.014972455906643312,False,0.07749558295385871
AKAM,472,0.25805756220616904,Akamai Technologies,Information Technology,SP500,107.80999755859375,0.0031636394717480254,0.0203482284872889,-0.06398682694091684,-0.29998051162966266,0.10415811381112627,0.13840155945419103,0.023391812865497075,0.6491228070175439,-0.6803118908382066,-0.33095446216366675,0.4979852123106645,False,-0.06235460716346475,False,-0.07814046663580987,-0.013015023122349367,0.08476396219568039,-0.01931660538632829,False,419.49213088283386,False,False,0.7392883858297458,0.6866769163486626,-0.0038150521769082513,False,0.07819263015287661
TDG,473,0.2576952184382525,TransDigm Group,Industrials,SP500,1179.219970703125,-0.0056915437715494566,-0.01656268645913106,-0.05991807417777606,-0.047795206630225295,-0.1041131980351675,0.15594541910331383,0.2300194931773879,0.21052631578947367,-0.3898635477582846,-0.18674484779094824,0.04090456678605259,False,-0.035282936948121235,False,-0.060006948275221794,-0.0735174310515665,0.06383765089020188,-0.015412985937396706,False,493.6662001023682,False,False,0.7247199183924418,0.6605759934825917,-0.005033829566178261,False,0.11387325052656444
ROL,474,0.2537300768260521,"Rollins, Inc.",Industrials,SP500,36.439998626708984,0.001649190677081469,-0.022007507562079698,-0.03561875646305235,-0.20946551578743178,-0.3964772694175348,0.27485380116959063,0.04093567251461988,0.009746588693957114,0.02729044834307992,-0.4382023773690855,0.013912076213281388,False,-0.006235476345490709,False,-0.0898564724339832,-0.30316622732597764,0.09872780469502995,-0.0015032606759324274,False,209.88307143861266,False,False,0.6112523711730653,0.6508118610403795,-0.005772481940743424,False,0.11262539395102161
ALGN,475,0.2535855979818828,Align Technology,Health Care,SP500,157.72500610351562,0.0009201946362229485,-0.011995698405502409,-0.06759870720643113,-0.07094891833550587,-0.1655644771007171,0.1189083820662768,0.1871345029239766,0.1267056530214425,-0.10331384015594541,-0.20143278573147516,0.26301256864576605,False,-0.05765634313018131,False,-0.08551907926551561,-0.07289994408151257,0.09351652650864395,-0.019366985732986564,False,163.8863535583191,False,False,0.7675917199232366,0.6978915592659644,-0.014088089826799433,False,0.08403566282493959
BLDR,476,0.2484474257539273,Builders FirstSource,Industrials,SP500,66.44000244140625,-0.018901340168693936,-0.05383079911115707,0.0,-0.12139645559045831,-0.3316567750340986,0.47173489278752434,0.11500974658869395,0.025341130604288498,0.037037037037037035,-0.5547215370828644,0.006514168932889142,False,-0.06719454229546207,False,-0.10929500327165753,-0.26914075538604076,0.12270617507829207,-0.032896172053963,False,157.9703610637671,False,False,0.8619605317242542,0.6410922640696385,-0.010779730416047628,False,0.10737778438787304
CCI,477,0.24821121431028553,Crown Castle,Real Estate,SP500,75.3499984741211,-0.01037563595823654,-0.013743495167367836,-0.01245091139763499,-0.16259201925611655,-0.13791989774038482,0.3937621832358674,0.07407407407407407,0.1539961013645224,-0.031189083820662766,-0.21012763169491366,0.023638063433528034,False,0.002187897103740344,True,-0.020015889985990576,-0.10070941038660397,0.020424708708495665,-0.002273595713903953,False,294.3933349779854,False,False,0.7639442332731012,0.4233855143914131,-0.00499077037646567,False,0.0907150531493934
LHX,478,0.24774337805297558,L3Harris,Industrials,SP500,262.8349914550781,5.7012900242847664e-05,1.9042282342951466e-05,-0.051342691939883056,-0.14758271961487412,-0.3003088281266756,0.1949317738791423,0.09161793372319688,0.03508771929824561,-0.011695906432748537,-0.3003088281266756,0.0032635332196953026,False,-0.051509589524001975,False,-0.07726202170860297,-0.16113400529234734,0.08373126881768367,-0.01444687808318168,False,442.90646951271907,False,False,0.7500734901939969,0.853012634070127,0.0008750493202227538,False,0.132194556172457
SRE,479,0.24483660130718954,Sempra,Utilities,SP500,80.91500091552734,-0.0402680197055747,-0.04321862117164654,-0.08622249433201923,-0.06469334082117839,-0.14224507838058986,0.08187134502923976,0.1968810916179337,0.14814814814814814,-0.029239766081871343,-0.18302486346696722,0.04844218858155269,False,-0.04860446522596673,False,-0.09476510384515269,-0.10426108625458452,0.10468565037393596,-0.03850138282521731,False,318.33186253885026,False,False,1.4575127555870893,0.8168494233106891,-0.05135801597729728,False,0.5235647125672749
ROK,480,0.24226120857699807,Rockwell Automation,Industrials,SP500,424.9700012207031,-0.0136702973845515,-0.010984666140438692,-0.11206653645732878,-0.06663071822374922,0.03747191645758918,0.04678362573099415,0.1949317738791423,0.5107212475633528,-0.6432748538011696,-0.13896928713491075,0.2903512967711699,False,-0.029088935216673883,False,-0.0682331532415218,0.018777103419393315,0.0732298573177379,-0.016569830589374224,False,382.2834258201489,False,True,1.0262358626936412,0.5743193641589357,-0.009051650255481825,False,0.14159822721118392
FIS,481,0.24009975920192636,Fidelity National Information Services,Financials,SP500,41.084999084472656,-0.008566591554072134,-0.007608754342903645,-0.08230961214234234,-0.04692254658251527,-0.1617716246149723,0.08771929824561403,0.23196881091617932,0.13255360623781676,-0.08382066276803118,-0.3850452437868088,0.08920990866571366,False,-0.018519971356587894,False,-0.012875762034606941,-0.16833446959636766,0.013043709737232012,-0.0015579059341869206,False,242.3225872899008,False,False,0.8181285980882793,0.7459386355061365,-0.008928545949475342,False,0.07432602216676028
ODFL,482,0.2390608875128999,Old Dominion,Industrials,SP500,198.0749969482422,-0.002794179735824631,-0.016899934740426725,-0.06630056793566941,-0.13216615717280578,-0.044028663874492335,0.13060428849902533,0.09941520467836257,0.3138401559454191,-0.28460038986354774,-0.20365456378162283,0.575714079185045,False,-0.04675968614448167,False,-0.08798573691700617,0.014594751582944099,0.09647407993333035,-0.017872635133159176,False,343.19562402281616,False,True,0.7515150863536715,0.6371106105263714,-5.03940259726221e-05,False,0.1365329361724836
PODD,483,0.23723655544088984,Insulet Corporation,Health Care,SP500,147.11500549316406,0.01367739642780541,0.011655943787384215,-0.11028122127153561,-0.006852085034705913,-0.4006314633436884,0.050682261208576995,0.3333333333333333,0.005847953216374269,0.04483430799220273,-0.5830310003990933,0.10396977005441332,False,0.012939341077023991,True,-0.0453989102516722,-0.3121348708618903,0.047557991227143104,0.010673242767010427,False,233.92655192174652,False,False,1.8409763105479242,0.7675862905871604,-0.015158906725095789,False,0.10997705658747192
NI,484,0.23705538355693154,NiSource,Utilities,SP500,40.439998626708984,-0.0032043645327367587,-0.009551878198767905,-0.08980422352151074,-0.0973174469786654,-0.12930782492596393,0.07602339181286549,0.15594541910331383,0.16569200779727095,-0.03898635477582846,-0.17051790602914407,0.05468814822994972,False,-0.033403080329632795,False,-0.09146458926325618,-0.09280808052817202,0.10067256397754099,-0.014258284011489097,False,236.26731199728806,False,False,0.9868059886843675,0.6273485017569116,-0.0032043645327367587,False,0.07045084209371454
Q,485,0.23440545808966862,Qnity Electronics,Information Technology,SP500,119.69000244140625,-0.004739727961908136,-0.05188526246199432,-0.08758950202698335,-0.21215110660873715,-0.034816895543776205,0.07992202729044834,0.03898635477582846,0.33528265107212474,-0.17153996101364521,,,False,-0.0988555761733596,False,-0.14148157620675683,-0.010082508012840274,0.16479736751791574,-0.050428815292603235,False,268.09750025219057,False,False,0.8579781450310566,0.5955663399246108,-8.317093009146959e-05,False,0.06698123133854265
ECHO,486,0.2321052631578947,EchoStar,Communication Services,SP500,86.1500015258789,-0.007945587760356143,0.009728104008713823,0.024497624898338177,-0.3238894776026193,-0.2740984049178352,0.6003898635477583,0.01949317738791423,0.04483430799220273,0.007797270955165692,-0.3924541631043995,0.3479893871313686,False,-0.027207680631328834,False,-0.06432937454710386,-0.19692003530263724,0.06875215786107036,-0.009151209288551398,False,511.073623206197,False,False,0.7248216674186967,0.3754290562598947,-0.002418230001479449,False,0.030628605349821165
DVA,487,0.23140006879944958,DaVita,Health Care,SP500,178.6199951171875,-0.011401359542283607,0.01201130378009907,-0.256028998118661,-0.05895370415329115,0.16002078239596695,0.003898635477582846,0.20662768031189083,0.7446393762183235,-0.7777777777777778,-0.2587151803606421,0.7196494694717355,False,-0.0178564390661059,False,-0.15286955859260587,0.09640127972323698,0.18045574933965725,-0.004398891768151447,False,176.08475866938477,False,True,2.6903164831941053,0.5013181040172717,-0.005202497347362223,False,0.05106516146018578
RCL,488,0.23074532737071435,Royal Caribbean Group,Consumer Discretionary,SP500,271.989990234375,-0.02655600490491883,-0.07170651797141636,-0.14549167243045913,-0.05414203563424369,-0.08636892310549982,0.021442495126705652,0.21637426900584794,0.23391812865497075,-0.6705653021442495,-0.23168252441722326,0.11788929060823383,False,-0.09715863021658722,False,-0.0975079318448051,-0.04871369717968799,0.1080429793074229,-0.05266108576455075,False,641.4730502903686,False,False,0.5506900005566334,0.47197589765841114,-0.008625330627116012,False,0.09971018146312235
TKO,489,0.22681343882582272,TKO Group Holdings,Communication Services,SP500,184.11500549316406,-0.0028433378369790985,-0.04810770739256076,0.012678114325519685,-0.11338309275126501,-0.17506679846096562,0.5399610136452242,0.13255360623781676,0.10916179337231968,-0.20662768031189083,-0.17506679846096562,0.05543717835880568,False,-0.03781905947996256,False,-0.03548706065682916,-0.061956061205715285,0.036792726369223816,-0.024602797060559234,False,224.32496451869568,False,False,0.9467802229166932,0.600037237340032,-0.0024371585232327853,False,0.041822771560946326
HWM,490,0.22137828230707488,Howmet Aerospace,Industrials,SP500,246.1649932861328,-0.07054941433559891,-0.06504240458432453,-0.12745700827085826,-0.03614589775265575,-0.07060274546805123,0.03508771929824561,0.2553606237816764,0.2631578947368421,-0.5575048732943471,-0.1588416250806216,0.42407045343181715,False,-0.11377881630331388,False,-0.11076100575224146,0.007819240074402378,0.12455707236043834,-0.07481130170715855,False,707.601458371272,False,True,1.0613473181989193,0.7179306086721411,-0.06267700857453473,False,0.4577007415024609
WYNN,491,0.2191847265221878,Wynn Resorts,Consumer Discretionary,SP500,92.38500213623047,-0.0301805577947446,-0.07066694766209447,-0.0674536739435152,-0.13065640031588777,-0.10233520159542853,0.12280701754385964,0.10331384015594541,0.2124756335282651,-0.10136452241715399,-0.3007965976541487,0.0,False,-0.07457381627567028,False,-0.06442052065893378,-0.13825542471108943,0.06885627793408378,-0.04479316005617895,False,145.5916052990483,False,False,0.9341670742648712,0.8112356933938216,-0.0018895685611928226,False,0.16397709145043982
FSLR,492,0.2185666781332416,First Solar,Information Technology,SP500,200.98500061035156,-0.01699601872936818,-0.03516392412314151,-0.0475998589160338,-0.3366831663024701,0.0056289402409905875,0.21052631578947367,0.017543859649122806,0.4346978557504873,-0.5107212475633529,-0.3684681834710084,0.08817002669833762,False,-0.09793013544711104,False,-0.09848466954767765,-0.13247258389315297,0.1092434773108788,-0.04065452697325034,False,466.49937299475096,False,False,0.6998003935270112,0.6011981586437897,-0.00513549357956955,False,0.14541243444962987
GNRC,493,0.2062825364063754,Generac,Industrials,SP500,183.58999633789062,-0.0011425827550615164,-0.09810376036654678,-0.06859116346505101,-0.31816835148414757,-0.20309926014943258,0.11500974658869395,0.021442495126705652,0.08382066276803118,-0.001949317738791423,-0.37879816258452503,0.34626386237035,False,-0.11994517362839408,False,-0.18346744571111384,-0.11682928244797652,0.2246909137271258,-0.07186179056034492,False,239.88847451168763,False,False,0.9291221479356173,1.1282387324594656,0.0015777654043409584,False,0.1754249366076693
MNST,494,0.20370370370370372,Monster Beverage,Consumer Staples,SP500,45.959999084472656,-0.019206178279052133,-0.06050693367261162,-0.046275152641327644,-0.4841750856166216,-0.4330125774892759,0.21637426900584794,0.003898635477582846,0.003898635477582846,-0.001949317738791423,,,False,,False,,,,-0.04785454862721494,False,522.2981533165331,False,False,1.2771378290310427,0.7281027992708504,-0.0074691055113013105,False,0.09377298258037715
HRL,495,0.2033264533883729,Hormel Foods,Consumer Staples,SP500,21.639999389648438,0.003245233927426261,-0.10170198204321135,-0.1347461338821454,-0.06212151509938635,-0.105104965828546,0.02729044834307992,0.20077972709551656,0.20857699805068225,-0.6393762183235867,-0.17391691195454972,0.10939534019600416,False,-0.09805150057538248,False,-0.12080219931156344,-0.059105719842720505,0.1374004794108583,-0.052164219361707564,False,105.23517644377777,False,False,1.0901304789781256,2.019429318025128,-0.0013907640111869846,False,0.20396970276383813
VST,496,0.19809654856094483,Vistra Corp.,Utilities,SP500,136.0500030517578,-0.007586208431791808,0.0028748295674516644,-0.08192185160701748,-0.11966568086801888,-0.1781048845396196,0.08966861598440545,0.11695906432748537,0.10721247563352826,-0.11500974658869395,-0.3730883203403088,0.011361603646275809,False,-0.03747172088275119,False,-0.10091433161073038,-0.13936135240372416,0.11224106351458185,-0.020467356946493376,False,638.0207292705616,False,False,0.794667110694157,0.6799501421616176,-0.0021883657434667025,False,0.20823117994135337
TJX,497,0.19314872147689485,TJX Companies,Consumer Discretionary,SP500,133.13999938964844,-0.014653610117598359,-0.053798642335454505,-0.1511371434697648,-0.125629588447419,-0.16220115572658655,0.01949317738791423,0.10526315789473684,0.13060428849902533,-0.3001949317738791,-0.2069349922979069,0.0,False,-0.09961905794493175,False,-0.12450688824104783,-0.13592773875291497,0.14221344128099545,-0.04106505469089561,False,900.6358967394732,False,False,0.8676393295847763,1.0557978639063461,-0.00014793527526801853,False,0.17597657616310125
CCL,498,0.1911283109735122,Carnival Corporation,Consumer Discretionary,SP500,24.094999313354492,-0.02685787194588307,-0.06281601822745808,-0.12904727455642506,-0.11954942063069907,-0.1637079576483763,0.031189083820662766,0.1189083820662768,0.1286549707602339,-0.4366471734892788,-0.2797235121309962,0.018793870584251415,False,-0.10809843804603314,False,-0.113689697916728,-0.12568390598950607,0.12827301865892848,-0.05412720548188621,False,524.2791199064355,False,False,0.7363936694417964,0.7869032941454809,-0.010500816901388932,False,0.27177116476095414
FER,499,0.1865198945075106,Ferrovial,Industrials,NDX,58.380001068115234,-0.005959449631348757,-0.06949315418727464,-0.1032257690248215,-0.12329172129874089,-0.1916634781743387,0.06042884990253411,0.10916179337231968,0.09551656920077972,-0.16374269005847952,-0.2074215519655822,0.10998572261103967,False,-0.08076380991751131,False,-0.09857744376075916,-0.12149710173797856,0.10935764040787577,-0.03961246624225645,False,93.62785777926857,False,False,0.9395646695897292,0.7021720252498486,-0.0011918899262697291,False,0.10840651755144179
NCLH,500,0.18122348354546497,Norwegian Cruise Line Holdings,Consumer Discretionary,SP500,16.209999084472656,-0.026426459107418143,-0.058652745014836194,-0.12520245635203164,-0.10243634751808628,-0.26916145800548097,0.03898635477582846,0.1442495126705653,0.04678362573099415,-0.29434697855750486,-0.3982925477681437,0.0960107590454462,False,-0.10422197355859941,False,-0.15417853979117724,-0.18553973471709018,0.1822826057796081,-0.04823581148423706,False,286.4077584509123,False,False,0.6940808441874061,0.685975382565838,-0.013213172275970964,False,0.21686213345694508
LVS,501,0.174812521499828,Las Vegas Sands,Consumer Discretionary,SP500,44.16999816894531,-0.019316223998612325,-0.05961258205213005,-0.09077410036781608,-0.1655330988003939,-0.20669454461619519,0.07407407407407407,0.0682261208576998,0.07992202729044834,-0.08382066276803118,-0.3532310574213341,0.0,False,-0.036651772994743204,False,-0.04327060593620691,-0.18250300800312425,0.04522763302213506,-0.02918873697663593,False,222.37403092189788,False,False,0.9975644621238545,0.9343167933084053,0.001998227148278353,False,0.23008145349638684
LUV,502,0.16792569659442724,Southwest Airlines,Industrials,SP500,38.79499816894531,-0.021316882787939417,-0.04704006284927065,-0.13731382886676435,-0.08876496220030916,-0.18929518600481632,0.023391812865497075,0.1695906432748538,0.09941520467836257,-0.6842105263157894,-0.2858992881024245,0.32468064484468573,False,-0.1019000591207766,False,-0.16302604481222416,-0.09198256534197458,0.19478030803915414,-0.042832938797796594,False,249.196502457771,False,False,0.7694155461721753,0.6612639777170567,-0.01261352188947229,False,0.12826283868506685
DECK,503,0.16558192867790392,Deckers Brands,Consumer Discretionary,SP500,86.89340209960938,-0.009874658335534914,-0.05632710282696907,-0.10308211640103304,-0.21590505018140982,-0.2411719458686773,0.06237816764132553,0.037037037037037035,0.056530214424951264,-0.2202729044834308,-0.29873779734072725,0.09244909604528995,False,-0.05877184833569493,False,-0.12016364582971617,-0.15236217573299882,0.13657499517968286,-0.024413182484117613,False,232.4925106293335,False,False,0.8213734010467821,1.0473983767160915,-0.0017092242733318663,False,0.15581733095334127
FICO,504,0.16543515651874785,Fair Isaac,Information Technology,SP500,1136.9200439453125,-0.014433370423103775,-0.025274331148577578,0.012422481104684246,-0.11506515357438218,-0.19226450943266626,0.5380116959064327,0.12475633528265107,0.0935672514619883,-0.5321637426900585,-0.3951105241096573,0.23260735926353093,False,0.031134881765700673,True,-0.029742450313794744,-0.13761251451141543,0.03065418076201909,-0.0021293810992184525,False,346.4446983246021,False,False,0.8288104636393399,0.460118226808181,-0.014996859803313112,False,0.06675168991620041
NKE,505,0.15791079004701297,"Nike, Inc.",Consumer Discretionary,SP500,39.11940002441406,-0.01213632495519179,-0.0400147233272623,-0.062109784630107856,-0.1482821736448855,-0.3530659813757179,0.14619883040935672,0.08966861598440545,0.021442495126705652,-0.17348927875243664,-0.46934199835176427,0.01767433459877954,False,-0.034957894411633994,False,-0.06419159818768339,-0.23925084077667602,0.06859480857766176,-0.012389448450859764,False,1068.3627957054034,False,False,0.9665786102743047,1.1675931799823243,-0.00492423490752536,False,0.18804865418277902
HON,506,0.1466036005045293,Honeywell Technologies,Industrials,SP500,213.3800048828125,-0.018626628935263123,-0.006472036885956656,-0.11943939609369103,-0.13727780344557772,-0.17275510411732053,0.04093567251461988,0.09551656920077972,0.11306042884990253,-0.5399610136452242,-0.17275510411732053,0.09603777799549329,False,-0.06614358600178616,False,-0.07539066242631087,-0.06379361075695655,0.08153785535429159,-0.02719205311434869,False,898.4788084877526,False,False,0.8393967833039249,0.5211863716057799,-0.012394757651711386,False,0.060803152895189505
NRG,507,0.14418529985093456,NRG Energy,Utilities,SP500,109.05999755859375,-0.018538563148583487,-0.02433352344254014,-0.18499414860190755,-0.15465265607040812,-0.3747448518310088,0.015594541910331383,0.08576998050682261,0.01364522417153996,-0.015594541910331383,-0.4034543505892838,0.0,False,-0.06921569704319808,False,-0.1576233943356714,-0.25730361743489194,0.1871174879214077,-0.04214018730649294,False,366.35058733605166,False,False,1.384285962818943,0.6416740353819763,-0.007379406718467152,False,0.10358555603067206
TPR,508,0.13715628941635136,"Tapestry, Inc.",Consumer Discretionary,SP500,122.66999816894531,-0.022471908063028123,-0.07180694030114398,-0.1949202461114471,-0.11375033388831646,-0.2114171418683859,0.01364522417153996,0.1286549707602339,0.07797270955165692,-0.419103313840156,-0.2555528639537914,0.2527117763665192,False,-0.12153937690812033,False,-0.1413524308143791,-0.1078653448864011,0.16462217548515734,-0.046772255361552606,False,404.1897431286716,False,False,1.6067311108808964,1.0472322699902943,-0.0039046766444403858,False,0.12806432100010082
TTD,509,0.10682375874326339,Trade Desk (The),Communication Services,SP500,13.664999961853027,0.00700075675499412,0.029766351956548753,-0.24251667026849633,-0.411498692250439,-0.43811677083362743,0.005847953216374269,0.007797270955165692,0.001949317738791423,-0.017543859649122806,-0.7477851627005692,0.048733710045674616,False,-0.044322060066445124,False,-0.18854401983036384,-0.465933476548118,0.23235273932043543,0.007710953050943603,False,344.0873874357685,False,False,1.7355013062308993,0.609327727800402,0.02829777353235352,False,0.2791156404620619
PCG,510,0.10232542139662881,PG&E Corporation,Utilities,SP500,13.295000076293945,-0.19909639935099588,-0.26587522759692195,-0.2350402348519144,-0.1743856877911245,-0.30026582315331707,0.007797270955165692,0.06432748538011696,0.037037037037037035,-0.47368421052631576,-0.30026582315331707,0.0,False,-0.23414795213180373,False,-0.2325928172581594,-0.20627980509376542,0.30308918458013,-0.20820949990570814,False,417.1943823981363,False,False,3.0230796392988735,1.8979734986302248,-0.20120482384544225,False,2.345754376869442
APP,511,0.09834881320949432,AppLovin,Communication Services,SP500,308.30999755859375,-0.029739463483782758,0.0325530035832271,-0.2212427322259386,-0.4976210014240873,-0.28793480129425875,0.009746588693957114,0.001949317738791423,0.04093567251461988,-0.1267056530214425,-0.5797300874876095,0.0325530035832271,False,-0.052815436576739594,False,-0.23903986954105783,-0.37193461398548855,0.31412929531129397,-0.013687360062780596,False,2451.7643302789465,False,False,1.1420763056087215,0.6399920532934078,-0.01056772912192816,False,0.1964673828732857
APTV,512,0.0968937048503612,Aptiv,Consumer Discretionary,SP500,45.17499923706055,-0.012568322687201205,-0.045733014544762085,-0.20001773932141487,-0.34147229968084436,-0.3766386301073358,0.011695906432748537,0.015594541910331383,0.011695906432748537,-0.20857699805068225,-0.490526670013149,0.0,False,-0.055602890958355355,False,-0.17184095305910052,-0.32628148310883875,0.2074975256188485,-0.03186962053728126,False,180.8524474245556,False,False,1.422787896179155,1.152926181825109,-0.0024043849257172623,False,0.23509385131676241
EIX,513,0.0919779841761266,Edison International,Utilities,SP500,53.9900016784668,-0.2305828261748365,-0.2701094932068788,-0.2641406616141644,-0.20927898408016066,-0.25704669294647764,0.001949317738791423,0.042884990253411304,0.050682261208576995,-0.5477582846003899,-0.32831545753541314,0.07645172600789318,False,-0.23410290861698524,False,-0.2676134624441435,-0.19855012561245722,0.3653992102820891,-0.21743415187985904,False,220.0389620121723,False,False,3.326192951769756,1.4815594423104401,-0.20607096283026738,False,2.1412920916661844
