Ticker,rank,score,name,sector,index,price,ret_1d,ret_1w,ret_1m,ret_3m,ret_6m,rs_1m,rs_3m,rs_6m,rs_3m_chg,pct_from_52w_high,pct_from_52w_low,new_52w_high,pct_vs_20dma,above_20dma,pct_vs_50dma,pct_vs_200dma,dist_to_50dma,pct_vs_9ema,pullback_9ema,avg_dollar_vol_m,above_50dma,above_200dma,vol_ratio_20_60,volume_x,gap_pct,gap_up,rvol
SWKS,1,0.8995088558534846,Skyworks Solutions,Information Technology,SP500,88.3499984741211,0.051410207754145176,0.23566431432337187,0.2679391229502983,0.21476686919055932,0.6144510252030313,0.9941520467836257,0.9200779727095516,0.9532163742690059,0.442495126705653,0.0,0.6974798600176313,True,0.2473703974937791,True,0.339167943975045,0.3866428165893401,-0.25326766930239875,0.1445396331060509,False,390.178696518425,True,True,0.800917638600091,1.3268687533654275,0.002856097432535787,False,1.9300933578142585
VLO,2,0.893271039089352,Valero Energy,Energy,SP500,390.4200134277344,0.012946633232434168,0.053225096054342114,0.18233858311597229,0.5333678722009958,0.6699501897759226,0.98635477582846,0.9941520467836257,0.9551656920077972,0.04678362573099415,0.0,1.549381186429414,True,0.08676563864419817,True,0.203541800004994,0.611610272859922,-0.1691190119064826,0.03806121316581801,False,853.6944017459717,True,True,0.5722072661848641,1.1386288474188182,0.006667896565020648,False,1.1650854121454377
MPC,3,0.8761078876796252,Marathon Petroleum,Energy,SP500,395.92999267578125,0.00894444505362424,0.02120141704332501,0.14002615925158346,0.5222350178372699,0.732208882978006,0.9785575048732943,0.9922027290448343,0.9610136452241715,0.03508771929824561,-0.008787326617693658,1.462808533643944,False,0.0594732429095568,True,0.1909380020971978,0.6198989944656421,-0.16032572792283306,0.019857016860371113,False,761.1365437266236,True,True,0.5421523656733608,0.9330594046268527,0.006549046222674049,False,1.040417384796907
APA,4,0.8717257374791622,APA Corporation,Energy,SP500,44.72999954223633,0.0044913713995526905,0.012449054623390632,0.119089271357532,0.22470979246561806,0.3491915517697861,0.9668615984405458,0.9259259259259259,0.8752436647173489,0.3664717348927875,-0.0024531804187608586,1.1134597800655253,False,0.03683270109772918,True,0.1553509003764071,0.3292734914774107,-0.1344620931405296,0.01750785226297835,False,205.7920577123184,True,True,0.7193163449146878,0.9145971386476601,-0.011902061392898289,False,0.7973476586450318
PSX,5,0.8638287118099665,Phillips 66,Energy,SP500,259.4700012207031,0.003713556221472736,0.018887919144836784,0.15633991497093613,0.46461063712265416,0.5092246674773435,0.9805068226120858,0.98635477582846,0.9454191033138402,0.07992202729044828,-0.005023382025944545,1.1075535301554411,False,0.048881371017349906,True,0.17630165541940745,0.4991533544684399,-0.14987792851192372,0.017052775155362188,False,588.5257445340882,True,True,0.6539889947381683,0.9392550823653532,0.0004641797712061635,False,0.9704974198778447
IQV,6,0.854645556051468,IQVIA,Health Care,SP500,261.7699890136719,0.01737272224163422,-0.036263921215615724,0.08299193969057073,0.44576379400954735,0.6066408935190648,0.9337231968810916,0.9805068226120858,0.9512670565302144,0.02729044834307992,-0.036263921215615724,0.6709433352131662,False,0.017291625049431048,True,0.11287868698826675,0.29154294930275415,-0.10142946244549367,0.004589664293793705,False,318.7883825544434,True,True,0.5780172478170287,0.9550048509883516,0.005907577160372934,False,1.046467677143552
AAPL,7,0.8367270917018573,Apple Inc.,Information Technology,SP500,332.2699890136719,0.017454088133066703,0.01237012176440544,0.0993217171668217,0.1249080469840651,0.3014660617603977,0.949317738791423,0.783625730994152,0.8460038986354775,0.391812865497076,-0.02212250288257611,0.424776238250852,False,0.04940842252815414,True,0.045431827927035595,0.1677571224289478,-0.043457475383279154,0.03025313252886308,False,15506.008366579406,True,True,0.7379795981463358,1.0727543118567477,0.0026946898462074653,False,1.039723773640483
COP,8,0.8242651911361356,ConocoPhillips,Energy,SP500,137.35000610351562,0.0022622068926660965,0.012010056499792032,0.08614379537655514,0.19856197116925167,0.15827086699849935,0.935672514619883,0.9044834307992202,0.645224171539961,0.364522417153996,0.0,0.6539827032603029,True,0.03229932800804347,True,0.12338062060907085,0.22233402386731438,-0.10982975702587494,0.01423638765702595,False,789.5391201377106,True,True,0.6617198771843761,0.8454290531650986,-0.004378217119974659,False,0.8534659443264955
HPQ,9,0.8155907271985138,HP Inc.,Information Technology,SP500,35.47999954223633,0.08402077722155998,0.12197936788280672,0.22352462800597994,0.4515721945330784,0.9135080532131845,0.9922027290448343,0.9824561403508771,0.9727095516569201,0.01949317738791423,0.0,1.0246875605784886,True,0.15936433231272673,True,0.27611409062999903,0.5740173144977874,-0.21637100683817823,0.09903126502912252,False,425.7817088250847,True,True,0.8939295912858082,1.1223280297446385,0.006721699473879461,False,1.782643394833214
CVX,10,0.813056614138085,Chevron Corporation,Energy,SP500,214.05999755859375,0.006110185586210015,0.012966071074241192,0.0983119191269457,0.16202844123701876,0.1062895957896659,0.9473684210526315,0.8635477582846004,0.5692007797270955,0.36257309941520466,0.0,0.49940376071635506,True,0.03808912114977159,True,0.10530160035389091,0.19231664071683796,-0.0952695629140281,0.016991780165729775,False,1513.4543798573914,True,True,0.6557783242154344,0.9650505569639997,-0.0034780515768025877,False,0.8344325241612431
IVZ,11,0.812450456430269,Invesco,Financials,SP500,32.279998779296875,0.010961430340618028,-0.01314583666191238,0.030307598030412164,0.14867096302503335,0.4301232825269927,0.8226120857699805,0.834307992202729,0.9161793372319688,0.20467836257309935,-0.030921721751114295,0.507049975614202,False,-0.004195496221259698,False,0.04914412974565474,0.19167004051532066,-0.046842114779376165,-0.0010146225429072953,False,133.1678294487343,True,True,0.6305902309853647,0.6855824517626364,0.020983343643648844,False,0.7477195543211989
DELL,12,0.8117895576078704,Dell Technologies,Information Technology,SP500,567.2899780273438,0.11975441848899493,0.09856883738071387,0.1708771476312565,0.45159631053657967,2.802185284799948,0.9824561403508771,0.9844054580896686,1.0,-0.015594541910331383,0.0,4.1317689348801645,True,0.18339870258809632,True,0.26420727286614865,1.1722691033781798,-0.20899047057936226,0.10220334052762836,False,3405.3596437645265,True,True,0.8397697250144234,1.2181773900472084,0.02260079017288441,False,1.9757645843748455
NWSA,13,0.8017969200016785,News Corp (Class A),Communication Services,SP500,29.440000534057617,0.002042252382741472,-0.045587769901346165,0.030312470587607,0.1231581453609647,0.2527166676960533,0.8245614035087719,0.7816764132553606,0.7894736842105263,0.23976608187134507,-0.052931747138630914,0.32421871078990594,False,-0.02092509937038034,False,0.025435648075871287,0.12485689771225195,-0.02480472384941823,-0.01564388235915437,False,106.5492091086502,True,True,0.6430606841177016,1.0069231192678374,0.0030633136541431405,False,0.9209441357753534
EXPD,14,0.8013607077053364,Expeditors International,Industrials,SP500,192.60000610351562,0.01732515662583789,0.029231021631878962,0.04407223304067531,0.15717377600567373,0.3611231527263583,0.8576998050682261,0.8499025341130604,0.8830409356725146,0.05263157894736836,0.0,0.7202565999585548,True,0.02300706476537906,True,0.06778023483556006,0.2099073863404206,-0.06347770133242658,0.019161126206343138,False,189.16860027505493,True,True,0.5482613680100805,0.7372000318600584,0.0024297033450371153,False,0.8105214292132139
DVN,15,0.8003669752768529,Devon Energy,Energy,SP500,50.22999954223633,0.004198302330084447,0.02951421602147808,0.11970572578738725,0.13398943854165823,0.10091989880644925,0.9707602339181286,0.797270955165692,0.5594541910331384,0.5925925925925926,-0.02847572907152629,0.6124404916687878,False,0.040658824677520355,True,0.10514619170314243,0.1550945333311764,-0.09514233726951671,0.02494152517992898,False,486.9951054287872,True,True,0.6938525618429608,1.0454098635339675,-0.007397019762068746,False,0.9659928117604131
SMCI,16,0.7937196491991013,Supermicro,Information Technology,SP500,40.099998474121094,0.07276611365123764,0.05888565104655363,0.06620573845681355,0.25430088631157854,0.2977345944714418,0.9064327485380117,0.9376218323586745,0.8440545808966862,0.24951267056530213,-0.31663261306111257,0.9532390225493568,False,0.058703912470027486,True,0.23290531126682734,0.27343221967423736,-0.1889077037290997,0.04059500332506638,False,1547.6055354583775,True,True,0.5113276108885517,0.8605499896792503,0.010165790330650903,False,0.9938786044588948
TECH,17,0.7927768431733825,Bio-Techne,Health Care,SP500,72.12000274658203,0.0005549516441620828,-0.004554785583992582,-0.0004171575802449645,0.3365396157635927,0.40535278872103686,0.695906432748538,0.9727095516569201,0.9103313840155945,-0.013645224171539905,-0.004829563519051061,0.6705198425317771,False,-0.0024618672026878174,False,0.0031546378453948254,0.18005002584940977,-0.0031447174008689682,-0.0016958266820968904,True,236.98593298573303,True,True,0.05985691568904231,0.7541507453565496,0.0009711389157327499,False,0.7787901003846343
RVTY,18,0.7914708765826286,Revvity,Health Care,SP500,124.30999755859375,0.027865016116732866,-0.048380977478247766,0.054547000805849954,0.22525565701540606,0.46867939045725615,0.8810916179337231,0.9278752436647173,0.9337231968810916,0.16374269005847952,-0.05063391445848897,0.512131624895849,False,-0.001934968598279796,False,0.05940021166209686,0.20856275863143625,-0.0560696618786809,-0.009664599799169227,True,175.0996566047058,True,True,0.9816471930364001,0.9509272387078149,0.012072094054901283,False,0.7737181744148232
CRM,19,0.7891057552557192,Salesforce,Information Technology,SP500,247.72000122070312,0.01942387333622686,-0.06319249675874061,0.28139867491960957,0.488254765770479,0.24940042997115186,0.9961013645224172,0.9902534113060428,0.783625730994152,0.3391812865497076,-0.06479171589575117,0.6501466112314123,False,0.07408508364353161,True,0.24728987443028583,0.23581046277251483,-0.19826175093679677,0.005198564530233929,True,2877.1621017019347,True,True,1.7260622846721718,0.8603437899421024,-0.004032904228555845,False,0.6903809739190355
GPN,20,0.7864688357118061,Global Payments,Financials,SP500,88.29000091552734,-0.00011327447208131503,-0.035196915390590555,0.0001126951131371623,0.3581833609922469,0.2633904509454674,0.6978557504873294,0.9766081871345029,0.8050682261208577,0.06822612085769986,-0.06632952157842054,0.42275526269652963,False,-0.0316673845406551,False,0.030248591139015346,0.16965537984131296,-0.0293604780430452,-0.014577397814431792,False,254.49477874752807,True,True,0.5721998554727676,0.8045676739824038,0.009852718993424547,False,0.6717790599195427
HPE,21,0.7815751326566035,Hewlett Packard Enterprise,Information Technology,SP500,62.09000015258789,0.1244114230354103,0.1405217068121989,0.056131981385783014,0.33059100514610607,1.9042257129943883,0.884990253411306,0.9707602339181286,0.9980506822612085,-0.02729044834307992,0.0,2.149356691539906,True,0.13622223108543996,True,0.21487829375927792,0.8323994532235837,-0.17687228001610422,0.10493596579754194,False,1031.0037366733932,True,True,0.9532240373163733,1.4709873892305065,0.020825745848598087,False,1.9918139272961175
GEN,22,0.7788209107242995,Gen Digital,Information Technology,SP500,30.260000228881836,0.009676373779498926,-0.034152559764757506,0.061222014830527804,0.2695654880786942,0.4550610035941438,0.8966861598440545,0.9415204678362573,0.9259259259259259,0.02729044834307992,-0.034152559764757506,0.7080088887769234,False,0.023879823570259306,True,0.07891198955689105,0.23645846950781735,-0.07314033982447476,0.003955739306781725,False,139.02718465381622,True,True,0.8924589007266184,0.9756908046159787,0.0033366828081695665,False,0.9586367227824744
MSFT,23,0.7772849170109445,Microsoft,Information Technology,SP500,495.6300048828125,0.006477951477521948,-0.028405062285485005,0.008393153523299723,0.2721294926115181,0.2383381805824003,0.7407407407407407,0.9434697855750487,0.7641325536062378,0.12085769980506822,-0.07814879190681956,0.4073719937652347,False,0.002788908717035632,True,0.09382826331786864,0.15355626151108615,-0.08577970277826141,-0.0016040878652360258,False,13500.823528500488,True,True,0.45955161572181785,0.5342929608631386,0.006518543252302278,False,0.4714942023483306
ADM,24,0.7772820559770812,Archer Daniels Midland,Consumer Staples,SP500,86.72000122070312,-0.002186197599817641,0.027731737893489594,0.09457418208088209,0.10608875245490679,0.21166591105645183,0.9454191033138402,0.7485380116959064,0.732943469785575,0.4697855750487329,-0.002186197599817641,0.5938172047157038,False,0.052203768746529544,True,0.06545250926352608,0.20683876485700403,-0.061431653400271236,0.02092017831793691,False,299.8929033418579,True,True,0.9534632096798135,1.084636640465017,-0.0006904290123098678,False,0.9773035838910538
AMP,25,0.7762000129700202,Ameriprise Financial,Financials,SP500,557.6099853515625,0.00737079442622135,-0.013219422935448755,-0.013201942902582586,0.2419557820782623,0.27505705800509883,0.6179337231968811,0.9317738791423001,0.8226120857699805,0.1150097465886939,-0.022902515406115098,0.3043561503663945,False,0.0006064886127434832,True,0.028086145837199705,0.1445838953919747,-0.027318864232265705,0.003065488614738321,False,269.9525588891602,True,True,0.790476528168896,1.0294896557217101,0.011688563150482612,False,0.6428650042451495
FANG,26,0.7758048088257172,Diamondback Energy,Energy,SP500,204.97000122070312,-0.002044881299933854,0.010002950403447342,0.026184095534355523,0.0757284697570455,0.17073807171677258,0.8050682261208577,0.6803118908382066,0.6666666666666666,0.31384015594541914,-0.03021975304773783,0.5602997634620128,False,0.006123528852306714,True,0.042393215431721254,0.13725122653759692,-0.04066912063905126,0.010340351926985347,False,371.89950013513186,True,True,0.5948181807288535,0.9695184831364709,-0.0034568709088909078,False,0.8751771999127952
ELV,27,0.7754233376439577,Elevance Health,Health Care,SP500,418.7200012207031,0.005233573320835294,0.013892810485722329,0.0536213880438241,0.05351589359200126,0.46671874067975305,0.8752436647173489,0.594541910331384,0.9317738791423001,0.23001949317738796,-0.014638424831029173,0.513345518967036,False,0.04572033143499543,True,0.058443749971997194,0.1703676423143914,-0.055216680124516304,0.02987548640143034,False,481.0918097774658,True,True,0.7681454581425154,1.1135608284717762,0.008306504499207001,False,1.1031261462157433
NEM,28,0.7749846457849342,Newmont,Materials,SP500,126.80999755859375,0.005311544095348175,-0.02775431511512827,0.07836032428326511,0.3021209042656867,0.11260205621902841,0.9239766081871345,0.9590643274853801,0.594541910331384,0.7017543859649122,-0.05968644749453422,0.634312736727829,False,0.0006072124973139914,True,0.15720050175812306,0.16455583331577128,-0.13584551814425405,-0.0023615226922498733,False,846.2672446281738,True,True,0.9680189128763148,0.8918991997385879,0.010543854744649916,False,0.7194240876759571
TMO,29,0.7736430116386858,Thermo Fisher Scientific,Health Care,SP500,609.8200073242188,0.011008346976134842,-0.013922328240112303,0.011293340820728082,0.28333540344508545,0.28398321604846166,0.7485380116959064,0.9512670565302144,0.8323586744639376,0.02729044834307992,-0.04443693142258165,0.392597786864036,False,-0.004922992883758415,False,0.054167359137346605,0.13766224298992058,-0.05138402234506034,0.00019040232625511244,False,1108.4646770092772,True,True,0.7199500272567823,0.9593129124429526,0.011240474450748827,False,0.925549943441492
WELL,30,0.7716669909171712,Welltower,Real Estate,SP500,235.6199951171875,-0.0003818743121455359,-0.022810219440021706,0.02323355515465364,0.1226537846217377,0.15090643916446855,0.7914230019493177,0.7777777777777778,0.6374269005847953,0.27875243664717353,-0.061731005596707966,0.44735692913021974,False,-0.009171552426332052,False,-0.006870980215017197,0.12004476432806799,0.006918517209883568,-0.005881689480651819,False,677.2048363980102,False,True,0.4534043554778397,0.7930447128602243,0.005133390270303462,False,0.7341383937128618
TRV,31,0.7713890891612595,Travelers Companies (The),Financials,SP500,375.20001220703125,0.020785762050233858,0.00572428804694014,0.017081298476498308,0.2388378624349372,0.25180206982977316,0.7680311890838206,0.9298245614035088,0.7875243664717348,0.06627680311890838,-0.05220573871505729,0.4563383518318902,False,0.02288307386291133,True,0.028024810728206173,0.203594209921506,-0.027260831096435068,0.018070428695473373,False,654.8482655227662,True,True,0.6244865684613435,0.7610618479464156,0.008189165811345323,False,0.9088421612153332
CRL,32,0.7709679449765967,Charles River Laboratories,Health Care,SP500,278.260009765625,0.019267435038919478,-0.051440245522155426,-0.02148604092019135,0.47963423044779985,0.8227433714826373,0.571150097465887,0.9883040935672515,0.9649122807017544,-0.003898635477582846,-0.06805538790431476,0.9115202017258563,False,-0.03320006416192556,False,0.07482360847779068,0.3745779611194826,-0.06961477947414929,-0.014931566800993612,False,227.68814575393677,True,True,0.62742365940046,0.8649456769834748,0.011025676797161266,False,0.8696932960197595
EG,33,0.767472143066952,Everest Group,Financials,SP500,371.7099914550781,0.0018327161631632727,-0.032411477578795034,0.027665359324924088,0.11811843660878396,0.17365083843400853,0.8089668615984406,0.7719298245614035,0.672514619883041,0.3469785575048733,-0.062625837408948,0.2407418744664156,False,-0.0003660424275845342,False,-0.0019907609046173613,0.09306610071113552,0.0019947319389768126,-0.0026271990718806926,False,124.06722611975097,False,True,0.7463794427623718,1.1014677421293682,0.007977768549218611,False,0.96609421059541
DE,34,0.7664457948524279,Deere & Company,Industrials,SP500,675.739990234375,-0.003245142931687983,-0.026886109981416384,0.09030764467351404,0.19142423491086147,0.15984661684287693,0.9415204678362573,0.8927875243664717,0.6530214424951267,0.43859649122807015,-0.03240403373718137,0.5527395317444317,False,0.044236406977752996,True,0.08463921274587216,0.18499795720534884,-0.07803443924141329,0.003696470819270381,True,740.4087175372315,True,True,1.2124872613562214,0.9268676943926817,0.011770924329604915,False,1.114086201608908
GDDY,35,0.7651529890174448,GoDaddy,Information Technology,SP500,98.06999969482422,0.01764031233570229,-0.05365239511680453,0.06806795927654852,0.3046428373512917,0.2144891603074206,0.9103313840155945,0.9610136452241715,0.7446393762183235,0.5048732943469786,-0.33660286491167024,0.3077744031008367,False,0.004882492756429491,True,0.04066300198063266,0.026080459022055358,-0.03907413053336295,0.00599806101773015,False,178.07759675346375,True,True,0.7688749073488869,0.9549219211827842,0.005810911514305239,False,0.7598632561217041
OXY,36,0.7632795840438233,Occidental Petroleum,Energy,SP500,61.459999084472656,0.004905154313423976,0.01867706661632096,0.05451779581454219,0.11307039056881907,0.061927799927404825,0.8791423001949318,0.7621832358674464,0.50682261208577,0.3274853801169591,-0.06359894987861536,0.6012771360348652,False,0.026175158376285035,True,0.08112107228578291,0.1749463760528185,-0.07503421620880157,0.014762015795570793,False,468.35853065075685,True,True,0.5574644038884784,0.9471205608137817,-0.0019620492508853893,False,0.9365481432096373
ALL,37,0.7595529920692141,Allstate,Financials,SP500,253.7100067138672,0.00762545565324535,-0.03572642302090989,-0.004198239253701774,0.16029469438454713,0.2491247109916046,0.6705653021442495,0.8596491228070176,0.7816764132553606,0.07797270955165692,-0.07394885691813513,0.3611485748336072,False,-0.013765101191558271,False,-0.012194069088820814,0.14980445364031691,0.01234459999402171,-0.007672340254773258,False,422.04295234597777,False,True,0.6475107201511189,1.0680243161094225,0.010484925771646392,False,0.8093636251353178
SOLV,38,0.7579357449941445,Solventum,Health Care,SP500,87.44999694824219,-0.0022818548106661174,-0.053981018621532484,0.025325313747553313,0.10388785156176272,0.32259518021212985,0.7992202729044834,0.7446393762183235,0.8615984405458089,0.08576998050682261,-0.053981018621532484,0.39942382140111654,False,-0.027560814046308613,False,0.030605838701124544,0.12719368765197903,-0.029696938976881082,-0.02405079073336469,True,91.24911662944031,True,True,0.5474982899852971,0.7401378050031234,0.011523127423246793,False,0.7172216552038395
GPC,39,0.7563282254342096,Genuine Parts Company,Consumer Discretionary,SP500,133.67999267578125,-0.0035778993233860357,-0.02106811865243685,0.005302570088363989,0.3174319522720972,0.2726697862928926,0.7290448343079922,0.9688109161793372,0.8206627680311891,0.023391812865497075,-0.0792182103676673,0.47278462871701166,False,-0.007201345501179235,False,0.03026130122337789,0.13446921963829928,-0.029372452587944742,-0.009042155052249812,True,192.08617098623657,True,True,0.5532469011714986,0.5818104626821037,0.016547414729462417,False,0.4837911113229228
VZ,40,0.7551618772959797,Verizon,Communication Services,SP500,50.61000061035156,0.012807672083531507,0.00039534409376051904,0.0772669455829127,0.09656486309787993,0.03193641014903181,0.9220272904483431,0.7290448343079922,0.43079922027290446,0.43859649122807015,0.0,0.38420341187139617,True,0.017082001156751847,True,0.08011407859217301,0.12727696032210645,-0.07417186774992712,0.009485016936758628,False,1083.1247404231872,True,True,0.5016395870500705,0.7414456303813183,0.006603922519431427,False,0.6780238256590917
MRNA,41,0.753854003349317,Moderna,Health Care,SP500,143.97000122070312,0.05379890474458793,-0.03291458357761878,1.2611905977865048,1.9002820908721763,1.6965724455246365,1.0,1.0,0.9961013645224172,0.216374269005848,-0.1743892809416172,5.438729753614238,False,0.07920302154994818,True,0.5814518577972707,1.5200144577514392,-0.36766965426765974,0.02261906422794624,False,2316.4337000493547,True,True,8.372490460720929,0.6528030568008614,0.009405677851233696,False,0.8843938357235217
IFF,42,0.749657248143189,International Flavors & Fragrances,Materials,SP500,83.61000061035156,-0.005235008036053257,-0.03296320268678932,-0.0028622286003213704,0.08440309852922367,0.2076629286437348,0.6842105263157895,0.7056530214424951,0.7270955165692008,0.18128654970760227,-0.050641524922530046,0.4285256189241813,False,-0.017710807876398005,False,0.019867979680332937,0.12150836373939855,-0.019480932901296044,-0.016924887655671683,True,136.831330940979,True,True,0.5898910506310895,0.9561432971835178,0.010588927511405055,False,0.813996961709015
NTAP,43,0.7473340886462733,NetApp,Information Technology,SP500,199.27999877929688,0.08540300737757445,0.0749810849625947,-0.013709498790511643,0.24562389237592197,1.0727236368801574,0.6159844054580896,0.9337231968810916,0.9785575048732943,-0.060428849902534054,-0.03766661668335025,1.134832509410376,False,0.04381803130175932,True,0.09850067334654633,0.5130768509993144,-0.08966828672618576,0.05614850977085584,False,468.0145041622925,True,True,0.670944966073309,0.8732730565060404,0.009967246794283069,False,0.9994858714249484
CPAY,44,0.7446019920425111,Corpay,Financials,SP500,408.2200012207031,-0.0006120400500719825,-0.027306499368749737,-0.003563736284855734,0.16351715581917614,0.269498707302106,0.6764132553606238,0.8674463937621832,0.8109161793372319,0.042884990253411304,-0.04002443186091498,0.6008627498851102,False,-0.004876639375827607,False,0.04623078786598467,0.20235316764151978,-0.04418794438298124,-0.0030981057597582184,False,193.40556179571533,True,True,0.6844158927269535,0.8385415195665068,0.010992215391477433,False,0.8039495073150174
ZBRA,45,0.7440353166020074,Zebra Technologies,Information Technology,SP500,350.3699951171875,0.018487791549715693,-0.019944069602272685,-0.0740016395626929,0.5751213418075725,0.717079097657819,0.26705653021442494,0.9961013645224172,0.9590643274853801,0.007797270955165692,-0.08533911828369889,0.7580029591178536,False,-0.02117068113535059,False,0.08841655662749215,0.34992655754490354,-0.08123411582552076,-0.003631243401643669,False,226.7515909921875,True,True,0.4067449282127413,0.7057447991672964,0.012470503489902862,False,0.8233397698657362
CMG,46,0.7439422376336579,Chipotle Mexican Grill,Consumer Discretionary,SP500,36.20000076293945,0.0019374396001885508,-0.03646523670516566,0.1090686715643765,0.15840002441406242,0.11179358833302544,0.9532163742690059,0.8576998050682261,0.5906432748538012,0.5594541910331383,-0.14542020204567185,0.2845990195497141,False,-0.007430537857149533,False,0.03218597633782583,0.0355150380285969,-0.031182342209318703,-0.013345352059678572,False,575.4764535553894,True,True,0.6532627311637323,0.5711171005705853,0.002767740690972298,False,0.4620176025344691
ADP,47,0.7434026466470591,Automatic Data Processing,Industrials,SP500,268.260009765625,0.009901008299016523,-0.047801525841048687,0.0024016786777207866,0.20487716285148583,0.32211489796725634,0.7153996101364523,0.9103313840155945,0.8576998050682261,0.031189083820662766,-0.060884863968780345,0.4408875257544469,False,-0.026646938897290418,False,0.017848945569269636,0.14706741720787408,-0.017535947398645613,-0.012697816421720964,False,584.6452852221374,True,True,0.7530865898509782,0.8661547227100455,0.0007152898313955713,False,0.9691622071483543
XOM,48,0.7424791049160191,ExxonMobil,Energy,SP500,165.99000549316406,0.004599708196314722,0.023303117087989822,0.04578917885284017,0.13959620640266968,0.09554330063014538,0.8615984405458089,0.8109161793372319,0.5497076023391813,0.3079922027290448,-0.019077646396853387,0.5437531038590346,False,0.022864897412724572,True,0.07388620989706185,0.15231722467685804,-0.06880264334909769,0.017467684450918286,False,2197.2988924509277,True,True,0.8361211124219584,0.9827331067139097,-0.0009682769924180823,False,0.7973464078008918
OKE,49,0.7422864619692305,Oneok,Energy,SP500,96.62000274658203,0.009402439557055109,0.009086190564825403,0.044879436261429984,0.09609903597602254,0.1650027004245338,0.8596491228070176,0.7270955165692008,0.6588693957115009,0.25536062378167645,-0.009127262538719094,0.5596159930325646,False,0.014393874889592873,True,0.05096065191260246,0.15195694326018994,-0.04848959075666737,0.007873916874616693,True,320.679868652359,True,True,0.7640169805242951,0.903433713584407,0.003551988440813947,False,0.8031226515106056
NWS,50,0.7408441194309976,News Corp (Class B),Communication Services,SP500,32.709999084472656,-0.0021354392138790423,-0.055057447704185636,0.003929204078598092,0.08889497870905183,0.23062290926550455,0.7212475633528265,0.7115009746588694,0.7582846003898636,0.18128654970760238,-0.07110973653892716,0.28379654021284284,False,-0.0360201431479279,False,0.006283818934175844,0.09695708585355156,-0.006244579129605299,-0.022639755255343674,False,37.21548107465744,True,True,0.6493807905157792,0.9572776515813385,0.0021354392138790423,False,0.8458839813076428
CTVA,51,0.7399676893909051,Corteva,Materials,SP500,83.9000015258789,-0.0069830317529647745,-0.05326112699635599,0.11318456105855645,0.12314766963736745,0.05670988915489095,0.9590643274853801,0.7797270955165692,0.4834307992202729,0.6647173489278753,-0.07105484455058009,0.3883327911016947,False,0.010084800642386815,True,0.007193241084366253,0.08325904701977116,-0.007141867906720556,-0.014278216064675942,True,367.20311798350525,True,True,0.791198469435927,0.9947530147112666,-0.0022487254919577593,False,1.207481720795783
CF,52,0.7394317223805328,CF Industries,Materials,SP500,133.07000732421875,-0.015098758618290686,-0.034395111518376265,0.11453744408942002,0.2552143556190425,-0.01248727091468127,0.9610136452241715,0.9395711500974658,0.3216374269005848,0.8128654970760234,-0.04451781976047631,0.7744604488181135,False,0.0313505580352853,True,0.08117588824272537,0.22826856076625113,-0.07508111226441017,-0.005016741092593091,True,307.36985330059815,True,True,1.0085209959302908,1.0786613348214895,-0.01857741466580698,False,0.9196707989279065
XYZ,53,0.7372477998649591,"Block, Inc.",Financials,SP500,79.20999908447266,0.001770575315401146,-0.04989808714237953,0.011880433312190464,0.14647565903881765,0.3223705687261318,0.7524366471734892,0.8265107212475633,0.8596491228070176,0.2651072124756335,-0.06647023560487886,0.6135668942404133,False,-0.026647093880699302,False,-0.01617639294037365,0.14532845040991105,0.016442371197739725,-0.016330562293200734,False,369.55573042393496,False,True,0.8810277578369746,0.6658610482782088,0.004932330734205959,False,0.4602438362003768
EOG,54,0.7358338769297673,EOG Resources,Energy,SP500,147.36000061035156,-0.0006781913668950645,0.009591626692843747,0.029481635033514753,0.08733335847862711,0.12452097397775663,0.8187134502923976,0.7095516569200779,0.6120857699805068,0.17738791423001943,-0.03717740821920812,0.4839105761713469,False,0.0015904657781968812,True,0.03323964290769932,0.1502306637600792,-0.03217031318519448,0.0043074786333634485,False,418.4890109283142,True,True,0.6402197908319407,0.9946759437095435,-0.004272377960995,False,1.045894590751689
VTR,55,0.7315253506673839,Ventas,Real Estate,SP500,89.98999786376953,-0.004975724961178152,-0.023015988845230595,0.011009950612507202,0.07899729609621708,0.05681516401858899,0.746588693957115,0.695906432748538,0.4853801169590643,0.3625730994152047,-0.10484433545718841,0.3748789494420135,False,-0.018829673975372718,False,-0.031282313037294895,0.06199386529193207,0.0322924970384062,-0.007989541084779894,False,301.21144418739317,False,True,0.42539823142644345,1.075695540905703,0.007518800163858197,False,1.1442338824184828
V,56,0.7314509637869406,Visa Inc.,Financials,SP500,370.45001220703125,0.008823345843925523,-0.021914159189356464,0.030688326657454246,0.16326038950311084,0.21340159915554024,0.8265107212475633,0.8654970760233918,0.7348927875243665,0.2651072124756335,-0.035638053624627575,0.258485407977298,False,-0.006731254155391997,False,0.0153061289951415,0.10964033139285312,-0.015075383234700035,-0.0039243024782261715,False,2496.525642425232,True,True,0.9441721364043069,0.6229212176885954,0.004656795872792774,False,0.49580974261104793
ABNB,57,0.7253796591936463,Airbnb,Consumer Discretionary,SP500,170.19000244140625,0.01515066291317746,-0.0812955333797234,-0.05499874350848022,0.3004508962425625,0.3327330188612736,0.36062378167641324,0.9571150097465887,0.8713450292397661,0.01754385964912286,-0.10661416041256566,0.5258203428767796,False,-0.06646095153819453,False,0.03182977107679319,0.21096272039881736,-0.0308478898060639,-0.032334942839570946,False,759.7136594004212,True,True,0.6488645227317127,0.9827294987845631,0.014196271813061045,False,0.6214572940582381
AMD,58,0.7243996597277058,Advanced Micro Devices,Information Technology,SP500,516.1300048828125,0.024880855098165622,0.13146703073319999,0.06874704969778156,0.0566690387634774,1.6101445865523418,0.9122807017543859,0.6081871345029239,0.9902534113060428,0.07212475633528259,-0.11151464298513847,2.27930622583609,False,0.07073027887007877,True,0.03943460179067659,0.487781299878455,-0.03793851168966378,0.04459096623653358,False,11932.99243318213,True,True,0.6651292396690824,0.8784115860139247,0.014118318636598737,False,0.7886117834479762
BBY,59,0.7223158733973442,Best Buy,Consumer Discretionary,SP500,90.80000305175781,0.030764068867392025,0.037832955409854874,0.09397594038262436,0.19336339936770885,0.4921604248192102,0.9434697855750487,0.8947368421052632,0.9395711500974658,-0.07407407407407407,0.0,0.6572103276597898,True,0.049735289831104534,True,0.06851188565451549,0.2851028692688444,-0.064118973849831,0.03254820035245376,False,313.87281094607545,True,True,0.9067433104952067,0.8810485112561974,0.010784477433654738,False,0.8062779310518913
HUM,60,0.7198792262238549,Humana,Health Care,SP500,409.79998779296875,0.022633635011054976,0.008068480930679467,0.05393102884261669,0.11412520146774208,1.5224721016530824,0.8771929824561403,0.7680311890838206,0.9883040935672515,-0.16374269005847952,0.0,1.5224721016530824,True,0.04549881623763352,True,0.053381586661314984,0.4519506465659824,-0.05067640002186424,0.02351216390631561,False,477.66382928289795,True,True,0.5166022874813544,0.6664681155502753,0.010056643298009371,False,0.5447861867515262
STT,61,0.7188009979286115,State Street Corporation,Financials,SP500,193.39999389648438,0.01097747418309436,-0.002784410323419584,0.01730573497222787,0.17902724820910976,0.5880307774209956,0.7699805068226121,0.884990253411306,0.949317738791423,0.003898635477582846,-0.004427059789303689,0.7954569407487659,False,0.011842295347103349,True,0.03821308094016729,0.2930601975876319,-0.03680658782064572,0.007021090569275357,False,338.9378155274353,True,True,0.9070686836736117,0.752312703013643,0.014375326482644946,False,0.9036968517820713
WDAY,62,0.7187166927974427,"Workday, Inc.",Information Technology,SP500,185.6999969482422,0.003295697349509741,-0.10255171761299497,0.059387324210325554,0.4226614470611312,0.3843745176173947,0.8908382066276803,0.9785575048732943,0.8966861598440545,0.003898635477582846,-0.250272537777654,0.6506666395399305,False,-0.048031607043220736,False,0.08824703901462883,0.16470837940925454,-0.08109099850575607,-0.027570880550566224,False,772.4230424803619,True,True,0.6235968640508794,0.5476607828943705,0.00178292634709587,False,0.4104428618354011
MRK,63,0.7175337506628061,Merck & Co.,Health Care,SP500,143.92999267578125,-0.005390187284202486,-0.055205486833910355,0.08283173832760582,0.20043908961509538,0.2599322254858354,0.9317738791423001,0.9064327485380117,0.797270955165692,0.13450292397660824,-0.08002559614368598,0.8980277011632332,False,-0.02597978982071103,False,0.057966488061121924,0.21472977642549074,-0.054790476555976686,-0.02353334939651386,True,1323.0305995261383,True,True,1.7239220931141863,0.839638121101452,0.005597384569232533,False,0.8990516146089309
VRSN,64,0.716318574213311,Verisign,Information Technology,SP500,292.7099914550781,0.013363286377010564,-0.002181744111543149,0.03756717290256706,0.05007424894921653,0.2517550339750616,0.8421052631578947,0.5750487329434698,0.7855750487329435,0.3021442495126706,-0.05300242448225512,0.3917923537128445,False,0.02168078247954086,True,0.04099396271492628,0.12077213609943804,-0.03937963540923273,0.011925682954532446,False,212.64284988806153,True,True,0.8085683787597561,0.9223436987851169,0.0034965526283732284,False,0.6550063077607844
BIIB,65,0.7161526342492457,Biogen,Health Care,SP500,217.14999389648438,0.00798403787392643,-0.032782507640778835,0.03964187759305182,0.08596712645251703,0.17441861040868956,0.847953216374269,0.7076023391812866,0.6744639376218323,0.267056530214425,-0.032782507640778835,0.6005749010630541,False,0.0005321518055425578,True,0.03664414004828043,0.13143475800489401,-0.03534881318730432,0.0022602593557707884,False,219.3683430793152,True,True,0.7792157162605985,0.7161214732505622,0.006127314529529526,False,1.0151000377500943
BNY,66,0.7152876483446058,BNY Mellon,Financials,SP500,162.66000366210938,0.000430575839815317,-0.01016246668494658,-0.0016570860234992324,0.14932389357174092,0.3998947723610211,0.6881091617933723,0.8382066276803118,0.9044834307992202,-0.00974658869395717,-0.013224901263117483,0.5844062979493623,False,0.0027896611940663174,True,0.025374323920661412,0.2208846691379176,-0.024746400732601925,6.6528239111018905e-06,False,490.83398852230835,True,True,0.7536631972409522,0.8257104989051883,0.01303899639416195,False,0.7281533130140704
MA,67,0.7152502641687934,Mastercard,Financials,SP500,569.1900024414062,0.006756650259494235,-0.028205116715624867,0.016901045687661487,0.1719062955910109,0.14842635225607026,0.7660818713450293,0.8752436647173489,0.6354775828460039,0.24366471734892792,-0.051128569431383775,0.20908529692061228,False,-0.019923002086786545,False,0.012420149883416887,0.07422370533870382,-0.01226778218988156,-0.010359527250596412,False,1614.6924892302245,True,True,0.8619794564668758,0.7129958239801357,0.006208341079185553,False,0.7023090900242842
BEN,68,0.7147514905986427,Franklin Resources,Financials,SP500,33.650001525878906,-0.00029703866840546933,0.0029806942203411957,0.0017862867823295048,0.06846052660266433,0.45075511285679815,0.7115009746588694,0.6549707602339181,0.9220272904483431,0.13840155945419097,-0.05926751201437663,0.6505015553769096,False,-0.014713371979661494,False,-0.0033881462889547853,0.18498370422329335,0.003399664850802786,-0.009620591469332251,False,134.09544501049805,False,True,0.7616060343974349,0.8096402913190761,0.01633984668906141,False,0.5486615583640163
T,69,0.7136297745886787,AT&T,Communication Services,SP500,26.059999465942383,0.019960870610989057,-0.0049637672953148915,0.07463915323473747,0.14821475963195807,-0.025726958720620252,0.9200779727095516,0.8304093567251462,0.2962962962962963,0.6042884990253411,-0.08297809749841889,0.28949903001686095,False,0.020220381930292852,True,0.09329464435839863,0.05444087129535413,-0.08533348703372523,0.014150726970760585,False,1297.9234663249435,True,True,0.610401858123715,0.6958650579586259,0.008610615548825917,False,0.7468390713630365
HOOD,70,0.7133461507650405,Robinhood Markets,Financials,SP500,112.56999969482422,-0.006706098331873633,-0.0974182280865954,0.18607096566539472,0.22053556974484834,0.47884912812721714,0.9883040935672515,0.9220272904483431,0.935672514619883,0.09161793372319693,-0.26164243252269725,0.7275935139378118,False,0.051432096581870645,True,0.08831843578101561,0.18296900558067297,-0.08115128153428297,-0.004248466916000004,True,2200.9900992204894,True,True,1.3406211644655475,0.996427341769839,0.0001764461549751406,False,0.9277849289999287
WAT,71,0.7112816287293576,Waters Corporation,Health Care,SP500,408.3399963378906,0.016681559219934083,-0.01262211348176523,-0.018767265825159307,0.13509759110142894,0.4412677741837152,0.5906432748538012,0.7992202729044834,0.9200779727095516,0.050682261208576995,-0.03066992624085685,0.4412677741837152,False,-0.004171454948552311,False,0.036053553466508514,0.13039830094486327,-0.03479892843943988,0.0017461090646819777,False,298.5875411702881,True,True,0.7907426226270711,0.6803452883189025,0.012025660781068925,False,0.6333639268563465
KO,72,0.7097084415757813,Coca-Cola Company (The),Consumer Staples,SP500,88.29000091552734,0.0052373798802543,-0.005855158848792064,0.01822167971095756,0.07669971473709469,0.1528285891323362,0.7758284600389863,0.6881091617933723,0.6413255360623782,0.10721247563352831,-0.040221730994293714,0.3720034562258421,False,-0.008929613002172765,False,0.020108714059349442,0.12840744098114842,-0.01971232456130112,-0.0006125934022797042,False,1362.9933956401978,True,True,0.6409103738803905,0.9018498126404942,0.006945241917732492,False,0.6245098304013189
META,73,0.7092230194969921,Meta Platforms,Communication Services,SP500,648.030029296875,0.0056643973841588036,0.061161389056548776,0.11951292498701482,0.14109155182748023,0.017245897247790465,0.9688109161793372,0.8148148148148148,0.391812865497076,0.6296296296296295,-0.16673633209107563,0.23379498037283475,False,0.10497270573305406,True,0.07842845681993316,0.040881196207577686,-0.07272476567541886,0.044001065958463315,False,10802.556684143554,True,True,0.7752641958282239,1.2174119597344224,0.01416866571530706,False,0.9132256334448283
AIZ,74,0.7071468625902656,Assurant,Financials,SP500,282.4599914550781,0.005303022486036202,-0.018247541468575323,0.007871518078019779,0.09606518282518195,0.3205063683392313,0.7368421052631579,0.7251461988304093,0.8538011695906432,0.021442495126705596,-0.0604740258824048,0.39488580747826396,False,-0.0011788015535344476,False,0.005362076482496647,0.1509856144447268,-0.005333477965726696,-0.0006518216585079672,False,96.92179785192872,True,True,0.6451511101517581,0.7919722025310572,0.013916089422792322,False,0.7768640096506286
VTRS,75,0.7067356366563288,Viatris,Health Care,SP500,16.510000228881836,0.007936573551640569,-0.025383724416730202,0.033156821682651216,0.019854418525355078,0.21420165073166353,0.834307992202729,0.5126705653021443,0.7426900584795322,0.34892787524366475,-0.06865489307762507,0.8014036638690369,False,0.00028167028253012205,True,-0.01161260515060325,0.12760939297043516,0.011749042137847887,-0.004929557292540077,False,154.52787751212693,False,True,0.6791115519282559,0.8169591620847496,0.00732605893660998,False,1.310931880343721
LITE,76,0.7052849017520971,Lumentum,Information Technology,SP500,927.030029296875,-0.009265771932295275,0.09400856135892655,-0.005833905194982392,0.04208680550719479,0.5046989707469345,0.6627680311890838,0.5536062378167641,0.9434697855750487,0.3996101364522417,-0.11970481213847872,5.196310577601412,False,0.02655419538465531,True,0.12171336601230198,0.32556285384889727,-0.10850665571098062,0.004709528537688801,True,3773.5697979700926,True,True,0.8444820693197852,1.0037658462522536,0.01057492611628219,False,0.7434852290123621
SLB,77,0.7051937301396566,Schlumberger,Energy,SP500,56.060001373291016,0.000892752245246653,-0.023515040545361465,0.07110585657387358,0.006265694449855808,0.2712371874294186,0.9161793372319688,0.4873294346978557,0.8148148148148148,0.31773879142300193,-0.06238135648965848,0.8105463717259538,False,0.012020031626553518,True,0.09090355857292987,0.1443134492889404,-0.08332868461062293,-0.007809390086876533,True,630.7857612888489,True,True,0.8752909530953679,1.0329372135752495,0.009998239422830402,False,0.7178817689596633
JPM,78,0.7023201077274618,JPMorgan Chase,Financials,SP500,356.2300109863281,0.007551797279588657,-0.01610226650714741,-0.02450841193098774,0.14145526306448297,0.27139907164448673,0.5555555555555556,0.8167641325536062,0.8167641325536062,0.011695906432748537,-0.02450841193098774,0.2716238624996976,False,-0.00142398483272832,False,0.01285556035506552,0.12197804948937185,-0.012692392536759134,0.0009505540456384853,False,2493.1846532307127,True,True,0.6586849468392966,0.738498697775503,0.013463089146096507,False,0.7298641274493848
PM,79,0.7003456128906741,Philip Morris International,Consumer Staples,SP500,191.05999755859375,0.0067976669499396625,0.026266312712808215,0.026156050557655908,0.06568558937619051,0.13002157285459126,0.8031189083820662,0.6393762183235867,0.6237816764132553,0.3255360623781676,-0.04551131884740611,0.3589445186371385,False,0.011857778802315977,True,0.013537873050530447,0.10248007472678133,-0.013357047043327963,0.015996400979704006,False,881.5621903105774,True,True,0.8296795595119988,0.9393803192024951,0.008273130790341199,False,1.137053290571405
NTRS,80,0.6995004634874858,Northern Trust,Financials,SP500,189.19000244140625,0.01068433128861157,0.01404304275822521,-0.006520921483400222,0.11322029661678168,0.39086030087551094,0.6608187134502924,0.7641325536062378,0.9005847953216374,0.009746588693957059,-0.00724734111761538,0.5742825804597835,False,0.01753918696518375,True,0.028212669175141425,0.19584105542689634,-0.027438554319481723,0.01582674129781325,False,187.20748455181885,True,True,0.8228850720162733,0.8950507021352606,0.009402182188585906,False,0.6874308449278433
AMZN,81,0.6941144718722224,Amazon,Consumer Discretionary,SP500,256.7799987792969,0.01941323356027369,-0.008188471097589689,-0.03928464549519184,0.06322721468998549,0.22550470231124087,0.46588693957115007,0.6296296296296297,0.7504873294346979,0.3118908382066277,-0.09590870814752317,0.29171491247899417,False,-0.008420203237710755,False,0.005983085809755151,0.07081927348319272,-0.005947501398534061,0.0016786085831186348,False,10231.213108703309,True,True,0.5774246265009498,0.727540088123982,0.008733959083619736,False,0.6587487516441068
CDW,82,0.6933036548753926,CDW Corporation,Information Technology,SP500,153.7899932861328,0.07847115500467927,-0.0008446263276965515,0.1306406919909211,0.19665965720815226,0.36976473891545547,0.9766081871345029,0.9005847953216374,0.8908382066276803,-0.05458089668615984,-0.06197886647096762,0.5653665796525102,False,0.07321334858311168,True,0.09779230444967513,0.17717704275125112,-0.08908087991990299,0.04375565061117159,False,260.5765768724976,True,True,1.040314806328108,0.884076320751977,0.015497835627537482,False,0.9545304426684682
SCHW,83,0.6897080982517176,Charles Schwab Corporation,Financials,SP500,107.25,-0.0007453818102101106,-0.028356562160731902,-0.016254386100575724,0.21265776551521398,0.1831292461126668,0.6042884990253411,0.9142300194931774,0.6920077972709552,0.08576998050682261,-0.056313255080965186,0.26025470150125485,False,-0.022262336304818997,False,0.011154715637142099,0.10336504659605428,-0.011031660600142046,-0.007740724018170164,False,825.6848158812866,True,True,0.8998935193327247,0.8372062180538217,0.009037558969112736,False,0.5996971061150013
GILD,84,0.6887113140537798,Gilead Sciences,Health Care,SP500,143.72000122070312,-0.007527079319572416,-0.04959661380410829,0.05777586211543628,0.14931709056946674,0.0019014017612457579,0.8888888888888888,0.8362573099415205,0.3586744639376218,0.4990253411306043,-0.06619957646610941,0.3245931241309359,False,-0.01727561630133001,False,0.04076901427505675,0.07421015398968467,-0.03917201003860993,-0.018482410629909296,True,863.8044011758118,True,True,0.9001916313601074,0.860284229192565,0.0029694630330776572,False,0.6627036492224934
TRGP,85,0.6885598699946213,Targa Resources,Energy,SP500,290.25,-0.005686696725991092,-0.011208041320263096,0.08032153010655985,0.08255703452889218,0.2305716097477286,0.9278752436647173,0.6998050682261209,0.7563352826510721,0.23001949317738796,-0.03970223325062039,1.0265978783277845,False,-0.005397075362438608,False,0.0395576949857912,0.21589401705880684,-0.03805242862093572,-0.0047641489973675455,True,328.1090603887939,True,True,1.1355389783057233,0.6974218746004442,3.42905878505384e-05,False,0.7094890265248418
ANET,86,0.6876666552225311,Arista Networks,Information Technology,SP500,199.58999633789062,0.05608757361039385,0.04257205282359333,-0.051828996019521956,0.2761509215274789,0.4891442076825607,0.3762183235867446,0.9473684210526315,0.9376218323586745,-0.025341130604288553,-0.051828996019521956,0.7186773534692066,False,0.03328844737812142,True,0.07713676345535547,0.3011378777673561,-0.07161278499854362,0.030680044326307332,False,1280.6215951000672,True,True,0.7495173511376537,0.5792664270531579,0.017143712049324078,False,0.6608588600398396
DGX,87,0.687582922298135,Quest Diagnostics,Health Care,SP500,235.02000427246094,0.016786384412295963,-0.018295696473231038,-0.011565798673447314,0.15770764390044545,0.1798329633493736,0.631578947368421,0.8538011695906432,0.6803118908382066,-0.01949317738791423,-0.040734676438934914,0.3723409468611705,False,-0.017752077812079103,False,0.025311080845017875,0.16972327674937304,-0.02468624529460628,-0.006201234656166732,False,218.6139388189392,True,True,0.6767404619036305,0.9232677727998525,0.00891233695610194,False,1.0442266877020518
ABBV,88,0.6867171734511316,AbbVie,Health Care,SP500,257.1199951171875,0.008313706341911864,-0.011875010335350877,0.033606692374009706,0.1520671705129717,0.1585323822027056,0.8362573099415205,0.8421052631578947,0.6471734892787524,0.02729044834307992,-0.033274452242348374,0.3119370069029499,False,-0.004360196372579561,False,0.011396602922591814,0.13615254444006863,-0.011268183904968199,0.004691795198786375,False,1322.098072384796,True,True,0.8600111717465242,0.8781806271363853,-0.004235301298253669,False,0.8188098020770977
VEEV,89,0.685759680784915,Veeva Systems,Health Care,SP500,262.3999938964844,0.005440964251590241,-0.0772909860360459,0.0864974529617537,0.6242648649930138,0.45140773074308926,0.9376218323586745,0.9980506822612085,0.9239766081871345,0.015594541910331383,-0.14309975556637855,0.7328138848840542,False,0.003946509910865759,True,0.15696952247298257,0.3215105468201185,-0.13567299693207613,-0.015048477183627562,False,402.3562221557617,True,True,1.3680991945439318,0.6200173394582622,0.0031802687459812073,False,0.4819646882882079
ICE,90,0.6855397626486307,Intercontinental Exchange,Financials,SP500,157.39999389648438,0.010204713194303716,-0.04368432226370389,0.04011096274356918,0.13674333213216383,-0.0007254775931658797,0.8499025341130604,0.8031189083820662,0.35282651072124754,0.5750487329434697,-0.09483192375482163,0.28061174197985617,False,-0.011322092932425809,False,0.045434522912841446,0.017699404253592954,-0.043459941217790954,-0.006586204635318893,False,576.8019044275818,True,True,0.806648133055803,0.9211510902178562,0.01065402533932458,False,0.6357779171926682
RSG,91,0.6828162491464583,Republic Services,Industrials,SP500,222.74000549316406,0.007508610676500327,-0.010572093441919783,0.039578134993639935,0.07373361309150561,-0.007773798220972239,0.8460038986354775,0.6666666666666666,0.32748538011695905,0.1793372319688109,-0.03549818645771696,0.12977434989650716,False,0.00827709258821252,True,0.021135145538817124,0.03945929120533087,-0.020697696706604818,0.0029859368324496316,False,309.31140903100584,True,True,0.6327253667494898,1.1109715727416656,0.0025782163049974383,False,0.9474000872828345
RJF,92,0.6789069324757862,Raymond James Financial,Financials,SP500,173.4600067138672,-0.0004033427414398272,-0.042186632424967785,-0.04260948379509466,0.15728180345742748,0.20853495737496686,0.442495126705653,0.8518518518518519,0.7290448343079922,0.0935672514619883,-0.04260948379509466,0.2401873785763784,False,-0.018513869905734226,False,-0.0037709978406182953,0.08407041228804046,0.0037852720935092066,-0.012857760625402892,False,198.87300698196412,False,True,0.9604433273916197,0.9747865723838974,0.012793184096812071,False,0.9004791730723389
BDX,93,0.6757430104942722,Becton Dickinson,Health Care,SP500,177.85000610351562,0.008105702014580496,-0.04648317402361202,-0.025499380673070227,0.21410803786120924,0.12861004162335954,0.543859649122807,0.9161793372319688,0.6198830409356725,0.04483430799220267,-0.06823528997949735,0.31460064852671654,False,-0.03644019816123045,False,0.0399801250246985,0.12350260067230567,-0.038443162578466694,-0.01860433611366752,False,298.88619557705687,True,True,0.8098145447944348,0.9222644514258649,0.006688629105643162,False,0.9005265246304607
EL,94,0.6754876155380842,Estée Lauder Companies (The),Consumer Staples,SP500,97.12000274658203,0.006737861694350311,-0.037081081113791714,0.11142675488899112,0.10713354488497129,0.16059654001321988,0.9571150097465887,0.7524366471734892,0.6569200779727096,0.341130604288499,-0.17955329827010102,0.45510472074962105,False,-0.01552566876905137,False,0.08261912538568139,0.05745640657507467,-0.07631411957205947,-0.023144267224224024,True,273.0563926968689,True,True,1.6191998076430254,1.0485962994606106,0.01254274975807701,False,0.8615899953543357
REGN,95,0.6703556837298728,Regeneron Pharmaceuticals,Health Care,SP500,781.489990234375,-0.014837530426785928,-0.07348214236611517,-0.019533396804155,0.27952274067951577,0.04950528972655577,0.5867446393762183,0.949317738791423,0.47173489278752434,0.3469785575048733,-0.08279055507082556,0.414011019714537,False,-0.0432808080823176,False,0.040704598403861425,0.06788121179438211,-0.039112538242158656,-0.03240259044461791,False,545.0941917398682,True,True,0.9833910784277401,0.7432467642888292,0.008496571302474276,False,0.5969844219335304
AWK,96,0.6688885455648252,American Water Works,Utilities,SP500,137.69000244140625,-0.015374670715017857,-0.022712733069096047,0.02053071679553664,0.1137473117961052,0.009745810411570188,0.783625730994152,0.7660818713450293,0.37037037037037035,0.27095516569200784,-0.02739229333875992,0.14427355482339288,False,-0.0033549598405810954,False,0.01825640981753751,0.05746036698259949,-0.0179290890207201,-0.010458397504745864,True,296.2432027105408,True,True,0.862420028860473,0.8852641558249219,0.004505183776537303,False,0.6354414815257476
INCY,97,0.6671751677519522,Incyte,Health Care,SP500,121.47000122070312,-0.014682005000941967,-0.051015615463256836,0.005796179490718867,0.12649540163246265,0.31989571696081653,0.732943469785575,0.7875243664717348,0.8518518518518519,-0.052631578947368474,-0.06511192128047472,0.4875091326632621,False,-0.034239301118797694,False,-0.0010575679768840551,0.15519697097098706,0.0010586876109990317,-0.02624401094306339,False,193.8115820855713,False,True,0.7336124441629542,0.8175276808431469,0.00867942655271925,False,0.8924590032516823
WAB,98,0.6651100735094966,Wabtec,Industrials,SP500,283.2200012207031,0.01052560860123819,0.008510539339510625,-0.04069733426914901,0.08173652659712727,0.18096685008525548,0.45419103313840153,0.6978557504873294,0.682261208576998,0.10331384015594536,-0.07285284064259057,0.5326872318576483,False,-0.02306460708815561,False,-0.004073438176130706,0.10882821837275136,0.004090098941302411,-0.002141874747700001,False,261.31106607958986,False,True,0.5549838982169192,0.6804642946377301,0.012345317402097766,False,0.5373369090437734
NDSN,99,0.6602695856841495,Nordson Corporation,Industrials,SP500,314.4700012207031,0.02283294433224725,-0.006537469478986591,0.013347062872234305,0.10740511635834582,0.18520925803027044,0.7563352826510721,0.7543859649122807,0.6978557504873294,0.14814814814814814,-0.0576205225773464,0.4372745748697715,False,-0.01437118711653329,False,0.03097644209585626,0.12667023150897005,-0.03004573221177087,-0.0027631907054865845,False,111.74472890222168,True,True,1.455045051928336,0.8683653555427283,0.010961115574515512,False,0.7184874627974188
BAC,100,0.6590429650992016,Bank of America,Financials,SP500,62.689998626708984,0.0020779611663095388,-0.00047829688357103883,-0.02777580249075473,0.14231052777256847,0.34388349601896206,0.5243664717348928,0.8187134502923976,0.8732943469785575,-0.07797270955165692,-0.02777580249075473,0.35567702401558,False,0.004968279314797819,True,0.015699121462105614,0.14963515827380958,-0.015456468485969155,0.0038230178099778467,False,1895.9029448538818,True,True,0.8483161228140065,0.9696337655413839,0.010709689166205072,False,0.9345064509255057
TGT,101,0.6573934837092732,Target Corporation,Consumer Staples,SP500,155.8300018310547,0.0006421762425947719,-0.04987496463479435,0.011883128773082285,0.18385165586620356,0.369413942364327,0.7543859649122807,0.8908382066276803,0.8888888888888888,-0.009746588693957059,-0.08275941850083046,0.9135011066480858,False,-0.03072710787864763,False,0.05027625665265267,0.27462444927917806,-0.04786955463783271,-0.02425172029664091,True,612.9893169738311,True,True,1.0488731330733156,0.7196723699537991,0.003917039922217702,False,0.6369590943082035
FCX,102,0.6561743018123696,Freeport-McMoRan,Materials,SP500,71.06999969482422,-0.001966007463114372,-0.020534701128763544,0.026726357143833424,0.07389965855308489,0.20586692170106535,0.8070175438596491,0.6686159844054581,0.7251461988304093,0.22222222222222227,-0.11062449708629896,1.0326545770904958,False,-0.03457176461982536,False,0.05500167446767956,0.15729407914748883,-0.05213420584894479,-0.03317591427815958,False,976.3887079651413,True,True,1.0406675454149514,0.9293655624381061,0.0035107429183285355,False,0.7392262452103595
IT,103,0.6555084438646083,Gartner,Information Technology,SP500,179.58999633789062,0.0525729778303079,-0.08119313327973321,0.0007243375635814786,0.2068409332993726,0.1183137208623064,0.7056530214424951,0.9122807017543859,0.6023391812865497,0.17153996101364521,-0.3199666824633761,0.4283782036341355,False,-0.04484329351866967,False,0.07452185835578273,0.01752435683189235,-0.06935350619094438,-0.008354894100470744,False,224.40807014505006,True,True,0.7340762455309991,0.8230707364254172,0.003633867036221261,False,0.6673999048371485
EBAY,104,0.6545570547373,eBay Inc.,Consumer Discretionary,SP500,107.75,0.025897374581701715,0.017853763260451183,0.056373813253740135,-0.013980413527569513,0.20419136459795362,0.8869395711500975,0.4191033138401559,0.723196881091618,0.2826510721247563,-0.08896074302263213,0.3693431364659274,False,0.03350086434080546,True,-0.008252264819306299,0.09287775987369162,0.008320931348335892,0.02415797760573879,False,444.7131473836212,False,True,0.8979123843847656,1.213709503158461,0.007331279457395645,False,0.7672922426854036
PLTR,105,0.6505294820002824,Palantir Technologies,Information Technology,SP500,167.22999572753906,0.008259948825189989,-0.08382185478594972,-0.0222754777136831,0.2757857292607997,0.08944622623803955,0.5653021442495126,0.9454191033138402,0.5458089668615984,0.07017543859649122,-0.19282748508810155,0.5589633724328851,False,-0.04742105799552787,False,0.08642547390050392,0.10368429419820346,-0.07955030140283592,-0.02762339396825797,False,5902.862768165055,True,True,0.6074630000201797,0.5703708039831672,0.013505399040883992,False,0.39142691793388307
PGR,106,0.6490304909915581,Progressive Corporation,Financials,SP500,217.6199951171875,0.006614518061115238,-0.02791798872702156,0.04942855881443986,0.0764196821492733,0.06164977240914604,0.8654970760233918,0.6842105263157895,0.5048732943469786,0.24756335282651076,-0.07190379101653743,0.1434697813552439,False,0.0006897362831890241,True,0.002711108909853266,0.043568450332043485,-0.00270377867140692,-0.0007365741988213381,False,544.3053571376648,True,True,0.8023760748580517,0.6707101576230817,0.010037458459872362,False,0.6425287994426595
MELI,107,0.6486448236267991,MercadoLibre,Consumer Discretionary,NDX,1897.3699951171875,-0.004653136626357801,-0.04705536785401343,0.03778391534097625,0.17849068019701098,0.12938690185546875,0.8440545808966862,0.8810916179337231,0.621832358674464,0.18128654970760227,-0.2443677075971229,0.22663412005617656,False,-0.012785237657606752,False,0.012560021534947508,0.02104637498453843,-0.012404224211723935,-0.014822060568020379,True,776.1809833256835,True,True,1.100729455640824,0.9280184037812811,0.011677443490674122,False,0.7540589354067558
PFE,108,0.6484952869235494,Pfizer,Health Care,SP500,27.719999313354492,0.0025316345674488705,-0.03783409138470928,0.053591785482068,0.07775810200540367,0.06740512362814521,0.8732943469785575,0.6920077972709552,0.5185185185185185,0.2865497076023392,-0.044796730665157214,0.25695194366936835,False,-0.010106083641484354,False,0.06036611756231669,0.08571604590614834,-0.05692950440654665,-0.01005633636664005,True,986.7234169626541,True,True,1.0826658583254578,0.7328344684134652,0.0054249410705145,False,0.6647119225077988
MDT,109,0.647589674338052,Medtronic,Health Care,SP500,90.95999908447266,-0.007203707076225752,-0.022986030340733987,0.0022035802504940527,0.14254559115043652,0.05893859301244775,0.7134502923976608,0.8206627680311891,0.4951267056530214,0.040935672514619936,-0.11523101244945011,0.24448391737767872,False,-0.011304353677933476,False,0.03733303101511787,0.027242175164859272,-0.0359894362744666,-0.010085848771159367,True,661.239738025589,True,True,0.6939184909925089,0.942277324730031,0.015062183060995826,False,0.714123670690743
INSM,110,0.6461280675051403,Insmed,Health Care,NDX,129.41000366210938,0.016734796537089203,0.021550389567074113,-0.02169636485993587,0.33798595976866963,-0.07246273151345595,0.5692007797270955,0.9746588693957114,0.21832358674463936,0.3001949317738791,-0.38787190094872837,0.4084676483519951,False,0.032171120934800346,True,0.10169364288328397,-0.07135314723095898,-0.09230664399327726,0.022805668583860683,False,296.1779784028778,True,False,0.4300855658071979,0.8371964842084029,0.005499721750080511,False,0.6706325950661787
HAS,111,0.6444692400712588,Hasbro,Consumer Discretionary,SP500,91.54000091552734,0.01530609136385741,-0.01569891488680275,-0.02806543617215773,0.10095349411875998,-0.02237197402406932,0.5224171539961013,0.732943469785575,0.30409356725146197,0.39766081871345027,-0.11626138054607471,0.3318273081224794,False,-0.020020271005108947,False,0.024743010843772506,0.03304235771818309,-0.02414557658060934,-0.001956757570553913,False,170.72369894586183,True,True,0.5099822925610371,0.7390137429934783,0.016637088942692557,False,0.5527706636343562
JKHY,112,0.644418122932903,Jack Henry & Associates,Financials,SP500,161.1199951171875,-0.0018585246881481776,-0.03958035054285758,0.061689040325674904,0.28378727922132585,-0.023489805338107073,0.898635477582846,0.9532163742690059,0.30214424951267055,0.48538011695906436,-0.15356641020200346,0.3102078147457008,False,-0.016197028366549127,False,0.030044088047892048,0.016307687214866196,-0.029167769027081736,-0.011338690071018176,False,158.29256437130738,True,True,1.0979026890634525,0.7624458183033389,-0.0016726816721825966,False,0.7606900705224098
PFG,113,0.6435504667299908,Principal Financial Group,Financials,SP500,116.16999816894531,0.010525392259124411,-0.01974520230448784,0.028859503415210597,0.06712860726102221,0.3689179031381222,0.8148148148148148,0.6510721247563352,0.8869395711500975,-0.011695906432748537,-0.01974520230448784,0.5330315993124701,False,0.03413712538285285,True,0.03703071313390227,0.18522235336743487,-0.03570840541645648,0.01674183484710312,False,152.19868732453918,True,True,1.41667186956343,0.9596414406633524,0.006350064046166004,False,0.6940164684354986
MET,114,0.6425704672640505,MetLife,Financials,SP500,97.13999938964844,0.0037197831668971393,-0.0210622180447515,0.00496581532540552,0.1160288995868557,0.431760338692623,0.7270955165692008,0.7699805068226121,0.9181286549707602,-0.08966861598440545,-0.02811403346064001,0.45481247271298386,False,0.010133562739448099,True,0.02349895821600345,0.1919711684754417,-0.02295943540280987,0.006154841145459722,False,321.7486182676239,True,True,0.9332739121754996,0.780563408866716,0.012605923084224147,False,0.773889221843352
DIS,115,0.6414251000408173,Walt Disney Company (The),Communication Services,SP500,106.55000305175781,0.0068985386414559535,-0.0056924280468949595,0.0322612070497319,0.07002628611812844,0.07981930179470376,0.8304093567251462,0.6588693957115009,0.5341130604288499,0.42105263157894735,-0.07346876819048687,0.16172303442506908,False,-0.0035397198411780684,False,0.04610112462229199,0.031041872423958727,-0.04406947238388392,0.0035852574065413645,False,975.2885724345704,True,True,1.0237429224276584,0.7338693343577098,0.008693991415597235,False,0.7453310483308435
NVDA,116,0.6413299229809685,Nvidia,Information Technology,SP500,218.2899932861328,-0.00032060507429509943,-0.043404447954241254,-0.024792449282857842,0.06669722286781954,0.19465403111777535,0.5477582846003899,0.6491228070175439,0.7095516569200779,0.29824561403508776,-0.07190572811190499,0.3246288968550157,False,-0.00750579891126868,False,0.027942868317126335,0.10747966702930989,-0.027183289245317988,-0.014382215778000806,True,26850.478944666713,True,True,1.1039945368158344,0.846989963264344,0.013189251120912404,False,0.6955412289032035
DASH,117,0.6405231114315469,DoorDash,Consumer Discretionary,SP500,201.9499969482422,0.004576422297825067,-0.09031532906197215,-0.0496023731584917,0.30635876662313777,0.24853166583148179,0.38596491228070173,0.9668615984405458,0.7797270955165692,0.015594541910331383,-0.2832043588123816,0.377557902730532,False,-0.08169380257879566,False,-0.014002212393622981,0.07117064099660841,0.014201058632813846,-0.038352246464670725,False,830.4170974607239,False,True,0.7507452562773766,0.9282150894044292,0.005073890855368024,False,0.5332763564316844
GRMN,118,0.6404145828803363,Garmin,Consumer Discretionary,SP500,282.6700134277344,0.04248566467425485,0.02375580789508991,-0.08457120470421597,0.1946580616320257,0.21373568116092634,0.2046783625730994,0.8966861598440545,0.7407407407407407,-0.025341130604288553,-0.0938669500803313,0.5357601274233115,False,-0.010563715189264467,False,0.029044302441459724,0.18708241285853333,-0.02822454035511457,0.01722193508219294,False,248.85457287286377,True,True,0.5801316923892755,0.7333133326666444,0.012649684120866533,False,0.8430082329460403
BRK-B,119,0.6401246647821989,Berkshire Hathaway,Financials,SP500,510.3699951171875,0.006646933169994984,0.004408301444217111,0.0007254806219363363,0.05059796648739168,0.0375693344414767,0.7076023391812866,0.5789473684210527,0.4405458089668616,0.1306042884990254,-0.03598275170546705,0.09662656168986872,False,0.01309618140074087,True,0.012943168087243384,0.036268369285052504,-0.012777783092889683,0.007221306202279676,False,2081.3181508771972,True,True,0.6517172916200471,0.8930638933677622,0.0036489272258690697,False,0.867088350579058
A,120,0.6397643652510272,Agilent Technologies,Health Care,SP500,146.92999267578125,0.02662100117788646,-0.020336065733050135,-0.008837107183210513,0.13633809265874341,0.32176399112931087,0.6471734892787524,0.8011695906432749,0.8557504873294347,-0.12670565302144243,-0.07591199574980345,0.3384298877891605,False,-0.02962382626234672,False,0.025609114071840633,0.11964417975764596,-0.02496966312064841,-0.007860742444686264,False,306.4591274109497,True,True,0.7154169283419829,0.8045882151032967,0.009502519960526756,False,0.8264497428078347
LH,121,0.639269406392694,Labcorp,Health Care,SP500,311.5400085449219,0.014920566905586519,-0.06021113561109537,-0.034846266222285927,0.17694403045687968,0.19077170686551614,0.4873294346978557,0.8791423001949318,0.7056530214424951,0.0019493177387914784,-0.079955359299419,0.2759130110582828,False,-0.049505264849025954,False,0.008223794561657005,0.13115095345781524,-0.008156715409828763,-0.030154499702152338,False,213.87156074365234,True,True,1.005683208913405,1.177925998979177,0.011662813361680957,False,1.1707140792136455
PRU,122,0.6391492429704398,Prudential Financial,Financials,SP500,119.23999786376953,0.006414538194655206,-0.03214285050783161,-0.017300241552986373,0.13244350906359115,0.32402518600410457,0.5984405458089669,0.7933723196881092,0.8654970760233918,-0.03898635477582846,-0.036069947078604,0.32891826617300035,False,-0.008842306010395595,False,0.003331674687730768,0.12634059025893407,-0.003320611490480019,-0.0019033929515371861,False,207.55326735943603,True,True,1.0127883228353314,0.8785105379122062,0.012829140783253035,False,0.6672335414021283
BMY,123,0.638227036388536,Bristol Myers Squibb,Health Care,SP500,63.63999938964844,-0.0017254997702206287,-0.06535463632806604,-0.0009419367750764795,0.13107884289206617,0.10300225303358213,0.6920077972709552,0.7914230019493177,0.5653021442495126,0.11306042884990253,-0.06535463632806604,0.5443755940273216,False,-0.03844556849003644,False,0.003358179752600554,0.10312806081245918,-0.003346940126036091,-0.025013457131505712,False,645.8110134099503,True,True,0.8430718929811184,0.6763170053866234,0.0062745337392768885,False,0.6864448357929058
JNJ,124,0.6374793528722873,Johnson & Johnson,Health Care,SP500,265.5799865722656,-0.0028910062459346353,-0.04615165909399299,0.023115224957144465,0.1198330517405779,0.10900970146538591,0.7894736842105263,0.7738791423001949,0.5847953216374269,0.04483430799220278,-0.04615165909399299,0.5592847682997286,False,-0.012652107866253148,False,0.014578295791203288,0.13068568658200386,-0.014368822841646423,-0.012452726404920345,True,1853.7071829616393,True,True,0.9276793241448599,0.7930438808545919,0.0063074625015338,False,0.6586082928159133
CNC,125,0.6373986717173451,Centene Corporation,Health Care,SP500,66.41999816894531,0.015596278582085121,-0.023522472112385673,-0.009691390022908641,0.04532573515771188,0.9213190267655582,0.6432748538011696,0.5614035087719298,0.9746588693957114,-0.08771929824561409,-0.03346919398867665,1.0906514703154238,False,0.014363248874545098,True,0.014262567479310206,0.30448100262094946,-0.014062007153390454,0.011272982386307806,False,288.36941645889283,True,True,0.7491086289424758,0.9047146202356293,0.004587085861833984,False,0.8124591085370186
WST,126,0.6373727316769855,West Pharmaceutical Services,Health Care,SP500,346.2300109863281,0.005751665900735281,0.01021212000060201,-0.017201729857805548,0.048786620587075724,0.5003560700185077,0.6003898635477583,0.571150097465887,0.9415204678362573,-0.07407407407407407,-0.05272551097981959,0.5012655591392186,False,0.002432062504919452,True,-0.007222134944788627,0.17363682216784948,0.007274673619346972,0.010698248527936327,False,218.20192628277587,False,True,0.6538169189905814,0.8333758546790488,-0.0011038631309004954,False,0.855421458479377
ZS,127,0.6355842040413057,Zscaler,Information Technology,NDX,164.5399932861328,0.006483958810228785,-0.07457823137249886,-0.07207316439322309,0.30473390286088686,0.08528456318005206,0.27485380116959063,0.9629629629629629,0.5419103313840156,0.1286549707602339,-0.5106908179086923,0.3938160866797431,False,-0.06630731168401882,False,0.009867866964328176,-0.0323136424489352,-0.009771443658259105,-0.028424393391050295,False,429.3500823338318,True,False,0.6968651753022679,1.5327825936967177,0.0033032087046409586,False,0.7754593255964507
UHS,128,0.6353581823661132,Universal Health Services,Health Care,SP500,174.8300018310547,0.012216307291796458,0.033213136896158124,0.01499298572731056,0.19846303889817607,-0.07986241694683993,0.7621832358674464,0.9025341130604289,0.2046783625730994,0.5419103313840157,-0.2808935486800539,0.23989178922207843,False,0.013097370056503355,True,0.058346369248581054,-0.05227544581314214,-0.055129748581276505,0.01268227811510525,False,133.27762568774415,True,False,0.7006933995334608,0.8152430740150038,0.008047703681244744,False,0.6330256430272042
QCOM,129,0.6351754576700503,Qualcomm,Information Technology,SP500,181.97000122070312,0.028776550188716277,0.07949215942496535,0.12197440481124144,-0.09853976665383901,0.40019934101696797,0.9727095516569201,0.16569200779727095,0.9064327485380117,0.1442495126705653,-0.26844022803177214,0.4801010043279501,False,0.09467426657915268,True,0.0844298758548212,0.09317981235168271,-0.07785646424418902,0.050766382570371915,False,1991.07088577417,True,True,0.3832062745268877,1.2924524370572463,0.00774533626960916,False,0.955066876848764
MDLZ,130,0.6338830333062488,Mondelez International,Consumer Staples,SP500,62.439998626708984,-0.00048027202509803857,0.016110624108675253,0.00418138179892491,-0.00625976770128156,0.16851001876524063,0.723196881091618,0.4444444444444444,0.6627680311890838,0.09161793372319688,-0.03923679521279244,0.23293581955204368,False,-0.004551598468719442,False,0.011305087861229302,0.06564436276012575,-0.011178711545037356,0.0033007804180269495,False,509.58299291285704,True,True,0.7033987772722338,0.9535390920265981,0.006403036711468468,False,0.6641634029751886
PAYX,131,0.6321086201042941,Paychex,Industrials,SP500,115.80000305175781,0.005382902803779288,-0.0741925059437667,-0.037966267263826126,0.17866149752171157,0.2927966041783747,0.4697855750487329,0.8830409356725146,0.8401559454191033,-0.042884990253411304,-0.10517088380580364,0.3849558192343412,False,-0.05322925886221408,False,-0.012155398656319871,0.13191517307788603,0.012304970477933441,-0.02848744598167352,False,315.5999399841766,False,True,0.8274620148225732,0.8635434541885909,-0.0013023226730463078,False,0.6383542906160253
WRB,132,0.6311690565836204,W. R. Berkley Corporation,Financials,SP500,69.9000015258789,-0.0021413493125486127,0.005755417638545479,0.0024379486700312203,0.04427450828866175,0.02664189948741491,0.7173489278752436,0.557504873294347,0.42300194931773877,0.0935672514619883,-0.08555028127868591,0.11001407942365105,False,0.010758305672282642,True,-0.015531760185565346,0.01947425405584169,0.015776801685845054,0.0065732823291044795,False,138.31699702742006,False,True,0.6146984586961796,1.5964857857779713,0.013133449377090711,False,1.375729937961742
CEG,133,0.629990692103165,Constellation Energy,Utilities,SP500,284.75,-0.004266186017747975,-0.0010524041600262768,0.02335198189908283,0.15596339595269204,-0.05279117189313798,0.7953216374269005,0.847953216374269,0.253411306042885,0.6764132553606238,-0.2911454950679747,0.20586773588532825,False,0.011549893423513868,True,0.057488179856749255,-0.032855246826814954,-0.0543629526568673,-0.00938574427358474,True,726.1168307910461,True,False,0.8071124858759284,0.9638109032863572,0.01612052079548243,False,0.6042365079030411
VLTO,134,0.6298249428746905,Veralto,Industrials,SP500,94.0999984741211,0.0069556077806927075,-0.038618705408319576,-0.026585287509085953,0.14035231270859438,0.051485726708127455,0.5341130604288499,0.8128654970760234,0.4756335282651072,0.19298245614035092,-0.13233422959271146,0.14603808185437428,False,-0.03358821168136661,False,-0.015371105330149293,0.009895087806549574,0.0156110646491876,-0.016450662100886526,False,153.10771359503173,False,True,0.746734329652886,0.83056059311661,0.014339261755431876,False,0.6094991223066051
WBD,135,0.6297497930518839,Warner Bros. Discovery,Communication Services,SP500,28.040000915527344,-0.0056737533008290875,-0.01163200260641839,0.014104929561579604,0.04393150701273707,0.02223844708585232,0.7602339181286549,0.5555555555555556,0.40545808966861596,0.2007797270955166,-0.06470976171883802,0.639766098830773,False,-0.012397829888438405,False,0.030988512970260285,0.02369394662833968,-0.030057088493627204,-0.005970268339204221,False,558.5235407689705,True,True,0.6138487072035044,0.7822489519236632,0.0014184045069700613,False,0.6269616123826369
HIG,136,0.6278103935638182,Hartford (The),Financials,SP500,136.36000061035156,-0.003216392043790983,-0.02599999564034594,-0.003505826150050906,0.06665239926066513,0.02379001538579617,0.6783625730994152,0.6471734892787524,0.41130604288499023,0.2300194931773879,-0.05986984286188746,0.13439157965983184,False,-0.006879180188506084,False,-0.01775591512754371,0.0093056446023847,0.018076886795250324,-0.005216088925907414,False,207.86143110006714,False,True,0.785360635539335,0.8679193797785993,0.010160814025146792,False,0.7783963406965121
MOS,137,0.6262055443021556,Mosaic Company (The),Materials,SP500,25.190000534057617,-0.008267680615217543,-0.00340410895744514,0.12403667847657918,0.2045153862191733,-0.18171274933187553,0.9746588693957114,0.9083820662768031,0.08382066276803118,0.5399610136452242,-0.27316480485574757,0.2816967701895301,False,0.050722666574972264,True,0.10171168987267265,0.04500346816917156,-0.09232151279472,0.00032474996559561653,True,178.58004075603867,True,True,0.8632100839391256,1.05158006271126,0.001181129413231119,False,0.8282659504935135
ACGL,138,0.6237402867900346,Arch Capital Group,Financials,SP500,96.08999633789062,-0.001143457524335978,-0.03746374260809282,-0.012334305338105866,0.05442773218438379,0.019847114126088528,0.6237816764132553,0.5984405458089669,0.39571150097465885,0.2007797270955166,-0.09757707260972215,0.13420673929840543,False,-0.02427882588202912,False,-0.03835956938094598,-0.0009742131232191031,0.03988972193718188,-0.011592806667645728,False,211.29944226544188,False,False,0.7100660260867524,1.5910509689282852,0.006652800519242996,False,1.195637817616535
KDP,139,0.6224421403585066,Keurig Dr Pepper,Consumer Staples,SP500,31.389999389648438,-0.002225038043906613,-0.045316351279309997,0.0619079822993398,0.012282725409499484,0.1842857725738689,0.9005847953216374,0.49317738791423,0.695906432748538,0.12280701754385964,-0.06298509284631526,0.27102248829524633,False,-0.014721134542381331,False,0.006735065787188743,0.08442971224431184,-0.006690008142233972,-0.01765487799510046,True,361.81118051941297,True,True,0.8438405268614532,0.7775725105590557,0.007628788475879222,False,0.9358336476993505
WFC,140,0.6201296620546801,Wells Fargo,Financials,SP500,90.29000091552734,0.009390765745595386,0.012333203767358913,0.015292933832053546,0.10204336100898814,0.21365503189583634,0.7641325536062378,0.7387914230019493,0.7387914230019493,-0.031189083820662766,-0.04786396975174689,0.23683433294608536,False,0.03610711955842594,True,0.03985449290824672,0.07100106580139687,-0.03832699015107621,0.0167961129773726,False,1212.2684672945861,True,True,0.9113605042740133,0.8353177375101344,0.014421475232400116,False,0.9229433209225235
NDAQ,141,0.6164501817710181,"Nasdaq, Inc.",Financials,SP500,91.19000244140625,-0.005561636976786466,-0.07305968439630894,-0.043505399762998165,0.05864025008890317,0.09585123543527896,0.4327485380116959,0.6120857699805068,0.5516569200779727,0.0935672514619883,-0.0877674371959627,0.190608774129154,False,-0.055944194718835716,False,-0.025421386187146622,0.014604529844379321,0.026084490083042366,-0.035276917812300135,False,308.67084311631777,False,True,0.5962935854984819,0.8450258752085982,0.007960694559409953,False,1.00757176545768
BLK,142,0.6156757952720462,BlackRock,Financials,SP500,1079.6500244140625,0.016236821916032707,-0.0363712531269339,-0.06522424278294836,0.06749154074593511,0.18247457517215881,0.2982456140350877,0.6530214424951267,0.6881091617933723,0.14619883040935677,-0.08304349142314005,0.18247457517215881,False,-0.046228832783476115,False,-0.014867455693875153,0.029041097384768566,0.015091832850113507,-0.017552747710625427,False,717.6503217869873,False,True,0.7040627246863762,0.7003944299316666,0.01921125161018722,False,0.7188574990111589
APD,143,0.6150133705649207,Air Products,Materials,SP500,291.42999267578125,-0.007560024746622984,-0.04204197124975706,-0.0415694226460156,0.05436630171467405,0.015832259216106648,0.4502923976608187,0.5964912280701754,0.38791423001949316,0.2709551656920078,-0.07244027368397743,0.2880603934139574,False,-0.038148330145166165,False,-0.031028521698960643,0.036749564498850695,0.032022120768059104,-0.023862823461839322,False,312.41215982250975,False,True,0.6541412392533177,0.8548245268024991,0.0014983907732051271,False,0.8570577946485058
VRTX,144,0.6147148693651938,Vertex Pharmaceuticals,Health Care,SP500,515.4400024414062,0.0017102085023861235,-0.0762062116581782,-0.019572743441736096,0.15818801129062598,0.07803316499189017,0.580896686159844,0.8557504873294347,0.5263157894736842,0.11890838206627685,-0.0762062116581782,0.3685943633476605,False,-0.041919728087085106,False,0.009380206484688625,0.10132116824154824,-0.009293035889178514,-0.02858454487512163,False,650.0914088109131,True,True,1.008090659816331,0.7150060271762327,0.014653253387590048,False,0.6783761124825853
MCO,145,0.6137705374547481,Moody's Corporation,Financials,SP500,474.95001220703125,0.01624021545139187,-0.05819943743085432,-0.003947559917725885,0.07725699707926093,0.11869397019228778,0.6744639376218323,0.6900584795321637,0.6042884990253411,0.20857699805068225,-0.11395159583268388,0.15983937550718696,False,-0.040054139815488776,False,-0.03090555536365791,0.008025475836062057,0.031891169673617714,-0.01968991780796947,False,376.675573777832,False,True,0.9591600394925308,0.8166180538028616,0.010612851181354799,False,0.9981905054452621
KHC,146,0.6098080055542204,Kraft Heinz,Consumer Staples,SP500,24.600000381469727,0.008610126981406063,-0.016786573485597978,0.018886492239310826,0.03192758456255351,0.13955513341579784,0.7777777777777778,0.5341130604288499,0.6257309941520468,0.025341130604288442,-0.09510193314095239,0.1997297756114349,False,-0.014192171488187855,False,-0.020210831122825845,0.05841429204753368,0.020627734787053376,-0.008716836772893033,False,429.42129632463076,False,True,0.7854198906583107,2.42383275180003,0.006765105356967505,False,8.235642833143158
FOXA,147,0.6083977065952552,Fox Corporation (Class A),Communication Services,SP500,65.94000244140625,0.011660051130286897,-0.02614084576870579,0.05045723983223094,-0.030288097813031767,0.14706140175958016,0.8693957115009746,0.36062378167641324,0.631578947368421,0.18323586744639375,-0.1255259382607039,0.35747746853479434,False,-0.020736349299384393,False,0.0713624168063689,0.0457540966095622,-0.06660903508179206,0.0004106553712268646,False,317.16332331929016,True,True,0.6840768662602066,0.927720387758934,0.0038355323539351893,False,0.5662133473399228
GM,148,0.6066770808299288,General Motors,Consumer Discretionary,SP500,85.62000274658203,-0.005805852113954346,-0.016314317026759118,-0.011098805833946734,0.06118823473677004,0.17063366640275635,0.6354775828460039,0.621832358674464,0.6647173489278753,-0.042884990253411304,-0.04986641691874005,0.5602290379916361,False,-0.002033196455377695,False,0.021401599466948085,0.07222304760967524,-0.02095316815454107,-0.001808229729169386,True,525.0220389586182,True,True,0.7524106620822161,1.0515467600997752,0.013121193885038629,False,1.1743456813968232
BAX,149,0.6058170540506518,Baxter International,Health Care,SP500,23.799999237060547,-0.01571551130352522,-0.06922176296005,-0.11654246889698494,0.16199032305947614,0.32268483719800223,0.10916179337231968,0.8615984405458089,0.8635477582846004,-0.11890838206627685,-0.16016999248813735,0.5076933653985629,False,-0.07576139149616246,False,-0.044619255921978684,0.163447708022328,0.04670311412340422,-0.04445558650620074,False,156.92270863043214,False,True,0.565980914520288,0.8299505037204966,0.019437523053045025,False,0.8729292633576307
CTAS,150,0.6057647924987507,Cintas,Industrials,SP500,201.5,0.015420265677013711,0.002238233978670179,-0.007304621063056849,0.11075116464606838,0.04818764517698093,0.6549707602339181,0.7582846003898636,0.4697855750487329,-0.09746588693957114,-0.06699563500623118,0.23859829602391835,False,-0.0014668198821624623,False,0.011177490029385506,0.08149436068426952,-0.011053934783556874,0.003780238971941907,False,426.5878172102356,True,True,0.50678636214732,0.8360210379494544,0.010431324531156028,False,0.7340047984904632
ROP,151,0.6014675196362291,Roper Technologies,Information Technology,SP500,388.5199890136719,-0.0001544020810824165,-0.08009948289559676,-0.01697751128744207,0.1706723339942089,0.12603752083621167,0.6023391812865497,0.8732943469785575,0.6159844054580896,0.02729044834307992,-0.24752468517674187,0.23755994951783266,False,-0.04719633443897575,False,0.0014512781358531068,0.03942821825688814,-0.0014491749798897224,-0.03004587520770341,False,294.6862170617676,True,True,0.7788701877295282,0.7681709840488227,0.0001801619399812715,False,0.7403803741470123
MO,152,0.6009668387101696,Altria,Consumer Staples,SP500,68.9800033569336,0.0027620648186874597,-0.007339106670225415,0.07145085895870262,-0.019582866466585802,0.05116235539224667,0.9181286549707602,0.4015594541910331,0.47368421052631576,0.2553606237816764,-0.07928450289890521,0.30089030804852723,False,0.01762932082631119,True,-0.007173401448719252,0.05479773617734085,0.00722523093074523,0.005376603060590623,False,586.0570816344299,False,True,0.7821496668792338,0.8893578087171635,0.005960110877426983,False,0.7489028620201855
ETN,153,0.6007787734175621,Eaton Corporation,Industrials,SP500,425.3699951171875,0.0396431662291723,0.07113718862648466,-0.07520218493018394,0.08326529178438902,0.22646560121216486,0.26120857699805067,0.7037037037037037,0.7543859649122807,0.011695906432748537,-0.07520218493018394,0.35814156159361366,False,0.022916219368634527,True,0.024317960987278342,0.1166786064788452,-0.023740637100456263,0.02985752782751705,False,852.9247058787231,True,True,0.7662784717538137,0.8573889313605001,0.015275571534240973,False,0.7833433731177806
BR,154,0.5987848235505049,Broadridge Financial Solutions,Industrials,SP500,167.74000549316406,-0.002971944743667465,-0.06243361433294159,-0.002935230025365998,0.17297248675938892,-0.03686247497316397,0.6803118908382066,0.8771929824561403,0.28654970760233917,0.20467836257309935,-0.31923351689386936,0.2461101173675393,False,-0.04530353642972129,False,0.03166613894354442,-0.03369034194430298,-0.03069417299667454,-0.025147911702787074,False,186.7360008314209,True,False,0.7631693235112141,0.9494703027217751,0.00719205548960411,False,0.5125313304884356
CME,155,0.5984516084732378,CME Group,Financials,SP500,275.5400085449219,0.005363597553249111,-0.018494991483342105,0.05593120614147673,0.05589094948609952,-0.1057912106642348,0.8830409356725146,0.6042884990253411,0.15009746588693956,0.4834307992202729,-0.12724051391042457,0.26650879892988644,False,-0.0016264699069120647,False,0.053629223898027156,0.0052898563242880225,-0.05089952203453463,-0.004790453411241402,True,584.6726693552552,True,True,0.6173632175291884,0.6752332211276888,0.004670335115446234,False,0.4484197748596394
VMRK,156,0.5970949062153099,Vivmark Residential,Real Estate,SP500,65.54000091552734,0.00799760534156202,0.008928599741826693,0.01738594812816907,-0.006439638881502785,0.11204238066102401,0.7719298245614035,0.442495126705653,0.5925925925925926,0.1793372319688109,-0.06571632943800998,0.15596397433627973,False,-0.0001067844027100584,False,-0.021496019954081458,0.03831004520080539,0.02196824989211854,0.001897492387502142,False,290.14534906259917,False,True,1.1171092703419883,1.6072174933395769,0.006459640418708501,False,1.5656743877708734
APH,157,0.5949827002819073,Amphenol,Information Technology,SP500,83.91999816894531,0.04573206441053346,0.022541714158648363,-0.012473583738706662,0.10253967095698635,0.28109406062308606,0.621832358674464,0.7407407407407407,0.8284600389863548,-0.2007797270955166,-0.048094434176916834,0.42513475509573984,False,0.04101345597540629,True,0.04546500414992005,0.14908428241696048,-0.04348782978813159,0.028881457930926446,False,1004.2978690262146,True,True,0.8545838256351531,0.8771524120395526,0.027040475625486726,False,0.8730226415327199
AIG,158,0.5948568147919266,American International Group,Financials,SP500,75.33000183105469,0.00399844137863159,-0.01990630714477004,-0.010638265892918719,0.006779019148335452,-0.0026426753790171897,0.6374269005847953,0.48927875243664715,0.34502923976608185,0.1793372319688109,-0.11909119572438243,0.06103622189093083,False,-0.010079208569794162,False,-0.03236743035890377,-0.019082593379576962,0.03345012494867672,-0.004015485392981355,False,266.51561353533936,False,False,0.6087733996973164,1.449746874224939,0.00932966265527746,False,1.964437139934784
DLR,159,0.5937711478086388,Digital Realty,Real Estate,SP500,188.5800018310547,0.01731675459039561,0.004206872427532149,-0.04303255776209791,0.03827025568418807,0.05947835595920292,0.43859649122807015,0.5497076023391813,0.49707602339181284,0.20077972709551656,-0.06901411283533776,0.2920293670908307,False,-0.008459995627646877,False,0.008376949822753721,0.05845415634650597,-0.008307359489153399,0.003394678161369624,False,472.14530327972415,True,True,0.6510690811878508,0.6342303348156105,0.007013017672768296,False,0.49465069863227124
MSI,160,0.5926389413411765,Motorola Solutions,Information Technology,SP500,466.1600036621094,0.004915061557509537,-0.012853921146478098,-0.007621208853177297,0.13941059522671995,0.013320657480587306,0.6530214424951267,0.8089668615984406,0.38011695906432746,0.0,-0.05105444807190829,0.28969850020537913,False,-0.01896266290619497,False,0.03894113453273418,0.10166723696178814,-0.037481560059943186,-0.007113511408398332,False,418.59209240356444,True,True,0.8076857503721283,0.8946621378586952,0.008622919629852399,False,0.7398315994199584
NOW,161,0.5925546362100076,ServiceNow,Information Technology,SP500,132.52999877929688,0.01036822923943248,-0.08970394867160814,0.060749129098585986,0.2857003921721881,0.17314328890180763,0.8947368421052632,0.9551656920077972,0.6705653021442495,-0.005847953216374324,-0.31056545947625747,0.5967469732445407,False,-0.001314956590547478,False,0.10873703604689577,0.12332635775274392,-0.09807288158659166,-0.017697053928744766,False,2373.889598533966,True,True,0.9357696247436573,0.616376449942669,-0.005107861388260138,False,0.5210319659718017
UNP,162,0.5916062988521532,Union Pacific Corporation,Industrials,SP500,284.3999938964844,-0.004828906461988858,-0.016427460142712347,-0.027270644440234526,0.06500600944574941,0.1765843129607898,0.530214424951267,0.6335282651072125,0.6764132553606238,0.025341130604288553,-0.0801629195627841,0.3512351715973243,False,-0.04225812119743899,False,-0.03104906444074751,0.09746205199009084,0.03204400068288993,-0.01800985017118728,False,782.481891194397,False,True,0.7366537294319336,0.6827998254247747,0.006963364276279638,False,0.5973164013175337
CRWD,163,0.5905889152104005,CrowdStrike,Information Technology,SP500,206.74000549316406,-0.01015031653256837,-0.03828439168630593,-0.0678149218546068,0.1958410870652747,0.8728994110813904,0.2826510721247563,0.898635477582846,0.9707602339181286,-0.09161793372319682,-0.10502162124171399,1.3610564510282832,False,-0.0037274428876324928,False,0.020522029119879548,0.43446024990553234,-0.020109344565132248,-0.013176970865057536,True,1849.1759184313964,True,True,1.6940871390855718,0.8029221576347197,-0.003949999740645915,False,0.7263247029168955
TYL,164,0.5890145836432786,Tyler Technologies,Information Technology,SP500,336.6700134277344,0.003547163474531878,-0.11232097666552221,0.05991058399981242,0.1394003008999214,-0.025613498111066835,0.8927875243664717,0.8070175438596491,0.2982456140350877,0.4191033138401559,-0.38224551008184904,0.22305382665966156,False,-0.046649496280305014,False,0.023540831513582994,-0.051724051677806915,-0.02299940636346809,-0.0400663070719125,False,287.3039826447754,True,False,0.8844893544400638,0.7928859520153596,0.0015798222306557808,False,0.6026465553139314
USB,165,0.5886580988239243,U.S. Bancorp,Financials,SP500,62.84000015258789,0.006889926393640389,-0.010860989138470445,-0.03352809294109649,0.09973620690714124,0.24382699153656096,0.49122807017543857,0.7309941520467836,0.7738791423001949,-0.07602339181286544,-0.03943745167486323,0.42780983937286754,False,0.0002069191080595889,True,-0.005069647750122419,0.11431515001317094,0.005095480039038147,0.0036389990315477405,False,440.30747223574826,False,True,0.8504380058395284,0.7695698699907101,0.011376367348318484,False,0.819522286918528
HCA,166,0.5868697619238356,HCA Healthcare,Health Care,SP500,426.94000244140625,0.013603691988724353,0.04335285851702175,0.02978848069804929,0.1302096393920671,-0.19555385861843122,0.8206627680311891,0.7894736842105263,0.07017543859649122,0.5808966861598441,-0.21407373925416284,0.1839799635292767,False,0.028460076551630742,True,0.05422594989145546,-0.05068582077632933,-0.05143674360988626,0.02489967945141247,False,600.4481446397705,True,False,0.8771665379375355,1.0204894188051146,0.006125251399975218,False,0.8873669251826043
BG,167,0.5865762198494715,Bunge Global,Consumer Staples,SP500,122.41000366210938,-0.017497333171670237,0.019064276250131185,0.10229823462164189,-0.016747833594356942,-0.015159142298165618,0.9512670565302144,0.4093567251461988,0.31773879142300193,0.31968810916179335,-0.06261453297305197,0.6275593483361326,False,0.04592304214786824,True,0.06964393260428636,0.07799952077283678,-0.06510945416641833,0.010866972237675965,True,164.77555350975035,True,True,0.973297958612871,1.2657020216006647,-0.002006581646587402,False,0.8268194529704659
C,168,0.5858277733908591,Citigroup,Financials,SP500,138.82000732421875,0.0023105221965251665,0.00492259980870724,0.009012977734124128,0.010543849546984507,0.328775410468656,0.7426900584795322,0.49122807017543857,0.8693957115009746,-0.0935672514619883,-0.042178857204161146,0.5091739421094277,False,0.028284937248983066,True,0.030193996171867354,0.12852653369965017,-0.02930903915579619,0.014652977516564913,False,1369.1922693684999,True,True,0.7285404581015338,0.6551642049960933,0.01162455314333255,False,0.7173178331270347
EXE,169,0.584822215355741,Expand Energy,Energy,SP500,94.83000183105469,-0.021059160294070733,-0.04260475608968928,-0.009142677846081804,0.09554139341426637,-0.10992578321618385,0.645224171539961,0.723196881091618,0.1442495126705653,0.40740740740740744,-0.2147385981581017,0.09717938955993599,False,-0.02098081991479317,False,0.018402672877866788,-0.04770121244166747,-0.018070134110963476,-0.022800815214654713,True,292.58150881459045,True,False,0.6160067899020887,0.7514333521210586,-0.004335767383413902,False,1.1014316377404652
GOOGL,170,0.5846700083542189,Alphabet Inc. (Class A),Communication Services,SP500,338.5,0.01773900718043908,-0.010985828488112914,-0.014037473084176466,-0.0532532095764755,0.11652084176573063,0.6120857699805068,0.29239766081871343,0.5984405458089669,0.20857699805068225,-0.15821396043791514,0.4345874045785483,False,-0.0070120220242897435,False,-0.02443312184350943,0.0062995047859020215,0.02504505061680673,0.0032995363700090152,False,9299.469286196107,False,True,0.5036615625316796,0.9500677833127857,0.007306051206219744,False,0.9180739832770094
ADBE,171,0.5843659758223565,Adobe Inc.,Information Technology,SP500,252.22999572753906,0.013663922643833093,-0.11730535178464019,-0.025198084144776534,0.15278789858093966,-0.06505301775953831,0.5458089668615984,0.8440545808966862,0.23391812865497075,0.317738791423002,-0.31358514779050684,0.304120732907845,False,-0.07091105471702475,False,-0.001497191389666308,-0.05391802485191555,0.001499436332833115,-0.04297426904591961,False,1309.962309362091,False,False,0.8834580211116297,1.4355855215323072,-0.026765275943819833,False,2.1035801605410067
CI,172,0.584109817923805,Cigna,Health Care,SP500,280.760009765625,-0.0005339571198211823,-0.013767566970145806,0.017695397046320283,-0.04246745150120157,0.06798224306193301,0.7738791423001949,0.3255360623781676,0.52046783625731,0.18128654970760233,-0.07677412479159551,0.17476047509645865,False,0.009079184905403936,True,-0.004537281766463619,0.01513590474226234,0.004557962526728465,0.004201779823524321,False,466.0078676535034,False,True,0.6770354113495548,0.8728318539232315,0.007475725592320348,False,0.8009983682813957
PSKY,173,0.5840316163315442,Paramount Skydance Corporation,Communication Services,SP500,10.600000381469727,0.0211946305012789,-0.03985503459272188,0.11578951383891867,0.015335022740865067,0.09244244578260075,0.9629629629629629,0.5048732943469786,0.5477582846003899,0.40740740740740744,-0.4552987893956093,0.35723437376841227,False,0.0006608378647718904,True,0.10253586653653479,-0.0220277454152904,-0.09300002807041285,-0.00029528575385162625,False,103.49668734279727,True,False,0.9286687877740248,1.0475055083859297,0.006743708482896293,False,0.7500158202163105
DXCM,174,0.5829919166256585,Dexcom,Health Care,SP500,83.02999877929688,-0.017512759667758893,-0.07446215999719008,-0.08557273140213306,0.10338868809696833,0.2722953732972837,0.1968810916179337,0.7426900584795322,0.8187134502923976,-0.23391812865497075,-0.10082302282671307,0.5140408196256854,False,-0.06407634497765047,False,0.007464662519517162,0.1631213445840014,-0.0074093541909938665,-0.03659697480438806,False,379.7046271355896,True,True,0.49352973436930136,0.9054293189738468,0.001656601421246684,False,0.5477721195731876
FOX,175,0.5826590830195733,Fox Corporation (Class B),Communication Services,SP500,58.45000076293945,0.006717178443399918,-0.03340500110775724,0.049465213262987806,-0.04272218388275395,0.11925625127330841,0.8674463937621832,0.3216374269005848,0.6062378167641326,0.16374269005847952,-0.12847929893918064,0.32323871563348905,False,-0.026329684702913303,False,0.06347674017932303,0.03325717822846097,-0.05968794406224587,-0.005289992034377078,False,62.97477821907044,True,True,0.7015229834174097,0.9460178765234102,0.0012056440435501692,False,0.7510507646741242
HSIC,176,0.5826304726809414,Henry Schein,Health Care,SP500,88.36000061035156,0.0121420105560055,-0.027514857838501716,-0.026228755889890154,0.10147094572154747,0.1786047641940116,0.5399610136452242,0.7348927875243665,0.6783625730994152,-0.18518518518518512,-0.027514857838501716,0.42447206753520983,False,-0.010515226130994537,False,0.007084702861725134,0.11263826102499164,-0.0070348629480649905,-0.004927768031225299,True,103.89964035705566,True,True,0.7048220854819437,0.7778329894302438,0.014203869649745293,False,0.5963679869530927
GEV,177,0.5799664686831233,GE Vernova,Industrials,SP500,957.27001953125,0.03610746431622314,0.01638281686466181,-0.07945956624952566,0.05620832283898314,0.15169664357557266,0.23586744639376217,0.6062378167641326,0.6393762183235867,0.3879142300194932,-0.1852050189241924,0.7502078690385441,False,-0.00029761773486558507,False,-0.04495485675885991,0.07162259925780745,0.04707092337676988,0.014122001513185989,False,2396.3128787545165,False,True,0.7465122113509145,0.5907766485718022,0.01917939220633258,False,0.48833790808606564
AES,178,0.5772132004287738,AES Corporation,Utilities,SP500,14.789999961853027,-0.0006756911319566461,0.0006766054846081282,0.005438472025737218,0.020272036771910695,0.06553734905687025,0.7309941520467836,0.5165692007797271,0.5146198830409356,0.11695906432748543,-0.12315169080268251,0.24110772050705997,False,0.0017610419260138954,True,0.007232907001664346,0.03164445802511695,-0.007180967729892074,1.1480639516170399e-05,True,112.95092842941666,True,True,0.7288752207680372,0.8395252678466824,0.0006756911319565351,False,0.9652642641413857
GLW,179,0.5748942371148571,Corning Inc.,Information Technology,SP500,166.39999389648438,0.020107889145904334,0.13972598559235871,-0.004339924935568562,-0.05571610844052133,0.2866521340237518,0.6686159844054581,0.28654970760233917,0.8382066276803118,0.23196881091617932,-0.34798653019245096,1.1832874410505143,False,0.07369218201877636,True,0.04508815867972582,0.14715507414844398,-0.04314292369046291,0.04540919019378675,False,1768.09612722406,True,True,0.6006634538807373,0.7289856777831607,0.014590515902741963,False,0.4153399801896719
BALL,180,0.5745984062134026,Ball Corporation,Materials,SP500,59.900001525878906,0.0026782698847793718,-0.04814871706027413,-0.03297626520586938,0.06657533120707826,-0.022345662970438274,0.4951267056530214,0.645224171539961,0.3060428849902534,0.09941520467836262,-0.10726523793561571,0.30870443193042174,False,-0.0388074395718222,False,-0.04316653925584302,0.015870046141930993,0.04511395245549954,-0.022990223539181676,False,114.88194496726227,False,True,0.6891969286912472,1.0914584875888593,0.010378287821646293,False,1.5245287989725238
EQT,181,0.5740141830985379,EQT Corporation,Energy,SP500,54.06999969482422,-0.016193584506443037,-0.02769287715563662,0.00018494859931950103,0.05936707901444915,-0.15853291333571595,0.6998050682261209,0.6159844054580896,0.10136452241715399,0.39571150097465885,-0.1992869683897981,0.11216474894363326,False,-0.00681471869704664,False,0.024808166965092138,-0.031033376162681092,-0.024207620279373843,-0.012452507625779652,True,353.81539925827025,True,False,0.5603075988642467,0.8333296138158947,-0.0010916586534424066,False,0.8087779062256726
EQIX,182,0.5725342656489016,Equinix,Real Estate,SP500,1037.719970703125,0.013586479110090144,-0.0029879860139220282,-0.02477781894897202,-0.0004810059102234865,0.07860806429674927,0.5497076023391813,0.4678362573099415,0.5282651072124757,0.1871345029239766,-0.06565012589704877,0.45098588416881924,False,-0.018218461614462944,False,-0.0028470416951922317,0.08278711628303559,0.0028551704846089265,-0.0015809490038733998,False,574.8151872984619,False,True,0.8236423067541014,0.8501257850252475,0.001504163888823129,False,0.9971809877248073
DOC,183,0.572358979640883,Healthpeak Properties,Real Estate,SP500,20.299999237060547,-0.003436504628808179,-0.034712383535418834,-0.012580521469902517,0.004608455004203815,0.23966298737338287,0.6198830409356725,0.48148148148148145,0.7680311890838206,0.001949317738791423,-0.10604354119460058,0.34383013797842255,False,-0.02879646195447494,False,-0.04949579359008094,0.11118024099775425,0.05207319784204634,-0.015553388195183815,False,113.51939231620788,False,True,0.6519913332239707,0.6813348270442332,0.006872821987262467,False,0.6660898750309662
ACN,184,0.5703110516016068,Accenture,Information Technology,SP500,183.89999389648438,0.03366865331390434,-0.04774234389923382,0.020872624178836396,0.11097918898805892,-0.04264456701961461,0.7855750487329435,0.7602339181286549,0.27680311890838205,0.2378167641325536,-0.34951993101022116,0.4955901937902345,False,0.003974380941804689,True,0.10969879158057605,-0.07476483268536849,-0.09885456523236258,0.005878145395172618,False,1036.3236033665162,True,False,0.6972812634136726,0.6868124674236435,0.006407730685080271,False,0.4336153104597302
WMB,185,0.5690155754683512,Williams Companies,Energy,SP500,72.8499984741211,0.007676883867937967,-0.0090611086221567,-0.004355101507117265,0.03212644685155652,0.012684386054334196,0.6666666666666666,0.5360623781676414,0.37816764132553604,0.2612085769980507,-0.06900633636846176,0.328414138882553,False,-0.004617845491560968,False,0.000887239424401276,0.049764434726295104,-0.0008864529284151601,-0.009066456950389545,True,497.296342570816,True,True,1.2464230682744564,1.048190618978735,0.005602030424711302,False,1.2188455629526667
COR,186,0.5680269929008213,Cencora,Health Care,SP500,321.57000732421875,0.0019317497853452714,-0.04640885427861019,0.025538993564642398,0.14464104033094327,-0.08426015020029953,0.8011695906432749,0.8226120857699805,0.19883040935672514,0.003898635477582846,-0.13678838965808005,0.2777385839436133,False,-0.005167964999213459,False,0.02159683487042341,0.005065847996557737,-0.02114027190889123,-0.010651692620217701,True,438.4926892444458,True,True,0.698055129707698,0.9509870396837116,0.009471811533637853,False,0.6011551636956692
EXPE,187,0.5679896087250089,Expedia Group,Consumer Discretionary,SP500,280.8299865722656,0.01426604167796408,-0.07359644717984737,-0.13617711048453285,0.251824158196462,0.2380054660798332,0.07212475633528265,0.935672514619883,0.7621832358674464,-0.03508771929824561,-0.1707167456021499,0.498293744304408,False,-0.09914971595361632,False,-0.04971886199128983,0.08623535801567073,0.052320160847846076,-0.035573658133217,False,470.3695490395508,False,True,1.1675055151573541,1.397731205826733,0.013074238129689553,False,0.8584538274566906
AME,188,0.5679571836745594,Ametek,Industrials,SP500,241.8699951171875,0.03257338390152187,0.03274977911566901,-0.06440505417011999,0.07083069811695242,0.12546827674866523,0.3001949317738791,0.6608187134502924,0.6140350877192983,0.033138401559454245,-0.06440505417011999,0.3553955178516963,False,0.005328589232648451,True,0.002475186301251986,0.06769910394901157,-0.0024690748809300667,0.017508872289188737,False,295.52182169659426,True,True,1.018797564499727,1.0319906298666457,0.01566768307240496,False,1.0793153291225208
CB,189,0.566974132439165,Chubb Limited,Financials,SP500,338.25,0.0017769155710225526,-0.025780852339443272,-0.011820062027286249,0.03781412676719431,0.03572956072461042,0.6276803118908382,0.5477582846003899,0.43664717348927873,0.03508771929824561,-0.06665249719291155,0.2726884203107447,False,-0.005696646251249438,False,-0.023487262303899525,0.04019405852373459,0.02405218221660199,-0.0016489985806060758,False,618.5368191676636,False,True,0.7084169277227635,0.8594089769858813,0.009062540559046983,False,0.6365077820581432
MS,190,0.5645596105942177,Morgan Stanley,Financials,SP500,214.3800048828125,0.008088033438746756,-0.012756109102136759,-0.014978838981705045,0.01363730121963802,0.40389033362061433,0.6081871345029239,0.4951267056530214,0.9083820662768031,-0.18128654970760238,-0.05683610502587466,0.4436972175222258,False,-0.001313678785063388,False,-0.004685840276186903,0.12576805820778758,0.004707900747124016,-0.0010784436894015759,False,1039.3675064004212,False,True,0.7181356224285387,0.7918926589303733,0.011473725192270301,False,0.8124156232628319
PYPL,191,0.5643002101906212,PayPal,Financials,SP500,53.720001220703125,0.007690861692934092,-0.05222298991770402,-0.0903261592977107,0.3058362701964785,0.21799389600865537,0.16764132553606237,0.9649122807017544,0.746588693957115,0.04873294346978563,-0.2864956929952286,0.3867399414063366,False,-0.06595366383655932,False,-0.03430798839891569,0.061642800889697646,0.035526842913440104,-0.013172930529740001,False,813.1877478234863,False,True,1.2501825077997875,0.7313244164528012,0.0,False,0.6689875353377183
CTSH,192,0.563613371327863,Cognizant,Information Technology,SP500,60.0,0.028806589745659306,-0.07178216945329208,0.03697269038368267,0.17920688818330288,-0.006581069457103572,0.8401559454191033,0.8869395711500975,0.32943469785575047,0.03508771929824561,-0.2954250902677473,0.5582703308703003,False,-0.02131677962506262,False,0.11463034202821931,-0.028542753960853595,-0.10284157689412443,-0.011742149574965222,False,428.923096531929,True,False,0.7414546686254545,0.5818499053570656,0.0015432125010088615,False,0.373419788385025
GS,193,0.5629116550890163,Goldman Sachs,Financials,SP500,1029.1800537109375,0.009227604263177813,-0.008430240524123889,-0.002882177369692096,-0.0013705470841139933,0.31905039494648735,0.682261208576998,0.46588693957115007,0.847953216374269,-0.13060428849902533,-0.10229360631021234,0.4093773011339654,False,0.0007751902650174891,True,-0.010670814266431128,0.0896336970388143,0.01078590869480811,0.0015958350987801406,False,1941.685228874756,False,True,0.6320882378685815,0.7961165465570915,0.014983799292215494,False,0.6206287828738475
INTU,194,0.5628731264996586,Intuit,Information Technology,SP500,321.57000732421875,0.02813575029464288,-0.06601795316477843,-0.03925781860809163,0.16642398467085173,-0.25541190208260833,0.4678362573099415,0.8713450292397661,0.03898635477582846,0.8031189083820662,-0.5368363707458965,0.26629728009781206,False,-0.0670625607319929,False,0.0058898073716961985,-0.23095507367130752,-0.005855320660903884,-0.02248545537639557,False,1280.0460165797729,True,False,0.6334018870831049,0.771295083015069,0.0007993094247578103,False,0.5685441570528328
KEYS,195,0.5622507562666179,Keysight Technologies,Information Technology,SP500,338.6400146484375,0.039889516337845654,0.04965600326610553,-0.044739027790021146,-0.004087827944150191,0.19753877965300526,0.42300194931773877,0.45419103313840153,0.7134502923976608,0.21442495126705652,-0.09294472070988069,1.1232679351995634,False,0.03360502016253153,True,0.04003960080406421,0.16092517301464748,-0.03849815023688441,0.02959681612407805,False,414.1677689451294,True,True,0.8449734016341837,0.5637160341642279,0.01999081801823821,False,0.4045949094153511
MSTR,196,0.5614057975990204,Strategy (MicroStrategy),Information Technology,NDX,130.97000122070312,0.018746139607003,-0.09563599919249166,0.3811030126734998,0.09005409535923903,-0.04638120931295009,0.9980506822612085,0.7134502923976608,0.2631578947368421,0.7115009746588694,-0.6358808965171663,0.5911797485775643,False,0.06745671999014013,True,0.22435511486889492,-0.051115982650339564,-0.18324349867474443,-0.0019743467222417266,True,2367.1021495000914,True,False,1.4495216761459817,0.9225144692977346,0.016412575065505086,False,0.8963881369511059
GOOG,197,0.5613748984332979,Alphabet Inc. (Class C),Communication Services,SP500,335.45001220703125,0.015315225443414127,-0.010063074107122594,-0.019575880160916936,-0.058593830960781856,0.10771349509687789,0.5789473684210527,0.27680311890838205,0.5769980506822612,0.18128654970760233,-0.15830543516547468,0.4161678783685765,False,-0.007168924316319325,False,-0.027613625303965716,0.0008589820937672243,0.028397791271600026,0.0028195095663154923,False,6168.807883884949,False,True,0.4664312924873052,0.875892394136493,0.007082527419542517,False,0.8786272834000263
TRMB,198,0.5612688494447687,Trimble Inc.,Information Technology,SP500,57.65999984741211,0.014426454831508062,-0.040598979844560956,0.023247584893771434,0.15319999694824227,-0.12847647134525964,0.7933723196881092,0.8460038986354775,0.1189083820662768,0.5536062378167641,-0.3096264108602682,0.17986497048585748,False,-0.022736708499653258,False,0.01928257543107792,-0.10531758883622822,-0.018917791685905017,-0.013093728674534177,False,178.5058004565506,True,False,0.8706153860583951,0.7160728355465322,0.0038705351884680272,False,0.5460041706991395
INTC,199,0.5608074600504305,Intel,Information Technology,SP500,102.94000244140625,0.026116454889873797,0.12294103302686477,0.019712784084425117,-0.1198700132764251,1.2749171810255526,0.7797270955165692,0.13255360623781676,0.9824561403508771,0.08187134502923976,-0.2696182726107015,3.2749170584533447,False,0.08805143134176574,True,0.046644542515718035,0.3627758914040504,-0.044565791556704704,0.04488835641775091,False,10418.520960339722,True,True,0.684798993996245,0.9784775434909938,0.021431434733046872,False,0.8152920235167439
WTW,200,0.5590168343232511,Willis Towers Watson,Financials,SP500,315.6099853515625,0.0006340372440036823,-0.07732565162782723,-0.07252644089931115,0.21461249852312037,0.10878794633212752,0.2729044834307992,0.9181286549707602,0.580896686159844,-0.031189083820662766,-0.10018535894066283,0.3082719398093412,False,-0.05587965895170521,False,-0.014012122129964943,0.05590506341935986,0.014211251927594093,-0.03131283038603838,False,168.39394572875977,False,True,0.8881573630465934,0.7941754138031903,0.006848240819981477,False,0.6942385703939147
RMD,201,0.5587911941192403,ResMed|,Health Care,SP500,218.27000427246094,-0.0059659237984780455,-0.04764604935914285,-0.03143196778821011,0.13777418012419584,-0.05534488805726934,0.5009746588693957,0.8050682261208577,0.2475633528265107,0.19298245614035092,-0.22133840445753772,0.19733267107546926,False,-0.04527112234681474,False,0.007920730179056923,-0.03710556325039138,-0.007858485237871582,-0.02748530348478362,False,313.5710037067566,True,False,0.7354464269904833,0.80835392741193,0.0039165707404140715,False,0.6297874337974187
ULTA,202,0.5587904311768768,Ulta Beauty,Consumer Discretionary,SP500,546.780029296875,0.020816653870057156,-0.018542040757300038,0.0279945369124468,0.14768484506542068,-0.12473184150400318,0.8109161793372319,0.8284600389863548,0.12475633528265107,0.3781676413255361,-0.22642253525505163,0.21304499012063238,False,0.022853292642962098,True,0.06777709981225799,-0.018489474717838572,-0.06347495167687611,0.004689714797228017,True,319.1830257055664,True,False,1.1114511124804307,0.8638032222612552,0.010342919509439774,False,0.6688441010117103
ADI,203,0.5545614416558902,Analog Devices,Information Technology,SP500,378.7799987792969,0.0485259481779845,0.06249649026450732,-0.011695044518008069,-0.07812083717237261,0.23986968238427608,0.6296296296296297,0.22612085769980506,0.7699805068226121,0.10916179337231968,-0.14713557869846583,0.7030080129524436,False,0.027672685981706024,True,0.011509529379826411,0.08506295763308014,-0.011378567423762309,0.03503917871021511,False,1392.1863028199464,True,True,0.6107196073740844,0.8004918771037219,0.011321789170631424,False,0.7627994899868691
COF,204,0.5539453656973483,Capital One,Financials,SP500,208.3000030517578,0.005745750750322687,-0.0553287843457696,-0.0602608468780913,0.14829489196463963,0.18305370117746844,0.32943469785575047,0.8323586744639376,0.6900584795321637,-0.005847953216374213,-0.18300329045409225,0.19212306145667446,False,-0.036856525354226566,False,-0.017114839791697922,0.009845288970331767,0.01741285806784476,-0.02068799320681214,False,769.1290790490723,False,True,0.8468433961274866,0.7705000727661079,0.017044076910308403,False,0.6915977746864593
SPGI,205,0.5520828326524073,S&P Global,Financials,SP500,410.7099914550781,0.000706539685825458,-0.08848594324060821,0.0037360386132154755,0.052632628678807025,0.03909456600626937,0.7192982456140351,0.5906432748538012,0.44639376218323584,0.2085769980506823,-0.1999236553000533,0.11864490322595667,False,-0.043044497592343856,False,-0.03948381145771951,-0.03874375067139191,0.04110686725399382,-0.03338520048730331,False,844.7474662636719,False,False,0.8932171084599249,0.8450495991963675,0.006968435402739059,False,0.7819900995385981
J,206,0.550009536779544,Jacobs Solutions,Industrials,SP500,141.85000610351562,0.009393064368354853,-0.03856572754197074,-0.02183372203811429,0.1257701818852046,0.10151603157235933,0.5672514619883041,0.7855750487329435,0.5614035087719298,-0.10526315789473684,-0.12818507349197517,0.3297878168753481,False,-0.03372003264567658,False,0.016232631182014012,0.07361089558245659,-0.015973341815577413,-0.017247741710853193,False,119.59280974667358,True,True,0.7273318976580543,0.7880238123030232,0.007685204870391038,False,0.5860122958244187
ED,207,0.549539945754798,Consolidated Edison,Utilities,SP500,106.45999908447266,-0.0025297879131322976,-0.021057479683010083,-0.0041460831486109795,0.004615684558482824,-0.04329349868707544,0.672514619883041,0.4834307992202729,0.2709551656920078,0.1267056530214425,-0.06260003258144098,0.15089451311349644,False,-0.010300606777150167,False,-0.021544524545089372,0.005543777696645824,0.02201891152489366,-0.007874725299386931,False,236.29269054522706,False,True,0.7113681319763394,0.8688691012467689,0.005621647664663998,False,0.6498401536285952
IBKR,208,0.5486467309827079,Interactive Brokers,Financials,SP500,91.37000274658203,0.021807253607324828,-0.016998324405970155,-0.002261398279607807,0.029525140349165424,0.36798199607814785,0.6861598440545809,0.5282651072124757,0.884990253411306,-0.029239766081871288,-0.06861472327759177,0.502974342176888,False,-0.01501073172094991,False,-0.0069003805166361065,0.15200173124297334,0.006948326614228062,-0.001954870197996006,False,385.78987696170043,False,True,1.1419229783544511,0.6317370236753422,0.014426313374443112,False,0.717308263715342
CBRE,209,0.5480989383657012,CBRE Group,Real Estate,SP500,140.50999450683594,0.01826211256870125,-0.05533152267300656,-0.04674355274727571,0.06519589573172668,0.06576151706440525,0.40350877192982454,0.6354775828460039,0.5165692007797271,0.25925925925925924,-0.18122490526720303,0.1273266623467708,False,-0.046908483849075644,False,-0.03137305298521875,-0.043666329562929374,0.032389201107720034,-0.017810040358995027,False,231.78084072253418,False,False,1.207824734189015,0.9483801325613306,0.01659535614879193,False,0.8844361742836349
SWK,210,0.5478538431314207,Stanley Black & Decker,Industrials,SP500,89.23999786376953,0.00011200836557145877,-0.06718506266687507,-0.12520275307412854,0.08284182744928792,0.2797697328831421,0.09161793372319688,0.7017543859649122,0.8265107212475633,-0.22807017543859653,-0.13445539951926455,0.4982061857531974,False,-0.07259452975974201,False,-0.053498067062467736,0.10229108384975882,0.056521878298159356,-0.04050493036200942,False,164.68788856382753,False,True,0.6250299911861177,1.0515531287499382,0.01625010527503834,False,1.0680719548060071
PANW,211,0.546261582418756,Palo Alto Networks,Information Technology,SP500,330.6499938964844,-0.023161678525448037,-0.0038862702158037887,-0.14562934923381565,0.1828783863643535,0.9667499613356869,0.05458089668615984,0.8888888888888888,0.9766081871345029,-0.10721247563352831,-0.16502526793817074,1.3339450707282094,False,-0.06398134891044105,False,-0.05405167364107977,0.40148241230725423,0.05714019691660299,-0.02923984065160745,False,2192.1202222958373,False,True,1.2608188473695534,0.8124812546206763,0.0,False,0.7388119513502964
CSX,212,0.5456100296403108,CSX Corporation,Industrials,SP500,48.95000076293945,-0.0018352396188352493,-0.0008165118219403134,-0.019888056594968173,0.03618339000791271,0.2553408941052353,0.5769980506822612,0.5419103313840156,0.7933723196881092,-0.09941520467836262,-0.07788828103593393,0.5269233158261615,False,-0.02279447932583545,False,-0.023024583526370934,0.1324394707373424,0.023567208691368746,-0.006091213413137897,False,566.2047647156372,False,True,0.7789307835608995,0.7417800940847409,0.012438837662387181,False,0.6247535058170431
JCI,213,0.5425330830882382,Johnson Controls,Industrials,SP500,146.00999450683594,0.02240737345387367,0.026576663804012135,-0.04437462580811713,0.01669341324440099,0.12162323095666716,0.4269005847953216,0.5087719298245614,0.6101364522417154,-0.06237816764132553,-0.05653915941185628,0.39142912980850175,False,0.012780232699879823,True,0.008544378064389901,0.08197379286354245,-0.00847199017735667,0.01493006770256966,True,480.3180972912598,True,True,0.7310773945084841,1.0623765759261814,0.012184059399974023,False,1.707170458410491
EVRG,214,0.5413436559435116,Evergy,Utilities,SP500,81.62000274658203,0.0031956997822022437,-0.0037836879951063107,-0.012223735850819595,-0.006140358129959167,0.015305173881060341,0.6257309941520468,0.44639376218323584,0.3840155945419103,0.1189083820662768,-0.06613507206267755,0.18498896878095228,False,-0.003400016552091989,False,-0.020272743228388124,0.026336650459831024,0.020692231524915172,0.0007891874713474856,False,168.9574752401886,False,True,0.8816722997958818,1.0736356506351266,0.007251675681717806,False,1.1151080555133845
MU,215,0.540681612707568,Micron Technology,Information Technology,SP500,975.260009765625,-0.0021996536130989286,0.017846744907297873,0.07019722951058482,-0.020544844633309522,1.4073512027106214,0.9142300194931774,0.39571150097465885,0.98635477582846,-0.3723196881091618,-0.19624082805203846,5.2285609706611345,False,0.012934065730442201,True,0.05023977604559904,0.5681122969964214,-0.04783648190774448,-0.0034491042674235084,True,33606.321891031,True,True,0.483361261279675,0.7295013726529012,0.016154980505979744,False,0.5829073040168417
TRI,216,0.5405686972377671,Thomson Reuters,Industrials,NDX,97.3499984741211,0.017135089388110814,-0.12893703817707713,-0.045062473137407855,0.22101109639587224,0.00978345366059652,0.4191033138401559,0.9239766081871345,0.3723196881091618,0.16764132553606237,-0.4135330401027413,0.28002797233102683,False,-0.05952899018260138,False,-0.01588470947782694,-0.015275425153214672,0.01614110626144072,-0.03561182758868542,False,198.5782039209137,False,False,0.8637987320684234,0.7074088532436634,0.005119609951485415,False,0.5591938189325625
ALLE,217,0.5400519945220739,Allegion,Industrials,SP500,153.35000610351562,0.013750259617288485,-0.014206682243265711,-0.07681653398320898,0.15161288548299945,0.05975332606159389,0.253411306042885,0.8401559454191033,0.49902534113060426,-0.04483430799220267,-0.1402067655568231,0.2254847321158291,False,-0.029798775709529268,False,-0.002709267461550202,0.02043876493674035,0.002716627532128202,-0.008176597458111945,False,205.7621778465271,False,True,0.6342542005210775,0.6311275241518491,0.011039850081165925,False,0.7916622519619942
CFG,218,0.5398999782561427,Citizens Financial Group,Financials,SP500,70.4800033569336,0.012207470013563704,-0.004941387336907299,-0.04640779509167037,0.06657046165015124,0.25479353363900126,0.40545808966861596,0.6432748538011696,0.7914230019493177,-0.1578947368421053,-0.05687140116534839,0.5003152740001064,False,-0.0011054339269466196,False,-0.010594553294127729,0.10633819801009792,0.01070799976834702,0.006381241683116823,False,273.9479498005371,False,True,0.8358212272800992,0.7937917194179686,0.014792567130840206,False,0.5633413390413964
SNDK,219,0.5397327031429411,Sandisk,Information Technology,SP500,1633.3499755859375,-0.0349996109102918,0.05039259792260897,0.21502795388190643,-0.13189408129197255,1.6394588996056414,0.9902534113060428,0.12475633528265107,0.9922027290448343,-0.003898635477582846,-0.30049251580902037,17.963776009189644,False,0.019487821849488052,True,0.07607915042748203,0.5801425496335568,-0.07070032942953963,-0.00802091401897953,True,21533.342869717286,True,True,0.5690994874978412,0.7663546774319365,0.012353868687596359,False,0.6443753277931773
ETR,220,0.5382642298287575,Entergy,Utilities,SP500,105.33000183105469,-0.0037832357247595816,-0.022731462015128545,-0.017535652173046756,-0.03577412784958045,0.019298265043268703,0.594541910331384,0.34502923976608185,0.3937621832358674,0.16374269005847952,-0.09714742219560146,0.22911662128862953,False,-0.014571370994016508,False,-0.03602146816235141,0.0055291073130627755,0.03736750038787995,-0.012050359839246405,False,272.43461169621276,False,True,0.7440025616682123,1.2328910040086514,0.009268851758480467,False,1.682670435101196
TEL,221,0.5377135761778876,TE Connectivity,Information Technology,SP500,211.9600067138672,0.03582075773908344,0.012177083268057887,-0.006593621450752596,0.024297835578021676,0.07971166568030652,0.6588693957115009,0.5243664717348928,0.5321637426900585,0.20272904483430804,-0.13949899070392036,0.09073817891546909,False,0.02982079464307974,True,0.031125949600479874,-0.011178431058275318,-0.03018637016412984,0.02503477385832764,False,469.50606743753053,True,False,1.0000240205909372,0.7554424460997332,0.02037823422490459,False,0.7732239508580581
CINF,222,0.5361854026237588,Cincinnati Financial,Financials,SP500,169.8000030517578,0.0012383201745507222,-0.02815932998266446,-0.015480942483027116,0.014441924042564613,0.045718460743316314,0.6062378167641326,0.5009746588693957,0.4619883040935672,0.025341130604288553,-0.11576314049289949,0.1403405236460522,False,-0.005735455855733318,False,-0.035336872852281154,0.02094385662112419,0.03663130875206555,-0.003697811642920712,False,119.56497494436645,False,True,0.592058526484928,0.6057440323380058,0.007488674449467991,False,0.6129870282706616
PG,223,0.5356965473043338,Procter & Gamble,Consumer Staples,SP500,145.27000427246094,0.016087312248163732,-0.011230560284836266,0.008259317228504814,-0.013385147699753852,-0.020222568559818743,0.7387914230019493,0.42105263157894735,0.3079922027290448,0.09161793372319688,-0.11808306665463653,0.0758001508088546,False,0.003294387448584013,True,-0.005597107830893622,-0.003737398898757349,0.00562861177795293,0.0029430179601228623,False,1288.8372097747192,False,False,0.6805209189752335,1.0334294261379977,0.005245855729148596,False,1.3109370312131439
FDS,224,0.5356620241623846,FactSet,Financials,SP500,259.7099914550781,-0.012246610544251246,-0.1701495445229888,-0.06223717567139009,0.10162563423061521,0.2866436542157378,0.31189083820662766,0.7368421052631579,0.8362573099415205,-0.16764132553606237,-0.2693989433204449,0.38541737720060665,False,-0.11551858698770423,False,-0.055373362400988446,0.048648386883320294,0.05861931073819049,-0.08518554053261629,False,246.55182999578858,False,True,0.807918653042558,1.2759120506645258,0.007492493346441309,False,1.1119143666499949
TXN,225,0.5332795458967052,Texas Instruments,Information Technology,SP500,268.70001220703125,0.0381732656024385,0.05858255631213294,-0.028525920081436063,-0.09096003719266421,0.4282979508439717,0.52046783625731,0.1949317738791423,0.9142300194931774,0.03508771929824561,-0.18720424581638884,0.7819074534619674,False,0.02023191964165072,True,-0.030134695868665018,0.1213008384229608,0.03107101134590562,0.028559795571228896,False,1861.5830958965455,False,True,0.6009473235087209,0.7486089596666349,0.017038882378923148,False,0.7779204913425097
SJM,226,0.5332188919788056,J.M. Smucker Company (The),Consumer Staples,SP500,121.13999938964844,0.0005781753944054113,-0.057349587053289186,0.029339830634778963,0.046608571043437186,0.16634456054955926,0.8167641325536062,0.5672514619883041,0.6608187134502924,-0.22027290448343073,-0.08463047648608324,0.3809061380594614,False,-0.03593939013835601,False,0.014077529213516016,0.14970916508486276,-0.013882103496006049,-0.029042791045559735,False,166.04420895028687,True,True,0.7756831056173006,0.9133965890364151,0.007433728654063776,False,0.7549998718529213
COIN,227,0.532754641550604,Coinbase,Financials,SP500,175.25999450683594,0.01729739812313702,-0.09050338722159146,0.17592594204137502,0.09243908563297865,-0.0929979900534772,0.9844054580896686,0.7192982456140351,0.18128654970760233,0.7056530214424952,-0.5474475185820591,0.24218583213449807,False,0.0013397705928595016,True,0.06186901910370568,-0.08374321239177951,-0.05826426611064284,-0.01346142952981344,True,1388.398701980255,True,False,1.3114614451097226,0.7902871508903806,0.010273997475054752,False,0.9290587188917098
AMT,228,0.5316762225197698,American Tower,Real Estate,SP500,177.85000610351562,0.028153604441332636,0.0005626222420007654,0.043537016643836246,-0.05156782182499897,0.00823790293455784,0.8557504873294347,0.2982456140350877,0.3684210526315789,0.10721247563352826,-0.07506849549873118,0.0970945989383889,False,0.013546276425859594,True,0.03594985469201806,0.014192864365398794,-0.03470231163139226,0.012551225149326273,False,444.45858409039306,True,True,0.6722097913460171,0.793996141344432,0.009307438143815627,False,0.7208271809575233
VST,229,0.5300759509122883,Vistra Corp.,Utilities,SP500,148.3800048828125,0.009044554936775917,0.028844845561630805,0.011589939268601634,0.015082551779822984,-0.06761195748588389,0.7504873294346979,0.5029239766081871,0.2300194931773879,0.20077972709551656,-0.3162722822313432,0.10301974510234735,False,0.039472369401280405,True,-0.0031842971001834197,-0.054934962778885876,0.0031944692393188756,0.013367140174786796,False,645.0714831603699,False,False,0.6690056815984676,1.0653064484002228,0.012036751008008828,False,0.7185730350981905
MTD,230,0.5297198475641157,Mettler Toledo,Health Care,SP500,1293.52001953125,0.010104846179561644,-0.0462384417396714,-0.10080429800725332,0.1334238944414019,0.10746577014661818,0.1442495126705653,0.7953216374269005,0.5750487329434698,-0.14814814814814814,-0.14110038196314334,0.26131852074396544,False,-0.059107623998166825,False,-0.05054932795265321,-0.017945938372075143,0.05324060474216252,-0.026403935344859075,False,228.63124322314454,False,False,0.6058697515052133,0.8716198477290628,0.010503110858946618,False,0.5655963034450489
FFIV,231,0.5235432569246556,"F5, Inc.",Information Technology,SP500,411.7099914550781,0.03320111449506036,0.04987886743090697,-0.026575293598646854,0.04537374386388149,0.4564009618289,0.5360623781676414,0.5633528265107213,0.9298245614035088,-0.21052631578947367,-0.045332323581710354,0.8380730450388023,False,0.04438725957460554,True,0.019489404856107173,0.2450841717282939,-0.019116829231646593,0.03126861440627393,False,234.36917465405273,True,True,1.2293389676844726,0.7853614728334082,0.005671499663064461,False,0.7800472485761994
SYF,232,0.5221297154606456,Synchrony Financial,Financials,SP500,75.98999786376953,0.007290501120946535,-0.04834064726504117,-0.04306769475659533,0.05513790355326775,0.19787044687301947,0.43664717348927873,0.6003898635477583,0.7153996101364523,-0.03703703703703709,-0.13032968965408553,0.20143890489407745,False,-0.035623212228285905,False,-0.008384534742798877,0.01780894913882447,0.008455429585927376,-0.020254933493651484,False,265.74004884620666,False,True,0.7942236222437399,0.7744004573388595,0.016967109462795227,False,0.6993861265974686
MCK,233,0.521960723727126,McKesson Corporation,Health Care,SP500,881.510009765625,0.0007379429476559451,-0.04327204292029152,0.004229921847197948,0.12100885876314171,-0.06452767089045741,0.7251461988304093,0.7758284600389863,0.23586744639376217,-0.013645224171540016,-0.11275332094119783,0.28233879668276374,False,-0.0032247917488424926,False,0.029011108729605883,0.04681162713138032,-0.028193192943682055,-0.01132778749957497,False,821.5196148983155,True,True,0.8401244608302529,0.9056808461811279,0.008525770145669354,False,0.9211336327777652
SBAC,234,0.5218981624533174,SBA Communications,Real Estate,SP500,185.47000122070312,0.022323906364425605,-0.03158940537172783,0.020043690399533576,-0.08298744386722645,0.023971625577517974,0.7816764132553606,0.21637426900584794,0.41325536062378165,0.1539961013645224,-0.1603204401302457,0.13762220585588536,False,-0.0012413035875413758,False,0.014793040473303876,-0.025661800139154867,-0.014577396457512548,-0.005017759103404851,True,179.62988281332397,True,False,0.6359745737045817,1.0604934209189996,0.009701215547345265,False,0.9179858613018745
WSM,235,0.5216843478559412,"Williams-Sonoma, Inc.",Consumer Discretionary,SP500,226.22999572753906,0.011128945084660335,0.015577308790949207,-0.07717723287782075,0.03769474874786871,0.2709970885609989,0.24951267056530213,0.5458089668615984,0.8128654970760234,-0.41325536062378165,-0.10147749295270359,0.34597581962108404,False,-0.02696775711869348,False,-0.024547466342039415,0.10701834608105432,0.025165208449442478,-0.004520072178542001,False,235.18645407254027,False,True,0.6015648025838022,1.0694666971847104,0.01810131265547188,False,0.8204394620579591
TMUS,236,0.521557699423597,T-Mobile US,Communication Services,SP500,182.3300018310547,0.02918264880376653,-0.03026275030374337,0.03529785139708541,-0.013118578687397187,-0.13991078786489808,0.8382066276803118,0.42300194931773877,0.10916179337231968,0.30409356725146197,-0.22976278609107403,0.0933185412573112,False,0.006621645684639743,True,0.007321703677663605,-0.04987924769524166,-0.0072684859771536825,0.007566294942479956,False,815.9047449948121,True,False,0.6422890033550969,0.8970745340324596,0.011063397011530585,False,0.8041209502937284
NSC,237,0.5208285172596637,Norfolk Southern,Industrials,SP500,320.2699890136719,-0.009372096794625251,-0.023060726194207515,-0.045138828547551246,0.03544747164252593,0.10872961556754812,0.4171539961013645,0.5399610136452242,0.5789473684210527,0.0019493177387914784,-0.09266819920271119,0.1863535631052946,False,-0.05370011138488506,False,-0.044371471372285476,0.04095081828119085,0.046431714879842545,-0.025517718350288265,False,380.4151551506958,False,True,0.7902485399453205,0.8344911949485414,0.008382375734550473,False,0.7436231372073445
EMR,238,0.5203778090584147,Emerson Electric,Industrials,SP500,152.19000244140625,0.025746494910925843,0.013181516803409288,-0.06772818470600828,0.07471410328949712,0.15995836027111188,0.28654970760233917,0.6744639376218323,0.6549707602339181,-0.11695906432748537,-0.07101767278001425,0.24403875882552062,False,-0.015403912892059224,False,0.01587849332480551,0.06965965509983674,-0.01563030759007189,0.004062714134765111,False,385.4033997591858,True,True,0.8055239156897888,0.8142370755029054,0.017254146005543536,False,0.7404203566350914
CVNA,239,0.5194742945644172,Carvana,Consumer Discretionary,SP500,69.16000366210938,-0.015936185780319412,-0.058150573679970896,-0.045805733182359476,0.01975824201290033,0.18165670800906542,0.4093567251461988,0.5107212475633528,0.6842105263157895,0.26705653021442494,-0.2772494315228172,0.22938003100662074,False,-0.04483048510751786,False,-0.0024174495966072795,-0.05512343857245039,0.0024233078211219894,-0.04219242399480183,False,613.6708467086181,False,False,0.9520230375226519,0.6294222321551399,0.017785999170623512,False,0.6457782958266852
UBER,240,0.519469716910236,Uber,Industrials,SP500,71.66999816894531,-0.012265703136631778,-0.056477105940411776,-0.04896500015287131,0.030481596321567883,-0.0178155821571917,0.391812865497076,0.530214424951267,0.3138401559454191,0.2709551656920078,-0.28401599139410383,0.0868971112433714,False,-0.05845416014490057,False,-0.030543254419337806,-0.0572949732185456,0.03150553602166517,-0.02990310350192693,False,1324.7900100009613,False,False,0.790291969300304,1.3603319947306503,0.005926134504463665,False,1.4180935027392512
MTB,241,0.5192494173027697,M&T Bank,Financials,SP500,239.8300018310547,0.003388827479353651,-0.0009580760221532536,-0.048007557067006656,0.0595104848908099,0.2263612083608697,0.39571150097465885,0.6179337231968811,0.7524366471734892,-0.22417153996101358,-0.050030730835415094,0.3810792092362154,False,-0.0005496039599260927,False,-0.015102391747749189,0.09492174648639273,0.015333971390740997,0.005195032664570665,False,251.24556694329834,False,True,0.9160155911430212,0.9775444690848751,0.008283807598304715,False,0.7733350302160826
AEE,242,0.5185562841655127,Ameren,Utilities,SP500,104.9000015258789,-0.0004763737381330291,-0.007196845605313751,-0.029184098800934644,-0.024072164465500978,-0.03282851304024126,0.5185185185185185,0.3840155945419103,0.290448343079922,0.07992202729044834,-0.10713164598095204,0.10140401354772832,False,-0.01469226448946126,False,-0.0356126965210013,-0.01344595318998909,0.03692779487300335,-0.0071982262743551795,False,157.0926373400879,False,False,0.5901416847188059,1.006222960578687,0.006574582767701509,False,0.5974903254183576
REG,243,0.5107963973861595,Regency Centers,Real Estate,SP500,74.62000274658203,0.0008718723243266169,-0.007169869737012391,-0.004810401929451813,-0.05703820932964587,-0.006040630148293147,0.6647173489278753,0.2807017543859649,0.3333333333333333,0.031189083820662766,-0.08834475629614513,0.15618237541117042,False,-0.007422023722271298,False,-0.03776221018215431,0.0015153472772824195,0.03924415625923694,-0.0027670436184965563,False,98.75198980078125,False,True,0.6170454269506874,1.0836169017806998,0.006639430548666558,False,1.2718588464499505
ECL,244,0.5103844085098591,Ecolab,Materials,SP500,276.17999267578125,0.016862984055015184,-0.010001105970941282,-0.0080810259641102,0.05045972512602215,0.006469526209410548,0.6491228070175439,0.5769980506822612,0.3664717348927875,-0.02729044834307992,-0.0994815026284086,0.1269796063482891,False,-0.017181032227475024,False,-0.007912159097236304,0.014349630783358602,0.007975260628168224,-0.004476542297715658,False,360.8322559954834,False,True,0.7558710836445294,0.9374864746217532,0.0096096660269136,False,0.9972120454489195
RF,245,0.510362473916908,Regions Financial Corporation,Financials,SP500,30.1299991607666,0.006009963046474498,-0.01018401339856001,-0.036848854785341056,0.05349870836877657,0.21352209937642286,0.4775828460038986,0.5925925925925926,0.7368421052631579,-0.15009746588693962,-0.06063034969476189,0.34253487643965075,False,-0.004796486456159488,False,-0.015313665655426467,0.0745274550384254,0.015551821043215286,0.0018075466698799225,False,259.5948073627281,False,True,0.9043145947302484,0.7714356113679429,0.011686092327389375,False,0.8705178769974515
NEE,246,0.5096311936614749,NextEra Energy,Utilities,SP500,82.30999755859375,-0.0015769635973130747,-0.020818463607260584,-0.03323661998032512,-0.022525198987057293,-0.08932333619629051,0.49317738791423,0.3898635477582846,0.1871345029239766,0.2787524366471735,-0.14654295476862833,0.21259480372518302,False,-0.015325557511572274,False,-0.038790888236668875,-0.04904913785536469,0.040356346774020224,-0.007888848184856467,False,909.9801719295349,False,False,0.6534248152397577,0.9560687691889234,0.009218758907438174,False,0.9297798243441885
FTNT,247,0.509415090237008,Fortinet,Information Technology,SP500,156.07000732421875,-0.01750077854882337,-0.001854651349455283,-0.029656734159898557,0.07589969633894245,0.8491706694621828,0.5107212475633528,0.682261208576998,0.9688109161793372,-0.2826510721247564,-0.09671253370260113,1.0745713194207176,False,-0.013017844880696905,False,-0.018316491779129862,0.39823245514363004,0.018658245377194183,-0.012750104643148408,False,763.4938201012574,False,True,1.320653692212353,0.6388498234129268,-0.002832937927229273,False,0.5356928787859998
TROW,248,0.5080047912780429,T. Rowe Price,Financials,SP500,106.29000091552734,-0.011715500701790726,-0.04139607189383421,-0.04604197933695342,-0.0065077832325850515,0.24180824106885956,0.4074074074074074,0.4405458089668616,0.7719298245614035,-0.14619883040935677,-0.1264792846075774,0.24800318404836919,False,-0.0380516624996764,False,-0.0676822805074716,0.03822357805302112,0.07259572471100495,-0.02309953571610479,False,194.58914116706848,False,True,0.5390285079368665,0.7291395694021514,0.00883307225742258,False,0.8879226172957165
TPL,249,0.5071722304238526,Texas Pacific Land Corporation,Energy,SP500,369.1000061035156,0.008194482245246881,0.007094150350656525,0.07854415116118552,0.000385773206876161,-0.3000400021158527,0.9259259259259259,0.4697855750487329,0.029239766081871343,0.4093567251461988,-0.31407061993606367,0.3550138115481034,False,-0.00045240786902411845,False,-0.03842925537900432,-0.058185146751157046,0.03996508379022212,-0.002040993818874459,False,129.38305672668457,False,False,0.6969177166890792,0.8786099305788233,-0.008440306709574075,False,0.7868483095827091
ROK,250,0.5033149845694908,Rockwell Automation,Industrials,SP500,428.3900146484375,0.016659989113125384,0.0002568783726866197,-0.048030259617617976,-0.06092868856593492,0.20333654852081384,0.3937621832358674,0.26900584795321636,0.7212475633528265,-0.017543859649122806,-0.13204000602981691,0.3007356033075741,False,-0.005725758303814277,False,-0.044386136467759685,0.021648866038789905,0.04644777368935915,0.0021317525985844465,False,344.68640414605716,False,True,0.5513044026240767,0.8715476878687978,0.013028906419519037,False,1.1251939316319413
GL,251,0.5015508710894435,Globe Life,Financials,SP500,171.1699981689453,0.0021662477200037333,-0.030308214219493368,-0.037884353630641465,0.038664614978355605,0.23864991120713586,0.47173489278752434,0.5516569200779727,0.7660818713450293,-0.14230019493177382,-0.07983015677047844,0.32103543825890557,False,-0.014162400437597533,False,-0.037298844896645256,0.10872785327924794,0.03874394945816895,-0.005761376182691125,False,99.86343387094117,False,True,0.8152748225342611,0.5580060261370322,0.012880543963313063,False,0.5932316465118892
DHR,252,0.5013237050007058,Danaher Corporation,Health Care,SP500,200.13999938964844,-0.0019448431258290988,-0.05160403474691577,-0.027455143985687158,0.10932698609397384,0.07904396279165282,0.5263157894736842,0.7563352826510721,0.530214424951267,-0.10526315789473684,-0.16966448719321958,0.23868326709142318,False,-0.04443834943639868,False,-0.011063402073298922,-0.00850962687800294,0.011187170235678723,-0.027002499342697384,False,920.9823629595337,False,False,0.7707738051048773,0.6712720474247196,0.007280739653691803,False,0.7778518555041299
O,253,0.5002540598070518,Realty Income,Real Estate,SP500,59.5,-0.0011750830146520785,-0.036281205338030476,-0.045194150559508595,-0.02644439506555052,-0.06089882743968511,0.4152046783625731,0.3742690058479532,0.2378167641325536,0.03508771929824561,-0.09606648795355566,0.10796044532747828,False,-0.03442896212176505,False,-0.05131375687819317,-0.01910292143927106,0.05408928109818145,-0.018687278421207765,False,331.22330443851473,False,False,0.568046857415295,1.124688995106743,0.0020144188769433136,False,1.2039637772117309
FISV,254,0.49970760233918127,Fiserv,Financials,SP500,51.58000183105469,0.054159033504003196,-0.0218091735476027,0.0003879064629743745,-0.027892942026596312,-0.0800784356733999,0.7037037037037037,0.37037037037037035,0.20272904483430798,0.21832358674463936,,,False,-0.008725036749286152,False,-0.01189629568015349,-0.11218054854056947,0.012039521386413732,0.008796050445089909,False,385.8195467661514,False,False,0.8271020534746253,1.2421258110455358,0.009809923140048582,False,0.7607277752138089
DVA,255,0.4990323983474668,DaVita,Health Care,SP500,181.5500030517578,0.0012132643163380585,-0.0006055301559729775,0.00027549890775646624,-0.10930676828312913,0.18613619461386466,0.7017543859649122,0.14035087719298245,0.6998050682261209,0.03313840155945419,-0.246555453215342,0.7478578824600246,False,0.014798575328360153,True,-0.11464158869851393,0.09781964788900632,0.12948607844589133,0.0032088705031199094,False,164.69742550186157,False,True,0.47981377342651155,0.774198516134,-0.000496312452334724,False,0.9516042674704529
NXPI,256,0.4989013629965324,NXP Semiconductors,Information Technology,SP500,236.6199951171875,0.044818271037111224,0.05169113889539778,0.013752587312945597,-0.21526142251530855,0.2480640157309335,0.7582846003898636,0.04678362573099415,0.7777777777777778,0.01949317738791423,-0.2863118907732538,0.30148581503795824,False,0.04491747595329976,True,-0.03878263655765746,-0.027729449493377967,0.040347415717468804,0.039447173813732306,False,930.1954069694519,False,False,0.48533676610952137,0.9805702932551631,0.014880536490585072,False,0.8208534879639681
PWR,257,0.4961564871081814,Quanta Services,Industrials,SP500,650.5800170898438,0.05147647217121132,0.049221074817628274,-0.04047078500775969,-0.04772581629764128,0.14799047066185178,0.45614035087719296,0.3060428849902534,0.6335282651072125,0.22417153996101363,-0.17136237701255974,0.7316932958578097,False,0.020169608186300092,True,0.006143777932774208,0.09952768212157892,-0.006106262412512553,0.0337322392898014,False,691.0411134030762,True,True,0.8066058903635464,0.6565002861749445,0.013721640299283688,False,0.8751339205999643
GWW,258,0.4959853972831623,W. W. Grainger,Industrials,SP500,1280.0,0.006692942792303258,-0.025014447057751465,-0.01906689104723225,-0.023943077246722955,0.18750426100233275,0.5886939571150097,0.38596491228070173,0.7017543859649122,-0.07407407407407407,-0.08525519050611685,0.4022554684166688,False,-0.019934004139027572,False,-0.03928283026199286,0.08400700976368225,0.04088906860351571,-0.00956324615567905,False,340.42613741748045,False,True,0.883059284273964,0.9670704604501205,0.013771252546311619,False,0.9825947030060868
PNC,259,0.4959565962089394,PNC Financial Services,Financials,SP500,244.24000549316406,0.005185652266773033,-0.0038338657749297234,-0.04392077399915795,0.05235201289237823,0.22393013346191615,0.43079922027290446,0.5886939571150097,0.7485380116959064,-0.19688109161793377,-0.04953883981424623,0.40148328671357447,False,-0.002364994185640401,False,-0.017712612165956543,0.09319364214242332,0.018032006096518227,0.004154183315636217,False,409.8523308911438,False,True,0.9425003512210411,0.744306266290986,0.011523594950168414,False,0.6387659138240188
PKG,260,0.49500463487485835,Packaging Corporation of America,Materials,SP500,234.39999389648438,0.008562412129506036,-0.0007247875790845626,-0.08548243872968952,0.051473877767148624,0.10884314949480833,0.20077972709551656,0.580896686159844,0.5828460038986355,-0.1578947368421053,-0.08946121056027012,0.24578643074506634,False,-0.030341161406796324,False,-0.030245282945591367,0.05399816662022805,0.031188590695861995,-0.0007915271615855923,False,151.03062052996827,False,True,0.7308932425136189,1.1145151809445921,0.012994229878600771,False,1.4165015562932102
ZBH,261,0.49499624250885965,Zimmer Biomet,Health Care,SP500,93.48999786376953,0.011358669349114558,-0.05489284680234119,-0.0449484273502222,0.07572214481451889,0.015152579559596147,0.42105263157894735,0.6783625730994152,0.3820662768031189,-0.06627680311890838,-0.0936448294115998,0.1779142631687367,False,-0.05200345399747475,False,-0.019321976931784945,0.02589590136285369,0.01970267149592364,-0.02557971738265874,False,201.9528197077942,False,True,0.7988859540635593,0.9205813265163769,0.0055170325980811175,False,0.8710100950074654
TFC,262,0.49367291897933574,Truist Financial,Financials,SP500,50.400001525878906,0.0013908144700489622,-0.023445050768512554,-0.03361515289469463,0.004330872814580777,0.15927949498735794,0.48927875243664715,0.47953216374269003,0.6510721247563352,-0.11890838206627685,-0.06905408291484283,0.27911944456331117,False,-0.008547317179239067,False,-0.015958054459240145,0.03019612685930051,0.016216843734715658,-0.003137141404980892,False,344.6166228044128,False,True,0.8032283912770526,0.8419567640206409,0.012318674932020546,False,0.5567247667137192
EME,263,0.4925487234066903,Emcor,Industrials,SP500,780.6599731445312,0.04320280533502374,0.05306745458322304,-0.0632829970296811,-0.03754239425074857,0.09981588237246553,0.30409356725146197,0.3391812865497076,0.5555555555555556,0.23586744639376217,-0.17238333869210332,0.34447296717879006,False,0.011696568917649586,True,0.006851690614581241,0.024499758393161652,-0.00680506441857287,0.02764722324664426,False,317.49174865795896,True,True,0.7364386929030071,0.6928878996121733,0.011812924269281488,False,0.5827562192904399
AVY,264,0.49172569933204396,Avery Dennison,Materials,SP500,169.3800048828125,0.003614389968058518,-0.02109457274596649,-0.05891636694611946,0.07316145071901548,0.0026091077523475725,0.33723196881091616,0.6647173489278753,0.36062378167641324,-0.003898635477582846,-0.12734475497114506,0.11341990143557656,False,-0.03753851811777065,False,-0.0019791160777735683,-0.010011427118551075,0.0019830407455960763,-0.014956434212415881,False,156.30347542199706,False,False,0.7792294762493177,0.8978813033240907,0.014872278505034808,False,0.8706785891573563
L,265,0.4899379346387277,Loews Corporation,Financials,SP500,108.79000091552734,-0.0026586075417976973,-0.011359505539804249,-0.03782388615067289,0.013793219164559112,0.00446260389919062,0.47368421052631576,0.49707602339181284,0.3645224171539961,-0.05847953216374274,-0.08835021851543767,0.1371394703980009,False,-0.012001786172173401,False,-0.04000561912869249,9.751378644029529e-05,0.04167276384720364,-0.0033920706226621133,False,83.57657818492126,False,True,0.6828892970506835,1.0359656405497946,0.008250838932629012,False,1.3666409110393352
DG,266,0.48961101383595973,Dollar General,Consumer Staples,SP500,124.58000183105469,0.012927912796993013,-0.05089130698869071,0.04163882458586454,0.09511456956178455,-0.07459231555064849,0.8518518518518519,0.7212475633528265,0.21442495126705652,-0.0019493177387914784,-0.19476983927696823,0.31692429932380106,False,-0.00462610107250383,False,0.009200873414269228,-0.009047834254089504,-0.009116989151170096,-0.013704727858265597,True,297.18175666508483,True,False,0.9252944359846886,0.9293148871340088,0.008212067271919254,False,0.9217044199558742
SYY,267,0.4885970634348428,Sysco,Consumer Staples,SP500,83.20999908447266,0.010934291733373236,0.026270315803103017,-0.017475538012382885,0.051751897473462094,-0.006089133105489752,0.5964912280701754,0.5828460038986355,0.3313840155945419,-0.1442495126705653,-0.07423235734381572,0.21779182924453133,False,0.01203470753990521,True,0.0028660071590898006,0.055952754866601895,-0.002857816636151145,0.01622347756164566,False,259.9564568827972,True,True,0.771622172558552,1.1718518603813586,0.008382972444083148,False,1.1115403839484261
LYB,268,0.4883348019973831,LyondellBasell,Materials,SP500,63.689998626708984,-0.009486849083938709,-0.016522598428434287,0.024641422012045444,0.013825065841743145,-0.12524403489184188,0.797270955165692,0.49902534113060426,0.12280701754385964,0.4405458089668616,-0.2107233494019236,0.597531416328281,False,-0.013138649890092724,False,0.04322559843394336,0.06654699483661486,-0.04143456458395223,-0.0096055912758366,True,258.60339999751284,True,True,0.8929942794288851,0.7332026795994883,-0.008709196682934017,False,0.9257210280117488
FAST,269,0.4880466005195637,Fastenal,Industrials,SP500,49.31999969482422,0.006325267984243377,0.0018281566813884709,-0.05553430597640763,0.06899430492775593,0.10176562803052946,0.3567251461988304,0.6569200779727096,0.5633528265107213,-0.16959064327485374,-0.058419269012839004,0.2804779178220467,False,-0.015431300729260689,False,0.012344045758287736,0.09164146903289705,-0.01219352828715603,-6.972413046335557e-05,False,369.84271823833467,True,True,0.8669356487813659,0.8178696497417738,0.012242446630624348,False,0.8332341045265347
CMCSA,270,0.4860961383672271,Comcast,Communication Services,SP500,25.200000762939453,0.0011919223899312659,-0.0544089634651479,-0.010600650086137753,0.06563851122597497,-0.14322379373547078,0.6393762183235867,0.6374269005847953,0.10721247563352826,0.22807017543859653,-0.20442204996149782,0.14963506730060483,False,-0.043207507755220975,False,0.00976105095542179,-0.04703352666674798,-0.009666693864044507,-0.023566443902891088,False,685.0962632885704,True,False,1.0180234168932583,0.9428612906745601,0.0015891540745915922,False,0.5613310023536864
KKR,271,0.48582338647226897,KKR & Co.,Financials,SP500,101.08000183105469,0.0020818784450740146,-0.07908163389430745,-0.08854823768900211,0.06266612231671709,0.2097140470097858,0.18323586744639375,0.6257309941520468,0.7309941520467836,0.0,-0.31824869922522125,0.2097140470097858,False,-0.05937529792199436,False,-0.02300818735568455,-0.03780288945880261,0.023550030878366046,-0.03560658805791361,False,435.0579132770081,False,False,0.873999009304462,0.885359686811148,0.021116260487959115,False,0.6290446170041607
SHOP,272,0.48496908176071835,Shopify,Information Technology,NDX,128.7899932861328,0.017298537428176886,-0.11715115865541914,-0.14374050827460338,0.1658368051325445,0.020765595269956805,0.05847953216374269,0.8693957115009746,0.4015594541910331,-0.10916179337231968,-0.28054300185337055,0.3499999080314091,False,-0.10874135477880786,False,-0.04697707445823274,-0.016801230749472262,0.04929270136028219,-0.052544526569537564,False,1234.7656113367157,False,False,0.73141530217205,1.2694459135614942,0.032780423190346575,True,1.1825807214603596
PTC,273,0.4816148056595065,PTC Inc.,Information Technology,SP500,130.77999877929688,0.016003709905670904,-0.12859809978869707,-0.11629168237757892,0.10465410468387737,-0.16943990090799776,0.11306042884990253,0.746588693957115,0.09161793372319688,0.35672514619883045,-0.3657306502216998,0.1642481674307381,False,-0.11228465980501057,False,-0.0501245011243473,-0.11568693372063554,0.052769548413111655,-0.0547073674148052,False,198.39847185456847,False,False,0.9062091836572643,1.3452282794193784,-0.0036513456824573964,False,1.134139101681952
ITW,274,0.4813418630289574,Illinois Tool Works,Industrials,SP500,268.1600036621094,0.011161354897553322,-0.012847378291143685,-0.08324503535118744,0.06026307403480535,0.02209949057098015,0.2124756335282651,0.6198830409356725,0.40350877192982454,-0.11306042884990253,-0.09807615681346071,0.1334631381881226,False,-0.03314547776721122,False,-0.042476526714968155,0.01084427412785871,0.044360820282808744,-0.0069189970058155525,False,348.6115258463745,False,True,0.6815704381101102,0.9873977917231368,0.010331787738516285,False,0.8135517486255954
KMI,275,0.4810639612730457,Kinder Morgan,Energy,SP500,30.860000610351562,-0.0029079208519975364,-0.023417713993196698,-0.02741881325042872,-0.006745914448124779,-0.057661060498876426,0.5282651072124757,0.43859649122807015,0.24366471734892786,0.17738791423001948,-0.09214665996174787,0.24132184839289406,False,-0.026897473792743876,False,-0.02826956216350862,0.004910309539037705,0.029091979691867387,-0.017391677352444512,False,322.0383668326683,False,True,1.254454353598123,1.1962609485195939,0.003554077553841184,False,1.1701669632952423
TER,276,0.4808245881064915,Teradyne,Information Technology,SP500,379.7200012207031,0.02574353363528581,0.12190513149942328,-0.056796294276260206,-0.004022359551605126,0.3258761668860892,0.34307992202729043,0.45614035087719296,0.8674463937621832,-0.17738791423001954,-0.2148936222570621,2.3896605215213347,False,0.019073018265059805,True,0.038356071732086106,0.18523904182337092,-0.03693922805122529,0.03322481237923469,False,1137.205679885498,True,True,0.6517944737411429,0.7663180004307878,0.02749937223761889,False,0.7479646137172472
XEL,277,0.48068096420655904,Xcel Energy,Utilities,SP500,75.5,0.0011934270457520935,-0.01100335837288613,-0.03944018491478418,-0.028115209948016195,-0.05182269007959239,0.4619883040935672,0.3684210526315789,0.2553606237816764,0.09941520467836257,-0.08673954032690245,0.07179955399160187,False,-0.020059582366913742,False,-0.036323584821855714,-0.030423640862184964,0.037692719516375206,-0.007579398925000924,False,390.0397543449097,False,False,0.8064641821459811,1.1797580296008852,0.01166950286013746,False,1.081232714942973
IEX,278,0.4794482400827029,IDEX Corporation,Industrials,SP500,224.2100067138672,0.012417591965275587,0.004975349977518695,-0.06781139725957175,0.03708472010522579,0.20006995998576294,0.28460038986354774,0.543859649122807,0.7192982456140351,-0.10916179337231968,-0.06781139725957175,0.42857183135070565,False,-0.024870753869855045,False,-0.01906994930857775,0.08806748608406179,0.019440682131346643,-0.004712063475233785,False,143.963092035614,False,True,0.9384525642672509,0.7793362809371347,0.011469309171540765,False,0.5283103753159396
ARES,279,0.477675924972248,Ares Management,Financials,SP500,131.63999938964844,0.007731719123351466,-0.06981348632375006,-0.0752371356140229,0.0011000641820146928,0.3966463136509988,0.2573099415204678,0.47173489278752434,0.9025341130604289,-0.23976608187134507,-0.26043238747519426,0.3966463136509988,False,-0.05876968878799338,False,-0.009549381022652126,0.0029610530757691045,0.009641450911012539,-0.03409083040523597,False,275.91789591185,False,True,0.6379260288566012,0.8884291525699132,0.017683514294178027,False,0.6482194067624638
AEP,280,0.47606802394113135,American Electric Power,Utilities,SP500,123.33000183105469,-0.001133873720452816,-0.011065650417359296,-0.010589648444971456,-0.032775783574927275,-0.05330913787941749,0.6413255360623782,0.35282651072124754,0.24951267056530213,0.17738791423001948,-0.10398036208813444,0.19462570632272325,False,-0.005234737343204343,False,-0.03443783495640251,-0.016120169418754382,0.03566609815831745,-0.0045718200434845535,False,487.38521489338683,False,False,0.8140723343746007,0.8621603177584747,0.008342097425396044,False,0.5708667134091446
PEP,281,0.47597723379987256,PepsiCo,Consumer Staples,SP500,136.32000732421875,-0.0024148304939961562,-0.016024260746189345,-0.0066597255609553985,-0.041422861082802576,-0.12359400436836088,0.6569200779727096,0.32748538011695905,0.1267056530214425,0.20272904483430798,-0.17608239002718484,0.0252515828286759,False,-0.019719203557157394,False,-0.013222932960114786,-0.06306312462735608,0.013400121873302862,-0.009909813104189924,False,1079.0695001268311,False,False,0.6786274900436766,1.019551459438168,0.004829884314589528,False,1.1208645657674197
AMCR,282,0.47447881499792094,Amcor,Materials,SP500,42.31999969482422,-0.015813960585483233,-0.06454461332509909,-0.07800587124434133,0.0753519511007592,0.08215090037363404,0.24366471734892786,0.6764132553606238,0.5399610136452242,-0.1442495126705653,-0.1258227078476436,0.18951075584026023,False,-0.06894865235117609,False,-0.054265560744910846,0.01800383667777683,0.057379279523386284,-0.04068854487806095,False,160.62302015877532,False,True,0.7618090780849613,0.8448426758830714,0.016279087510219892,False,0.8390279609138812
AXP,283,0.47444219376447205,American Express,Financials,SP500,324.69000244140625,0.01240999997621084,-0.015553952970990048,-0.05635312975922524,0.022257559001478633,0.08187772981269426,0.3489278752436647,0.52046783625731,0.5380116959064327,-0.07212475633528259,-0.14953984015306532,0.1174874958774732,False,-0.0212323995488104,False,-0.04490973540326637,-0.031923577509648915,0.04702145657638823,-0.00473941285021473,False,909.7853328961792,False,False,0.6912291872666412,0.8725252332092339,0.013283059084929327,False,0.7152978757955478
ESS,284,0.47347154034248484,Essex Property Trust,Real Estate,SP500,272.9100036621094,0.005674940386304783,-0.020599283546036462,-0.029722279937786533,-0.018783171161685597,0.10705109290890946,0.5087719298245614,0.40350877192982454,0.571150097465887,-0.05847953216374269,-0.08520760250159654,0.16143115268539998,False,-0.03386138026186214,False,-0.05130217641505208,0.03292704228425669,0.054076414153867214,-0.014041431226150203,False,135.91318388751222,False,True,0.8172846574714175,0.896969337926015,0.005416962992051966,False,0.5693099567063069
FITB,285,0.47309312093017936,Fifth Third Bancorp,Financials,SP500,54.720001220703125,0.00532796093884591,-0.004547935136407499,-0.056714311257079264,0.03160291286370964,0.27566046429191715,0.3469785575048733,0.5321637426900585,0.8245614035087719,-0.2709551656920077,-0.07832234790026837,0.38944442157415904,False,-0.0054344615989763145,False,-0.03013800845435044,0.08001824887602416,0.031074532992390047,0.0028268520726371094,False,304.73832113841246,False,True,0.838972215122218,0.7360781974025531,0.014146618656007082,False,0.6126990642904463
NUE,286,0.4729447286404749,Nucor,Materials,SP500,259.42999267578125,0.01554053807866973,-0.011582308571582711,-0.04554653984036683,-0.0031922230954011255,0.57514433569818,0.41130604288499023,0.4619883040935672,0.9473684210526315,-0.2982456140350877,-0.05572540621237232,0.9869777143474201,False,0.016423856085224564,True,0.033814633703867614,0.2502006804350534,-0.032708604232771665,0.008414376227892095,False,340.49927745428465,True,True,1.0122947750299955,0.7213431164545026,0.01115630928452438,False,0.6148265778583832
UNH,287,0.47232388429216116,UnitedHealth Group,Health Care,SP500,379.0899963378906,-0.023668493021269277,-0.05449694710047992,-0.06533691718057877,-0.05990588630965099,0.37612401180571053,0.2962962962962963,0.2729044834307992,0.8927875243664717,-0.12280701754385964,-0.13122495465725093,0.47191400396664873,False,-0.03832226645830816,False,-0.07350607630935635,0.08064512908839716,0.07933789356820453,-0.03265493396056407,False,2035.700654073181,False,True,0.8002572052035023,1.2963587601528954,0.00551152429990065,False,1.5221594864258643
DUK,288,0.47161205906699777,Duke Energy,Utilities,SP500,119.41999816894531,0.0004188273537149012,-0.01630974738094637,-0.024455703050356492,-0.029954398129742654,-0.07820540061265235,0.557504873294347,0.36257309941520466,0.20662768031189083,0.07407407407407407,-0.08953265646221897,0.07496389000144488,False,-0.01594902155814848,False,-0.03311527393802571,-0.023916726567057567,0.03424945398910251,-0.00759248908219512,False,495.2282882735291,False,False,0.6879156802583763,0.8495724315756018,0.007455804382763276,False,0.7508989199097268
CVS,289,0.47153500188828235,CVS Health,Health Care,SP500,94.66000366210938,-0.0066113679018268146,-0.026131618990536842,-0.0006334201628012126,-0.052089600484556575,0.263073903500735,0.6939571150097466,0.2962962962962963,0.8031189083820662,-0.009746588693957114,-0.1388242460385547,0.3710335033265084,False,-0.0024185685887626596,False,-0.052605818185761044,0.10036697118353244,0.05552685375903632,-0.00839557439044114,False,728.8497707434387,False,True,0.9066938971286986,0.6341693466666484,0.005142175034754226,False,0.5968007586004389
FIX,290,0.4713925224018951,Comfort Systems USA,Industrials,SP500,1690.8199462890625,0.06286727139739079,0.07001057403539734,-0.02710134971876177,-0.08230593607305936,0.2319171305375114,0.5321637426900585,0.21832358674463936,0.7602339181286549,0.1539961013645224,-0.18137559331842723,1.2479830356054609,False,0.03300749859479302,True,0.0014835700515631878,0.1232606422329261,-0.001481372331936348,0.04351483087717378,False,745.9149017443848,True,True,0.9135981970939339,0.6478059574931189,0.025119253377630768,False,0.7234904354023175
MMM,291,0.4700350572016037,3M,Industrials,SP500,164.97000122070312,0.012955916753308871,-0.019844313388025947,-0.09842106768583736,0.04928237317837003,0.11702940031758158,0.15009746588693956,0.5730994152046783,0.6003898635477583,-0.3294346978557505,-0.09842106768583736,0.17952613079695956,False,-0.050747132901976744,False,-0.0369423582208277,0.03421230357014471,0.03835944663974589,-0.01673505141389997,False,533.004923443695,False,True,0.5968832269404118,0.8898098551246519,0.009210364695925621,False,1.0606270922173548
BX,292,0.4698534769190862,Blackstone Inc.,Financials,SP500,128.50999450683594,0.024718848211493727,-0.06660370901195123,-0.12225946798405773,0.0739651567046733,0.28303773833972157,0.10136452241715399,0.6705653021442495,0.8304093567251462,-0.14035087719298245,-0.29127092529196674,0.28303773833972157,False,-0.07503513195176026,False,-0.03410790743425207,0.000736321239397375,0.03531233736850403,-0.03423762817765175,False,555.7762128457184,False,True,0.8291993146264209,0.851364151417399,0.02065223078111722,False,0.8028430396912916
FRT,293,0.46973731894424037,Federal Realty Investment Trust,Real Estate,SP500,114.36000061035156,-0.00417969124734896,-0.023898966919060904,-0.024315318627953553,-0.07459469591057422,0.10733469351149516,0.5614035087719298,0.23391812865497075,0.5730994152046783,-0.1442495126705653,-0.10044833571113032,0.24359976537409467,False,-0.022079314622512114,False,-0.048916426524429624,0.0378403555375193,0.05143231140631843,-0.014222968146200943,False,94.73823144389343,False,True,0.5391108366434014,1.0029294314968606,0.003134801653009056,False,0.7044328578848535
PCAR,294,0.4691387906600596,Paccar,Industrials,SP500,122.7300033569336,0.0013054064004875965,-0.014296030429341133,-0.06355863235794745,0.04656384276989556,0.05664444270159441,0.30214424951267055,0.5653021442495126,0.48148148148148145,-0.15399610136452246,-0.10965212905739663,0.3522114311085678,False,-0.027865755155614846,False,-0.039458286633379136,0.02603556540092189,0.0410792015425141,-0.007111391773281905,False,399.04729451211546,False,True,0.5670755127160472,0.6899598383221802,0.015338151734509253,False,0.6627956280185024
KEY,295,0.46811549421498955,KeyCorp,Financials,SP500,21.84000015258789,0.005062154287567067,-0.012658258409686929,-0.036733583430651695,-0.012576521234246352,0.15856299719497113,0.47953216374269003,0.42884990253411304,0.6491228070175439,-0.1442495126705653,-0.08090171155863957,0.3550890944940457,False,-0.0032479044012854175,False,-0.025907792737658086,0.034716141429798286,0.026596858638743504,0.001138074164121372,False,228.3043571317749,False,True,0.986452180333446,1.2258728056304329,0.007363085631967969,False,1.1115010081717451
MRSH,296,0.4677406987789108,Marsh McLennan,Financials,SP500,176.91000366210938,-0.002143322457067054,-0.06128622859116106,-0.06327436677762666,0.058048229731860745,0.04650192363082284,0.3060428849902534,0.6101364522417154,0.46588693957115007,-0.09941520467836251,-0.1318032548240291,0.13088485256618965,False,-0.05516224782686119,False,-0.04577482738440253,0.0024615535828975688,0.04797067683608747,-0.02912807907204018,False,424.8593956694336,False,True,0.716284039331026,0.8367424652652834,0.007219888806809793,False,0.7496426863736594
AFL,297,0.4663183834777202,Aflac,Financials,SP500,115.27999877929688,0.0070760684018167375,-0.026022320168738844,-0.040333118535339385,-0.005061484779461778,0.06230538290043208,0.4580896686159844,0.4522417153996101,0.5087719298245614,0.01949317738791423,-0.1056689888920509,0.11343500754830349,False,-0.01484617692655854,False,-0.04543316700006361,0.01461031896018139,0.04759558516953688,-0.005251807485129101,False,243.30288611897276,False,True,1.0879344264363584,0.9144967916830744,0.01091989155822537,False,0.6949199702416778
ES,298,0.465860045852836,Eversource Energy,Utilities,SP500,68.5199966430664,-0.006812599438417277,-0.04127612323003815,-0.042348096148920655,0.0013151591040372335,-0.05295211779050746,0.44639376218323584,0.47368421052631576,0.25146198830409355,0.021442495126705652,-0.09112618122033478,0.1320319475403786,False,-0.03465089469738292,False,-0.05527449141142804,-0.013351611169760802,0.05850852010337748,-0.023340580219075258,False,151.59747944158934,False,False,0.7985547622711165,0.9601000488953573,0.011305969031004892,False,0.8323155797310856
CAT,299,0.4646360955661605,Caterpillar Inc.,Industrials,SP500,818.5700073242188,0.016857151955551153,0.023033459567546988,-0.043279534032664824,-0.0863846668743935,0.1726295554265016,0.4346978557504873,0.20272904483430798,0.6686159844054581,0.04678362573099415,-0.2298915487645834,0.9140212217869401,False,0.0016384651487784119,True,-0.04350856003878667,0.054161746013799306,0.045487662744322144,0.008978329112090622,False,2366.371244404785,False,True,0.6497427633480682,0.7331821343952489,0.01583850931677011,False,0.6505749847749908
HAL,300,0.4645897468175767,Halliburton,Energy,SP500,35.84000015258789,-0.006376477520994572,-0.03888443892034554,0.0815960702058145,-0.0944080674749409,0.03787351303163411,0.9298245614035088,0.18518518518518517,0.4444444444444444,0.1539961013645224,-0.15868978182193305,0.6780949832766361,False,0.0042534789195232126,True,0.048935944023827505,0.032860419914413574,-0.0466529384397909,-0.01397196096405251,True,382.13431556908415,True,True,0.9137027090018256,0.8727379716374746,0.003881324946851228,False,0.8848460685683203
MSCI,301,0.46403165447866246,MSCI,Financials,SP500,554.6099853515625,0.012801333232574041,-0.03487346769528754,-0.011396746313951711,-0.06346267318390408,0.041490897199948806,0.6335282651072125,0.2631578947368421,0.4522417153996101,0.04093567251461988,-0.13549614453312786,0.0956648629721073,False,-0.015752847124008373,False,-0.03771887063229329,-0.025785096349335568,0.03919735042198891,-0.007579873883088006,False,357.8324569954834,False,False,0.7038745821670054,0.7751657083853093,0.009057746884208573,False,0.6721016210067305
CBOE,302,0.4622002113350347,Cboe Global Markets,Financials,SP500,281.0400085449219,-0.02243550004713135,-0.05849243368535384,-0.031477469442872774,-0.04758122990847946,-0.0270063785252338,0.49902534113060426,0.30994152046783624,0.29434697855750486,0.2709551656920078,-0.22985712273856562,0.21731550436613278,False,-0.05605862541269424,False,-0.022067671620012996,-0.012504007763533331,0.022565642815561393,-0.04023503236365,False,303.11387931448365,False,False,0.7298258807040459,0.8161656267725468,0.012174336912205597,False,0.7027993968512639
HST,303,0.4605328007995636,Host Hotels & Resorts,Real Estate,SP500,22.239999771118164,0.004516729188189572,0.011368804120150733,-0.024561380907071495,-0.051251699443720766,0.24806010212754837,0.5536062378167641,0.3001949317738791,0.7758284600389863,-0.27875243664717353,-0.12920912396690265,0.5040486520606176,False,-0.010522108357123972,False,-0.04670462191479874,0.09277106833268811,0.04899281270891098,0.0029971637324219813,False,209.24589654373932,False,True,0.5958900218319462,0.8089134680418681,0.011291779895752363,False,0.6217556934860855
ERIE,304,0.457888824038788,Erie Indemnity,Financials,SP500,245.02999877929688,0.019259588187868992,-0.051631368154185564,-0.05089675006782146,0.09035943332195329,0.019865492946744112,0.38011695906432746,0.7153996101364523,0.39766081871345027,-0.050682261208576995,-0.26114406615113617,0.18911466295627233,False,-0.04149994076034358,False,-0.006299860049314376,-0.024978765181673745,0.006339799901434073,-0.01575405866265278,False,72.16969078015137,False,False,0.7075959959417409,0.6272479564032698,0.0004992112272192983,False,0.5275147670535109
CAH,305,0.4559841384282624,Cardinal Health,Health Care,SP500,234.57000732421875,-0.006143534115728211,-0.05647396827023787,0.0017509551404901735,0.06294364859090362,0.07558753576801291,0.7095516569200779,0.6276803118908382,0.5243664717348928,-0.27095516569200784,-0.05647396827023787,0.6071711407189269,False,-0.01094797756394128,False,0.0013301838897779028,0.08735645568708117,-0.001328416851083647,-0.017930131037268704,True,456.0904233937988,True,True,1.0406844700325255,0.667226288832767,0.011651554742052372,False,0.5688563919070506
BF-B,306,0.45595419294049433,Brown–Forman,Consumer Staples,SP500,26.219999313354492,-0.01391503712335962,-0.04689207214811342,-0.05289776061684559,-0.008879530554816495,0.15620313932313978,0.37037037037037035,0.4327485380116959,0.6432748538011696,-0.050682261208576995,-0.1282452763782449,0.16989507324039987,False,-0.0370110040060575,False,-0.02784734436148506,-0.01934287004309665,0.028645032444204688,-0.016224477281305716,False,61.4736278820343,False,False,0.969146779481206,1.0415338097614848,0.004136916499447807,False,1.1313252179511066
FE,307,0.45523168652224166,FirstEnergy,Utilities,SP500,46.130001068115234,-0.0025945715002111402,-0.019345234474936635,-0.01871936364258242,-0.001771562610511146,-0.07383287285518458,0.5925925925925926,0.46393762183235865,0.21637426900584794,-0.02729044834307992,-0.09328043793538487,0.11459503711444685,False,-0.009756439671782191,False,-0.02661428286347689,-0.013063515143694748,0.02734196978128045,-0.004981989154018374,False,203.86505926452637,False,False,0.792196657581243,1.0977412601018635,0.007135174725506843,False,0.8927026092733212
ABT,308,0.45469076038650663,Abbott Laboratories,Health Care,SP500,101.94999694824219,-0.013641676216942344,-0.06287346180460318,-0.08078628093065543,0.14531108888201127,-0.04455990112973651,0.2300194931773879,0.8245614035087719,0.26705653021442494,-0.11111111111111105,-0.23652141738772525,0.24366685994078918,False,-0.07879699530610296,False,-0.030834302303932914,-0.027221385358365713,0.0318153050373462,-0.04250330225205745,False,1017.5268417822266,False,False,0.6877319425331992,0.8387499141155678,0.007643197667011492,False,0.8464726743573031
AJG,309,0.45372449388310965,Arthur J. Gallagher & Co.,Financials,SP500,240.32000732421875,-0.01228880960247003,-0.09636954221010618,-0.05675210247649698,0.09081988388542306,0.18389970987353088,0.34502923976608185,0.7173489278752436,0.6939571150097466,-0.19298245614035092,-0.21686626212544646,0.2591883639494206,False,-0.06632543765376342,False,-0.05460837900454696,0.03402486675395555,0.05776270678922124,-0.04490140061883774,False,356.6745162722168,False,True,0.9577720563156767,0.7832407499964299,0.010850353113881717,False,0.7461764272958794
CCEP,310,0.45320550234032575,Coca-Cola Europacific Partners,Consumer Staples,NDX,102.7699966430664,-0.0010692128041236426,-0.058451715928742654,-0.04025032792573524,0.05200116772140628,0.026057454109030376,0.4600389863547758,0.5867446393762183,0.42105263157894735,-0.1286549707602339,-0.0800286681109541,0.22406170092835098,False,-0.040407132234232424,False,-0.03962428913208149,0.05515554363717512,0.04125915377042588,-0.02460370487989394,False,190.70586831910705,False,True,0.935588871055233,0.9424170845123286,0.01321929088899143,False,0.7440055482913384
WDC,311,0.4512922336282105,Western Digital,Information Technology,SP500,447.17999267578125,-0.02983099433425629,0.013029699911985881,-0.014922850650352038,-0.1548611021392753,0.7131486186146514,0.6101364522417154,0.09746588693957114,0.9571150097465887,-0.04093567251461988,-0.40055536155691707,3.5874899181358497,False,-0.04164323210288512,False,-0.09601728639326135,0.17986140522752647,0.10621584345365243,-0.029636921290487894,False,3553.044929648682,False,True,0.6022651903605982,0.7202799596670163,0.007007595595108329,False,0.7072359791340463
BA,312,0.450744250275613,Boeing,Industrials,SP500,210.4499969482422,0.02758786041158645,-0.0002850104990705926,-0.08974913613275359,-0.05044446910733846,0.027788643260665324,0.17153996101364521,0.30214424951267055,0.4249512670565302,0.07017543859649122,-0.16537774323865884,0.1749106893987873,False,-0.012664831818327338,False,-0.03780651023512238,-0.04660125760481437,0.03929200377811837,0.005104827079142948,False,1190.6189003936768,False,False,0.5850162690844547,0.8113637273507591,0.01347653547709382,False,0.7596732250301285
APO,313,0.44901198963924266,Apollo Global Management,Financials,SP500,128.97999572753906,0.00836519454925666,-0.04096965975590705,-0.06554502585527588,-0.032747405227569804,0.2968196147803537,0.29434697855750486,0.35477582846003897,0.8421052631578947,-0.10331384015594541,-0.14471300674074172,0.2968196147803537,False,-0.030316370151809324,False,0.01058204316560829,0.016780479109059554,-0.01047123609327194,-0.017453526555090138,False,447.1250232657776,True,True,0.7568106871392655,0.6529836564044089,0.016339584692778297,False,0.5104110440486122
PLD,314,0.44791640440522923,Prologis,Real Estate,SP500,135.75,0.00996946879980154,-0.018792959803487497,-0.035386881821417804,-0.07102908411725539,0.04499835671249475,0.4853801169590643,0.2475633528265107,0.4600389863547758,-0.007797270955165692,-0.09536184053985564,0.24884508481192924,False,-0.02808702887998371,False,-0.0435870604157258,-0.00488207144611752,0.04557347418853608,-0.01096276025407461,False,584.557409177948,False,False,0.6042567151097591,0.6808610656651136,0.010341487625747936,False,0.5758294183526537
TT,315,0.4475866225685981,Trane Technologies,Industrials,SP500,442.5199890136719,0.006116005100903488,-0.003647487672963523,-0.07310379010263335,-0.03601914493695313,0.05393935636448988,0.2709551656920078,0.34307992202729043,0.4775828460038986,-0.042884990253411304,-0.11896442116996675,0.18387227482926094,False,-0.019549286573867786,False,-0.0467043526941372,-0.0013483478940967686,0.04899251646236902,-0.004952427277054583,False,497.8377564915771,False,False,0.5703316800978575,0.8223555861095112,0.009890199023073976,False,0.8082798952521074
PPL,316,0.4457172230423853,PPL Corporation,Utilities,SP500,34.08000183105469,-0.0037999782781921176,-0.021262815303407567,-0.03092316291654562,-0.03092316291654562,-0.09010738398850504,0.5048732943469786,0.3586744639376218,0.18323586744639375,0.11306042884990253,-0.12987672876734901,0.049285555643904244,False,-0.015652784337863435,False,-0.02936734321646084,-0.04423609295294373,0.03025587796909468,-0.00862400645522543,False,271.06631571870423,False,False,0.8281601276651781,1.0747101518947386,0.007307804931028894,False,0.72014312598718
WM,317,0.44544008422883696,Waste Management,Industrials,SP500,213.4600067138672,-0.0017069577438757477,-0.03299928815861741,-0.05265383007312463,-0.020049343176750667,-0.09396619946323126,0.3723196881091618,0.3996101364522417,0.17738791423001948,-0.029239766081871343,-0.12300217761887255,0.10293575033420832,False,-0.028814725122659923,False,-0.05833269093983373,-0.04381834195137546,0.061946178208153846,-0.014614253566544111,False,447.1423270583496,False,False,0.545510526863822,1.1228790859120563,0.0022214713447679113,False,1.2813761897618485
D,318,0.44499853133595024,Dominion Energy,Utilities,SP500,64.36000061035156,-0.010607262244972437,-0.026647726833482932,-0.044529674216984505,-0.02518822149937705,0.04489433223261252,0.4249512670565302,0.37816764132553604,0.4580896686159844,-0.20467836257309946,-0.0931762642443118,0.1625947637443219,False,-0.02687296632997449,False,-0.05138893320696514,0.022224596672972385,0.05417281645331795,-0.015679578054319188,False,283.2085160719299,False,True,0.6809472336567686,1.1925632728257096,0.007686394720107348,False,1.4199389564310962
KR,319,0.4429050174904537,Kroger,Consumer Staples,SP500,58.4900016784668,0.027041279980623,-0.0003417645469158126,0.05050519514482632,-0.08154524973748256,-0.21022464460425017,0.8713450292397661,0.2202729044834308,0.06042884990253411,0.15009746588693956,-0.21691058702685118,0.060531661527175595,False,0.017075911042544245,True,0.0165834384224135,-0.07418058137376582,-0.016312914214054564,0.01434374841828645,False,390.67272214998627,True,False,0.679467599942686,1.11976782504582,-0.016330119275098975,False,1.842370757164593
ATO,320,0.4394656733157094,Atmos Energy,Utilities,SP500,163.19000244140625,-0.009829471155786806,-0.035063817685615506,-0.031936057282108576,-0.024110043185340158,-0.11610625317209144,0.49707602339181284,0.3820662768031189,0.1364522417153996,0.23196881091617932,-0.14138796429655254,0.027906670078022167,False,-0.026447000951371757,False,-0.0482256422999614,-0.05950114444214394,0.05066919686352822,-0.018716105882267686,False,169.8065269236145,False,False,0.8308878930891149,0.8101318523189355,0.005521531919117084,False,0.9775073612638414
GIS,321,0.4389857825690558,General Mills,Consumer Staples,SP500,35.849998474121094,-0.0030589714447201155,-0.08685685158427026,-0.06102676302856991,0.0783724850562666,-0.0587275307710875,0.31968810916179335,0.6939571150097466,0.23976608187134502,0.023391812865497075,-0.2549301940682439,0.13368232555701653,False,-0.08617023881334107,False,-0.050867558067483776,-0.07416289442990653,0.053593740789128486,-0.05287938648440815,False,342.2605978632431,False,False,1.011372277754286,0.9986724852138105,0.01084536706278283,False,0.8059932675844063
DAL,322,0.43887630033989083,Delta Air Lines,Industrials,SP500,79.91000366210938,0.021344655469541784,0.014730205233134841,-0.11141995562174734,-0.021052033403606507,0.3862589422545857,0.12475633528265107,0.3937621832358674,0.898635477582846,-0.49902534113060426,-0.14470094521731114,0.447225018701793,False,-0.017755577848014514,False,-0.06454690182093759,0.07504514999228085,0.06900068207223176,0.005760333749573743,False,484.5238716194458,False,True,0.6854438716528785,0.9048720706741197,0.014826223080030676,False,0.8370831870831871
OMC,323,0.43823905273076147,Omnicom Group,Communication Services,SP500,79.01000213623047,-0.00553800917447933,-0.06750856832386809,-0.07601449932891491,0.04524415880445698,0.02496070538206374,0.2553606237816764,0.5594541910331384,0.4171539961013645,-0.10136452241715399,-0.11164830259272451,0.19892141055502455,False,-0.07221697654064207,False,-0.04969808255482411,0.022497122888708088,0.052297150666005265,-0.033595101175561526,False,229.77469890538026,False,True,0.8542083191673088,1.0120388081623033,0.005286416796383975,False,0.6843744149634727
TSLA,324,0.43713545660193104,"Tesla, Inc.",Consumer Discretionary,SP500,365.44000244140625,0.0051710993933249405,-0.029040552694372113,0.11581323179381586,-0.08445444562331739,-0.07485888102370819,0.9649122807017544,0.20857699805068225,0.2124756335282651,0.19103313840155944,-0.25402139544596103,0.2249932738981213,False,0.02903163263466446,True,0.0308656112338066,-0.08393922501066031,-0.02994145007598492,0.008373201694518606,True,13895.531487458435,True,False,0.9067486144871328,1.0622482560447855,0.0017604099811183715,False,0.7629254627910274
EFX,325,0.4352248581880882,Equifax,Industrials,SP500,169.0,0.00571296567616808,-0.10624568579498628,-0.06079821582270162,0.06209021182284302,-0.067892713754384,0.3235867446393762,0.6237816764132553,0.22612085769980506,0.060428849902534054,-0.348409662160429,0.11556885371095693,False,-0.08056013623230207,False,-0.05338240529362159,-0.0908843742671257,0.05639278795592184,-0.039906772552338765,False,256.5936167463684,False,False,0.9313643113486803,1.1200004421636172,0.006605573998455849,False,0.7235330051582116
MCHP,326,0.4310780757067708,Microchip Technology,Information Technology,SP500,74.19999694824219,0.03660233375477273,0.014908990955968981,-0.06034209564208537,-0.19683213562697033,0.19593618323697104,0.32748538011695905,0.056530214424951264,0.7115009746588694,0.021442495126705652,-0.27323116940414705,0.5533141164347286,False,-0.004727943985628591,False,-0.05142243358827003,-0.03698678910580244,0.054210046082778796,0.011327952473933145,False,764.4614343015137,False,False,0.45914994505411894,0.7769971066833562,0.017323244370630375,False,0.8894496894651919
CL,327,0.4279023281186223,Colgate-Palmolive,Consumer Staples,SP500,86.80000305175781,-0.01251420312885021,-0.03651896347951211,-0.059791991565353975,-0.02340738934946185,-0.001249025789731406,0.3333333333333333,0.38791423001949316,0.3508771929824561,-0.10136452241715399,-0.11397873277943427,0.1786879811029496,False,-0.036877136813642686,False,-0.049891808314409536,-0.003863071115206118,0.052511712614430106,-0.021144983145508944,False,401.70108422790526,False,False,0.6634392453349682,1.0185642382660647,0.005119419117526336,False,1.3214882937396288
SNA,328,0.4253949180409166,Snap-on,Industrials,SP500,375.44000244140625,0.0016274468185404345,-0.02277518921470234,-0.07509211925869141,-0.017939046437004835,0.04430869402013937,0.2631578947368421,0.4074074074074074,0.45614035087719296,-0.20857699805068225,-0.09906894993397031,0.17805242815915023,False,-0.03346316216601486,False,-0.059373281758279384,0.0062117527642702175,0.06312098158264501,-0.014169839778523596,False,128.6311193161621,False,True,0.530480356881721,0.7835834838388241,0.010031240563247001,False,0.5575093793845146
WEC,329,0.4253811850783732,WEC Energy Group,Utilities,SP500,105.33000183105469,-0.0001898115173805115,-0.012839692187170848,-0.026228905309536255,-0.06033287370291218,-0.06859329989372265,0.5380116959064327,0.2709551656920078,0.22417153996101363,0.037037037037037035,-0.1060314357926887,0.04427384396889322,False,-0.017819656468014755,False,-0.04031353616913913,-0.042132394710527654,0.04200698633199029,-0.0073172421038438795,False,238.50874060066224,False,False,0.8211187802339842,1.0615342826781582,0.006644561820365658,False,0.9494411744645395
KIM,330,0.4240113220646746,Kimco Realty,Real Estate,SP500,23.190000534057617,-0.0042937044885669184,-0.019035485076529524,-0.02958355122976597,-0.08875063107162862,0.03361855192360386,0.5146198830409356,0.20077972709551656,0.4346978557504873,-0.21832358674463936,-0.11051283947793877,0.22280304839873577,False,-0.022347425621715877,False,-0.05279025677109528,0.026225128493702732,0.055732383612462355,-0.01407246646237037,False,110.68528667474747,False,True,0.5185765469554406,1.5741886437017196,0.006011137146632706,False,2.9768667409429423
CPRT,331,0.42264107757979424,Copart,Industrials,SP500,29.950000762939453,-0.0260162353515625,-0.108100085472843,0.03311490166956488,-0.03573724153537272,-0.11833972073317645,0.8323586744639376,0.3469785575048733,0.13060428849902533,0.2807017543859649,-0.38119835085282916,0.10231875888256181,False,-0.08137286101723085,False,-0.010787189586297652,-0.12561763217457522,0.010904821968274137,-0.05978810697394943,False,334.44167063339614,False,False,1.3265186691817887,1.056320367509351,0.040975555171811395,True,1.9969320141798401
LNT,332,0.4225180531236768,Alliant Energy,Utilities,SP500,67.26000213623047,0.00014873065026721477,-0.010882321526022531,-0.042425908573043625,-0.06676582741710413,-0.045985498300588845,0.4444444444444444,0.2553606237816764,0.2651072124756335,0.025341130604288498,-0.1314691042546069,0.09009156944124164,False,-0.018753932338744117,False,-0.054931086276626906,-0.03349614914470955,0.05812389496572257,-0.008787075904620245,False,167.96245931860352,False,False,0.609961816460534,0.808065648497675,0.008178484041008405,False,0.8249469577252224
MRVL,333,0.42251633650335885,Marvell Technology,Information Technology,SP500,236.10000610351562,0.0402714095843828,0.13058470542236833,0.08761748715693995,-0.15871088368945052,1.6950664053995208,0.9395711500974658,0.08771929824561403,0.9941520467836257,-0.8460038986354776,-0.2536793302014302,2.5130369394424816,False,0.03668351696825267,True,0.08882188413084724,0.5255902149482374,-0.08157613786551454,0.04207765666510199,False,5233.900926206115,True,True,0.6814613338522111,0.7965102606516308,0.03379449216625652,True,0.7064683380662716
KVUE,334,0.4219950561334844,Kenvue,Consumer Staples,SP500,17.780000686645508,-0.0005621263837658486,-0.06174142634242619,-0.06322438801541874,-0.005080982901125353,0.0462804611479537,0.3079922027290448,0.4502923976608187,0.46393762183235865,-0.15984405458089673,-0.09338445298016285,0.32073700138564987,False,-0.05531052106467216,False,-0.06232864158452445,0.007905932414017824,0.06647173449965504,-0.029993514718457015,False,405.38607907030104,False,True,0.9111134793741197,1.6679718541419704,0.00618317579213401,False,2.25554930280204
JBHT,335,0.41907489423711486,J.B. Hunt,Industrials,SP500,270.45001220703125,0.009782420812162185,0.0156602577995002,-0.019966587254166557,-0.06306228013362669,0.3494280112292629,0.5750487329434698,0.2651072124756335,0.8771929824561403,-0.4600389863547758,-0.09216792664165363,1.0869770609535077,False,0.006735807868757382,True,-0.015660026324059384,0.1320480679092515,0.015909164255087704,0.008012751556378372,False,254.1503236821289,False,True,1.0394125954546056,0.9464459040082873,0.013702772698097831,False,0.9133534476986905
TSN,336,0.41776034454477134,Tyson Foods,Consumer Staples,SP500,52.97999954223633,0.009912323043055116,0.02357034892320664,-0.04184564005409064,-0.03891809068378704,-0.11641318334663642,0.44834307992202727,0.3313840155945419,0.13450292397660818,0.2826510721247563,-0.2156319695568908,0.08128896186554502,False,-0.04093799768765349,False,-0.06534958353082054,-0.10843273695262223,0.06991874435544698,-0.00401329788321414,False,178.9250975992279,False,False,1.1233541901007205,1.425046466435224,0.005337449463986399,False,1.2437292568404632
STX,337,0.41521555029125323,Seagate Technology,Information Technology,SP500,830.1699829101562,-0.03729434618108263,0.039518661345939066,-0.05470222140552594,-0.043000275880935135,1.2252822830440553,0.36257309941520466,0.31773879142300193,0.9805068226120858,-0.2573099415204679,-0.2406476000978116,3.2707510415083627,False,-0.030662752412344063,False,-0.02126533651972351,0.3715171062568903,0.021727376492527872,-0.023150333321973804,False,3887.8025201905516,False,True,0.8330277876064834,0.7970686569473987,0.00822187060615076,False,0.8362696550784767
AVGO,338,0.41491857497625345,Broadcom,Information Technology,SP500,361.989990234375,0.0032148205672397623,0.013523313144645943,-0.12993630367679432,-0.059670330550189776,0.0814163261510521,0.08771929824561403,0.27485380116959063,0.5360623781676414,-0.001949317738791423,-0.24712317895271207,0.2356869785669029,False,-0.014977138410650181,False,-0.05506761195360621,-0.02015965984044532,0.05827677477269666,-0.005867843305433551,False,8369.35899292035,False,False,0.7029172828796549,1.2199396600855115,0.011141035060413085,False,0.9574469144957777
LIN,339,0.4138283303387846,Linde plc,Materials,SP500,466.2200012207031,0.009964919527257088,-0.03311972695378251,-0.024351089345294397,-0.0925125783361549,-0.04317917031127261,0.5594541910331384,0.18908382066276802,0.27485380116959063,0.009746588693957114,-0.14430829440447157,0.20912899655277362,False,-0.027930295682835005,False,-0.05939595285417809,-0.025587292085721525,0.06314660566729402,-0.013990067641657777,False,1009.8245132745972,False,False,0.6799188162047022,1.0512975268313616,0.0026211851043647094,False,0.7877712401190495
ON,340,0.41278863063289883,ON Semiconductor,Information Technology,SP500,76.13999938964844,0.08507911324622541,0.03380852426587677,-0.08617379178437268,-0.3433942739669805,0.3198128133495497,0.19298245614035087,0.001949317738791423,0.8499025341130604,-0.02729044834307992,-0.43149403753072146,0.6957683029423465,False,0.02097873001986117,True,-0.07062471997763264,-0.034671454665577195,0.07599160586230891,0.041416328297063654,False,760.4392846669922,False,False,0.5495779675919185,1.101494833047858,0.011543468848867144,False,1.2089592244217668
SPG,341,0.41249279973144426,Simon Property Group,Real Estate,SP500,204.8300018310547,0.0007817641253766716,-0.02123446287045927,-0.06135070651444641,-0.036449393408551134,0.11584869282982613,0.31773879142300193,0.341130604288499,0.5964912280701754,-0.2124756335282651,-0.12535495680704567,0.236339490836321,False,-0.03648537771738536,False,-0.06405302874096497,0.03491618166404553,0.0684366002646506,-0.014021106565702879,False,302.9016050069885,False,True,0.7461475506780955,0.9888058082524623,0.0030781496479639348,False,0.7945729568883063
CMS,342,0.4121645437795402,CMS Energy,Utilities,SP500,67.1500015258789,-0.00783095119543531,-0.020994239523180025,-0.04098822129080604,-0.07080417725516042,-0.11151780354188179,0.4522417153996101,0.24951267056530213,0.14035087719298245,0.05263157894736842,-0.14663917886411237,0.0,False,-0.02550517440029898,False,-0.05841648432679769,-0.07291184368108594,0.062040682907486655,-0.014029285839526673,False,244.62382120898437,False,False,0.5999462756574102,0.8475916833193928,0.006353432376431156,False,0.8067783249409509
HBAN,343,0.41095241909949914,Huntington Bancshares,Financials,SP500,16.860000610351562,0.0077705362625406504,-0.011723262711120674,-0.05599103951992057,-0.011490512395821773,0.11016330189931,0.35477582846003897,0.43079922027290446,0.5867446393762183,-0.23586744639376217,-0.1081822487074463,0.14358303051127996,False,-0.009982360385343725,False,-0.03244686183063472,0.001892480771398919,0.03353496624694441,0.0014791588914404574,False,401.8225784041939,False,True,0.7981048308827126,0.8516373789796352,0.0077705362625406504,False,0.8225125829888893
PH,344,0.4107506208443483,Parker Hannifin,Industrials,SP500,950.22998046875,0.017006606970225935,-0.014815699802109727,-0.10974660383122081,0.05515898547128639,0.057778355144006976,0.13060428849902533,0.6023391812865497,0.4873294346978557,-0.23391812865497075,-0.11335285844996634,0.33695475009527853,False,-0.041534499488251164,False,-0.038112429460666064,0.016121196065491228,0.039622540750055,-0.01006294995552015,False,605.3504191115723,False,True,0.8391757626052196,0.934987966798186,0.01483398436670691,False,0.5615038424669775
SHW,345,0.4105404302231988,Sherwin-Williams,Materials,SP500,323.30999755859375,0.01849166794368018,-0.02693677223853863,-0.10034073222611495,0.022617579734796722,0.022655090590051996,0.14619883040935672,0.5224171539961013,0.4074074074074074,-0.18323586744639375,-0.126097871192957,0.105997525390223,False,-0.047232208207757864,False,-0.05084051632842723,-0.027683484804816638,0.053563723697691135,-0.015225438031227334,False,622.3862417069702,False,False,0.6538254563335304,0.8085289348787442,0.012978815163498414,False,1.184209378598095
BXP,346,0.40944312836886737,"BXP, Inc.",Real Estate,SP500,64.69999694824219,0.015379719221044974,-0.05173686406293698,-0.047829288387982394,-0.01279815903941861,0.2569255638751722,0.39766081871345027,0.4249512670565302,0.7953216374269005,-0.2884990253411306,-0.14377362411088224,0.28869686562794694,False,-0.04306224307009687,False,-0.054500009214891065,0.034336663262612754,0.05764146985304164,-0.020256692204287052,False,89.68076359907532,False,True,1.0434331368013434,0.8846916660791304,0.008474590476810873,False,0.7553884017515635
INVH,347,0.4088234284340989,Invitation Homes,Real Estate,SP500,27.540000915527344,-0.0007256368215736719,-0.03198593402491312,-0.07521825787340108,-0.05529388764881249,0.12150618965130744,0.25925925925925924,0.290448343079922,0.6081871345029239,-0.17543859649122806,-0.09970576076648108,0.15461349066282626,False,-0.05807507371992515,False,-0.07247740559515259,0.0006483520761828565,0.07814085180497221,-0.02737780055103467,False,116.45156620556641,False,True,0.835596771411556,1.3000492154007597,0.003991313950767461,False,1.5589219793629374
AZO,348,0.4088192322510996,AutoZone,Consumer Discretionary,SP500,2876.75,-0.0016380426487572208,-0.030757684485730685,-0.05552440211851917,-0.0664813018466659,-0.20405780850510502,0.3586744639376218,0.2573099415204678,0.0682261208576998,0.15789473684210525,-0.3344168839585967,0.0,False,-0.033157157599700615,False,-0.04579779266918094,-0.14449486828156333,0.04799589889578093,-0.018264022178182127,False,677.4802775981445,False,False,0.5979491297238801,1.5343610302987298,0.004757974602162651,False,1.5588985660244568
TTWO,349,0.4061908958087761,Take-Two Interactive,Communication Services,SP500,215.47000122070312,-0.006867650474998044,0.006257863481691661,-0.11329217604648922,0.01598453112212317,0.02997134017173142,0.12280701754385964,0.50682261208577,0.42884990253411304,-0.02729044834307992,-0.1785047306374996,0.13590594363168984,False,-0.05376087721955691,False,-0.09117135861127723,-0.05253657142434898,0.10031743549803207,-0.010727721083413244,False,531.5291673948975,False,False,0.8764884434662711,0.9458069809943468,0.0029498496028923515,False,0.5916175046226997
RTX,350,0.4059648741335836,RTX Corporation,Industrials,SP500,197.67999267578125,-0.002220888614225869,-0.02201559441712375,-0.10963960390813676,0.07668784057998002,-0.01909549351925599,0.13255360623781676,0.6861598440545809,0.30994152046783624,-0.18128654970760238,-0.12333146543040863,0.2872256096288681,False,-0.05341087993218374,False,-0.049454748495850076,0.027661070825750755,0.05202776871231807,-0.018078443702451708,False,950.2440402288513,False,True,0.7297748254859507,0.7068727464602937,0.0073188584835850445,False,0.8080930612381237
AMGN,351,0.40582468347428696,Amgen,Health Care,SP500,377.3500061035156,-0.013386658040751898,-0.15034222675800413,-0.08800218495854006,0.07200832637590238,0.03978205369696397,0.18908382066276802,0.6627680311890838,0.44834307992202727,-0.20272904483430798,-0.15034222675800413,0.4301119106935085,False,-0.11161175522465927,False,-0.05074288440301433,0.06203270528865823,0.053455363746314655,-0.07081378034355956,False,1007.6214820567017,False,True,1.6347006269221234,1.3473299014319902,0.009595558909250457,False,0.8954939206192953
CSCO,352,0.40565263997131334,Cisco,Information Technology,SP500,112.12999725341797,0.043652221755760445,0.0324095076262334,-0.09484985680104063,-0.07617606325280168,0.45561283525186913,0.15789473684210525,0.2300194931773879,0.9278752436647173,-0.6393762183235867,-0.13423483731657915,0.7203036665258549,False,0.015293208762236166,True,-0.013976530127661868,0.1813165193734827,0.014174642444841012,0.020127400375036242,False,2224.4262917133333,False,True,0.5592439323081648,0.6531740147818922,0.013495875980019223,False,0.7139400465456958
Q,353,0.40536062378167637,Qnity Electronics,Information Technology,SP500,126.4000015258789,0.02497568795553562,0.06693677912944929,-0.10976817058834343,-0.1517962361513817,0.18224800582407408,0.1286549707602339,0.10136452241715399,0.6861598440545809,0.04873294346978557,,,False,0.0032469927245537544,True,-0.04836540939945999,0.032438979001036206,0.05082350923051093,0.023734756266796442,False,239.4738299402008,False,True,0.7738271275001356,0.7164342962374362,0.02067793592335554,False,0.4751880987205334
STE,354,0.40451490217171543,Steris,Health Care,SP500,210.75999450683594,-0.007954824503094593,-0.06801098843337361,-0.10649591005682901,0.020186556526080812,-0.0014969918112928138,0.13840155945419103,0.5146198830409356,0.3489278752436647,-0.12085769980506822,-0.20874238523574973,0.060195913042603966,False,-0.07843800112188459,False,-0.06246749912598393,-0.08630812852402625,0.06662968917637357,-0.04260574306534837,False,152.91113892788695,False,False,0.6358972324491983,0.8901221453562107,0.007295848783351211,False,0.8636871346301696
PNW,355,0.4033439763793044,Pinnacle West Capital,Utilities,SP500,96.0999984741211,-0.005072966998108441,-0.01938777067223374,-0.04282871500404761,-0.05299014377446465,-0.03593162227527291,0.4405458089668616,0.29434697855750486,0.2884990253411306,-0.050682261208576995,-0.11334179256734322,0.1624635404049144,False,-0.021345079598765415,False,-0.05490164834132771,-0.011895722852041657,0.05809093650938446,-0.011933154600549,False,111.093482763031,False,False,0.5781554675876096,0.7260030486294925,0.00786833176358992,False,0.7836002871374479
EXR,356,0.40307370404702775,Extra Space Storage,Real Estate,SP500,137.63999938964844,0.008721161363291374,-0.02369127847290886,-0.06214224215416342,-0.07402702455779442,0.004063281852555445,0.3138401559454191,0.23586744639376217,0.36257309941520466,-0.14814814814814814,-0.09950936281655376,0.12452268209450978,False,-0.035749558076043964,False,-0.05484430039147348,-0.015163788306479686,0.05802673613901854,-0.009995697993203989,False,159.80029132678223,False,False,0.6080061997720322,1.269339010484259,0.007255445330200949,False,1.7270641946852152
UAL,357,0.4026729685705894,United Airlines Holdings,Industrials,SP500,109.81999969482422,0.0312705596568299,0.010675464693724601,-0.12228263040200238,-0.024775782793760803,0.26915522066434727,0.09941520467836257,0.38011695906432746,0.8089668615984406,-0.5321637426900585,-0.1931526030242917,0.2888158769483675,False,-0.023153624150058172,False,-0.08012664633938871,0.011060254115645485,0.08710617175780433,0.005875291858571163,False,446.8798460757904,False,True,0.7082852271764394,0.960245451710601,0.019344588499509596,False,1.513497618949424
EXC,358,0.40235558454736536,Exelon,Utilities,SP500,43.15999984741211,-0.005300750068486959,-0.021537083423129877,-0.036467244279805744,-0.0426070327010869,-0.11114170654985056,0.48148148148148145,0.3235867446393762,0.14230019493177387,-0.01949317738791423,-0.1254580874567034,0.04714764420505935,False,-0.018477887567879492,False,-0.04373504446585741,-0.042394774002509905,0.045735278923223044,-0.010107842892788543,False,357.83240926013946,False,False,0.6997319476804043,1.0684336061908934,0.0085272859435217,False,0.5789840339935263
FERG,359,0.4022092903491606,Ferguson Enterprises,Industrials,SP500,222.5399932861328,0.00710500093567723,-0.0030909933907288245,-0.08895397420015538,-0.020434726481812326,0.020481731202310005,0.17738791423001948,0.39766081871345027,0.3996101364522417,-0.005847953216374269,-0.16241273733412087,0.07180312790192822,False,-0.038840378821440535,False,-0.04910892123724586,-0.06349829996697609,0.05164515929747027,-0.010790583667074638,False,615.1107637589722,False,False,0.6758688775648214,0.4036037491919845,0.011540041805090606,False,0.363075537721467
UPS,360,0.4019466474405191,United Parcel Service,Industrials,SP500,100.27999877929688,0.0031009058198305794,-0.031111122905344235,-0.01954707116177623,-0.06232062572168828,0.05829209647697331,0.5847953216374269,0.26705653021442494,0.49317738791423,-0.25341130604288503,-0.13456623028561898,0.2941019751056757,False,-0.02376341983177832,False,-0.0538906693508544,-0.01822388277102427,0.056960297932881376,-0.011166231947957295,False,496.9857897437286,False,False,0.4811667665362144,0.7114566161890232,0.0057017073908585125,False,0.7939690790776088
HSY,361,0.4007783919463804,Hershey Company (The),Consumer Staples,SP500,173.32000732421875,-0.005850573793147351,-0.009939393685828302,-0.051822258098310425,-0.03404784272499073,-0.18317528195363686,0.37816764132553604,0.3489278752436647,0.08187134502923976,0.1364522417153996,-0.2550121579402821,0.10003439937833192,False,-0.038739873931031066,False,-0.024172397557981284,-0.08605197905308892,0.024771176278975515,-0.011092285473623176,False,264.77196527789306,False,False,0.6826672985226548,0.8724490545818474,0.004072540603311303,False,0.6668019294582725
BKR,362,0.40076256089233736,Baker Hughes,Energy,SP500,59.060001373291016,-0.005723908145688572,-0.07196728567383359,-0.08120717960696511,-0.06620555833033326,0.06396229551649002,0.22612085769980506,0.26120857699805067,0.5126705653021443,-0.005847953216374269,-0.14632561431461344,0.34885310818042004,False,-0.061862119670587634,False,-0.021068725409435607,0.010991574830667039,0.021522170101519578,-0.04684557786440269,False,483.6598689212952,False,True,0.8263687474819837,0.9853347959205542,0.009932662246327384,False,1.2580137300674659
CHTR,363,0.40030613062336207,Charter Communications,Communication Services,SP500,145.77000427246094,0.03706607003671403,-0.03705905951512167,-0.029623198722414146,0.047649884374699525,-0.3222521711387968,0.5126705653021443,0.5692007797270955,0.017543859649122806,0.2222222222222222,-0.4844379666575426,0.18214262556606386,False,-0.02342125852715138,False,0.01686191827957395,-0.1947874460933381,-0.016582308744635177,-0.001553473175739395,False,402.5015887309875,True,False,1.328257743041097,0.9583380684725841,0.010529281113014433,False,0.7230019013564701
GD,364,0.40004768389772,General Dynamics,Industrials,SP500,355.8999938964844,0.00465771036410545,-0.027250119861591093,-0.09718170109587221,-0.003883461311488645,0.010969616638594193,0.15204678362573099,0.4580896686159844,0.3742690058479532,-0.2261208576998051,-0.10119455312445447,0.14378249585209413,False,-0.05021658312502386,False,-0.058659376728665835,0.009160483895669813,0.062314719325310186,-0.015234385791589644,False,391.62042685870364,False,True,0.6846622812229648,1.0155008446775682,0.007762879322512406,False,1.2953377867600548
LYV,365,0.39937457799750514,Live Nation Entertainment,Communication Services,SP500,170.14999389648438,0.0004115243689801762,-0.041354506561004034,-0.08190798998862736,-0.012650193880387128,0.06131478370248722,0.2202729044834308,0.4269005847953216,0.5029239766081871,-0.1968810916179337,-0.09715595970015178,0.3545895475655483,False,-0.05087302135321847,False,-0.05786584363791869,0.05526181646168049,0.0614199615279416,-0.0205751634936997,False,348.229761526947,False,True,0.920216643270084,1.1732150274443836,0.025223384524620363,False,1.0470987034799173
F,366,0.3951696211609693,Ford Motor Company,Consumer Discretionary,SP500,13.970000267028809,0.0064841607958097125,-0.030534322348540477,0.010122946066165817,-0.04002040724044176,0.18764942800526385,0.7446393762183235,0.32943469785575047,0.7037037037037037,-0.38791423001949316,-0.1902924576944235,0.2814487363888891,False,-0.006083007784104089,False,-0.0038391555182301085,0.05331522150121093,0.003853951437157166,-0.0007284423212825519,False,673.8671193717404,False,True,1.0359002209252082,1.0111389019799337,0.015129685620714595,False,0.8201025985930552
SW,367,0.39500825885108515,Smurfit Westrock,Materials,SP500,43.220001220703125,0.023928030280436774,-0.04507284967926117,-0.11443421554617283,0.021647095232178115,0.1108621364321758,0.1189083820662768,0.5185185185185185,0.5886939571150097,-0.3313840155945419,-0.14906763957016655,0.35719623610107454,False,-0.07641676363150329,False,-0.0641649499366429,0.03166881056256288,0.0685643799431308,-0.027588574011416345,False,222.47448542199706,False,True,0.6766063142883397,0.6844676177734432,0.017294469511250687,False,0.8278404493848095
MKC,368,0.3942374963283399,McCormick & Company,Consumer Staples,SP500,51.31999969482422,0.00430530777441307,-0.023963524008214998,-0.03114973547015909,0.05190017870190711,-0.08850941892503406,0.5029239766081871,0.5847953216374269,0.18908382066276802,-0.09551656920077978,-0.27080756478281354,0.13563704536147925,False,-0.04909254812730135,False,-0.02861534875304228,-0.08500742477459555,0.02945830852516451,-0.01960787146821885,False,153.21400344083403,False,False,0.7953126410257937,0.9464552332384453,0.004109645899036174,False,1.0570856670198734
MAS,369,0.3942102211388441,Masco,Industrials,SP500,68.5199966430664,0.013010012734456788,-0.04060489499060049,-0.07796777947082378,-0.06684095368894372,0.13996066581382727,0.24561403508771928,0.253411306042885,0.6276803118908382,-0.2748538011695907,-0.16853349745927892,0.18003439830557477,False,-0.04918088411734112,False,-0.08529236865505352,-0.01001269467416821,0.0932454980501729,-0.02457418843326631,False,174.31593233639526,False,False,0.5995956906275027,0.9852190927284742,0.01507989771828755,False,1.1393663579719124
DLTR,370,0.3934365975822357,Dollar Tree,Consumer Staples,SP500,118.16999816894531,-0.00412949164032872,-0.09821425348431745,-0.08117566590358882,0.02854903644113338,0.05792302056821974,0.22807017543859648,0.5263157894736842,0.48927875243664715,-0.4405458089668616,-0.16316130195792478,0.38958133697960484,False,-0.08102559334126835,False,-0.07042201007774929,0.005700830867017226,0.07575696804486443,-0.047208117907792335,False,315.8839031013336,False,True,0.7797659341961167,1.1277301974350658,0.010955632751074917,False,1.4559839474817218
LDOS,371,0.39292390031395075,Leidos,Industrials,SP500,128.86000061035156,-0.005326147627573441,-0.02644303402735304,-0.08206299951391005,0.05926592664534591,-0.254152210384783,0.21637426900584794,0.6140350877192983,0.04093567251461988,0.025341130604288553,-0.3488836223699273,0.28860000610351566,False,-0.06075977861654136,False,0.02983698568200377,-0.14871808454670532,-0.02897253264043953,-0.02353159289037343,False,176.97368435447692,True,False,0.7000610109167208,0.8730275043191279,0.001543781887541007,False,0.8590388907022909
FDX,372,0.39277512655306457,FedEx,Industrials,SP500,311.989990234375,0.0006093728314460201,-0.037988367355196506,-0.045230588108501224,-0.07348750847481744,0.10053833679679691,0.41325536062378165,0.23976608187134502,0.557504873294347,-0.304093567251462,-0.08062476904978955,0.7460212655744278,False,-0.040445617154209024,False,-0.021869469772721195,0.06689279439703366,0.02235843693340156,-0.016758102110516315,False,486.09791189642334,False,True,0.7138572677468387,0.9464360010552414,0.01167419753349841,False,0.7741965603367561
ARE,373,0.3915502225884346,Alexandria Real Estate Equities,Real Estate,SP500,51.13999938964844,0.03188050792123098,-0.029417333032057402,0.06408651536304588,-0.018172177437368986,0.04735651551896636,0.9044834307992202,0.40545808966861596,0.4678362573099415,-0.03313840155945419,-0.37958482578497343,0.28213445324786557,False,-0.0016106367097418195,False,0.013471990724338134,0.03871601571923167,-0.013292908780547119,-0.0004567826008453624,False,92.33678942478943,True,True,1.0905113738116774,0.7335953055514135,-0.006658632403358511,False,1.2090300726576595
OTIS,374,0.3914254815119992,Otis Worldwide,Industrials,SP500,69.0999984741211,0.017822935562688436,-0.033296093607159016,-0.06017516687278235,-0.008714636294206102,-0.15357548082579775,0.3313840155945419,0.4346978557504873,0.10331384015594541,0.12280701754385964,-0.25293688148395843,0.017822935562688436,False,-0.026472630950923004,False,-0.03821007553988631,-0.12276149276504456,0.03972808881454548,-0.012074087179260284,False,254.454886623703,False,False,0.9044426822936329,1.0042840958369776,0.010163535831633208,False,1.0261209349737375
ORLY,375,0.39067856093811393,O'Reilly Automotive,Consumer Discretionary,SP500,85.81999969482422,0.003625278339952187,-0.017853028240198632,-0.06768064258977369,-0.04750276195094716,-0.07700584430636559,0.2884990253411306,0.31189083820662766,0.20857699805068225,0.003898635477582846,-0.20396993193342916,0.037350371237856894,False,-0.03061110325090155,False,-0.03119765851014067,-0.0661969749213962,0.03220229470354474,-0.011665690607988388,False,585.6652884368134,False,False,0.5683844980347,0.8419445296938843,0.007250556679904596,False,0.7692071805571434
CCI,376,0.39048134033714427,Crown Castle,Real Estate,SP500,75.62000274658203,0.023690265803881783,-0.021227017140857285,0.022306360668506997,-0.16881353766071971,-0.10046915676569979,0.7875243664717348,0.07992202729044834,0.16764132553606237,0.042884990253411304,-0.20729725454215953,0.027306101339004796,False,0.0012645179991184197,True,-0.006975563195031009,-0.09221181331688244,0.0070245634815138125,0.0022416980322068625,False,267.46199666462707,False,False,0.5700544514907325,0.7856512391598797,0.009476065009007772,False,0.7708042996295154
SO,377,0.3899043651747329,Southern Company,Utilities,SP500,87.16999816894531,-0.006609707476406657,-0.018024090735910492,-0.05004553327812078,-0.05768420774822858,-0.09426107641986325,0.3840155945419103,0.2787524366471735,0.17543859649122806,-0.015594541910331383,-0.10586729623122093,0.06224514888618349,False,-0.025826729621030275,False,-0.05511462956982338,-0.04268570626464774,0.05832943475961683,-0.01254158109603487,False,487.16083195936585,False,False,0.7221340167934659,1.062571537581076,0.007065558365607183,False,0.9728950187638808
BRO,378,0.3892438478235161,Brown & Brown,Financials,SP500,66.19000244140625,-0.0021106495670695224,-0.08778935131638599,-0.06853356718978021,0.10664269611095856,-0.016441808821175297,0.2807017543859649,0.7504873294346979,0.3157894736842105,-0.13840155945419097,-0.3035615776802062,0.21999321355382384,False,-0.06654346761154528,False,-0.05570198608549348,-0.0390965669845903,0.05898771919956247,-0.039187102678002406,False,155.01078735917665,False,False,0.8727438376332681,0.7747221114297522,0.011005513453751892,False,0.5332248667382855
DRI,379,0.3888841204991169,Darden Restaurants,Consumer Discretionary,SP500,209.88999938964844,0.011371852860951215,-0.037378435825711875,-0.07813595334863677,0.003545624813230841,0.07451750864220474,0.24171539961013644,0.4756335282651072,0.5224171539961013,-0.2222222222222222,-0.07813595334863677,0.26947374249859846,False,-0.03435140016228733,False,0.00087014033519206,0.04998005976157671,-0.0008693838492379591,-0.014049958885564817,False,244.94703774673462,True,True,0.9865590118112825,0.8450371387914635,0.006890608311963087,False,0.9960007585352143
NI,380,0.38642820903094877,NiSource,Utilities,SP500,41.40999984741211,-0.00024138874879764405,-0.006000960175604253,-0.013812855629203757,-0.10580252318715166,-0.10154879907673431,0.6140350877192983,0.15204678362573099,0.16374269005847952,0.050682261208576995,-0.15062179645876161,0.07998598405736268,False,0.0008459223760319823,True,-0.04942809490918332,-0.070543779284576,0.05199827035121651,-0.0004537881837070046,False,230.21638392799377,False,False,0.703022061070434,0.8696739570142444,0.005311473453131876,False,0.6791180061875903
FIS,381,0.38637613821463856,Fidelity National Information Services,Financials,SP500,38.13999938964844,0.0015755660637815083,-0.08749543436131169,-0.07965902864919316,0.006015462467353849,-0.20785074700655448,0.23391812865497075,0.4853801169590643,0.06432748538011696,0.23196881091617932,-0.42252935415657356,0.022817920263722424,False,-0.05247965967641255,False,-0.07833138423778419,-0.20465021452896703,0.08498866392776594,-0.030446597761996874,False,248.18985413301087,False,False,0.9353306946851548,1.010242641876699,0.0057772425269804195,False,0.8708699361440142
NFLX,382,0.3859002529153935,Netflix,Communication Services,SP500,77.4000015258789,0.018287058947284107,-0.06374739034463972,0.04298615389787419,-0.04761898950463006,-0.1793022634976621,0.8538011695906432,0.3079922027290448,0.08576998050682261,0.25146198830409355,-0.3764852765625508,0.1449704626178281,False,-0.02572879437497233,False,0.022446288218831656,-0.10254832501522282,-0.021953513331183894,-0.010926209818702959,False,2770.888865417587,True,False,0.9540549603480517,0.7493545397394109,0.008288346740062513,False,0.5913280722909339
HUBB,383,0.38563246014579833,Hubbell Incorporated,Industrials,SP500,460.3999938964844,0.017660949514154645,0.0005433011046747094,-0.09957756552932806,-0.01596629715581377,-0.011091666881342,0.14814814814814814,0.41325536062378165,0.3235867446393762,-0.06042884990253411,-0.1696430360233362,0.14399368673636825,False,-0.013277754856481083,False,-0.04001920462122055,-0.047949450022706785,0.041687505431220906,0.0033443418801795133,False,252.4371968483026,False,False,0.6878439217505755,0.9042285997812196,0.014588550319601046,False,0.7823221393109493
COST,384,0.3823155682203988,Costco,Consumer Staples,SP500,904.77001953125,0.0026485678267527124,-0.02230357810295358,-0.047189280262996625,-0.07121262976471221,-0.09547957378216132,0.4015594541910331,0.24561403508771928,0.17348927875243664,0.10331384015594541,-0.17189804879961756,0.06913327282214721,False,-0.03518263681876377,False,-0.03782722111698944,-0.05574537419865255,0.03931437466034238,-0.013398728397932658,False,1884.0048714455565,False,False,0.8405805341818452,1.0042696709841772,0.003091799477212609,False,0.8731360860443091
PDD,385,0.38218357919151,PDD Holdings,Consumer Discretionary,NDX,77.80999755859375,-0.00038539029686812665,-0.04679651872295354,-0.12612312715031926,-0.04292749522951711,-0.23430431553288977,0.08966861598440545,0.31968810916179335,0.050682261208576995,0.1793372319688109,-0.43669011215480213,0.06152788975535772,False,-0.07715665120506754,False,-0.09153534180436818,-0.2003120481638423,0.10075828594826497,-0.03474747713210946,False,566.0027723637543,False,False,0.6020533550394868,1.0953049395442598,0.006166538791317233,False,1.0553197517091586
SBUX,386,0.38057815772307485,Starbucks,Consumer Discretionary,SP500,98.73999786376953,-0.004837768101472628,-0.06690608440250245,-0.08464180893671103,-0.029065215106403697,-0.002902066354759536,0.20272904483430798,0.3664717348927875,0.341130604288499,-0.01364522417153996,-0.08987003587411846,0.2905907297204908,False,-0.06138010217841927,False,-0.057789579548352954,0.018036379676257486,0.06133404841845369,-0.03516891407793077,False,700.7195916620789,False,True,0.9521972601636076,0.8764168532005207,0.010683305236369733,False,0.8273204986914844
ARM,387,0.3804352967655059,Arm Holdings,Information Technology,NDX,264.7900085449219,0.04174213618250522,0.09151248007815638,-0.026041809318508413,-0.22628057141517,1.3001216315796484,0.5419103313840156,0.037037037037037035,0.9844054580896686,-0.8810916179337231,-0.3974650396087561,1.532663805029606,False,0.05405209220810292,True,-0.008557844411368865,0.29601778169450577,0.008631713270541796,0.04012637671151298,False,1346.6149492088318,False,True,0.48195473841209985,0.8169685706659814,0.013848531090879135,False,0.845725061836384
VICI,388,0.3789796027359113,Vici Properties,Real Estate,SP500,24.829999923706055,0.004043687154095421,-0.03196879949393172,-0.047564241873172985,-0.10120210283592046,-0.10536518192091571,0.3996101364522417,0.16374269005847952,0.1539961013645224,0.031189083820662766,-0.20776173828955247,0.004043687154095421,False,-0.038156119429001545,False,-0.05370591204234687,-0.08831212461589533,0.05675393382014904,-0.01795530739577622,False,249.72611711558915,False,False,0.6666431285453697,1.249309032561578,0.004852440010298054,False,1.0818641851808968
ASML,389,0.37776366334405265,ASML Holding,Information Technology,NDX,1698.300048828125,0.006441745596081239,0.03165497863348632,-0.06174893831593853,-0.1047568083814352,0.26090260221781514,0.3157894736842105,0.1539961013645224,0.7992202729044834,-0.6218323586744638,-0.14523862156114953,1.1004413690419348,False,-0.022327612476912173,False,-0.02289547181349294,0.13863433397106628,0.02343195753681182,-0.006352327597743734,False,2666.8022230878905,False,True,0.5722629047369514,0.736114307857755,0.02337278592349068,False,0.5605269920589889
DDOG,390,0.3776942355889724,Datadog,Information Technology,SP500,221.2100067138672,-0.002300173660599425,0.03003358340478046,-0.08177326241658522,-0.05562670113443591,0.7396193798615189,0.2222222222222222,0.2884990253411306,0.9629629629629629,-0.5243664717348928,-0.2323095214316223,1.155727830424389,False,-0.034658187413044494,False,-0.10274046637247958,0.2468768205017835,0.11450473639116576,-0.0018268359198678752,False,1105.3669641035767,False,True,0.7962167542398271,0.7704337599619663,0.0,False,0.4146162366565006
UDR,391,0.37659865035495893,"UDR, Inc.",Real Estate,SP500,35.119998931884766,-0.0005691650003147863,-0.03436898643689956,-0.05305564381180172,-0.09534158493965572,-0.005967758427142811,0.3684210526315789,0.18128654970760233,0.33528265107212474,-0.1189083820662768,-0.14206620420014482,0.08010279076408278,False,-0.04915971366524774,False,-0.08066281563402689,-0.04054747628377231,0.0877401860881506,-0.024171607597337386,False,119.53924213337707,False,False,0.6532884036266078,1.4481239240054036,0.004837848224114039,False,1.085287132815862
FLEX,392,0.37599764250809675,Flex Ltd.,Information Technology,SP500,115.77999877929688,0.07193775103592981,0.07313003461195167,-0.07026419405582363,-0.23823939341521883,0.8290679332506314,0.27680311890838205,0.031189083820662766,0.9668615984405458,-0.06042884990253411,-0.2856173656629716,1.1240139854042162,False,0.027347413674822185,True,-0.032051497533423845,0.20649094528903955,0.03311281277025446,0.03828031931070974,False,468.13667106607056,False,True,0.8125380341834648,0.8349649537115839,0.020275851946095935,False,0.7669419765778404
CPT,393,0.37565222035301343,Camden Property Trust,Real Estate,SP500,103.01000213623047,0.004975630597370495,-0.024526480826847163,-0.0495478432669747,-0.09162965755252683,0.032951450300198415,0.38791423001949316,0.19298245614035087,0.4327485380116959,-0.2300194931773879,-0.12391562738499684,0.08782376544169734,False,-0.03272906405324283,False,-0.06574179387897872,-0.028628252100173945,0.07036790626858336,-0.015199207353343569,False,102.09432194514466,False,False,0.639699056265408,1.0714540482701225,0.004097543111661661,False,1.0636441579815858
CMI,394,0.37330903361905526,Cummins,Industrials,SP500,556.75,0.012217461493357673,0.02062328139321723,-0.12389688640144969,-0.14773391276042036,0.04051508153891148,0.09551656920077972,0.10721247563352826,0.4502923976608187,-0.001949317738791423,-0.23195438974766236,0.38460401198236505,False,-0.03408948227747011,False,-0.10213051589048083,-0.069097505057785,0.11374761888891993,-0.00408920825386927,False,587.5969752764893,False,False,0.5794541562777364,0.9978194669761526,0.015326422607430334,False,0.7384114209866282
BKNG,395,0.36962058876262194,Booking Holdings,Consumer Discretionary,SP500,173.9199981689453,5.746941881135115e-05,-0.10654428065149879,-0.17864869583878018,0.06571318642326163,0.03597869767047013,0.023391812865497075,0.6413255360623782,0.43859649122807015,-0.2962962962962963,-0.21305298150049623,0.13396682014024042,False,-0.12545323726395763,False,-0.10042753984728114,-0.05818744164081169,0.11163918894341407,-0.05935906510510658,False,1157.2292973908386,False,False,0.95522403716856,1.3784993173279119,0.015525253817417095,False,0.9563710885199748
COHR,396,0.36849429509847675,Coherent Corp.,Information Technology,SP500,305.3699951171875,0.0416140162044929,0.15491089931461555,-0.14135085328051078,-0.16010229826967726,0.2656774141403,0.06042884990253411,0.08576998050682261,0.8070175438596491,-0.08771929824561403,-0.28466353243546116,1.965045164105324,False,0.04368598372993837,True,0.0162110352770648,0.09187896697325248,-0.015952429873628438,0.04428859051470013,False,1839.4546630413818,True,True,0.7302719945943444,1.049221859458651,0.03414393965812024,True,1.2202020377519374
MPWR,397,0.3663653044330766,Monolithic Power Systems,Information Technology,SP500,1234.4599609375,0.04078983430741134,0.01714657117358387,-0.1337183932198941,-0.2222053697977412,0.19821966670173863,0.07407407407407407,0.04093567251461988,0.7173489278752436,-0.05263157894736842,-0.2683881512503393,0.4902748647265591,False,-0.03300920812700969,False,-0.06380090616872336,-0.016304125031774697,0.06814886554485566,0.004705841876264438,False,1009.7503376730957,False,False,0.5397369572722018,0.804896481928467,0.012410708652730085,False,0.7079027456422528
URI,398,0.3624508379014507,United Rentals,Industrials,SP500,989.1199951171875,4.041940657284471e-05,-0.004779297114649195,-0.12413003422465307,-0.07268500589151372,0.35302026131256414,0.0935672514619883,0.24366471734892786,0.8791423001949318,-0.5185185185185186,-0.15083872123895892,0.3974881376324384,False,-0.05985230355501714,False,-0.08183377572905925,0.0649925000178988,0.08912740805080088,-0.021670400568964854,False,489.45691446972654,False,True,0.8545712197812557,0.958129456480091,0.011050665756993538,False,0.7675511149341626
RDDT,399,0.3610357705527137,Reddit,Communication Services,SP500,157.77000427246094,0.015643156893635046,0.01141097965648119,0.02815254095883657,-0.08940315552049638,0.1929678962000827,0.8128654970760234,0.1968810916179337,0.7076023391812866,-0.1267056530214425,-0.4171991826956951,0.29489501817554276,False,0.01670997530610574,True,-0.06054276809332526,-0.09272886704962868,0.06444441113136223,0.02753969376799481,False,1001.7028854588623,False,False,0.9155048207115047,0.7134253914798032,0.01422690077229083,False,0.5161384193806533
DTE,400,0.3609074055000515,DTE Energy,Utilities,SP500,132.5800018310547,-0.013101046261823734,-0.03275702380713841,-0.043986091483200984,-0.08337283268307538,-0.08775320683600052,0.42884990253411304,0.2124756335282651,0.1949317738791423,-0.029239766081871343,-0.1414880002655936,0.05518741867509225,False,-0.03137544564536121,False,-0.06693333993180905,-0.05441280423367867,0.07173478894521579,-0.02088052058067502,False,181.90790721185303,False,False,0.7248747949614974,1.051076192558808,0.00826262200841299,False,1.3162852287454994
CNP,401,0.3594675425245,CenterPoint Energy,Utilities,SP500,39.11000061035156,-0.00025558082326671006,-0.02176085397313887,-0.02926901365790091,-0.07535305850560126,-0.0884993281401778,0.5165692007797271,0.23196881091617932,0.19103313840155944,0.021442495126705652,-0.12647142647180987,0.06555902746562059,False,-0.013501278458775134,False,-0.05371585827520642,-0.046868231129090776,0.05676504118234349,-0.010134635161288319,False,257.89609148402405,False,False,0.9295117355588373,0.9091597858050929,0.007157530716748628,False,0.8850205874542901
PEG,402,0.3578783335812896,Public Service Enterprise Group,Utilities,SP500,72.38999938964844,-0.001241776533065564,-0.010306751333091446,-0.03717865795013664,-0.0727436249977157,-0.106532024223436,0.4756335282651072,0.24171539961013644,0.14814814814814814,0.017543859649122806,-0.14575658546870884,0.006049464503531166,False,-0.011846740037175785,False,-0.046200107687898506,-0.07595092184262575,0.048437946009728616,-0.005801644632719927,False,215.10936815319823,False,False,0.7792662034290568,0.8696540168238975,0.008554016121305574,False,0.7325957330051999
KMB,403,0.35735056820132527,Kimberly-Clark,Consumer Staples,SP500,98.1500015258789,-0.0033509526787749433,-0.07987247388504048,-0.08815053013181251,-0.02178684125703423,0.02936075091138246,0.1871345029239766,0.391812865497076,0.4269005847953216,-0.26510721247563357,-0.19388553900354544,0.0821285958750857,False,-0.07502632287456046,False,-0.08874755629868358,-0.024353437227811248,0.09739074711087703,-0.041533924003358313,False,406.23030121636964,False,False,0.7838965416243143,1.70895203757294,0.007717246963136137,False,2.183269852615266
LRCX,404,0.3526903255093594,Lam Research,Information Technology,SP500,298.2200012207031,0.0007046456434240955,0.01899814627561147,-0.08552324486719598,-0.1767900155450065,0.42455515601801896,0.19883040935672514,0.07212475633528265,0.9122807017543859,-0.571150097465887,-0.31179468197045823,1.5638721316370066,False,-0.03905703918427561,False,-0.05098557451551322,0.12970269159086145,0.053724762391766934,-0.020277545768348837,False,3056.1950133173827,False,True,0.5873897785820104,0.8794016686923102,0.018254428586760074,False,0.9431672297280284
IRM,405,0.35126591211666913,Iron Mountain,Real Estate,SP500,115.18000030517578,0.020194851625172427,0.0017394063524363013,-0.07381794998488966,-0.07352034179083755,0.08877747082157117,0.26900584795321636,0.2378167641325536,0.543859649122807,-0.03313840155945419,-0.1343754515367731,0.48253773471788475,False,-0.03586017240321604,False,-0.051449671916445006,0.05376076446799294,0.054240318508342655,-0.004505032539464104,False,221.24658096244812,False,True,1.015284119253586,0.7781236689183049,0.012046063702132237,False,0.7327016665328696
CHRW,406,0.35086975429441186,C.H. Robinson,Industrials,SP500,152.77999877929688,0.0023618987972466865,0.04600849878836488,0.04593714655868619,-0.19711694402802704,-0.10412862136811862,0.8635477582846004,0.05458089668615984,0.15789473684210525,-0.01949317738791423,-0.26731454626414275,0.24696015330279875,False,0.03890856323931069,True,-0.07286275423617916,-0.10860161780082989,0.07858896249621727,0.020140352869452816,False,296.29922897805784,False,False,0.524437843492738,0.7978832080116558,0.0,False,0.48811381084045163
NVR,407,0.35008926425653175,"NVR, Inc.",Consumer Discretionary,SP500,6160.759765625,0.01190483733113945,-0.03344714394603887,-0.02116165930049707,-0.04922147940088739,-0.04321171523140244,0.5730994152046783,0.30409356725146197,0.2729044834307992,-0.26315789473684215,-0.2678679357569467,0.10732933519180743,False,-0.022393897087470194,False,-0.03216736000346798,-0.09226104183642336,0.03323649014728747,-0.009566401218960907,False,209.88744941796875,False,False,0.6763626026964428,1.2134043067989353,0.01018678866934808,False,1.1353925039677695
ORCL,408,0.35000839236599873,Oracle Corporation,Information Technology,SP500,150.27999877929688,-0.017392465147425762,-0.024409209755363093,-0.019572025208061228,-0.18086466590963968,-0.04919886043846666,0.5828460038986355,0.07017543859649122,0.25925925925925924,0.025341130604288498,-0.5368190034221427,0.3068962655111618,False,0.0060383651013153905,True,0.06862017838806089,-0.09913533829807508,-0.06421381495113598,-0.020014478066025743,True,4563.028400562286,True,False,0.7130141828397768,1.393964017670167,0.07512743592885052,True,2.482040662408524
ADSK,409,0.3494564035659926,Autodesk,Information Technology,SP500,212.39999389648438,0.0037332511878183094,-0.105759556770474,-0.14873151948762853,0.03322462581564034,-0.15002603379379997,0.04873294346978557,0.5380116959064327,0.10526315789473684,0.04483430799220273,-0.3461798821833174,0.1314723658389758,False,-0.12123922447922797,False,-0.08376243060822353,-0.13451297119402883,0.09141999128438627,-0.05209971314678696,False,488.4544524334412,False,False,1.1030517051674995,1.2423770376855758,-0.005245501664146168,False,0.758436084283221
MAA,410,0.3487646055778716,Mid-America Apartment Communities,Real Estate,SP500,124.79000091552734,0.002490340217174092,-0.02932480331876297,-0.05697877133829132,-0.0859176162747094,0.0002524408269957146,0.341130604288499,0.2046783625730994,0.3567251461988304,-0.20272904483430798,-0.11221053915957291,0.05981797655936805,False,-0.037485533757368295,False,-0.0574833119894691,-0.039310985561394785,0.06098917156661199,-0.01975363211800929,False,129.87990397135925,False,False,0.7259980861734652,1.0556897564797285,0.005061031783647252,False,1.0692778467773565
ROST,411,0.3454820460588305,Ross Stores,Consumer Discretionary,SP500,230.74000549316406,0.023328055105966028,-0.0020893608433940614,-0.06873733713209362,-0.033139717591048945,0.10623089607560221,0.2787524366471735,0.3508771929824561,0.5672514619883041,-0.3313840155945419,-0.09420535054476364,0.6082137949810908,False,-0.007932543246647272,False,-0.019681543968248172,0.0829932977625496,0.02007668410928165,0.005578411661356419,False,568.8013340285034,False,True,0.8993439392620767,0.7252157121536361,0.002173166145329253,False,0.6611711470432143
MNST,412,0.34425218296883764,Monster Beverage,Consumer Staples,SP500,43.400001525878906,0.007194276449135728,-0.01542650356009545,-0.05611131017927662,-0.05682924912431497,0.12741921626425623,0.35282651072124754,0.2826510721247563,0.6179337231968811,-0.23196881091617932,-0.1314788780133589,0.3566740180180352,False,-0.05360021867337228,False,-0.07598035799360547,0.0352164761691478,0.08222807669826526,-0.015231656933154758,False,505.14928370183566,False,True,1.177771020081631,0.9195310391513942,0.008354620772261567,False,0.652535490549172
ALNY,413,0.3437728644289567,Alnylam Pharmaceuticals,Health Care,NDX,248.67999267578125,0.004727074441080781,-0.05981099177398397,0.11042641689901211,-0.1406752821866104,-0.21608932300387307,0.9551656920077972,0.1111111111111111,0.056530214424951264,0.09161793372319688,-0.4937502706367807,0.2102394288810685,False,0.019631614158720057,True,-0.02615688615186107,-0.21597004590862645,0.0268594456128588,-0.013799325616606795,False,487.29284584799194,False,False,0.712378925001302,0.7836939660193877,0.0021817646030732885,False,0.6022056491626513
MAR,414,0.3429454534357202,Marriott International,Consumer Discretionary,SP500,334.69000244140625,0.017078417941779556,-0.004106301820266722,-0.054176286573721644,-0.15500484362447187,0.06235067973413533,0.3664717348927875,0.09551656920077972,0.5107212475633528,-0.24561403508771928,-0.16686504077887032,0.3027986635978914,False,-0.03385348281924161,False,-0.06527549024105961,-0.028220693220799564,0.06983393455457132,-0.003853185286664007,False,560.8952693772583,False,False,0.6607381073108143,1.0933890087645572,0.0158324713256075,False,0.952945878561414
LLY,415,0.3362645578939739,Lilly (Eli),Health Care,SP500,1115.699951171875,-0.006500488716050801,-0.0378579038792064,-0.08439156380888835,-0.037599560193002035,0.1452770956585221,0.20662768031189083,0.33723196881091616,0.6296296296296297,-0.5204678362573099,-0.12859085793120018,0.5711617533628102,False,-0.05698854885320204,False,-0.05739657131152709,0.050567095762287906,0.06089153674243275,-0.023129683201802753,False,3040.5874555500486,False,True,0.8839443190128975,0.8172983342909953,0.005707955636409245,False,0.7103254691813394
PPG,416,0.33552355012340596,PPG Industries,Materials,SP500,105.5,0.004283645265773739,-0.04740406320541757,-0.0794066195051133,-0.10219755555049137,0.060739332022683445,0.2378167641325536,0.1617933723196881,0.5009746588693957,-0.3859649122807018,-0.18316852094631286,0.14054928927726973,False,-0.05518016647264168,False,-0.07620034175566759,-0.04443562055370642,0.08248578690804576,-0.030529029291575527,False,193.07436153659057,False,False,0.6107686268656776,1.062011427355932,0.015421181057837074,False,0.9433261487815346
CHD,417,0.33543085262623834,Church & Dwight,Consumer Staples,SP500,94.1500015258789,0.002235459644613469,-0.04503494245800388,-0.06719591757443089,-0.027224163983809002,-0.04452009902887444,0.290448343079922,0.3723196881091618,0.26900584795321636,-0.1968810916179337,-0.09989176465336569,0.16588425703774234,False,-0.04932598997344195,False,-0.04766952298102001,-0.005203834437500832,0.050055652036083975,-0.027212557323500697,False,177.10124920391846,False,False,1.0055596923707744,1.105093831985118,0.006493512821995617,False,1.0977034171632722
MLM,418,0.3339000087738372,Martin Marietta Materials,Materials,SP500,509.9599914550781,0.014906343097456087,0.0020041439241933467,-0.06088041275839129,-0.09681502174784651,-0.12913977795274512,0.3216374269005848,0.1695906432748538,0.11695906432748537,0.021442495126705652,-0.276743099368283,0.014906343097456087,False,-0.0233698517926636,False,-0.06481457060284546,-0.1464003499744625,0.0693066514569487,-0.003594084559566668,False,337.2675300421753,False,False,0.7142707381766165,1.2917061878044467,0.01142354811318147,False,1.1410369096729904
SNPS,419,0.3330380746386514,Synopsys,Information Technology,SP500,397.3800048828125,0.0005287193090581788,-0.04547090578365687,-0.03623399829263807,-0.1291064949021553,-0.050964836348103004,0.4834307992202729,0.1286549707602339,0.2573099415204678,0.09551656920077972,-0.25662225625243273,0.06727907827452118,False,-0.032819815307020384,False,-0.026417401330410817,-0.11174264597693373,0.02713421682609196,-0.015505403062015088,False,727.5156883397217,False,False,1.5536011710548026,1.0465955981574722,0.005866471519732519,False,0.654513844501828
DD,420,0.3328074753092778,DuPont,Industrials,SP500,126.98999786376953,-0.0025919088269374946,-0.03157177506965536,-0.11651526344669827,-0.09230938114892262,-0.05855879601103198,0.1111111111111111,0.19103313840155944,0.24171539961013644,0.007797270955165692,-0.16832463775415318,0.3968581328422476,False,-0.059428625043655425,False,-0.0739885735241067,-0.06543262303564834,0.07990028136659588,-0.02688125089794524,False,194.35466408868407,False,False,0.7064967377319646,0.8784086682665588,0.014687423429659674,False,0.6048118448865206
SRE,421,0.32911292691393623,Sempra,Utilities,SP500,83.33999633789062,-0.007857186453683052,-0.01454420434400061,-0.03002795491198229,-0.0830719424315498,-0.09302761774137258,0.50682261208577,0.21442495126705652,0.1793372319688109,0.08382066276803118,-0.15854039280193588,0.041058249204425135,False,-0.016352849991355778,False,-0.05385342801900361,-0.07516655622291402,0.056918694855330854,-0.010691964965060086,False,312.49072372836304,False,False,1.554925525152612,0.7748180506277407,0.006428582327706378,False,0.48059426357385415
VRT,422,0.3265664160401002,Vertiv,Industrials,SP500,257.05999755859375,0.03598916898421356,-0.0437822772814368,-0.10854483764385148,-0.13685556018494704,-0.03091913179954109,0.1364522417153996,0.11695906432748537,0.29239766081871343,0.09161793372319688,-0.31660557499995945,0.908507512786402,False,-0.03486805768122114,False,-0.07775409724993776,-0.008901880893279923,0.08430950684419569,-0.024503535015402367,False,1451.0068936243592,False,False,0.8550715733314157,1.220275311477931,0.01761171575864595,False,0.884880197065693
IBM,423,0.3233897147739974,IBM,Information Technology,SP500,243.2899932861328,0.03961195130515072,0.03655569139293413,0.030977191672779902,-0.10847656248689497,-0.003396735563545694,0.8284600389863548,0.1442495126705653,0.33723196881091616,-0.40740740740740744,-0.25573238943922305,0.19082095061763904,False,0.037979736006698905,True,0.026093764327252078,-0.05711549609230138,-0.025430194816903673,0.029322412539209752,False,2031.0983109035644,True,False,0.4254889827996344,0.5801300009685353,0.007520701114024586,False,0.5535874997606418
CSGP,424,0.3222237481069493,CoStar Group,Real Estate,SP500,30.459999084472656,0.03289248290549285,-0.03851013917142565,-0.0013115054271259918,-0.06707510992519927,-0.29750925609533363,0.6900584795321637,0.25146198830409355,0.031189083820662766,0.1286549707602339,-0.6587497383432281,0.12232865768193468,False,-0.03680751333241916,False,0.0037500278517199614,-0.2915949787574047,-0.0037360176813603374,-0.006984534201178061,False,214.44907426151656,True,False,0.8978419907321694,0.7880030664280663,0.0077992385222593885,False,0.8752414980536062
CARR,425,0.32184246766078056,Carrier Global,Industrials,SP500,57.459999084472656,0.014477395897961154,-0.027420492491090243,-0.08909325592021888,-0.17311978382575366,0.02446500506050331,0.17348927875243664,0.07602339181286549,0.4152046783625731,-0.12475633528265107,-0.24122862296248992,0.15409585508961077,False,-0.03130639264368018,False,-0.0943806382798521,-0.06078733441348805,0.10421667454258499,-0.012605567954678265,False,385.2738121337128,False,False,0.5208773929664026,0.892742983301785,0.012182246625030091,False,1.0139608949274643
AXON,426,0.3209826316170944,Axon Enterprise,Industrials,SP500,479.3399963378906,0.0010232645465793055,-0.10928184596888979,-0.2008070076960995,0.07427158947607304,-0.04016819744445532,0.01364522417153996,0.672514619883041,0.2787524366471735,-0.31189083820662766,-0.3835489778507176,0.38561598241035755,False,-0.15566567150209154,False,-0.1490496440754503,-0.050426796286757725,0.17515668574285903,-0.06653265125612373,False,495.98499358068847,False,False,0.7522225089469623,0.8386277001270648,0.003341351327391884,False,0.6819566019534011
MGM,427,0.32020462114189585,MGM Resorts,Consumer Discretionary,SP500,39.88999938964844,-0.02062362293220321,-0.03014835026172824,-0.092996821172316,-0.15523086915637185,0.0988980779074693,0.16374269005847952,0.0935672514619883,0.5536062378167641,-0.6842105263157895,-0.21305976582469144,0.2985026133222468,False,-0.05586917388236712,False,-0.09969487329439564,0.0030034627999044883,0.1107345391436334,-0.027492002044915198,False,101.03239921064758,False,True,0.3456037176268667,0.9998573820628892,0.0024552489551259438,False,0.9763333693052659
TAP,428,0.3197819510725062,Molson Coors Beverage Company,Consumer Staples,SP500,38.93000030517578,0.01274718251749185,-0.040423943849762,-0.05259145456981118,-0.03777735662973447,-0.0877702181231601,0.3742690058479532,0.33528265107212474,0.19298245614035087,-0.023391812865497075,-0.2595500677669976,0.024818437132868798,False,-0.0433177658801982,False,-0.04085689372891688,-0.09322271378320479,0.042597286538146095,-0.015142574372647322,False,117.35458624521637,False,False,1.1055042973608267,1.0726424384881186,0.014047891124328471,False,0.8933502905727058
IR,429,0.31685644857959205,Ingersoll Rand,Industrials,SP500,72.93000030517578,-0.0021890277839827776,-0.032758636216411285,-0.139367451691229,-0.003453324501162758,-0.10105143834312746,0.0682261208576998,0.4600389863547758,0.16569200779727095,-0.24171539961013644,-0.2610004016957187,0.0643013375746182,False,-0.06298180268050024,False,-0.10013639685364562,-0.1102553712429355,0.11127952781234929,-0.027409894478819585,False,316.20360789105223,False,False,0.6309213089844913,0.9612072056363227,0.018060027231584952,False,1.4770486029891579
TSCO,430,0.31668574022575463,Tractor Supply,Consumer Discretionary,SP500,33.0099983215332,-0.015214860658283369,-0.045953763662074265,-0.08761877288169406,0.06327726066464567,-0.3033698123293318,0.19103313840155944,0.631578947368421,0.025341130604288498,-0.16374269005847952,-0.44225823278182674,0.140633088006074,False,-0.04988657295227772,False,0.006990906120158513,-0.19341151538082346,-0.006942372644747841,-0.03494345179803238,False,336.0768829138031,True,False,0.7424961157342401,0.9526424465040255,0.008651578507367752,False,0.7946133570526301
ECHO,431,0.3144684389817771,EchoStar,Communication Services,SP500,93.13999938964844,0.014044648197689469,0.03730925982808153,0.006918912320523551,-0.2730820585323934,-0.13527063242659165,0.7348927875243665,0.017543859649122806,0.11306042884990253,0.005847953216374269,-0.3431593978481664,0.3916031520239782,False,0.048980182739856604,True,0.030743003295913285,-0.13873297830059916,-0.029826060616088723,0.028368056681131737,False,368.01425338893125,True,False,0.46323546137133453,0.6789256267456056,0.009363098798459646,False,0.4392616145369215
KLAC,432,0.31425443364881,KLA Corporation,Information Technology,SP500,180.63999938964844,0.019528202149768692,0.04452409413403946,-0.1316006409406253,-0.2501195756200909,0.2846114623223943,0.07797270955165692,0.023391812865497075,0.834307992202729,-0.672514619883041,-0.4006026265000727,0.8839284982540707,False,-0.01720864452909865,False,-0.0891082354018099,0.04668742884763044,0.0978252728425062,-0.00026372239146654763,False,2198.9363866193544,False,True,0.5236304654610394,0.9501848283402367,0.025567300064039067,False,0.6597976864712847
DOV,433,0.31369042850657847,Dover Corporation,Industrials,SP500,189.0500030517578,0.00896625915755389,-0.01057206361557983,-0.08900427741294636,-0.13260933517542817,-0.06763572115962047,0.17543859649122806,0.12280701754385964,0.22807017543859648,-0.07212475633528265,-0.18369612755801978,0.18506603690567736,False,-0.041647642716138855,False,-0.074592876185676,-0.09629392367762168,0.08060547003163387,-0.015606588158408208,False,237.99383851239014,False,False,0.6703309856610958,1.1274518169128012,0.01211508956405316,False,0.8854031476853808
TDY,434,0.31238999324796013,Teledyne Technologies,Information Technology,SP500,603.7899780273438,0.012221254027399375,-0.0067119896073455365,-0.12046790686459474,-0.031968965843874986,-0.06616457431101219,0.10331384015594541,0.3567251461988304,0.23196881091617932,-0.20857699805068225,-0.12658760496294497,0.24628971144961298,False,-0.035767314535512185,False,-0.06051840450646573,-0.019763379222337507,0.06441680688238915,-0.006299859033220501,False,215.06760094177247,False,False,0.657197932870754,0.6882486668706099,0.012372179183256504,False,0.7220624242280173
PSA,435,0.3117413015033779,Public Storage,Real Estate,SP500,296.5,0.006449402094773848,-0.03019007181058475,-0.08368869428275905,-0.07839491019111444,0.015317261040935781,0.21052631578947367,0.22417153996101363,0.38596491228070173,-0.21832358674463936,-0.10279299511369688,0.1697126227303114,False,-0.049624660063964154,False,-0.06871823041418668,0.004311598163508457,0.07378887105752008,-0.016337201963033343,False,313.666343890625,False,True,0.7308103852687882,0.7211530660262547,0.007637474383518583,False,0.6937631394533987
EW,436,0.3110422555628035,Edwards Lifesciences,Health Care,SP500,84.37000274658203,-0.027659259990027385,-0.06025836607565627,-0.09328318130572921,-0.016208014867355236,-0.002836518875289684,0.1617933723196881,0.41130604288499023,0.34307992202729043,-0.30994152046783624,-0.11357425429642398,0.1613214174060038,False,-0.05922622976001024,False,-0.05445959825463864,-0.007079980274619868,0.057596267863448514,-0.03771211928852758,False,344.59131141384887,False,False,0.8310966922692066,0.773433508022791,0.008528356826013495,False,0.972054956758
NRG,437,0.31094669703177275,NRG Energy,Utilities,SP500,113.45999908447266,0.016211352743906726,0.014485003573209143,-0.05967184119933622,-0.0795251028750038,-0.24910302437489418,0.33528265107212474,0.2222222222222222,0.042884990253411304,0.14619883040935672,-0.37938684805469614,0.0360697367472278,False,-0.014239924595208509,False,-0.09069686793380538,-0.2168624368478842,0.09974327013227846,-0.006561880190828373,False,337.06483394163513,False,False,0.9139938723178694,1.0159068870853802,0.0173756810165564,False,0.559803780118309
GEHC,438,0.3099264523561568,GE HealthCare,Health Care,SP500,63.93000030517578,-0.004825615954271112,-0.08304648327814457,-0.11552294708273814,-0.00843103650463195,-0.09004366565638033,0.11500974658869395,0.43664717348927873,0.18518518518518517,-0.27095516569200784,-0.273790180840214,0.0753319044653098,False,-0.09875873148656078,False,-0.06384395940772614,-0.11831089607816792,0.06819798905248131,-0.04997580410443725,False,279.8378305476761,False,False,0.4755100409796238,0.7600823750677617,0.011207989487016956,False,0.7659016431131117
TTD,439,0.30731070446283143,Trade Desk (The),Communication Services,SP500,14.34000015258789,0.02648531699976653,-0.049701788761836285,0.0630096661150108,-0.241269817882514,-0.45937793180701814,0.9025341130604289,0.029239766081871343,0.001949317738791423,0.021442495126705652,-0.7350822119042091,0.10053725606009545,False,0.04169693949868969,True,-0.11578635644407875,-0.4151706886177421,0.1309483938501974,0.01671444914291409,False,330.6630473044052,False,False,0.5940532100807423,0.7915047516666917,0.0035791116520498267,False,0.5267763460670806
HLT,440,0.30723040477907093,Hilton Worldwide,Consumer Discretionary,SP500,306.19000244140625,-0.00016323078161839533,-0.025958337851669344,-0.050229684188146106,-0.10393311762021329,0.04150010717868846,0.3820662768031189,0.15984405458089668,0.45419103313840153,-0.23391812865497075,-0.12532288545876458,0.19490033717960076,False,-0.04315043872527158,False,-0.05119550228776926,-0.022746993451359443,0.05395790430084646,-0.014448417847838457,False,620.578336536438,False,False,0.8324812684397992,0.8389502366269899,0.010612591769979751,False,0.8466380644253763
AMAT,441,0.3058822856227326,Applied Materials,Information Technology,SP500,456.489990234375,0.005462391611211981,0.047211549171553235,-0.1663265634835186,-0.17309980494831168,0.35661700987044354,0.031189083820662766,0.07797270955165692,0.8810916179337231,-0.8089668615984406,-0.3679417499177511,1.7354877738674093,False,-0.039858559373633806,False,-0.11611853041471332,0.11057387258323148,0.13137341873361774,-0.008556587847781683,False,3969.7783938377074,False,True,0.5300257428235713,0.6676098656900711,0.015814613161255542,False,0.5497836480058982
IP,442,0.3047592344636324,International Paper,Materials,SP500,34.36000061035156,0.002041402535878145,-0.057080079438665776,-0.15529187750136642,-0.005685538834623527,-0.010667709679867632,0.042884990253411304,0.44834307992202727,0.3255360623781676,-0.43469785575048736,-0.27583684905542816,0.20046631137546256,False,-0.10836619743099318,False,-0.11782496171976675,-0.0836472325736417,0.1335618858015548,-0.048316448067094564,False,185.08404254510498,False,False,0.7055548507192879,0.9478750968428291,0.024205249174594767,False,0.9666473470678117
DOW,443,0.3043556379533308,Dow Inc.,Materials,SP500,29.030000686645508,-0.020580253561542472,-0.043807638240052515,-0.03935602355597578,-0.1267651928851823,-0.21060398017371396,0.46393762183235865,0.13060428849902533,0.05847953216374269,0.10721247563352826,-0.29148546961741073,0.47519585737742775,False,-0.04683881768211551,False,-0.027328749445708067,-0.06293143577655214,0.02809659422968891,-0.02499575084627559,False,278.86018186530686,False,False,0.9030094287636395,0.9618741819153199,-0.007422379145909375,False,1.1132634827551744
APP,444,0.30409890784800664,AppLovin,Communication Services,SP500,323.9599914550781,0.030112250039009414,0.03310161785602461,0.0664998058995292,-0.3230666642349702,-0.2790154204342743,0.9083820662768031,0.007797270955165692,0.03508771929824561,0.003898635477582846,-0.5583969435163539,0.08496599158827234,False,0.03830835270394961,True,-0.14201784298693299,-0.32765196685163356,0.1655254037931817,0.027494673760558808,False,2256.5369457977295,False,False,0.41926623763686843,0.6774469688178499,0.0033387972372804775,False,0.6263732594249841
PHM,445,0.30210648386567635,PulteGroup,Consumer Discretionary,SP500,118.26000213623047,0.015892091881475112,-0.04866861508473286,-0.08439146188315383,-0.044267457564582946,-0.014082764618002397,0.20857699805068225,0.3157894736842105,0.31968810916179335,-0.3313840155945419,-0.16692204485426299,0.07629495525938412,False,-0.05898265222074872,False,-0.07140869765883606,-0.053698792800255024,0.07690002854732803,-0.025348477500046873,False,195.31359805465698,False,False,0.785468917891915,1.014328489503155,0.015462549314815943,False,0.818820179270621
AKAM,446,0.30072727480802464,Akamai Technologies,Information Technology,SP500,106.79000091552734,-0.0031736800766115625,0.002723013291336507,-0.13023292085637128,-0.19379438696383866,0.012515404186466572,0.08576998050682261,0.05847953216374269,0.3762183235867446,0.017543859649122806,-0.337284340821541,0.4838126872896007,False,-0.027789774163564873,False,-0.0747206931030111,-0.029026454576457916,0.0807547435093885,-0.006922755270463932,False,399.49477405241396,False,False,0.751354442614759,0.9701777213417151,0.00466722685353238,False,1.0673849704880383
HII,447,0.298276894671992,Huntington Ingalls Industries,Industrials,SP500,279.69000244140625,-0.00702954127857891,-0.03797340531673232,-0.1401640680023113,-0.06630882011802863,-0.319259059096205,0.06432748538011696,0.25925925925925924,0.01949317738791423,0.011695906432748537,-0.37802663668307,0.04825165043142432,False,-0.05404693710259556,False,-0.0564623435800069,-0.18808198325696746,0.05984111306615847,-0.02295345866704812,False,137.90547649768067,False,False,0.4813112189251871,0.8010307985662215,0.00752652045345048,False,0.9658842238910098
STLD,448,0.2975408460267869,Steel Dynamics,Materials,SP500,239.7899932861328,0.01143070454761208,-0.02536278309199891,-0.08887453469330864,-0.14028319287808633,0.37679968796384666,0.1793372319688109,0.11306042884990253,0.8947368421052632,-0.5419103313840156,-0.15004309582959152,0.857314466542372,False,0.005514183123705552,True,-0.011189147764092078,0.13451624204718282,0.011315761491483611,0.0006383847719655389,False,278.1958407111511,False,True,1.2142325822760631,0.7956409594600915,0.00814068103962895,False,0.596587019033274
FSLR,449,0.29682635050335127,First Solar,Information Technology,SP500,209.02999877929688,0.008978136925187119,0.0077620317450788345,-0.07822906539195418,-0.22915518520264977,0.058058318295439726,0.23976608187134502,0.03508771929824561,0.49122807017543857,-0.2475633528265107,-0.3431893204106933,0.13172713715784523,False,-0.004227855061511354,False,-0.03631866533671835,-0.09022815556753794,0.03768742221141852,0.008325128704740559,False,481.0791402206116,False,False,0.5887657943351124,1.1079867534543792,0.012887957679895035,False,0.9504033114086077
CIEN,450,0.2966070045738395,Ciena,Information Technology,SP500,349.5400085449219,0.044775260328917765,0.1010521576051362,-0.19097322434732789,-0.2149049737510581,0.03773423530962661,0.017543859649122806,0.04873294346978557,0.442495126705653,0.03313840155945419,-0.44251992257588213,1.6625534109926048,False,-0.06892370392100455,False,-0.11234426916436513,-0.08095393509347604,0.12656288385431225,0.0036699491021694453,False,830.6782705105591,False,False,0.897492836538895,1.2002801537311045,0.007054088612991727,False,0.920238270087771
GE,451,0.2938340905536291,GE Aerospace,Industrials,SP500,323.6600036621094,-0.0015116157445662637,-0.0294470642938216,-0.11406121709615957,-0.026134621573959627,0.05661377200587325,0.12085769980506822,0.3762183235867446,0.47953216374269003,-0.4775828460038986,-0.1509889233888072,0.18595953418589373,False,-0.05751965777707013,False,-0.08451763151896363,0.006713744223144635,0.09232032688864877,-0.023492228595129228,False,1297.0794315913697,False,True,1.0372208240198117,0.9040383227474811,0.012771910308163159,False,0.6837296626868755
DHI,452,0.2926164345414526,D. R. Horton,Consumer Discretionary,SP500,137.88999938964844,0.01711287113735538,-0.04514925633349087,-0.05438216661818285,-0.10444250777848652,-0.002305677095023495,0.3645224171539961,0.15594541910331383,0.3469785575048733,-0.21637426900584794,-0.2154658149450065,0.04670196691860995,False,-0.04846684461874695,False,-0.06269195970200203,-0.07481430938662625,0.06688511887945658,-0.018621074068913,False,334.70049868527224,False,False,0.8023352656313605,1.102927334543388,0.01748170678725125,False,1.0919953677709153
RL,453,0.2911803862777187,Ralph Lauren Corporation,Consumer Discretionary,SP500,339.0899963378906,0.007187996594997248,-0.014846065333858904,-0.14446829540522388,-0.13572626934383325,0.017194152669831153,0.056530214424951264,0.1189083820662768,0.3898635477582846,-0.6276803118908383,-0.17943548669988174,0.13159130770770933,False,-0.05142355198927828,False,-0.09324382336073656,-0.07155988806549274,0.10283230019598966,-0.014790962922346829,False,232.8663147803955,False,False,0.5567047160957023,1.2256086437493798,0.011702770566686782,False,1.030728969078131
FTV,454,0.28789858970104104,Fortive,Industrials,SP500,54.689998626708984,0.0033021520953648853,-0.04886958910071326,-0.11022784102454175,-0.08404973863132514,-0.0003563020311656562,0.1267056530214425,0.21052631578947367,0.35477582846003897,-0.16374269005847952,-0.14562989634322943,0.15234667781879807,False,-0.06280378346137228,False,-0.09024969051849341,-0.05726790980311358,0.09920270383851748,-0.030046701398399045,False,149.9430358577423,False,False,0.7590308528718871,0.7539532286840113,0.011924445897884661,False,0.4989851554105146
JBL,455,0.28679671019252856,Jabil,Information Technology,SP500,318.0799865722656,0.05046234939000116,0.03974886444427983,-0.13112105890266534,-0.15585792933560016,0.26207888176913086,0.07992202729044834,0.09161793372319688,0.8011695906432749,-0.33528265107212474,-0.17498971393255158,0.6536991696713756,False,0.005428851517177202,True,-0.012501937909681793,0.07826005810880865,0.012660215133200259,0.024995718486994667,False,329.6191167158814,False,True,0.9067942017439616,0.8245587611079923,0.014398996185302604,False,0.8348314497556045
YUM,456,0.28047973815818084,Yum! Brands,Consumer Discretionary,SP500,140.8699951171875,-0.02098828469852787,-0.07184855941857371,-0.058266451649691575,-0.07626925907378346,-0.10215161369568371,0.3391812865497076,0.22807017543859648,0.15984405458089668,-0.037037037037037035,-0.15469453911445996,0.039039254669430035,False,-0.057218460545222505,False,-0.06942515922440129,-0.08093144647619877,0.07460459511944051,-0.041413448044463674,False,383.9393291855164,False,False,1.0610873213810523,0.8826599981534805,0.009104159873170481,False,0.8266159201321833
WY,457,0.2803754057899696,Weyerhaeuser,Real Estate,SP500,22.059999465942383,0.0031832512757075104,-0.033727652358963134,-0.10085150093861872,-0.08496026238676324,-0.025018756459387448,0.14230019493177387,0.20662768031189083,0.3001949317738791,-0.290448343079922,-0.16426775328736742,0.07091538607764702,False,-0.05770109235303977,False,-0.07219559469332648,-0.07530621686534511,0.07781337777703623,-0.027826428888908405,False,122.09562155604172,False,False,0.7402443640873247,1.0499193087285124,0.008640315417700162,False,0.9927959270391362
XYL,458,0.2781396031936767,Xylem Inc.,Industrials,SP500,106.95999908447266,0.0038479213605999707,-0.008619893506691456,-0.11943695312467117,-0.015432875398380563,-0.10191613111606135,0.10526315789473684,0.4171539961013645,0.1617933723196881,-0.1734892787524367,-0.2908836708104864,0.013616897657775295,False,-0.03721508329781498,False,-0.08110196375942058,-0.1283040282253921,0.08826002511794151,-0.010678303364615949,False,232.9269613491211,False,False,0.9387428780430611,1.8024585846740935,0.018676657032124844,False,0.9170436746149748
HD,459,0.27778254616754977,Home Depot (The),Consumer Discretionary,SP500,308.739990234375,0.009977388101049645,-0.02933321870972061,-0.09438554940113364,-0.04599498253013712,-0.07547866232710565,0.15984405458089668,0.3138401559454191,0.21052631578947367,-0.304093567251462,-0.2489340130012737,0.05323511820639237,False,-0.05109405936275768,False,-0.07464971680104526,-0.08733618839093049,0.08067184736030963,-0.02025188876531725,False,1252.4971804423828,False,False,0.7165148680174936,1.0381217503825584,0.011122358825379264,False,0.9254224322100482
PODD,460,0.2776833636602922,Insulet Corporation,Health Care,SP500,131.9600067138672,-0.02019591706142987,-0.12365516596339576,-0.09030739738869165,-0.11549028383658666,-0.4410132476819336,0.1695906432748538,0.1364522417153996,0.003898635477582846,0.023391812865497075,-0.6190090879582263,0.0,False,-0.0861748522879977,False,-0.13581503457049238,-0.36039889145450044,0.1571596822481065,-0.061299361904984306,False,246.2277854880371,False,False,0.656426480408427,1.0929852584346385,0.00534601470046403,False,1.0681204038557197
TXT,461,0.276939685591452,Textron,Industrials,SP500,81.0,0.022985697051919995,0.020794461220253746,-0.08853122858010198,-0.13559734368450926,-0.11453511482201761,0.18518518518518517,0.12085769980506822,0.13840155945419103,-0.11500974658869395,-0.19563897141984354,0.024667496553985924,False,-0.016515464990175643,False,-0.06829563052713605,-0.09995453261524423,0.07330182487581993,0.007992040718088234,False,139.73610112411498,False,False,0.7060393913800216,1.2561106104279476,0.01591323417753232,False,1.092902652614556
ISRG,462,0.27595796950519375,Intuitive Surgical,Health Care,SP500,369.1499938964844,0.024108091459268843,-0.0018386629004416566,-0.08004584443541107,-0.10595786061205004,-0.22976609769331113,0.23196881091617932,0.15009746588693956,0.05458089668615984,0.015594541910331383,-0.3773298320006869,0.11183063102048219,False,-0.011654540881513742,False,-0.022015072118073742,-0.19723213221594726,0.022510645604480795,0.011585307325238547,False,1181.0398817537232,False,False,0.6932180212258862,0.911761190707604,0.008600139202694201,False,1.0690944265186206
RCL,463,0.2730105324193283,Royal Caribbean Group,Consumer Discretionary,SP500,260.1400146484375,0.0043627846037110896,-0.02037271095169113,-0.15538956282974836,-0.09661056268985391,-0.018766818370861138,0.04093567251461988,0.17348927875243664,0.31189083820662766,-0.6198830409356726,-0.24465738615721333,0.06918536945345388,False,-0.07103800958867001,False,-0.1118554879357968,-0.09154725371564687,0.12594289151866178,-0.02225209962583874,False,590.9246819134521,False,False,0.5241489297534718,1.0329600151844827,0.01926562698827894,False,0.7705958127931187
VMC,464,0.2728224671267209,Vulcan Materials Company,Materials,SP500,252.74000549316406,0.008539502544004263,-0.02878225099701348,-0.09690562723564478,-0.09629316698235035,-0.03827374121713911,0.15594541910331383,0.17543859649122806,0.2807017543859649,-0.1442495126705653,-0.23057885722100369,0.011405042660677545,False,-0.0559768810678708,False,-0.09168041690132833,-0.11848136938292586,0.10093409699322642,-0.021723845239560835,False,276.3884491482849,False,False,0.8014233498380662,1.0317721854730464,0.010774129618843276,False,1.0322827331619702
LOW,465,0.27189339406354546,Lowe's,Consumer Discretionary,SP500,196.82000732421875,0.0011700035129600383,-0.02516090503137991,-0.08866969388454415,-0.10411048168419057,-0.1689830901909527,0.18128654970760233,0.15789473684210525,0.0935672514619883,-0.056530214424951264,-0.3076064544402243,0.0011700035129600383,False,-0.05462035079402061,False,-0.06791581209631903,-0.15751287462450914,0.07286446114815681,-0.021023969562288025,False,631.2404878060303,False,False,0.6150973738215219,0.9026468088685822,0.012259035083184822,False,1.1004320854583896
CRH,466,0.2706179451673324,CRH plc,Materials,SP500,88.55000305175781,0.010152855948751593,-0.03791827280589222,-0.0927146550831911,-0.15191367753881313,-0.1053022041935936,0.16569200779727095,0.09941520467836257,0.15594541910331383,0.01949317738791423,-0.31844614242696145,0.010152855948751593,False,-0.05317405628653238,False,-0.0961563160009552,-0.19693027117760176,0.1063860020302545,-0.02617170903240218,False,416.2563255582581,False,False,0.8247353038267644,1.059811648566759,0.019393074118442044,False,1.003590051744594
TDG,467,0.26815707457380134,TransDigm Group,Industrials,SP500,1140.3199462890625,0.011926683717888631,-0.015123127255482705,-0.07702272451519865,-0.0932498053566736,-0.06984787984285945,0.25146198830409355,0.1871345029239766,0.2222222222222222,-0.22807017543859648,-0.21357245083512932,0.013005376198914398,False,-0.03536432586311722,False,-0.07059586688837738,-0.09870982314944221,0.0759582020062941,-0.008797554678768749,False,464.9699230412598,False,False,0.6797225262394244,0.854729318975953,0.010001082175933984,False,0.9894594751356454
ROL,468,0.26746165260945365,"Rollins, Inc.",Industrials,SP500,34.72999954223633,0.004918928304114445,-0.027443281079848836,-0.04901426322810498,-0.2582524181671131,-0.3700616400262873,0.3898635477582846,0.01949317738791423,0.009746588693957114,0.009746588693957114,-0.46456553479395013,0.005500828652948098,False,-0.03400321037240306,False,-0.10472102647242598,-0.3240380124686427,0.11697027358947643,-0.014866352362671087,False,204.9353330492096,False,False,0.5709065410889291,0.9068740983114401,0.004918928304114445,False,0.6183275840911879
AOS,469,0.2614805659506452,A. O. Smith,Industrials,SP500,57.38999938964844,0.011990836116270831,-0.05187509421728942,-0.08308037626238052,-0.01572580882588659,-0.1277484909984028,0.21442495126705652,0.4152046783625731,0.12085769980506822,-0.13450292397660818,-0.27841700759865284,0.03509369062138812,False,-0.05301719149214312,False,-0.05651400607396395,-0.10961593131802239,0.059899146821245086,-0.023316630754194434,False,93.76349518817139,False,False,0.9690417531230308,0.8681190774899628,0.011109170839110893,False,0.9798488077880305
WMT,470,0.2614403207409696,Walmart,Consumer Staples,SP500,107.1500015258789,0.013430418271638045,-0.0117136751938276,-0.07416153114567159,-0.10865959379822432,-0.13961271080747983,0.2651072124756335,0.14230019493177387,0.1111111111111111,0.05458089668615984,-0.19965332509072908,0.07397042911054097,False,-0.0006647392013199305,False,-0.02717112068136629,-0.09359763198351334,0.02793001036358711,0.007140842532174396,False,2626.3157986108854,False,False,1.3947406021112871,0.7743085972239703,0.0044452244054313805,False,0.6973363918901098
LUV,471,0.25622198571008953,Southwest Airlines,Industrials,SP500,39.2400016784668,0.014215638957870924,0.013168142067089272,-0.12352616040517828,-0.1098714624171151,0.02553618786422418,0.09746588693957114,0.13840155945419103,0.4191033138401559,-0.5477582846003899,-0.27432494398636487,0.3461512087122869,False,-0.018006924545808767,False,-0.1128416821770204,-0.08318856961759491,0.12719452651238794,0.004082791196342583,False,220.14717441921235,False,False,0.6728254971734936,0.9483389001779801,0.02532953158493534,False,1.088971869997822
TKO,472,0.2550480081482245,TKO Group Holdings,Communication Services,SP500,190.30999755859375,0.0035330002694669016,0.004698550302247639,-0.02475146995060873,-0.1059794617263713,-0.046946104910878916,0.5516569200779727,0.14814814814814814,0.26120857699805067,-0.35672514619883045,-0.1473099373384562,0.09094980460329216,False,-0.0033438426688295886,False,0.010322472981073139,-0.032034073480077585,-0.010217008190083532,0.0030643525611697697,True,206.30415479864502,True,False,1.1266569655922487,1.1523340355188858,0.009966248659203591,False,0.748620749105642
VRSK,473,0.24780787585401862,Verisk Analytics,Industrials,SP500,176.1999969482422,0.0019333352479848909,-0.07555093753487463,-0.0231733441701919,-0.029227316614691468,-0.10559561816757068,0.5633528265107213,0.3645224171539961,0.15204678362573099,-0.2124756335282651,-0.32188856449780334,0.12650243339384293,False,-0.04877589889782674,False,-0.07354244870780735,-0.08723307008180436,0.07938026799526088,-0.03002524527213979,False,282.57868307901003,False,False,0.9883626363876641,0.7251503456557679,0.005060840364833119,False,0.451676991899471
LVS,474,0.239994583109219,Las Vegas Sands,Consumer Discretionary,SP500,42.83000183105469,0.005399140027512406,-0.037744249692900134,-0.0623905090867124,-0.1483204866658585,-0.19235662650255747,0.30994152046783624,0.10331384015594541,0.07407407407407407,0.017543859649122806,-0.3728523194787643,0.005399140027512406,False,-0.048507637790635716,False,-0.062750769744772,-0.19534868178340503,0.06695206324969072,-0.021671979197242175,False,229.16749892482758,False,False,1.0781422817763613,1.1251841623562577,0.005164348088809723,False,0.793434622181764
ZTS,475,0.23909373891349378,Zoetis,Health Care,SP500,72.97000122070312,0.0015097530802921089,-0.043518149888349233,-0.007750879626435614,-0.0973136363597753,-0.3608325522219672,0.6510721247563352,0.16764132553606237,0.011695906432748537,-0.025341130604288498,-0.4981683555601262,0.02252526318389081,False,-0.03338827963566349,False,-0.032776151985256186,-0.2787586172243003,0.03388683193919406,-0.019841173936658074,False,438.0493949898682,False,False,0.9955899308538544,0.8920996668113318,0.005215444005417513,False,0.8982776253164592
CDNS,476,0.23856082367257564,Cadence Design Systems,Information Technology,SP500,289.3699951171875,0.015511432605045394,-0.05087250563245893,-0.10447810248345257,-0.24592171136385754,-0.003272293273161586,0.14035087719298245,0.02729044834307992,0.3391812865497076,-0.07797270955165692,-0.30505058974215404,0.08924938315228914,False,-0.0787241087976912,False,-0.13476881318401157,-0.1144847707076524,0.15576046637888163,-0.029085474846915815,False,756.3608928062744,False,False,0.9426109638824492,1.3458336027231377,0.011440530297918805,False,1.1241182544761819
LMT,477,0.2366694895534117,Lockheed Martin,Industrials,SP500,524.1900024414062,-0.011186132819740902,-0.016436831907270966,-0.13068261069454257,-0.038725197866382954,-0.18679436068985,0.08187134502923976,0.3333333333333333,0.07797270955165692,-0.40155945419103317,-0.21547947321482974,0.21515274781948013,False,-0.057021968872036144,False,-0.05297827699745261,-0.049409099655708055,0.055941987085031286,-0.020575142039362504,False,616.6890089069824,False,False,0.7965232908058578,1.1358424389585862,0.003999085370697708,False,0.8827350023618328
LII,478,0.23405221577535926,Lennox International,Industrials,SP500,366.0400085449219,-0.01765870500372968,-0.051906285547885345,-0.13036039685394374,-0.2903366641158134,-0.23700028568598697,0.08382066276803118,0.009746588693957114,0.04873294346978557,-0.037037037037037035,-0.36113098744004213,0.0,False,-0.06788776405354524,False,-0.1996980881736935,-0.2603039871623928,0.24952844073304536,-0.036090274195472394,False,232.74510311584473,False,False,0.4777168871657922,0.9161834842512833,0.01135207729525578,False,1.1316669566394093
BSX,479,0.22690439950713925,Boston Scientific,Health Care,SP500,42.97999954223633,-0.0027841980541325473,-0.08455806509457808,-0.16413844665996613,-0.0888276190238968,-0.373012434298729,0.03508771929824561,0.19883040935672514,0.007797270955165692,0.031189083820662766,-0.5905887010109565,0.008210144624717586,False,-0.10602672939810853,False,-0.08430840206101131,-0.3457520762289208,0.09207073893740003,-0.05641901380222225,False,914.5524848778763,False,False,1.0810101389311704,1.150808955500445,0.002088170667614575,False,1.385885154410762
STZ,480,0.2218325494100548,Constellation Brands,Consumer Staples,SP500,122.44999694824219,-0.010984578282605462,-0.05143697868166608,-0.0859212390919768,-0.13768274944918346,-0.16236285383639748,0.1949317738791423,0.11500974658869395,0.09941520467836257,-0.050682261208576995,-0.25462951481664875,0.012150715411799018,False,-0.06164989009114474,False,-0.06713079428812219,-0.1453327346652422,0.07196163607618966,-0.026243083872510176,False,261.474897914917,False,False,1.2208284895755168,1.31510079429444,0.005653861492933565,False,0.9867015308362522
NOC,481,0.22022960750430112,Northrop Grumman,Industrials,SP500,518.969970703125,3.845938071922461e-05,-0.017548878734336193,-0.0969821857230686,-0.05645006649278517,-0.2888432634809044,0.1539961013645224,0.28460038986354774,0.03313840155945419,-0.1364522417153996,-0.31821477363134254,0.05102664728553408,False,-0.044179533795605685,False,-0.043645502675019876,-0.13056097352085394,0.04563736856688694,-0.010809050372866058,False,437.85706020629885,False,False,0.9363187878793907,1.0686278613408446,0.005877228482946695,False,0.7184322272009851
HON,482,0.217859336316438,Honeywell Technologies,Industrials,SP500,202.36000061035156,0.00089033505337488,-0.025381708561030725,-0.13755758399729678,-0.11678890693689392,-0.16626898176592464,0.07017543859649122,0.13450292397660818,0.09551656920077972,-0.26705653021442494,-0.215478236013666,0.03943293817968052,False,-0.058908876902576846,False,-0.10659510406681127,-0.11297531029563335,0.11931331980833781,-0.02510104450990036,False,735.4088524916382,False,False,0.518777016435266,0.7348342423459157,0.007122378541755348,False,0.8333176565398627
MCD,483,0.2167719527128323,McDonald's,Consumer Discretionary,SP500,252.52999877929688,-0.0020549467148379685,-0.02734663162957729,-0.07753017765806525,-0.10691097120118376,-0.20950321064870403,0.2475633528265107,0.14619883040935672,0.06237816764132553,-0.18518518518518517,-0.24505893262215683,0.0,False,-0.03589692026913882,False,-0.05288781096275241,-0.13210073096486974,0.055841125871807895,-0.015848729442532017,False,1196.0844845275878,False,False,0.7865500112762913,0.9496571535833347,0.0036751340231797602,False,0.9140994620896838
DPZ,484,0.21439233548101608,Domino's,Consumer Discretionary,SP500,311.6000061035156,-0.01796401484002652,-0.10209489900126445,-0.11907722201693305,0.0040555528731816,-0.2042275776967566,0.10721247563352826,0.4775828460038986,0.06627680311890838,-0.2124756335282651,-0.29740600917056204,0.10094338920764812,False,-0.07799873682190861,False,-0.07139747460388235,-0.13577239222063053,0.07688701317436752,-0.053845220048687414,False,295.5767795445557,False,False,1.0130082951932635,0.7135463015091804,0.009612412316060137,False,0.6756542677903808
LEN,485,0.21405873893256733,Lennar,Consumer Discretionary,SP500,79.5999984741211,0.0218228102046627,-0.05743041621533229,-0.06572768397542328,-0.1566649805351229,-0.13011471816210818,0.29239766081871343,0.08966861598440545,0.11500974658869395,-0.20662768031189083,-0.4084447460809928,0.0218228102046627,False,-0.057754025627916095,False,-0.06131366177417841,-0.1770883368074352,0.06531858329808582,-0.02477030473638009,False,211.21994711143495,False,False,0.7750213059773255,1.514027609288766,0.0218228102046627,False,1.457763155457966
GNRC,486,0.21231579710310786,Generac,Industrials,SP500,186.99000549316406,0.029283906962289885,0.02169162456576612,-0.15732307058830164,-0.27334545039253744,-0.08383145565254757,0.037037037037037035,0.01364522417153996,0.20077972709551656,-0.029239766081871343,-0.36729376704764594,0.3711961002306776,False,-0.0488761097648206,False,-0.10504549038809119,-0.10680974481974592,0.11737522886346863,-0.002649533990800146,False,216.52424022766112,False,False,0.6581482008126387,0.6035456944864758,0.01755932445400088,False,0.5398497611217026
APTV,487,0.2108316834704722,Aptiv,Consumer Discretionary,SP500,45.540000915527344,-0.003282944094770812,-0.021276550392045568,-0.06064353660209143,-0.3298999186429916,-0.3500784770391373,0.3255360623781676,0.003898635477582846,0.015594541910331383,-0.07407407407407407,-0.48641026439677193,0.02314092637239762,False,-0.025308974561110587,False,-0.12566331424285526,-0.30811144372883326,0.14372416975050673,-0.006383572530734516,False,199.06509142863464,False,False,0.6308923963353512,0.8763312170877018,0.012694284274187728,False,0.6017862814701763
CCL,488,0.2094078422845546,Carnival Corporation,Consumer Discretionary,SP500,22.75,0.01246109012914376,-0.031090270718412416,-0.17780990468840352,-0.18673005610327875,-0.03807597646455774,0.025341130604288498,0.06432748538011696,0.2826510721247563,-0.5750487329434697,-0.3199299150279582,0.01246109012914376,False,-0.08456230132704501,False,-0.13415050421199848,-0.17145235189525365,0.15493513002500436,-0.026826282056334083,False,483.15978809415816,False,False,0.6110668911308983,0.9871031579653513,0.02625723945782399,False,0.8837340643649505
FICO,489,0.2092737551641661,Fair Isaac,Information Technology,SP500,985.3900146484375,0.02573207467500649,-0.11934619024631055,-0.056329616159046636,-0.16870680149869977,-0.0989648881256533,0.3508771929824561,0.08187134502923976,0.1695906432748538,-0.10721247563352826,-0.4757308988591097,0.06832401299355295,False,-0.092821060506033,False,-0.1428396292772729,-0.23556439805354323,0.16664282922556906,-0.03140042053019776,False,383.5099043197022,False,False,1.2929892334605833,2.1259439693511535,0.004746684750969399,False,1.1732079409936795
AON,490,0.20588247635832352,Aon plc,Financials,SP500,302.69000244140625,-0.016505789237429402,-0.07434250017918576,-0.14096374439509263,-0.09484751283392312,-0.0371298146076976,0.06237816764132553,0.18323586744639375,0.28460038986354774,-0.4385964912280702,-0.2042701337335029,0.0,False,-0.10105250461643678,False,-0.137110284107268,-0.0973504195213627,0.15889664876283294,-0.04904251258044756,False,443.24265347277833,False,False,1.4959757335564539,1.621375591076739,0.010007528998244641,False,1.7622074995393693
CLX,491,0.20562193154118175,Clorox,Consumer Staples,SP500,87.76000213623047,-0.011377656246817303,-0.06925441421033585,-0.17019666827175384,-0.09679317767410689,-0.17314068451560072,0.029239766081871343,0.17153996101364521,0.08966861598440545,-0.6276803118908382,-0.29298199030459937,0.03094785103861275,False,-0.11902142661532511,False,-0.11033362731639085,-0.130787750185548,0.12401685699727882,-0.052837989048290734,False,271.2830379007568,False,False,0.6433630878844612,1.2060458339850426,0.008223537056882613,False,2.320324856697365
LHX,492,0.20316087021205984,L3Harris,Industrials,SP500,245.5399932861328,-0.011394298372150113,-0.05883713634264465,-0.15141893104062532,-0.20967284225291516,-0.30782388229730573,0.04678362573099415,0.050682261208576995,0.021442495126705652,-0.1111111111111111,-0.3432179620319894,0.0,False,-0.06768761315543681,False,-0.11737191447178741,-0.2097457829622098,0.13298003586816032,-0.03510637808199213,False,418.23508010510255,False,False,0.6399974208192629,0.9961368945070973,0.00885780186931684,False,1.27111589162447
ALB,493,0.20167370480997016,Albemarle Corporation,Materials,SP500,117.5199966430664,-0.0343467576827754,-0.10777914488812013,-0.0812223558447932,-0.25677776896411764,-0.2768944013655069,0.22417153996101363,0.021442495126705652,0.037037037037037035,0.015594541910331383,-0.45173487705984083,0.5644573133462483,False,-0.11311606097114091,False,-0.07295832851789974,-0.24504793769063715,0.07870016069639907,-0.0725514942824379,False,281.0299026964111,False,False,1.0895541197174277,1.3669785765501705,-0.005751823876708029,False,1.0755478480498022
PNR,494,0.20108356889178808,Pentair,Industrials,SP500,56.58000183105469,-0.0026440633243786094,-0.05731420527278608,-0.13972928814160956,-0.216932672855627,-0.3545393802526521,0.06627680311890838,0.042884990253411304,0.01364522417153996,-0.029239766081871343,-0.49027554406469165,0.0,False,-0.08030653174975821,False,-0.13529473573891815,-0.3287767154434005,0.15646341167418676,-0.03799367282989574,False,228.98818540843965,False,False,0.5488749068918152,0.6748624697478556,0.015335782459103386,False,0.5614559912318486
ODFL,495,0.20017757483510906,Old Dominion,Industrials,SP500,179.7899932861328,-0.0042094143050617205,-0.03208617342593367,-0.1528147387172748,-0.2732110047490075,0.02302242099126084,0.04483430799220273,0.015594541910331383,0.4093567251461988,-0.5984405458089669,-0.2760453739920965,0.43247568331448516,False,-0.08185356360414087,False,-0.14976187724016932,-0.0876623019841275,0.17614109886539753,-0.0344313483629749,False,347.6019108630066,False,False,0.7779284750495605,1.0304047508331395,0.009471013160758268,False,0.7770152098134053
FER,496,0.19640539705427953,Ferrovial,Industrials,NDX,56.150001525878906,0.01171173920502544,-0.03356277107495542,-0.14846831290651918,-0.16629542987362844,-0.11887901410899959,0.050682261208576995,0.08382066276803118,0.1286549707602339,-0.12280701754385964,-0.23769646707291403,0.02700407762744339,False,-0.06550996946597876,False,-0.10678917611053096,-0.15232135479284215,0.11955651818628832,-0.023610365103080344,False,88.38459334835052,False,False,0.9128647532510266,1.0390696336055545,0.010630633379961951,False,0.8266978988889768
ALGN,497,0.19601705939124828,Align Technology,Health Care,SP500,150.82000732421875,0.0006635224436415399,-0.05654943858136974,-0.1333179886142184,-0.14554409371772004,-0.09645333705570269,0.07602339181286549,0.10916179337231968,0.17153996101364521,-0.33528265107212474,-0.23639303570028314,0.20771949584656801,False,-0.05739557585286137,False,-0.11025894336831754,-0.11738969653379205,0.1239225081797708,-0.026590960459803692,False,151.59027918289183,False,False,0.7654217344202923,0.9778175401304534,0.01711784640498193,False,0.6813310028691093
HWM,498,0.18462499475477126,Howmet Aerospace,Industrials,SP500,229.61000061035156,0.007459071216384672,-0.11854578210947475,-0.18471044764604072,-0.13181780574997892,-0.05741039626454991,0.01949317738791423,0.1267056530214425,0.24561403508771928,-0.30409356725146197,-0.21541088194394842,0.24986708287591375,False,-0.1207987483466394,False,-0.1565926721072156,-0.06649453870770594,0.18566671989731875,-0.054067916280100214,False,713.4490333864441,False,False,1.861188357616771,2.1082321147506904,0.01671711420022759,False,1.3950450083271202
TPR,499,0.17103298581308676,"Tapestry, Inc.",Consumer Discretionary,SP500,118.48999786376953,0.022611504747416467,-0.029859937143089543,-0.22636161258008125,-0.18193022004370707,-0.1639529505546078,0.005847953216374269,0.0682261208576998,0.09746588693957114,-0.6627680311890838,-0.27819415629322264,0.21461225675351336,False,-0.05020318286905878,False,-0.14103722595509116,-0.13947304002633454,0.1641948058947167,-0.011847219234299322,False,399.5906025066986,False,False,0.6823348699845769,1.1739194260119779,0.015793511334098342,False,0.7892284932277468
NKE,500,0.16989524801348882,"Nike, Inc.",Consumer Discretionary,SP500,36.79999923706055,0.00491535528197562,-0.05081251476510196,-0.08194578522388307,-0.19080996433973652,-0.30679557275798086,0.21832358674463936,0.06042884990253411,0.023391812865497075,-0.13840155945419103,-0.49023246213798966,0.00491535528197562,False,-0.05057309172457036,False,-0.09778431220589168,-0.26314100408572116,0.10838241179885877,-0.02556559670310765,False,955.6344108732071,False,False,0.8837566137544554,1.2112503369719685,0.00491535528197562,False,0.8016553854321256
IDXX,501,0.16554132668047591,Idexx Laboratories,Health Care,SP500,504.70001220703125,-0.0036127901144566987,-0.04645840057648354,-0.11546146536786095,-0.09537374038609547,-0.1164370497841315,0.11695906432748537,0.1793372319688109,0.13255360623781676,-0.3313840155945419,-0.34170707853535687,0.0,False,-0.06800152459259334,False,-0.09234485640521772,-0.16366031586854346,0.10174002434392038,-0.03677488322888389,False,328.21809082183836,False,False,0.8257918547507535,0.8169319801720824,0.006613638109468134,False,0.6771316326358563
DECK,502,0.16418061897513953,Deckers Brands,Consumer Discretionary,SP500,81.2699966430664,0.01740109460993966,-0.03822489179803068,-0.10888158593701769,-0.28941160539147426,-0.19286925541233124,0.13450292397660818,0.011695906432748537,0.07212475633528265,-0.17543859649122806,-0.3280139325080583,0.02175000889648393,False,-0.06527656437753038,False,-0.14952357358130175,-0.2071560181421045,0.17581154390244058,-0.023410416810113355,False,233.12345194007872,False,False,0.8564537940873665,1.2710766078336948,0.015022591623654158,False,1.232992435289383
TJX,503,0.162382173088734,TJX Companies,Consumer Discretionary,SP500,126.0199966430664,-0.00316406843594752,-0.04667528318622072,-0.1716295760317561,-0.24903397368342084,-0.18588043605444637,0.02729044834307992,0.025341130604288498,0.07992202729044834,-0.33723196881091616,-0.24934617645700807,0.0,False,-0.0788449692420351,False,-0.14694377937508096,-0.17872935320569794,0.17225568001536296,-0.031009870543767692,False,911.585910973938,False,False,0.7599341975475304,1.242822222243505,0.005537134850304604,False,0.9497508608777944
WYNN,504,0.15345784552705966,Wynn Resorts,Consumer Discretionary,SP500,87.69999694824219,-0.008142968057151645,-0.04215815545300072,-0.1462106057819632,-0.18408636025449943,-0.10774742087312728,0.05263157894736842,0.06627680311890838,0.14619883040935672,-0.4191033138401559,-0.3362545028682201,0.0,False,-0.07967576284037892,False,-0.0973657295976934,-0.17301330311374863,0.10786841668918368,-0.03591534088813608,False,150.7082762611084,False,False,0.8379022325695458,1.1756401412530622,0.00859536475875422,False,1.3065332489113841
NCLH,505,0.15313645605642723,Norwegian Cruise Line Holdings,Consumer Discretionary,SP500,14.819999694824219,0.017158545314782003,-0.04939066390168412,-0.21670192203682248,-0.22245539821207572,-0.23843780102491074,0.007797270955165692,0.03898635477582846,0.04678362573099415,-0.7134502923976608,-0.4439024425156247,0.017158545314782003,False,-0.09889643851017316,False,-0.18803420254818837,-0.2510669431251866,0.2315789693830641,-0.036893227654837935,False,264.4916257052154,False,False,0.5991383378049971,1.119165063800002,0.021962982512086837,False,1.0707283315804577
SYK,506,0.14997501363759475,Stryker Corporation,Health Care,SP500,275.55999755859375,0.02055474831390991,-0.10529560603934751,-0.2063592513458946,-0.09600965986344157,-0.17842511440295283,0.009746588693957114,0.17738791423001948,0.08771929824561403,-0.5730994152046784,-0.2849758657429752,0.02055474831390991,False,-0.12550757287895709,False,-0.1521945622925086,-0.1786037776464875,0.1795159072157526,-0.05552632134114299,False,817.3153308236695,False,False,1.0349515463043202,1.6818786423547258,0.002629500497757231,False,1.4712785006376936
CASY,507,0.14936656710268822,Casey's,Consumer Staples,SP500,615.469970703125,-0.019390165797713466,-0.18848397382478432,-0.26645060461196857,-0.32779120014201646,-0.08526319866782572,0.003898635477582846,0.005847953216374269,0.1968810916179337,-0.21052631578947367,-0.32779120014201646,0.20215520666263598,False,-0.20428868785106746,False,-0.24558468529055655,-0.15484748912097768,0.32552982488848503,-0.11575511478145262,False,327.04339839367674,False,False,1.0848393871897826,2.706956052715739,0.0013382923343137065,False,1.498358357973964
HRL,508,0.14827174481103825,Hormel Foods,Consumer Staples,SP500,20.56999969482422,-0.01295587599744541,-0.051199289424666894,-0.1566215576227319,-0.14825556967327824,-0.06990981804232499,0.03898635477582846,0.10526315789473684,0.2202729044834308,-0.7387914230019493,-0.21476296911899218,0.05454077878520458,False,-0.0906277757661752,False,-0.14378108479563423,-0.10533843378005747,0.16792561136227158,-0.03903963852662218,False,103.49246312611389,False,False,1.1269968823089864,0.9713492459583568,0.00527834018935458,False,1.0397145658071723
BLDR,509,0.13197338857036045,Builders FirstSource,Industrials,SP500,60.369998931884766,0.02374084589115011,-0.05936430905538281,-0.166275433245488,-0.23164058589322323,-0.30288683607857925,0.03313840155945419,0.03313840155945419,0.02729044834307992,-0.25146198830409355,-0.5770335546907281,0.02374084589115011,False,-0.09365243784255017,False,-0.14891759824418904,-0.32458702872750733,0.1749743596354092,-0.039258274679216165,False,152.9940990827713,False,False,0.7955916400696085,1.1992387534358,0.005087319498905174,False,0.9294397073277074
EIX,510,0.12530698893352102,Edison International,Utilities,SP500,56.0,-0.013215859030836996,-0.005328583323728875,-0.19308359122848306,-0.21668818274691748,-0.19181227929084144,0.015594541910331383,0.04483430799220273,0.07602339181286549,-0.20662768031189083,-0.3033092571097502,0.11652703801423336,False,-0.14748508732595067,False,-0.21265032426919384,-0.16916167234267132,0.2700837135314942,-0.05056129136015619,False,293.8828625338745,False,False,3.47902762499947,1.1553500623636428,0.00969161651208017,False,0.9377558130497211
LULU,511,0.12369107700758747,Lululemon Athletica,Consumer Discretionary,SP500,98.97000122070312,0.02157312166120473,-0.1872382035879896,-0.18118640711703138,-0.18770515269685073,-0.3743599488383489,0.021442495126705652,0.06237816764132553,0.005847953216374269,-0.14035087719298245,-0.5415508663045119,0.02157312166120473,False,-0.1330778388638727,False,-0.15502841415687518,-0.34651461925473626,0.18347174834546132,-0.0670175958307141,False,496.4850140327911,False,False,1.8220483867285702,3.2668567343325177,0.004128835024969968,False,1.2927048507149002
PCG,512,0.1146055778716197,PG&E Corporation,Utilities,SP500,13.800000190734863,-0.016393410307472656,-0.011461307089892236,-0.20598384021290317,-0.17569155361134092,-0.23188478188654948,0.011695906432748537,0.07407407407407407,0.05263157894736842,-0.3391812865497076,-0.27368697115196394,0.0399396921392805,False,-0.1411768270406566,False,-0.18186344577484959,-0.17216525281689687,0.22228984249101402,-0.05023137282912049,False,547.2104437802582,False,False,3.606590043207829,1.3742092751192307,0.008553092504847148,False,0.7839240580163832
COO,513,0.08415044460466234,Cooper Companies (The),Health Care,SP500,53.90999984741211,-0.00479967381062707,-0.2368346501527283,-0.2974065230176923,-0.2014516643233769,-0.24622479896832494,0.001949317738791423,0.05263157894736842,0.04483430799220273,-0.8421052631578947,-0.3606499046189958,0.0,False,-0.23443413673569258,False,-0.24820942582475625,-0.2627651998339364,0.33015767203127777,-0.1524652361717208,False,169.5291721875534,False,False,1.7536568831366122,3.175725603839901,0.009045628484951829,False,2.6152129041376972
