Ticker,rank,score,name,sector,index,price,ret_1d,ret_1w,ret_1m,ret_3m,ret_6m,rs_1m,rs_3m,rs_6m,rs_3m_chg,pct_from_52w_high,pct_from_52w_low,new_52w_high,pct_vs_20dma,above_20dma,pct_vs_50dma,pct_vs_200dma,dist_to_50dma,pct_vs_9ema,pullback_9ema,avg_dollar_vol_m,above_50dma,above_200dma,vol_ratio_20_60,volume_x,gap_pct,gap_up,rvol
LITE,1,0.90252572069443,Lumentum,Information Technology,SP500,1084.6199951171875,-0.0007370868380290885,0.17724567630658483,0.27998395195382075,0.5518736844421781,0.40443874497788523,0.9883040935672515,0.9883040935672515,0.9025341130604289,0.834307992202729,-0.0007370868380290885,6.249649025415098,True,0.13943268468198577,True,0.22492525779471406,0.44756823453006267,-0.1836236589648389,0.07675340913731477,False,4215.712373560717,True,True,0.8072653983902641,0.9906665061958358,0.006329342410350325,False,0.2820659147181107
MU,2,0.8869948844714526,Micron Technology,Information Technology,SP500,1066.219970703125,-0.008065982404858563,0.011613114538410185,0.11277865970956569,0.13623475047966038,1.82291393973241,0.9239766081871345,0.8713450292397661,0.9941520467836257,0.5906432748538012,-0.1212763035647546,4.876998651018061,False,0.037700839913187956,True,0.11186051048000678,0.555011811271287,-0.10060660435877411,0.0018612956177836981,False,28845.746570334555,True,True,0.47721675902249305,0.8459635297123499,-0.004967918342844602,False,0.18909571622364924
AMD,3,0.8857585363713698,Advanced Micro Devices,Information Technology,SP500,630.8400268554688,-0.004842874255210017,0.03778773738265029,0.38293585976632394,0.22229765894909925,1.8651105815249585,1.0,0.9298245614035088,0.9961013645224172,0.8050682261208577,-0.004842874255210017,2.3036922594267475,False,0.0987315639499029,True,0.22324092607177337,0.6740619415068474,-0.182499556149313,0.02866440315008245,False,11618.596129688322,True,True,0.7522684603298402,0.6654035520540389,-0.005631629790195047,False,0.20742414342996887
MRVL,4,0.8783805022449579,Marvell Technology,Information Technology,SP500,271.54998779296875,-0.0027177668248191678,0.07800712335292603,0.300339919609133,0.17736013526843375,1.4815352127759258,0.9961013645224172,0.9044834307992202,0.98635477582846,0.884990253411306,-0.1416206542384153,2.685784886424192,False,0.09241580309228947,True,0.1895833113916532,0.6182498169251631,-0.15936951164006008,0.031968202560122005,False,4814.394822644134,True,True,0.5342255072566492,0.6461097393515045,0.01442213019166716,False,0.23429648774634237
NVDA,5,0.8743638014366204,Nvidia,Information Technology,SP500,237.0800018310547,0.0133789481668809,0.03591715983038113,0.03893757023169231,0.2052266832480334,0.3376599672930407,0.8323586744639376,0.9220272904483431,0.8732943469785575,0.4288499025341131,0.0,0.4386505609545277,True,0.05793528507805967,True,0.08390078642980514,0.18139531231154193,-0.07740633412229625,0.030877787358854825,False,26251.811613586553,True,True,0.6081477786987555,0.8106607015685601,0.009061809803936782,False,0.2560398109449541
DDOG,6,0.8698563379529494,Datadog,Information Technology,SP500,278.0,0.002813645393053399,0.03461104343308774,0.29446827673089326,0.08251237351681184,1.3862660944206007,0.9941520467836257,0.8011695906432749,0.9844054580896686,0.6647173489278753,-0.03522468891715713,1.7091556379416346,False,0.12384191138240563,True,0.13337591807390403,0.49846528259032485,-0.11768021178760124,0.03814445232199137,False,1030.6806297622486,True,True,0.6001562016973869,0.533084900670316,0.002128260353844169,False,0.10645041723568849
HPE,7,0.8657749777793037,Hewlett Packard Enterprise,Information Technology,SP500,68.22000122070312,-0.016010393495393904,0.08925435186418573,0.25629229242561746,0.573327585524319,1.7905878347227784,0.9824561403508771,0.9922027290448343,0.9922027290448343,0.5789473684210527,-0.016010393495393904,2.4690374664947745,False,0.11588168364462526,True,0.2174202859114862,0.8466415340400919,-0.1785909832681185,0.05492083487841626,False,1179.0449624822954,True,True,1.4842528005632492,0.9063038808184564,-0.005913798518403124,False,0.21892198182071296
TER,8,0.8622196663653044,Teradyne,Information Technology,SP500,445.4800109863281,-0.007928018641656487,0.11009226149329443,0.3161969574931405,0.2988579384237213,0.4133705584935914,0.9980506822612085,0.9512670565302144,0.9064327485380117,0.8732943469785575,-0.07892869309489725,2.3793374224948174,False,0.15642260447243372,True,0.18240104454103845,0.32530156912660013,-0.15426326404493274,0.07549909271490574,False,1055.3202343872028,True,True,0.7541742896778719,0.6734367988098885,-0.004075398750712167,False,0.13188524471319119
NTAP,9,0.859528005706809,NetApp,Information Technology,SP500,219.4499969482422,-0.03014101381288925,0.07357757945640464,0.18378461089677356,0.32776278058949404,1.1815313157203966,0.9629629629629629,0.9571150097465887,0.9766081871345029,0.47563352826510724,-0.03014101381288925,1.3509082223247502,False,0.0996196637743354,True,0.13490968971951212,0.5807161483179608,-0.11887262126808917,0.03994496474725451,False,487.75559083321383,True,True,1.2133003865835041,1.114926093455741,-0.003535612483546391,False,0.28464347058656064
KEYS,10,0.8578920665438331,Keysight Technologies,Information Technology,SP500,385.3399963378906,0.0018198358537733217,0.07116252515278298,0.19440828891563555,0.24657091881684368,0.3155126951848135,0.9668615984405458,0.935672514619883,0.8596491228070176,0.7231968810916178,0.0,1.41607613684863,True,0.11109667993674743,True,0.14876187951891184,0.26993374743586496,-0.12949757662676942,0.04867094188114485,False,401.8940630593329,True,True,0.7885408896288956,0.7511409597688897,0.005849625401185943,False,0.12502445210972804
MRNA,11,0.8537592077606497,Moderna,Health Care,SP500,191.8000030517578,0.009420602056053884,-0.027777756292819644,0.288372468211453,1.4044128259146547,2.93274556595222,0.9902534113060428,1.0,1.0,0.0,-0.05730857798755129,7.577817433643718,False,0.12820543889622638,True,0.5175443424447201,1.7718635956555997,-0.3410406720708874,0.01877955683880783,False,3005.7083759816223,True,True,0.18878060513554862,0.6241711447050826,0.007894321579731578,False,0.1462077728982414
MSFT,12,0.8510522882548838,Microsoft,Information Technology,SP500,526.2698974609375,0.016887654182959455,0.03348237736020243,0.03165902630427175,0.3559834710535852,0.41708476395810834,0.8245614035087719,0.9629629629629629,0.9103313840155945,0.12670565302144243,-0.02115986526653635,0.4943758601203885,False,0.04626119325117828,True,0.07337120999230828,0.21900703775001462,-0.0683558579820992,0.026295899644064757,False,13266.691253329449,True,True,0.4885007255511064,0.6941500220232646,0.008279660893016905,False,0.32464063610570004
ANET,13,0.8445281773688408,Arista Networks,Information Technology,SP500,207.6085968017578,0.0012471217295892956,0.013120235491100862,0.08445776302839447,0.24719805615905144,0.6444245291228341,0.8888888888888888,0.9376218323586745,0.9512670565302144,0.18128654970760238,-0.013735882176922454,0.7877258392482,False,0.03526624673661538,True,0.06965573916511403,0.3030481718653806,-0.06511977322674078,0.013813360524144613,False,1168.4646213180677,True,True,0.6292157004582473,0.6137825859834942,0.0019772770255701566,False,0.14262452272907455
EMR,14,0.8414107948715016,Emerson Electric,Industrials,SP500,162.6699981689453,0.006558984930328915,0.020578447781272047,0.08295047532227984,0.1835374719553866,0.23534832141621798,0.884990253411306,0.9103313840155945,0.7992202729044834,0.368421052631579,-0.00704677676814891,0.32970475559049905,False,0.05941157186277013,True,0.050886501226477865,0.12984958306929428,-0.04842245206032125,0.02867976548575446,False,398.5992039107037,True,True,0.7441418577578421,1.0664563812965862,0.0008044358784822236,False,0.15091742251383986
PTC,15,0.8357257298497385,PTC Inc.,Information Technology,SP500,193.4499969482422,0.3431229506894158,0.3848521266179079,0.2889791750269912,0.5471048906895821,0.3400526193567399,0.9922027290448343,0.98635477582846,0.8830409356725146,0.3937621832358674,-0.06032932658241663,0.7221578722948183,False,0.38910329778686936,True,0.3455706215047605,0.3322300598135557,-0.25682087285638455,0.27858309767794287,False,258.14065094103853,True,True,2.578530876142672,2.0713243506168517,0.35971671178019204,True,8.320774447384796
SMCI,16,0.8327563581709219,Supermicro,Information Technology,SP500,43.529998779296875,-0.0036621618778055476,0.041886071113701684,0.14945867459865858,0.658285667782738,0.9741496728096846,0.9434697855750487,0.9961013645224172,0.9707602339181286,0.9337231968810916,-0.25817998376088325,1.1203116085433238,False,0.07840949925692553,True,0.18336919572735155,0.35766290315214433,-0.15495518760283822,0.03510627863091953,False,1608.9802553517293,True,True,0.7005098040882083,0.624980020610245,-0.0027465995801475573,False,0.18748777340992312
ASML,17,0.8251940734637202,ASML Holding,Information Technology,NDX,1853.0849609375,-0.007617962314712123,0.04610729598561569,0.12568113455638708,0.061925691297026964,0.42601236214703064,0.9317738791423001,0.7680311890838206,0.9142300194931774,0.5614035087719298,-0.06733474060239952,0.9924273054065749,False,0.07191676586442997,True,0.0752147070428788,0.20047409905995917,-0.0699531977661828,0.02908649633795979,False,2345.286209324629,True,True,0.7545445699919878,0.8905890251842558,-0.008102567012468587,False,0.3500565223965496
CRWD,18,0.8244612673235602,CrowdStrike,Information Technology,SP500,271.1099853515625,0.003962289930318441,0.04574729161644164,0.2611526436808369,0.3930222595490134,1.720553877870885,0.9844054580896686,0.9766081871345029,0.9902534113060428,0.13840155945419108,0.0,2.0961882695396143,True,0.10574093298454845,True,0.22367452371092233,0.7571859720127339,-0.18278922979666656,0.035177765089346336,False,2180.771164505863,True,True,0.84166227893948,0.6115035652549662,0.004036425356982898,False,0.1255446102615101
ZBRA,19,0.8244448640627445,Zebra Technologies,Information Technology,SP500,375.2037048339844,-0.001746077111571931,0.008964718209508504,0.04952085268247375,0.4177355506788418,0.7772059184906577,0.8499025341130604,0.9805068226120858,0.9610136452241715,-0.013645224171539905,-0.02050930082671365,0.8826076221210328,False,0.04394579009198618,True,0.06235327083465236,0.4013285209406461,-0.05869353683606937,0.011568469372058798,False,237.017171907074,True,True,0.4072253963660693,0.5033129712980403,-0.001702719512056472,False,0.08092939363515375
A,20,0.8180037231587339,Agilent Technologies,Health Care,SP500,168.93499755859375,0.006884007555729044,-0.03581421673889362,0.12638353361130417,0.28820343407694615,0.47387620561003096,0.9337231968810916,0.9434697855750487,0.9317738791423001,0.34113060428849895,-0.03581421673889362,0.538880154475639,False,0.0521234960311725,True,0.10314882809206738,0.27306022032690014,-0.09350400006358772,0.0037390744642205043,False,343.34984156875123,True,True,1.1899701249800767,0.8948333884282293,-0.002562836326795326,False,0.091381640549481
FTNT,21,0.8170538599161526,Fortinet,Information Technology,SP500,181.9949951171875,0.0057750659661199855,0.03212722297570525,0.16394854442804863,0.14700319668124462,1.211629518682467,0.9512670565302144,0.8869395711500975,0.9785575048732943,0.3957115009746589,0.0,1.4191810048671742,True,0.05828732974672035,True,0.10811408645185616,0.5284407643564617,-0.09756584432387616,0.023184299166062683,False,754.9105437393298,True,True,0.8758116082244539,0.5404286480195737,-0.004531594801099881,False,0.11052655028572579
NDSN,22,0.815195523054211,Nordson Corporation,Industrials,SP500,333.07000732421875,-0.0014091299654080958,0.005281902575498654,0.0522230134274142,0.16795532977019367,0.2727151874134808,0.8557504873294347,0.9005847953216374,0.8323586744639376,0.22807017543859642,-0.0018814569626665056,0.4875672914341216,False,0.042560497505004014,True,0.05546293547563441,0.16406483806947225,-0.05254844448956475,0.01567085602681839,False,117.85174796540527,True,True,0.6746939825078568,0.7521019658070567,0.0,False,0.09381745871393783
STX,23,0.8142904826754864,Seagate Technology,Information Technology,SP500,892.010009765625,0.05067199852306126,-0.03201267450963774,0.11784858221075711,0.07863929608206188,0.970795472428442,0.9278752436647173,0.797270955165692,0.9688109161793372,0.6861598440545809,-0.18342873515334324,3.2397949770062793,False,0.020330953815318686,True,0.04334323166504683,0.3665235946698062,-0.04154263942065972,-0.004681232441808181,False,3757.9476892342186,True,True,0.7635683968266348,1.106787597602423,0.03181428529936903,True,0.615725029428727
SNPS,24,0.8130991481748512,Synopsys,Information Technology,SP500,493.8500061035156,0.008062894991311076,0.1825627341926963,0.18625545626971984,0.13104917339810496,0.24373535395302048,0.9649122807017544,0.8654970760233918,0.8148148148148148,0.7719298245614035,-0.07615607535357316,0.34307856869326514,False,0.19139379630043019,True,0.20446814051490203,0.10964562405039402,-0.16975803148059465,0.09073888101805028,False,823.3173318628753,True,True,1.206261326784889,1.6905630763707977,0.012961841564867127,False,0.3428036959525845
SWKS,25,0.8118845439321287,Skyworks Solutions,Information Technology,SP500,82.0999984741211,-0.0344584305214547,-0.06267836617541456,0.1482517269107846,0.3738286609780268,0.4796031598659325,0.9415204678362573,0.9707602339181286,0.935672514619883,0.8187134502923976,-0.10224164883693654,0.5773978078575761,False,-0.04419855071213186,False,0.09954275222667275,0.2548968188340144,-0.09053104304047277,-0.03835195641802602,False,489.8392494510834,True,True,1.7390361914403838,0.7432333794988715,-0.0015288398833850358,False,0.14991321869709176
FFIV,26,0.8111050075722029,"F5, Inc.",Information Technology,SP500,455.92999267578125,0.004162593813959781,0.046767368976411205,0.16264184565085782,0.09306899543893477,0.4820243497803933,0.949317738791423,0.8167641325536062,0.9376218323586745,0.5477582846003899,-0.00013157648167427816,1.035492573304552,True,0.05313365865317454,True,0.10479256181569596,0.3174802813971096,-0.09485270397138834,0.022926488053730543,False,247.67454275013307,True,True,0.9509792805090238,0.7756900652667591,-0.0018060243784389085,False,0.07897940566508282
WAB,27,0.8108848987003276,Wabtec,Industrials,SP500,292.1400146484375,0.015997794973971358,-0.0007866076293424618,0.04027357695742895,0.12829020761797483,0.15260904406480647,0.8362573099415205,0.8615984405458089,0.7076023391812866,0.29239766081871343,-0.04365234253049144,0.5364344573953088,False,0.02465539487047108,True,0.006405132407089731,0.11739497344507921,-0.00636436778871563,0.011833207190300232,False,244.26822152049803,True,True,0.5400323229286613,0.8013167030185898,0.00198225217257586,False,0.12993282036991402
URI,28,0.8058889613684135,United Rentals,Industrials,SP500,1080.1600341796875,-0.0008140354205341538,0.03471529303854748,0.08682225993986825,0.02462443900623601,0.472177652813363,0.8966861598440545,0.6803118908382066,0.9298245614035088,0.5087719298245614,-0.07268068543905737,0.5261149728672918,False,0.05608188291422511,True,0.01596679599240991,0.1411066993509409,-0.01571586399810776,0.03436360095120006,False,482.7120607546216,True,True,0.8110971559135731,1.3246082002052995,0.0009527003527600719,False,0.13211744348118773
META,29,0.8042564554460733,Meta Platforms,Communication Services,SP500,743.5800170898438,0.021288868855313448,0.039071046314290925,0.21858724353940406,0.2088872372791042,0.2998786526766031,0.9727095516569201,0.9259259259259259,0.8538011695906432,0.6179337231968811,-0.043737713436423076,0.4168312761269666,False,0.05919275071665697,True,0.1847230652563483,0.1843693476519932,-0.15592088199648435,0.02040075357494109,False,12435.921249688781,True,True,1.240306854270444,0.7480246822763915,-0.0009958199704364068,False,0.2433730642229911
SNDK,30,0.799419210125771,Sandisk,Information Technology,SP500,1720.4150390625,0.0002471228498643896,0.004393174313417347,0.10638335286209233,0.06349452370089859,1.3741979044060235,0.9181286549707602,0.7719298245614035,0.9824561403508771,0.6276803118908382,-0.263205550722698,13.715721368333922,False,0.004637467694616593,True,0.11328864719430287,0.4915923892640397,-0.10176035431584751,-0.009520992935740602,False,19063.696229568897,True,True,0.47249614417887964,0.4960195607831866,0.002215731008835986,False,0.16806310430121604
RVTY,31,0.7971708189804801,Revvity,Health Care,SP500,153.3000030517578,0.011680883565761357,0.015097329590743724,0.1735435759133781,0.36899715440335745,0.7381811852772397,0.9532163742690059,0.9688109161793372,0.9571150097465887,0.0292397660818714,0.0,0.864771838660275,True,0.07876461747975227,True,0.19139215980806723,0.4399800194648942,-0.16064581106434372,0.023720678583978305,False,244.03176747277098,True,True,1.37216420145578,1.0640585589582396,-0.0005279603491002982,False,0.07236667396065918
PLTR,32,0.7941678778376687,Palantir Technologies,Information Technology,SP500,188.1699981689453,-0.0030728573830711703,0.0036804056813026786,0.03089902715919024,0.400387028404946,0.2720206008619106,0.8187134502923976,0.9785575048732943,0.8304093567251462,0.029239766081871288,-0.09175593772987978,0.7541717540559654,False,0.04030296018822632,True,0.09988835372981564,0.2370927210602689,-0.09081681189830382,0.004964217164978413,False,5696.7360235643355,True,True,0.3279405210504248,0.43218763739666644,0.0021191729615066546,False,0.1481584870845269
ADI,33,0.7938077690420878,Analog Devices,Information Technology,SP500,413.8900146484375,-0.00781488504313832,0.046683413788978445,0.1609818082705119,0.09529863081492995,0.27165260714912587,0.9473684210526315,0.8245614035087719,0.8284600389863548,0.7407407407407407,-0.06808155403342608,0.8608638621333113,False,0.0817981279294524,True,0.10157055889117528,0.15453404382532998,-0.09220522287143795,0.034145510362920906,False,1323.4786847044822,True,True,0.8193483052886226,0.6244567706145931,0.0011266959788562847,False,0.11925153834409787
CPAY,34,0.7924501131062054,Corpay,Financials,SP500,399.3299865722656,0.011986772416595404,0.00782367690478769,-0.048489340589644825,0.11825813426759901,0.33900000624206883,0.5672514619883041,0.8557504873294347,0.8810916179337231,0.05458089668615984,-0.06093030819568224,0.5659999473422181,False,-0.0015976618061049885,False,-0.007287827526010093,0.1502557840769687,0.007341329871928259,0.009309698461042792,False,202.42864380443115,False,True,0.5778483216686988,1.030132819128032,-0.0026356019483918525,False,0.13337522335892552
LRCX,35,0.7915656721712958,Lam Research,Information Technology,SP500,344.9100036621094,-0.007424635657923506,0.09679779414012435,0.17978683270655704,0.05870792981959183,0.565917266112292,0.9610136452241715,0.7602339181286549,0.9454191033138402,0.6413255360623782,-0.20320214851798357,1.637612428645442,False,0.12306166782554118,True,0.1250232256050816,0.25183268335535347,-0.11112946182763406,0.05189010308045661,False,2811.42049997402,True,True,0.6528610030140484,0.7220216262752936,-0.0017698070495791862,False,0.1790835442855529
PANW,36,0.7902465448247713,Palo Alto Networks,Information Technology,SP500,403.0799865722656,-0.00039679512445278675,0.028029254347270216,0.2143157908285458,0.19594106442274706,1.4889162961891658,0.9707602339181286,0.9200779727095516,0.9883040935672515,0.08771929824561397,-0.00039679512445278675,1.8452035842591163,True,0.0764285917330807,True,0.10904872283030165,0.6032133748319999,-0.09832635896465247,0.027375020852193233,False,2212.8806340350798,True,True,0.9640344600920142,0.7304459124563021,0.0016739865263724063,False,0.14751234969918042
AAPL,37,0.7897477712546207,Apple Inc.,Information Technology,SP500,334.20001220703125,0.001528393904203229,-0.012411293632404452,0.018250574046807966,0.07670199445773673,0.2933493826895128,0.8031189083820662,0.7933723196881092,0.847953216374269,0.26315789473684215,-0.020142477994721242,0.36761342093865856,False,0.004790982622771667,True,0.036650276539822446,0.1559988293785226,-0.0353545234774405,0.0010438889037507337,False,14424.262681178168,True,True,0.6606514506436422,0.7343717869356182,-0.0026820971773915403,False,0.14641990830934468
ETN,38,0.7892444200302887,Eaton Corporation,Industrials,SP500,437.7250061035156,0.0037032418568705427,0.014638052868037654,0.1022487194943329,0.10898195583362069,0.20919661878873907,0.9122807017543859,0.8421052631578947,0.7816764132553606,0.5964912280701754,-0.048341129151738604,0.39758936476085105,False,0.030956994096528412,True,0.03623286187445229,0.1277810395143828,-0.03496594559731514,0.009327387386343089,False,882.8422115900597,True,True,0.8490999279152639,0.7442646019599973,0.0008484686138690023,False,0.15220463631495582
SOLV,39,0.7886565729391973,Solventum,Health Care,SP500,87.36000061035156,-0.005577665023111855,-0.0243466638696197,-0.054954583479967845,0.14525435249563623,0.3811857804008152,0.5165692007797271,0.8810916179337231,0.898635477582846,0.1949317738791423,-0.054954583479967845,0.3979836496060558,False,-0.015306912559319152,False,-0.010784432787502518,0.12029444544584167,0.010902004724705039,-0.0105352406251642,False,92.14366397898864,False,True,0.5844027698868777,0.6349931650050551,-0.0037564238678035045,False,0.11490359611547662
DELL,40,0.7872905246373164,Dell Technologies,Information Technology,SP500,555.010009765625,-0.013350653318762062,0.02130912398269591,0.07478842352031201,0.33226409768811127,2.2200444605801652,0.8771929824561403,0.9590643274853801,0.9980506822612085,0.07212475633528259,-0.0567471333497781,4.020682961061383,False,0.009679109228572402,True,0.1296616670211994,0.8830173459480373,-0.11477920408072595,0.009381801476060714,False,3892.7864596711966,True,True,0.8522693745175646,0.6197709264951194,-0.00979522430191282,False,0.1717045540382408
WAT,41,0.7851607710295526,Waters Corporation,Health Care,SP500,429.8399963378906,0.010888749031904288,-0.029575125369825983,0.03936550651756465,0.1464540173759652,0.41352889445357643,0.834307992202729,0.884990253411306,0.9083820662768031,0.253411306042885,-0.030275714325842862,0.5171536962654422,False,0.016767517790051478,True,0.045110114160685555,0.18152245355221375,-0.04316302516784354,-0.0003851931308153089,True,304.91781458001464,True,True,0.888055536491,0.7752331748093447,0.0009406973131453888,False,0.20534129332206255
FCX,42,0.7850022697535316,Freeport-McMoRan,Materials,SP500,72.375,0.004650181568785161,0.0057671056254486874,-0.002549580551520325,0.2228327504157981,0.19099800113772303,0.7524366471734892,0.9317738791423001,0.7621832358674464,0.4444444444444444,-0.09429362178445522,0.8859402429011358,False,0.00842619416191881,True,0.023241540984845876,0.13857455122726492,-0.02271364096738726,0.012536118443239097,False,908.1851389720899,True,True,0.8236520939353956,0.8420631164385293,0.002498616086732852,False,0.210022349769183
FAST,43,0.7847655668852497,Fastenal,Industrials,SP500,50.375,-0.007389162561576401,-0.002277711916096936,0.023258185423733924,0.07517371677154072,0.11012284105951031,0.8089668615984406,0.7914230019493177,0.645224171539961,0.28265107212475626,-0.038277988301449684,0.3078685220887145,False,0.011764587892349354,True,0.008583218931163428,0.09634672189903504,-0.00851017424249767,0.0031055234941914645,False,347.57023147540804,True,True,0.5836860888099595,0.9236085413156678,-0.002561597401285365,False,0.10736351997660512
VTRS,44,0.7830157585745186,Viatris,Health Care,SP500,17.68000030517578,0.004545450112051208,-0.032293384663664604,0.043683574249623325,0.05027130330620766,0.3380623195504171,0.8401559454191033,0.7368421052631579,0.8771929824561403,0.15984405458089668,-0.032293384663664604,0.8795481944598069,False,0.028175988774135075,True,0.04581031947275127,0.1655898842388217,-0.043803659822219565,0.004778774627823168,False,156.28675980337616,True,True,0.7090026194114627,0.9400282371785387,0.012499960715121272,False,0.13273226842515232
BIIB,45,0.7810626261239095,Biogen,Health Care,SP500,220.03500366210938,0.0007049243944645678,-0.037845986649610586,-0.01993225671113852,0.06968890095547309,0.2767494971434703,0.6998050682261209,0.783625730994152,0.8362573099415205,0.05847953216374269,-0.037845986649610586,0.5467103343065021,False,-0.0021529545274528994,False,0.02032490155291522,0.125878686036639,-0.019920028926061706,-0.012679833688104769,True,202.87515816308897,True,True,0.6113806710973485,1.1444069387207714,0.0005457300096542994,False,0.13749676174669803
IQV,46,0.7810565225850012,IQVIA,Health Care,SP500,261.18499755859375,0.011521653700349521,-0.03611102195087479,-0.03841763399668596,0.25431015183971994,0.5299027395210678,0.6276803118908382,0.9395711500974658,0.9434697855750487,-0.050682261208576995,-0.05030540327157951,0.6672091883894506,False,-0.0176260195181418,False,0.024825177554152367,0.2677020306452065,-0.024223816996182812,-0.013662807143053568,True,386.0094350135254,True,True,0.5453214962368081,0.75903261812094,0.0011619159617186625,False,0.13230527639010903
IEX,47,0.7792191666380563,IDEX Corporation,Industrials,SP500,234.27000427246094,0.005493792648262108,0.016726891909915276,0.053412823886082705,0.06308593736476098,0.2404359598086674,0.8576998050682261,0.7699805068226121,0.8070175438596491,0.3001949317738792,-0.02288206253086289,0.4765540555681276,False,0.036879319322671744,True,0.021501471238808634,0.11750821680070467,-0.021048889154053896,0.019262782428745684,False,143.61678452578676,True,True,0.79354055631317,0.9395520487617811,-0.003691148075348649,False,0.13597099017398984
VEEV,48,0.7772887317227621,Veeva Systems,Health Care,SP500,275.8500061035156,0.009219696539163769,-0.014680616791710288,-0.02999507220211184,0.4344773880698807,0.5795350839875593,0.6686159844054581,0.9824561403508771,0.9473684210526315,-0.015594541910331383,-0.09917704590203702,0.8216338865849613,False,0.022850549855895075,True,0.09236106116771925,0.36892525134604326,-0.08455176996970803,-0.0007344572768603896,True,441.20017621693114,True,True,0.546842565443755,0.5852337750280604,0.006109880034303572,False,0.1215874250960438
WBD,49,0.7768979144970493,Warner Bros. Discovery,Communication Services,SP500,30.969999313354492,0.0009695791460588854,0.0022653623200123985,0.0916460485445425,0.18568140575386893,0.1298795872221976,0.9005847953216374,0.9122807017543859,0.6705653021442495,0.39766081871345027,0.0,0.8111110305538283,True,0.04600105112895103,True,0.0932645876265874,0.11851488080202,-0.08530834043482505,0.009687887706847587,False,947.1027604646721,True,True,1.971727666176181,1.6388912216085887,0.0003232135975830275,False,0.5833410047794787
TXN,50,0.7750081062626123,Texas Instruments,Information Technology,SP500,290.9849853515625,-0.009581356563533538,0.04554269664818711,0.14637743077052656,-0.0028132495898303134,0.4740795714206538,0.9395711500974658,0.621832358674464,0.9337231968810916,0.5360623781676414,-0.11979400863331513,0.929692187151685,False,0.07174124839586482,True,0.07511415676277333,0.17448937790314023,-0.06986621494125433,0.03219493155670938,False,1649.5384752396608,True,True,0.603689925700852,0.6052691879751747,-0.007862483507730889,False,0.11364502179469449
MPWR,51,0.7749859809340705,Monolithic Power Systems,Information Technology,SP500,1460.280029296875,0.014273543724799165,0.082324651053715,0.2049907142311045,0.14898293528077322,0.2412127900402612,0.9688109161793372,0.8908382066276803,0.8089668615984406,0.8576998050682261,-0.13327586865217111,0.7154580838892237,False,0.13791042313731627,True,0.11873115397846656,0.13914512777955879,-0.10613019361821752,0.06326344107652426,False,946.26033897146,True,True,0.8555748298266795,0.6103180417435723,0.003252003430819217,False,0.1410526457919823
PWR,52,0.7747057903510679,Quanta Services,Industrials,SP500,684.75,0.012105360161641654,0.06286429858043108,0.10451768595744304,0.0427492133333891,0.23556393439264833,0.9142300194931774,0.723196881091618,0.8011695906432749,0.6140350877192983,-0.12769106782762585,0.6624657547238031,False,0.06852510260056599,True,0.06308911530417416,0.1286825738082844,-0.05934508631115365,0.039929195282124574,False,662.9875444327735,True,True,0.6339627792870551,0.6912788233360702,0.00028083605606576967,False,0.11226227837236126
TMO,53,0.7705431768157075,Thermo Fisher Scientific,Health Care,SP500,660.8300170898438,0.009208963667209913,-0.026186205622465986,0.06937985476161224,0.280121861203225,0.356028282988444,0.8752436647173489,0.9415204678362573,0.8888888888888888,-0.003898635477582846,-0.027633449576235813,0.5102420109817507,False,0.019015866877308385,True,0.06761456035871616,0.2187810093210263,-0.06333237000439351,-0.0020562508564794246,False,1222.2432354672817,True,True,0.82997935368354,0.8682722195461889,-0.010323778087427682,False,0.15717102753266315
GRMN,54,0.7703800978855053,Garmin,Consumer Discretionary,SP500,282.4800109863281,0.004694861669603201,-0.0393469725793244,0.023067669452157435,0.14031638301984906,0.17315358921079005,0.8070175438596491,0.8752436647173489,0.7387914230019493,0.1286549707602339,-0.09447602597641191,0.5347279620177294,False,0.0009538107208428848,True,-0.01894952504551095,0.15305321560570406,0.019315545457933903,-0.008663266318382434,False,264.93018923202817,False,True,0.570141063600667,0.7191211026881372,0.0,False,0.07486568533708371
DE,55,0.769174839686736,Deere & Company,Industrials,SP500,683.7949829101562,-0.004665235938637213,-0.006037344608177286,-0.012936506090504007,0.13554567133214945,0.19494913521275525,0.7212475633528265,0.8693957115009746,0.7680311890838206,0.060428849902534054,-0.033902708829462225,0.5749979949287336,False,0.0017123256285074273,True,0.05407481158942806,0.16706665614424687,-0.05130073406069657,0.0024061676160271883,False,810.5731502873913,True,True,0.6650739155003432,0.9175405819309838,0.0027365427697416678,False,0.11465183913535332
EXPD,56,0.7650911906859995,Expeditors International,Industrials,SP500,190.31500244140625,-0.011196543698390515,0.009200342525746308,0.01702023980915457,0.1482743823684487,0.315018537857769,0.8011695906432749,0.8888888888888888,0.8576998050682261,0.10331384015594536,-0.018488868323492613,0.6998473849233531,False,0.006032820974618769,True,0.027738112497062595,0.17127105891720462,-0.026989475392391826,0.007414370818031646,False,184.83613347986085,True,True,0.9969979164169299,1.0239354136799583,-0.0005715208066394695,False,0.19945472779822165
AME,57,0.7647972671404539,Ametek,Industrials,SP500,253.10000610351562,0.004644200618225458,0.005682075515454743,0.08227521036531171,0.09395278934462015,0.1622052606668445,0.8830409356725146,0.8206627680311891,0.723196881091618,0.38401559454191037,-0.019538694121285394,0.4203933681370695,False,0.04230643225794495,True,0.038100955824607485,0.10088230404829823,-0.03670255345670337,0.016331459316106356,False,337.2148759591461,True,True,0.9370576799478004,0.956065392729137,-0.00011907585507486829,False,0.07607370959796576
APH,58,0.7646069130207559,Amphenol,Information Technology,SP500,86.8499984741211,-0.0012649564341037367,0.026353056666960972,0.05988424476098286,0.09683754059326866,0.3774359316887017,0.8654970760233918,0.8284600389863548,0.8966861598440545,0.14619883040935677,-0.013331496988839953,0.46229009114261777,False,0.05845238432292188,True,0.0687983884151464,0.1731319545968908,-0.06436984669967838,0.025115902363378018,False,1001.4916767759681,True,True,0.8812039561585843,0.7939103313496291,-0.0024148929011448272,False,0.14070052456981205
INTC,59,0.7639151150326349,Intel,Information Technology,SP500,117.03500366210938,-0.019232365153186937,0.00866159522007881,0.27669909457636344,0.06019570893379367,1.304746090498624,0.98635477582846,0.7641325536062378,0.9805068226120858,0.6939571150097466,-0.1696111704640777,2.4811126525978238,False,0.038494925510895506,True,0.1545431854463415,0.434647639217389,-0.13385656543163071,-0.007350898622200952,True,10748.043334446002,True,True,0.9716121693459271,0.7877061068513784,-0.03146739985916336,False,0.3136655880326018
VLO,60,0.76246800410463,Valero Energy,Energy,SP500,413.0685119628906,0.01665893274250063,0.06031908051667667,0.11432331393448636,0.5576021811032883,0.6965347167559925,0.9259259259259259,0.9902534113060428,0.9551656920077972,0.0019493177387913674,-0.0005117276834856188,1.6972717766406928,True,0.05029676888166845,True,0.15640007238125908,0.5878437307526789,-0.13524737339318915,0.036807461361710425,False,1105.7469574905133,True,True,1.091986696618578,0.721429140636887,-0.0032303717436210633,False,0.1858593753541324
JCI,61,0.7613928275788405,Johnson Controls,Industrials,SP500,155.81500244140625,-0.0027201935280040113,0.04651086762137013,0.0985813910505271,0.11115932806554651,0.171465973541586,0.9064327485380117,0.8460038986354775,0.7368421052631579,0.5536062378167641,-0.0027201935280040113,0.489024641069538,False,0.06676617517538674,True,0.0678109518278005,0.13636257000965046,-0.06350464163317182,0.03277875925014784,False,476.25558695605713,True,True,1.0312119185029622,0.7248613878717431,-0.0033282402341164863,False,0.12141004876846846
MPC,62,0.759938850169564,Marathon Petroleum,Energy,SP500,428.6400146484375,0.014940989929191684,0.10065738486361364,0.10556865723204267,0.6138389363997669,0.7872994594140625,0.9161793372319688,0.9941520467836257,0.9629629629629629,0.0019493177387913674,0.0,1.6662751129386995,True,0.06276052080007877,True,0.16625098096126,0.6370429962705204,-0.14255163226034828,0.047117889393671675,False,973.3382998269165,True,True,1.072612553321871,0.6289853786493819,0.0011128767448358445,False,0.1561737920366424
DXCM,63,0.7590139732893879,Dexcom,Health Care,SP500,86.1050033569336,0.008727773444880738,-0.006633559601035843,-0.04018499347151405,0.17038199964803358,0.3622054200928635,0.6159844054580896,0.9025341130604289,0.8927875243664717,-0.0019493177387913674,-0.06752212722796669,0.570113113007902,False,-0.004293048311332037,False,-0.006485698838078591,0.1771256262686487,0.006528037724764957,-0.004433357162322404,False,391.5118960627144,False,True,0.5249229994569476,0.5381954328409718,-0.007146211410377967,False,0.083400411334093
PSX,64,0.758945499212262,Phillips 66,Energy,SP500,266.9849853515625,0.009089874145261412,0.05298750596765789,0.048397791220510245,0.500794222005958,0.5245622459390105,0.8460038986354775,0.9844054580896686,0.9395711500974658,0.005847953216374324,-0.026348442174468523,1.1685943677441641,False,0.02383418756526745,True,0.10559304352322796,0.4580440802158037,-0.09550805709371268,0.02321535543879505,False,710.3100964075122,True,True,0.9105359561399913,0.6629405458911696,7.566532718272789e-05,False,0.12626730459484992
COHR,65,0.7569500234604777,Coherent Corp.,Information Technology,SP500,330.3800048828125,-0.01976027620834131,0.16969371784147547,0.24949888546957721,0.05173017460099727,0.3047152803496662,0.9785575048732943,0.7426900584795322,0.8557504873294347,0.732943469785575,-0.22607699045175655,2.020755203310419,False,0.09890951733298103,True,0.10870237388102022,0.1400315531890015,-0.09804468398539357,0.06231370312004447,False,2076.5673463712965,True,True,0.8353138578764969,0.9516396287827225,0.011526759878802473,False,0.22742287686943224
VRSN,66,0.7525934318291925,Verisign,Information Technology,SP500,291.9049987792969,0.012434071046088624,0.03486720033928847,-0.0049258813504468035,0.09739073868838233,0.0693259412135534,0.746588693957115,0.8304093567251462,0.580896686159844,0.45614035087719296,-0.05560679787068923,0.3879647335985543,False,-0.0005384211816189532,False,0.009228362241080923,0.10169130401807114,-0.009143978297031286,0.010678522594205209,False,211.82047774365233,True,True,0.7825106375102453,0.9262430516041493,-0.0014913730051959728,False,0.08151110443010909
DHR,67,0.7494203545393163,Danaher Corporation,Health Care,SP500,217.3300018310547,0.015276110949061561,-0.04229467528217401,0.03167867580653527,0.12114502907055003,0.13557588805595966,0.8265107212475633,0.8576998050682261,0.6803118908382066,0.15399610136452235,-0.09674915183919164,0.3474573032158039,False,0.01677793215359391,True,0.040006191666833946,0.08240932880576657,-0.03846726297149772,-0.0023426561748157715,False,833.9689173224428,True,True,0.7208723048589685,0.9242042558762007,-0.001167896864670226,False,0.09341967627941983
CRL,68,0.7456113647894471,Charles River Laboratories,Health Care,SP500,300.9949951171875,0.03723420029938129,0.021742078342505744,0.026060981266774474,0.31622793754385525,0.7892937399416897,0.8148148148148148,0.9532163742690059,0.9649122807017544,-0.042884990253411304,0.0,1.0075702649307763,True,0.05950484222950192,True,0.08445132279043821,0.42991124571100703,-0.07787470125734519,0.03191714045130345,False,257.44401591984615,True,True,0.8564263480172333,0.623959661795527,0.00640954318175746,False,0.19127214129394063
NUE,69,0.7438602213295797,Nucor,Materials,SP500,247.0915985107422,0.027878027946708128,0.013042296440112455,-0.056354148589740416,0.08908062732688382,0.4640427732722019,0.5126705653021443,0.8089668615984406,0.9259259259259259,0.4288499025341131,-0.09849772957016767,0.8969744154262091,False,-0.006765517267203758,False,-0.031904200164801,0.15443045426405067,0.03295562295614962,0.018110793204020093,False,351.9011199322296,False,True,0.9081611499275948,0.8367115828409031,0.008361389874534497,False,0.143413033286451
WSM,70,0.7426343636869954,"Williams-Sonoma, Inc.",Consumer Discretionary,SP500,233.63999938964844,0.005768387086900084,0.011297236827001456,0.04884182596116293,0.053620822507659094,0.2887644457342706,0.847953216374269,0.746588693957115,0.8440545808966862,0.165692007797271,-0.07204702310587208,0.3900623065629605,False,0.026077939373657877,True,-0.0006681069518150728,0.12200850737973767,0.0006685536171342488,0.012186137533571673,False,250.3322019687628,False,True,0.7936257786821719,0.8227025738846763,0.003917363969670795,False,0.11736880162058035
FIX,71,0.7375102520380099,Comfort Systems USA,Industrials,SP500,1729.77001953125,0.0010185182699629092,0.04309833479992409,0.0946595559214134,0.0280531895799081,0.20727719226021746,0.9025341130604289,0.6920077972709552,0.7777777777777778,0.6198830409356726,-0.1625175944711399,1.1920683169458663,False,0.05396886373316767,True,0.04418553405136927,0.10978744494521808,-0.04231578834456018,0.02973215171705612,False,621.0912134584278,True,True,0.6537374332684535,0.643836275383333,-0.0023610720028415244,False,0.1355791219431797
AMAT,72,0.7311002010353127,Applied Materials,Information Technology,SP500,536.8599853515625,-0.005888439384426958,0.10292541412771494,0.2315844574370065,-0.030777201752816286,0.5260114543928298,0.9766081871345029,0.5380116959064327,0.9415204678362573,0.42105263157894735,-0.25666106565388136,1.5712284152165243,False,0.1348246028276645,True,0.10257033041625752,0.2533133004337702,-0.09302837885863824,0.05428223497739526,False,3374.066483602605,True,True,0.5873726551768692,0.7710046282879048,0.0014443917647064541,False,0.15988107203585478
ROK,73,0.7310252419480971,Rockwell Automation,Industrials,SP500,453.3699951171875,-0.0021569516301598313,0.0513658778205599,0.05858316150509779,-0.030141672427964172,0.2423591834597949,0.8615984405458089,0.5399610136452242,0.8128654970760234,0.34892787524366475,-0.08142812677108868,0.37658319278114316,False,0.05659593241061889,True,0.03697873871059065,0.07419457994302259,-0.0356600741463331,0.029880445291018187,False,331.8059846052002,True,True,0.6364155655311687,0.7501174919102956,-0.0007043189609771128,False,0.10241510378376688
WST,74,0.7301976402192696,West Pharmaceutical Services,Health Care,SP500,369.4949951171875,0.012370496999706937,-0.016384929799820425,0.0780934942167264,0.03835198962094988,0.44058782816572717,0.8810916179337231,0.7134502923976608,0.9200779727095516,0.12280701754385959,-0.018944347697005814,0.6021434582305578,False,0.019072333590131052,True,0.04777350022067384,0.22117642936844262,-0.0455952552823794,0.0027408356474998286,True,204.8516502463672,True,True,0.9284916461999604,0.7907763889660094,-0.0007945874738130021,False,0.202536425820053
STLD,75,0.729920882876903,Steel Dynamics,Materials,SP500,238.8300018310547,0.029484013000259157,0.03911543264003936,-0.02694060438122703,0.04260002359377735,0.35922929467365305,0.682261208576998,0.7212475633528265,0.8908382066276803,0.571150097465887,-0.15141908307503205,0.7092195863137183,False,0.020755383529736937,True,-0.013816265163511754,0.10473864026066027,0.01400982867133016,0.032523872131800635,False,263.67973747078736,False,True,0.7785018654754378,0.7735956103564541,0.004439841178103032,False,0.17635710027638782
AMZN,76,0.729601972968952,Amazon,Consumer Discretionary,SP500,251.72000122070312,0.0007951532476340173,0.022628508886175958,-0.027732687698138858,0.0233352532436093,0.18295036967373846,0.6783625730994152,0.6783625730994152,0.7524366471734892,0.25146198830409355,-0.11372434702620149,0.26626092722073946,False,0.001661348645006333,True,-0.02030076844479567,0.042281297823207886,0.020721429384577217,0.005989713310642131,False,10110.296849704357,False,True,0.4791799424754939,0.7676542814219003,-0.005327654158386985,False,0.20707443652543675
IVZ,77,0.7265212117050618,Invesco,Financials,SP500,30.165000915527344,-0.016144779332950554,-0.008708491192599976,-0.07780489881314046,0.10827581717145018,0.33758933389266566,0.3664717348927875,0.8401559454191033,0.8713450292397661,0.052631578947368474,-0.09441610111386634,0.3851177128842067,False,-0.024709591497962147,False,-0.03762464203577154,0.09487498319881937,0.03909559999059131,-0.011662895121845263,False,136.92701313889327,False,True,0.629698399647378,0.8034169466050752,0.00032616532718865443,False,0.1330717273186417
HAS,78,0.725978187477827,Hasbro,Consumer Discretionary,SP500,90.63800048828125,0.012262671002089442,0.013281202689436222,-0.02539784421202962,0.190122510419241,0.018203833880984455,0.6881091617933723,0.9142300194931774,0.4756335282651072,0.2514619883040936,-0.12496934105023094,0.31870398729082416,False,0.01887500888720517,True,-0.012589276773523839,0.014781428446921874,0.012749787375598842,0.016784739589349007,False,152.10557512016968,False,True,0.6592720885576345,1.022332042598947,0.001228508032464104,False,0.13335240389797604
HST,79,0.7230610773509116,Host Hotels & Resorts,Real Estate,SP500,22.325000762939453,-0.010416609422251755,-0.00592382848329609,0.02436406134668867,-0.035299140403271534,0.2162899111802119,0.8109161793372319,0.52046783625731,0.7855750487329435,0.32358674463937626,-0.11802014200617705,0.5233745118142339,False,0.011138738406482718,True,-0.01649020390975242,0.0823161738110545,0.016766690047527844,0.0006931944612327268,False,204.55420005468025,False,True,0.5660657781738373,0.8724319028963797,-0.001994684280107295,False,0.19213349316858008
HPQ,80,0.7219935302487575,HP Inc.,Information Technology,SP500,31.375099182128906,-0.023191151137194277,0.0017592429068187254,-0.007829357333567155,0.37979133006324384,0.6930159029121117,0.7387914230019493,0.9727095516569201,0.9532163742690059,0.0799220272904484,-0.11569617849686953,0.7904387522908938,False,-0.03407007378218874,False,0.028085450523040345,0.3507598428738403,-0.027318206389120525,-0.012393832629623791,False,474.33322579880644,True,True,1.2423895829016414,0.6722986876924734,-0.003735956907696125,False,0.1155225659192007
MSTR,81,0.7214524133774313,Strategy (MicroStrategy),Information Technology,NDX,162.94500732421875,0.018342684320618696,0.036941631393137886,0.12515535895135188,0.6736340006441415,0.27609839618407195,0.9298245614035088,0.9980506822612085,0.834307992202729,0.31968810916179335,-0.5469848863793132,0.9796502509701037,False,0.09570668975653529,True,0.3032233029560063,0.198401963166974,-0.23267179328993504,0.03343293580175044,False,2945.0992694888,True,True,0.9168065041606446,0.7618729104971675,0.029216944017569357,False,0.3088462960719765
MTD,82,0.7199576185517066,Mettler Toledo,Health Care,SP500,1502.489990234375,0.010967675378492858,-0.02767820254258513,0.1078430737204863,0.1596956057644845,0.18621064118355868,0.9200779727095516,0.8966861598440545,0.7563352826510721,0.15204678362573099,-0.02767820254258513,0.4650862942204763,False,0.054552860976527784,True,0.06410071692963171,0.13895390235458205,-0.060239332527271205,0.008247413814691074,False,262.543008810459,True,True,1.2856578002547054,0.6582852026429883,-0.0020521783069845645,False,0.09794075449405013
ABBV,83,0.7172362031410338,AbbVie,Health Care,SP500,261.7200012207031,-0.004185397126782009,-0.017124821914894395,0.005803042985325524,0.03507912988835238,0.28583681360485613,0.7816764132553606,0.7095516569200779,0.8421052631578947,-0.07017543859649122,-0.017124821914894395,0.33540822016441196,False,0.0014214839099100374,True,0.014852089334441487,0.13941337463949255,-0.01463473297294171,-0.003177093123919228,False,1176.6282065331452,True,True,0.5741713905583874,0.8180889417519177,-0.005897641988247715,False,0.12208294809481259
PM,84,0.7170237236927937,Philip Morris International,Consumer Staples,SP500,189.32000732421875,0.009922119618776204,-0.014535966135167055,0.025640525415182136,0.016792728294883874,0.20073926033900413,0.8128654970760234,0.6608187134502924,0.7738791423001949,0.08576998050682261,-0.04609334053879344,0.35811609286343216,False,0.00278841637921734,True,0.005105337094955864,0.08092197216405217,-0.005079405020086636,0.0021074245324474994,False,837.4428304477636,True,True,0.6299493283196493,0.6911847277518356,-0.005174443539755713,False,0.16384999408996795
EME,85,0.7124584673250859,Emcor,Industrials,SP500,788.0850219726562,0.0018751816638007401,0.029476698016628555,0.06308343790320059,0.026174717893020505,0.041377126066783676,0.8693957115009746,0.6842105263157895,0.5341130604288499,0.5516569200779727,-0.16451167326467253,0.35726057993314386,False,0.039250229668369885,True,0.019801845257761075,0.019429359660063872,-0.01941734597740008,0.024500063545547235,False,294.8566860874512,True,True,0.5632535095588976,0.8221633769701259,-0.0016018227445483424,False,0.1280792748945648
AES,86,0.7107841903083432,AES Corporation,Utilities,SP500,14.90999984741211,0.0,0.00268997728048892,0.008795677725955242,0.032067750647094106,0.0659369639384857,0.7875243664717348,0.7017543859649122,0.5750487329434698,0.2962962962962963,-0.11603730966490389,0.1499808535956917,False,0.0044462302387915376,True,0.009318992128555914,0.031602151722749605,-0.009232950337041634,0.0018132824980348072,False,111.09622058639908,True,True,0.6934058568340309,1.1666473478449937,0.0,False,0.2550802791725615
SHOP,87,0.7090275155163404,Shopify,Information Technology,NDX,158.06500244140625,0.04409143984853081,0.09759744789034852,0.08352753736457674,0.2968904332410749,0.3305134543855339,0.8869395711500975,0.9473684210526315,0.8654970760233918,0.031189083820662766,-0.1170045958781919,0.6568658271827006,False,0.13649805691483352,True,0.11602999452055496,0.22035842131493366,-0.10396673484604813,0.06618424307046844,False,1390.2887715542297,True,True,0.9802644284237343,0.6006918226888699,0.009181579993740918,False,0.3422465954767892
FOX,88,0.7063074352548037,Fox Corporation (Class B),Communication Services,SP500,55.459999084472656,-0.0076936895664991845,-0.019274980853997037,-0.0828510341507186,0.1328008933684055,0.04214295785546507,0.3391812865497076,0.8674463937621832,0.5360623781676414,0.39961013645224175,-0.173061819469149,0.2555486227487509,False,-0.03507552929322588,False,-0.033731095314085247,-0.01589147683620351,0.03490860064988799,-0.013624832474645743,False,64.03815644445847,False,False,0.5353497361833157,0.9142769811548037,-0.0050098189721707875,False,0.08954282886119073
TRGP,89,0.7049242207497436,Targa Resources,Energy,SP500,283.4599914550781,0.006104923973598186,0.021735208659807048,-0.03433949988558771,0.040088412504194926,0.16514104184372025,0.6530214424951267,0.7153996101364523,0.7270955165692008,0.07017543859649122,-0.062167108502636514,0.9791883454734651,False,-0.0026108399211207667,False,0.008006017030890433,0.1464031639716592,-0.007942429802624051,0.011176804656052308,False,338.8652628325384,True,True,0.6650444341799825,0.8471698268091999,-0.0009227630334998072,False,0.16073020161548449
CSCO,90,0.7046232399873351,Cisco,Information Technology,SP500,112.25,0.0004456600099631558,0.05569759963641063,0.03752098971310125,0.008007492486788337,0.40610032596899037,0.8304093567251462,0.6432748538011696,0.9044834307992202,0.5536062378167641,-0.1299483900283721,0.6947543568746728,False,0.034197749084685425,True,0.005440589787510275,0.15578474174085066,-0.005411149940405702,0.028359947166063604,False,2135.340469407253,True,True,0.9139018448525187,0.6519094299180791,-0.0020053340484927906,False,0.1618484778193228
TEL,91,0.7033006794001747,TE Connectivity,Information Technology,SP500,219.89999389648438,-0.002087523654896839,0.02417207871235183,0.050093071252226284,0.1158443237323552,0.056653628997223704,0.8518518518518519,0.8499025341130604,0.5594541910331384,0.5984405458089668,-0.10726470834017587,0.13159705269287514,False,0.04420662290377497,True,0.05068049529956831,0.03232394194276367,-0.0482358771541852,0.019548495054414694,False,417.99784648119567,True,True,0.9080929812946817,0.6459295539764779,-0.0043565379887827715,False,0.07166092342000296
PFE,92,0.7032711153835884,Pfizer,Health Care,SP500,27.28499984741211,-0.018525158409424924,-0.049965163657755496,-0.05293299711209798,0.15339934454282766,0.014034741249632221,0.5282651072124757,0.8927875243664717,0.4678362573099415,0.16959064327485374,-0.05978637432748213,0.20505822612493008,False,-0.023905985618032033,False,-0.003589781246329138,0.05674197013076876,0.003602714202208146,-0.0265115507454059,False,970.5867418942483,False,True,0.6453406899828392,0.7839198062574433,-0.005395669879382892,False,0.19738135708642884
TT,93,0.6979965133533987,Trane Technologies,Industrials,SP500,466.6400146484375,0.00588478576615592,0.03225239386051615,0.05065977241749264,-0.0168091109470766,0.08799135006582715,0.8538011695906432,0.594541910331384,0.6081871345029239,0.31578947368421056,-0.07094263396463352,0.24840050027918026,False,0.05506514115725758,True,0.028969939144891432,0.04564200483229164,-0.028154310483517575,0.02663540500959405,False,507.523397266333,True,True,0.7659198592028602,0.9882007910224605,-0.006466771521023373,False,0.15080658918205017
ARM,94,0.697440900577166,Arm Holdings,Information Technology,NDX,304.0765075683594,-0.011101118001967447,0.07322388020797144,0.25345856036383085,0.012137652636144747,1.0439369418277789,0.9805068226120858,0.6549707602339181,0.9727095516569201,0.6471734892787524,-0.30806782532911814,1.9084313600433407,False,0.06957217497828694,True,0.1402823599818228,0.40318885468205323,-0.12302423058097567,0.02070253685556067,False,1392.8944970314726,True,True,1.104765788088433,0.7891590945558946,-0.0003251344405107437,False,0.18724980569381167
MCHP,95,0.6956577135380307,Microchip Technology,Information Technology,SP500,81.06999969482422,-0.003074274482761874,0.039758861428592196,0.10887702117383946,-0.030804984975480565,0.21938564853119558,0.9220272904483431,0.5360623781676414,0.7875243664717348,0.49317738791423005,-0.20594135717131778,0.6971318076086908,False,0.07824491230280484,True,0.07159718486260114,0.035835997538814945,-0.06681352459112821,0.03368077907666289,False,692.6019825258027,True,True,0.6052171303880101,0.6321867104280621,-0.004488414475397051,False,0.09345579699674762
MET,96,0.6905152912723208,MetLife,Financials,SP500,95.79000091552734,0.014402209106813002,-0.0003130742996495517,-0.03466695883333237,0.05141763659152221,0.3671456338166197,0.6491228070175439,0.7387914230019493,0.8947368421052632,-0.10136452241715399,-0.04162077198330527,0.4345941223559662,False,-0.005894672858275274,False,-0.006136785964656721,0.15329645348255805,0.00617467864590715,0.0028222306696590316,False,318.654913650766,False,True,0.6506706239250543,0.7829597961530516,0.004341798489779114,False,0.19195092900255706
XOM,97,0.6888606600214388,ExxonMobil,Energy,SP500,163.08999633789062,-0.005609403083706388,0.003507211730527038,0.005425002081256958,0.15848700679900496,0.011569825872923323,0.7777777777777778,0.8947368421052632,0.4580896686159844,0.3157894736842105,-0.03679429905999665,0.5167821065036091,False,0.0008130654691866912,True,0.01702000181350094,0.10269158938302847,-0.016735169203311306,0.002119164722333311,False,2223.642450957362,True,True,0.9026987255555416,0.682775373655122,-0.0015242973499982604,False,0.15009205446668453
CVX,98,0.6873857016971653,Chevron Corporation,Energy,SP500,205.3300018310547,-0.0065799051443579115,-0.005039459760331155,-0.02834566196079047,0.1902876856570077,0.0510862898708031,0.6744639376218323,0.9161793372319688,0.5477582846003899,0.21832358674463936,-0.05712449923012375,0.4382536692737595,False,-0.014910898676740891,False,0.015539899452508443,0.11324047696471995,-0.015302106259819204,-0.003434158103784113,False,1742.8761299464757,True,True,0.8569983642327346,0.6225501411370984,0.0006773399196611241,False,0.20391992099598077
CTAS,99,0.687128971591841,Cintas,Industrials,SP500,194.13999938964844,0.005802482086812777,-0.03210690189758081,-0.03436957750421166,0.07047414605449842,0.13677878818554667,0.6510721247563352,0.7855750487329435,0.682261208576998,0.10136452241715399,-0.1010746062013419,0.19335718329579699,False,-0.01867471157723155,False,-0.035564711912233204,0.03606870170964216,0.03687620346487863,-0.009324072230286418,False,402.066855519141,False,True,0.710846869954508,0.7598265975624261,-0.0007253102608516526,False,0.12975917685495914
APA,100,0.6861939857253484,APA Corporation,Energy,SP500,43.61000061035156,-0.0016025571047426634,0.030238571318884855,-0.01290175850807862,0.2916747028422808,0.027682367302079625,0.723196881091618,0.9454191033138402,0.5029239766081871,0.16959064327485385,-0.08015185086038279,1.0605406492701026,False,-0.006752973766835257,False,0.04509160401922041,0.24063612484601493,-0.04314607814837168,0.009087617001799275,False,239.1870975794449,True,True,0.9594395981257723,0.8219732846896755,-0.0006867852355147974,False,0.13158821557316708
CDNS,101,0.6854985637610006,Cadence Design Systems,Information Technology,SP500,357.875,0.018571207579720195,0.09542389540289653,0.1738224687366996,-0.03553333058089003,0.28091549889612866,0.9551656920077972,0.5185185185185185,0.8382066276803118,0.48148148148148145,-0.14052934169865328,0.34711659665253203,False,0.1665345092701378,True,0.12106569337388429,0.09816152305408599,-0.10799161377379496,0.07000106166356979,False,781.036089958103,True,True,0.9823204809687327,0.9241790313918362,0.009591561288303074,False,0.1522424837465951
ALLE,102,0.6852206620050888,Allegion,Industrials,SP500,154.0399932861328,-0.0011024798672749636,-0.008624092898505964,-0.0062538538410835676,0.10958326843925237,0.10732217020190449,0.7426900584795322,0.8440545808966862,0.6432748538011696,-0.003898635477582846,-0.13327043529460858,0.23537127715110784,False,0.0029127208979751185,True,-0.02447055185932423,0.032363623996020996,0.025084380493038072,-0.0006014722616451973,False,191.6648993502655,False,True,0.5102560659100936,0.6466091543972309,-0.005576814557483711,False,0.06823239873292988
KO,103,0.6835860579912492,Coca-Cola Company (The),Consumer Staples,SP500,86.23999786376953,0.006888456828717748,-0.010782317482401327,-0.023143759955531973,0.032178506680604846,0.13072661944556074,0.6920077972709552,0.7037037037037037,0.6744639376218323,-0.07017543859649122,-0.056912634559318276,0.3393736172173152,False,-0.014102479153101588,False,-0.01610239855188067,0.08872676952171976,0.016365929267619705,-0.00517711314201541,False,1368.6658760486841,False,True,0.5353927301594418,0.9214021291407839,0.0025686073179653768,False,0.21790437422243583
TGT,104,0.6833140690386545,Target Corporation,Consumer Staples,SP500,151.26800537109375,-0.03033329890324521,-0.04520600666405472,-0.077690321093274,0.19505342992449481,0.2590558738350701,0.3684210526315789,0.9181286549707602,0.8245614035087719,-0.04678362573099415,-0.109612067134361,0.857482463433771,False,-0.03641683881475677,False,-0.028472272584939562,0.18548571932015712,0.029306700963332766,-0.029101427580533468,False,624.484502842987,False,True,0.7465852995284727,0.910228818741307,-0.005608974358974339,False,0.23405765570298312
ROST,105,0.6832211808058961,Ross Stores,Consumer Discretionary,SP500,227.25999450683594,-0.005600764929113766,-0.04146105691041213,-0.01713980682139593,0.06069419345189875,0.03135321998753415,0.7076023391812866,0.7660818713450293,0.5087719298245614,0.4035087719298246,-0.1078665070690702,0.5513595491866246,False,-0.014492514838067794,False,-0.04212498848295987,0.04553968801916097,0.043977541930281916,-0.01840525607244259,False,548.670299926615,False,True,0.7081335902564428,0.6603311901454504,0.003194237366648256,False,0.12984226179271918
FOXA,106,0.6784245621664512,Fox Corporation (Class A),Communication Services,SP500,61.73500061035156,-0.008750773597100303,-0.02101174649673665,-0.08824396034427484,0.12905586599116403,0.04566187681893674,0.29239766081871343,0.8635477582846004,0.5399610136452242,0.3879142300194932,-0.18129125361826803,0.2709109682396731,False,-0.03936450155613569,False,-0.039827497331878514,-0.016610827091484204,0.04147952292031487,-0.015833610591250435,False,317.73385549703215,False,False,0.4805029226412726,0.7236103768615567,-0.008028259630701973,False,0.11274678383250167
CRM,107,0.6783028728594698,Salesforce,Information Technology,SP500,229.69500732421875,-0.021283374090187657,0.01067014126884347,-0.12982979030882846,0.35735668906972595,0.24990519819451862,0.13450292397660818,0.9649122807017544,0.8206627680311891,-0.01754385964912275,-0.13131515514896275,0.5327678911262066,False,-0.04095190974574969,False,0.03887191869926876,0.15111745417314482,-0.037417431349900054,-0.01580709630667676,False,3105.1700258106775,True,True,0.5703326667384361,0.6261016195159009,-0.0011078859896893611,False,0.07976074107427841
KLAC,108,0.6772502031334042,KLA Corporation,Information Technology,SP500,203.91990661621094,-0.014355903050894958,0.07797171110660295,0.17913671641875317,-0.05691143371730778,0.3272921971684304,0.9590643274853801,0.46393762183235865,0.8615984405458089,0.3996101364522417,-0.3233555312051689,1.0861863258358229,False,0.10015868013245077,True,0.0903570595534906,0.14615274179426163,-0.08286923880741648,0.040655126282724385,False,1861.6413362505355,True,True,0.5315562717055619,0.6478818557935309,-0.007733607754052074,False,0.1639505804562058
DAL,109,0.6756264710482447,Delta Air Lines,Industrials,SP500,83.83000183105469,-0.0030918601279422697,-0.002380066061496433,0.0645079597594247,-0.051822277956607654,0.26175424091314925,0.8732943469785575,0.47368421052631576,0.8265107212475633,0.12280701754385964,-0.10274411159200414,0.5182187714449686,False,0.027485845737397874,True,-0.0027313725467346117,0.10879392106428076,0.002738853375654493,0.004019082368642346,False,489.4660885493655,False,True,0.7512717032523064,0.9667907052161794,0.010821782634557353,False,0.26602029370734837
BBY,110,0.6745909675253583,Best Buy,Consumer Discretionary,SP500,86.92500305175781,-0.011879028696652805,-0.033199871969413874,0.003967339568508699,0.1158168480848698,0.3863861048348085,0.7738791423001949,0.847953216374269,0.9005847953216374,-0.06237816764132553,-0.08326298954309486,0.6031338786004061,False,-0.038127838021056015,False,-0.0005877457033977018,0.21614313154342635,0.0005880913515627917,-0.021804952815070666,False,314.48771324522977,False,True,0.8817759688002446,0.6201135487063173,0.0010230344053858698,False,0.10696658824865718
MSI,111,0.6723599333188374,Motorola Solutions,Information Technology,SP500,454.1099853515625,0.014975037738568453,0.004490353122438728,-0.035884516138980915,0.07325206148206576,0.03456984384959627,0.6432748538011696,0.7875243664717348,0.5165692007797271,0.029239766081871288,-0.07319384370463955,0.25960918810297495,False,-0.007611392738023026,False,-0.015146918293020839,0.05785677665211897,0.015379876018428718,0.004371557695811212,False,427.68435943313233,False,True,0.5661560209690518,0.6804934042764161,0.0014304198064885032,False,0.15784598000127922
TECH,112,0.6720173721976173,Bio-Techne,Health Care,SP500,72.41500091552734,0.00020717388580537843,-0.0013101809116573548,-0.00048303704884689047,0.02669870356773063,0.3499885291398961,0.7602339181286549,0.6881091617933723,0.884990253411306,-0.28460038986354774,-0.0026855762730350063,0.6773529023760108,False,0.0003626317293456971,True,0.002203642845769904,0.16822878467575597,-0.002198797481430703,-0.00029559754688956996,False,221.20353422961884,True,True,0.04229491674397967,0.7581957136598286,0.00013815104999537198,False,0.17242873094497166
WDAY,113,0.6674648951144986,"Workday, Inc.",Information Technology,SP500,186.31500244140625,0.0009401689713743888,-0.012115607572436793,-0.09957952788456714,0.29700668539997777,0.4362858517431978,0.24366471734892786,0.949317738791423,0.9181286549707602,-0.031189083820662766,-0.2416045759349137,0.6561333550347221,False,-0.016629642447957393,False,-0.003164667303340196,0.18598909641068806,0.0031747142176221654,-0.01125113111985887,False,731.8212187953003,False,True,0.5481148117173298,0.4259248246416474,-0.0007521187821397657,False,0.13245688151973112
BEN,114,0.6671873748297685,Franklin Resources,Financials,SP500,32.564998626708984,-0.007467318998086836,0.006649150056861064,-0.019454650897940073,-0.042569971686638564,0.4199773115519796,0.7037037037037037,0.5009746588693957,0.9122807017543859,-0.03898635477582846,-0.08031048757430237,0.6135820943763952,False,-0.008163845897676714,False,-0.023431691264265808,0.12419340809512325,0.023993909135348046,-9.49888584000913e-06,False,131.40559329535094,False,True,0.6612050314087414,0.9540944956438683,-0.00030485022285342556,False,0.15142115483293256
QCOM,115,0.665304623812194,Qualcomm,Information Technology,SP500,182.8350067138672,-0.01100767272715264,-0.024775918068732805,0.08462359120749086,0.0047007377782033455,0.46750219210916644,0.8908382066276803,0.631578947368421,0.9278752436647173,0.6062378167641325,-0.2649627140619675,0.48713675467467077,False,-0.01700155726038588,False,0.06750520248507086,0.08901574941474566,-0.06323641545532876,-0.016959917012041026,True,2137.4428876790694,True,True,1.1306703283573392,0.6648036609583241,0.0011088972600703517,False,0.22717556074104828
ADM,116,0.6641674582193688,Archer Daniels Midland,Consumer Staples,SP500,81.08000183105469,0.00783101189199309,0.00870869123607676,-0.039108740575712786,0.04340932016361809,0.11927735625478486,0.621832358674464,0.7251461988304093,0.6569200779727096,0.30409356725146197,-0.07957764556996227,0.49016028664290134,False,-0.02728120890344321,False,-0.006561174042600593,0.09849086208590552,0.006604507364887269,0.0012140713532906577,False,309.5721718201334,False,True,0.8646718496509576,0.6630313822756498,0.008079571790376772,False,0.14152913782154308
IRM,117,0.6609302937709571,Iron Mountain,Real Estate,SP500,112.91999816894531,-0.004144997118202931,0.0168392171616234,-0.010285358309780723,-0.016869186041298057,0.097886201971628,0.732943469785575,0.5906432748538012,0.631578947368421,0.44249512670565305,-0.14476632690726643,0.46474146073438116,False,-0.0033909279172397166,False,-0.04351870993442719,0.0176286877236298,0.04549875714917917,0.0023451485774510505,False,193.97675457686614,False,True,0.770659686639733,0.8786667324365156,-0.0006173357015698544,False,0.13693165203587776
NOW,118,0.6604198853297627,ServiceNow,Information Technology,SP500,136.0399932861328,0.012352941977996856,0.03491819280678965,-0.06559518711432488,0.2285739109716587,0.32825615815507203,0.45419103313840153,0.9337231968810916,0.8635477582846004,0.052631578947368474,-0.28119288777777884,0.6390360636883472,False,0.0004890216724608987,True,0.046988205567359165,0.17618074173979692,-0.04487940295554371,0.004825507633163584,False,2138.120074207113,True,True,0.7196834534638372,0.4847806261785112,0.0062509027189212585,False,0.13694722792272554
EOG,119,0.6594967250699046,EOG Resources,Energy,SP500,142.75,0.009690161761721994,0.015074984310454287,-0.02199237165122858,0.0688970698878999,0.01311423393452471,0.6939571150097466,0.7816764132553606,0.46588693957115007,0.2923976608187135,-0.07148435735975522,0.43748801486893796,False,-0.006451975086405715,False,-0.010535805114861074,0.08911716236143419,0.010647990265159724,0.008750355516615294,False,436.26595287975465,False,True,0.9107015366099254,0.8623819000531282,0.005658422445464328,False,0.13191563045197038
IT,120,0.6569126392846653,Gartner,Information Technology,SP500,185.6374969482422,0.004531893304405399,-0.0004980282206680231,-0.050253296982661566,0.3184481031580817,0.19143508027096612,0.5497076023391813,0.9551656920077972,0.7641325536062378,0.13450292397660812,-0.2809486489793096,0.47647730845308134,False,0.009037219357161508,True,0.013563204911187787,0.07442047731581436,-0.013381706089435341,-0.0022406326653012787,False,231.16290554698517,True,True,0.7977935029856145,0.5307825339678294,0.0014610620562884868,False,0.06139320086929525
Q,121,0.6560428849902533,Qnity Electronics,Information Technology,SP500,133.5050048828125,0.015401652122576825,0.068809550626171,0.12690979578956862,-0.049424497370903264,0.12443125475828554,0.935672514619883,0.4775828460038986,0.6608187134502924,0.4327485380116959,,,False,0.0809224722956281,True,0.04701446887394245,0.060805759455194286,-0.04490336119662819,0.046381411771600156,False,220.0733446353723,True,True,0.6384939521770213,0.5903858037896023,0.018177665556067923,False,0.23601385047236176
IFF,122,0.6555189343221066,International Flavors & Fragrances,Materials,SP500,83.12999725341797,0.008614403060496212,-0.0302146982081426,-0.03396406042716715,0.02069489779716238,0.1689417872940837,0.6549707602339181,0.6686159844054581,0.7309941520467836,-0.15984405458089668,-0.05162409585198391,0.4270471290964437,False,-0.012773645862044436,False,-0.007752834602012149,0.09769499427072081,0.007813410682712796,-0.008997445750863697,False,135.29644576252366,False,True,0.48484813787407083,0.893482723228499,0.0021839396890888096,False,0.10890909778370275
DGX,123,0.6505374928950993,Quest Diagnostics,Health Care,SP500,231.77999877929688,-0.006642965069190376,-0.024577040896791913,-0.03182955435029111,0.09578287678520869,0.16969426800345566,0.6608187134502924,0.8265107212475633,0.7348927875243665,-0.06237816764132553,-0.06332591781046948,0.3534217394511945,False,-0.023566194094863935,False,-0.02558747711350673,0.12824283248808688,0.02625938861880517,-0.010577103621959849,False,230.41463722306213,False,True,1.0204126112125453,1.000774865555506,-0.001714349428424855,False,0.12107262852394658
BDX,124,0.6503387464094027,Becton Dickinson,Health Care,SP500,177.9499969482422,0.006504490252456252,-0.03198610033315674,-0.04594708771707079,0.14522974256483012,0.16058010838593795,0.580896686159844,0.8791423001949318,0.7192982456140351,-0.042884990253411304,-0.06771143314933725,0.3153395950554525,False,-0.014676066989615322,False,-0.010672665688397864,0.10641830016677378,0.01078780027423809,-0.009470790877961766,False,323.2071248998053,False,True,0.8709709307535929,0.7429535682363415,-0.0012443507743533644,False,0.11225034957655067
ACN,125,0.6495820983203824,Accenture,Information Technology,SP500,194.55999755859375,-0.021819992313068304,0.11514871437684548,0.007456516558694171,0.3852499329412038,-0.001914030504254538,0.7855750487329435,0.9746588693957114,0.4152046783625731,0.3528265107212475,-0.3118140030727611,0.5822840353995655,False,0.04775367253707041,True,0.07465587888038994,0.007572487036516584,-0.06946956727968479,0.02170776450415901,False,1128.4716259807176,True,True,1.2516634411643797,1.85798930514002,-0.013071849796434387,False,0.25858032783966856
AVGO,126,0.6487461042255562,Broadcom,Information Technology,SP500,361.32501220703125,0.01741565946804524,0.03362704075441458,0.013503683312980241,-0.023725730531962697,0.1530575327102548,0.7992202729044834,0.571150097465887,0.7095516569200779,0.46783625730994155,-0.24713774757315876,0.23566300257425055,False,0.020734318629186843,True,-0.02941341425436983,-0.013775767064703626,0.030304781341866205,0.02078980614536774,False,8407.331383525838,False,False,0.7698278924456856,0.8196595216473349,0.00746182853854882,False,0.22700975149067554
ZS,127,0.6483751235012951,Zscaler,Information Technology,NDX,203.1999969482422,0.033570654322622406,0.019108268068892764,0.14285710607716018,0.3591973040016201,0.4564219518759769,0.9376218323586745,0.9668615984405458,0.9220272904483431,0.011695906432748537,-0.39572366376120294,0.7213044616284443,False,0.05196809264114988,True,0.12697239559421858,0.22208177399620177,-0.11266681960499114,0.017431999772991036,False,522.4494253212875,True,True,1.4655790245324367,0.539747176677723,0.00269582280184566,False,0.2420103179873787
PYPL,128,0.647258175881103,PayPal,Financials,SP500,53.68009948730469,0.016668565586387185,-0.011051940042065667,-0.05292697250739353,0.17881030590611613,0.1871169706942668,0.530214424951267,0.9064327485380117,0.7602339181286549,-0.05458089668615984,-0.2870256642906456,0.38570990927346993,False,0.008853668622699207,True,-0.04778526020869822,0.07413143085914253,0.05018328136694383,0.00668439157161993,False,677.8813282681125,False,True,0.5369485116832441,0.6550222182450027,-0.005833307986307212,False,0.17113811139544846
ON,129,0.6442914745005589,ON Semiconductor,Information Technology,SP500,84.99500274658203,0.0012369343584468506,0.12352942540928202,0.1540393888073004,-0.06701422425680192,0.3387147660984997,0.9454191033138402,0.4171539961013645,0.8791423001949318,0.4152046783625731,-0.36537738076086823,0.892984406639578,False,0.14370875820023676,True,0.10946642732192391,0.054436012992392424,-0.0986658312736497,0.07479979278161086,False,774.7288851925964,True,True,0.8281827708280405,1.0361913581911963,0.001295801756890702,False,0.23880148145110341
SLB,130,0.6437427282055976,Schlumberger,Energy,SP500,49.900001525878906,0.02379974984540456,-0.030879784438865743,-0.13081341824584125,0.08054545259298962,0.012894773663344905,0.1267056530214425,0.7992202729044834,0.4619883040935672,0.44639376218323584,-0.16540901541701303,0.6115994380771421,False,-0.04528667192310587,False,-0.05347027877864863,-0.004506641915240084,0.05649086085712507,-0.005528248667019842,False,663.8966999650512,False,False,0.6842529694415823,1.1262906179853227,0.007386064490296107,False,0.14175123574486181
PKG,131,0.6432586412759448,Packaging Corporation of America,Materials,SP500,228.00999450683594,-0.0023190635987868635,-0.027758867674510967,-0.021674914710849702,-0.012539926152931202,0.12465410717390335,0.695906432748538,0.6081871345029239,0.6627680311890838,0.09161793372319682,-0.10855094979597846,0.2196681391568973,False,-0.02120939730257232,False,-0.05516320157002752,0.017865659706044923,0.05838384116885775,-0.01530765638584175,False,138.83668710924897,False,True,0.7248261887018853,0.8313581371514236,-0.006738397354395409,False,0.07248107993479039
EL,132,0.6430268975330258,Estée Lauder Companies (The),Consumer Staples,SP500,94.01000213623047,0.02218115568610135,-0.01632308845427599,-0.06791590752199594,0.11711662461414085,0.33541186766263786,0.43664717348927873,0.8538011695906432,0.8693957115009746,-0.0292397660818714,-0.20582584430573947,0.4085089995626585,False,-0.018474709440864157,False,0.0014318530700152543,0.027344217255732772,-0.0014298057981936285,0.0015128911134316692,False,300.3996599416627,True,True,0.7306085871859329,0.7732306936281322,0.02207240135210431,False,0.152701997617134
BRK-B,133,0.6426564890155373,Berkshire Hathaway,Financials,SP500,504.1400146484375,0.0029643305879756277,0.0020871381227816066,-0.007852301962162578,0.000277806842137851,0.058272827325013044,0.7368421052631579,0.6257309941520468,0.5614035087719298,0.08187134502923976,-0.047750309919844525,0.08324026914484617,False,-0.005092525468860742,False,-0.006746698868841938,0.02303703221232878,0.00679252599629776,0.0015961307569585248,False,2224.467487508447,False,True,0.7941239283989385,0.8985977478847772,-0.001193685687459034,False,0.1363770091364256
NWSA,134,0.6401939018016882,News Corp (Class A),Communication Services,SP500,28.65999984741211,-0.0010456844226925943,-0.015120293068374036,-0.07087452877754297,0.06821816339142717,0.17517102674862106,0.41130604288499023,0.7777777777777778,0.7426900584795322,0.023391812865497075,-0.07802393036320143,0.28913408154575704,False,-0.021108009876271816,False,-0.022448783916589554,0.0829734968709468,0.022964304629000676,-0.004916442810661059,False,119.33554317475341,False,True,0.8837586682716182,0.8222290125459023,-0.0005228754519980283,False,0.11946330870667589
OXY,135,0.6401443105480595,Occidental Petroleum,Energy,SP500,58.71500015258789,0.010933166348381151,0.04661322191787742,-0.026820289411199072,0.14133942115516107,-0.0588171663824999,0.6842105263157895,0.8771929824561403,0.28460038986354774,0.3996101364522417,-0.10542159746548074,0.5297590089026818,False,0.0005726102468770478,True,0.008138261323988871,0.09349015925247062,-0.008072564683043515,0.020428230747877363,False,484.245482128698,True,True,1.0883137773806852,0.9673620317772645,-0.00292703130652594,False,0.22171055774922926
GOOG,136,0.6394862727595244,Alphabet Inc. (Class C),Communication Services,SP500,340.7749938964844,0.0012486786700378616,0.004761735514025922,0.00565132688338843,-0.062218189239101496,0.14627914787940943,0.7797270955165692,0.4346978557504873,0.695906432748538,0.25925925925925924,-0.14494425471308026,0.43864823806249853,False,0.0036350387220689395,True,-0.003811256978874189,0.01065911772491912,0.003825838231534151,0.0032836753068508084,False,5957.236239460449,False,True,0.683543240187431,0.9013667936592665,-0.0028500108808815483,False,0.14307913526434274
DVN,137,0.6393273900123215,Devon Energy,Energy,SP500,47.974300384521484,0.006805852009604818,0.02662745248179399,-0.010350491268841133,0.13852865506203194,-0.02057534167629127,0.7309941520467836,0.8732943469785575,0.36062378167641324,0.3099415204678362,-0.06609492014985052,0.5500037806698757,False,-0.004199758375315943,False,0.02564581561870738,0.08665462452469352,-0.025004553451268063,0.01065789716497001,False,526.0040491703759,True,True,1.0355842574949639,0.6649379197291646,-0.00020990841364476598,False,0.12886951322086793
GOOGL,138,0.6386113686041588,Alphabet Inc. (Class A),Communication Services,SP500,344.0,0.0014556040756914523,0.003646973012399801,0.005083825701888145,-0.06214443611604281,0.1481274037107554,0.7758284600389863,0.43664717348927873,0.6998050682261209,0.25925925925925924,-0.1445364915528592,0.45789680110788966,False,0.0032152492172470293,True,-0.0020959858987303903,0.01554554596646196,0.002100388282953336,0.002934849032333542,False,9001.268422232228,False,True,0.7024495387631263,0.9211230728471789,-0.0023435012395378596,False,0.16924065089644857
MDLZ,139,0.6371388898425668,Mondelez International,Consumer Staples,SP500,58.130001068115234,-0.0010310630694225775,-0.025522181085446016,-0.0456619491793977,-0.026169469455031402,0.012943480110262584,0.5828460038986355,0.5594541910331384,0.46393762183235865,0.15204678362573104,-0.09764460993804014,0.15798177039599004,False,-0.03542027665013603,False,-0.05285094523802836,-0.00797556881282302,0.055800029543723983,-0.0124325341388134,False,495.683469336959,False,False,0.5478710725143766,0.8940247559530502,-0.014951004509655363,False,0.14804057696590314
MA,140,0.6370864375550749,Mastercard,Financials,SP500,560.6599731445312,0.01521016048667212,-0.013374223930042728,-0.04276868738519635,0.05639328267563193,0.12176457147993114,0.6062378167641326,0.7543859649122807,0.6588693957115009,-0.11890838206627674,-0.06534860328124259,0.19096563044559312,False,-0.006166970039793163,False,-0.018318367671191882,0.05559247297902803,0.018660191927739156,0.0026455009249781725,False,1631.12059657557,False,True,0.7162150938796573,0.9674939875176319,-0.00039842055262095943,False,0.1842965459955077
HUBB,141,0.6368813967948792,Hubbell Incorporated,Industrials,SP500,481.8299865722656,0.013269678887068537,0.03459156855908363,0.047115055880362355,0.009256963353703629,-0.02889510666890638,0.8421052631578947,0.6510721247563352,0.34307992202729043,0.40350877192982454,-0.1309928538074242,0.1972425500137478,False,0.05226948011292043,True,0.021572686836097255,-0.007654781068943017,-0.02111713352762956,0.0317778677822218,False,248.02743185935853,True,False,0.6964538701922416,0.7717095906854924,-0.0029651827361327765,False,0.09832858441995233
DIS,142,0.6364352662478112,Walt Disney Company (The),Communication Services,SP500,102.5,0.0030335409647483935,-0.029264101193853254,-0.04348640820135674,0.05149770691620881,0.07276073668618976,0.6023391812865497,0.7407407407407407,0.5925925925925926,0.1364522417153996,-0.10868654584324444,0.11756553372154155,False,-0.022305735353875367,False,-0.01866922258954895,-0.0075806032532765855,0.019024393221227065,-0.011418163248866464,False,954.3157569218445,False,False,0.8318945194972236,0.7856667822850981,-0.0037186111530860266,False,0.13576542821560184
PH,143,0.6344205262013481,Parker Hannifin,Industrials,SP500,973.2849731445312,0.0007557301535012773,0.003852287554625855,0.00908737344564492,0.01852217814770163,0.07164733804223822,0.7894736842105263,0.6666666666666666,0.5867446393762183,0.009746588693957059,-0.09184054693107013,0.3693926678676607,False,0.019898684962175617,True,-0.013798455579646096,0.0327453048737838,0.013991516904139578,0.006773603208358958,False,609.3236994249756,False,True,0.6565446592497318,0.6390361689912532,-0.0016451345494007397,False,0.09455091496780434
NDAQ,144,0.6324742602320108,"Nasdaq, Inc.",Financials,SP500,90.88990020751953,0.006198365605173173,-0.01867957771277806,-0.07611020366316679,0.05515631220724537,0.04123158274245875,0.37816764132553604,0.7485380116959064,0.5321637426900585,0.06822612085769975,-0.09076955390385077,0.1866905337164413,False,-0.0163549252298415,False,-0.040072241013657806,0.008889640034822177,0.0417450590823345,-0.011544675460911646,False,286.3941285415953,False,True,0.7105567480166703,0.8820225103631442,-0.0017713235787223391,False,0.11727741168086486
MMM,145,0.6306687571287426,3M,Industrials,SP500,161.83999633789062,-0.0003088705413943904,-0.04507906291153507,-0.0384409798262324,0.028722696116053603,0.13072062165217768,0.6257309941520468,0.695906432748538,0.672514619883041,0.04483430799220278,-0.11552688352813034,0.15714677381398778,False,-0.022173912506356475,False,-0.06366461356478947,0.014875889105402162,0.06799338622368167,-0.01787818036049782,False,503.49727281876403,False,True,0.8532777291560276,0.9180743324029963,-0.0033973874472259524,False,0.09906476326987562
MRK,146,0.6284514558847653,Merck & Co.,Health Care,SP500,139.2642059326172,-0.034898108195703714,-0.06339226816882626,-0.08043682484770032,0.0871197164451587,0.16751050725928485,0.3508771929824561,0.8050682261208577,0.7290448343079922,-0.13060428849902528,-0.10459406216459632,0.7378295017783736,False,-0.04738295005132065,False,-0.018401977707033335,0.14466117747729013,0.018746958825413218,-0.039429282344473515,False,1432.6753943062674,False,True,0.5782016222388338,0.7736494344523503,-0.0043659381114948825,False,0.27611682757662653
MCK,147,0.6264374787806655,McKesson Corporation,Health Care,SP500,907.3699951171875,0.005641226287895318,0.059652709246367674,-0.015205463208860182,0.12510918017072403,0.06135684702906685,0.7173489278752436,0.8596491228070176,0.5653021442495126,-0.01754385964912275,-0.0867250446091078,0.25396631527307845,False,0.026855986151267386,True,0.03235527762786705,0.0720131765821026,-0.031341223635929394,0.02414515678015894,False,820.7127621022339,True,True,0.8683697262986649,0.6872645877442857,0.0032583469774245533,False,0.06075570811331833
BLK,148,0.6261107487134883,BlackRock,Financials,SP500,1054.27001953125,-0.005058355583423935,-0.015850623541423525,-0.05902387365007977,0.04978089908741068,0.11073664634975633,0.4951267056530214,0.732943469785575,0.6471734892787524,0.07797270955165692,-0.10459895860116153,0.1546774095971768,False,-0.012301368586073003,False,-0.04688624256044027,0.003165902850719604,0.04919270359332062,-0.00944835463584226,False,632.9478773875001,False,True,0.7913836460851328,0.7379893684644395,-0.003142564894673572,False,0.20211272463868096
CHD,149,0.6260491411176343,Church & Dwight,Consumer Staples,SP500,95.56999969482422,0.013360218098273702,-0.0005229350587903081,-0.030631877018396314,-0.031213641174099527,0.032689457327671256,0.6666666666666666,0.5321637426900585,0.5126705653021443,0.01949317738791423,-0.08631606603063657,0.18346835641558834,False,0.004762546255966393,True,-0.02792696529226768,-0.00037526533024911934,0.02872928709586553,0.005446560047694948,False,182.32613506733094,False,False,0.619634265921681,1.066528266252643,0.00349911822285498,False,0.3070250515666858
VLTO,150,0.6252465257512122,Veralto,Industrials,SP500,95.13999938964844,0.004858460952576804,-0.00968665756153464,-0.026684288590033578,0.023288274870572723,0.07526851123711764,0.6861598440545809,0.6764132553606238,0.6003898635477583,-0.08771929824561397,-0.09824972721927516,0.1602647298573623,False,-0.0010471701943997047,False,-0.014095623004031554,0.026343243238977854,0.014297150243901546,-0.00135618384368974,False,157.75663356983796,False,True,0.6493977920171453,0.961059934354802,-0.0045416170657983645,False,0.11992502772749751
DLR,151,0.6221968543886351,Digital Realty,Real Estate,SP500,178.58999633789062,0.00022398927722910855,0.00795802980243665,-0.04246984277673482,0.028099420380115037,-0.00536584060034595,0.6081871345029239,0.6939571150097466,0.4074074074074074,0.3157894736842105,-0.11228742228297695,0.2319743316444669,False,-0.015486586600565233,False,-0.04415890013660739,-0.002397202460210135,0.04619899703299901,-0.0005646563043826269,False,376.67405503861323,False,False,0.7416390648885769,0.7585413576170191,0.003976429251991265,False,0.0917204378381293
TRV,152,0.6215573179524154,Travelers Companies (The),Financials,SP500,359.739990234375,-0.0017759438364113311,-0.009417373590833056,-0.03571632785330736,0.05015542584668631,0.22645582819239074,0.645224171539961,0.7348927875243665,0.7914230019493177,-0.20662768031189083,-0.09125936245784494,0.39633029696402544,False,-0.020505872211029952,False,-0.02839638248689247,0.12951767941434245,0.029226303787932784,-0.006653697255833091,False,576.1578040652831,False,True,0.594102260542031,0.5843889932162047,-0.0011931646316534206,False,0.049900188373351737
ULTA,153,0.6213757376698977,Ulta Beauty,Consumer Discretionary,SP500,548.1400146484375,0.008184833612994158,-0.0018028339838874752,-0.0161008973792931,0.20794221015244463,0.010116999884599576,0.7134502923976608,0.9239766081871345,0.45419103313840153,0.07212475633528259,-0.22449844519326778,0.21606215118899064,False,0.0053962295237255375,True,0.022627920960435866,-0.013185698875208152,-0.02212722779873255,0.004820462333965381,False,313.18106181900635,True,False,0.7067763309031603,0.5430210769154048,0.0,False,0.07737801376280817
MDT,154,0.6201994712809421,Medtronic,Health Care,SP500,87.83000183105469,0.016786346651328943,-0.0186591974183834,-0.048868607581403656,0.05630834810004859,0.035573473107510134,0.5614035087719298,0.7524366471734892,0.5185185185185185,0.011695906432748537,-0.13866977478325437,0.21151561660719964,False,-0.021235435525317592,False,-0.017350099795431118,0.008301356844109486,0.0176564408054376,-0.0001370436578214118,False,901.9195777192581,False,True,0.7547851247443901,2.2712057540696535,-0.0005787847181403238,False,0.42706782192937875
EQIX,155,0.619725302602015,Equinix,Real Estate,SP500,1023.6099853515625,-0.002057077381574346,0.012402680265959587,-0.016544461084112227,0.005446047736490822,0.017230749037393522,0.7115009746588694,0.6354775828460039,0.47368421052631576,0.36257309941520466,-0.07835457739555285,0.4312565574692466,False,-0.001917957941638626,False,-0.016622995346326275,0.042861868830115224,0.016903990298390736,0.00196313647489621,False,572.3387931469922,False,True,0.8952119539517576,0.7141197547920441,0.0,False,0.11089818747276958
MO,156,0.6188412431382871,Altria,Consumer Staples,SP500,67.62999725341797,0.004157368754870383,-0.021698250536612562,-0.011222741388716595,-0.05824929156740788,0.04789890595010515,0.7270955165692008,0.45614035087719296,0.543859649122807,0.08771929824561403,-0.0828866952548144,0.295800801813747,False,-0.012048382507394262,False,0.000837561944204479,0.03286126963198366,-0.0008368610212603489,-0.005138043681025883,False,591.6918576562773,True,True,0.479332045484235,0.649242527240282,-0.0031922248368458916,False,0.16959974139356565
V,157,0.6180927966796748,Visa Inc.,Financials,SP500,364.55499267578125,0.010799614523713474,-0.008661004087599622,-0.03747856719265674,0.03700233256854246,0.20657182961652376,0.6335282651072125,0.7115009746588694,0.7758284600389863,-0.1072124756335282,-0.05098407149950346,0.23845896496108554,False,-0.006746724808318061,False,-0.011226420233392487,0.08299200669684148,0.011353883703124845,0.0016952876320390775,False,2399.1823234046215,False,True,0.7834552901854482,0.7063669544705755,-0.003244089768352887,False,0.12702318813907235
GM,158,0.6142975398923488,General Motors,Consumer Discretionary,SP500,79.80000305175781,0.019547802150403415,-0.010416621332445808,-0.08318012164080713,0.05175629809153248,0.09135724406770462,0.3313840155945419,0.7446393762183235,0.621832358674464,0.23391812865497075,-0.11445152537689085,0.4541729345260108,False,-0.036691397127444625,False,-0.06403319705870536,-0.0070521740842350855,0.06841396175321579,-0.005854944447431287,False,556.5295040167929,False,False,1.3750353581018224,1.0600098550711656,0.009198942782462805,False,0.17432979002347807
GILD,159,0.6133070499689102,Gilead Sciences,Health Care,SP500,143.58999633789062,-0.00794534414556003,-0.056632350014811705,-0.04510825077076275,0.05895230462419243,0.03723494075502898,0.594541910331384,0.7621832358674464,0.5243664717348928,-0.04873294346978552,-0.06178961099765223,0.29546239856565015,False,-0.030363054425714076,False,0.00463196534967647,0.0608172920931318,-0.004610609167770563,-0.027666057018088108,False,852.5768371715509,True,True,0.7010140251749106,0.6959256421013039,-0.010570669622982254,False,0.11372860744495233
NEM,160,0.6131681944587496,Newmont,Materials,SP500,115.08000183105469,-0.004153649512632418,-0.008358476477338006,-0.11768758496278597,0.2131239463717549,0.024451101261268038,0.17738791423001948,0.9278752436647173,0.49317738791423,0.07017543859649122,-0.1466659772302692,0.4772907102299855,False,-0.055153010083410114,False,-0.02589365685276801,0.03506971611481213,0.02658196103015653,-0.02105215967829177,False,859.4549951852532,False,True,0.6305914089569817,0.5802835293849428,0.0029422289240943478,False,0.10092306742572708
TDY,161,0.6123749251362804,Teledyne Technologies,Information Technology,SP500,621.8699951171875,0.007615425793829456,0.0180737320014841,0.023031240417288545,-0.03090231683437461,-0.016044072865551318,0.8050682261208577,0.5341130604288499,0.3742690058479532,0.21052631578947367,-0.10043395617211293,0.28360887887853137,False,0.023926515637094026,True,-0.01781072984861809,-0.003525092098177529,0.018133704358094915,0.013839862935479674,False,180.0979020481738,False,False,0.5836523397000114,0.6565418749662021,0.00021064680138760394,False,0.10152189280219552
ESS,162,0.6123095028286089,Essex Property Trust,Real Estate,SP500,270.8299865722656,0.008114620231933545,0.00148384997056894,-0.01878661352481381,-0.08348376998518214,0.11351653842811915,0.7056530214424951,0.35477582846003897,0.6491228070175439,0.021442495126705652,-0.08351443647833867,0.16358074021065083,False,0.0017915071067080568,True,-0.025511194305802398,0.02800651684064759,0.026179053219219872,0.002978959449106533,False,138.21123314166687,False,True,0.5725287874705579,0.9076361069434723,-0.0032756556962796335,False,0.08870088088553213
TSLA,163,0.6106468606829097,"Tesla, Inc.",Consumer Discretionary,SP500,375.6099853515625,0.013545937729778412,0.050804231429185664,-0.0020193155019925246,-0.0677339512492855,0.06459378026825235,0.7543859649122807,0.41325536062378165,0.571150097465887,0.253411306042885,-0.23326124437061946,0.25908412486509436,False,0.02641805676272524,True,0.07675421765379453,-0.04330195179565233,-0.07128295055211298,0.026695561562560366,False,12839.871719389363,True,False,0.5592178991544511,0.9430409981492908,-0.004830158834859155,False,0.39880975552141235
BAX,164,0.6099312207459286,Baxter International,Health Care,SP500,23.80500030517578,0.013409984552018583,0.013409984552018583,-0.06902617953514101,0.0417403065388533,0.4310248414979312,0.42884990253411304,0.7192982456140351,0.9161793372319688,-0.2378167641325536,-0.159993519916397,0.5080101753758297,False,0.006543285902348428,True,-0.058174845183990076,0.142279797718184,0.06176820069682121,0.0071277292147147175,False,172.58010154237886,False,True,0.5822784645402895,0.8626552740461109,-0.0012771684520148652,False,0.2599807902628791
COP,165,0.6081907584791506,ConocoPhillips,Energy,SP500,127.4000015258789,0.005128217166697535,0.010790230089438468,-0.06130267919239496,0.18267920980361962,-0.01851376414034034,0.4775828460038986,0.9083820662768031,0.3664717348927875,0.17543859649122806,-0.09786148969950714,0.5341638799766053,False,-0.026284194099649216,False,-0.003956817258368717,0.10268305025850544,0.003972535856806347,-0.00033014958477473044,False,858.1709561914175,False,True,1.0281133545240582,0.7823915471094633,0.0019723865877712132,False,0.14194136171085722
FLEX,166,0.607111385770362,Flex Ltd.,Information Technology,SP500,118.19000244140625,0.013549453930064015,0.04555910725555812,0.09546763472079545,-0.10135341695579514,0.7457903658661098,0.9044834307992202,0.2962962962962963,0.9590643274853801,0.2729044834307992,-0.27074722588881717,1.1682261251275325,False,0.054133742253991146,True,0.035918403332573456,0.1833448877365349,-0.03467300437662191,0.03592201844056886,False,410.1204299035492,True,True,0.7052542040429679,0.5735214452582218,-0.0009433205537758838,False,0.24102420967628296
NWS,167,0.6048731036113876,News Corp (Class B),Communication Services,SP500,31.739999771118164,0.0028436067511103946,-0.01550874321705098,-0.0830792652688791,0.044814200466260834,0.13132511789210732,0.33723196881091616,0.7290448343079922,0.6764132553606238,0.03898635477582846,-0.0986555311875924,0.24572617037646882,False,-0.021894887706402466,False,-0.03681912281715316,0.055275277874948126,0.03822659241828319,-0.003611149773761757,False,38.004814191956754,False,True,0.8084417455684818,0.7201921971301934,0.00031596300165448454,False,0.12369626945712557
CAT,168,0.6045293980766223,Caterpillar Inc.,Industrials,SP500,847.239990234375,0.0021527848418649853,0.033282489933609716,0.05886466708783722,-0.09712408382633342,0.1791188330977702,0.8635477582846004,0.31189083820662766,0.746588693957115,0.21052631578947367,-0.20291890630476594,0.7564184964247964,False,0.04216817059221101,True,0.029930503793622387,0.06618716901166133,-0.029060702332222466,0.02445904052404324,False,2153.4398857726314,True,True,0.5793790896486903,0.7170672105633251,-0.0026613991217180333,False,0.2139438623722675
JBL,169,0.6039362103889861,Jabil,Information Technology,SP500,304.0299987792969,-0.0012483324405931917,-0.04671869764105707,-0.006178133386111284,-0.05289738181151671,0.13719048018020708,0.7446393762183235,0.4678362573099415,0.6842105263157895,0.3996101364522417,-0.2114314422325112,0.5806533502465989,False,-0.005428706613864964,False,-0.039901316771197015,0.006675635556392834,0.041559599516384216,-0.003232419056600766,False,371.93901553361513,False,True,1.0107566016776608,1.7747470250110928,0.0028250889958172376,False,0.14383294529006582
KDP,170,0.6027685271016201,Keurig Dr Pepper,Consumer Staples,SP500,30.729999542236328,0.011853760061075302,-0.023204054783225514,-0.05861254209443767,-0.01705871260038827,0.21296864151686035,0.49902534113060426,0.5886939571150097,0.783625730994152,-0.052631578947368474,-0.07603520562805566,0.2533206087897524,False,-0.013328015025436457,False,-0.010939459424914366,0.05934647652468161,0.011060454821657073,-0.003444404370639087,False,343.0630897196434,False,True,0.8498636633903341,0.9397118308519294,-0.0047744634098381145,False,0.14522350344497187
NSC,171,0.6018440316926258,Norfolk Southern,Industrials,SP500,316.19000244140625,-0.003937751985844118,0.010030393773770463,-0.03550616053328448,-0.016417542904999416,0.10680352787072134,0.6471734892787524,0.5964912280701754,0.6413255360623782,0.025341130604288442,-0.1042268893417504,0.1510861750858712,False,-0.0007237169783032016,False,-0.04278183739208663,0.02085510086875031,0.044693925651733135,0.005987278186839751,False,373.90921957855835,False,True,0.71811601600265,0.640264502137556,-0.001417629169513157,False,0.07691232177687307
CSX,172,0.6005624792575046,CSX Corporation,Industrials,SP500,47.18000030517578,-0.005270925540616478,0.008982078672341798,-0.036946342340841154,-0.02475443914616171,0.14402577767541191,0.6354775828460039,0.5653021442495126,0.6900584795321637,0.01754385964912275,-0.11123124608674051,0.41883782662329216,False,-0.007447294777830016,False,-0.04200150573632544,0.06869767400983151,0.04384297677691884,0.002769716126767685,False,518.5916672413074,False,True,0.7748452025794765,0.8356133515962759,-0.004216756518081399,False,0.10493047314547228
MAR,173,0.5998710627405653,Marriott International,Consumer Discretionary,SP500,355.6600036621094,-0.009193191084031271,-0.008115580228878816,0.058291415213948206,-0.06399797351449621,0.05646817201924659,0.8596491228070176,0.4327485380116959,0.557504873294347,0.3060428849902534,-0.11466497210506488,0.384425510431361,False,0.030771576761443153,True,0.01253668061197355,0.02046356995507259,-0.012381458224700048,0.004294175253746424,True,564.8525536774781,True,True,0.7235475818719171,0.5995859073545851,-0.003259368559191289,False,0.07723453382131071
PFG,174,0.5989818534158837,Principal Financial Group,Financials,SP500,111.41000366210938,-0.004912427892646898,-0.0281751198947644,-0.05991054211575708,-0.005517798786332184,0.24193378839706559,0.4834307992202729,0.6179337231968811,0.8109161793372319,-0.14230019493177382,-0.05991054211575708,0.4702167167201936,False,-0.02901787102034059,False,-0.01669025167462479,0.10953917347147346,0.016973544402513197,-0.014347683717231052,False,151.0277196652008,False,True,0.6703313668380394,0.7291794058341822,-0.002947497621947126,False,0.14071244872617275
WRB,175,0.5951463514188822,W. R. Berkley Corporation,Financials,SP500,69.45999908447266,0.006958476430558358,0.02660353717023667,0.0008545056069990675,-0.027685394755995407,0.06086157574910134,0.7680311890838206,0.5516569200779727,0.5633528265107213,0.01754385964912286,-0.09000623803630892,0.104605133488201,False,0.006362356786425272,True,-0.006215685078674205,0.015484457608511137,0.006254561463033603,0.012580390247301176,False,174.61007394939972,False,True,0.7339309366833462,0.7362728486707927,-0.0015946738909589087,False,0.07139467269591103
HUM,176,0.5943065426122384,Humana,Health Care,SP500,386.4150085449219,-0.005008180245140159,-0.008251408509613034,-0.04945631460221711,-0.02079212070799663,1.1205949501154584,0.557504873294347,0.5789473684210527,0.9746588693957114,-0.19883040935672514,-0.05706437272970588,1.3785288134440665,False,-0.007777088288242084,False,0.0028738335241287327,0.3182619501986834,-0.002865598271748593,0.002117760060942775,False,449.3127545927185,True,True,0.8522710137749151,0.8585560953556864,0.00417145353762205,False,0.14700022624510786
LLY,177,0.5939431913116124,Lilly (Eli),Health Care,SP500,1142.969970703125,0.00010499638600935945,-0.03528930059579316,-0.014341156634131047,-0.07361219325779333,0.23678956285561603,0.7192982456140351,0.3898635477582846,0.8050682261208577,-0.07212475633528265,-0.10729181216269745,0.4384962175219289,False,-0.006887256882758486,False,-0.027469279110399647,0.06639422862255917,0.02824515310454445,-0.01193906671734668,False,2946.315685923462,False,True,0.5749727762054324,0.7799809388888704,0.006921323313352712,False,0.18865345531662428
ADP,178,0.5913329747504227,Automatic Data Processing,Industrials,SP500,258.2699890136719,0.002289647449008392,-0.013483571214252255,-0.08326146086877395,0.05831790550622906,0.281662379814682,0.32943469785575047,0.7582846003898636,0.8401559454191033,-0.1442495126705653,-0.09585757460732047,0.3872286639808309,False,-0.029989972770002815,False,-0.0447207163432386,0.09897356662222201,0.046814284689656205,-0.013758806628220599,False,606.3751741499439,False,True,0.7913167533079641,0.773709550203405,-0.0032209973449895957,False,0.10184129597962013
ELV,179,0.591254582422571,Elevance Health,Health Care,SP500,388.32000732421875,0.004890962617446926,-0.015889883351991596,-0.059718039630341835,-0.06885485012182957,0.29406539772125173,0.4873294346978557,0.4074074074074074,0.8499025341130604,-0.011695906432748537,-0.08617784445187027,0.40347330267512604,False,-0.03491667491351136,False,-0.020229779877324994,0.06929979707701706,0.020647473725821097,-0.009443726025248678,False,420.61707438701785,False,True,0.7275837920935893,0.8322594351407899,0.00320891435824322,False,0.08175776358278616
SJM,180,0.5857324055954192,J.M. Smucker Company (The),Consumer Staples,SP500,116.7300033569336,-0.00392524170056785,-0.03233021624207877,-0.09166595325996785,0.04048002061913869,0.2511214069899257,0.27680311890838205,0.7173489278752436,0.8226120857699805,-0.22612085769980506,-0.11795370570437058,0.3306354543787895,False,-0.03513373372164763,False,-0.04453077414579931,0.08934798839038094,0.04660618358062574,-0.018206841939500618,False,159.4430529343872,False,True,0.5853066929231604,0.7704452737300092,-0.0010240015707997374,False,0.0661685552085342
IBKR,181,0.5854842585916848,Interactive Brokers,Financials,SP500,88.63500213623047,0.0037938739852170222,0.017857145986200917,-0.04642275367060489,-0.06190919494872005,0.29415770397306074,0.5789473684210527,0.43859649122807015,0.8518518518518519,-0.1267056530214425,-0.09649410626692334,0.4579853525869537,False,-0.006631953609436914,False,-0.021043144219756282,0.09041040951536994,0.02149547663465179,0.0065090324952161716,False,374.9680857719397,False,True,0.6525667669749196,0.871377519748488,0.006794999472077068,False,0.14558841387056867
AMT,182,0.585187092541094,American Tower,Real Estate,SP500,161.74000549316406,-0.002835952304147793,-0.02685295635451268,-0.08023229620846994,-0.01065831148183316,-0.053602670178286016,0.35282651072124754,0.6120857699805068,0.290448343079922,0.4249512670565302,-0.1497562720736807,0.008504811042467919,False,-0.04686965673181065,False,-0.054617187313121485,-0.06606324110356077,0.05777256216229887,-0.01859754523224255,False,435.27478155278897,False,False,0.6412318918401779,0.9075323627065569,-0.002589384567493802,False,0.1447641614069184
FERG,183,0.5848832507448225,Ferguson Enterprises,Industrials,SP500,223.19000244140625,-0.0006268722898875589,-0.018081832622834138,-0.0001791573126294077,0.0037758824174485284,-0.05945043974787034,0.7621832358674464,0.6296296296296297,0.2826510721247563,0.3274853801169591,-0.15996625847414703,0.04167837283448361,False,0.010668659769438538,True,-0.035816990993458364,-0.05536586751980099,0.037147502765437546,0.0033709338318279602,False,633.9735295161072,False,False,0.6409355442773746,0.5261072149568469,-0.002507489159550458,False,0.06215354321472545
CME,184,0.5846890819133068,CME Group,Financials,SP500,265.3349914550781,0.008341478621459952,0.007958521875182534,-0.05484642893365621,0.10729204501864231,-0.13159820045151516,0.5185185185185185,0.8382066276803118,0.1793372319688109,0.18518518518518512,-0.1595643246459768,0.21960183973448588,False,-0.018251378805693608,False,-0.017013722747546756,-0.0332931934910502,0.01730819965778352,-0.0014333156817122328,False,503.59356523074524,False,False,0.683958654696952,0.7935496594500535,3.7923719280019696e-05,False,0.13434662939082934
EBAY,185,0.5834321343694091,eBay Inc.,Consumer Discretionary,SP500,106.63999938964844,0.002255618988042496,-0.006336193692782599,0.007368210606458314,-0.0675247940351551,0.09774604028532319,0.783625730994152,0.4152046783625731,0.6296296296296297,0.1111111111111111,-0.09834593217622012,0.35523667041248985,False,-0.008792968348433461,False,-0.0043704232110549635,0.059157854191036696,0.004389607654234462,-0.0021424013019262222,False,496.91519594422425,False,True,0.733785628373466,0.6253191456586017,0.003806379450082664,False,0.08681820973752098
GWW,186,0.5829654043785263,W. W. Grainger,Industrials,SP500,1274.3900146484375,-0.004616132120823568,0.01489226968024071,-0.029287614768682024,-0.05864754494884994,0.1451981833567093,0.6705653021442495,0.4522417153996101,0.6939571150097466,0.023391812865497075,-0.0892643350230532,0.39610984837011465,False,0.004242697642251603,True,-0.01958249071635565,0.057999072577907596,0.019973624023365222,0.004737623769653698,False,341.5359366019287,False,True,0.8364536696443399,0.8566192266890749,-0.0025462857465395894,False,0.09583933501380386
RCL,187,0.5788014556940296,Royal Caribbean Group,Consumer Discretionary,SP500,273.4649963378906,-0.015392071890248382,0.12727235445024654,0.035925665471965296,-0.02540193233793664,0.0029611240541522754,0.8284600389863548,0.5633528265107213,0.42884990253411304,0.39961013645224175,-0.20124847641878685,0.18742940822467924,False,0.07784108211171836,True,-0.024767164179523515,-0.03703657281768247,0.025396154917903813,0.04310991183967361,False,652.8582960591589,False,False,1.1726275725802364,1.2958286214391026,-0.0025563169872619973,False,0.2927223807849263
IR,188,0.5770333367665741,Ingersoll Rand,Industrials,SP500,77.45500183105469,0.018206942839316342,0.014074425455528727,0.02725464540568301,-0.01571235038771146,-0.015311381339534691,0.8167641325536062,0.5984405458089669,0.37816764132553604,0.09746588693957114,-0.21514850643938543,0.13033678466590692,False,0.04340741110508328,True,-0.020283703035240852,-0.049857079147741956,0.020703649717863648,0.02260073217453873,False,333.5608758279776,False,False,0.7214337980087046,1.0299788507808125,-0.002366245640829545,False,0.12111277645188438
ORCL,189,0.574962711191983,Oracle Corporation,Information Technology,SP500,144.3000030517578,0.014054813472298866,0.08823526704145435,-0.063230269143694,0.022613129175013347,-0.0015956572447156647,0.4697855750487329,0.6744639376218323,0.4171539961013645,0.6608187134502923,-0.5345307824066783,0.25489177956775255,False,-0.0066054049986824515,False,0.000844807507216494,-0.1092378924581694,-0.0008440944099221692,0.022139349179615797,False,4308.093243012373,True,False,0.7761485878476152,0.9040814325967472,0.0016162735249936055,False,0.210278868808968
COIN,190,0.5742827388104966,Coinbase,Financials,SP500,187.3699951171875,0.023879754738729497,-0.0230460311990891,-0.02765958440822547,0.14592380534484106,0.0719720940229176,0.6803118908382066,0.8830409356725146,0.5906432748538012,0.08382066276803124,-0.5161773428547991,0.32801757729486947,False,0.007381812578783897,True,0.08045298209573826,0.01235796144116108,-0.07446227038929998,-0.006277310071074349,False,1649.208719529242,True,True,1.0554091375405332,0.7689808730190341,0.022622947484417733,False,0.3550342384997408
HLT,191,0.5733132298020546,Hilton Worldwide,Consumer Discretionary,SP500,318.3900146484375,-0.003037233052403887,-0.005901037024050204,0.012851943586702275,-0.06620842008844208,0.038461481036812684,0.7953216374269005,0.4191033138401559,0.530214424951267,0.22612085769980506,-0.09047174273846625,0.2414951722956169,False,0.023755519935698022,True,0.003046848092188581,0.007478218831163952,-0.003037593007728212,0.006425789457169984,False,581.1999665284326,True,True,0.7941618255247056,0.6162114569959721,-0.0015029449234901238,False,0.12807713878942145
TRMB,192,0.5725932029464834,Trimble Inc.,Information Technology,SP500,58.69499969482422,0.020427663903155535,0.020605136634951338,-0.023377684109290975,0.0924064804557645,-0.0979714158582834,0.6900584795321637,0.8148148148148148,0.23196881091617932,0.22807017543859642,-0.2972341708098367,0.20104360502715757,False,0.013691174136245321,True,0.005748845098351385,-0.061799815564853255,-0.005715984787225126,0.014122208608435827,False,178.5466409230983,True,False,0.6934088324691294,0.7063761795284266,0.014603618670077978,False,0.14704022106628636
UNP,193,0.5725022220696337,Union Pacific Corporation,Industrials,SP500,276.0249938964844,-0.00810336672669365,0.007022939620956237,-0.0453916661838103,-0.02053566536162199,0.13523930422814123,0.5867446393762183,0.5847953216374269,0.6783625730994152,-0.05458089668615984,-0.10725024626457602,0.3025949685382423,False,-0.008841544357672926,False,-0.045696823889656124,0.04994320770462157,0.047885017082215375,0.0016670158339038288,False,727.1295354077552,False,True,0.8043229702945409,0.8544836940296627,-0.003306070978044029,False,0.10545153033969872
EG,194,0.5723645109730185,Everest Group,Financials,SP500,369.5,0.0033399707362047337,-0.0008112163409175199,-0.038164248329486505,-0.004584275116686909,0.13796972782865846,0.6296296296296297,0.6198830409356725,0.6861598440545809,-0.24756335282651076,-0.0681989695204307,0.23336507802950912,False,-0.006142005004907913,False,-0.007911732388576453,0.07095968036010225,0.007974827086328684,-0.00023295837524350826,False,133.1865276971533,False,True,0.7253561603542609,0.9242785796655028,0.0015206168715879986,False,0.09868860053051567
AVY,195,0.5702093895316678,Avery Dennison,Materials,SP500,168.1699981689453,-0.01000763523345849,-0.021641754807796842,-0.028087618590060703,0.029189694869772076,0.005204152085026337,0.6764132553606238,0.6978557504873294,0.4346978557504873,-0.013645224171540016,-0.133578777139859,0.10546591916345127,False,-0.013257686595056217,False,-0.030261507704123836,-0.016207330921755858,0.031205843580034864,-0.012273543852867608,False,164.326694421593,False,False,0.6531301300000527,0.596768276628906,-0.009242315362089748,False,0.08969342652922906
ECHO,196,0.5670345956214738,EchoStar,Communication Services,SP500,98.78500366210938,0.048116749730603425,0.1072069301786418,0.10017822313026103,0.008936778340032037,-0.22185895205350614,0.9103313840155945,0.6491228070175439,0.08187134502923976,0.6179337231968811,-0.30334977760154014,0.47594506516788715,False,0.06762569765090687,True,0.10086113754451498,-0.09124086034222623,-0.09162021812259369,0.06584230800540003,False,320.3311589429584,True,False,0.7479924643008607,0.910458298377749,0.004986750352287794,False,0.37611601667224515
VZ,197,0.5652813540701067,Verizon,Communication Services,SP500,45.790000915527344,-0.0028309507535190237,-0.01906596794837112,-0.09488039578143803,0.0934629745708,-0.038229028678602006,0.25925925925925924,0.8187134502923976,0.3255360623781676,0.07602339181286544,-0.11000971357592537,0.25237465610380605,False,-0.04695498815253296,False,-0.05208461390488628,0.0043034625430651285,0.05494648010667502,-0.014434928766704047,False,997.0021314177955,False,True,0.7930903191650784,0.8212582935391781,0.00032672484634055365,False,0.17388059471633108
HON,198,0.5647915450727274,Honeywell Technologies,Industrials,SP500,214.07000732421875,0.00037385779242504746,0.012055611763666318,0.031016723450163264,-0.04593500537751227,-0.0979652721607619,0.8206627680311891,0.48927875243664715,0.23391812865497075,0.3216374269005848,-0.17008005966733375,0.0995820123444695,False,0.026018337108937306,True,-0.030251921440928364,-0.0650945072053547,0.031195649787601587,0.009322076593302864,False,653.6167629232128,False,False,0.4734113893468486,0.5674285224553818,0.002616933240892072,False,0.08022466355650988
CNC,199,0.5647453870597344,Centene Corporation,Health Care,SP500,63.54999923706055,0.008890261052099335,0.016312177797473293,-0.06571593099985118,-0.03886877499644892,0.7951976411809698,0.4522417153996101,0.5087719298245614,0.9668615984405458,-0.08966861598440545,-0.08442593453208214,0.9984276969100592,False,-0.010317320641719863,False,-0.017956493125261486,0.2010439790784162,0.018284824449790626,0.010888995348427688,False,301.48670651261716,False,True,0.9244803106373033,0.7382535074517383,0.0003174574144080289,False,0.09659986184157551
ICE,200,0.5634827174481104,Intercontinental Exchange,Financials,SP500,150.08999633789062,-0.0003995841560613389,-0.018442268371467785,-0.08506541035331161,0.10362099239853029,-0.09160182889477542,0.31773879142300193,0.8362573099415205,0.2475633528265107,0.06432748538011701,-0.13399978817269365,0.2251979053188371,False,-0.027472861570453255,False,-0.031851851237964746,-0.025145803116732868,0.03289976981177256,-0.014161889928554605,False,529.7631195924475,False,False,0.6071269842517223,0.5728143420981618,0.00013322859323405822,False,0.1094083348451828
ABNB,201,0.5622049797248067,Airbnb,Consumer Discretionary,SP500,163.89500427246094,0.009019341640948753,0.050070491733242184,-0.11527663010817313,0.10144489859622219,0.2924454493166575,0.18128654970760233,0.834307992202729,0.8460038986354775,-0.14035087719298245,-0.1396587702233022,0.4693832071651465,False,0.002963423283409483,True,-0.036656911710954754,0.1409340445015681,0.03805177216360134,0.017939653713598513,False,861.9573210187835,False,True,0.8366020256782565,0.7036590699275764,0.0027088743535470527,False,0.09630665027727828
BF-B,202,0.5605495855315611,Brown–Forman,Consumer Staples,SP500,25.899999618530273,-0.009938846727766903,-0.004994278320627599,-0.05852419472760584,0.008119338123048658,-0.014288436431897922,0.5009746588693957,0.645224171539961,0.3820662768031189,0.00974658869395717,-0.13888453087198738,0.15561719085225612,False,-0.0108085541734253,False,-0.04534789681655904,-0.02311327790328732,0.04750201321019376,-0.008003187996511563,False,62.42548010581795,False,False,0.5607230985427204,0.6884782319601085,-0.009938846727766903,False,0.21851853452560518
CCL,203,0.5600605394765451,Carnival Corporation,Consumer Discretionary,SP500,25.510000228881836,-0.00970496885786909,0.152213230900496,0.08645658970281911,-0.03884528804773857,-0.006520103491489571,0.8947368421052632,0.5107212475633528,0.4015594541910331,0.4152046783625731,-0.23742470227285817,0.17072047531230972,False,0.10742115727254586,True,0.011195178262022099,-0.06325836009466512,-0.01107123382576225,0.05068188861391687,False,540.5979054933058,True,False,1.3183178043474382,1.573220192199511,0.0050465512271560264,False,0.24132756236108802
T,204,0.5587761260075608,AT&T,Communication Services,SP500,24.210100173950195,-0.003699550038390287,-0.02770680542768622,-0.07559756852745192,0.16331287594618926,-0.12460992823672667,0.3820662768031189,0.898635477582846,0.1871345029239766,0.11695906432748537,-0.14807396100355874,0.19796244553725173,False,-0.0421516648291147,False,-0.030362689721959657,-0.023469388994291962,0.031313450297465684,-0.018167806424304045,False,963.108441767898,False,False,0.7326482752999686,0.6913791392339604,-0.0012345177052978107,False,0.1272836524260082
WDC,205,0.558701166920345,Western Digital,Information Technology,SP500,442.794189453125,0.06622885295163083,-0.02302544244696525,0.0030942175664201432,-0.16756931166128597,0.4566885181121765,0.7699805068226121,0.11500974658869395,0.9239766081871345,0.0682261208576998,-0.4064345293867574,2.9213319114955287,False,-0.012081454644877532,False,-0.046783414204844886,0.10375036201252241,0.049079521802297466,-0.007235557530557046,False,3542.1283877077512,False,True,0.6078621694747471,1.297112695506579,0.035264486773916026,True,0.7311330485214294
ECL,206,0.5567241925208761,Ecolab,Materials,SP500,275.5450134277344,0.006740961411823232,-0.01671840051000939,-0.009653213072448263,-0.02403185598008173,0.03744891496582392,0.7348927875243665,0.5692007797270955,0.5263157894736842,-0.06822612085769986,-0.09916502951365103,0.12737563301309862,False,0.0036688586926238997,True,-0.010663418347489073,0.010936266232073555,0.010778352428531202,0.0016824011844713826,False,366.3730816254352,False,True,0.7756212347599115,0.8601015422930317,-0.005992015254997374,False,0.09675281593848892
CEG,207,0.5562889339024885,Constellation Energy,Utilities,SP500,267.2699890136719,0.0379820542553706,0.02626424194699406,-0.0623750203147192,0.11668613153670426,-0.02566962870236844,0.47368421052631576,0.8518518518518519,0.3469785575048733,0.267056530214425,-0.3346601027375796,0.13184286750487462,False,0.0005942908128586666,True,-0.014492457397836334,-0.0673633534254251,0.01470557735110778,0.02027348351631475,False,750.4157048905079,False,False,1.1030714143816058,1.0838207744609623,0.005475955243254171,False,0.30392470185844883
KMI,208,0.5562704325501729,Kinder Morgan,Energy,SP500,31.2549991607666,0.005954279618908487,0.020404832423258856,-0.010917760017035816,-0.029020037124088405,-0.040710760375046506,0.7290448343079922,0.543859649122807,0.31968810916179335,0.15399610136452246,-0.08052641543121875,0.257210291179768,False,0.006189059339175573,True,-0.004999468988838851,0.005376267024727932,0.005024589267061064,0.011388782640298523,False,358.4104064838409,False,True,0.8794766294908293,0.8266443044290591,0.0009655837444537685,False,0.15124573518569395
SWK,209,0.5529548757739097,Stanley Black & Decker,Industrials,SP500,89.20999908447266,-0.023319436597507126,0.005409621428821287,-0.06749863628968711,0.006896934772200325,0.33786770834751634,0.43859649122807015,0.6393762183235867,0.8752436647173489,-0.25536062378167645,-0.13474635964995696,0.4977025510850721,False,-0.00854093922880328,False,-0.05898787726078625,0.08096628898471425,0.06268556571734396,-0.007456458153972889,False,175.44153891807892,False,True,0.7257998956615932,0.8089978959990787,-0.0037223160884842788,False,0.14089564108861677
AMGN,210,0.5529214970455056,Amgen,Health Care,SP500,399.7699890136719,-0.008113386914256004,-0.04390982626153872,-0.09986041293144943,0.0923832245647449,0.18265673245567116,0.2378167641325536,0.8128654970760234,0.7504873294346979,-0.13840155945419097,-0.09986041293144943,0.4161229857699762,False,0.006129568136804986,True,-0.02270891244138107,0.10623096448432334,0.023236590132127866,-0.017988761119169472,False,1149.2037594866035,False,True,1.6998492844914979,0.9394074275416913,-0.009949408695434925,False,0.14724858834142648
UHS,211,0.5521413884788074,Universal Health Services,Health Care,SP500,177.32000732421875,0.009105429617576766,-0.000901444710230459,0.04792861112561453,0.1008834279436972,-0.01961405632979607,0.8440545808966862,0.8323586744639376,0.36257309941520466,0.0019493177387914784,-0.27065171950197786,0.25755087138050237,False,0.004412607779982203,True,0.0253751343507842,-0.01591854834528983,-0.024747171547952918,0.004882592829924759,False,135.60001620490235,True,False,0.7949553872063027,0.647931880289911,-0.001707278907772225,False,0.0627388784078357
CTSH,212,0.5521123966689936,Cognizant,Information Technology,SP500,58.279998779296875,-0.003930944263105252,0.02696033091272021,-0.09839109948027114,0.33413125189877513,-0.05316621819722844,0.2475633528265107,0.9610136452241715,0.29239766081871343,0.08966861598440545,-0.3156229186813517,0.5135998830155941,False,-0.018706552026334422,False,-0.012738355634357879,-0.03229772606223269,0.012902715006762877,-0.005149460195259525,False,444.9880918609744,False,False,0.853688372011053,1.0724226684525513,-0.00666551701993312,False,0.06449914183179903
COST,213,0.5516511980102463,Costco,Consumer Staples,SP500,921.3900146484375,0.0008037693094571363,-0.0016577474646225498,-0.004343975765069841,-0.026010636163238843,-0.09263755183235345,0.7504873294346979,0.5614035087719298,0.24366471734892786,0.3079922027290448,-0.1566863927009614,0.0887725064288627,False,0.014755654656251505,True,-0.012291480828058754,-0.03996979380311472,0.012444441441452181,0.006304755396885131,False,1905.0702867219118,False,False,0.8083718667534018,0.8932279395095348,-0.0020203620674452694,False,0.17659465234036106
ITW,214,0.5510475198651118,Illinois Tool Works,Industrials,SP500,262.2349853515625,-0.0026054618940606344,-0.03613621559801028,-0.028401197227665542,-0.026394120826883083,0.027286910302498413,0.672514619883041,0.557504873294347,0.5009746588693957,-0.052631578947368474,-0.11228711805787639,0.1156039503645514,False,-0.01454494502258441,False,-0.052237326672801454,-0.011750059336691265,0.05511646337518017,-0.008295852575688878,False,347.095578673208,False,False,0.8469764338970714,1.2834388821256726,-0.0038415096380732816,False,0.22269063933723843
STT,215,0.5504894275261976,State Street Corporation,Financials,SP500,174.23500061035156,-0.009803398713894684,-0.025438183750618903,-0.09684446278386183,-0.02657563146993691,0.3519958597094124,0.253411306042885,0.5555555555555556,0.8869395711500975,-0.2884990253411306,-0.09833213794414797,0.6069130953820052,False,-0.04215247094185626,False,-0.058416436615801204,0.13467021611409513,0.0620406290928055,-0.01591773075594005,False,313.54529373663485,False,True,0.7080878992421457,1.011224956787297,0.003409813718080912,False,0.10011983706767913
J,216,0.5481561590429651,Jacobs Solutions,Industrials,SP500,138.77499389648438,0.00517888128737054,0.002926926310533373,-0.05940761683952345,0.06772215287159167,0.0899255661097591,0.49317738791423,0.7758284600389863,0.6120857699805068,-0.06627680311890838,-0.14708420233182784,0.3009607911883059,False,-0.014688300700474444,False,-0.03069671326333334,0.04682297923526857,0.03166884264540082,-0.00022959391921073546,False,121.99759007028749,False,True,0.9894855917460794,0.8382737674184959,-0.002028094917052581,False,0.0906942963475252
LH,217,0.5443681502080924,Labcorp,Health Care,SP500,308.375,-0.00037275191421171083,-0.003860216739172695,-0.06975867269984914,0.0886922374791308,0.12907288669350114,0.4171539961013645,0.8070175438596491,0.6666666666666666,-0.12475633528265107,-0.08930231015535384,0.26295070935765175,False,-0.017091535225196908,False,-0.034075167526173455,0.10321682360347473,0.0352772455791448,-0.0034100496407852843,False,230.4229579354541,False,True,1.1221487564275434,0.6801166367614687,-0.0013290663395524316,False,0.07531358744031723
WMB,218,0.5442607660704273,Williams Companies,Energy,SP500,70.86869812011719,0.004659727818595583,0.02738032286560843,-0.03601165930721417,-0.04923634111086472,-0.009361203470866442,0.6413255360623782,0.47953216374269003,0.39571150097465885,0.031189083820662766,-0.09432655756220443,0.29228527877603194,False,-0.004069276059496918,False,-0.011598606778791876,0.00790542779042469,0.011734713101720695,0.011616599797942273,False,512.7185889938434,False,True,0.7776241646560041,0.9126419433420355,-0.0001417938205365843,False,0.10972367538971951
CBOE,219,0.5422128380311508,Cboe Global Markets,Financials,SP500,272.739013671875,0.005452347758624354,0.07691313112033282,-0.08630146173576214,0.0574414095823792,-0.0742758710341681,0.3079922027290448,0.7563352826510721,0.26900584795321636,0.25925925925925924,-0.25260460310180677,0.1813600195476479,False,-0.001477015079700772,False,-0.04980640103861356,-0.04643364007482376,0.05241710856930082,0.008750603865485651,False,307.8899919242981,False,False,0.8560712098302926,1.458840003564949,0.026137270820039138,False,0.3367778308364891
ARE,220,0.5417581243824935,Alexandria Real Estate Equities,Real Estate,SP500,47.91999816894531,0.011610708242814516,-0.0003583352902647441,-0.07681600683168233,-0.015532050572208078,0.14473514545960708,0.37037037037037035,0.6003898635477583,0.6920077972709552,0.21637426900584794,-0.36493538861620267,0.21952105076967454,False,-0.045374094407671484,False,-0.0454762324414677,-0.0188473199082394,0.04764284975091426,-0.012161772489586276,False,100.10032608114776,False,False,0.9120501164877993,0.854793340181391,-0.008021897023142932,False,0.08527238569822855
RL,221,0.5396401963813644,Ralph Lauren Corporation,Consumer Discretionary,SP500,365.0400085449219,0.004595903487286446,0.022062954423831105,0.0635689199605467,-0.07394085007606044,0.023383958265316585,0.8713450292397661,0.38596491228070173,0.4873294346978557,0.1695906432748538,-0.11412124811887525,0.1927768066459321,False,0.054910536911172425,True,0.008527046423690843,0.004821899442467137,-0.008454950666844652,0.023174448150713012,False,231.41769401740905,True,True,0.8668805638106126,0.6815527905588651,0.004540809419204317,False,0.07380668903560991
GDDY,222,0.5395576078705133,GoDaddy,Information Technology,SP500,97.7699966430664,0.005760699144818693,0.043325126435376005,-0.056547339242144834,0.09460363834653962,0.18051191745146156,0.5107212475633528,0.8226120857699805,0.7485380116959064,-0.06237816764132553,-0.287338764464095,0.30377382888688875,False,0.00017899936129750493,True,0.010484119621882337,0.04808573987496101,-0.010375343281797789,0.007079232620953224,False,222.40354351606447,True,True,0.9833871064416592,0.6177263743635226,-0.002160262179306982,False,0.08483315831208076
HOOD,223,0.5365590536462923,Robinhood Markets,Financials,SP500,113.89099884033203,0.010209340060067351,-0.022059078347383743,-0.08682650957650495,0.008777655456682742,0.6321438927012781,0.2982456140350877,0.6471734892787524,0.949317738791423,-0.3391812865497076,-0.25297787075347844,0.7478666734108825,False,-0.014264014602863195,False,0.07672462329188967,0.2077770756772248,-0.07125742425887704,-0.008079395993013327,False,2236.9999841017993,True,True,0.6922867664017778,1.0017102968633842,0.017207756591857137,False,0.32322259797619235
XYZ,224,0.5348773379415053,"Block, Inc.",Financials,SP500,75.6500015258789,0.01775863934221955,0.03191930221270134,-0.09259926791857553,-0.02462604554972958,0.24670403997058377,0.2709551656920078,0.5672514619883041,0.8187134502923976,-0.2378167641325536,-0.10842660122201597,0.541047082720183,False,-0.01314285194476994,False,-0.05001931127873804,0.07777890400613141,0.05265297692110704,0.0072665487331502465,False,347.8179169990065,False,True,0.6968770061116466,0.8461037513364825,-0.002018048192973909,False,0.1451589652694828
FTV,225,0.5344981555868361,Fortive,Industrials,SP500,57.54499816894531,0.0013049755811589403,0.03201219334905869,0.0007825768512228493,-0.07889599234153355,0.016959097956094515,0.7660818713450293,0.3684210526315789,0.47173489278752434,0.16569200779727095,-0.10102893974987459,0.20920533686118659,False,0.03294304100706391,True,-0.01249079275864362,-0.010931075994154216,0.012648786124776601,0.022508011960164165,False,138.6887656388727,False,False,0.8531529534556691,0.7466591514988569,-0.0020880936842367914,False,0.18509110701088724
NXPI,226,0.5336236329026524,NXP Semiconductors,Information Technology,SP500,240.75999450683594,-0.011901867814526401,0.01878802913426525,0.07490729374582861,-0.1146132594607947,0.2312956713824419,0.8791423001949318,0.2553606237816764,0.7933723196881092,0.22807017543859648,-0.2705571494746847,0.3302164031657209,False,0.03836870645704393,True,0.04077206894286789,-0.012566726277146945,-0.03917483007041189,0.01274834060748642,False,853.2779877760937,True,False,0.8128436655124596,0.5725374307924072,-0.00545843310787697,False,0.08815253900072169
VST,227,0.5325293828177751,Vistra Corp.,Utilities,SP500,145.36000061035156,0.03813738162369762,0.05318067027009343,0.009555276157177772,-0.0650609260715771,-0.038182185691981285,0.7914230019493177,0.4249512670565302,0.32748538011695905,0.21442495126705652,-0.30659517975015826,0.0823393941666255,False,0.02334267748276897,True,0.01814990622683621,-0.058058814067675546,-0.017826359474016895,0.032027326954605195,False,691.318980885444,True,False,0.7157742127382882,1.453649965025761,0.028710104920790513,False,1.0493468840719227
GPC,228,0.5275223828215898,Genuine Parts Company,Consumer Discretionary,SP500,126.11499786376953,-0.008841559406535748,-0.015726269743655208,-0.07646619622166806,-0.012227299742344822,0.2218872307769184,0.3742690058479532,0.6101364522417154,0.7894736842105263,-0.3742690058479532,-0.13132555509544297,0.38943926152749553,False,-0.027567621930831954,False,-0.04049286030499044,0.06828409344983832,0.0422017290229455,-0.009479982265599318,False,137.2280396299049,False,True,0.4979197493783632,0.627240439662064,-0.00086451282771427,False,0.12383187215708645
ADSK,229,0.5262862254570979,Autodesk,Information Technology,SP500,221.8300018310547,0.04636793316535237,0.07065977709898741,-0.0660576042403912,0.0444956998350976,-0.06684334220112975,0.44834307992202727,0.7270955165692008,0.27485380116959063,0.317738791423002,-0.3141328669124831,0.18170679942755963,False,0.03295655812903053,True,-0.05059904183472341,-0.07030641755364953,0.05329575602336267,0.037811860654786145,False,496.01974676056454,False,False,0.8867576760717766,0.8937413295090845,0.035589614004458925,True,0.6385931576556954
GEV,230,0.5247406949641988,GE Vernova,Industrials,SP500,982.9500122070312,-0.005815717537177467,0.034934765252073285,0.04364858593748333,-0.0873936454935541,0.09593947207856246,0.8382066276803118,0.3391812865497076,0.6276803118908382,0.021442495126705652,-0.16334710138851527,0.7971594337391843,False,0.038275013405995484,True,0.019228845864357913,0.07010826374715551,-0.018866073053545485,0.016329209816749568,False,2094.9408591782485,True,True,0.7903400097555279,0.7963937250884693,-0.00064732946347279,False,0.15522572971011042
APO,231,0.5243864989719351,Apollo Global Management,Financials,SP500,114.69499969482422,0.005920040972031249,-0.03617647315273764,-0.14718570146348897,-0.034782010748740544,0.09004972086936558,0.0935672514619883,0.5282651072124757,0.6140350877192983,0.007797270955165692,-0.23943902460741817,0.15319220226735442,False,-0.07029620914194445,False,-0.10633198766157359,-0.08708112481630781,0.11898376823775836,-0.02737399688380371,False,403.36831847039184,False,False,0.6100242854561191,0.9095866763492269,-0.0020171525549070868,False,0.16857418707760374
DOW,232,0.5238518671106992,Dow Inc.,Materials,SP500,28.264999389648438,0.010547017645191614,0.013445679749250372,-0.06900530891257006,-0.0016408015573298185,-0.28787585944815597,0.43079922027290446,0.6237816764132553,0.050682261208576995,0.4853801169590643,-0.3101562466541251,0.4363213579793763,False,-0.013876915821831148,False,-0.04552026876386994,-0.10108706649903687,0.04769118429043795,0.006036275951406989,False,260.59015649306104,False,False,0.6195164886186413,0.8787085153014431,0.0003575341125254816,False,0.12522546833343418
PG,233,0.5217057102421198,Procter & Gamble,Consumer Staples,SP500,145.8800048828125,0.006693818205711244,-0.021136643107333652,-0.0070786366668539324,-0.037846119659661115,0.03716241395078135,0.7407407407407407,0.5126705653021443,0.5224171539961013,-0.005847953216374213,-0.11437982543622882,0.08031752348944532,False,-0.0012289238365846833,False,0.001210705245707322,-0.00238132821797854,-0.0012092412110298323,-0.0006450807636881883,False,1247.4725736399255,True,False,0.8993172681377142,0.7267832641293751,0.0006210498627856609,False,0.15214381272522176
GNRC,234,0.5189078098595041,Generac,Industrials,SP500,215.7100067138672,-0.005027658314333161,0.05116709544598663,0.17861436825638366,-0.08519930482562754,0.10326310351994006,0.9571150097465887,0.3469785575048733,0.6354775828460039,0.3313840155945419,-0.2701157187620524,0.5817996218926316,False,0.08706172053799532,True,0.07277634883724216,0.013257015655310678,-0.06783925551315784,0.03351957647731929,False,257.89663159016635,True,True,1.379638504926598,0.6885338139919862,-0.0061807948294665405,False,0.17068954365128255
WELL,235,0.5188244584062898,Welltower,Real Estate,SP500,227.9199981689453,0.0009221880852254838,-0.02163465144088983,-0.054744513999458344,-0.03707896119290832,0.1426083690502873,0.52046783625731,0.5146198830409356,0.6881091617933723,-0.3391812865497076,-0.09239337951765791,0.3937299639767966,False,-0.018379547056313172,False,-0.029985100440118706,0.06935420819966431,0.030911999860748107,-0.008539680976476172,False,658.0499940880798,False,True,0.6178316822497191,0.7688044650217364,-0.0015809608701295996,False,0.13188110897133098
PRU,236,0.5179571836745593,Prudential Financial,Financials,SP500,112.95999908447266,0.003197163545559878,-0.026961817143208666,-0.08311686783621819,-0.01044375027820188,0.1840257726991561,0.33528265107212474,0.6140350877192983,0.7543859649122807,-0.24171539961013644,-0.08683713647917723,0.25892828597452255,False,-0.035465595492851776,False,-0.053740765159566606,0.05955251242406856,0.056792856736165964,-0.016376819832739753,False,202.85003088578827,False,True,0.8267456473527977,0.7894968900424021,0.002664325540171042,False,0.1648080827265768
DD,237,0.5177551946838176,DuPont,Industrials,SP500,130.9600067138672,0.007539706251278755,-0.00015261119502141263,-0.0012964093846959956,-0.05783133561756615,-0.034027299048669524,0.7563352826510721,0.4580896686159844,0.3391812865497076,0.27680311890838205,-0.14232449125390523,0.44052723468492716,False,0.01266219620241782,True,-0.030177134171513353,-0.04233875753835503,0.031116129795242697,0.005735939581322569,False,183.69062629595183,False,False,0.7977528045958012,0.522771890397747,0.009770767150378168,False,0.07656429307477927
BKR,238,0.5167370480997013,Baker Hughes,Energy,SP500,57.29999923706055,0.023214272090366972,0.0031512659058419157,-0.09962288204577108,0.05582510060170898,-0.04937213067620683,0.24171539961013644,0.7504873294346979,0.3001949317738791,0.4619883040935673,-0.17176531474663848,0.3086569636382994,False,-0.007586003665744467,False,-0.05417512925223955,-0.03069024266483611,0.057278182174897996,0.011128778428683983,False,461.7650671095015,False,False,1.0964446794687965,0.6722729652729408,0.0,False,0.14637395729417185
KR,239,0.5166037239216764,Kroger,Consumer Staples,SP500,58.45500183105469,-0.009740758260761706,-0.02069017966272302,-0.0009399503000545595,0.005399396142096169,-0.18983798269624486,0.7582846003898636,0.6335282651072125,0.11695906432748537,0.3976608187134503,-0.21737918010562673,0.05989704970867682,False,-0.012371720534410158,False,0.0062014454320400425,-0.07054509418187183,-0.006163224531423039,-0.01124364605716266,True,399.3586317684918,True,False,1.0058239880071902,0.9197282830706311,-0.0032186791570055773,False,0.12366394351376524
OKE,240,0.5163824706362558,Oneok,Energy,SP500,88.21499633789062,0.0038120060871944528,-0.004570146650181961,-0.07869455521785251,-0.01547572104755457,0.02075180020641887,0.36257309941520466,0.6023391812865497,0.4834307992202729,-0.013645224171539905,-0.09532361393402355,0.4239444752939663,False,-0.0374717053492899,False,-0.04105892306702852,0.03230571972862961,0.042816940534395886,-0.0036048965216007867,False,337.05498017540714,False,True,0.9120096730972439,0.8405343747580796,0.006315433802021264,False,0.10231580363420115
GPN,241,0.5141253056537843,Global Payments,Financials,SP500,79.70500183105469,0.016904881654342452,-0.05897278981296539,-0.12901086388055472,0.030167250048145355,0.23365923986160753,0.14230019493177387,0.6998050682261209,0.797270955165692,-0.2709551656920077,-0.15711624849348083,0.2844117073559356,False,-0.06372431513275456,False,-0.09260173346964318,0.048168058485525744,0.10205191797833923,-0.02873587315381676,False,240.26537330989044,False,True,0.6620428166803517,0.7133763085422605,-0.0010205945963677188,False,0.11448889610291672
EVRG,242,0.5107355527326689,Evergy,Utilities,SP500,79.3499984741211,0.002273592387758594,0.01848279738577463,-0.03149031882637132,-0.08158225274971753,-0.02380024505041889,0.6627680311890838,0.36257309941520466,0.3508771929824561,-0.03508771929824561,-0.09210759478974784,0.12519898175004407,False,-0.004110340784281852,False,-0.023893339571268157,-0.008563921589590073,0.024478205650982465,0.0049925327774338335,False,170.5563471954704,False,False,0.7063186752581216,1.1109489982080447,-0.0011367480102573158,False,0.08937927734805594
GL,243,0.5098202126320368,Globe Life,Financials,SP500,165.1699981689453,-0.003078190061451491,-0.00911874887634756,-0.06429869606164718,-0.06509311212536961,0.15424485845317948,0.46393762183235865,0.42300194931773877,0.7115009746588694,-0.3118908382066277,-0.11208475230963288,0.2747292022971686,False,-0.0247229244326298,False,-0.052956901200809425,0.05073836046423352,0.05591815332159267,-0.00965352366182104,False,86.28837943918762,False,True,0.48473385021667703,0.7959899028902307,-0.003259254647539289,False,0.08885432458506429
MSCI,244,0.5082880336304993,MSCI,Financials,SP500,546.0499877929688,0.018844995532971476,0.00613579243367357,-0.04976948648049839,-0.09881286639599607,0.0059848707863867645,0.5555555555555556,0.3079922027290448,0.43859649122807015,0.11306042884990253,-0.148839126245764,0.0787540809815288,False,-0.0043632709341185905,False,-0.024719056744372025,-0.04134787929414996,0.02534557546244698,0.0024032584406432633,False,321.018024417677,False,False,0.6709305448141738,0.863492531370115,0.0001865390123341193,False,0.12082061248369265
ARES,245,0.5078605951713379,Ares Management,Financials,SP500,116.79000091552734,-0.0064653519055701825,-0.013097815365294196,-0.16602476445546632,-0.022169145668630486,0.1593225506839655,0.06432748538011696,0.5769980506822612,0.7173489278752436,-0.050682261208576995,-0.31781041724804837,0.2521880715783824,False,-0.0582467232561914,False,-0.11522355619007263,-0.08007386782749393,0.13022900529981296,-0.019508589612521443,False,295.9218665281688,False,False,0.6353001272942309,0.8433175293737786,0.0005954886687105088,False,0.13667608575465323
LYB,246,0.5065304051605422,LyondellBasell,Materials,SP500,58.92499923706055,0.00588933757634269,0.01124075466194041,-0.09010195655792741,0.09035332992254586,-0.23485042644653054,0.2826510721247563,0.8109161793372319,0.07212475633528265,0.47173489278752434,-0.2697734112993785,0.47801129719051416,False,-0.036641958059887236,False,-0.050130962063636875,-0.03510655145235264,0.0527767092741005,-0.0009272017783369391,False,237.4897372782429,False,False,0.8312745175082515,0.7377217518364756,0.0011949418340084783,False,0.08989675102407273
LYV,247,0.5048822589197499,Live Nation Entertainment,Communication Services,SP500,170.625,0.010991264327660843,-0.0073593542040854,-0.038678265145630775,-0.07228685461780393,0.06560707721183845,0.6237816764132553,0.39766081871345027,0.5730994152046783,-0.24561403508771928,-0.09463549866548349,0.3583711421934246,False,0.004416490651017124,True,-0.03659553639278357,0.040660468542409234,0.037985641311813145,0.005097457478835166,False,350.7511600705322,False,True,0.5858534861549075,0.8463760963828528,-0.003199671335257448,False,0.14788879140162317
ADBE,248,0.5045322591104856,Adobe Inc.,Information Technology,SP500,238.7100067138672,0.004291321729917419,0.033331944028955895,-0.1646193990765803,0.07750299696704532,-0.023121598798379717,0.0682261208576998,0.7953216374269005,0.3567251461988304,0.14619883040935666,-0.33675084247457354,0.23421747683174488,False,-0.028308910903388607,False,-0.07747848078853314,-0.07949907584033733,0.08398555391397111,-0.004221060542187516,False,1298.2522264770923,False,False,0.7178749406629285,0.6862641320809759,0.005174789494321486,False,0.14914776230595683
HCA,249,0.503949180409166,HCA Healthcare,Health Care,SP500,433.92999267578125,0.01696779908821333,0.0030744025739735115,0.0623901439249539,0.027463495790721826,-0.09984845136335851,0.8674463937621832,0.6900584795321637,0.2300194931773879,-0.015594541910331383,-0.19973351874683343,0.20558327043575098,False,0.016409237650718556,True,0.04051483921198984,-0.023146857652858954,-0.03893730073342616,0.011011082996428723,False,567.6346510850525,True,False,0.7638120452170922,0.6308480319088938,2.3459105129575164e-05,False,0.10043495256736737
FANG,250,0.5039425046634852,Diamondback Energy,Energy,SP500,184.1300048828125,-0.003140067186252482,-0.005938513578246707,-0.09268748069530874,0.025387882943857187,-0.041734060273708073,0.26900584795321636,0.682261208576998,0.3157894736842105,0.29434697855750486,-0.12953242591880587,0.3734806329249212,False,-0.045025811139872474,False,-0.06509803015445348,0.004698845995170675,0.06963086211617275,-0.011576803247182132,False,471.8006583541028,False,True,1.0803403719030877,0.6549638704325387,-0.004060418887655737,False,0.1978614719110218
CIEN,251,0.5029583090145454,Ciena,Information Technology,SP500,389.69000244140625,-0.004216266959484849,0.13219442655876024,0.2275247682558732,-0.06975245509837913,-0.1026343810664806,0.9746588693957114,0.40545808966861596,0.2202729044834308,0.3996101364522417,-0.3784848445910586,1.572550920468244,False,0.10272249794444677,True,0.04212463375344022,-0.006458181093193183,-0.04042187698962563,0.054237398380819535,False,869.8736195335974,True,False,0.782604538988815,0.8766463312164792,0.006209415593910084,False,0.16129469417895292
LIN,252,0.502306946971691,Linde plc,Materials,SP500,482.3399963378906,0.005964764507448983,0.021820158474953777,0.00031106803485125845,-0.10088913767298502,-0.028052289676548048,0.7641325536062378,0.2982456140350877,0.34502923976608185,0.042884990253411304,-0.1147219487309663,0.25093567003377015,False,0.031445452403018104,True,0.0068563997609689675,-0.0030174608915516377,-0.006809709669220787,0.017873251880545338,False,995.4147747672638,True,False,0.7352593553547004,0.9319311647484463,0.0010844852793805426,False,0.2317881268468936
ISRG,253,0.5012283372052658,Intuitive Surgical,Health Care,SP500,401.67999267578125,0.024824544369730805,-0.03160639263016585,0.08612066965881926,-0.05995786531498959,-0.1124662941505411,0.8927875243664717,0.44639376218323584,0.20857699805068225,0.30409356725146197,-0.3224592911911909,0.20980665612648086,False,0.03226733704158513,True,0.053387382822883245,-0.10028221854659114,-0.05068162358259409,0.0035486507195503503,True,950.8244759791565,True,False,0.6433330772237024,0.5766679717379745,-0.005587453433346212,False,0.1295022982002497
AIZ,254,0.5006637598562618,Assurant,Financials,SP500,267.69000244140625,0.0013840906293958177,0.015785693019310987,-0.06958391994807633,-0.04138653221378641,0.23601335007247348,0.42105263157894735,0.5048732943469786,0.8031189083820662,-0.2436647173489278,-0.10960235816157349,0.30756230442929744,False,-0.0226867640165056,False,-0.04268435103066648,0.07381064426373007,0.04458754129489195,0.0001855248683231281,False,106.00696346875854,False,True,0.7583213145747639,0.713272056922815,-0.0013840906293959288,False,0.09898348489599665
GEHC,255,0.4996156677843772,GE HealthCare,Health Care,SP500,64.9800033569336,0.010732655647537781,-0.026954109842261875,-0.06798619880634771,0.0019527178529161748,-0.07646716493214945,0.4346978557504873,0.6276803118908382,0.26705653021442494,0.003898635477582846,-0.2618627207636569,0.09299343701577523,False,-0.0022570658486036344,False,-0.05560419290249696,-0.08664701488785487,0.058878059903072266,-0.004104595007816125,False,249.84702072984834,False,False,0.5437871320326724,0.7229074548414492,-0.010732655647537892,False,0.16202237686632903
RMD,256,0.49818724894427857,ResMed|,Health Care,SP500,221.49000549316406,0.011878140210907162,-0.0027465132534362224,-0.033596565584097626,0.010810548451337443,-0.009531191243329795,0.6569200779727096,0.6530214424951267,0.3937621832358674,-0.16179337231968804,-0.20985129565154914,0.21499617310041153,False,-0.0050468468334529115,False,-0.009273038786794974,-0.013699587474398589,0.009359832880130314,-0.0007785842076243332,False,301.76464896534327,False,False,0.5446599876846413,0.6255873442523695,-0.002055813191543465,False,0.09751973107492466
JPM,257,0.4969951515012799,JPMorgan Chase,Financials,SP500,331.67999267578125,-0.0021060599216190523,-0.014587491356042537,-0.08390875845900647,-0.022227488113285565,0.12768378300308125,0.3235867446393762,0.5750487329434698,0.6647173489278753,-0.21637426900584789,-0.09173558429238038,0.1839883793969166,False,-0.03572427693660485,False,-0.057208222249022334,0.0356532336825226,0.06067959394543321,-0.012758574729393568,False,2390.438220740039,False,True,0.892304217847221,0.9455628806922642,0.0027979802097575224,False,0.1507888117186659
ABT,258,0.4942687769652441,Abbott Laboratories,Health Care,SP500,99.72000122070312,0.022769243289262775,-0.01247773910025285,-0.08337162991538938,0.04790523579010264,-0.012108426891602075,0.32748538011695905,0.7309941520467836,0.3898635477582846,-0.1286549707602339,-0.2401511779705987,0.2164636047454227,False,-0.02022528469275031,False,-0.06604201849555635,-0.03203581143571643,0.07071198041390914,-0.0013872966051853286,False,887.6246336392212,False,False,0.6321367228515206,0.8410160428702725,0.003487141927083437,False,0.21460875823660366
FDS,259,0.4922975246335016,FactSet,Financials,SP500,265.739990234375,-0.0009774803218984829,-0.007210457266556891,-0.15088190986061245,0.03268068420594483,0.16066037576781,0.08187134502923976,0.7056530214424951,0.7212475633528265,-0.19298245614035092,-0.15247966646441657,0.4175842763119231,False,-0.02928512876530809,False,-0.05866200840840463,0.07497725893565588,0.062317689217259886,-0.01737901360177596,False,247.98852372321534,False,True,0.9350809582191493,1.0828940308858543,0.0015037364529488784,False,0.08324783573732457
AKAM,260,0.49225689795264416,Akamai Technologies,Information Technology,SP500,107.56999969482422,-0.012394404120601554,-0.013028701686187971,0.010046945491307246,-0.05945617634394118,-0.061343794702444,0.7933723196881092,0.4502923976608187,0.2807017543859649,0.42884990253411304,-0.33244383702204194,0.49465051924829306,False,-0.014511611076093778,False,-0.037079209102229505,-0.03764734409644532,0.03850701890823127,-0.012532909259624803,False,482.4722714939369,False,False,1.2007745268310124,1.1018400220863998,-0.0005049605774916088,False,0.17653385971021096
PLD,261,0.4913541464010101,Prologis,Real Estate,SP500,128.63499450683594,-0.002133342234589275,-0.0287300503203608,-0.06283862118860273,-0.09716390593189395,-0.013243028535718349,0.47173489278752434,0.30994152046783624,0.38596491228070173,0.009746588693957114,-0.1359703749194926,0.19278538156378944,False,-0.03492849404254672,False,-0.06456239948528364,-0.054124840813099095,0.06901839251464637,-0.016950544076706042,False,538.0367083228333,False,False,0.6376635683697015,1.0228795223775975,-0.001861806580916281,False,0.12293809426578693
JNJ,262,0.48988395646650873,Johnson & Johnson,Health Care,SP500,253.4600067138672,-0.01003785524228773,-0.06799045656628955,-0.08968137994741987,-0.04688640951633494,0.0630987979017521,0.2884990253411306,0.4853801169590643,0.5692007797270955,-0.405458089668616,-0.08968137994741987,0.39339744180166747,False,-0.049158903503594975,False,-0.044487447649524725,0.05624612188979472,0.04655872655999094,-0.03377245246832605,False,1761.2704680821107,False,True,0.5563857086779979,1.0133857972239444,-0.00011716900144476128,False,0.36728435934757037
DOV,263,0.48924556444383416,Dover Corporation,Industrials,SP500,190.19000244140625,0.0026358795590950557,-0.0067369611182170885,-0.004605667289891535,-0.10911518068906578,-0.07865012395502347,0.7485380116959064,0.26900584795321636,0.2631578947368421,0.11306042884990253,-0.17877369486122296,0.1922121598200246,False,0.0054132499512722365,True,-0.03508752345404653,-0.0905082646233526,0.03636342601729803,0.0048030772806468836,False,230.07426048389894,False,False,0.5973366349558465,0.8645177476625432,-0.0010543357355059513,False,0.05997160233418964
ORLY,264,0.4892356461931084,O'Reilly Automotive,Consumer Discretionary,SP500,83.62999725341797,-0.01495882508404689,-0.033291004643338784,-0.04291600043342092,-0.03485290501188254,-0.09226093838491523,0.6042884990253411,0.5263157894736842,0.24561403508771928,0.18908382066276802,-0.1904163138164121,0.01087868802085512,False,-0.020422065161321057,False,-0.05293725631164725,-0.08003571551370847,0.05589625044849944,-0.01736004401292679,False,513.7218755661211,False,False,0.7360827567773025,0.5779409982773344,-0.00824504788051561,False,0.1641603014237829
CI,265,0.48856120514375745,Cigna,Health Care,SP500,267.5899963378906,-0.010867565351984299,-0.015597948879152779,-0.06003018961613138,-0.061210774526707645,-0.018335092706009193,0.48148148148148145,0.442495126705653,0.3684210526315789,0.017543859649122806,-0.11633576582162963,0.11965443950488641,False,-0.02788929294389575,False,-0.03604739818187308,-0.03468945430805237,0.03739540524490881,-0.012583343069269226,False,466.1408972632483,False,False,0.8729557928038596,1.0913437449308048,-0.001959112784860717,False,0.13191939142194972
STE,266,0.4879502790461694,Steris,Health Care,SP500,209.8350067138672,0.006209904428056134,-0.005521295194942266,-0.07210132095068722,-0.02281789202763329,-0.04031665387600358,0.40350877192982454,0.5730994152046783,0.3216374269005848,0.0,-0.2122150729081096,0.0555429034426822,False,-0.002323753479733792,False,-0.0610762266002689,-0.07480352218068442,0.06504918538713667,0.0003424294142055917,False,150.95234982293823,False,False,0.602248269007149,0.6916554913629145,-0.0003835550726036807,False,0.0857197995309914
LUV,267,0.4877530584451998,Southwest Airlines,Industrials,SP500,42.209999084472656,-0.006122018572105037,-0.0016556219689035645,0.08985281650833166,-0.1420654863794314,0.11558114810582243,0.898635477582846,0.16569200779727095,0.6510721247563352,-0.0682261208576998,-0.21940004740700603,0.4480388015998298,False,0.034317964155726965,True,0.0037801963891579415,-0.022094065703617716,-0.0037659603195562275,0.008088964207516813,False,217.43859720605286,True,False,0.6122414111375138,0.8174125278851424,0.0007063522117878307,False,0.1673849494917753
C,268,0.48642153328526794,Citigroup,Financials,SP500,128.3350067138672,-0.0012839944446133567,-0.02265624019526047,-0.07097866453672497,-0.08370048228337446,0.10427447721158511,0.4093567251461988,0.35282651072124754,0.6374269005847953,-0.08966861598440545,-0.11452257379370723,0.3951869603706337,False,-0.036120551633112674,False,-0.040758342067189535,0.025645084921246397,0.04249017099093133,-0.01343504274213414,False,1234.9085859179952,False,True,0.734201614102318,0.8617782945699425,0.007859879430629935,False,0.10970969051103244
CB,269,0.4814112907840377,Chubb Limited,Financials,SP500,331.6499938964844,0.0022967729892191535,0.0008449732426674128,-0.04479002401932941,-0.07416679537876836,0.02077025437475033,0.5964912280701754,0.3820662768031189,0.4853801169590643,-0.2865497076023392,-0.08486417262595769,0.24785545255930486,False,-0.012196666004329004,False,-0.028982984765656528,0.010323794720142221,0.029848070951322914,-0.001615523037706068,False,554.3554970767395,False,True,0.5463404258414458,0.809048858889443,-0.0006044673401334189,False,0.34032283799595786
WMT,270,0.4806372857562475,Walmart,Consumer Staples,SP500,104.43499755859375,0.0016784521271602237,-0.03950156962876572,-0.036755217465895385,-0.061457655904018194,-0.17276760327182294,0.6393762183235867,0.4405458089668616,0.13255360623781676,0.2573099415204678,-0.21993278721521015,0.0467577131877821,False,-0.023522542189711504,False,-0.03878421319792358,-0.11369367173792078,0.04034912215388897,-0.012643142096057658,False,2649.309871542181,False,False,0.7201695923138067,0.8634387785492311,-0.004028446093747862,False,0.16189623361802208
INCY,271,0.4783127911101956,Incyte,Health Care,SP500,113.33999633789062,-0.016999190476927772,-0.0919724674331146,-0.11453127861022949,-0.03989840399921152,0.1948133629415394,0.18518518518518517,0.50682261208577,0.7660818713450293,-0.4171539961013645,-0.12768411662492896,0.3525058736321034,False,-0.07721245297872037,False,-0.08255398335190678,0.05987535015596124,0.08998238790497926,-0.05163036745610938,False,200.42328266426085,False,True,0.691848665203411,1.003459763256714,-0.0013443747145593932,False,0.1558652126951969
HAL,272,0.47809401738745655,Halliburton,Energy,SP500,32.71500015258789,0.02715854821846153,0.008788154324088193,-0.12268706491327674,-0.027320856801921978,-0.12726991674300647,0.15984405458089668,0.5536062378167641,0.18323586744639375,0.38791423001949316,-0.23204621096850542,0.5296708984802625,False,-0.03164933882239651,False,-0.03438535510072338,-0.07021735287124031,0.035609811100483224,0.006880178309586871,False,357.45392121907486,False,False,0.7165085779066785,0.8168735963716991,0.0023547521096562996,False,0.14687373167479137
CDW,273,0.4767594404580706,CDW Corporation,Information Technology,SP500,136.7274932861328,0.025789632929313244,0.0490868669162694,-0.11169766818696103,-0.013282613136266774,0.1192616992528781,0.19883040935672514,0.6042884990253411,0.6549707602339181,-0.05458089668615984,-0.12460551150640287,0.39169413637233386,False,-0.038135375484662615,False,-0.038441605643430576,0.04762274624356766,0.039978441110853025,0.004737851062838638,False,242.8656237152142,False,True,1.0505490320247743,0.6436563938707869,-0.0012754008365832847,False,0.10005550282528038
LDOS,274,0.4757599859618605,Leidos,Industrials,SP500,117.63999938964844,-0.0008493160857434567,-0.03849611069238301,-0.10832528361382443,0.08705968147162046,-0.25729623501701504,0.21637426900584794,0.8031189083820662,0.05847953216374269,0.24951267056530213,-0.4036465973808626,0.18022063765536145,False,-0.06321927964225993,False,-0.09707449444871086,-0.19417042527555184,0.10751107799246529,-0.03292768901004761,False,175.28701279031068,False,False,0.6650555532985631,0.6354594447690679,-0.0020383715655168944,False,0.07412591102076826
BR,275,0.475208760104218,Broadridge Financial Solutions,Industrials,SP500,157.83999633789062,0.005798787386611659,-0.031180959293817367,-0.11776874905224255,0.06872245012028566,-0.015950723914689213,0.17543859649122806,0.7797270955165692,0.3762183235867446,-0.02729044834307992,-0.3185001973833659,0.17256474258263,False,-0.040567997881944984,False,-0.060757906897012215,-0.06488465928496923,0.06468822824612275,-0.01922005936279947,False,194.6582454156079,False,False,0.6882897540798372,0.5982690537180616,-0.0013381218688511831,False,0.08887589083688642
AFL,276,0.4740166626612193,Aflac,Financials,SP500,112.0199966430664,0.004303350579157428,-0.013474296499965788,-0.05356542695666955,-0.07330507851451207,0.02636628899845661,0.5243664717348928,0.391812865497076,0.49707602339181284,-0.06627680311890838,-0.1309597681909891,0.0819482678655723,False,-0.021838824439692428,False,-0.0531622406001121,-0.018647640139615396,0.05614714883551608,-0.007314923952834618,False,244.42590489632644,False,False,0.6840055348277837,0.6646108835690887,0.002420626150710481,False,0.10990430164122686
GLW,277,0.4724537752295503,Corning Inc.,Information Technology,SP500,160.4499969482422,-0.022778521454122846,0.05844713255749956,0.09897258183727531,-0.13285077060223993,0.09896580536907496,0.9083820662768031,0.19103313840155944,0.6335282651072125,0.15594541910331383,-0.3713007026555888,1.0671406593225132,False,0.02643327149663821,True,0.048148092623338634,0.06634606697138823,-0.04593634521895862,0.014915429621842113,False,1548.0680168300894,True,True,0.7759211494993689,0.6002894845396844,0.002984287880438252,False,0.17132267965073525
SW,278,0.4719057918769527,Smurfit Westrock,Materials,SP500,42.119998931884766,-0.009873107066372344,-0.06545375599987469,-0.06937692236180504,-0.05546488360918578,0.0717931713366633,0.4269005847953216,0.46588693957115007,0.5886939571150097,-0.12280701754385964,-0.1707249167026358,0.3226539194902247,False,-0.048941603150216784,False,-0.09296528625325706,-0.012582983843514306,0.10249363651060239,-0.038564422483605476,False,213.97824091345558,False,False,0.7061898230679691,0.7721312728224549,-0.009402950570527646,False,0.13737046449452686
MNST,279,0.47068985248509404,Monster Beverage,Consumer Staples,SP500,43.154998779296875,0.005006990206426254,0.03093641065607322,-0.02098464186328919,-0.10947173762691187,0.16383486106395884,0.6978557504873294,0.26705653021442494,0.7251461988304093,-0.09161793372319688,-0.13638187462326334,0.3016136440410411,False,-0.003941101776791411,False,-0.049708919709278376,0.01722179057885964,0.05230915110144041,0.008519801506377878,False,463.1507979979773,False,True,0.8745890756738559,0.8247931198009633,-0.002794572327026734,False,0.15061706731500005
ZBH,280,0.4702315148602099,Zimmer Biomet,Health Care,SP500,90.45500183105469,0.02452147347465461,-0.010114581269527134,-0.08316512746244198,0.014353003480814808,-0.0007220587820072621,0.3333333333333333,0.6569200779727096,0.42300194931773877,-0.07017543859649122,-0.12075790863196378,0.14267774071265515,False,-0.02246020440140495,False,-0.05609848769073045,-0.004365878930220668,0.05943256468938651,0.001176122732367002,False,205.188540058844,False,False,0.9912049067972011,0.8030348609528718,0.00826815856800689,False,0.13223960792975561
LMT,281,0.4698033134586847,Lockheed Martin,Industrials,SP500,506.2900085449219,0.00174117029033094,-0.022794764712465665,-0.05002346008344394,-0.04848610506501394,-0.19618050205677573,0.5536062378167641,0.48148148148148145,0.10916179337231968,0.017543859649122806,-0.24226914164238045,0.17365781913339506,False,-0.03277510857624355,False,-0.08407845380562973,-0.09124429074656248,0.09179656724418539,-0.013401590391159623,False,611.8304078657599,False,False,0.47799581556672893,0.8585900786662887,0.0012267171458719694,False,0.15816624693979625
NTRS,282,0.46967037075184154,Northern Trust,Financials,SP500,169.75,-0.009626569167096255,-0.027499300875603594,-0.09015379096725773,-0.05975708786717249,0.19552543703267955,0.2807017543859649,0.44834307992202727,0.7699805068226121,-0.15984405458089668,-0.10925650578456547,0.4125190631113258,False,-0.04140455101081009,False,-0.06566065525650311,0.050022610118902966,0.07027495483937773,-0.015211338590872203,False,181.2331412379663,False,True,1.0567687977001645,0.9355503388377849,0.0001750220558058846,False,0.12029408421555984
BNY,283,0.46963222363366564,BNY Mellon,Financials,SP500,143.3800048828125,-0.013892634789998581,-0.034087829933788116,-0.12748735297758096,-0.058591992430706785,0.16898890452605153,0.14619883040935672,0.45419103313840153,0.732943469785575,-0.2768031189083821,-0.13018679890703966,0.3966075102779354,False,-0.05976625066819241,False,-0.08741536563675945,0.05240785108028945,0.09578877656399931,-0.024266042498394258,False,487.2549073380371,False,True,0.7355573898226213,1.1688581284525013,0.001375599830998997,False,0.13423076631201905
RSG,284,0.4683554395883164,Republic Services,Industrials,SP500,211.49000549316406,0.00920981082771144,-0.0035371740093342874,-0.05749454956500899,-0.04622484834446816,-0.03651068918268763,0.5087719298245614,0.4873294346978557,0.33528265107212474,-0.11306042884990253,-0.0812386254449976,0.07619609705434205,False,-0.01848540844058666,False,-0.02093780523490163,-0.010811596984032334,0.02138557218004422,0.0014229522885063073,False,322.7223447806665,False,False,0.697835457430508,0.6662067272125487,-0.0010498245049922472,False,0.12397800146921595
EW,285,0.46581446004661575,Edwards Lifesciences,Health Care,SP500,86.95500183105469,0.021197889287496885,0.0014395945797998078,-0.031465771738166115,-0.08294661346849641,0.07100627190901942,0.6647173489278753,0.3567251461988304,0.5847953216374269,-0.08382066276803118,-0.08641519697151989,0.19690295945940406,False,0.002031045638569262,True,-0.018204216192755363,0.021351739303064665,0.018541754296562907,0.005115049526823956,False,294.08417943702057,False,True,1.2562275283203648,0.8498903550135164,0.005695837952559124,False,0.11153271018519618
EXR,286,0.4642883845839866,Extra Space Storage,Real Estate,SP500,133.0500030517578,-0.0015009151838062396,0.010404089096129887,-0.04515252204553866,-0.08878089103282227,0.0150542854132798,0.5925925925925926,0.3333333333333333,0.4697855750487329,0.017543859649122806,-0.119304001326766,0.09980336880775553,False,-0.013597334100231673,False,-0.05508037249038156,-0.041804293932677594,0.05829106612543167,-0.002659272797093881,False,177.2042078674515,False,False,0.9991112498450441,0.874756089922462,-0.0006753946558395452,False,0.09350557078053388
UAL,287,0.46381001972206015,United Airlines Holdings,Industrials,SP500,112.0999984741211,-0.0036441530026186664,0.005290972348559686,0.03165833513781924,-0.1263346535180958,0.23227434285896398,0.8226120857699805,0.21442495126705652,0.7953216374269005,-0.2573099415204678,-0.1764014549156092,0.315573285747734,False,0.01576656967302248,True,-0.031387879313845235,0.027301369447544355,0.03240500365782162,0.0024381458283009305,False,397.872915422567,False,True,0.7486068125773916,0.9685885131319554,0.005955009832228519,False,0.33136989728337296
SNA,288,0.4631149792288941,Snap-on,Industrials,SP500,365.4949951171875,-0.009230140514050356,-0.010062014636303851,-0.04866083762049478,-0.10025276077952039,0.0109281845397593,0.5633528265107213,0.30214424951267055,0.45614035087719296,-0.1286549707602339,-0.12293365756570729,0.14684706924648383,False,-0.01581782514741703,False,-0.05934013829215978,-0.027132998648788376,0.06308352328802802,-0.00698703953455837,False,113.7149412564209,False,False,0.5063555085629865,0.720041860099164,-0.0049606576376879374,False,0.12338317372462354
AIG,289,0.4614649256321931,American International Group,Financials,SP500,75.05000305175781,0.001601531377195764,0.03118994655859586,-0.017081007712008267,-0.06800947703405258,-0.004852240554752196,0.7095516569200779,0.4093567251461988,0.4093567251461988,-0.11695906432748537,-0.11655184720738998,0.06409478395324153,False,0.0015926334080254012,True,-0.014295631984730717,-0.014362837129370698,0.014502960977554658,0.002339937400570813,False,293.5275836700778,False,False,0.9493569842558053,1.6038180400032402,0.002001888766421711,False,0.09244986649857274
VRTX,290,0.4611992309540976,Vertex Pharmaceuticals,Health Care,SP500,499.6000061035156,-0.010163859432070654,-0.05319608413545096,-0.10459533581422198,-0.04337002182189442,0.15035694254192666,0.22612085769980506,0.49902534113060426,0.7037037037037037,-0.42105263157894735,-0.10459533581422198,0.24000996195566104,False,-0.03281385509263812,False,-0.0367277339104779,0.05436135179489132,0.038128092340472985,-0.02614396575488598,False,576.2761279468988,False,True,0.6482716539822883,0.7370719936122408,-0.0018623866640490316,False,0.12714934511626272
BMY,291,0.45832541780631186,Bristol Myers Squibb,Health Care,SP500,58.59000015258789,-0.041864289606070026,-0.07331243527176878,-0.13060944216309156,0.02116269073644439,0.00901781989587258,0.1286549707602339,0.672514619883041,0.4502923976608187,-0.19688109161793366,-0.13060944216309156,0.43655084887724405,False,-0.0572107272321829,False,-0.08167059941489752,0.00755666961004775,0.08893388294315963,-0.04142917590945472,False,710.4361915071728,False,True,0.8344631992434809,1.030518046359645,-0.020605103921333967,False,0.45523068327469984
SPG,292,0.4551843840957035,Simon Property Group,Real Estate,SP500,201.04010009765625,0.0004483859207884411,-0.017063016195518976,-0.0393442376719918,-0.10560366758212758,0.07988829796520247,0.6198830409356725,0.2807017543859649,0.6023391812865497,-0.19298245614035087,-0.14153822456895981,0.21346402217718086,False,-0.015098349430797686,False,-0.05591463836491928,0.00436928092507638,0.05922625287620131,-0.007303715148560319,False,267.50661829096924,False,True,0.65293475608122,0.8266827968385324,-0.0007464239799068739,False,0.1255478821000244
DOC,293,0.45490266762797404,Healthpeak Properties,Real Estate,SP500,19.524999618530273,0.0017957849062664177,-0.028607002588395436,-0.06687591502096968,-0.09666589482177967,0.20775307134713827,0.442495126705653,0.31773879142300193,0.7797270955165692,-0.29629629629629634,-0.13583027203384312,0.2990533607871586,False,-0.03318885567806462,False,-0.05934385910429352,0.0563801732139273,0.06308772836775978,-0.017662408276253316,False,106.68520362537045,False,True,0.6898107510186336,0.7992538501047732,-0.0030784744303227196,False,0.11659908479179584
IDXX,294,0.4532804614275414,Idexx Laboratories,Health Care,SP500,523.239990234375,0.009355842992513352,-0.011000656543824539,-0.01143038418281972,-0.0824375445254274,-0.0938625865507664,0.7251461988304093,0.3586744639376218,0.2378167641325536,0.15789473684210525,-0.3175249188279702,0.03673464945298743,False,0.012640560236576226,True,-0.037055112381783606,-0.10877452635775964,0.03848103132198677,0.003779629049416089,False,293.03355263241457,False,False,0.66973482340891,0.6757438571593394,-0.003510884223827171,False,0.0891514263197048
L,295,0.45289708288987307,Loews Corporation,Financials,SP500,105.87000274658203,-0.0015089694855875413,0.008766134588775287,-0.03789529384088641,-0.09423383982096412,-0.016511426789860617,0.631578947368421,0.3235867446393762,0.3723196881091618,-0.1793372319688109,-0.11281952332518119,0.08500590761877569,False,-0.009625884429685705,False,-0.04208114273063335,-0.0278283589559134,0.04392975710968816,0.0012700022220750729,False,93.46614203597626,False,False,0.6718844915661885,1.0967589886429847,-0.0004715214839089432,False,0.09198346531664384
INVH,296,0.45218048927493776,Invitation Homes,Real Estate,SP500,26.260000228881836,0.008448514040693134,-0.010550138545085463,-0.06657886904459243,-0.12066783959469407,0.05329264236102493,0.44639376218323584,0.2300194931773879,0.5536062378167641,-0.08187134502923976,-0.1318786501831385,0.11335225067280819,False,-0.021506125533569898,False,-0.07611961675170109,-0.03677935747321748,0.08239120359290442,-0.007124354112456488,False,127.3590597818536,False,False,0.6564473711714657,0.8549992540485343,-0.0011521000610879018,False,0.13809916181151152
PGR,297,0.4463897567358274,Progressive Corporation,Financials,SP500,210.7100067138672,0.0019019978123577808,0.006405195928870455,-0.05832983905927169,-0.10063267264234976,0.07396530513743849,0.50682261208577,0.3001949317738791,0.5984405458089669,-0.43664717348927873,-0.1009394986857618,0.10769599387927586,False,-0.006276661095320879,False,-0.016296471361512355,0.012111033282638184,0.0165664459738879,0.004407036995001112,False,527.814875289003,False,True,0.6146120423786596,0.9347030994142294,-0.0005230403291737185,False,0.23220376905388276
PNW,298,0.4442294854335229,Pinnacle West Capital,Utilities,SP500,96.48500061035156,0.005890350836027958,0.05655936194467692,-0.01545917744539227,-0.10356035160133414,-0.041420922968986584,0.7153996101364523,0.290448343079922,0.31773879142300193,-0.04093567251461988,-0.10978960412417926,0.1460470044419182,False,0.021472799888916816,True,-0.011789030991255833,-0.014275269650726785,0.01192967024347169,0.02247810541542372,False,112.90936804236847,False,False,0.9363759053579815,1.4490193485461722,0.004795653599392935,False,0.1434451017502608
DRI,299,0.4434207665281926,Darden Restaurants,Consumer Discretionary,SP500,198.64999389648438,-0.00838620236217602,0.008273218905067603,-0.08892863688636721,-0.0207498736139754,0.026597874198227123,0.290448343079922,0.5828460038986355,0.49902534113060426,-0.13255360623781676,-0.12750351244360725,0.2014909174271624,False,-0.035410400465591074,False,-0.0623073810149154,-0.018012046775480517,0.06644755408478531,-0.0089047819083089,False,246.89324039344118,False,False,1.1341152749619061,0.9153210978504329,0.007787138942420446,False,0.14173066385669125
TSN,300,0.44339768752169617,Tyson Foods,Consumer Staples,SP500,51.93000030517578,0.0007708790903420137,0.019234534397674974,0.0032844279203125826,-0.10889502663338024,-0.18051836248123254,0.7719298245614035,0.2709551656920078,0.1267056530214425,0.09746588693957114,-0.23117727800320698,0.059859045547940415,False,0.0021904334667106617,True,-0.053947047949490234,-0.12089101600151986,0.05702328588750061,0.010000727987679925,False,187.09782562318588,False,False,0.5895119800749224,0.7760954855448529,0.0023125637559500145,False,0.1856071898672385
EQT,301,0.44318902278527367,EQT Corporation,Energy,SP500,50.72999954223633,0.011162076813422184,0.017244849183297495,-0.08775401932304316,-0.016825338361323494,-0.15509079687855587,0.2962962962962963,0.5925925925925926,0.15594541910331383,0.19298245614035087,-0.2487484380190127,0.04468694620216507,False,-0.01385042294846528,False,-0.038260149322621895,-0.08170713402172147,0.03978222311956214,0.008326204391224001,False,356.17117856455917,False,False,0.969700624920587,0.9252028739775384,-0.0019931927002340144,False,0.14378979802231878
CL,302,0.4419603041088261,Colgate-Palmolive,Consumer Staples,SP500,85.56999969482422,0.015547086700469892,-0.01098008535716144,-0.050172014949515065,-0.09438534677909294,0.024434070655047657,0.5516569200779727,0.3216374269005848,0.49122807017543857,-0.23001949317738796,-0.1265341370960218,0.16198532992136583,False,-0.01162556377175239,False,-0.044258740468173685,-0.026134903716084068,0.046308286920514474,-0.0005052088744103012,False,428.0025389581778,False,False,0.6727103910298471,0.9150741090482943,0.0029670068082339185,False,0.2340175122999512
PSKY,303,0.43958946071419036,Paramount Skydance Corporation,Communication Services,SP500,9.694999694824219,0.02052628366570719,-0.05690661997496882,-0.11777162777498629,-0.020140720365358633,-0.006443007278827295,0.17348927875243664,0.5867446393762183,0.40350877192982454,0.10721247563352831,-0.4838040207450385,0.24709358491575206,False,-0.053508337868437006,False,-0.0205713247036855,-0.07163226185877547,0.02100339230670567,-0.01930984640448563,False,175.42504351788932,False,False,1.5116242327249712,1.5509398478736145,-0.02526313380191203,False,0.3026410675513591
HSIC,304,0.43950935176602085,Henry Schein,Health Care,SP500,83.63999938964844,-0.014608834871511434,-0.027328742092122216,-0.07946292287258205,-0.036849344578403054,0.11728558252352972,0.3586744639376218,0.5165692007797271,0.6530214424951267,-0.3177387914230019,-0.07946292287258205,0.34837983291342756,False,-0.029445045263661207,False,-0.04603312625404332,0.04164460569101536,0.048254428451256715,-0.015954000359909015,False,99.73248764113556,False,True,1.0044874855644021,0.7574254612422532,0.0070688751523428905,False,0.2545380325022989
REG,305,0.43893962455606295,Regency Centers,Real Estate,SP500,71.55500030517578,-0.0006284660601155734,-0.024205665915137176,-0.047950178784871955,-0.10478550461554581,-0.04786232238640875,0.571150097465887,0.2884990253411306,0.30409356725146197,-0.08187134502923976,-0.12579082229486438,0.10869227285617744,False,-0.02313558811360461,False,-0.04873687888288036,-0.04611197998078387,0.051233857174706854,-0.01030041562235895,False,96.84447631626404,False,False,0.5507377531627752,0.7191450307299182,0.0009776493898880911,False,0.09469692936894569
HSY,306,0.4371118053886619,Hershey Company (The),Consumer Staples,SP500,161.63999938964844,0.009051731856815293,-0.016848149204800045,-0.07665942166172801,-0.0741065981417871,-0.21063910485975434,0.3723196881091618,0.3840155945419103,0.09746588693957114,0.09941520467836257,-0.3052167254493968,0.025903155493794294,False,-0.0346248636676465,False,-0.07933650689618676,-0.1426329061435555,0.08617318650131467,-0.006822040549049224,False,244.37835377284333,False,False,0.5872143740038364,1.04875267490617,0.000873958346430781,False,0.19951993962559483
COR,307,0.43536676546770275,Cencora,Health Care,SP500,311.989990234375,0.009513032058023452,0.026924698796995994,-0.07481765878357738,0.02665192860616772,-0.023819358865137752,0.38791423001949316,0.6861598440545809,0.3489278752436647,-0.22612085769980506,-0.16250473089986217,0.23967297710301327,False,-0.006276301819376773,False,-0.017552999365116673,-0.01588993890678625,0.017866611994105996,0.008033359772226856,False,422.01808601715334,False,False,0.878374181880991,0.9361367013895301,0.001229590350500409,False,0.07277482089088864
REGN,308,0.4348985095920929,Regeneron Pharmaceuticals,Health Care,SP500,725.989990234375,-0.01252723316068538,-0.03490862049268861,-0.13928175815295185,0.0748380462353262,-0.04602202536435385,0.10721247563352826,0.7894736842105263,0.30994152046783624,-0.1793372319688109,-0.14792910429050565,0.3083620148208768,False,-0.06651795510015102,False,-0.07632357477734464,-0.011522984848994167,0.082630207606464,-0.036664126770912686,False,584.8474234253418,False,False,0.9020343640128102,0.9162620902769771,-0.0011357752431879753,False,0.11761476152355271
FRT,309,0.4348924060531848,Federal Realty Investment Trust,Real Estate,SP500,106.76000213623047,0.0006561036012973087,-0.017426969422737804,-0.07890073518787877,-0.11623951488449835,0.019975733271833107,0.36062378167641324,0.24951267056530213,0.47953216374269003,-0.07017543859649122,-0.151136679080611,0.1735248969399492,False,-0.03170106523146898,False,-0.07101765733032106,-0.031419847402714085,0.07644672462367019,-0.012203187718449082,False,98.67272877512497,False,False,0.6991135518344906,1.047374607501419,9.367800737858367e-05,False,0.09590538818603804
BG,310,0.4345557577352819,Bunge Global,Consumer Staples,SP500,105.30999755859375,-0.013212178092028015,-0.034384743113397453,-0.12329341366427582,-0.04450450983029408,-0.17014686506792553,0.15594541910331383,0.49317738791423,0.13450292397660818,0.29434697855750486,-0.19356214124004967,0.3372699398241741,False,-0.07844709312203313,False,-0.06986003692734344,-0.08522987519959091,0.07510701582648416,-0.028828307632704386,False,193.3174361152344,False,False,0.8308206708229801,0.8647631696738916,-0.006184442040479854,False,0.14790306579714582
MELI,311,0.4342397088611941,MercadoLibre,Consumer Discretionary,NDX,1826.780029296875,0.07675529672145065,0.0667889073495036,-0.0825088266864753,0.007261783984255921,0.06806131685659711,0.341130604288499,0.6413255360623782,0.5769980506822612,-0.23391812865497075,-0.2261898618495165,0.1809982868598965,False,0.01164586966887371,True,-0.018265028901157665,-0.005606301732349883,0.018604846968743427,0.03990505043589598,False,986.1344498170557,False,False,1.0971932533747089,1.028011287293499,0.045044041611083996,True,0.9226628884495223
CAH,312,0.4328900638201287,Cardinal Health,Health Care,SP500,230.80999755859375,0.010994281529934424,0.05019077381770631,-0.0694400287417134,-0.03489006044265486,0.09044365845064117,0.42300194931773877,0.5243664717348928,0.6159844054580896,-0.37621832358674456,-0.0694400287417134,0.5201376713530588,False,0.011952069882392946,True,-0.00606349887631441,0.06272084768477515,0.006100489185636437,0.018950441238424043,False,421.6603944643286,False,True,1.0108939306789104,0.7610327013057996,0.0035479524650297023,False,0.12841219709401006
SYF,313,0.4323262494134881,Synchrony Financial,Financials,SP500,71.79499816894531,0.00034835623586904063,0.0038450998152494975,-0.10087664945649755,-0.04521966773738517,0.0453012444334846,0.23196881091617932,0.49122807017543857,0.5380116959064327,-0.21052631578947367,-0.17833951711899998,0.13511391501296077,False,-0.027026316679617857,False,-0.06320665869681574,-0.031910738200184974,0.0674712937315376,-0.004290505533292133,False,236.30691749043274,False,False,0.6558702626162595,0.7691003616636528,-0.0019506673567882826,False,0.07885644509433579
SHW,314,0.43169205357381274,Sherwin-Williams,Materials,SP500,317.2250061035156,-0.00715158709357977,-0.046771243251749195,-0.045250716969264526,-0.07100382302291486,0.007562318197194662,0.5886939571150097,0.4015594541910331,0.4444444444444444,-0.2651072124756335,-0.14254551285736827,0.0851816349378487,False,-0.019088678474994958,False,-0.06336919045724188,-0.04418746149285624,0.0676565299919798,-0.017249508974079397,False,600.1243219552692,False,False,0.6544696576188861,0.799154700693691,-0.0025038912274883973,False,0.13573090602874208
ED,315,0.4312117813559775,Consolidated Edison,Utilities,SP500,103.45999908447266,0.0006770451227144925,0.006126589927062609,-0.04864368657956175,-0.07683390189721817,-0.08225930801638415,0.5653021442495126,0.3762183235867446,0.2573099415204678,-0.1481481481481482,-0.08901558702855583,0.11217849695622673,False,-0.011248415309484172,False,-0.029193270874808275,-0.02925044667813037,0.030071145985066217,6.9767367905093636e-06,False,234.27001098905347,False,False,0.7876254277192773,1.1148722197285283,-0.0009671967763944522,False,0.07005361066925953
KIM,316,0.42934447992126434,Kimco Realty,Real Estate,SP500,22.225000381469727,-0.0006744329947303562,-0.011782987654306298,-0.0598561355631132,-0.11078526575974501,0.012218583877456224,0.4853801169590643,0.2651072124756335,0.4600389863547758,-0.13060428849902533,-0.1475268638790228,0.17191882670340974,False,-0.019834819179210705,False,-0.058609257107225976,-0.02676922374253654,0.062258161714154214,-0.005539251707039727,False,117.20311727503086,False,False,0.6139677569507449,0.8118408604011785,-0.0008993011676935447,False,0.14716282653302504
FDX,317,0.4282700663378385,FedEx,Industrials,SP500,287.989990234375,-0.00816226490133598,-0.005731067485202912,-0.1085056022733123,-0.0759378756783079,0.003638337548813375,0.2124756335282651,0.38011695906432746,0.43079922027290446,0.031189083820662766,-0.148016609821766,0.6180348917565806,False,-0.03205806550411339,False,-0.07682208108268318,-0.0312804749164457,0.08321481646005835,-0.006451997643051932,False,481.7797106998291,False,False,0.8952753476945683,0.8388663439018818,0.0022042109130933074,False,0.23896284074182725
COF,318,0.4261469884757556,Capital One,Financials,SP500,196.10000610351562,0.0070871244564565394,-0.0018324371273991114,-0.11065756869153909,-0.030053187936520454,0.07289092520616336,0.20272904483430798,0.5419103313840156,0.594541910331384,-0.3235867446393762,-0.230854261251761,0.12230118196257411,False,-0.027062135565911527,False,-0.06940810039227685,-0.03960404013476615,0.07458489636706989,-0.0038832221206427375,False,709.7740841875641,False,False,0.6968739956345513,0.8739626431542046,0.0019515451953073804,False,0.12745235409714067
DUK,319,0.4251908309586752,Duke Energy,Utilities,SP500,114.17500305175781,0.00039433803051713845,0.00674543131069516,-0.05951398997784141,-0.10170917894799014,-0.11594139714514184,0.49122807017543857,0.29434697855750486,0.20272904483430798,-0.09161793372319688,-0.1295209067087021,0.027750856668166568,False,-0.019348880220712128,False,-0.05040705539976531,-0.06697488482278147,0.053082803201519146,-0.002606746481622846,False,502.18402899789186,False,False,0.5722908498124383,0.9073403531228499,-0.0011390279203224996,False,0.14352368456839174
TROW,320,0.4246653544058014,T. Rowe Price,Financials,SP500,102.42500305175781,-0.02098068856049551,-0.013341629317101145,-0.0647619788044157,-0.13699077743888233,0.17478443332854088,0.4580896686159844,0.17543859649122806,0.7407407407407407,-0.3313840155945419,-0.14777133034716905,0.21758315948638396,False,-0.020900730559583303,False,-0.05900758185433008,0.008499345795671909,0.06270781859285446,-0.017533535937326206,False,176.2369764194336,False,True,0.6284452349440819,0.8894127497540495,-0.003823375218674152,False,0.15158660598704018
CCEP,321,0.4237875892165726,Coca-Cola Europacific Partners,Consumer Staples,NDX,100.91000366210938,-0.0014842064131004307,-0.0190531645002584,-0.07549242096726738,-0.05248822852479462,0.09335263701692953,0.3840155945419103,0.4697855750487329,0.6237816764132553,-0.35282651072124754,-0.09667886053957053,0.20190789878420468,False,-0.011112819757341463,False,-0.045455972108167875,0.026332318492274576,0.047620613381825994,-0.00496123926475911,False,191.30201264535341,False,True,0.8825873662935466,0.7635932902569604,-0.0034632741200906203,False,0.10645533103464083
PPG,322,0.42296113190129053,PPG Industries,Materials,SP500,104.96499633789062,-0.0017594406590926148,-0.019110417320956863,-0.052234796046134346,-0.12146210255146872,0.0235551330784336,0.5380116959064327,0.22807017543859648,0.48927875243664715,-0.1267056530214425,-0.1873107752839427,0.13476551513328938,False,-0.009018608090476277,False,-0.05226679101510112,-0.05385096325908134,0.05514926618545246,-0.005652575262771631,False,183.15152607891358,False,False,0.6150674583983764,0.837991265658558,-0.0008559578314699667,False,0.0912980917105547
TRI,323,0.422839824065491,Thomson Reuters,Industrials,NDX,96.0199966430664,-0.016390146061245114,-0.013459418096613107,-0.1408375554071455,0.06486833801187131,0.0911682062743373,0.10331384015594541,0.7738791423001949,0.6198830409356725,-0.1793372319688109,-0.3877829018824648,0.2625401492834072,False,-0.022801668139293074,False,-0.05322009551887741,-0.005321096929429059,0.056211686863003596,-0.01699505157365977,False,186.70675548150254,False,False,0.8941674593944011,0.6340836663518029,-0.008809676154016177,False,0.14637818920725382
AWK,324,0.4228197968284486,American Water Works,Utilities,SP500,128.25,-0.015355086372360827,-0.005274123279377041,-0.08971537685006992,-0.042404270527830024,-0.057163433386654194,0.28654970760233917,0.5029239766081871,0.28654970760233917,-0.267056530214425,-0.09407410728759602,0.06582236040376754,False,-0.044667834014350594,False,-0.05337927813844878,-0.01814093214223922,0.05638929816946869,-0.016248732321002435,False,290.2261549431469,False,False,0.6266021810790832,0.7633351565452537,0.0009981181022074015,False,0.1404718743641442
PPL,325,0.4220223313229802,PPL Corporation,Utilities,SP500,33.05500030517578,0.007774422989227148,0.029430074022470443,-0.05069964200082511,-0.08409076255214976,-0.13228876903281983,0.5477582846003899,0.3489278752436647,0.17543859649122806,-0.04483430799220273,-0.15604684710060301,0.03393809869016984,False,-0.003002035443882445,False,-0.03332418250106084,-0.0710086675627204,0.03447296590834337,0.008148351962828482,False,260.10654482379834,False,False,0.7207869884181072,1.0340580467256073,0.0018293102038617892,False,0.11323623684164169
MRSH,326,0.420650179482191,Marsh McLennan,Financials,SP500,169.78500366210938,-0.0016170404588511378,0.010325229052288165,-0.09383818959668455,-0.03516082300464518,-0.012555517534169502,0.2631578947368421,0.5224171539961013,0.38791423001949316,-0.2807017543859649,-0.16190981911852764,0.09166894117522406,False,-0.017719850899156286,False,-0.07034864934663898,-0.028990767742938295,0.07567207781411578,-0.004734997639782579,False,444.9935413771637,False,False,0.6838886810744931,0.9845614288834064,-0.0025873365148947336,False,0.0848198299917738
AEP,327,0.4170082741099323,American Electric Power,Utilities,SP500,120.11000061035156,0.004516190657402053,0.016159083852986367,-0.036885562568285124,-0.12001413517154658,-0.07900130716629472,0.6374269005847953,0.23586744639376217,0.26120857699805067,-0.0935672514619883,-0.12737438045361293,0.08062661148716344,False,-0.0041579746276037,False,-0.026254849705225736,-0.044458318209504966,0.026962752725677497,0.00482722942856717,False,469.7915621285596,False,False,0.6589943455457655,0.891268632810527,-0.0009199683083742638,False,0.089988136475996
AMP,328,0.4162048958011467,Ameriprise Financial,Financials,SP500,491.8299865722656,0.001874035777012839,-0.008727057920598802,-0.12962771342510926,-0.02850002356973025,0.15048409995699674,0.14035087719298245,0.5477582846003899,0.7056530214424951,-0.3606237816764132,-0.13816851320440882,0.15048409995699674,False,-0.05967760581768511,False,-0.09350567292409595,0.0018407466268022254,0.10315086386223626,-0.015440813276533794,False,278.6214665117035,False,True,1.0661094607393322,0.9265195710073656,0.005398125678262478,False,0.14208195537309462
CMI,329,0.4132502107628279,Cummins,Industrials,SP500,527.9400024414062,-0.0007192702860849831,0.019504045771178813,-0.032190646303563275,-0.19728377704309497,-0.03699442944849485,0.6588693957115009,0.0682261208576998,0.3313840155945419,0.007797270955165692,-0.27169824633726003,0.31295526801320284,False,-0.008242112245718136,False,-0.08519881769672255,-0.12025172619738955,0.09313369871496002,0.005878889702040979,False,605.6120840242004,False,False,0.5308941310034749,0.8946781181466599,-0.005508090057815385,False,0.09993333082932693
UNH,330,0.41219277264699045,UnitedHealth Group,Health Care,SP500,369.9800109863281,-0.00516263227121927,-0.020776475835477592,-0.0715364287109751,-0.1306238007403624,0.33062394037718423,0.40545808966861596,0.20077972709551656,0.8674463937621832,-0.21442495126705652,-0.14688167383526896,0.4453877681629259,False,-0.018476835034663797,False,-0.053892103435497773,0.04879325034158666,0.0569619000445829,-0.005667806997765923,False,1760.650835207376,False,True,0.840457715037327,0.7282524940323216,0.0011562051165316944,False,0.23579254510552242
APD,331,0.41187996627794754,Air Products,Materials,SP500,279.3299865722656,0.006340667945406331,0.008642308212352567,-0.07580350228144062,-0.07831816226021315,-0.03812865479868777,0.38011695906432746,0.37037037037037035,0.32943469785575047,-0.22612085769980506,-0.10513049839065769,0.24266489340001463,False,-0.014423927467270836,False,-0.04854313618895678,-0.010219743634198308,0.05101979715035965,0.0013051213500454573,False,315.6567154680389,False,False,0.6686956161995975,0.8751611228680297,0.001477118028931912,False,0.08234939847256698
RJF,332,0.41077884971179857,Raymond James Financial,Financials,SP500,158.97500610351562,0.004835341363912615,-0.010175390893650715,-0.11915993314514162,-0.0482092623269289,0.12945359982516025,0.17153996101364521,0.4834307992202729,0.6686159844054581,-0.3801169590643275,-0.11954879625056036,0.1405213371570433,False,-0.030479144632547972,False,-0.07430007765561775,-0.004738487543134884,0.08026367493631104,-0.005242115909775413,False,194.8756237684015,False,False,0.7737974880750881,0.6707541072267366,0.0030339150949356686,False,0.08685961341777121
DASH,333,0.41049598883052374,DoorDash,Consumer Discretionary,SP500,193.19500732421875,0.021385215745489683,0.08299236496005857,-0.12975221926027591,-0.012901051914653738,0.24585669826073242,0.13840155945419103,0.6062378167641326,0.8167641325536062,-0.37037037037037035,-0.31427907283058076,0.3178376485728245,False,0.0019227731659399172,True,-0.06320745763465507,0.03560858025020086,0.06747220411795762,0.022462892943451385,False,866.6894417879663,False,True,1.020428430050263,0.8978733140573097,-0.00539248769011369,False,0.11549267903831768
MAS,334,0.4104032913333563,Masco,Industrials,SP500,68.2699966430664,-0.0013166174148853127,-0.0013166174148853127,-0.04410531513074978,-0.13575263377950242,0.1542589288720264,0.6003898635477583,0.18518518518518517,0.7134502923976608,-0.253411306042885,-0.17156716114607085,0.17572896027245344,False,-0.0036413421937765422,False,-0.0496092786516068,-0.019755368479692392,0.052198824690988355,-0.000381980799660564,False,175.1741987112831,False,False,0.6343734197833525,0.5840887294041766,-0.003949740638534371,False,0.07478394863667712
PDD,335,0.4096727740202866,PDD Holdings,Consumer Discretionary,NDX,77.19999694824219,0.02414433219870804,-0.016435226788594437,-0.05426926931557985,-0.06458259917473486,-0.2349619051968188,0.5224171539961013,0.42884990253411304,0.07017543859649122,0.18518518518518517,-0.44110624615022964,0.053205917245740864,False,-0.013096952615504809,False,-0.0772416054157874,-0.1817266735973625,0.08370729095408747,-0.0030339739120294196,False,528.7321118516397,False,False,0.7030405385022167,0.744550958787449,0.003714598287262616,False,0.21003971463028168
UBER,336,0.40865100345994365,Uber,Industrials,SP500,69.54000091552734,0.020995452831613193,0.020246437489338298,-0.08451814436972072,-0.06444236240454537,-0.03644169766031191,0.31968810916179335,0.43079922027290446,0.33723196881091616,-0.09161793372319688,-0.3052946855588059,0.05459506128044245,False,-0.010381446492032764,False,-0.04877066366454885,-0.06878271696443194,0.051271193813717586,0.0060309406439049695,False,1333.2252611121226,False,False,0.5791759597526769,0.7522097483688329,0.004257831638945442,False,0.276540472421485
TKO,337,0.4086176247315396,TKO Group Holdings,Communication Services,SP500,175.6699981689453,0.0005125659924369863,-0.032547657244811345,-0.06879251779777174,-0.08880400464656013,-0.10122213614756104,0.4327485380116959,0.3313840155945419,0.22612085769980506,0.12280701754385964,-0.20968196669432015,0.011149715860011566,False,-0.05559978718178871,False,-0.06318390808690633,-0.09900500517014021,0.06744537015571228,-0.022894235851763645,False,208.1246789523822,False,False,0.8128103352408531,0.778337891483296,-0.004556344933448586,False,0.17976460530167915
HII,338,0.4064602144630984,Huntington Ingalls Industries,Industrials,SP500,267.2300109863281,-0.004878221184589804,0.03960328215054609,-0.08083100853700687,-0.07249266920566433,-0.3385767492085514,0.3489278752436647,0.3937621832358674,0.02729044834307992,0.04873294346978557,-0.4057351093655668,0.03960328215054609,False,-0.02080730781642326,False,-0.08858397358974324,-0.21667377060376358,0.09719378529983058,-0.003933392733804775,False,147.29365765424316,False,False,0.5666489374718537,1.121597322468617,0.00364929037598527,False,0.12126399829594538
AMCR,339,0.4042020958026726,Amcor,Materials,SP500,41.31999969482422,-0.012900165018005394,-0.0343538487789492,-0.0866489468180246,-0.05706011201632699,0.07038130701704293,0.30214424951267055,0.4619883040935672,0.5828460038986355,-0.41715399610136455,-0.1464790039771603,0.16140322359975934,False,-0.02621812443772098,False,-0.07221030409816742,-0.010484268142645914,0.07783046569403584,-0.017481701680405304,False,158.2075686254448,False,False,0.6596772009743309,0.6331835868498222,-0.00860011001200367,False,0.11240567707286109
AEE,340,0.40117836448045535,Ameren,Utilities,SP500,100.20999908447266,0.0027015873170976867,0.00825032397484482,-0.051584349420537357,-0.11805546462865057,-0.08800888138944396,0.543859649122807,0.24171539961013644,0.25146198830409355,-0.13450292397660818,-0.1470511378712418,0.0521610446499714,False,-0.01736599023809915,False,-0.048519048401304166,-0.05940133105819512,0.050993189427262386,-0.0004199787671300692,False,170.6491058038826,False,False,0.6538379769151792,1.2388829997211286,0.0013007529541955165,False,0.12935404772272266
USB,341,0.39841441503301633,U.S. Bancorp,Financials,SP500,57.5099983215332,0.0,-0.012433553687781762,-0.08627170588665256,-0.07697320161808718,0.09554563595947974,0.30994152046783624,0.3742690058479532,0.6257309941520468,-0.3879142300194932,-0.112669521492891,0.3189554637012779,False,-0.03259272406323299,False,-0.06439860073673576,0.015394674804507291,0.06883123602363805,-0.009010173799172017,False,431.2359551809202,False,True,0.9355522867678545,1.0593673270710664,0.0022604950775413357,False,0.14420257000121373
DG,342,0.39729784888400604,Dollar General,Consumer Staples,SP500,119.21489715576172,0.002311204882401885,-0.04144975055861677,-0.09176518250156496,0.032789542065142285,-0.03694808318848686,0.27485380116959063,0.7076023391812866,0.3333333333333333,-0.22612085769980506,-0.22944750853756657,0.260210247217022,False,-0.030944511196565272,False,-0.04108810649324657,-0.054245777328856715,0.04284867751820953,-0.014049989304934174,False,289.78582460859144,False,False,0.8684803708151846,0.7821122154125834,-8.409396355435472e-05,False,0.14567432998705737
MTB,343,0.39624422547998617,M&T Bank,Financials,SP500,219.94000244140625,0.003650648233941789,-0.0022681908658248595,-0.083812360750677,-0.07670763430315197,0.051346587624748974,0.3255360623781676,0.37816764132553604,0.5497076023391813,-0.23976608187134507,-0.1288152366921037,0.26654114302665444,False,-0.02894960709782246,False,-0.07284798933642822,-0.007218062077994691,0.07857178596235825,-0.002022750516161076,False,235.4662285917505,False,False,0.8872813048278198,0.8796936336516576,0.0058410093221774595,False,0.17294216528815
F,344,0.3961822364129502,Ford Motor Company,Consumer Discretionary,SP500,12.170000076293945,0.005785098563419799,-0.016962846220171968,-0.15544759159178234,-0.09278726788218239,0.07294309979650415,0.07017543859649122,0.3255360623781676,0.5964912280701754,0.08771929824561403,-0.29462128394572573,0.11633721700253141,False,-0.06610904486149738,False,-0.11228287375993073,-0.08244405672719757,0.12648496963836386,-0.02080270339459611,False,642.284352377994,False,False,1.0799284364949715,0.8050061884797833,0.004132168221838928,False,0.13831242934663968
ACGL,345,0.39286191124691483,Arch Capital Group,Financials,SP500,94.55000305175781,0.01014962172140832,-0.0036880765910805025,-0.05288989965393742,-0.08070000530385724,-0.023142864372162508,0.5341130604288499,0.3664717348927875,0.35477582846003897,-0.3255360623781677,-0.11203981901827154,0.11602929284014829,False,-0.00996316170756617,False,-0.03548749804307094,-0.01881474994027066,0.036793196533035255,0.0004591220235392601,False,287.5972936131726,False,False,0.8304017986080426,1.1578873426743839,-0.004380299566224877,False,0.13079950234676604
FITB,346,0.3918460534898891,Fifth Third Bancorp,Financials,SP500,51.01499938964844,0.0028504120465546734,-0.0025428553506657847,-0.06423754567022,-0.11189801003648092,0.08923060432928676,0.46588693957115007,0.26120857699805067,0.6101364522417154,-0.30604288499025345,-0.13358824347630938,0.3061301587072147,False,-0.023847686943954227,False,-0.060614840740385034,0.002592135986802413,0.06452607872596072,-0.0027465246612626837,False,302.7730985832114,False,True,0.9040411756279733,1.177059402489456,0.0023590082386815148,False,0.2924101747225552
CVNA,347,0.3910888331940963,Carvana,Consumer Discretionary,SP500,64.55000305175781,0.01223149738740803,0.06747150237625288,-0.12093146148049316,-0.04356193369491845,0.018620863811934285,0.16374269005847952,0.49707602339181284,0.4775828460038986,-0.16764132553606242,-0.3254258396400017,0.1474332063508037,False,-0.025991138534195324,False,-0.06215489302119692,-0.10117067731814489,0.0662741561039053,0.007487752786934143,False,597.377829458707,False,False,0.734996606483734,0.8785771089498071,-0.001019266524108553,False,0.12553795541621957
CINF,348,0.39084087692595265,Cincinnati Financial,Financials,SP500,162.3699951171875,0.0025933817651107027,0.002779131381737354,-0.0653867746679474,-0.1362761142408906,0.025934515577147765,0.45614035087719296,0.17738791423001948,0.4951267056530214,-0.4483430799220273,-0.14963478363158755,0.09665858134814309,False,-0.018777597969297122,False,-0.04507849116701368,-0.019818454489757054,0.047206488439143435,-0.0013975957149001683,False,104.84870787460937,False,False,0.4876640425968489,1.1610226858295802,0.005989510583400248,False,0.07941383136682596
MS,349,0.38945346623789306,Morgan Stanley,Financials,SP500,189.375,-0.00491302385890624,-0.022025404890991918,-0.12790695223194315,-0.1424181457810656,0.14944919725326122,0.1442495126705653,0.1617933723196881,0.7017543859649122,-0.21052631578947367,-0.16684551477475573,0.2753062521745975,False,-0.05771979499987623,False,-0.0932322457025686,-0.016616608361521457,0.10281821917543321,-0.018405573016162302,False,1002.774337629718,False,False,0.7291537305392728,1.1820170804848735,0.002154398966786486,False,0.22467660206205806
OMC,350,0.38781714560373537,Omnicom Group,Communication Services,SP500,74.80500030517578,0.008833429073744181,-0.003928071570427072,-0.10805856907168176,-0.06513845233234816,0.005557577642764544,0.2202729044834308,0.42105263157894735,0.43664717348927873,-0.27875243664717353,-0.150278813598394,0.14678555066540966,False,-0.022555629810742328,False,-0.07750913159870143,-0.026322086312892012,0.084021570569069,-0.002755944328489912,False,233.30823758502106,False,False,0.6235512647187695,0.6686980020043505,0.001483487634361902,False,0.07974211385277469
WFC,351,0.38306115364514787,Wells Fargo,Financials,SP500,81.46499633789062,0.012616524899329074,0.008105417635014156,-0.08661291503597168,-0.060189261609339795,0.006733410877979518,0.30409356725146197,0.4444444444444444,0.4405458089668616,-0.18908382066276808,-0.1409263768873379,0.11594532486822207,False,-0.03938734716712722,False,-0.05258403915088039,-0.03019434104677121,0.05550258948957554,-0.0029036161563251728,False,1118.6804209094175,False,False,1.0834767462122947,0.9445408929612218,0.02125552242055795,False,0.23730393509483488
TJX,352,0.3817239064174897,TJX Companies,Consumer Discretionary,SP500,133.9250030517578,0.009383557768343431,0.028214994639215396,0.013125051655253683,-0.1282358755763069,-0.16705230162908113,0.797270955165692,0.20857699805068225,0.14035087719298245,0.12085769980506822,-0.20225902010179053,0.09023939306686524,False,0.035655421172354984,True,-0.0465572714657323,-0.1172498796412621,0.048830695407688474,0.013382311018916182,False,1050.106620057602,False,False,1.0334162548504129,0.8895361517261543,0.006632536413857748,False,0.1645795617183773
MOS,353,0.38112518739771806,Mosaic Company (The),Materials,SP500,21.06999969482422,0.0,-0.053033721580934,-0.16640434001819815,0.00607731188807592,-0.19032923062444507,0.06237816764132553,0.6374269005847953,0.11306042884990253,-0.03703703703703698,-0.38311592145608286,0.07206629552224753,False,-0.11829441701377652,False,-0.09971696956172815,-0.12558701060213007,0.11076180066749042,-0.05111370267226978,False,189.4066520022934,False,False,0.7324431381289013,0.878676741029259,-0.00878023106890824,False,0.3143207817787973
RDDT,354,0.3805312367677184,Reddit,Communication Services,SP500,149.4499969482422,0.010753390581139444,0.04452051324900763,-0.041925817774321916,-0.25065184958494324,0.08030938921825448,0.6101364522417154,0.03313840155945419,0.6042884990253411,-0.06432748538011696,-0.42281697302106,0.22660867892496173,False,-0.01641396858255495,False,-0.041600153707907594,-0.11135848656984482,0.043405843467997585,0.004367861588947752,False,989.0358612324692,False,False,0.5449488670625143,0.5734788441437294,0.019410219838634113,False,0.1486816783292602
EXPE,355,0.37878009330785106,Expedia Group,Consumer Discretionary,SP500,261.7099914550781,-0.012415126584610858,-0.009537219189611257,-0.13666959553791436,-0.028838768930407266,0.14671557486691356,0.1189083820662768,0.5458089668615984,0.6978557504873294,-0.42105263157894735,-0.22717756721306448,0.39628409275374965,False,-0.04252149594990129,False,-0.12133232674156635,0.00964375564604425,0.13808670835882686,-0.01694739909611953,False,558.8620366556225,False,True,0.9621260289138669,0.8646899230513986,0.00271698573850232,False,0.12563232959930573
AOS,356,0.3780558702692805,A. O. Smith,Industrials,SP500,56.650001525878906,-0.001762087649710864,-0.029633427724981343,-0.06410040197696232,-0.07041190436993083,-0.11383619459938898,0.4678362573099415,0.40350877192982454,0.20662768031189083,-0.1559454191033139,-0.2877212396702381,0.021746990359890805,False,-0.013212307588730154,False,-0.05641062096356342,-0.11166959601830906,0.059783018139911936,-0.009257589555901724,False,88.56232656469514,False,False,0.6487437433662431,0.9197399613547994,-0.009163003661033842,False,0.09770767467646597
TFC,357,0.3771149715994705,Truist Financial,Financials,SP500,46.5,0.0010764098221596186,-0.012529202605140899,-0.09901183007013248,-0.08565352350214084,-0.003842045778644776,0.24561403508771928,0.34502923976608185,0.41130604288499023,-0.19298245614035087,-0.14109153007755448,0.18013992800482836,False,-0.03667871666235978,False,-0.07257538919868889,-0.051707091785989645,0.07825475877331156,-0.009310032279904457,False,341.7484372603784,False,False,0.8192418491027268,1.004416941140885,0.0010764098221596186,False,0.15537424070088926
FE,358,0.37702055748198504,FirstEnergy,Utilities,SP500,43.775001525878906,0.010036949048442434,0.017550001396594128,-0.06940899927939204,-0.0864026999928188,-0.12456021474352275,0.4249512670565302,0.34307992202729043,0.18908382066276802,-0.14035087719298245,-0.1395697096491637,0.02411911293583624,False,-0.019492528058630776,False,-0.05132912031299919,-0.06359879351915054,0.054106351751762816,0.0012893533515860867,False,199.6208188951187,False,False,0.7564181917830202,1.0573108379956615,0.0009229560541419435,False,0.17283074928346584
ZTS,359,0.3751606947353162,Zoetis,Health Care,SP500,70.33999633789062,0.009326931750804235,-0.01525975028178983,-0.07799193218289391,-0.07156469216314576,-0.398457518804719,0.3645224171539961,0.3996101364522417,0.011695906432748537,0.11306042884990253,-0.5140585423322734,0.01794497671709694,False,-0.019672112809835385,False,-0.053256712319301736,-0.2768786847309628,0.056252537527642144,-0.0024044216055465473,False,400.7805810200647,False,False,0.619916189631784,0.7142365676289669,-0.004017775426716219,False,0.11816488048035269
CF,360,0.3744528749575613,CF Industries,Materials,SP500,116.76000213623047,0.015216067885357454,0.010821573689573372,-0.15274650457354,0.021068319719171003,-0.10031492572761536,0.07407407407407407,0.6705653021442495,0.22807017543859648,-0.14230019493177393,-0.1616285017999498,0.556969815230502,False,-0.0626392259220796,False,-0.05900334389883921,0.043254869310318744,0.06270303248824316,-0.006608822899134115,False,311.12427522888294,False,True,0.8763193814230466,0.7550737548696638,0.004130062301524573,False,0.15231446418797653
ROP,361,0.3718111870238763,Roper Technologies,Information Technology,SP500,358.96258544921875,0.013102782877151498,0.01656987095056861,-0.14794428501556556,-0.008224516145786787,0.0016053805496134554,0.09161793372319688,0.6159844054580896,0.4269005847953216,-0.32163742690058483,-0.3030214507884267,0.14628695165757422,False,-0.02918551605132136,False,-0.07898783407292542,-0.021364045998197523,0.08576198772946464,-0.00013343999934078976,False,307.48493494808713,False,False,0.7503474734755146,0.8416014913384966,0.005940902080711075,False,0.11101725101789416
TXT,362,0.370873912330293,Textron,Industrials,SP500,76.20999908447266,-0.01359051284915025,-0.014992938101719533,-0.03957104993789762,-0.16762124847184,-0.1388579661782895,0.6179337231968811,0.11306042884990253,0.1695906432748538,-0.009746588693957114,-0.24320545807448657,0.002499374504031593,False,-0.02962301289593905,False,-0.07909361853559616,-0.14865680992407093,0.08588670914607333,-0.012809388535805377,False,147.90346343468858,False,False,0.6108501057166551,0.8578110359939315,-0.0031064650081276124,False,0.08842028711958876
PSA,363,0.3704020324784564,Public Storage,Real Estate,SP500,283.1499938964844,-0.0023255123772485398,-0.0057586804284912585,-0.06435387613209975,-0.12971156624939695,0.027848738743609047,0.4619883040935672,0.20662768031189083,0.5048732943469786,-0.18518518518518517,-0.1343991985719385,0.12850679657633401,False,-0.024609909389178952,False,-0.07614373851832223,-0.038404769361792934,0.08241946468620887,-0.009080889671520542,False,270.57798781524474,False,False,0.8431961120084805,0.8423477011708731,-0.0028540134793050287,False,0.1406597213793773
XEL,364,0.37022846309075585,Xcel Energy,Utilities,SP500,71.77999877929688,0.005322090270267532,0.03444299482159918,-0.05215360104839539,-0.10302973678214289,-0.09311708265939744,0.5399610136452242,0.29239766081871343,0.24171539961013644,-0.04873294346978557,-0.12473856159898988,0.03444299482159918,False,-0.006138153380771394,False,-0.045161738757296344,-0.06707346847304563,0.04729778915490801,0.009216861101374318,False,397.23339285704407,False,False,1.0183963186341969,0.8018523883841778,-0.0026610985622652628,False,0.11416488945673242
VTR,365,0.3672365846122155,Ventas,Real Estate,SP500,83.6500015258789,-0.004285211298623581,-0.03316285499223648,-0.08638035758761886,-0.10541612058121574,0.020451046392561345,0.3060428849902534,0.28460038986354774,0.48148148148148145,-0.5087719298245614,-0.1629015646103209,0.2707327308999332,False,-0.03619958430477721,False,-0.06918176170413737,-0.0149282571728232,0.07432359923543719,-0.017254621079011767,False,310.5454431774527,False,False,0.39467466754328295,0.7573462411608961,-0.0007142624266450737,False,0.5124904056954549
WEC,366,0.36679426877696525,WEC Energy Group,Utilities,SP500,101.87999725341797,0.0028546207892634623,0.0042385442889185665,-0.04517338174960117,-0.1267157923360006,-0.11206673854651761,0.5906432748538012,0.2124756335282651,0.21052631578947367,-0.08187134502923976,-0.13531270024880715,0.010914849051844477,False,-0.012642426822459307,False,-0.03961891727902156,-0.07222797399603476,0.041253329529119975,-0.0005649614269709335,False,269.53267272170945,False,False,0.8504814953082844,0.9987817691700939,-0.0016733750868529462,False,0.09766862324753127
SO,367,0.3666945140629351,Southern Company,Utilities,SP500,84.20999908447266,0.00585281720765618,0.022586528777363224,-0.051368680083755724,-0.12729625319033866,-0.11689348585738779,0.5458089668615984,0.21052631578947367,0.20077972709551656,-0.10331384015594541,-0.1362289590483282,0.02617488693556691,False,-0.011416666999924163,False,-0.05209869517290955,-0.0746568725985306,0.05496215155270101,0.004306701624014364,False,528.2217693890965,False,False,0.8005819464544686,1.1620124539360568,0.0003583227288517232,False,0.14063707541715756
SYY,368,0.3657038334039055,Sysco,Consumer Staples,SP500,76.24500274658203,-0.016066526668077175,-0.02267968223741912,-0.05293465982320211,-0.09255431415995496,0.05539356599282286,0.5263157894736842,0.32748538011695905,0.5555555555555556,-0.3021442495126706,-0.14568073411247684,0.12380571005620733,False,-0.031340494373881755,False,-0.06000201198398403,-0.03125152509215812,0.06383206426922872,-0.01606932945302142,False,309.1326307397598,False,False,1.2683291255076696,0.9088501998034856,-0.0007742619724835365,False,0.1355552596717313
D,369,0.36532846576105404,Dominion Energy,Utilities,SP500,61.22010040283203,-0.0014663345040821785,0.015595581330005492,-0.074134193202683,-0.1144411396394105,0.003821575573491165,0.3898635477582846,0.2573099415204678,0.4327485380116959,-0.12475633528265107,-0.13741703505041025,0.10587573935302697,False,-0.02256627110587517,False,-0.06324215640544428,-0.03275986028944389,0.0675117447245166,-0.0007894201975402471,False,270.72256775789936,False,False,0.9557053529306357,0.8800091140223651,-0.002283529623385294,False,0.09257452515541895
CARR,370,0.3648089020114975,Carrier Global,Industrials,SP500,55.13999938964844,0.00036285301435490247,-0.013066038235052146,-0.06668927419252779,-0.19414173866804152,-0.0009823873851894094,0.4444444444444444,0.07407407407407407,0.4191033138401559,-0.03898635477582846,-0.2718647070421375,0.1074981858541908,False,-0.010320384009072425,False,-0.06884533803233583,-0.10121346541337173,0.07393544901214977,-0.0027580922420804566,False,392.59641776414185,False,False,0.6485971399426088,0.8082993311213159,-0.0050798037866961465,False,0.12022242695056541
ATO,371,0.3647930709574545,Atmos Energy,Utilities,SP500,157.9499969482422,0.004962771447375225,0.005730620050913071,-0.06604776780655264,-0.1051786926359416,-0.1491342902281324,0.4502923976608187,0.28654970760233917,0.15984405458089668,-0.11500974658869395,-0.16895786267435453,0.010944645385031926,False,-0.01309009501378866,False,-0.047932522653008514,-0.08588639298503431,0.050345720018266205,0.0018064901582104387,False,165.35406406950437,False,False,0.625981911594826,0.7795407705651165,0.0008907513601796868,False,0.06918025272840785
CFG,372,0.36367001979835434,Citizens Financial Group,Financials,SP500,64.4000015258789,0.0010881345069451154,-0.006172862762975684,-0.09078074458493957,-0.0969890101872587,0.06309138213364429,0.2787524366471735,0.3157894736842105,0.5672514619883041,-0.3606237816764133,-0.13823098309945747,0.37088952166543265,False,-0.03456958304654423,False,-0.07522041358166132,-0.00303875314291957,0.08133874783394512,-0.005520075448334771,False,242.78312046986053,False,False,0.9372344850981554,1.1842511558781852,0.0001553630740160905,False,0.15182100027734538
ETR,373,0.3634888209870185,Entergy,Utilities,SP500,101.3499984741211,0.004360269507917236,0.033129460250270526,-0.05965856724810892,-0.11489700997208996,-0.10525063347069197,0.48927875243664715,0.253411306042885,0.21832358674463936,-0.0935672514619883,-0.1312626431963687,0.13154489774640732,False,-0.006099737236597735,False,-0.035869362028694396,-0.03854650719576036,0.03720384003579591,0.008689049204086086,False,278.2863509363194,False,False,0.8901373667931085,1.114903783636334,-0.0030720956965407664,False,0.10924919840926246
GS,374,0.3618248436921833,Goldman Sachs,Financials,SP500,891.030029296875,-0.012774738846067946,-0.027557077741153124,-0.14153171872116732,-0.14150415468482613,0.03843906602884428,0.10136452241715399,0.16764132553606237,0.5282651072124757,-0.0935672514619883,-0.22279551436578449,0.2201923252928797,False,-0.06394330705886608,False,-0.10696544388470874,-0.06430424875113006,0.11977749702095464,-0.025148535635291625,False,1971.6757291797803,False,False,0.6785377913253976,0.8472774676612017,-0.001229818909064151,False,0.2660085344181865
CPT,375,0.3614830455133267,Camden Property Trust,Real Estate,SP500,97.16000366210938,0.012505258327278224,-0.0018557630743042397,-0.06991108509141564,-0.16467607226511638,-0.019513556936855858,0.4152046783625731,0.12085769980506822,0.3645224171539961,-0.1286549707602339,-0.16467607226511638,0.03721214005824858,False,-0.01842775492324733,False,-0.06950678017570677,-0.07212788294059569,0.07469885722416314,-0.0005609289952619445,False,106.10533224039672,False,False,0.696961507920216,1.0134213030854355,0.0005210822450487651,False,0.12679865154291634
VRT,376,0.36098102943813115,Vertiv,Industrials,SP500,256.7650146484375,0.01818154534785421,0.052143180267116396,-0.04464541399649502,-0.15953934109702217,-0.007144961001738892,0.5984405458089669,0.13450292397660818,0.3996101364522417,0.05847953216374269,-0.31722244092395513,0.7148937449522164,False,0.026777600749247066,True,-0.01263545873174643,-0.031017789535167428,0.012797156676820132,0.028110225965457536,False,1401.0174095231398,False,False,0.8127797324798558,0.5751695769053392,0.008565325263080625,False,0.2725614082569488
RTX,377,0.36019767836638783,RTX Corporation,Industrials,SP500,184.60000610351562,-0.00043310902879467594,-0.01630607214579094,-0.08672635608681711,-0.0778529442523106,-0.06262416043160701,0.3001949317738791,0.3723196881091618,0.27680311890838205,-0.3216374269005848,-0.1813384114307809,0.19324842077334647,False,-0.03790022799512416,False,-0.10283950058955982,-0.04770454348530806,0.11462776243173844,-0.014316159923794758,False,891.5815107294403,False,False,0.4283135063723049,0.7402792954909639,-0.0022741942040395147,False,0.1168545121008568
HRL,378,0.3595762618113015,Hormel Foods,Consumer Staples,SP500,20.1299991607666,-0.005925967369550533,0.008012010661668567,-0.07149451672466722,-0.17524868549829786,-0.054829372702319024,0.4074074074074074,0.10136452241715399,0.2884990253411306,-0.12280701754385964,-0.23155950378478485,0.03198372906547253,False,-0.013404594113804347,False,-0.10803700642762681,-0.11717684482419366,0.1211227452328838,0.0004387967624310818,False,105.98672342781407,False,False,0.5230659287728544,0.9900369985668894,-0.0004938384633005333,False,0.16555699234696328
ODFL,379,0.35856498170845685,Old Dominion,Industrials,SP500,177.07000732421875,-0.018893996476308628,0.0012439989432306842,-0.04672943567042398,-0.17709142851024062,-0.12172410742241613,0.5769980506822612,0.09551656920077972,0.1949317738791423,0.05458089668615984,-0.2869978546269357,0.41080421162585945,False,-0.004399677189134588,False,-0.093269067859308,-0.11207605292040379,0.10286300439658547,-0.001503875433121804,False,346.135892337677,False,False,0.7666832907190138,1.0093798347850307,-0.0019392223681948817,False,0.2634001471558951
NI,380,0.3575630476495653,NiSource,Utilities,SP500,39.7599983215332,0.008369211610533611,0.01687979215265023,-0.04560733396154659,-0.15716096734421214,-0.14558293088185303,0.5847953216374269,0.13840155945419103,0.16374269005847952,-0.031189083820662766,-0.18446568288850074,0.01948713644956923,False,-0.011572296353979938,False,-0.04242265060594996,-0.10510944950225676,0.04430206148129412,0.004602605953619721,False,235.3189301143799,False,False,0.6932226274310432,0.8485784081339542,0.0017752902430241413,False,0.1257074883444293
SBUX,381,0.3540422593775153,Starbucks,Consumer Discretionary,SP500,94.54000091552734,-0.001794933698538892,-0.007662388509091955,-0.10659609536786452,-0.08229817172034581,0.00907771550525105,0.2222222222222222,0.36062378167641324,0.4522417153996101,-0.3352826510721248,-0.12858325396742232,0.2356942617892852,False,-0.01876020586675675,False,-0.07275051051208237,-0.03475593390234044,0.0784583991006127,-0.004975178595673979,False,705.5073649665101,False,False,0.7512038618670465,0.7319091887319072,-0.0001583717642639204,False,0.16713452277681629
IBM,382,0.3539604338090279,IBM,Information Technology,SP500,222.5749969482422,-0.00029196209838511233,0.00863279464858846,-0.05170214059266198,-0.26772403841394343,-0.08477935393908775,0.5419103313840156,0.031189083820662766,0.2553606237816764,-0.021442495126705652,-0.3191032688532588,0.08942815883883348,False,-0.03889647016700992,False,-0.03941676211304701,-0.11808317608783991,0.04103419730678848,-0.009820876085011143,False,1351.08874204673,False,False,0.5539011555898684,0.8834488636135708,-0.0015271125531023388,False,0.14419672395947633
SCHW,383,0.35225506689097175,Charles Schwab Corporation,Financials,SP500,97.19499969482422,0.005118953073462551,-0.011241132478416849,-0.11945096835183577,-0.04367291119110983,0.05202925472944986,0.1695906432748538,0.4951267056530214,0.5516569200779727,-0.4230019493177388,-0.14478663977235207,0.142102147578697,False,-0.05211906774381603,False,-0.08428737419606913,-0.006970675579787922,0.09204566129255976,-0.017359445481081925,False,821.7289759497482,False,False,1.1252266897472256,0.8727201733682051,0.0020682997305963013,False,0.13098722568701351
WTW,384,0.35220166092552535,Willis Towers Watson,Financials,SP500,284.67999267578125,-0.013616967101793276,-0.022182664873657942,-0.16497037551382632,-0.028138008575528062,-0.014981511092657995,0.06627680311890838,0.5497076023391813,0.38011695906432746,-0.4093567251461988,-0.18565866501849826,0.18399927094719493,False,-0.06080520973348502,False,-0.1167191512615865,-0.039856247272162304,0.13214273968273638,-0.025401737182184858,False,174.30255586878175,False,False,0.7518939034634965,0.8611984592519231,-0.006479315380961692,False,0.11668715157367981
DVA,385,0.351956374955654,DaVita,Health Care,SP500,178.1199951171875,-0.003189922863231609,0.00028071989056388524,-0.019487000294827417,-0.2398105203656743,0.18651745877118153,0.7017543859649122,0.04093567251461988,0.7582846003898636,-0.19103313840155944,-0.26079021350335674,0.7148357601545241,False,-0.018801017239154283,False,-0.05415712879591894,0.045449007682978326,0.057258060978961245,-0.0010549768083609745,False,153.65961787721312,False,True,0.8168533850062489,0.573624298210152,-0.0040852634034656,False,0.049139453968005405
AZO,386,0.34936733004505177,AutoZone,Consumer Discretionary,SP500,2769.330078125,-0.00813026755933266,-0.04941164245258545,-0.06694989229332149,-0.09936387953370907,-0.1945758868438927,0.4405458089668616,0.3060428849902534,0.1111111111111111,0.023391812865497075,-0.3365968619641083,0.0,False,-0.03288833316474016,False,-0.06438163508444583,-0.15913812206068156,0.06881185481032825,-0.021316446764022223,False,860.3022609619532,False,False,0.8413902534215142,0.9691164327678858,-0.003560112642754465,False,0.13215830655113028
CCI,387,0.3484224259278333,Crown Castle,Real Estate,SP500,66.23999786376953,-0.003010303586504337,-0.012816700892821054,-0.13016895575399623,-0.12971836010489235,-0.21465477527157395,0.13060428849902533,0.2046783625730994,0.09161793372319688,0.12280701754385964,-0.2955287273662002,0.0018148081095430424,False,-0.06283046419144622,False,-0.09221801748445546,-0.18080510078362144,0.10158608483163656,-0.020832371300174124,False,248.6367588527861,False,False,0.6398951229813298,0.8567559728790989,-0.0031607326423243043,False,0.16375023019198012
UDR,388,0.3477266224923038,"UDR, Inc.",Real Estate,SP500,33.54999923706055,0.00841595357512337,-0.00827675373452419,-0.07373915637038131,-0.17704544176444337,-0.011952491561929457,0.391812865497076,0.09746588693957114,0.391812865497076,-0.12475633528265107,-0.17704544176444337,0.03606524894445973,False,-0.020200270073693072,False,-0.07421569232859992,-0.0788416003001221,0.08016520880038747,-0.005365571152162296,False,131.28886557072013,False,False,0.655491841526897,0.8109495649751384,-0.0018034677627127849,False,0.12233846412320006
MCO,389,0.34608038360742044,Moody's Corporation,Financials,SP500,445.67999267578125,0.009787945141374044,-0.03129889218561466,-0.1162403262663827,-0.10763081612499881,0.008078200799571222,0.1793372319688109,0.27485380116959063,0.44639376218323584,-0.4132553606237817,-0.1685566141062812,0.0883612824412372,False,-0.04039171144995546,False,-0.07183312320388013,-0.050478253642207926,0.07739246572969316,-0.01888385131465431,False,362.14959903703493,False,False,0.6943770220417955,1.3716432054539491,0.0019485587676362215,False,0.14444932724993215
EXE,390,0.3425813391927307,Expand Energy,Energy,SP500,86.16500091552734,0.007542145670947464,0.010022311351566282,-0.13008583280403851,-0.032127223747765554,-0.15782785603204097,0.13255360623781676,0.530214424951267,0.1539961013645224,-0.025341130604288553,-0.28649110933078503,0.024675997954607176,False,-0.03570298607330524,False,-0.07122632583423716,-0.1149522468315054,0.07668857097851478,-0.0019820833535743043,False,282.34152953848286,False,False,1.0159660919701354,0.8551613444649264,-0.00958839718208404,False,0.12579158735094978
BXP,391,0.34237286519189913,"BXP, Inc.",Real Estate,SP500,59.78499984741211,-0.01100084213621777,-0.031380081432587636,-0.1137191926482981,-0.11837083997084241,0.1774320672783165,0.19103313840155944,0.23976608187134502,0.7446393762183235,-0.43079922027290446,-0.1712903211478376,0.20446247246259075,False,-0.042345465382869873,False,-0.09277349470331742,-0.026002237647930637,0.10226056465686972,-0.02192475714805675,False,90.12457691671852,False,False,0.7769469774150547,0.7313961840154426,-0.0018196957644870393,False,0.12601434083007013
RF,392,0.3391770903667083,Regions Financial Corporation,Financials,SP500,27.084999084472656,-0.0005535533869338582,-0.0064197044365306155,-0.11021686566106448,-0.10560003164336518,0.03295100270590323,0.2046783625730994,0.2826510721247563,0.5146198830409356,-0.3118908382066277,-0.15556499080063602,0.20685552313554645,False,-0.043110402173224927,False,-0.08888137204076041,-0.04055046372112758,0.09755192058781681,-0.009021505806752539,False,240.21149770892868,False,False,0.922752223296674,1.165390952823481,0.0007380242613335142,False,0.18970717495911263
BSX,393,0.33567861815879113,Boston Scientific,Health Care,SP500,42.939998626708984,0.007981224525029917,-0.02652464220025441,-0.08541005476182684,-0.05209714459378656,-0.313947938615981,0.3138401559454191,0.47173489278752434,0.03898635477582846,0.1949317738791423,-0.5909697346768761,0.007981224525029917,False,-0.021879042791774772,False,-0.0834617795189384,-0.30158536192189334,0.0910619739077898,-0.013375963953035086,False,960.4309800095157,False,False,1.0316893291751439,0.6894464790364887,-0.0016431853833690502,False,0.0995401324453712
KKR,394,0.33561395879348294,KKR & Co.,Financials,SP500,89.48500061035156,-0.008915719315685022,-0.04027238673797795,-0.18472122021931314,-0.057651372614617835,-0.013388550255494014,0.042884990253411304,0.4600389863547758,0.3840155945419103,-0.29239766081871343,-0.369653112400697,0.07094638181697821,False,-0.08003731185535523,False,-0.13196306231176036,-0.12652666570483884,0.15202470837612636,-0.03702685108175663,False,446.99121281733306,False,False,0.7133138989870157,0.9719919903530307,-0.0032118829614218303,False,0.23956779527789354
GD,395,0.33507131603742996,General Dynamics,Industrials,SP500,330.8550109863281,0.0023175941619704155,-0.009890449603666918,-0.09570334981868123,-0.11687220251471875,-0.04990267631160439,0.2573099415204678,0.2475633528265107,0.2962962962962963,-0.3352826510721248,-0.16444425091203219,0.06329355639489531,False,-0.04230950547118928,False,-0.10189195661468575,-0.0637760737821611,0.11345178051252702,-0.013927585593833669,False,403.1058888805768,False,False,0.6301326859975582,1.0202435708656388,-0.0002726418215912574,False,0.1699242542281651
DHI,396,0.333176739413221,D. R. Horton,Consumer Discretionary,SP500,133.80999755859375,-0.008814832899305514,-0.04023813429945333,-0.07340215937060379,-0.13814042987759245,-0.0501351190194439,0.3937621832358674,0.17348927875243664,0.29434697855750486,-0.1695906432748538,-0.210539663140068,0.015731294930072304,False,-0.035235099239171674,False,-0.06961317474558792,-0.09454063440451943,0.07482175462507468,-0.02551706174300783,False,341.3306694897058,False,False,0.7284020197308998,1.1368391636872495,-0.005703735351562544,False,0.23862809436233975
CNP,397,0.3331395459729995,CenterPoint Energy,Utilities,SP500,38.05500030517578,0.007012420831658428,0.03918627567303323,-0.04814905600553865,-0.1393340083458604,-0.1169531289556528,0.5692007797270955,0.17153996101364521,0.19883040935672514,-0.10331384015594541,-0.1500350392887344,0.03918627567303323,False,0.0015330320726367752,True,-0.03570982213606866,-0.0720514636854298,0.037032236722738476,0.014924368673754351,False,250.09700574326936,False,False,0.862379530271067,0.9490773464167045,0.0013230811285851463,False,0.2647689127898755
TYL,398,0.3322985927528105,Tyler Technologies,Information Technology,SP500,326.8631896972656,0.01255596843135609,0.008774769396939108,-0.1381780811413399,0.0168398733385271,-0.030654869915660354,0.10916179337231968,0.6627680311890838,0.341130604288499,-0.23391812865497075,-0.369829400684873,0.18742762648575995,False,-0.022541702515836537,False,-0.029288773810219326,-0.05218753783358576,0.030172489016309312,0.00011628987019696169,False,297.7662950318579,False,False,0.8574534714348142,0.6152967950857017,0.0020135494606743354,False,0.060413505525542775
NCLH,399,0.331901099781417,Norwegian Cruise Line Holdings,Consumer Discretionary,SP500,14.954999923706055,-0.012219314096534428,0.04507333928552271,-0.04073125225572416,-0.2057886359904635,-0.2279298257223037,0.6120857699805068,0.06237816764132553,0.07797270955165692,-0.003898635477582846,-0.4022781914432164,0.0591359805180276,False,0.025667396158376876,True,-0.10409940053479083,-0.22942261364107308,0.11619525714898615,0.015575187922721723,False,284.9287971450684,False,False,0.6442555034475516,1.3061573763959113,-0.0006605170842183261,False,0.20090704978832183
CSGP,400,0.33109390676081374,CoStar Group,Real Estate,SP500,27.360000610351562,-0.00073040726910234,0.012583277084667888,-0.13636362541696156,-0.08403080543556674,-0.3355997958331056,0.12085769980506822,0.3508771929824561,0.029239766081871343,0.13255360623781676,-0.6628465792249382,0.015213351977931167,False,-0.05254954354989139,False,-0.09627807123539289,-0.3140510314558703,0.10653506147295277,-0.01475529889693783,False,208.03765370676726,False,False,0.6363527793194629,0.6098899010328576,-0.004747960728679668,False,0.09147020199399662
KVUE,401,0.3310700648119538,Kenvue,Consumer Staples,SP500,17.237499237060547,0.002180143747545049,-0.03593400189390772,-0.07951591497752619,-0.10831120082295642,0.03179959549645872,0.3567251461988304,0.2729044834307992,0.5107212475633528,-0.43469785575048736,-0.11055955710512944,0.2957166890471148,False,-0.023007318250213737,False,-0.061890553279909666,-0.017066496669414066,0.06597370221171683,-0.015204168060086176,False,418.7773675078916,False,False,0.8551559115956474,0.7213709366234115,0.002325523628167181,False,0.07052789212820114
GE,402,0.3283187039135128,GE Aerospace,Industrials,SP500,308.04998779296875,-0.004877922785676447,-0.03201986787990285,-0.07625651420049262,-0.160581016483633,0.06839160005745115,0.3762183235867446,0.13060428849902533,0.5789473684210527,-0.29239766081871343,-0.1919364492771548,0.1287610946526383,False,-0.030787976147847562,False,-0.09612715827090434,-0.047731379005057306,0.10635031149626584,-0.01934340728899664,False,1294.907782509607,False,False,0.7770294196430503,0.8522604746204046,-0.0014052124370863561,False,0.20035278348340335
EXC,403,0.3279463880401155,Exelon,Utilities,SP500,40.880001068115234,0.0036828266036035284,0.013888923053809066,-0.07322601445347354,-0.13245224294565994,-0.1488075820638458,0.39766081871345027,0.19298245614035087,0.1617933723196881,-0.17348927875243664,-0.17165728262669222,0.016915430155978406,False,-0.02052158413587546,False,-0.06030430759845862,-0.08959581760569368,0.06417429396142205,0.000811288181391534,False,331.9770625052568,False,False,0.7117475978687985,1.4772445561340852,-0.0027007270215531065,False,0.17624876024557862
WM,404,0.32611437268971516,Waste Management,Industrials,SP500,205.1699981689453,0.0035216494568370837,-0.006151929167998338,-0.07055407084377052,-0.13124762879947738,-0.11475708691938125,0.41325536062378165,0.19883040935672514,0.2046783625730994,-0.2124756335282651,-0.1570615233164656,0.060101662691882884,False,-0.022935893714949418,False,-0.061036986562648776,-0.08010299105947227,0.06500467610455174,-0.0039421783144403255,False,462.4391228490491,False,False,0.672055226452841,0.891146846814233,0.0002934583491773779,False,0.21217380872942385
TPR,405,0.32601290135536715,"Tapestry, Inc.",Consumer Discretionary,SP500,117.18000030517578,-0.007958029288425927,0.032877950262398814,-0.04058557759164194,-0.19600677700783986,-0.1791224107297278,0.6140350877192983,0.07017543859649122,0.1286549707602339,-0.06042884990253411,-0.286174271999881,0.20118378920628177,False,0.014998028177362288,True,-0.09669731873901133,-0.1495700087120917,0.10704863468801418,0.009337897908528348,False,407.38218496329176,False,False,0.6288103740252551,0.869148883212999,0.00025396866406479646,False,0.12222479258040822
PHM,406,0.3250033378728404,PulteGroup,Consumer Discretionary,SP500,114.16500091552734,-0.013522875624391695,-0.04167712962612513,-0.07959845102166063,-0.11934174954660082,-0.04316294531555831,0.35477582846003897,0.2378167641325536,0.3138401559454191,-0.29044834307992207,-0.1940072018760599,0.04130224339643629,False,-0.03347044028839319,False,-0.08303516154170099,-0.08030290287461739,0.09055435722192873,-0.02370790498180675,False,186.01760798153686,False,False,0.7306067861955867,1.0300216451486124,-0.0038884002815485763,False,0.14076157693615568
EIX,407,0.3248097412480974,Edison International,Utilities,SP500,53.6150016784668,-0.005102945153019678,0.04167476990268404,-0.04769089866747811,-0.29211772919637613,-0.2538856750688896,0.5730994152046783,0.025341130604288498,0.06042884990253411,-0.029239766081871343,-0.33298079733155317,0.0689749824497623,False,-0.020368241313454494,False,-0.16019627836560357,-0.20291157647909597,0.1907544277772848,-0.00274555282014477,False,322.0810747076069,False,False,0.5216654609582879,0.9849499471974371,0.002041206375902993,False,0.10750808157627065
ALL,408,0.32091663710265006,Allstate,Financials,SP500,223.5399932861328,-0.0008939492362591839,-0.017622543229379284,-0.150393349809803,-0.10733185708137538,0.0829950771865684,0.08576998050682261,0.27680311890838205,0.6062378167641326,-0.6374269005847953,-0.1840705497256958,0.19928702187266323,False,-0.0655522539171578,False,-0.11428643982353437,0.001793577961097581,0.12903318291837418,-0.01773337906553052,False,483.82028340931,False,True,0.8709636748647154,1.347910366724829,0.0016983535116390502,False,0.17032129773276697
ES,409,0.3197312154053322,Eversource Energy,Utilities,SP500,64.8499984741211,0.005426332932110034,0.02481036228050426,-0.08194368719968825,-0.12222757490092806,-0.043888888888888866,0.3469785575048733,0.2222222222222222,0.31189083820662766,-0.21052631578947367,-0.12967915437767852,0.06761337384979837,False,-0.019645518855961774,False,-0.061744072690431806,-0.05671540284904786,0.06580728231313371,0.00201280455769548,False,160.24256369904876,False,False,0.9717526145806533,1.027045668480755,0.0004650973534399139,False,0.09897512475909688
LNT,410,0.3196694170738872,Alliant Energy,Utilities,SP500,64.66999816894531,0.005285190862943434,0.023097596988121083,-0.04897061516256895,-0.16082725443822954,-0.09386357538160905,0.5594541910331384,0.1267056530214425,0.23586744639376217,-0.1442495126705653,-0.1649139212966001,0.02451094177931412,False,-0.009647804627258671,False,-0.04711438451214933,-0.07047555032944508,0.0494439035980494,0.006302356339732196,False,172.6650057863681,False,False,0.865382895139046,1.376438666526142,-0.0015544609245264907,False,0.15765434996293604
BAC,411,0.3187990905727027,Bank of America,Financials,SP500,54.05500030517578,0.005674424282340107,-0.02550930024135678,-0.13815365846938554,-0.09236899018945655,0.09095247084648439,0.1111111111111111,0.32943469785575047,0.6179337231968811,-0.46003898635477586,-0.16169117172908742,0.16894438590178318,False,-0.061866802898248974,False,-0.1069050904230523,-0.013853054395900899,0.11970182483034453,-0.018657381608216617,False,1959.7154718480353,False,False,1.3321202852523137,1.052827771234439,0.005395365870276114,False,0.3261505037246812
LEN,412,0.31776396852099814,Lennar,Consumer Discretionary,SP500,76.22000122070312,-0.04498178734130365,-0.07082771723824655,-0.09745406779094468,-0.11604212854032347,-0.12971650365542642,0.25146198830409355,0.25146198830409355,0.18128654970760233,0.06627680311890838,-0.4184254146894808,0.0,False,-0.04976217345772327,False,-0.08773624923457812,-0.1834354070542752,0.09617421404825555,-0.05027853854268627,False,303.2346179115643,False,False,1.1048965127826962,1.628502129337652,-0.0105249513041763,False,0.5446648251416849
HIG,413,0.31759535825866037,Hartford (The),Financials,SP500,126.80999755859375,0.006029309705957608,0.006109145013275974,-0.0942143031529018,-0.08789550937839063,-0.06193932904656918,0.26120857699805067,0.33723196881091616,0.2787524366471735,-0.30994152046783624,-0.1257120680711249,0.05494427935988577,False,-0.027452380099076024,False,-0.06562881235198104,-0.05938865331314502,0.07023848040218428,0.0014823062124196262,False,213.43034411656492,False,False,1.0097783508599385,1.1210371638172907,-0.0028560142930241783,False,0.13452273328290376
CVS,414,0.3174832057312231,CVS Health,Health Care,SP500,86.6500015258789,0.002197576259752365,-0.013659612624759232,-0.10853905096294425,-0.1643204499461871,0.20021416489534505,0.21052631578947367,0.12280701754385964,0.7719298245614035,-0.3333333333333333,-0.21169577954835328,0.2550184931254813,False,-0.03505643847137718,False,-0.08288243062053857,-0.003775661357709792,0.09037274324230693,-0.0045129584198948525,False,717.6568694793002,False,False,0.9385249917183881,0.9000978462478708,0.0026602285376948753,False,0.2249921855049308
PNC,415,0.316878764643725,PNC Financial Services,Financials,SP500,220.5,-0.0023978590337236927,-0.01417265701657,-0.10066071218305872,-0.12500312592131424,0.05078970176226849,0.23391812865497075,0.21637426900584794,0.5458089668615984,-0.39571150097465885,-0.1419231857705454,0.2652598172701581,False,-0.04443486066690239,False,-0.08674021337083482,-0.024537531804722068,0.09497868475189564,-0.013649254214681439,False,379.8543761194385,False,False,0.9908545271878916,1.0804306960540428,0.007012636566611663,False,0.1752522640038383
MLM,416,0.3167277020557482,Martin Marietta Materials,Materials,SP500,479.2449951171875,-0.006272407500767407,-0.023483493600834904,-0.05834677404364086,-0.19211273947136753,-0.196784539865703,0.5048732943469786,0.07602339181286549,0.10721247563352826,-0.05847953216374269,-0.3203050717406465,0.00032352748018471544,False,-0.028017436539908736,False,-0.07785076517746037,-0.18379274627826236,0.08442317386126996,-0.00999471057875867,False,377.595681453125,False,False,0.6198986367440541,0.9711030588211403,-0.0049349418778925624,False,0.19765012702016108
PCAR,417,0.3165131245160084,Paccar,Industrials,SP500,109.2249984741211,-0.004148448484579514,-0.021719686687113327,-0.12276125130401616,-0.12008502201487026,-0.07154853942919881,0.15789473684210525,0.23391812865497075,0.2729044834307992,-0.29824561403508776,-0.2076245238719876,0.20341623926199626,False,-0.05492020369472883,False,-0.1200804996891166,-0.09147280594571583,0.1364675969184581,-0.018416058319478235,False,408.8154353323151,False,False,0.5693407339104323,0.8996450727547531,-0.00574395743677103,False,0.11851441978873775
BX,418,0.3125473501104359,Blackstone Inc.,Financials,SP500,110.83000183105469,-0.008232645807116912,-0.032559320941249914,-0.1950173756034027,-0.0738641108962601,0.006753219463831339,0.031189083820662766,0.38791423001949316,0.442495126705653,-0.40935672514619886,-0.3089711013147459,0.10652152336633613,False,-0.0865257624701179,False,-0.1599318878815995,-0.12281979086916761,0.19037966752279067,-0.03540683563601277,False,554.7517743172791,False,False,0.773807526010561,1.144715610443539,-0.009306495888387833,False,0.24846973913451528
MAA,419,0.3121538625864509,Mid-America Apartment Communities,Real Estate,SP500,115.94999694824219,0.005899196017862263,-0.02019604076059278,-0.09808650318777667,-0.17230661682068715,-0.04878797403666124,0.24951267056530213,0.10721247563352826,0.30214424951267055,-0.13450292397660818,-0.17510069300495845,0.005899196017862263,False,-0.03785517277914685,False,-0.09004300203303794,-0.1020125980000901,0.09895302990604304,-0.013030986076880025,False,133.854516172222,False,False,0.7375998533003515,0.9870400634709036,-0.0015615538337625523,False,0.10985374972714501
PAYX,420,0.3117281407476072,Paychex,Industrials,SP500,99.26000213623047,0.003234280239822418,-0.0004028289455992873,-0.20642788069110551,-0.07238709291025547,0.1059716503427226,0.023391812865497075,0.39571150097465885,0.6393762183235867,-0.53411306042885,-0.22051197588502536,0.1871390449841892,False,-0.09018412967622358,False,-0.14973589354461225,-0.02863209730196503,0.1761051565128824,-0.027387481161133542,False,342.79251489968755,False,False,1.1983614195377112,0.9603948086263575,-0.00424505546771714,False,0.10787265466153612
VMC,421,0.31033310063591246,Vulcan Materials Company,Materials,SP500,241.17999267578125,-0.007734735874665222,-0.02019094594328208,-0.07320454023862655,-0.1943043958658761,-0.14033138690149016,0.3996101364522417,0.07212475633528265,0.16764132553606237,-0.10721247563352826,-0.2657711530144733,0.0014532692856601415,False,-0.021149333548194482,False,-0.08737003027136492,-0.147512058791886,0.09573434269021863,-0.011387308807362051,False,291.8841815146155,False,False,0.6451099431006322,1.1474889353501923,-0.00530730395412693,False,0.14297168763056137
INTU,422,0.309948386949108,Intuit,Information Technology,SP500,284.1099853515625,0.010779845325337156,0.05460279060262474,-0.17481848555161472,0.014932168084435427,-0.31414031643775864,0.05263157894736842,0.6588693957115009,0.037037037037037035,-0.07017543859649122,-0.5803602989440353,0.11878500328104824,False,-0.047789857441610795,False,-0.12075313050003522,-0.2711804846434107,0.13733700362073353,0.00224521726026361,False,1250.6406774434204,False,False,0.919410547846513,0.8132452598024374,0.0002490654886977417,False,0.2382203562932357
TSCO,423,0.3080150909999504,Tractor Supply,Consumer Discretionary,SP500,30.757200241088867,-0.010704403662452955,-0.04093543705107128,-0.1110635376445589,0.01773529213887204,-0.31215838003150853,0.20077972709551656,0.6647173489278753,0.042884990253411304,-0.15984405458089668,-0.4412330065248957,0.06278952054744869,False,-0.05378066505350165,False,-0.07967732358243051,-0.21753807228021926,0.08657542145172492,-0.026686903256439742,False,336.5865960284141,False,False,0.923973714720623,0.8556528999905254,-0.011579305518967575,False,0.18272111929285978
SBAC,424,0.30788806109642447,SBA Communications,Real Estate,SP500,159.63999938964844,0.007255939533259648,-0.023190316685943624,-0.1664578329763362,-0.1227342449585066,-0.2387115059547935,0.06042884990253411,0.2202729044834308,0.06627680311890838,0.031189083820662766,-0.27726077779232317,0.010251835675148202,False,-0.07874311377083365,False,-0.10929554352086779,-0.1553197193431557,0.12270685604617082,-0.023886361757857744,False,175.1851884097232,False,False,0.6409452884699219,0.6907877673530263,-0.003911984065161134,False,0.11111747735794056
CMS,425,0.302889262730647,CMS Energy,Utilities,SP500,64.46499633789062,0.011374249142336534,0.029792298869472322,-0.06013996530455068,-0.15625492106474836,-0.16392229115140877,0.47953216374269003,0.14035087719298245,0.14619883040935672,-0.18518518518518517,-0.1807610480177787,0.029792298869472322,False,-0.008897901888474835,False,-0.05358679591328552,-0.10402690389971159,0.056620930141181525,0.009017903074080902,False,249.41840489794495,False,False,0.7614062787422384,1.2735574885811252,0.0014119885506418406,False,0.3119918737339581
AXP,426,0.30208893619131544,American Express,Financials,SP500,302.67498779296875,-0.0003468227318564887,-0.011931573595504452,-0.08230252540309346,-0.13417529773146952,-0.007282491152871273,0.34307992202729043,0.18908382066276802,0.39766081871345027,-0.34697855750487333,-0.20720374337201797,0.041718290154460824,False,-0.02976579761689946,False,-0.07434340505690007,-0.08505008287082849,0.08031423906342927,-0.008790366870575439,False,903.4774879517298,False,False,0.8035241719564531,1.0411787145039895,-0.001321071068422608,False,0.16232594431734604
SPGI,427,0.3014789637716819,S&P Global,Financials,SP500,388.5899963378906,0.0060061806254811945,-0.018513883717024227,-0.13757821492684696,-0.12176407292687375,-0.04950334744449436,0.11500974658869395,0.22612085769980506,0.2982456140350877,-0.49122807017543857,-0.24301403108981035,0.05839699031407575,False,-0.03836612919370275,False,-0.06585000724126122,-0.07932361726730774,0.07049189932206978,-0.01474620716090247,False,834.9750633828302,False,False,0.5709217756660641,1.2490612081846566,0.0012685964892182877,False,0.18270142460363611
LII,428,0.2983789382131127,Lennox International,Industrials,SP500,357.80999755859375,0.00423802923760519,-0.025090978453036206,-0.06971032502762375,-0.3550962373566945,-0.20627217794878328,0.4191033138401559,0.011695906432748537,0.09941520467836257,-0.02729044834307992,-0.37312813430105074,0.007858736497269314,False,-0.018598910322278894,False,-0.09875333919342488,-0.2586844861831872,0.1095741526576588,-0.008749769014022024,False,221.24081091202027,False,False,0.38361804388273385,0.814176778303334,-0.007662027960372186,False,0.10777302027948996
KEY,429,0.2952207382993252,KeyCorp,Financials,SP500,20.135000228881836,0.00273905903310534,-0.012990166402146675,-0.08973781803980962,-0.13017384593657189,-0.006331068575375021,0.28460038986354774,0.20272904483430798,0.40545808966861596,-0.24951267056530213,-0.15265365756241278,0.24930032221450493,False,-0.033144851694639876,False,-0.07021749983062009,-0.052786430805739304,0.07552034999349688,-0.007444385484429272,False,251.2882826815846,False,False,1.0576531930948116,0.9407886985464772,0.000996038737035132,False,0.13324446020701117
VMRK,430,0.2950273324101731,Vivmark Residential,Real Estate,SP500,59.470001220703125,-0.005352060376722867,-0.03095971556542587,-0.08451351510381722,-0.1522451899197157,0.000462056675871958,0.3216374269005848,0.14619883040935672,0.4249512670565302,-0.1442495126705653,-0.1522451899197157,0.04890415020700267,False,-0.04952170097167918,False,-0.08123504896024014,-0.06112216223795419,0.08841766206722079,-0.021243671232842765,False,344.16324899657593,False,False,1.019171052751868,0.7603037237596644,-0.019234010842442584,False,0.12047148728198437
PEP,431,0.2932887774993038,PepsiCo,Consumer Staples,SP500,124.62010192871094,-0.010087357749577697,-0.03019375930964252,-0.10047571645484188,-0.13124982714568056,-0.18792470097670533,0.23586744639376217,0.1968810916179337,0.12085769980506822,-0.15984405458089668,-0.24679657409737776,0.0,False,-0.05067989893942537,False,-0.08290101191821408,-0.1372723969554177,0.09039483523104819,-0.022161805393462464,False,1059.1701351546976,False,False,0.6326428425503178,0.8971420783710607,-0.0005163431703979482,False,0.27746283274476613
VICI,432,0.2917262715388166,Vici Properties,Real Estate,SP500,22.604999542236328,-0.0019867583687344093,-0.02522643287403714,-0.10187125406464459,-0.13944705465308804,-0.1531414859297796,0.22807017543859648,0.1695906432748538,0.15789473684210525,-0.0935672514619883,-0.24969488365567805,0.0,False,-0.047779773579933904,False,-0.0937654542745493,-0.1466421821504691,0.10346709327825176,-0.020554757412943436,False,251.0580930049793,False,False,0.6853890457567874,0.819877213533413,-0.002207471872080813,False,0.13534002209832988
DECK,433,0.2914710673182195,Deckers Brands,Consumer Discretionary,SP500,79.56500244140625,0.005624363996163284,0.015377766994242537,-0.05840233797152372,-0.24995285569354342,-0.21718808619444385,0.5029239766081871,0.03508771929824561,0.08576998050682261,-0.015594541910331383,-0.3421117840645457,0.0265127112442074,False,0.0029844641596357135,True,-0.09027917392690377,-0.2134532716236064,0.09923832822054113,0.006181089808801277,False,244.14389447866333,False,False,0.7193469594621382,0.9809872304500414,0.004550058112417377,False,0.13328497219803406
TDG,434,0.2914376885898155,TransDigm Group,Industrials,SP500,1093.094970703125,0.002489926271716847,-0.014537242770501613,-0.05591061538271769,-0.17789537939957556,-0.08115483907444343,0.5146198830409356,0.09161793372319688,0.25925925925925924,-0.13450292397660818,-0.24614139951508618,0.01587806877486342,False,-0.010664779071227981,False,-0.07073650830937162,-0.12311108718851249,0.07612104525991792,-0.004375772875304884,False,475.58690748848636,False,False,0.7483707636208126,0.7780194568417507,-0.0030998412183610435,False,0.1133759901002254
FISV,435,0.2899610136452242,Fiserv,Financials,SP500,45.619998931884766,0.028403929310117704,-0.00869190616905835,-0.13483786596008795,-0.13450958595589246,-0.1899858100305135,0.12280701754385964,0.1871345029239766,0.11500974658869395,-0.017543859649122806,,,False,-0.03944753246734578,False,-0.10318664190496774,-0.19458491865227256,0.11505921602701363,-0.003956056638913075,False,381.8411997561117,False,False,0.8471348693205848,0.7758903206046578,-0.00450858341270588,False,0.1661477128035185
TAP,436,0.28973728079712213,Molson Coors Beverage Company,Consumer Staples,SP500,36.18000030517578,-0.018448190285292987,-0.0024813937538461506,-0.10820802126376394,-0.06794709204253035,-0.1668926351491361,0.21832358674463936,0.41130604288499023,0.14230019493177387,-0.14619883040935672,-0.3118551614653924,0.006397761817947822,False,-0.036510343283742586,False,-0.09230106032422725,-0.1453144402301748,0.1016868658645751,-0.014836690042904888,False,153.93662908854523,False,False,0.7745335754598034,0.6979356512639849,-0.0021704240295704613,False,0.11375163949287714
LHX,437,0.28756785418645553,L3Harris,Industrials,SP500,237.8699951171875,0.005367662641209803,0.0007151795167348318,-0.08823649138994705,-0.1908946998549853,-0.33103442297701935,0.29434697855750486,0.08187134502923976,0.031189083820662766,-0.017543859649122806,-0.3637340374834557,0.005920386895831742,False,-0.02366647046216408,False,-0.09598717184172989,-0.22752851882379221,0.10617899309823153,-0.004369367415228531,False,435.47208702104615,False,False,0.45003070808164375,0.7625455001221902,0.001859624561567852,False,0.10441588715220705
NVR,438,0.28732809954871963,"NVR, Inc.",Consumer Discretionary,SP500,5906.52001953125,-0.014569946979346104,-0.057654188140680795,-0.07333445688436746,-0.11759880256862132,-0.12045807090430027,0.39571150097465885,0.24366471734892786,0.1968810916179337,-0.21637426900584794,-0.2705523456073049,0.06163251536251391,False,-0.04483642087005235,False,-0.05852338537888313,-0.11606125486930485,0.06216127354627399,-0.03399251590448471,False,226.21427163390624,False,False,0.7697102002501947,0.8723547552373188,0.0010260353935369615,False,0.24653633426427907
PEG,439,0.2863124325272847,Public Service Enterprise Group,Utilities,SP500,68.63999938964844,0.008373728476269715,0.0286227474393852,-0.06157556903985917,-0.1531348512702344,-0.13797348052047853,0.4756335282651072,0.1442495126705653,0.17153996101364521,-0.11306042884990253,-0.19000873122781514,0.031250028656080175,False,-0.011798241810602628,False,-0.05310639137814355,-0.11526164144336981,0.05608485567395105,0.007244819854388185,False,224.15232596237854,False,False,1.078744003206438,1.1887301475463652,0.0008814097085754202,False,0.20989704311490542
KHC,440,0.28523649305913185,Kraft Heinz,Consumer Staples,SP500,21.905000686645508,-0.01284361606817841,-0.07024612974585553,-0.12450038825445275,-0.1203477912930545,-0.038669584677346824,0.1539961013645224,0.23196881091617932,0.3235867446393762,-0.5185185185185186,-0.19423607851556557,0.0682960811227642,False,-0.08217668667539613,False,-0.11254195049469284,-0.05800931597603076,0.12681382579990874,-0.044354907008010036,False,443.9088301861499,False,False,0.4947021063972683,0.6312034469712686,-0.004055887806300729,False,0.1736524175357515
CBRE,441,0.2847133053333486,CBRE Group,Real Estate,SP500,129.77999877929688,0.0015434244900145444,-0.004372898331635566,-0.12747079476703782,-0.09705696349345494,-0.04706662418092833,0.14814814814814814,0.3138401559454191,0.3079922027290448,-0.3996101364522417,-0.24375037400082322,0.041238762955861485,False,-0.04927605244302258,False,-0.09751410984999564,-0.10495256649267182,0.1080505644623293,-0.01769736959749313,False,254.19314621293458,False,False,0.78781925148277,1.0262203514929682,-0.00046301557143035854,False,0.16016989397160444
BALL,442,0.2846898448556704,Ball Corporation,Materials,SP500,56.529998779296875,0.0028383865610046577,-0.010502402898662444,-0.1017003256768223,-0.0949550845733601,-0.047072827518638505,0.2300194931773879,0.31968810916179335,0.3060428849902534,-0.5263157894736842,-0.15749082700300177,0.23507609440585298,False,-0.03862998980285415,False,-0.08073296972251898,-0.05382293440006758,0.08782319724677778,-0.010549386361179303,False,116.97983045257568,False,False,0.8722321521116145,0.9494701569907781,-0.0024835797818199,False,0.14499451294031576
NOC,443,0.28434613932090497,Northrop Grumman,Industrials,SP500,479.7650146484375,0.003692499264513538,-0.05147286234255055,-0.09176695532731183,-0.1222005763424866,-0.3042899114350287,0.2729044834307992,0.22417153996101363,0.04678362573099415,-0.08187134502923976,-0.3697194104069621,0.003692499264513538,False,-0.06084723832282879,False,-0.10425826035063379,-0.19154154781139554,0.11639321440066541,-0.028312999574668707,False,417.2558752965454,False,False,0.751692859501867,1.5610491712023014,0.004142282398176045,False,0.30926788396651544
TTWO,444,0.284141480031891,Take-Two Interactive,Communication Services,SP500,202.8000030517578,0.00034532296993106115,0.002223854384328483,-0.05291178990658174,-0.21331317611396738,0.031064113755205902,0.5321637426900585,0.06042884990253411,0.50682261208577,-0.27485380116959063,-0.22681003299817015,0.06911276525709953,False,-0.026761640054614788,False,-0.1011825386088182,-0.09609756162883887,0.11257295608410733,-0.008412650996002302,False,560.4309243605744,False,False,0.8502915358924616,0.7248601726905567,0.0,False,0.14233471534253592
JKHY,445,0.2834431970336801,Jack Henry & Associates,Financials,SP500,143.14500427246094,0.004244499893539588,-0.03162632133757082,-0.14672741440374792,-0.020751876340103115,-0.08721540279997841,0.09551656920077972,0.580896686159844,0.253411306042885,-0.3664717348927875,-0.24799693528212363,0.16403741883913558,False,-0.058518250705288266,False,-0.08763005297958804,-0.08446782875430636,0.09604662370321093,-0.01966114864678592,False,151.78052560135833,False,False,0.9942984556144877,0.7306718793042052,-0.0014030935713650328,False,0.06262889916789136
SRE,446,0.28094646814906366,Sempra,Utilities,SP500,78.45999908447266,0.0010206919349080579,0.02041877626852462,-0.06445561232895392,-0.16355860001374556,-0.1869766323284321,0.4600389863547758,0.12475633528265107,0.12280701754385964,-0.10331384015594541,-0.2011587029884262,0.02041877626852462,False,-0.021535747295650776,False,-0.05633623430229784,-0.11509062040337048,0.05969947808756371,-0.0010811668984396228,False,319.83212310876297,False,False,0.7530873912911022,0.7456218535475435,-0.0007654702819108739,False,0.06883633370925685
APTV,447,0.27223976989658316,Aptiv,Consumer Discretionary,SP500,44.33000183105469,0.01814425583178192,0.01581123856683475,-0.04728125953059459,-0.24672892131766977,-0.265573204393702,0.5750487329434698,0.03898635477582846,0.056530214424951264,0.02729044834307992,-0.500056357883401,0.03045098464322793,False,0.002771062705408056,True,-0.06532002308443607,-0.29803667340079176,0.06988490681055515,0.009366746397183157,False,209.52094768370117,False,False,0.6888568119457961,0.5449856316351844,0.00022963530829045453,False,0.10814405942946681
CMG,448,0.27105358525690176,Chipotle Mexican Grill,Consumer Discretionary,SP500,30.934999465942383,-0.04403588125870861,-0.028728442843589108,-0.17660368067013577,-0.09941773391202724,-0.07656718012112285,0.050682261208576995,0.30409356725146197,0.2651072124756335,-0.6588693957115009,-0.26971201557577973,0.0977643410550495,False,-0.07782656224352547,False,-0.10766569455478214,-0.11232014438608773,0.12065623152419747,-0.0377128957057713,False,554.6658134995072,False,False,0.6375504196945702,0.8968641950263249,-0.007416615387517145,False,0.6321900263188395
UPS,449,0.2706135582487421,United Parcel Service,Industrials,SP500,92.48999786376953,-0.005697686502081578,-0.01867376271862564,-0.10637683223411076,-0.1607301122820436,-0.01658506186838349,0.22417153996101363,0.1286549707602339,0.37037037037037035,-0.13060428849902533,-0.20179528832780125,0.18939604359740714,False,-0.044638311896243676,False,-0.08424725746842365,-0.09690803290044125,0.09199782163417192,-0.017001964394110947,False,495.5511543496666,False,False,0.9453874609337335,0.7713904922085038,0.003321928063386048,False,0.2634772398515945
NEE,450,0.26963737349461936,NextEra Energy,Utilities,SP500,76.88500213623047,0.000715870153130016,0.018479325896635812,-0.08535564633298942,-0.12441318571938342,-0.15851888208901344,0.3157894736842105,0.21832358674463936,0.15204678362573099,-0.14230019493177387,-0.20279372260843953,0.018479325896635812,False,-0.02729233951638399,False,-0.06804844538103594,-0.10910674418394739,0.07301714884617372,-0.0008595306521484991,False,944.2413822860223,False,False,1.089520512366657,1.1534194093539263,-0.0020825674644811,False,0.17544038665340383
JBHT,451,0.2689291722456827,J.B. Hunt,Industrials,SP500,226.83999633789062,-0.03142613452714138,0.003405975975254494,-0.14811477625886438,-0.17373602813775457,0.04727234967891847,0.08966861598440545,0.10331384015594541,0.5419103313840156,-0.11695906432748537,-0.2385556853353581,0.6682224653317388,False,-0.06787149007979154,False,-0.12553749580598828,-0.06645786216470706,0.14355960970756043,-0.01793493301872484,False,252.7875079226526,False,False,1.5313587414244894,0.7993945665088178,-0.005123812826126506,False,0.15317758267098125
AJG,452,0.26823088924747185,Arthur J. Gallagher & Co.,Financials,SP500,225.72500610351562,-0.0017026867710260296,-0.01627734899794131,-0.15124840053468702,-0.1112886557619086,0.035624856485189316,0.07797270955165692,0.2631578947368421,0.52046783625731,-0.6647173489278753,-0.2628364288848689,0.18271593074021553,False,-0.045413916770543405,False,-0.09299042281050396,-0.02554137103205434,0.10252419064708063,-0.017834893606143876,False,349.011231608374,False,False,0.9535322579126517,1.069296703033442,-0.0049091177186115775,False,0.1156119683801126
DPZ,453,0.2656609178959575,Domino's,Consumer Discretionary,SP500,295.239990234375,-0.007996790947716326,0.010161841216493217,-0.14397642950290335,-0.05133220989997456,-0.21500541374233706,0.09941520467836257,0.4756335282651072,0.08966861598440545,-0.23391812865497075,-0.3147846960745768,0.04959139984663663,False,-0.025582809447572963,False,-0.10209979323008866,-0.15426629105234713,0.1137095107677728,-0.007729037618052326,False,261.674111865564,False,False,0.7966148746391934,0.7599444645684149,0.00215044237261508,False,0.15737490331409532
DTE,454,0.2621523367017239,DTE Energy,Utilities,SP500,125.9800033569336,0.012294145811250878,0.042621877413191456,-0.0725000171317689,-0.1736061766446625,-0.13222629692416465,0.4015594541910331,0.10526315789473684,0.17738791423001948,-0.19103313840155944,-0.17676335444614422,0.042621877413191456,False,-0.006623535080074294,False,-0.055875664160493166,-0.09175118750460631,0.05918252717297978,0.014590924068329958,False,205.64280591501205,False,False,0.9379586425481932,1.2080876442927568,0.001607107935244878,False,0.14235520186138192
BA,455,0.2599638365319692,Boeing,Industrials,SP500,193.2100067138672,-0.0018081775632416974,0.04783343648470062,-0.08218131321269384,-0.16604794189436078,-0.08991990609268419,0.34502923976608185,0.1189083820662768,0.24951267056530213,-0.1793372319688109,-0.23374970695741493,0.0786624161499192,False,-0.029183256367563692,False,-0.08863806154821385,-0.12449868977469358,0.0972589020985355,-0.00025548459399049595,False,1418.1292891892244,False,False,1.033605854577919,1.4665069043434764,0.005373055166561613,False,0.22761208533416566
O,456,0.2597179783553251,Realty Income,Real Estate,SP500,54.064998626708984,-0.0012008579368851802,-0.018373683067351765,-0.11997057050780657,-0.14385056738385094,-0.10206527050027014,0.16764132553606237,0.15594541910331383,0.22417153996101363,-0.34307992202729043,-0.17456411722286036,0.011745047770651773,False,-0.04396796961509364,False,-0.09812613133815751,-0.10527697169726036,0.10880249971512357,-0.01309946781741711,False,396.4903856777901,False,False,0.7737872113460572,1.1902456292233226,-0.0011084679864593605,False,0.3595373566231144
DLTR,457,0.2562807322720805,Dollar Tree,Consumer Staples,SP500,112.02999877929688,-0.0011591019843771866,-0.03439060488895451,-0.14507017308316406,-0.08658787292669734,0.008461629961235673,0.09746588693957114,0.341130604288499,0.44834307992202727,-0.5087719298245614,-0.20664263541674888,0.3173800279068608,False,-0.025843043050624126,False,-0.09573884575057179,-0.04402372746645222,0.10587521680065826,-0.0142635642113359,False,298.72877130489013,False,False,1.040398465906387,0.7566103655476896,0.009718226661032503,False,0.18164911532515618
PCG,458,0.2530672190369379,PG&E Corporation,Utilities,SP500,12.324999809265137,0.00040585345493293623,0.035632136564307304,-0.113481108215582,-0.27963889023902455,-0.2975777935493703,0.19298245614035087,0.029239766081871343,0.04873294346978557,-0.050682261208576995,-0.3486443937912329,0.035632136564307304,False,-0.04730881656243391,False,-0.1946058297973905,-0.24831683800256665,0.2416280586541053,-0.005218815999487814,False,600.5644235514544,False,False,0.5940327224614721,0.8429732272547301,-0.0008116295012344787,False,0.10528894193935319
KMB,459,0.25015335141506734,Kimberly-Clark,Consumer Staples,SP500,94.44999694824219,0.0009537551643545861,-0.04373797551533565,-0.11455893344395607,-0.16695691424920034,-0.0009667738080154642,0.18323586744639375,0.11695906432748537,0.42105263157894735,-0.6510721247563352,-0.1883825166196459,0.04133510941473428,False,-0.035496216754897114,False,-0.09313199726524113,-0.05901260454050905,0.10269630969930743,-0.020734309980710686,False,408.9799798845673,False,False,0.7971816656552138,0.9093442963955666,0.0011657546591781198,False,0.16695986775654345
TPL,460,0.24985008182556848,Texas Pacific Land Corporation,Energy,SP500,344.8900146484375,0.013815844596552385,0.019932044576692842,-0.058963125106582526,-0.14230880676380642,-0.22922089038176274,0.49707602339181284,0.16374269005847952,0.07602339181286549,0.001949317738791423,-0.3590620698291249,0.2661358048923892,False,-0.018500717750307483,False,-0.0509833410760443,-0.1298161216245559,0.0537222825296364,0.012628317770357445,False,137.9038990999121,False,False,1.0767815611289788,0.6778748361276408,0.0010876131412804746,False,0.11620280508421514
OTIS,461,0.24978542246026025,Otis Worldwide,Industrials,SP500,64.80500030517578,0.011787622442544832,-0.0229911274503376,-0.09338280271793431,-0.11210938439136875,-0.16025039485662174,0.2651072124756335,0.25925925925925924,0.15009746588693956,-0.1871345029239766,-0.29937153845887354,0.011787622442544832,False,-0.03762692013509994,False,-0.07614086010817678,-0.16086225762378514,0.0824160922595758,-0.010989589367518482,False,274.0992138044862,False,False,1.0873657399074392,1.2407241540901268,0.00015604225386001147,False,0.22811064995255437
XYL,462,0.24966964595659624,Xylem Inc.,Industrials,SP500,102.25070190429688,0.00452599454392244,0.013286078619883401,-0.0522689546506071,-0.14927614988634863,-0.16800752692791243,0.5360623781676414,0.14814814814814814,0.13840155945419103,-0.1793372319688109,-0.3221050578528649,0.013587477083644162,False,-0.028234072632176144,False,-0.08413497364736566,-0.14821910541116357,0.09186394416918287,-0.0041999836186510375,False,243.85690563283143,False,False,0.9014516269299814,0.943981392305917,-0.00825232301532497,False,0.12881466565070587
CPRT,463,0.24486482568674348,Copart,Industrials,SP500,27.3700008392334,0.005510710127215601,0.005510710127215601,-0.18493152630141607,-0.0649128660340117,-0.16656514275087297,0.04093567251461988,0.4269005847953216,0.1442495126705653,-0.19298245614035087,-0.40187933035054446,0.008474629873156392,False,-0.06201268588984987,False,-0.10203998883342313,-0.1814469069686484,0.1136353373919834,-0.013718837242887916,False,320.7076134162404,False,False,0.8118554300272224,0.6397027229129376,-0.0003673853465870902,False,0.11442933933306537
GEN,464,0.24413468984485567,Gen Digital,Information Technology,SP500,22.149999618530273,0.007276027697929122,0.06235008217150484,-0.29300990512386416,-0.16924403216325512,0.15471716686603054,0.007797270955165692,0.10916179337231968,0.7153996101364523,-0.7173489278752436,-0.2948105786012849,0.2502445479743589,False,-0.1638038555790089,False,-0.20563306320494668,-0.0921966172947527,0.25886407613412543,-0.039472105854675865,False,212.70791448642623,False,False,1.791232326214425,1.6923329579700688,0.0,False,0.3201494835142123
CRH,465,0.2436023468107102,CRH plc,Materials,SP500,80.98999786376953,-0.011593904678194877,-0.03295524938782646,-0.12005652913779641,-0.2343980099796713,-0.23248092647839047,0.16569200779727095,0.04678362573099415,0.07407407407407407,-0.0682261208576998,-0.376634250889728,0.0,False,-0.056890528692504105,False,-0.12279771615203616,-0.24605037955119924,0.1399879120393619,-0.027899656168865028,False,452.5022362789659,False,False,0.7225052736430576,1.2141792942095386,-0.007932652019917996,False,0.17072573074611386
HBAN,466,0.23963085033741127,Huntington Bancshares,Financials,SP500,15.274999618530273,-0.0035877563894002318,-0.0016340243067270999,-0.09577125522117791,-0.1434679813029256,-0.02349811223024112,0.2553606237816764,0.15984405458089668,0.35282651072124754,-0.3255360623781676,-0.18402693684478766,0.04632693602027138,False,-0.03513722013667253,False,-0.07873741541175494,-0.08026674450936488,0.08546685465029102,-0.008597832037817499,False,421.45784578761504,False,False,1.1310655314553353,0.8801712985863058,0.0019569297534567376,False,0.10481418389612757
APP,467,0.2379195706160378,AppLovin,Communication Services,SP500,284.3699951171875,0.06021174343070501,-0.07743964402230086,-0.0931500500856951,-0.4614000423563053,-0.3109188713672375,0.26705653021442494,0.005847953216374269,0.04483430799220273,0.001949317738791423,-0.6123636796878886,0.06021174343070501,False,-0.08460271904615768,False,-0.13450073712513932,-0.3739811651182108,0.15540248604993478,-0.03312836161041788,False,1968.2288735378884,False,False,0.7753768320714752,1.0215493606166017,0.008537799323315776,False,0.47010433865985984
TMUS,468,0.23654532068374895,T-Mobile US,Communication Services,SP500,164.26499938964844,0.003819359584033011,-0.013127050757911318,-0.12634296533888478,-0.10565121158987034,-0.16363995859092617,0.15009746588693956,0.2787524366471735,0.14814814814814814,-0.2826510721247563,-0.27100219269435954,0.015674294992130022,False,-0.03346380989044828,False,-0.06436175590255111,-0.13215583065039493,0.06878914613482556,-0.0035793971542302794,False,812.9718955955036,False,False,0.737666163119711,0.6954311874117776,-0.008616497600638429,False,0.13598010981530603
HD,469,0.2319720534212243,Home Depot (The),Consumer Discretionary,SP500,281.7699890136719,-0.003818338577120217,-0.02801071173359715,-0.1141258762997579,-0.17775722006349404,-0.12452023285596359,0.1871345029239766,0.0935672514619883,0.19103313840155944,-0.3723196881091618,-0.2638093372310689,0.0,False,-0.05351665181674092,False,-0.1199388246354064,-0.15713086088515582,0.13628464474156332,-0.02175047196835944,False,1355.7694388098046,False,False,0.7081115007641828,1.1772078554107694,0.002439464120618462,False,0.18967736520218806
INSM,470,0.23032714968547702,Insmed,Health Care,NDX,102.86000061035156,-0.07433407066293962,-0.12586043842144212,-0.18803283578655783,-0.08844377925762015,-0.37207739366726245,0.037037037037037035,0.33528265107212474,0.01949317738791423,-0.5263157894736842,-0.5134572686789705,0.1195037405872923,False,-0.13986227158301767,False,-0.14093336405398016,-0.22426951584477162,0.16405405373330773,-0.08830082411171447,False,300.9498328554037,False,False,0.5774461215152811,1.02333844848873,-0.050575977390847404,False,0.6227285537634324
NRG,471,0.2296487031887176,NRG Energy,Utilities,SP500,97.32749938964844,0.0220255797414306,0.003376282367509642,-0.1297612430565277,-0.29227602905300354,-0.3459806673043704,0.1364522417153996,0.023391812865497075,0.021442495126705652,-0.0682261208576998,-0.46762976683797064,0.0220255797414306,False,-0.062413084769255445,False,-0.14093665698048685,-0.3040224889427593,0.16405851573774521,-0.009641258911648909,False,333.42246586334534,False,False,0.5871233191574102,0.86130017685398,0.011760947996500848,False,0.20689033856017297
LOW,472,0.229475133801017,Lowe's,Consumer Discretionary,SP500,179.78500366210938,-0.005613934582500368,-0.04196418973847671,-0.10953437792431786,-0.1810950277808243,-0.2271919977993213,0.20857699805068225,0.08771929824561403,0.07992202729044834,-0.23391812865497075,-0.3675339320609423,0.0,False,-0.05988256860193497,False,-0.12087851446261955,-0.21677504188827723,0.1374992153544401,-0.029397719824025392,False,626.9591551382844,False,False,0.608856837031573,0.9254117283210588,-0.004424795565566408,False,0.15103879119693792
LVS,473,0.22838240960086667,Las Vegas Sands,Consumer Discretionary,SP500,36.470001220703125,0.006624390877703723,-0.05956672592333778,-0.18063350716732018,-0.2031505269451186,-0.321139385316918,0.04873294346978557,0.06432748538011696,0.03313840155945419,-0.07602339181286549,-0.46598002109851,0.006624390877703723,False,-0.08734872966037532,False,-0.16425132673595666,-0.28613250109960864,0.19653196228773884,-0.03623056047027817,False,232.42726059848604,False,False,0.655232231723734,1.0195456650410337,0.01159265771320106,False,0.37076480579725735
IP,474,0.2267575331021618,International Paper,Materials,SP500,31.579999923706055,-0.012198917673593046,-0.07117647283217488,-0.13336989259491228,-0.1577101274009971,-0.07196977977168362,0.12475633528265107,0.1364522417153996,0.2709551656920078,-0.469785575048733,-0.3344275318181701,0.10333884813447813,False,-0.0784405357823984,False,-0.1673410408566115,-0.15185207897703779,0.2009718853307798,-0.04807636686287564,False,179.67662834332313,False,False,0.7033510213084558,1.033735434277137,-0.013137318902553208,False,0.18387448591941655
PNR,475,0.22184456575228026,Pentair,Industrials,SP500,52.470001220703125,-0.010560014548074537,-0.010560014548074537,-0.12579138919489863,-0.299025830768304,-0.3888302267478865,0.15204678362573099,0.01949317738791423,0.015594541910331383,-0.05458089668615984,-0.5259944136750412,0.0,False,-0.04720396829372464,False,-0.13712577123715597,-0.34687150322727334,0.15891744899341997,-0.019323967716819546,False,196.26040123795136,False,False,0.45986827121703405,0.6204873402348459,-0.003960005455527993,False,0.12157250115759648
NKE,476,0.22077320393830846,"Nike, Inc.",Consumer Discretionary,SP500,32.92499923706055,-0.027900789035296025,-0.09521847240188608,-0.1507609273069448,-0.22994056927588946,-0.23751962829584206,0.08382066276803118,0.04873294346978557,0.0682261208576998,-0.10916179337231968,-0.5221216952912624,0.0,False,-0.08459662872403362,False,-0.14587828809419312,-0.3099245244722325,0.1707933261276009,-0.0574686332581128,False,1240.140007075079,False,False,0.7156520630932738,2.105880639673004,-0.001476210175296977,False,0.7462353761134514
SYK,477,0.21949947166241326,Stryker Corporation,Health Care,SP500,283.9601135253906,0.03097019597154227,0.03468577363425296,-0.07510199935230932,-0.13610923670378794,-0.14047611877621924,0.38596491228070173,0.18128654970760233,0.16569200779727095,-0.253411306042885,-0.2608459721656007,0.056012388686528025,False,0.030067264027055174,True,-0.08215935157887666,-0.13392345808249773,0.08951374263082346,0.025345089150448752,False,805.3191088931183,False,False,1.015919649680408,0.8199857826913236,0.00025417465809973727,False,0.23825619075545768
FER,478,0.2187905074711131,Ferrovial,Industrials,NDX,51.599998474121094,-0.03803133741125708,-0.07477141741823456,-0.11187607866969618,-0.21640091617618218,-0.21278813429118149,0.1968810916179337,0.05847953216374269,0.0935672514619883,-0.07017543859649122,-0.2994682089594288,0.0,False,-0.06286609851118696,False,-0.13618339763243503,-0.21071721759233175,0.15765313755162969,-0.043459035184757244,False,91.1523042614952,False,False,1.0189996835799306,1.2428058171927079,-0.03057418732866224,False,0.5761743331969529
FSLR,479,0.21727358731684615,First Solar,Information Technology,SP500,175.57000732421875,0.005498005329084732,0.01503154353452385,-0.1535531343452452,-0.2290092816482172,-0.1022651697652377,0.07212475633528265,0.050682261208576995,0.2222222222222222,0.03313840155945419,-0.44832676410300476,0.020103461167840342,False,-0.08076846299164964,False,-0.15171113594001273,-0.21556815295162102,0.17884371983136682,-0.018133630407830226,False,498.60920680055176,False,False,1.231275151520225,0.7590998787753374,0.0010881532600772736,False,0.11715332433492977
PODD,480,0.2155991195645125,Insulet Corporation,Health Care,SP500,134.25,0.01943957408409025,0.008564340653753888,-0.10844734780503162,-0.16898794513183246,-0.34029484029484025,0.21442495126705652,0.1111111111111111,0.025341130604288498,-0.3333333333333333,-0.6123974890929347,0.028972167884804723,False,-0.01579494314017804,False,-0.07192976783691618,-0.3029705418868507,0.07750466003986256,0.00293662047880372,False,248.14446479516357,False,False,0.5388996960215736,1.0529369397722659,0.0,False,0.10098336674741579
NFLX,481,0.21278863063289882,Netflix,Communication Services,SP500,67.24500274658203,0.0027588009949841563,-0.02867254823197629,-0.18658516709823303,-0.1172879695825716,-0.3202769378434548,0.03898635477582846,0.24561403508771928,0.03508771929824561,-0.15789473684210525,-0.4582913635206224,0.0027588009949841563,False,-0.0781757907695515,False,-0.10942854076283215,-0.19883309451567022,0.12287452020589651,-0.03232614872566941,False,2435.6611930215,False,False,0.8289994402670572,0.9817179857321378,0.0,False,0.2526716007004559
TTD,482,0.21218476175217343,Trade Desk (The),Communication Services,SP500,11.835000038146973,-0.009623411962651374,-0.04092383372742592,-0.21570577081026043,-0.3829509984442877,-0.46713189887427786,0.017543859649122806,0.007797270955165692,0.005847953216374269,-0.021442495126705652,-0.7813596932456321,0.0,False,-0.11103600580477535,False,-0.1788606062637461,-0.47344067721892047,0.21782002864326744,-0.04296156479301061,False,377.05623041516475,False,False,0.5206310989589514,0.6625080137905516,0.0,False,0.3270526490760587
WY,483,0.20875609877051837,Weyerhaeuser,Real Estate,SP500,18.645000457763672,0.009474886351654943,-0.05451312844939227,-0.18331147777650791,-0.19207796966008073,-0.21579114654690112,0.04483430799220273,0.07797270955165692,0.08771929824561403,-0.1364522417153996,-0.2936433137008131,0.009474886351654943,False,-0.10454209818711213,False,-0.18328114805087103,-0.21504203166321867,0.22441155559647474,-0.04065702293634099,False,136.14228983013535,False,False,0.8431190115282816,1.263229411524802,-0.0032484823049777622,False,0.280843016250537
CHRW,484,0.20628206742121666,C.H. Robinson,Industrials,SP500,133.5500946044922,-0.15324566592152844,-0.09909545564169109,-0.08564906999319277,-0.29758504453404777,-0.20368338578671752,0.31189083820662766,0.021442495126705652,0.10331384015594541,-0.03508771929824561,-0.3595351980391648,0.09000947618928423,False,-0.1145830883280744,False,-0.10917038694236225,-0.21899788865702918,0.12254912201184176,-0.09751099643085026,False,262.7246685903958,False,False,1.2333075216324827,0.9083658351464544,-0.1081029857963236,False,1.5456011715189808
BLDR,485,0.20595381146931252,Builders FirstSource,Industrials,SP500,56.369998931884766,0.0021333143446180536,-0.028270978057237328,-0.12168902050723707,-0.2811782676857094,-0.3130636045701246,0.1617933723196881,0.02729044834307992,0.04093567251461988,-0.07797270955165692,-0.56484482126402,0.0021333143446180536,False,-0.0427266372545555,False,-0.13995132214266304,-0.339481935661734,0.16272488493480108,-0.020654666590234072,False,176.39539955344992,False,False,0.5858736912581586,0.6018093301398005,0.004266696506076473,False,0.0758794092011832
STZ,486,0.20376168732333116,Constellation Brands,Consumer Staples,SP500,111.2750015258789,-0.014131311968550664,-0.014567806143649054,-0.13800445671546313,-0.1488176386247776,-0.27278493395697334,0.11306042884990253,0.15009746588693956,0.05458089668615984,-0.07992202729044834,-0.32265329568623424,0.0,False,-0.05624570141147589,False,-0.12100038607300811,-0.21426387998533503,0.13765692743871694,-0.023363560505463288,False,250.16010764751616,False,False,0.8557799880608669,0.7349225605844157,0.005936016236746333,False,0.25438306516448167
WYNN,487,0.19953861060566178,Wynn Resorts,Consumer Discretionary,SP500,77.72000122070312,0.024248867078105585,-0.03477391379901884,-0.15115767482446396,-0.19138278573348388,-0.23946131587043873,0.07992202729044834,0.07992202729044834,0.06432748538011696,-0.06627680311890838,-0.4117866750307938,0.024248867078105585,False,-0.06337747167765784,False,-0.15795090726516303,-0.24146015055686665,0.18757921435692593,-0.018219616113386405,False,170.7819374824646,False,False,0.9778203879486226,1.1772199251810802,0.0028993308996623224,False,0.19620937230578644
AXON,488,0.1994365670645411,Axon Enterprise,Industrials,SP500,412.0,-0.003266012056565737,-0.03001765744555618,-0.2344142315173442,-0.35671238505876657,-0.002590377672661459,0.015594541910331383,0.009746588693957114,0.41325536062378165,-0.49512670565302147,-0.45749499805708826,0.1909579611851413,False,-0.08516309419858537,False,-0.2196721429956513,-0.1697674451226565,0.28151262449986714,-0.035790943949408405,False,498.38195847312255,False,False,0.6378143266915586,0.8169478122636388,-0.003253903957524784,False,0.1875063292970502
ALGN,489,0.19628656878116146,Align Technology,Health Care,SP500,141.63999938964844,-0.0146097538838309,-0.023172418002424533,-0.1139747350878173,-0.2352877742351699,-0.17588873326567034,0.18908382066276802,0.04483430799220273,0.13060428849902533,-0.1949317738791423,-0.2828717364743474,0.12600364384101526,False,-0.043477099590260804,False,-0.11285706854085609,-0.16782899217621494,0.12721407626528958,-0.02410209071453706,False,144.16080126877105,False,False,0.7443092070702095,0.7451556975005245,-0.025532197222017272,False,0.3572366279939132
GIS,490,0.19439428098404307,General Mills,Consumer Staples,SP500,31.5,-0.0159324694868892,-0.06249995742525183,-0.19765661368551368,-0.13624633488140603,-0.13495755627386907,0.02729044834307992,0.1793372319688109,0.17348927875243664,-0.7270955165692008,-0.3430223750924498,0.0,False,-0.09915062547433984,False,-0.15097543387662593,-0.16974527196199984,0.17782222081744492,-0.04707143561092031,False,341.74547333675935,False,False,0.7448373538284021,1.1836989887914664,-0.0012495785778221524,False,0.2356152282000817
HWM,491,0.19311978576578429,Howmet Aerospace,Industrials,SP500,231.28500366210938,6.485661508781604e-05,0.012986143319802412,-0.11211558089425444,-0.15987067407359046,-0.021436662604139678,0.1949317738791423,0.13255360623781676,0.3586744639376218,-0.36257309941520466,-0.20968731082933467,0.25898495745987193,False,0.010778197425295621,True,-0.10005745064515692,-0.06925543343425355,0.11118204236135609,0.005967140781811375,False,736.8183083048712,False,False,1.261173040640516,0.6697532650840611,0.002032261910409394,False,0.09398715762624921
MCD,492,0.1925660803454603,McDonald's,Consumer Discretionary,SP500,231.0399932861328,-0.0036655574011510428,-0.010958958692185994,-0.11011828779028898,-0.1754997799544793,-0.243736217851226,0.20662768031189083,0.09941520467836257,0.06237816764132553,-0.16569200779727095,-0.3093035913808174,0.00043297325569202627,False,-0.05190440630724169,False,-0.10304243407644875,-0.19206658235945218,0.11487994303314819,-0.017525742080341522,False,1302.8406711410803,False,False,0.9277150351994773,0.9687037255670758,4.3100206400747965e-05,False,0.2959212678829253
MKC,493,0.19214646204552477,McCormick & Company,Consumer Staples,SP500,44.54999923706055,-0.0026863428879249085,-0.08068509948991998,-0.15271970928786616,-0.1468786251311256,-0.10719686243762583,0.07602339181286549,0.1539961013645224,0.21442495126705652,-0.5653021442495128,-0.36700072825853414,0.009288623767137238,False,-0.08550667962572422,False,-0.13618932103350367,-0.18701050895660842,0.15766107591590206,-0.04150689320717438,False,158.80541021343154,False,False,0.8199376328972924,1.5493095313429823,0.002014778515268878,False,0.248647616141736
CMCSA,494,0.18972888843112345,Comcast,Communication Services,SP500,21.520000457763672,-0.0023179989693066227,-0.012391025535536948,-0.1924952808329352,-0.08073470320237397,-0.21138057212082617,0.03508771929824561,0.3645224171539961,0.09551656920077972,-0.40155945419103317,-0.3206016932271636,0.0,False,-0.06809568301444158,False,-0.12791167148291704,-0.1810755291225512,0.14667283955103572,-0.020442966580314637,False,661.3819543225555,False,False,0.8797863918322598,0.7618824582233379,0.0,False,0.1984747724029011
ALB,495,0.1891973083393415,Albemarle Corporation,Materials,SP500,105.08999633789062,0.004780571923768795,-0.021417292716546132,-0.2021486634221319,-0.18273111694285016,-0.38904693341333685,0.025341130604288498,0.08576998050682261,0.01364522417153996,0.02729044834307992,-0.5097244604510134,0.2017518566080292,False,-0.06769906546285998,False,-0.14112916555244137,-0.31914568857178516,0.16431942952541667,-0.023396181447801534,False,285.40376971396483,False,False,0.8820647202741323,0.6702061776111023,0.005736744665113314,False,0.16793242976539477
BRO,496,0.18853869834403358,Brown & Brown,Financials,SP500,59.974998474121094,0.0010849378546908817,-0.0043991234555431635,-0.17344266135497044,-0.13218070722745667,-0.09365508997335059,0.056530214424951264,0.1949317738791423,0.23976608187134502,-0.7309941520467836,-0.368954649111484,0.10544022393866159,False,-0.056844884265281226,False,-0.12380302699107826,-0.11236405817630457,0.14129588529155734,-0.020490298651308136,False,146.73001819485717,False,False,0.8187702540995675,0.9374969395889852,-0.0028375591617140206,False,0.1264547127730589
ERIE,497,0.18699602888499786,Erie Indemnity,Financials,SP500,219.52000427246094,-0.007101144743927201,-0.01081468058889079,-0.15036572194501752,-0.14373753382443344,-0.12690796876875654,0.08771929824561403,0.15789473684210525,0.18518518518518517,-0.658869395711501,-0.32353910355123483,0.0653163171572535,False,-0.05992384229811887,False,-0.1052555510408052,-0.11129577998304185,0.11763755691722144,-0.01947965818177133,False,64.88766662904266,False,False,0.6013014990407224,0.4148266325192383,-0.006603607034516568,False,0.04808727941010326
ALNY,498,0.18197796622454154,Alnylam Pharmaceuticals,Health Care,NDX,216.23500061035156,-0.015861098630028492,-0.153215068556097,-0.18247636820282964,-0.32760657025178075,-0.34541683414813007,0.04678362573099415,0.015594541910331383,0.023391812865497075,-0.10526315789473684,-0.5598000894242943,0.05234088527563219,False,-0.11710455328995284,False,-0.10043876140154562,-0.2840044668701186,0.11165305605878761,-0.08392108788001695,False,434.82827504842834,False,False,0.585101208997514,0.6251875458828469,-0.006189698720170167,False,0.14528637381235474
EFX,499,0.17975532438401942,Equifax,Industrials,SP500,141.27000427246094,0.00907145908900664,-0.03093699097682001,-0.2528954095486823,-0.18846239074190496,-0.21916649770749674,0.011695906432748537,0.08382066276803118,0.08382066276803118,-0.5769980506822612,-0.4038520666597253,0.029364606659809667,False,-0.09309757303195232,False,-0.18092106868422164,-0.22030246933734454,0.22088355806391924,-0.025583203747023497,False,246.6358307537558,False,False,0.622990208575415,1.487963799653925,0.000500052315848265,False,0.3736905406461032
BKNG,500,0.17494306542612237,Booking Holdings,Consumer Discretionary,SP500,156.82000732421875,-0.013834718206099161,-0.043021834399440406,-0.19438975432834915,-0.13603334087957453,-0.105545616550758,0.03313840155945419,0.18323586744639375,0.21637426900584794,-0.6003898635477583,-0.2809984268144087,0.022474050782080424,False,-0.058827097695798414,False,-0.16964597395009895,-0.1362162269738132,0.20430559571936602,-0.02932359623923053,False,1290.8677784345848,False,False,0.9027035002702916,0.8836753806885238,-0.004590686496758867,False,0.3275248821216487
AON,501,0.17415647184933414,Aon plc,Financials,SP500,270.010009765625,0.0020782985089029538,-0.007680986001505352,-0.17428131570145255,-0.24788649758193948,-0.16810440432228624,0.05458089668615984,0.037037037037037035,0.1364522417153996,-0.38011695906432746,-0.2901812837277066,0.0020782985089029538,False,-0.06767558796728845,False,-0.1747979587848043,-0.1828083057456681,0.21182443820351704,-0.025319451594588593,False,515.141435251018,False,False,0.7404563475603406,1.0123252602745858,-0.006903009036464569,False,0.1664222666461633
ROL,502,0.1725253010761302,"Rollins, Inc.",Industrials,SP500,29.6299991607666,-0.017572967152749697,-0.031382837104695915,-0.17026043348037345,-0.31741464196972125,-0.44807057720210197,0.05847953216374269,0.017543859649122806,0.007797270955165692,-0.031189083820662766,-0.5431925972434858,0.0,False,-0.08340039086308848,False,-0.15497915538591667,-0.3971028443546851,0.18340276026764157,-0.034407499334412006,False,210.30482613472515,False,False,1.07089478324601,1.2451149316140862,-0.011936359820056586,False,0.143211711621173
YUM,503,0.1716034759654082,Yum! Brands,Consumer Discretionary,SP500,136.62750244140625,0.003728381886745069,-0.011950364134209357,-0.09980111017579374,-0.1801520698229795,-0.12310427054317563,0.23976608187134502,0.08966861598440545,0.19298245614035087,-0.36062378167641324,-0.1801520698229795,0.007747165647085552,False,-0.02231110234728384,False,-0.06387548065375459,-0.10484113096736192,0.06823395748501793,-0.006741743053889637,False,339.5889322866211,False,False,0.9528737605594583,0.6245883857513426,0.003746765970612298,False,0.09411337456829313
MGM,504,0.1621170506174111,MGM Resorts,Consumer Discretionary,SP500,30.46500015258789,-0.0004921059669851235,-0.043785324263629355,-0.25929979670715486,-0.3468053055045821,-0.18976060135864103,0.009746588693957114,0.01364522417153996,0.1189083820662768,-0.0935672514619883,-0.3989938651026984,0.0,False,-0.15746534535411383,False,-0.2511669394277454,-0.2329505189779426,0.33541112519231553,-0.05869794423762398,False,126.53641786816307,False,False,1.839807346196388,1.3047294049593994,0.006233613415719708,False,0.22216517785897147
VRSK,505,0.1574623392575808,Verisk Analytics,Industrials,SP500,163.3300018310547,-0.0033561327518333295,-0.026464816882257547,-0.14077746511253064,-0.14815178535261275,-0.11096025224687378,0.10526315789473684,0.15204678362573099,0.2124756335282651,-0.3937621832358674,-0.3296270955034454,0.04701955337317698,False,-0.05444040281228668,False,-0.10753859168683555,-0.13496519405287632,0.12049662952944207,-0.02587778930521223,False,251.56518420203247,False,False,1.0026280546944792,0.7837101068217536,-0.0003661066439231142,False,0.06173505312788719
LULU,506,0.1570251732832843,Lululemon Athletica,Consumer Discretionary,SP500,92.36000061035156,-0.022231616498779916,-0.08172599991109908,-0.24152087413553736,-0.1973581224011608,-0.40863103507704424,0.01364522417153996,0.06627680311890838,0.009746588693957114,-0.24366471734892786,-0.5721697307701659,0.0,False,-0.06585821468211517,False,-0.17163096124528143,-0.36031227565530977,0.20719142461347073,-0.046474589432868973,False,556.8991933013976,False,False,0.6727575083897115,0.8612338707876807,-0.005610827698853904,False,0.36356584193597735
CLX,507,0.13727850829509086,Clorox,Consumer Staples,SP500,81.31999969482422,0.011316950519474345,-0.0012281807463763172,-0.13755436520064002,-0.15542557616143715,-0.20576749114396042,0.11695906432748537,0.14230019493177387,0.10136452241715399,-0.4074074074074074,-0.34486432922716026,0.011316950519474345,False,-0.04056255276021581,False,-0.14453732339328984,-0.18349815223125576,0.1689580706976177,-0.009550706010083343,False,281.8967251938324,False,False,0.92630380444903,0.8016815017790587,0.006839888040229614,False,0.16367619132563577
CASY,508,0.11808383210690349,Casey's,Consumer Staples,SP500,610.344970703125,-0.012003106295781829,0.006771213603317339,-0.1952414434530696,-0.23839116621698253,-0.1826010504016905,0.029239766081871343,0.042884990253411304,0.12475633528265107,-0.3216374269005848,-0.3333886626718884,0.19214496734739273,False,-0.002321612703871434,False,-0.17565762561326692,-0.16609963956894436,0.2130881913524667,-0.00011107990906389364,False,352.8633360779492,False,False,1.7722421422574446,0.9562199470768253,-0.0006151335094621846,False,0.17417778920548843
FIS,509,0.1173657126072411,Fidelity National Information Services,Financials,SP500,32.78499984741211,0.01063505657546715,-0.04444772558552157,-0.21561451169433243,-0.22150661779851655,-0.28143667666623196,0.01949317738791423,0.05458089668615984,0.05263157894736842,-0.3996101364522417,-0.5036084648175836,0.01063505657546715,False,-0.07823134607022242,False,-0.1683177012366992,-0.2817011844102869,0.202382209513158,-0.028232204504646363,False,249.8363360586164,False,False,0.8204449793740431,0.9082065356781893,0.0018496108455940963,False,0.2314585218285303
COO,510,0.09771117290944256,Cooper Companies (The),Health Care,SP500,56.01499938964844,-0.01572659392309539,-0.009810859257023519,-0.20703567562803715,-0.22082348219195935,-0.20308722919258781,0.021442495126705652,0.056530214424951264,0.10526315789473684,-0.6647173489278753,-0.33568548870515724,0.05152992131211254,False,-0.005702380334862367,False,-0.15994428257425253,-0.21385739409718507,0.19039723110793538,-0.008168719812760683,False,203.24060187200683,False,False,2.240940347627129,1.1401280986587068,-0.009488682427959971,False,0.08657335656749582
FICO,511,0.09415509855307981,Fair Isaac,Information Technology,SP500,679.5599975585938,0.02768997740430046,-0.19185626452859383,-0.392669814073874,-0.4773700944027176,-0.37901159540859786,0.003898635477582846,0.003898635477582846,0.017543859649122806,-0.2631578947368421,-0.6384453832542046,0.1469948371427383,False,-0.21207328790397784,False,-0.3319779437057405,-0.4398124404606969,0.49695656090658513,-0.07259217958440956,False,525.6751021745996,False,False,1.6762528955271832,3.956032423617696,0.0007258683837430002,False,0.4552398083144288
CHTR,512,0.0695944579866714,Charter Communications,Communication Services,SP500,106.7300033569336,-0.02342389548127488,-0.04192098837503555,-0.2949530987295431,-0.22670627406849475,-0.5148195043647227,0.005847953216374269,0.05263157894736842,0.003898635477582846,-0.7426900584795322,-0.6225153602486135,0.0,False,-0.14447973792914248,False,-0.2372385763607444,-0.38790565670878996,0.31102592371392035,-0.0575694921856964,False,397.64592726353914,False,False,0.8523831351891287,0.7901554405955253,-0.0018300354649215533,False,0.2265521761617594
CTVA,513,0.05224247834197366,Corteva,Materials,SP500,12.204999923706055,0.02390938301912482,-0.8430023120775753,-0.8622771434728173,-0.8590084822275291,-0.8544901710397981,0.001949317738791423,0.001949317738791423,0.001949317738791423,-0.736842105263158,-0.8648656097116977,0.02390938301912482,False,-0.8275929045776335,False,-0.8419638048655873,-0.8427161125510824,5.327664362897889,-0.737471985657258,False,420.98655529476304,False,False,8.608057774456096,4.630232204824939,-0.009228159058153773,False,2.1518414703555258
