Ticker,rank,score,name,sector,index,price,ret_1d,ret_1w,ret_1m,ret_3m,ret_6m,rs_1m,rs_3m,rs_6m,rs_3m_chg,pct_from_52w_high,pct_from_52w_low,new_52w_high,pct_vs_20dma,above_20dma,pct_vs_50dma,pct_vs_200dma,dist_to_50dma,pct_vs_9ema,pullback_9ema,avg_dollar_vol_m,above_50dma,above_200dma,vol_ratio_20_60,volume_x,gap_pct,gap_up,rvol
MRVL,1,0.9187346963378169,Marvell Technology,Information Technology,SP500,278.4949951171875,-0.021726140641143643,0.03885037700162042,0.18503468629750852,0.18101436750147726,1.3238817842813009,0.9686274509803922,0.9235294117647059,0.9803921568627451,0.796327846206976,-0.1196672345688945,2.780050806065537,False,0.08489292125695869,True,0.18644773758264832,0.6304879169797712,-0.15714787232223992,0.021321651943254194,False,5029.475240103855,True,True,0.5721817905036395,0.9818577723993723,-0.024869982978849348,False,0.08643329886302495
PTC,2,0.8691674408950293,PTC Inc.,Information Technology,SP500,193.6750030517578,0.0003873809187902033,0.32228443666034723,0.5026379390867812,0.5526295203505875,0.3914433483345019,1.0,0.9921568627450981,0.9196078431372549,0.7201412071677986,-0.059236374190847596,0.7241609533937934,False,0.3026889725642461,True,0.3117515684051859,0.3315007233966576,-0.23766052651586322,0.12759809507527708,False,368.3503904435577,True,True,2.7689523087928656,4.037857791933727,0.001033042055459621,False,0.14574401518250985
BIIB,3,0.8644164297150206,Biogen,Health Care,SP500,220.9250030517578,-0.00551425108432535,-0.008504641460241769,0.04837947862629033,0.10933974302099059,0.24738864146808304,0.8450980392156863,0.8392156862745098,0.8490196078431372,0.21103564713556655,-0.03395425819560238,0.5529664809676471,False,-0.005078739632904838,False,0.019296166208786047,0.12603329983801093,-0.018930872938095034,-0.008093734549622256,False,196.30858937880095,True,True,0.46638651819056226,0.8998547930416215,-0.008327665521290162,False,0.02897720102637446
NTAP,4,0.8559644362544933,NetApp,Information Technology,SP500,234.36000061035156,-0.0059804200558097875,0.08979305875176502,0.26859366483576075,0.3878131544192751,1.4571111082848258,0.9862745098039216,0.9686274509803922,0.9862745098039216,0.18389163884731974,-0.0059804200558097875,1.510635042518838,False,0.13304696492545198,True,0.18922089515431062,0.6656867880132755,-0.15911332867201078,0.054147600331236445,False,498.59312695986176,True,True,1.1300279415843315,1.1371703645586937,-0.007889046853484016,False,0.03154753199972291
PLTR,5,0.8543895787200654,Palantir Technologies,Information Technology,SP500,200.55999755859375,0.03317536886150507,0.055356791434008956,0.18303544507006908,0.5818281892135562,0.5369759300768857,0.9666666666666667,0.996078431372549,0.9392156862745098,0.04108821610836122,-0.03195286876733905,0.8696746884960149,False,0.08414033523129594,True,0.1442302913372817,0.31717965578086305,-0.12605005515866674,0.04594934668840911,False,5637.004936688949,True,True,0.2927829243361,0.47077773459292294,0.025139115009077395,False,0.25718414941583123
MRNA,6,0.8507361499232419,Moderna,Health Care,SP500,194.47999572753906,-0.010179153315808431,0.02932144180452667,0.4341124906144551,1.8486891063483113,2.7925117074311614,0.9980392156862745,1.0,1.0,0.0,-0.044136492136054195,7.697673990111813,False,0.08728220830610756,True,0.44201854548975184,1.7136172370190623,-0.3065276427076944,0.013510618490593984,True,3188.337643775497,True,True,0.20742694994857214,0.616688208526605,-0.00025449436505053935,False,0.04921290058008319
MSFT,7,0.8472347025316438,Microsoft,Information Technology,SP500,532.719970703125,0.005587361980776029,0.038845521420329154,0.08353498894843425,0.3859330734786759,0.43372227548984355,0.9137254901960784,0.9666666666666667,0.9294117647058824,0.04103065883887802,-0.00916288465236692,0.5126912412501801,False,0.04735629364910654,True,0.06822941152871653,0.23175358242963107,-0.06387149688293559,0.021533052675727582,False,13029.565973582252,True,True,0.4691644585007797,0.6347073067259978,-0.0006984202475970314,False,0.05347478763473893
DDOG,8,0.8466343681254187,Datadog,Information Technology,SP500,272.1499938964844,0.0029851756818963793,-0.015589950415281217,0.20810577855417778,0.05672899303726675,1.4972470683922903,0.9725490196078431,0.7431372549019608,0.9882352941176471,0.3184797206553855,-0.05552663660908452,1.6521463680951154,False,0.06511628408334236,True,0.10473350121021863,0.45110346854680805,-0.09480431352492225,0.006460799803537309,False,989.3702696575567,True,True,0.5017651726095936,0.3958432912726356,0.001511032902052456,False,0.05696232255207767
AMD,9,0.8442518657770519,Advanced Micro Devices,Information Technology,SP500,634.9525756835938,-0.01688819545312359,0.03121919644096227,0.21848513803831526,0.13813217482252016,1.6832005464895596,0.9823529411764705,0.8901960784313725,0.9921568627450981,0.16221173400867195,-0.02227742848584935,2.3252295670667142,False,0.0686052841255993,True,0.20541027216302754,0.6560034775034669,-0.17040693688003228,0.011817249730027957,False,11385.061252890366,True,True,0.7206736901828562,0.7223726753410136,-0.010311790938566934,False,0.07514549882604221
NVDA,10,0.8349617432994124,Nvidia,Information Technology,SP500,234.52999877929688,-0.012380521439732672,0.015897072508197718,0.04972697476235055,0.11297128998056638,0.2781582137369578,0.8529411764705882,0.8431372549019608,0.8647058823529412,0.1660335367023522,-0.01968737086491068,0.42317661421708275,False,0.03596937321824756,True,0.05962914213374093,0.16323332187502282,-0.05627359588626224,0.00458573299540066,True,25928.95216892103,True,True,0.5602723404842703,0.7724265362325282,-0.010696123855076789,False,0.06611555996028753
ABBV,11,0.8336324030205331,AbbVie,Health Care,SP500,269.5799865722656,-0.0065595477424233994,0.03712535747469947,0.07440908149400993,0.09440029634649494,0.28884758215155015,0.9019607843137255,0.8137254901960784,0.8803921568627451,0.03486051955028591,-0.0065595477424233994,0.3755132522593687,False,0.020372975003210003,True,0.04304419788289926,0.16972924024325375,-0.041267856117955026,0.012273770787532001,False,1177.7392866969994,True,True,0.43008177556756705,1.0596492545262535,-0.01090798796750847,False,0.048455100936542254
SMCI,12,0.8332988488243965,Supermicro,Information Technology,SP500,43.7400016784668,-0.026702202601515013,0.04341611615025687,0.12355513320279932,0.5450371778030969,0.8837210582220241,0.9411764705882353,0.9901960784313726,0.9705882352941176,0.6770845324431143,-0.25460120226671545,1.1305406826858553,False,0.06354789130968097,True,0.15893343478636845,0.3554448460123538,-0.13713767332604865,0.017258226841418756,False,1621.314977888648,True,True,0.6925108871002088,0.6417628352446001,-0.02013793517917495,False,0.0795800592083456
KEYS,13,0.8323052471986531,Keysight Technologies,Information Technology,SP500,376.80999755859375,-0.012086455106829486,0.0078367193685569,0.13836435890684373,0.17003574550925826,0.16681115597304053,0.9509803921568627,0.9176470588235294,0.7784313725490196,0.46559226430298145,-0.028915293291756128,1.362593169355332,False,0.06275082671839116,True,0.10816756773167868,0.23077796885795254,-0.0976093967026016,0.00731271947266765,True,403.4488037416199,True,True,0.8188183081891233,0.780248503687842,-0.0016779786741808467,False,0.0283177978348836
PM,14,0.826854258044497,Philip Morris International,Consumer Staples,SP500,196.9001007080078,0.02184907474834752,0.05531192397724283,0.0693478442821498,0.09342914419131354,0.2417675687509473,0.884313725490196,0.807843137254902,0.8392156862745098,0.21488814703963777,-0.007900327236446958,0.4124929000696502,False,0.03614598398074431,True,0.04635009546824764,0.12024799537207942,-0.04429692859874568,0.029106509411462644,False,824.8171993466552,True,True,0.6335299122252495,0.7616920067824852,-0.006123866934555355,False,0.027331338826963206
ZBRA,15,0.8203782932653161,Zebra Technologies,Information Technology,SP500,382.9100036621094,-0.008133620593567481,0.019869466540234137,0.11043128084182241,0.4050712575175519,0.7165463356334267,0.9352941176470588,0.9725490196078431,0.9549019607843138,-0.01962319174245042,-0.008133620593567481,0.9212744495677123,False,0.04878117026135964,True,0.06468525362868549,0.41959743815114114,-0.06075528275443243,0.013837180552907391,False,231.6655922033905,True,True,0.3645676270535468,0.5592800226394475,-0.014920293822508368,False,0.013363005683717821
SNPS,16,0.8196535853042545,Synopsys,Information Technology,SP500,501.739990234375,-0.0018501664481982427,0.022831943357026763,0.27597779532268185,0.12624015765291796,0.23910889458646123,0.9882352941176471,0.8666666666666667,0.8372549019607843,0.7844748858447489,-0.0613963025181683,0.3645362349128054,False,0.1652018342389423,True,0.20272596590966585,0.1257389407904541,-0.1685554080112811,0.05252228082499055,False,832.9114218775293,True,True,1.2257820840714708,1.0745027667489664,-0.0023872762945382764,False,0.03621658651157589
NDSN,17,0.8172542266825834,Nordson Corporation,Industrials,SP500,325.8949890136719,-0.005477779042268316,-0.009497903180192946,0.04119804796700288,0.14052230062617554,0.18660598367297232,0.8176470588235294,0.8921568627450981,0.7980392156862746,0.18961283143394347,-0.025521047301471533,0.45552190950950666,False,0.011730977236200424,True,0.026427356573126115,0.13346774682051943,-0.02574693318907406,-0.007717113777578666,True,118.71828441598878,True,True,0.6709887720206938,0.7655656420791835,-0.0032347570896164024,False,0.006603798228886393
A,18,0.8155758718113499,Agilent Technologies,Health Care,SP500,164.63999938964844,-0.026317328314028776,-0.010766297512541656,0.13910507089472435,0.2278313834737924,0.431689116573589,0.9529411764705882,0.9411764705882353,0.9274509803921569,0.2855991711753194,-0.05892667801029339,0.501991768161012,False,0.004553863645520462,True,0.06454914322242167,0.23798097368308313,-0.06063519343694135,-0.019659581800070547,True,346.8162319734216,True,True,1.145496642170167,0.7722800139595456,0.004672118765342015,False,0.04062623544282703
FFIV,19,0.8149005996530851,"F5, Inc.",Information Technology,SP500,468.239990234375,0.003407256742069764,0.05535520637402502,0.15720530999668458,0.08794343339228061,0.5894633085140821,0.9588235294117647,0.8019607843137255,0.9470588235294117,0.2931545220828058,-0.0032993854325419347,1.0904503716736826,False,0.05541585546523464,True,0.12324939691614878,0.3407473510829222,-0.10972576282215396,0.024784439440333594,False,227.08246188520994,True,True,0.8625541792967316,0.7333845442985197,-0.003535827532551883,False,0.01021048093128993
VRSN,20,0.8142431098207809,Verisign,Information Technology,SP500,295.0799865722656,0.002922933002496242,0.02851165162008562,0.028368244446925983,0.0956507028055793,0.09950148678382797,0.7843137254901961,0.8176470588235294,0.6862745098039216,0.33232416254172903,-0.04533483644124392,0.40306132702680997,False,0.006067108924198594,True,0.017507716760770897,0.11036379454515677,-0.017206470744523306,0.012209688187875933,False,220.03973616591063,True,True,0.6609050322123838,1.3245156047889122,-0.0036706769348950896,False,0.018843649891495298
SHOP,21,0.8134511731561355,Shopify,Information Technology,NDX,166.0800018310547,0.00030116877748276316,0.11395805158287553,0.3098824878288624,0.3553125558203769,0.477843084980174,0.996078431372549,0.9607843137254902,0.9333333333333333,0.11146924523233959,-0.07223056294372143,0.7408804944935206,False,0.1482618556996207,True,0.154320928650022,0.28221461405024617,-0.13368979528985958,0.05821145726226429,False,1388.3666147290485,True,True,0.74494735767712,0.6411723385986479,-0.004517255950817534,False,0.0443640813254529
MU,22,0.8112304747160433,Micron Technology,Information Technology,SP500,1076.989990234375,-0.010119494269875906,-0.01858958450665138,0.047890062725874705,0.09975493072512798,1.5554686936546176,0.8431372549019608,0.8254901960784313,0.9901960784313726,0.09554890449330411,-0.11240020704319087,4.936362440524191,False,0.03793708782944316,True,0.10582731267128254,0.542939265170012,-0.09569967341070795,0.00844716421372027,False,27394.66533765198,True,True,0.47455523116935916,0.7065190995340915,-0.00976102492388553,False,0.08407111401010797
CPAY,23,0.8069800999895158,Corpay,Financials,SP500,402.45001220703125,4.974661832957139e-05,0.03263798235222226,-0.008963491254856515,0.13802170437957084,0.31275076684658476,0.6294117647058823,0.888235294117647,0.8980392156862745,0.0702313802233222,-0.05359321453935417,0.5782353419883579,False,0.007153576271861528,True,-0.002367812779356271,0.1544311996701615,0.00237343262345302,0.006719656177073707,False,195.61898265258546,False,True,0.5700315611561593,0.8335769071915339,0.006560183625688332,False,0.0048147472455997015
HPE,24,0.8062894112450288,Hewlett Packard Enterprise,Information Technology,SP500,71.26850128173828,-0.011395409874928264,0.10356920503317935,0.21305196623641587,0.4719563340707056,1.8859364007159152,0.9764705882352941,0.9803921568627451,0.996078431372549,0.052799201872529844,-0.011395409874928264,2.6240559469859943,False,0.12502442167799965,True,0.23818884153715314,0.8925963540507094,-0.1923687514753024,0.04908323841340656,False,1213.272959148204,True,True,1.2355557971642905,0.8346256813212853,-0.027465610044682065,False,0.04977367231281334
VEEV,25,0.8060314882074068,Veeva Systems,Health Care,SP500,281.55999755859375,-0.0033274422704645534,-0.0013123652211526338,0.07960126816457125,0.4809594192606823,0.792462403084397,0.9098039215686274,0.9823529411764705,0.9666666666666667,-0.01569011166110279,-0.06706425133542215,0.8593410234221366,False,0.030922923137363556,True,0.09318980258497378,0.3903706465629797,-0.08524576643929138,0.005868687363065783,True,438.5893210950232,True,True,0.5105756867253948,0.5543038583741512,0.006123932694966916,False,0.01614227556156132
EMR,26,0.8011859275044286,Emerson Electric,Industrials,SP500,157.94500732421875,-0.008007749571092182,-0.003941476768189234,0.05058541420498508,0.1411336366777285,0.0998902881357644,0.8568627450980392,0.8941176470588236,0.6882352941176471,0.2620237135950271,-0.03588857268517798,0.2910815935492095,False,0.019554218482648267,True,0.016043537878903003,0.09374812324783544,-0.015790207093286046,-0.004466084793014691,True,396.16330833223145,True,True,0.7605953060391355,0.8640841417385561,-0.005464106962174697,False,0.024993427709388595
SWKS,27,0.8010193875846099,Skyworks Solutions,Information Technology,SP500,79.3949966430664,-0.048363941595947146,-0.04527425268450824,0.037300701507567924,0.31492208079791495,0.41592787061011727,0.8058823529411765,0.9490196078431372,0.9254901960784314,0.3775910364145658,-0.13182067476720127,0.5254262605024156,False,-0.08182297322646548,False,0.04701715225570413,0.20826768526001627,-0.044905808996929975,-0.05168174035685236,False,535.8964488365018,True,True,1.5118639671059615,1.7436361830588643,-0.023852305603384694,False,0.04827057560281185
FTNT,28,0.7990489348581629,Fortinet,Information Technology,SP500,190.3800048828125,0.005811528479553019,0.06524173893503016,0.21091466355835897,0.20868523599973843,1.3602776622764385,0.9745098039215686,0.9313725490196079,0.9823529411764705,0.10945474080042983,-0.004653104876709557,1.5306393245729675,False,0.07591237076606161,True,0.14281806754085835,0.5767661389885408,-0.12497008193804415,0.03393204433795205,False,724.937658954502,True,True,0.9462249229524774,0.6712650898507688,0.0014264807386001888,False,0.02296951902522538
LITE,29,0.7930459140834631,Lumentum,Information Technology,SP500,1081.780029296875,-0.026361901957671408,0.03442406528283426,0.0938341024700422,0.3488360695311128,0.20986883718174343,0.9254901960784314,0.9588235294117647,0.8176470588235294,0.044929204558535774,-0.04554437445320658,6.230666565628142,False,0.1113428513975494,True,0.18512363486725025,0.42191144844294826,-0.1562061791873609,0.024738072175716663,True,4231.281140981279,True,True,0.6854946830415463,0.6821944674806862,-0.039146945934825594,False,0.09977478347147398
DXCM,30,0.789342960353163,Dexcom,Health Care,SP500,83.99500274658203,-0.003618034331369091,-0.02591905976276243,0.0013710717325920996,0.1205310001662061,0.27885204561978316,0.6803921568627451,0.8549019607843137,0.8666666666666667,0.18562603123441157,-0.09037247045984909,0.5316375367044619,False,-0.028445652811311284,False,-0.03730104322586303,0.14399813245152782,0.038746321436613274,-0.015580606298448707,False,384.18067488163376,False,True,0.5451764503213224,0.5339978627966272,-0.001186311979778032,False,0.009441054272764031
AAPL,31,0.7892066100520675,Apple Inc.,Information Technology,SP500,337.2149963378906,0.0016187450275348958,0.020873664509531986,0.06936957015931688,0.07035964439589937,0.2968512173713118,0.8862745098039215,0.7705882352941177,0.888235294117647,0.06608725682053651,-0.01130269711069487,0.37995134018064225,False,0.006581128421518256,True,0.04652831155996995,0.1625927604944728,-0.04445967781857163,0.007175134029588914,False,13986.331976370939,True,True,0.5112356291208645,0.6137314430379439,0.0004751630324972833,False,0.033108445027599846
WAT,32,0.787022979399936,Waters Corporation,Health Care,SP500,425.7300109863281,-0.02353260276120428,0.00047003080301033506,0.05167859873496905,0.13096729609696367,0.34024876173951646,0.8607843137254902,0.8784313725490196,0.903921568627451,0.16023176393845207,-0.03954789151533411,0.5026471833284323,False,-0.004617647294914429,False,0.026439649948310162,0.16738578172776886,-0.02575860154042331,-0.014475069654801054,True,310.06180120423704,True,True,1.0146780902198749,0.9298189365939733,2.295870512902809e-05,False,0.02789347998752251
PWR,33,0.783434653766587,Quanta Services,Industrials,SP500,692.2899780273438,-0.012523755409799664,0.04480833615357649,0.10435499804199955,0.051397756766777825,0.18976445085280336,0.9274509803921569,0.7333333333333333,0.803921568627451,0.5630789302022179,-0.11808582477302865,0.6807718895289607,False,0.061478223253143005,True,0.06349781853760939,0.13316927016680635,-0.05970658089823222,0.018481897303003203,False,653.9304918869958,True,True,0.7273798757846931,0.80358681599212,0.007745293079226112,False,0.03405686469317846
IT,34,0.7818455051096052,Gartner,Information Technology,SP500,190.75,0.026807318797469115,-0.010632795743304446,0.12410865257583903,0.4316270799747641,0.28867716858652304,0.9431372549019608,0.9764705882352941,0.8784313725490196,0.29153908138597906,-0.2611457951006624,0.517139862459733,False,0.022744327495002548,True,0.030825877672810087,0.11005133374230458,-0.029904058813892576,0.019943600479265244,False,225.5982183705139,True,True,0.6995948308984097,0.4343466033918552,0.003983367698531692,False,0.012820328774639754
SOLV,35,0.7770663497844398,Solventum,Health Care,SP500,85.80000305175781,-0.0009314648837739359,-0.022444954616096746,-0.04698429173489871,0.1186441520937267,0.2964642287112169,0.3843137254901961,0.8529411764705882,0.8862745098039215,0.13082767353516744,-0.07183036796063746,0.37301969510625455,False,-0.02829051804576943,False,-0.029372198936900684,0.09907920884649468,0.03026103198850305,-0.01735194114523908,False,88.25994123789765,False,True,0.5107537749335008,0.7642190725238425,-0.003027416338507005,False,0.00582497105364724
VTRS,36,0.7767845835346328,Viatris,Health Care,SP500,17.21500015258789,-0.015723248835279535,-0.01403201287121747,0.04333334258108423,0.06601795795416998,0.2837242379342628,0.8294117647058824,0.7607843137254902,0.8745098039215686,0.24023636852001073,-0.05774495231210941,0.8301143606286929,False,-0.0066502222496830354,False,0.01919449054115807,0.12844869437884698,-0.01883300068759841,-0.015694212421573317,True,152.85946775639994,True,True,0.712617266290114,0.6309142974533233,-0.01315034564014883,False,0.05092297452061809
RVTY,37,0.7767516021617362,Revvity,Health Care,SP500,148.92999267578125,-0.03040373204534319,-0.0008721647990191927,0.20250298353375196,0.3271296309956502,0.648684269758673,0.9705882352941176,0.9529411764705882,0.9490196078431372,0.04491769310463911,-0.05357147878668578,0.8116141601113518,False,0.016531474494230647,True,0.13503505862505438,0.3877728763133288,-0.11896994511220793,-0.014172578194344476,True,251.5297996929083,True,True,1.3398838238106225,0.8227580598882527,-0.003710985036254555,False,0.021726113572283223
ELV,38,0.7726750216859478,Elevance Health,Health Care,SP500,402.6000061035156,-0.004229406805183689,0.05483792789433828,0.0187762881857787,-0.028536399959381176,0.2812751334143915,0.7627450980392156,0.5529411764705883,0.8705882352941177,0.2867963623805687,-0.052573139518842016,0.45508433654143743,False,0.000414986827178776,True,0.011814451165184314,0.10562566576491039,-0.011676499729351697,0.012141893861691955,False,412.4472390823474,True,True,0.4880458557902734,0.7250895262860748,-0.00818678137711415,False,0.009091925680093857
CRWD,39,0.7716749135205805,CrowdStrike,Information Technology,SP500,266.55999755859375,0.004219390848727578,0.0017663242781449373,0.2827718654662401,0.42408381231378955,1.7015303790943914,0.9901960784313726,0.9745098039215686,0.9941176470588236,0.015605694332527564,-0.04410811317178398,2.0442255252944324,False,0.04750638326297252,True,0.17439417770636334,0.7025750214120903,-0.1484971409232987,0.0031328775483150384,False,2214.4013383047727,True,True,0.8957608253756887,0.5740029231523642,-0.0030741768911206613,False,0.06309161498280169
APH,40,0.7708901465882437,Amphenol,Information Technology,SP500,87.0199966430664,-0.006053756598707105,0.01575812423222933,0.07148963361373717,0.09587536064760882,0.2679612986651476,0.8941176470588236,0.8196078431372549,0.8607843137254902,0.19925559264801807,-0.018054683524339366,0.46515234378888803,False,0.04735349509751474,True,0.05987337468670262,0.16998485922673545,-0.05649106404281645,0.009792741496196689,True,969.0593186735382,True,True,0.88423479470264,0.6617429964246239,-0.003883540324769119,False,0.026311411755254532
PFE,41,0.7697751625728494,Pfizer,Health Care,SP500,27.780000686645508,-0.007857118334088975,-0.012091043472286067,0.0,0.16946550187330844,0.05556800503029646,0.6745098039215687,0.9156862745098039,0.596078431372549,0.17987414143739688,-0.04272914374770209,0.22692023223058633,False,-0.006526566789967658,False,0.00834848506629382,0.07345423709139665,-0.00827936491196779,-0.004984745071388463,False,957.0403724714203,True,True,0.5946544672974591,0.7167124996667517,-0.013571398598807183,False,0.04846658329906688
IFF,42,0.7664573289136603,International Flavors & Fragrances,Materials,SP500,83.66000366210938,-0.005350100403956115,0.006496642176176515,-0.0030129228916131456,0.08417364204964528,0.155482392869434,0.6588235294117647,0.796078431372549,0.7647058823529411,0.028955143701316133,-0.045577598514630946,0.436145458807921,False,-0.005910703753242541,False,-0.005616021931959314,0.10041354756514509,0.0056477397623304615,-0.002785183350633047,False,136.57002285512328,False,True,0.4809585095058129,0.9573065045317104,-0.007965737297389253,False,0.015966168878500733
AMZN,43,0.7647859775988919,Amazon,Consumer Discretionary,SP500,259.0899963378906,-0.0031933558285788255,0.043749751429201345,0.0265055570649102,0.056044673535671885,0.1088808179155234,0.7803921568627451,0.7411764705882353,0.696078431372549,0.19518821227120986,-0.08777548637459176,0.30333520342225495,False,0.02818182311417705,True,0.001671694725989381,0.0705901793524466,-0.0016689048265925432,0.018872736055555395,False,10067.619381450202,True,True,0.49868432986845196,0.7467814251306089,-0.0007695144532872122,False,0.04695288494538893
ASML,44,0.7613114099053493,ASML Holding,Information Technology,NDX,1806.6300048828125,0.0009252526269032391,-0.0010284742307705708,0.04458461566259375,0.00648000115881886,0.25146185132884047,0.8313725490196079,0.6509803921568628,0.8549019607843137,0.2889451671079391,-0.09071571047284166,0.9424791784367268,False,0.0369275180601607,True,0.04022421540630838,0.16150217326554905,-0.03866879352601593,-0.0005039889576414769,True,2203.6392802872947,True,True,0.7580030246315045,0.89868658634728,-0.006637255522569885,False,0.08648876157831467
ANET,45,0.7591439088848785,Arista Networks,Information Technology,SP500,215.02999877929688,-0.0037066350598654596,0.05154282851483982,0.11454935439019409,0.15013901934861074,0.47230396635523264,0.9372549019607843,0.8980392156862745,0.9313725490196079,-0.053037105253060046,-0.0037066350598654596,0.8516318252385737,False,0.054233995290638326,True,0.09135331672309399,0.33839653154689375,-0.08370645447561575,0.024539645714032332,False,1156.2878854802552,True,True,0.6560545785890872,0.6725825430180641,-0.02098873530494072,False,0.02460130850222543
MPC,46,0.758892785460641,Marathon Petroleum,Energy,SP500,454.6099853515625,0.027924694327398747,0.08201830764174267,0.1381183220833,0.6065933845494971,1.0472196063166077,0.9490196078431372,0.9980392156862745,0.9784313725490196,0.0019531100111277455,0.0,1.8278164627967644,True,0.10732345943043708,True,0.20995046269985695,0.7091697297452482,-0.17351988298048016,0.06438969017609564,False,984.3379429507324,True,True,1.1390657905299113,0.6076586739148299,-0.015104289435753926,False,0.05763384470705108
IEX,47,0.7584490657443,IDEX Corporation,Industrials,SP500,230.86000061035156,-0.00880169601788261,0.007594230776787114,0.028856190780712998,0.042471848285809743,0.16748245763898106,0.788235294117647,0.7196078431372549,0.7803921568627451,0.22645715820574808,-0.037104863932306276,0.4550613871593796,False,0.014827998352210159,True,0.004423246360772293,0.09662116308931123,-0.004403767412590964,-0.0026150621891787296,True,137.55526126153197,True,True,0.8069557972813304,0.8842259693342499,0.004722814938951103,False,0.011694606957719742
MO,48,0.7580937274057503,Altria,Consumer Staples,SP500,70.73999786376953,0.01960220040632188,0.05660942626266774,0.05862128768855901,0.001111562430291091,0.08130152694812587,0.8686274509803922,0.6333333333333333,0.6529411764705882,0.3045662100456621,-0.04071276277879443,0.35538887586665746,False,0.027909591704333492,True,0.05003476795208295,0.0767069129867044,-0.047650582132311214,0.027388429639215506,False,584.6869209291464,True,True,0.5232599621353544,0.6946682079508318,-0.004323946875747442,False,0.06484517960968135
IQV,49,0.7546147666271773,IQVIA,Health Care,SP500,254.6199951171875,-0.01352132979133458,-0.02339677076923563,-0.009183655413829817,0.22501798239245185,0.5068055483190634,0.6254901960784314,0.9352941176470588,0.9352941176470588,-0.047093357891101584,-0.07417640430299866,0.6253031352301139,False,-0.04306077852784673,False,-0.00669435678291852,0.23245872710397864,0.006739473221190062,-0.02660912016111605,False,361.9331143873572,False,True,0.5683686266419526,0.7944111692323043,0.012785318266753665,False,0.009171918968041811
EXPD,50,0.7492846870168626,Expeditors International,Industrials,SP500,191.58999633789062,0.00387733932779466,0.020507034899744703,0.017418080940053482,0.11376579222979766,0.32967831868055186,0.7529411764705882,0.8470588235294118,0.9,0.04275353977207319,-0.013033169394886635,0.7112354373922092,False,0.00891799447395858,True,0.027393565835614364,0.1745267131889161,-0.0266631666252789,0.005625877156048897,True,187.22560603298095,True,True,0.9703049892804229,0.9552153214242746,0.0029342286648395,False,0.014058465115190476
VLO,51,0.747520812013728,Valero Energy,Energy,SP500,431.5,0.017448700282919116,0.05640701421660732,0.10939705992429727,0.5432241959145148,0.8512361722488289,0.9333333333333333,0.9882352941176471,0.9686274509803922,-0.005893864395073001,0.0,1.8176267468442817,True,0.08015420376125859,True,0.18286974287139213,0.6335571452246196,-0.15459837735597126,0.046211974506488396,False,1111.7757034456079,True,True,1.1167611232587473,0.5953832477344891,-0.0020278610157121735,False,0.041999503635123614
JCI,52,0.7469762341351167,Johnson Controls,Industrials,SP500,155.0,-0.0059641680206766745,0.021282174583987734,0.07254996905277422,0.08839677246504274,0.0987945697606285,0.8980392156862745,0.803921568627451,0.6843137254901961,0.4047043474924217,-0.02368351371210231,0.4812362903241094,False,0.04761735577242998,True,0.055165769734697445,0.12548903535816325,-0.05228161424206157,0.008974408050684834,True,458.4261022777588,True,True,1.053264967288368,0.7573146157383278,0.005451203382552672,False,0.010832716934241994
BDX,53,0.7458746257644466,Becton Dickinson,Health Care,SP500,180.72999572753906,0.0031638102455786576,0.014937880012983795,0.005172372969946659,0.19649733987584006,0.1776496622999162,0.7019607843137254,0.9274509803921569,0.788235294117647,0.02138444418863439,-0.053146886241527524,0.33588815206244993,False,-0.0019466610646640126,False,-0.0011196079742585852,0.12048867368132377,0.0011208629013008675,0.002328939034580424,False,322.65632689112334,False,True,0.7506034463858351,0.8429847036454478,0.0009990712262575308,False,0.0256313370203933
WST,54,0.7454992647474263,West Pharmaceutical Services,Health Care,SP500,363.05499267578125,-0.009345716568084916,-0.005356064320260923,0.07750635141316109,0.027090420168589535,0.40622697602924274,0.9058823529411765,0.6901960784313725,0.9215686274509803,0.21857181228655848,-0.03637598666156039,0.5742193782867537,False,-0.011031624929174866,False,0.023465352564261188,0.19395377917276635,-0.02292735411655078,-0.014385635980985634,True,192.62289018109985,True,True,1.0352042566759334,0.7416370998460584,0.014134448047630421,False,0.022957925656987257
MTD,55,0.7452222677443321,Mettler Toledo,Health Care,SP500,1506.35498046875,-0.01768852567068302,0.017003406615187622,0.16739126876934196,0.16215845868777512,0.12835579061329594,0.9607843137254902,0.9058823529411765,0.7352941176470589,0.15050074824450332,-0.02517701166859021,0.468855067561053,False,0.03136553298540634,True,0.05934975210100135,0.14000228272799364,-0.05602470004197713,-0.0023154258173707642,True,267.0412277078125,True,True,1.246012870937692,0.7688320270383188,-0.00043041590897441306,False,0.015162439783901272
DELL,56,0.7440268123213042,Dell Technologies,Information Technology,SP500,574.7307739257812,-0.007304905151248486,0.06089781866967825,0.0737613711831504,0.32349472222762965,2.18230856877901,0.9,0.9509803921568627,0.9980392156862745,-0.03532097770615095,-0.023231220124256935,4.199079211319677,False,0.03155382495278869,True,0.1448071799806958,0.9062334118957798,-0.1264904540371049,0.02211219356994709,False,3874.5370252651173,True,True,0.8247570881725256,0.5123838416435853,-0.027100320999620342,False,0.06086088693299843
TMO,57,0.7439811970522219,Thermo Fisher Scientific,Health Care,SP500,645.2000122070312,-0.025465947820039303,-0.011202889533019511,0.0660479442163513,0.22511068747984164,0.29149547806754783,0.8784313725490196,0.9372549019607843,0.8823529411764706,0.0037911054832892033,-0.05063194168156748,0.4745216450851997,False,-0.01790307908890454,False,0.03339190932588543,0.18676254258365033,-0.0323129192560333,-0.02195772724961842,True,1221.7084837220643,True,True,1.0177558018737203,0.8676641392831348,0.0005135891863616848,False,0.034157247235367234
PANW,58,0.7437649040848135,Palo Alto Networks,Information Technology,SP500,408.0199890136719,0.006040835478977158,0.029703442305796468,0.21760662960904442,0.2519406720534141,1.4433796969386572,0.9803921568627451,0.9450980392156862,0.984313725490196,-0.011849123210928236,-0.02831562607402205,1.8800733697130214,False,0.057619255607723074,True,0.10520370912939447,0.6011775503694381,-0.09518942821162524,0.016243050346058885,False,2205.994137363429,True,True,1.0259287226800997,0.6280485135466501,-0.004635463295759923,False,0.030454496978488874
HAS,59,0.7436773218617616,Hasbro,Consumer Discretionary,SP500,91.13990020751953,0.004296421019498897,0.012890606882785427,0.024389108205513654,0.16291504800354661,-0.005203037981261205,0.7745098039215687,0.907843137254902,0.44509803921568625,0.26400752081654577,-0.12012393802185584,0.3260063383825125,False,0.021518776007668494,True,-0.005961356560915454,0.01841889623828208,0.005997107456799489,0.010209724860382519,False,146.99611312324964,False,True,0.6628265813520762,0.8743952958063158,-0.0007713464994404395,False,0.011386561660164453
PSX,60,0.7406459798890973,Phillips 66,Energy,SP500,274.7300109863281,0.011449878230793908,0.03973810530001942,0.05349341311577116,0.4662782262149583,0.7271577617703575,0.8627450980392157,0.9784313725490196,0.9568627450980393,-0.00982694447642074,0.0,1.2315035944464459,True,0.04542760198238027,True,0.1189757347992384,0.48265449906651403,-0.10632557176995838,0.02967154953682294,False,712.5813614426246,True,True,0.9545326899932258,0.5273417423227388,0.0008099595930270986,False,0.040818799274102535
ACN,61,0.7380285728788334,Accenture,Information Technology,SP500,201.02999877929688,0.022325057990615127,-0.05308527607375191,0.14351533156749152,0.4865784598879337,0.09362587221230112,0.9549019607843138,0.984313725490196,0.6745098039215687,0.46767967460956983,-0.28892870138658533,0.6349021468767264,False,0.06571738584621456,True,0.09830013006768645,0.046714016910145206,-0.08950206539775996,0.036386554343284194,False,1098.0982962738487,True,True,1.212280182107125,0.9640053532922519,-0.008340110835734493,False,0.04162928661159258
LLY,62,0.7339569791890438,Lilly (Eli),Health Care,SP500,1170.18994140625,-0.015588220736221459,0.017689234467259674,0.040899815929763106,-0.014061422326681061,0.22895348020304884,0.8137254901960784,0.5941176470588235,0.8313725490196079,0.1968573730862208,-0.0860318566588597,0.47275429534311275,False,0.010380147336152001,True,-0.0025010344391785955,0.08995151697508241,0.0025073052960735698,0.004731671784472313,False,2940.13232173707,False,True,0.634291128502295,0.6893555917573919,-0.012702718855649331,False,0.06593430349377247
TER,63,0.7335886232391782,Teradyne,Information Technology,SP500,404.2300109863281,-0.01833500367999985,-0.027802490009436576,0.05353282184635133,0.12454188011069678,0.11072743717456923,0.8647058823529412,0.8607843137254902,0.7019607843137254,0.2932696366217721,-0.16421690013636092,2.066422124117112,False,0.03332231684251896,True,0.05770283693134992,0.1906245814262455,-0.05455486637320528,-0.02310071001666647,True,980.7770297977319,True,True,0.799101197547284,0.7423526825518412,-0.017849351899811516,False,0.030954400794579357
CRL,64,0.7333570164124328,Charles River Laboratories,Health Care,SP500,292.0,-0.02763898811308274,0.018024661540859466,0.04903895669902769,0.25101750318596916,0.6633437477862587,0.8509803921568627,0.9431372549019608,0.9529411764705882,-0.04707800928590611,-0.06039833213382173,0.9475756303906486,False,0.014464817834564991,True,0.036544588976471726,0.3767103959488918,-0.03525616685005073,-0.012935538566433924,True,269.6985601738623,True,True,0.9755521427384793,1.0374686412559682,0.010256467582566708,False,0.04546069211383613
XOM,65,0.7316088767510024,ExxonMobil,Energy,SP500,168.10989379882812,0.02474788583691412,0.026186584561183723,0.02362478336616336,0.21830658453392848,0.09872854750524374,0.7725490196078432,0.9333333333333333,0.6823529411764706,0.17599478147423353,-0.007146902155948154,0.5634686532499777,False,0.02927157841507011,True,0.04364075823159852,0.13075290206312107,-0.041815881458621695,0.022926523609501315,False,2183.7813451294555,True,True,0.9750262629271185,0.6368862154481268,0.00944835734790428,False,0.047644686396396824
NOW,66,0.7298669142988876,ServiceNow,Information Technology,SP500,141.4600067138672,0.026039107302703757,0.026858393979158013,0.0789413931457068,0.3133414531266103,0.5751031127862574,0.907843137254902,0.9470588235294117,0.9431372549019608,0.017508921376769848,-0.2525546608410789,0.7043374302875565,False,0.032434220262329116,True,0.07457621573003537,0.22557529851268132,-0.06940058288873474,0.03004779476356334,False,1968.5169295341902,True,True,0.6489757997448149,0.4724496706312658,0.01182276739349275,False,0.08980275152320245
GOOGL,67,0.7266616889448045,Alphabet Inc. (Class A),Communication Services,SP500,354.0799865722656,0.010213941718304254,0.046830643316051024,0.07086040558983475,-0.00804193986674373,0.11312514690574527,0.8901960784313725,0.6078431372549019,0.707843137254902,0.42976094547408,-0.11946945469759629,0.5006163168470652,False,0.024674870202582966,True,0.023676997550281298,0.04299173629125752,-0.023129363663481617,0.019626011915444552,False,8881.12696635151,True,True,0.6700711201011528,0.7215260935174443,0.00898714378454879,False,0.1320386473903808
WSM,68,0.7249492514080382,"Williams-Sonoma, Inc.",Consumer Discretionary,SP500,236.74000549316406,-0.015470353143297144,0.014353683158131902,0.040523914590217425,0.07116324376407013,0.2465469268687588,0.8117647058823529,0.7725490196078432,0.8470588235294118,0.11501477303250074,-0.05973466263822025,0.4085060732376282,False,0.02942521577573376,True,0.010862718077913724,0.1324235947288348,-0.010745987445821004,0.005132143376694875,True,254.06846077040984,True,True,0.9273247784386318,0.7908763870013212,-0.0052815613282926055,False,0.021249684473556615
NUE,69,0.7237623540409586,Nucor,Materials,SP500,248.16839599609375,0.007013445615828617,0.05165014191553485,-0.035485025670245696,0.09406725514843073,0.35526640993433145,0.46078431372549017,0.8098039215686275,0.9098039215686274,0.31861018379954725,-0.09456908374129958,0.9052409940731692,False,0.0011745020517797133,True,-0.026336509864818836,0.15198411847266624,0.027048883039829663,0.009209733896218264,False,337.86824056552246,False,True,1.0115846342412202,0.72511667595101,0.005762044127892496,False,0.020285364692689795
FAST,70,0.721829126214179,Fastenal,Industrials,SP500,49.64500045776367,-0.0037126503410184197,-0.01164640831781727,0.017524073092694437,0.0737239681028019,0.022065590244820354,0.7568627450980392,0.7784313725490196,0.5254901960784314,0.1756916465216224,-0.052214596307376016,0.2889159267165926,False,-0.006310009121478943,False,-0.008945335658047227,0.07740078796256689,0.009026076946004657,-0.0100675456700553,False,337.8937173863598,False,True,0.6133576056154566,0.7161027931684033,-0.0018061438747891678,False,0.020046509686879866
AMGN,71,0.7208821051881005,Amgen,Health Care,SP500,407.3800048828125,-0.013798736019025148,0.00027013006631571024,0.041173655842482004,0.12760597311456467,0.16100957263387294,0.8156862745098039,0.8705882352941177,0.7705882352941177,0.0388856912628065,-0.0827253684551641,0.44308012693975973,False,0.017680389083501336,True,-0.007791727064898835,0.12312357550032993,0.00785291483394901,-0.0011816809673226292,False,1134.9930223861647,False,True,0.8356216320712818,0.7886570927758111,-0.007431918530150239,False,0.03548475096798326
GOOG,72,0.7195048080714327,Alphabet Inc. (Class C),Communication Services,SP500,350.75,0.009730272995145173,0.04723377323670386,0.06812228145611532,-0.011413912261876824,0.11005765485415808,0.8803921568627451,0.6019607843137255,0.6980392156862745,0.4297494340201834,-0.11991546319126456,0.4807597712389249,False,0.025220577893553697,True,0.022271817796488236,0.03813174316395784,-0.02178659081544021,0.019458218468509036,False,5804.121199256939,True,True,0.6586788816106601,0.686231166508677,0.00798858259346269,False,0.11228838623087989
CHD,73,0.7182124660887979,Church & Dwight,Consumer Staples,SP500,96.55000305175781,-0.0020671519198158794,0.025927132351307947,0.014287221089091862,0.005026960608349729,0.010405215941644785,0.7392156862745098,0.6450980392156863,0.4843137254901961,0.24196692375580375,-0.07694687773592579,0.19560399485668345,False,0.012797674985050245,True,-0.01642787015846381,0.007995405147461998,0.01670225259545588,0.007585775226327307,False,179.52184173818696,False,True,0.459339298832802,0.812204342089282,-0.00020668364926512695,False,0.006218167196415578
ADI,74,0.7179997791371968,Analog Devices,Information Technology,SP500,404.5,-0.01360706875482276,-0.0002471727681834235,0.10800666142032167,0.025483163651631724,0.15791151893717115,0.9313725490196079,0.6843137254901961,0.7666666666666667,0.521887111008787,-0.0892241947086504,0.8186460305699623,False,0.03681926414037595,True,0.06790650744183946,0.12165750209918302,-0.06358843865883812,-0.0031825892792928245,True,1263.4373685232154,True,True,0.9019803351886083,0.5675102990890374,-0.014058194302645988,False,0.032838707889879026
MET,75,0.717996861995796,MetLife,Financials,SP500,96.30000305175781,0.005429153049575364,0.0206677754019422,0.00637475801847831,0.05724619860783142,0.3079586596563373,0.711764705882353,0.7490196078431373,0.8941176470588236,-0.03963009861478839,-0.03651819917888022,0.44223230844414685,False,-0.001824254536897274,False,-0.0013454907120135084,0.15598403618755308,0.0013473034963542574,0.0027140059505577074,False,312.11343340458865,False,True,0.6700397952440049,0.9217751029622889,0.005846706679169422,False,0.013601460810937353
KO,76,0.7169528471511568,Coca-Cola Company (The),Consumer Staples,SP500,86.23500061035156,0.004835713318609658,0.0015679690896979182,-0.009142490960820204,0.039041525739939464,0.11677745853209331,0.6274509803921569,0.711764705882353,0.7235294117647059,0.017048463220904808,-0.05696728259592687,0.3388906663646867,False,-0.012081209624736022,False,-0.015850794061856965,0.08514112824211573,0.01610608835145788,-0.0021438372346184176,False,1317.083179299226,False,True,0.5446579763517911,0.945107481160184,0.010603631616701747,False,0.028741313043074316
WDAY,77,0.7137574473215024,"Workday, Inc.",Information Technology,SP500,186.5399932861328,0.012373813346728824,-0.0011245339430638879,0.002633648085663687,0.34249728235415167,0.6499203724947702,0.6862745098039216,0.9549019607843138,0.9509803921568627,-0.015743831779286954,-0.2406887504519346,0.6581332736545138,False,-0.01611073466709889,False,-0.010931010905571137,0.19093559599391874,0.011051818453613915,-0.00468275032631793,False,683.1098707261582,False,True,0.5072821712038158,0.40080083116094756,-0.0009768407747052787,False,0.027437611348505753
ADSK,78,0.7116500294433381,Autodesk,Information Technology,SP500,233.74000549316406,-0.005573271821252779,0.10614740520429344,0.13125549809734083,0.12132410129610771,0.03824457168573936,0.9470588235294117,0.8568627450980392,0.5705882352941176,0.6435555043935381,-0.2544891831620214,0.24515237573621707,False,0.07111846472459504,True,0.0011230451735531055,-0.016423978566828534,-0.001121785357921179,0.04642024215699103,False,483.0582863261917,True,False,0.9123888110419139,0.9050395388938366,-0.010593513979303193,False,0.02326500130900653
CSCO,79,0.7104084828840392,Cisco,Information Technology,SP500,116.7249984741211,-0.00566488558637801,0.07739518367903986,0.0707987692173313,-0.03406553506323429,0.41416214239656424,0.888235294117647,0.5294117647058824,0.9235294117647059,0.33763094278807415,-0.09526260270516818,0.7623178345971087,False,0.06180779337064557,True,0.04340826445869306,0.19414861644827175,-0.04160237745597384,0.03142079597758585,False,2109.778771040589,True,True,1.009021568699325,0.7964613815015362,-0.006261185911688227,False,0.030729423978044238
FOXA,80,0.7097974633710674,Fox Corporation (Class A),Communication Services,SP500,62.4900016784668,-0.003349267654184529,0.01974547851294539,-0.021453161897757478,0.15975768627004272,9.694873396126624e-05,0.5647058823529412,0.903921568627451,0.4647058823529412,0.6397337016998581,-0.17127868421870052,0.2864538390425191,False,-0.023509814913551197,False,-0.032993112593320384,-0.0027294625361210523,0.034118797935143386,-0.004245192850633517,False,322.40026795999427,False,False,0.6569758415517024,0.7409827514714524,0.0020733822413614433,False,0.006249513039083038
ADP,81,0.7097034456107976,Automatic Data Processing,Industrials,SP500,266.19000244140625,0.00829546379320556,0.00844829162948213,0.010080640725343759,0.10736433872332296,0.3770332224025461,0.7274509803921568,0.8352941176470589,0.9137254901960784,-0.02771958098307814,-0.068131472255896,0.42976891299708253,False,-7.887012131557736e-05,False,-0.015940392995218988,0.13201544890313177,0.01619860512691651,0.010811549226676487,False,576.9132760906556,False,True,0.6920201779457916,0.6511566386887323,0.0034090677897136157,False,0.04565204679677766
WAB,82,0.7042153977328177,Wabtec,Industrials,SP500,278.79998779296875,-0.01288774471382692,-0.0314063669397423,-0.005954338861432262,0.06844217234939287,0.031325096099865446,0.6431372549019608,0.7647058823529411,0.5509803921568628,0.1502244733509842,-0.08732216793650616,0.46627593657936117,False,-0.02332054537941841,False,-0.03653651317989659,0.06205479903657962,0.03792205276038518,-0.025231548194635356,False,238.95791231519655,False,True,0.6423870592775937,0.8501080907017451,0.019154523492938003,False,0.049938038020723496
MSTR,83,0.7017860519248149,Strategy (MicroStrategy),Information Technology,NDX,148.6699981689453,-0.030644826875367626,-0.07370717651747472,0.12034665853784454,0.570900244376022,0.15373271352446638,0.9392156862745098,0.9941176470588236,0.7607843137254902,0.1780706803269253,-0.5505743541260635,0.8062204176729817,False,-0.023366427313480154,False,0.15578669567304781,0.0940325535638491,-0.13478844864391581,-0.04830798914592216,False,3025.5371277742543,True,True,0.9373537267932234,0.75059562055233,-0.020825457037409012,False,0.09877375561478113
TRGP,84,0.7015586523682927,Targa Resources,Energy,SP500,288.9200134277344,0.017467326813330075,0.03440627243256711,-0.00844255410067507,0.0619066452146666,0.1919510424517148,0.6333333333333333,0.7588235294117647,0.8058823529411765,0.009312766202371314,-0.044102519676643914,1.0173115804274988,False,0.019297994490686143,True,0.02216777108714907,0.16072796782762389,-0.02168701823143182,0.018325979519513202,False,337.2075969557757,True,True,0.7253190985694283,0.8452698359399625,0.003803412883306212,False,0.011508881791667216
CNC,85,0.699248948635651,Centene Corporation,Health Care,SP500,64.91999816894531,-0.0010770841225591354,0.06443673360097724,0.013424924182442233,-0.036080183522342546,0.7288947932886114,0.7352941176470589,0.5235294117647059,0.9588235294117647,0.17714976401519517,-0.06468816101813779,1.0415094253614274,False,0.01005068922755159,True,0.0015241675666033405,0.2179403874891197,-0.0015218480152173752,0.015701826606521863,False,283.5238893723956,True,True,0.8593497497446401,0.7777470384759491,-0.007231900848624906,False,0.010415164486526983
COHR,86,0.6959676600658601,Coherent Corp.,Information Technology,SP500,326.55999755859375,-0.023912004000415266,0.023089680318356454,0.0760510931090792,0.006348220519549308,0.14917120782569593,0.903921568627451,0.6490196078431373,0.7529411764705882,0.5629139326963662,-0.23502544835224104,1.9858278262574078,False,0.06769896184268531,True,0.07665778457433947,0.11777123782488119,-0.07119976809032824,0.015051336808828975,True,2089.6321190342983,True,True,0.8056174859769945,0.781814565883199,-0.01631991718950765,False,0.07156285576676791
AES,87,0.695644300002387,AES Corporation,Utilities,SP500,14.920100212097168,-0.0006631006615037682,6.711514926927009e-06,0.006754421007708178,0.02158672360178482,0.06073730076841599,0.7156862745098039,0.6764705882352942,0.6039215686274509,0.16962127316680098,-0.1154384937271613,0.15075987613901987,False,0.0040440879379450845,True,0.008886405718377066,0.03033456674580859,-0.008808133074257762,0.0011515569052680252,False,113.52705940876457,True,True,0.6432233418891171,0.8504128680178796,-0.0020094230430194315,False,0.020598807822304707
EOG,88,0.6951928455558688,EOG Resources,Energy,SP500,147.54989624023438,0.023159901330522814,0.04415751744000462,0.0036725512112942837,0.10846326004432094,0.09678609935854476,0.692156862745098,0.8372549019607843,0.6803921568627451,0.14840950078661608,-0.04026349051486744,0.4858228191978444,False,0.02783552427094227,True,0.021109384205622694,0.11994445932167475,-0.02067299011461432,0.027208564770469623,False,433.27395709879147,True,True,0.9920878113211237,0.7445423061274258,0.008251765669620159,False,0.032219774320161584
APA,89,0.6946433428295274,APA Corporation,Energy,SP500,45.33000183105469,0.034695284412621596,0.045916051487322695,0.01092778048169829,0.36510313586896825,0.1792300492294061,0.7294117647058823,0.9627450980392157,0.7901960784313725,0.02341046007444081,-0.04387255901817855,1.1418096426231186,False,0.03176323174514395,True,0.07237658740164354,0.2781895638904932,-0.06749176385602684,0.03322807557291063,False,235.98185351891328,True,True,1.012568410495152,0.538487273220004,0.03127137386304657,True,0.04341847386061287
HST,90,0.6944694156381136,Host Hotels & Resorts,Real Estate,SP500,22.139999389648438,-0.0044964200763882856,-0.01643717616487017,0.0135707885887566,-0.03627692890139045,0.1650142518768316,0.7372549019607844,0.5215686274509804,0.7745098039215687,0.26520854917309394,-0.12532887568446383,0.5107506120644405,False,-0.00021863393685173094,False,-0.017430685124767198,0.06932313061266093,0.017739903802085122,-0.007090235125714828,False,198.67706362219025,False,True,0.5932466406914967,0.674439305092728,-0.0017985165733075403,False,0.025371682927041037
DHR,91,0.6939681084385001,Danaher Corporation,Health Care,SP500,213.8699951171875,-0.021145179458202268,0.00996411345431647,0.04588241439263352,0.07635773188846073,0.11245921294385175,0.8372549019607843,0.7803921568627451,0.703921568627451,0.0661064425770308,-0.11112937533623135,0.32600508181748866,False,-0.009218196720134686,False,0.017522184400261542,0.06557606955326323,-0.01722044459462002,-0.015612689160711013,False,789.0822640105115,True,True,0.7994398902646668,0.7862131716967988,-0.003295350828876442,False,0.024381417442134252
CVX,92,0.6905228768241198,Chevron Corporation,Energy,SP500,210.5399932861328,0.026273456251566518,0.016610270793028237,-0.015293972731863503,0.2039536210011892,0.1258804796506836,0.5901960784313726,0.9294117647058824,0.7333333333333333,0.07031196040059862,-0.03320021510989346,0.4747477111826648,False,0.012990732796445803,True,0.03517470632619735,0.13559121527338514,-0.033979487820979815,0.016560192494768478,False,1724.0872787237993,True,True,0.9580719987440297,0.584682786549193,0.016037088193051385,False,0.04888849632052274
CTAS,93,0.6899030243097131,Cintas,Industrials,SP500,197.3699951171875,0.0009127880397219457,0.009049023304913195,-0.013347321828421577,0.10155143963951452,0.13936695865416504,0.6019607843137255,0.8294117647058824,0.7470588235294118,0.06815931852192936,-0.0861187743765024,0.21321149731659816,False,-0.0005292160881366081,False,-0.014725650029558168,0.052429217470606915,0.0149457357029541,0.0040620277349607825,False,380.14173754866334,False,True,0.7464627682195858,0.6313573821964077,0.005527645034714812,False,0.010491318765271785
CRM,94,0.6897432114901834,Salesforce,Information Technology,SP500,226.71499633789062,0.009596539021757833,-0.04214375766033884,-0.06981551375309436,0.3906064115236374,0.33274807687460495,0.25882352941176473,0.9705882352941176,0.9019607843137255,-0.013756187406469444,-0.14258537447878772,0.5128821077639252,False,-0.0416650416793799,False,0.013128678766464619,0.13886111993991368,-0.012958550124599677,-0.012452321482786965,False,2996.647257248538,True,True,0.5348112281869458,0.41291771104305686,0.0030281792926760698,False,0.029424601370386026
PYPL,95,0.6892041476282025,PayPal,Financials,SP500,54.505001068115234,-0.008098265489458245,0.027233314312569812,0.04475758062341373,0.1796120103773,0.19225200028337364,0.8333333333333334,0.9196078431372549,0.807843137254902,-0.027554583477226502,-0.2760693944211553,0.40700410033537104,False,0.01848523719297046,True,-0.030566415081865195,0.09206523804982125,0.0315301796403582,0.00824023466793844,False,639.3759629338014,False,True,0.4775751511296276,0.6190802299300525,-0.01028211890012043,False,0.032119483822623224
PKG,96,0.6891919744923101,Packaging Corporation of America,Materials,SP500,226.75999450683594,-0.0021562397939012268,-0.012842332161462466,0.004169403575413622,-0.0023708635590410365,0.10387052167868593,0.696078431372549,0.6235294117647059,0.6941176470588235,0.15581903994474505,-0.11343806588562688,0.21298165518393097,False,-0.02611920498033049,False,-0.055243059906254555,0.010317326895522116,0.058473304150348904,-0.013262284556359138,False,129.08874521726653,False,True,0.572764039670991,0.7102449409863165,0.0029922670001374385,False,0.011605183517161256
MDLZ,97,0.6888463906757829,Mondelez International,Consumer Staples,SP500,59.689998626708984,0.00522057179214519,0.03341413367832913,-0.03527925181832592,0.023591160000531186,0.027629481692320157,0.4647058823529412,0.6803921568627451,0.5411764705882353,0.22442346801734397,-0.07342867703566336,0.18905778452846977,False,-0.004716175527412103,False,-0.025068958066775338,0.01677709977627262,0.025713570487062576,0.007523630256901059,False,463.82421349716566,False,True,0.601306103327767,0.7807322988619076,0.007578321907122376,False,0.022093884548178545
ZS,98,0.6874372013933391,Zscaler,Information Technology,NDX,213.8031005859375,0.0011851909649391867,0.07557652630494571,0.28719501944324244,0.5351697711422749,0.7491867357770907,0.9921568627450981,0.9862745098039216,0.9607843137254902,0.017585664402747447,-0.3641921444936176,0.8111232110023556,False,0.06637141080455145,True,0.16187132067240806,0.28785942376241214,-0.13931949071496885,0.03682652216447413,False,540.1824642843018,True,True,1.3860721758092374,0.7652274307217038,0.0038866861118869167,False,0.0412797297988018
AME,99,0.6864736685311597,Ametek,Industrials,SP500,246.97999572753906,-0.0065964098699118345,-0.00847083641002322,0.046852798913751714,0.0570985812966851,0.06090512726734065,0.8392156862745098,0.7470588235294118,0.6078431372549019,0.20889835386209277,-0.0432464508203001,0.38604796339056846,False,0.00860897289159479,True,0.010563318177352787,0.0708687667886152,-0.010452900859695413,-0.008253415878339387,True,334.8735045358734,True,True,1.0096492926031138,0.7189279526890466,0.008647772494163375,False,0.015870683530724218
INTC,100,0.6854365016419685,Intel,Information Technology,SP500,110.01499938964844,-0.027448756024958776,-0.0832083384195964,0.035532771101139726,0.0015932543480743355,0.7824853728736709,0.803921568627451,0.6352941176470588,0.9627450980392157,0.2302060550247496,-0.21941962903409507,2.2723082357183437,False,-0.033979539250219126,False,0.0694784213370967,0.33019811338613314,-0.06496477156615521,-0.041525362229907326,False,10533.619223962998,True,True,0.8896868849003989,0.7277214314555548,-0.024222113036032944,False,0.08673833654408476
GILD,101,0.6852768202524241,Gilead Sciences,Health Care,SP500,146.00250244140625,-0.005771219794924343,-0.01015252582097459,0.008066070942064352,0.13090060909703882,0.040113937915054354,0.7215686274509804,0.8764705882352941,0.5745098039215686,-0.006112582019109025,-0.04602640779703582,0.2815723001806685,False,-0.015225810733051848,False,0.015432642169314503,0.07556174559432871,-0.015198095401330658,-0.005935968302637096,False,842.6261076634765,True,True,0.6393448864695525,0.6849272879426326,-0.0008172309907291675,False,0.02731886008520258
DIS,102,0.6843385566933062,Walt Disney Company (The),Communication Services,SP500,104.70999908447266,-0.00038187031529679505,0.03335633269851668,0.00508733708719844,0.09506375315614135,0.05734373429099593,0.7,0.8156862745098039,0.6,0.19924791834542033,-0.08946896615871192,0.1416613269543492,False,-0.0010065380938877322,False,-0.0014457256465930657,0.014632402283008217,0.0014478187953570476,0.004724238905424061,False,932.6754396629171,False,True,0.8316897786166247,0.6411339653007855,-0.01212407296483442,False,0.019664934638639938
FOX,103,0.682603224657353,Fox Corporation (Class B),Communication Services,SP500,55.869998931884766,-0.0019649984146313804,0.017297902305405177,-0.02154114842566568,0.15170926695194953,0.0031414812440913042,0.5607843137254902,0.9,0.46862745098039216,0.6201565557729942,-0.16694850296294983,0.2648305331750638,False,-0.023925808208802413,False,-0.031401476479770984,-0.006896807670587202,0.03241949653778842,-0.005159654161402627,False,63.24694775717888,False,False,0.7187321579495759,0.6268749460300591,0.006609484367816165,False,0.011723278202032379
STLD,104,0.6815856483894389,Steel Dynamics,Materials,SP500,235.58999633789062,0.0064077919751635015,0.041650078459605,-0.0188456108545757,0.03385889546643228,0.24573490861296476,0.5745098039215686,0.703921568627451,0.8450980392156863,0.5610644257703081,-0.16293106570347915,0.6860320436841392,False,0.008266144355608906,True,-0.023123393880101983,0.08488390282859859,0.02367074176537698,0.008028412254110329,False,253.28618616385435,False,True,0.8494450546855138,0.5872287791993015,-0.0006407531241440223,False,0.007803113482020399
HPQ,105,0.6812569087606999,HP Inc.,Information Technology,SP500,32.21500015258789,-0.0007754815315534902,0.0020217301282758893,-0.005402878677314038,0.34302525620348345,0.7913010960172728,0.6490196078431373,0.9568627450980393,0.9647058823529412,-0.01573999462798814,-0.09202365929463152,0.838368402325735,False,-0.00865484474914413,False,0.04612460589897993,0.3786738455845937,-0.044090929167413195,0.008666664402187996,False,461.25602559924926,True,True,1.0862111553790947,0.5639821877282197,-0.017059587958288658,False,0.012447075234971499
URI,106,0.6785598219440943,United Rentals,Industrials,SP500,1034.14501953125,-0.0031760121656139173,3.3878581759960724e-05,0.005224685690635722,-0.05442063128691277,0.35277993060063806,0.703921568627451,0.46078431372549017,0.907843137254902,0.18485476382333754,-0.11218465752936557,0.46110219641790295,False,0.005523048976275646,True,-0.02507034968339461,0.08815398513654493,0.02571503459275548,-0.010582048266135402,False,470.1232176910791,False,True,0.8019221898274659,0.8580778930116567,0.03195368048884606,True,0.009864427135612313
TGT,107,0.6761545353768733,Target Corporation,Consumer Staples,SP500,151.625,0.004671361248397954,-0.03238670738403682,-0.03742384530579623,0.13059646556622462,0.24350846000058057,0.4470588235294118,0.8745098039215686,0.8431372549019608,-0.07069567553048617,-0.1075107390386002,0.861866148279133,False,-0.028771729132576418,False,-0.030095880530174868,0.18038059507141302,0.031029748122552547,-0.016529641510485527,False,631.6651759095606,False,True,0.670940124800625,0.8799514722607563,0.020540724497262186,False,0.029352388087876703
MPWR,108,0.6761035057966668,Monolithic Power Systems,Information Technology,SP500,1410.18505859375,-0.011076538304421235,0.03616177355125538,0.17322366678528667,0.04400558105016761,0.06012021547017099,0.9647058823529412,0.7235294117647059,0.6019607843137255,0.6843904685161736,-0.16300887814108878,0.6566092187874748,False,0.06862763725798482,True,0.07270492412907137,0.09337486026673525,-0.0677771887624179,0.004396653631057124,True,911.0436771238672,True,True,0.9316533284994956,0.6538869538766301,-0.014018422774633832,False,0.035470729269060156
CTVA,109,0.6734043583995997,Corteva,Materials,SP500,13.900500297546387,-0.03802764837176109,0.10584730588895797,0.09317796659745681,0.08361698636658876,0.11367035727045494,0.9235294117647059,0.7941176470588235,0.711764705882353,-0.012144583860941638,-0.03802764837176109,0.5330710221720913,False,0.12199135834405417,True,0.13377681201207436,0.171846335925522,-0.11799219263857164,0.06473905606662744,False,463.44289779373554,True,True,1.822961417056748,1.856262652841088,-0.018685087034827186,False,0.03429632851874471
FDS,110,0.6727064546021191,FactSet,Financials,SP500,274.625,0.006763696858125945,-0.010752442307802257,-0.016280449937761232,0.11553519746926355,0.297325319795116,0.5823529411764706,0.8490196078431372,0.8901960784313725,0.02318790529910597,-0.12414284582485835,0.4649811702740221,False,0.003351202372748663,True,-0.02728679517270205,0.11128335169855896,0.02805225120547905,0.006143927819063144,False,231.81701298170654,False,True,0.8010913409934726,0.5888183615497752,0.0026394941855163445,False,0.0053931868079983005
ETN,111,0.6726110424754521,Eaton Corporation,Industrials,SP500,427.05999755859375,-0.009899587662812515,-0.02337175550958903,0.028514995190699555,0.05114596293726814,0.0720552747419434,0.7862745098039216,0.7313725490196078,0.6313725490196078,0.17364260772802265,-0.07152794701209908,0.363537481807112,False,-0.0002668664622869077,False,0.003648983139463935,0.09527070264808635,-0.003635716471360073,-0.013526032852536729,True,849.4134063807434,True,True,0.8978668979177419,0.6873370892976961,0.008740453130119619,False,0.022563581982367412
MRK,112,0.6716795664442026,Merck & Co.,Health Care,SP500,141.14999389648438,-0.011485394402688254,-0.018496653273536,-0.03759799163319211,0.1492890809780878,0.1656684257406349,0.44313725490196076,0.8960784313725491,0.7764705882352941,-0.04521315375465251,-0.0924692973764194,0.7613614250216589,False,-0.03051840234265102,False,-0.01006711987564668,0.15393533401927306,0.010169497425302154,-0.01639740705966497,False,1428.9675652293665,False,True,0.5825740531027097,0.6814987554159583,-0.005357514010911668,False,0.03247604186612782
MCK,113,0.6713128435496731,McKesson Corporation,Health Care,SP500,911.75,0.001559855089361628,0.014385519425934579,0.022508083044447513,0.13246195519629578,0.04613792207528444,0.7705882352941177,0.8803921568627451,0.5862745098039216,0.05651740148114037,-0.08231653563758745,0.2600193902186183,False,0.026574976986849963,True,0.03436119352294176,0.07514415841051214,-0.03321972415255692,0.01257778872233839,False,802.7771147279444,True,True,0.837558980154304,0.6494095304938747,0.015247223119352116,False,0.015427462087786736
NDAQ,114,0.6706948340764416,"Nasdaq, Inc.",Financials,SP500,91.4000015258789,-0.005765242875421128,-0.0029453108809799344,-0.026650561147403717,0.04120103338062786,0.09295715719750386,0.5313725490196078,0.7176470588235294,0.6705882352941176,0.026844710486934487,-0.08566668055722826,0.19335059610347494,False,-0.008999235960361118,False,-0.03313511269640035,0.01477843018802516,0.03427067538754858,-0.006647324631589013,False,283.72500877306885,False,True,0.676810723279772,0.9168170504756548,-0.0016316928682796883,False,0.01527191198706919
FIX,115,0.6705382571537946,Comfort Systems USA,Industrials,SP500,1719.385009765625,-0.012619432955157217,0.020230921629425636,0.06454238900141318,-0.02039448916687292,0.09304814278379725,0.8745098039215686,0.5764705882352941,0.6725490196078432,0.4473120755151375,-0.16754558250524465,1.1789076411655883,False,0.034791828785248446,True,0.033079371031161875,0.09426863382026274,-0.032020164141061014,0.003402938991638349,False,590.0289316486915,True,True,0.7862028925956283,0.7632479703042613,0.01645267185135091,False,0.017358813895727812
TT,116,0.6695913781325281,Trane Technologies,Industrials,SP500,465.6600036621094,-0.003445514134046812,0.014642439501797666,0.04838235266836932,-0.026973352950209084,0.01675701176829625,0.8470588235294118,0.5647058823529412,0.5098039215686274,0.27703464947622886,-0.07289378773855426,0.2457787818124222,False,0.04301081825011965,True,0.026059046359463878,0.04036648351895922,-0.025397219050817266,0.007887014959355954,True,505.97276974438046,True,True,0.8463199997780558,1.056597025858238,0.005264669314305692,False,0.01649303171769875
EL,117,0.66832302136689,Estée Lauder Companies (The),Consumer Staples,SP500,93.38500213623047,-0.011275752741372047,0.03542520909565239,-0.05452054965938846,0.1335857936872873,0.2834562230198514,0.3411764705882353,0.884313725490196,0.8725490196078431,0.044783392809178424,-0.21110574661393777,0.3991449095219948,False,-0.016557434519313685,False,-0.011388340155071619,0.0226059984832494,0.01151952846364157,-0.003646608515787353,False,301.3929394140901,False,True,0.6614600540818704,0.6059506128992246,-0.015246107554676036,False,0.036859918012057784
PG,118,0.6680974905332643,Procter & Gamble,Consumer Staples,SP500,147.2899932861328,-0.003585536543259882,0.023202475920103938,0.03259950866784589,0.009177930812408919,0.019411468382583674,0.796078431372549,0.6568627450980392,0.5137254901960784,0.3143969916733817,-0.10581995339012806,0.09075922303043082,False,0.0041655071829043155,True,0.010891970601382361,0.006733612049566018,-0.010774613824366175,0.0029921171238553868,False,1227.4408260987364,True,True,0.8487651617936397,0.8428888522142789,0.005817787234148053,False,0.028459142250188
TXN,119,0.66724895739765,Texas Instruments,Information Technology,SP500,285.6499938964844,-0.011523347509324045,0.015427806958715262,0.09197598492075332,-0.07817198303081019,0.34231736622865805,0.9196078431372549,0.38823529411764707,0.9058823529411765,0.2003683665246921,-0.1359319252924044,0.8943127282529821,False,0.03373149917605378,True,0.05134646489377537,0.14469671181600585,-0.048838766865462735,-0.0017491680239904994,True,1547.3087093204738,True,True,0.6804716427960232,0.5893105915944951,-0.01218084087974003,False,0.023488547438012947
DVN,120,0.6653292018997222,Devon Energy,Energy,SP500,49.0099983215332,0.023600610447155335,0.03922812722872848,0.007092861814731677,0.16806556823800034,0.0375574888571617,0.7196078431372549,0.9137254901960784,0.5627450980392157,0.14073136103756567,-0.04593321780478332,0.583466190858938,False,0.018922286053714377,True,0.04090105252892595,0.10530436680399036,-0.039293891027926686,0.022879453458464427,False,520.7618802488224,True,True,1.0894592127357619,0.5677825531210412,0.010860493863062093,False,0.06234408274206037
FCX,121,0.6616058946499536,Freeport-McMoRan,Materials,SP500,70.69999694824219,-0.01614255012881638,0.02049650972813888,-0.07254369887402634,0.15200909992199185,0.06888877226109069,0.23529411764705882,0.9019607843137255,0.6254901960784314,-0.002148804727370335,-0.11525474023015547,0.8422933702476298,False,-0.00889474821564662,False,-0.00912395218337625,0.10600542602601015,0.009207965217729042,-0.01181813943541965,False,902.6427887502838,False,True,0.5395403546166774,0.7892616616399852,-0.007514624421664062,False,0.04157578982497205
ULTA,122,0.6579193077295638,Ulta Beauty,Consumer Discretionary,SP500,546.4849853515625,0.0018424230380533757,0.01628141483794643,0.0085354152826016,0.16471647726733174,0.025704326074083683,0.7254901960784313,0.9117647058823529,0.5333333333333333,0.09767468631288134,-0.22683995969444948,0.2123904278459512,False,0.0017069588416103176,True,0.014102238165516034,-0.014888015257010445,-0.013906130599836253,0.0020385319452520534,False,308.0876341350342,True,False,0.6218476961211706,0.45151949280073805,-0.0008799231611351654,False,0.011522226935022644
SJM,123,0.6562399588246474,J.M. Smucker Company (The),Consumer Staples,SP500,116.44000244140625,0.004399224832984938,0.004226006951796535,-0.05571320455118045,0.05314728174640271,0.28512838001410423,0.33137254901960783,0.7372549019607844,0.8764705882352941,-0.010298914086182331,-0.1201450380570398,0.32732965904849176,False,-0.029359278981579084,False,-0.04403583318872695,0.08370045889018551,0.04606431361921581,-0.009948849648377167,False,152.84849781925232,False,True,0.5523904608888295,0.6547554670830416,0.014318951335677177,False,0.010676826297180125
TECH,124,0.6558443515471122,Bio-Techne,Health Care,SP500,72.54000091552734,0.00013790343856068255,0.0019336931864344375,0.004013853502108589,0.018517967035368565,0.30924508535462936,0.6941176470588235,0.6705882352941176,0.8960784313725491,-0.30397145159433636,-0.0009640503268945055,0.6802482846883244,True,0.0013804580443468328,True,0.0033271801040080096,0.16591506621431162,-0.0033161466867299705,0.0007148940585737229,False,206.86493445140638,True,True,0.044074528234866815,0.7136756385802078,0.0002758068771213651,False,0.0708680132323342
OXY,125,0.6539628769208039,Occidental Petroleum,Energy,SP500,59.62990188598633,0.024392764539527878,0.03094574219703472,-0.022781031814962605,0.13260584056795133,0.02819433528275339,0.5549019607843138,0.8823529411764706,0.5431372549019607,0.17002417405318293,-0.09148220669629648,0.5535958336542739,False,0.02207512172744308,True,0.01977510073654698,0.1046203060134181,-0.019391629313428194,0.02589770922063117,False,481.0444454332616,True,True,1.1586682933602221,0.7862738205290584,0.008417826596350153,False,0.07898140703207333
ROST,126,0.6538048980783124,Ross Stores,Consumer Discretionary,SP500,224.02999877929688,-0.006650999902979238,-0.04301583537663789,-0.005504529984668105,0.007102382633919158,-3.085309208261666e-05,0.6470588235294118,0.6549019607843137,0.4627450980392157,0.2537277924868578,-0.1205462018689164,0.5293104211532302,False,-0.026984529489893383,False,-0.049971286569945095,0.027643390433482296,0.05259976447398618,-0.01757343699179359,False,537.4262988244813,False,True,0.7137722138276865,0.8371828830730357,-0.0033254999514895633,False,0.01104968110248041
COP,127,0.6537384337836095,ConocoPhillips,Energy,SP500,132.72500610351562,0.022219730799415416,0.04458530342966083,-0.02786927935106842,0.22533250285245954,0.09016933704866914,0.5235294117647059,0.9392156862745098,0.6666666666666666,0.046847780207973644,-0.06015433397363634,0.5982879842020918,False,0.020535708369638472,True,0.03002834789821085,0.1428471021920783,-0.02915293346972836,0.027053245281412064,False,850.1523796939612,True,True,1.1645979016614143,0.6580971824461683,0.011167567692075275,False,0.02408002188795508
V,128,0.652259977877463,Visa Inc.,Financials,SP500,373.6300048828125,0.004111794555765824,0.03829372945830345,0.016984648426948024,0.07265413188982328,0.2167118262889125,0.7490196078431373,0.7764705882352941,0.8254901960784313,-0.03174858984689766,-0.027359841112214456,0.26928854739226393,False,0.01544930743119699,True,0.011976115484786387,0.10850140842200395,-0.011834385517141555,0.013734088931400379,False,2275.084492845261,True,True,0.8287721833277646,0.5409895407470597,-0.006396143089958506,False,0.027126621563315162
META,129,0.6502141613845408,Meta Platforms,Communication Services,SP500,721.8400268554688,0.0007348148489123574,-0.005634105026073977,0.10512585441575095,0.07949621799300477,0.15068549529149777,0.9294117647058824,0.788235294117647,0.7549019607843137,0.01719811212156097,-0.07169587838651936,0.3754074920030912,False,0.00880375153764379,True,0.13529431791473234,0.14779778056822668,-0.11917113983555916,-0.007484846217663765,True,12464.649420361944,True,True,1.1422721386985244,0.5814445258142004,0.004477936642611979,False,0.12257567042158693
LH,130,0.6496068596783985,Labcorp,Health Care,SP500,311.2300109863281,-0.0023719916385533946,0.021766266414844804,-0.030738072032317598,0.12675579390582703,0.14453000849330855,0.5019607843137255,0.8686274509803922,0.7509803921568627,-0.03156824373585043,-0.08087084875371586,0.27464333549994513,False,-0.0051797616350274245,False,-0.02602376008523255,0.10983916158679996,0.026719091307104037,0.0022978558216844025,False,225.65090893420106,False,True,0.8290192032728122,0.7998222295362988,0.00022440402585122143,False,0.005473535245359721
HUM,131,0.64897574648455,Humana,Health Care,SP500,397.6400146484375,0.002849877317045335,0.047303050777270705,-0.005949638594567874,0.013818809369399165,1.019958101334868,0.6450980392156863,0.6666666666666666,0.9764705882352941,-0.0730593607305936,-0.029672946575768244,1.447622921741865,False,0.019444712228516847,True,0.02769593354755817,0.34635632777960335,-0.026949540854903642,0.00936563804883317,False,433.06779781486813,True,True,0.9863495926297493,1.0913103801696984,0.034021815092004415,True,0.025070014983040262
RMD,132,0.6486864811721258,ResMed|,Health Care,SP500,225.72000122070312,-0.0011505200095207613,0.020664740901407797,0.02623325461476922,0.11035345073991598,-0.004119234631704272,0.7764705882352941,0.8411764705882353,0.44901960784313727,0.06622539426729601,-0.1921087549960765,0.23820005812333944,False,0.010961940374914825,True,0.005221350021433313,0.006340304007014463,-0.005194229133038131,0.011377995867481783,False,299.924190372467,True,True,0.519433484934152,0.5964117102903622,-0.016417344566866943,False,0.005871688917921129
VST,133,0.6479697979936232,Vistra Corp.,Utilities,SP500,164.8350067138672,-0.011306348926548915,0.1794991535876007,0.09268665655368102,0.03931103892649124,0.0823971872532634,0.9215686274509803,0.7137254901960784,0.6568627450980392,0.16382333755419975,-0.2136943607499473,0.22734879303126299,False,0.14336288532225727,True,0.14752026500150195,0.06795902705840229,-0.1285556948323774,0.08264056410669784,False,762.8731343763653,True,True,1.1864203015967898,2.052664156813914,-0.07167704451023149,False,0.09466880405223245
CDNS,134,0.646026889668606,Cadence Design Systems,Information Technology,SP500,355.3699951171875,-0.0021060317035924703,0.013229504135704673,0.24866474875594768,-0.07496685661012525,0.2646168562236699,0.984313725490196,0.40980392156862744,0.8588235294117647,0.3941483442692145,-0.14654534783397688,0.3376872326222635,False,0.11950828776668421,True,0.10970380811408376,0.0884104804315804,-0.09885863895567137,0.030445524725013495,False,735.496161081902,True,True,0.9281370282644148,0.6485998814887765,-0.005840690218984146,False,0.010588744581495068
MA,135,0.6459133991208392,Mastercard,Financials,SP500,571.280029296875,0.0021401812853143465,0.03869096235795455,0.006660844575991254,0.08455792210248125,0.13636174074188956,0.7137254901960784,0.7980392156862746,0.7450980392156863,-0.04931890564444952,-0.04764437827593637,0.21352497563998085,False,0.011932691400364792,True,-0.0009152934775646937,0.07542298886847765,0.0009161320072155199,0.011668768677109753,False,1599.2827528080127,False,True,0.7266372921511219,0.6491150809274625,-0.004508310239668356,False,0.02539881426619989
ROK,136,0.6457914728829727,Rockwell Automation,Industrials,SP500,437.2799987792969,-0.010454843134190539,-0.011684966177185285,0.026286172925260587,-0.07094169398153494,0.11415561222962434,0.7784313725490196,0.4235294117647059,0.7137254901960784,0.18673880511108554,-0.11402803023960606,0.3277285734432991,False,0.012590219074640752,True,0.0029542680200838056,0.03403851243310041,-0.002945566028564439,-0.00940289461949595,True,329.3986621212079,True,True,0.6904441536357141,0.7423892513532236,0.01491286813512449,False,0.009698572981859234
BRK-B,137,0.6457482596101757,Berkshire Hathaway,Financials,SP500,506.6200866699219,0.0007310353973766226,0.01222794539444938,-0.00019717901511795421,0.026149147147690233,0.04414689596864818,0.6725490196078432,0.6862745098039216,0.5823529411764706,0.12463067418748319,-0.04306580215371958,0.088569173429353,False,-9.753925458089174e-05,False,-0.00185340181881688,0.027899354135476395,0.0018568432955581304,0.0036974650855055025,False,2172.6546213147394,False,True,0.8129286825554298,0.6844033791061352,-0.00025679976851855635,False,0.031038795581312246
DAL,138,0.6431385722231941,Delta Air Lines,Industrials,SP500,82.1426010131836,-0.00997228149145879,-0.02362292054102777,0.04308064778645826,-0.06004575366877063,0.21721785333572852,0.8274509803921568,0.44509803921568625,0.8274509803921568,0.08893365565404243,-0.12080483313404322,0.48765888924476264,False,-0.0005904507601298681,False,-0.019476760003786953,0.08369891119361195,0.019863639340014227,-0.01133722753305233,False,491.10597659755024,False,True,0.834764888885736,1.0849740339297833,-0.009400973458130402,False,0.07157616817807419
VLTO,139,0.6427580975222577,Veralto,Industrials,SP500,95.68000030517578,-0.0005223341690626659,0.01141651002616162,0.011495638846851897,0.033536917781073816,0.07063255579600725,0.7333333333333333,0.7019607843137254,0.6274509803921569,-0.035808295921108235,-0.08249496142825918,0.1668503336989926,False,0.0014830586495793163,True,-0.008109632172544234,0.03274976173672828,0.008175936006220796,-0.00044569725017240547,False,151.3244095656041,False,True,0.6562337488486426,0.850674977049974,0.0022980631316635858,False,0.04908937483365407
BAX,140,0.6401673133928364,Baxter International,Health Care,SP500,24.0,0.0012515931374597056,0.015228452607710441,-0.015990135277082484,0.06141720221526725,0.38853984794041563,0.5843137254901961,0.7529411764705882,0.9176470588235294,-0.1687809370323472,-0.15311257031896908,0.520363106281954,False,0.01626016736217073,True,-0.05067990037143688,0.1473685905553217,0.05338547070821131,0.004281715380419326,False,171.4726670192157,False,True,0.5396450286043433,0.7778022780728028,0.00959538824253614,False,0.008448320326886702
DGX,141,0.6383488858816097,Quest Diagnostics,Health Care,SP500,227.6199951171875,0.0024662977389895424,-0.011354511490375363,-0.029703212444939342,0.10135980500341035,0.15961467093718307,0.5176470588235295,0.8274509803921568,0.7686274509803922,-0.033605771075553514,-0.07671816234203421,0.3340710803841711,False,-0.0342618082046201,False,-0.038148417688641745,0.1077550693713818,0.039661438822993667,-0.013043541090304478,False,228.7284310521814,False,True,0.9879956477524594,1.001594730364726,0.006385963903078107,False,0.011519422719261912
T,142,0.6334110703929938,AT&T,Communication Services,SP500,24.604999542236328,0.00551696905067578,0.012551453281966163,-0.021669983481526378,0.16445814100750078,-0.06127338456118858,0.5588235294117647,0.9098039215686274,0.3235294117647059,0.1270250565979817,-0.134177898938182,0.2175028278394362,False,-0.021173764783038118,False,-0.01495287417498703,-0.008199676395896693,0.01517985666164301,0.0005595184957358779,False,908.304803660961,False,False,0.6956908870372704,0.714834734354964,0.006538612664561461,False,0.02472049304146941
BLK,143,0.6333709011595147,BlackRock,Financials,SP500,1058.1600341796875,-0.01072330679839295,-0.005825050976364099,-0.012938065854633307,0.02652266090605737,0.06785395029228658,0.6039215686274509,0.6882352941176471,0.6196078431372549,0.04244273051686431,-0.10129504088285024,0.15893790449349376,False,-0.008173337829199268,False,-0.04331838038048286,0.006480560525356616,0.045279829247384384,-0.008397131045717932,False,602.0203125760547,False,True,0.7341755774601681,0.7781320525850014,-0.0024400824019970013,False,0.0231913373741946
EME,144,0.6322537885826319,Emcor,Industrials,SP500,776.375,-0.010558679463830822,0.009550954349390572,0.02927921968473468,-0.006400761251831866,-0.029031957656448726,0.7901960784313725,0.611764705882353,0.4019607843137255,0.4219408311269714,-0.17692605292066343,0.3370932746672044,False,0.01704261631132531,True,-0.0019538659260661673,0.0006648473852879366,0.001957690991788663,-0.0037527421152614426,False,288.871176079043,False,True,0.7271004705448895,0.840974652854689,0.027922966545474326,False,0.013154490224692355
GM,145,0.629325191623408,General Motors,Consumer Discretionary,SP500,80.63999938964844,-0.0043215024491025655,0.016769661732394914,-0.03724931550870236,0.03798025257448834,0.05541409115867868,0.44901960784313727,0.7098039215686275,0.5941176470588235,0.24600744407351988,-0.10513000348138946,0.46947995072836934,False,-0.019687699974581974,False,-0.04924773646683911,0.003297224644975394,0.05179870546279419,-0.001064612718489677,False,528.4731173168899,False,True,1.3123251389176926,0.8679577012895997,0.005741498697991343,False,0.017511875574147084
ECL,146,0.6288981756007332,Ecolab,Materials,SP500,276.6650085449219,-0.005160005491188668,0.019925527481794658,0.01906624027963577,0.011264645377563332,0.020868452659654757,0.7666666666666667,0.6627450980392157,0.5196078431372549,0.12067073404704343,-0.09550344712540337,0.13195802479186325,False,0.004570869098182495,True,-0.006738419237193649,0.014021691403777847,0.006784133573372042,-0.00038735254420496634,False,356.4105934469092,False,True,0.7693592153846036,0.7050623378419977,0.003308101006706865,False,0.011777624041502685
MAR,147,0.6282637222724274,Marriott International,Consumer Discretionary,SP500,355.1499938964844,-0.0037868333899456763,0.0010146434310225327,0.07127776805590447,-0.053809469064207915,0.010325543365919065,0.8921568627450981,0.4627450980392157,0.4823529411764706,0.38446721154215113,-0.11593452590764897,0.3824402702502041,False,0.016947188602597363,True,0.015259125540785012,0.016788964416853958,-0.015029784177174599,-0.0014246965082457264,True,556.4348077843628,True,True,0.6862873734989381,0.6256315920658747,-0.003730677622063472,False,0.006987363697201118
TRV,148,0.6275928628381566,Travelers Companies (The),Financials,SP500,361.510009765625,0.0024958388581088897,-0.0003594869968658321,-0.011187079512062659,0.07029975903266106,0.20127461690862103,0.615686274509804,0.7686274509803922,0.8156862745098039,-0.16287939833467624,-0.08678810899435807,0.4032006254367988,False,-0.013826493124573735,False,-0.018907108620420665,0.13124494535877473,0.019271476520265285,-0.00047120479845841334,False,539.0574866478028,False,True,0.5736545666924798,0.5190487024189903,-0.004908319474144052,False,0.029039065227254007
KMI,149,0.6270884677892298,Kinder Morgan,Energy,SP500,31.974000930786133,0.004839762333088915,0.047297746860918366,0.017956099526071467,0.004759118261889128,-0.01209471396298789,0.7588235294117647,0.6431372549019608,0.43529411764705883,0.1636852001074403,-0.05937449885650914,0.2861316301308727,False,0.026413137284346355,True,0.016737162269266248,0.025397876504894112,-0.016461641110776637,0.016961657109247685,False,354.8510564294006,True,True,0.8534516528033953,0.793816445809199,0.011313658510503366,False,0.01380549241371959
CTSH,150,0.6268335570664465,Cognizant,Information Technology,SP500,57.91999816894531,0.014893963179715586,-0.04862028329891355,-0.004811041070852395,0.36856029761993825,-0.008945571371038574,0.6529411764705882,0.9647058823529412,0.4372549019607843,0.21910901346840106,-0.31985037530705185,0.5042502451788267,False,-0.021191763870379465,False,-0.025330092625551748,-0.03215219793326096,0.025988380716283288,-0.001756385260463289,False,419.4453879519547,False,False,0.8014732360445017,0.5950440122150943,0.0015770133707579959,False,0.00976410295988775
ISRG,151,0.6263560825041915,Intuitive Surgical,Health Care,SP500,412.93499755859375,-0.0038236791881847143,0.029147162817413586,0.1689927782089764,0.015131026101989686,-0.09233086705366722,0.9627450980392157,0.6686274509803921,0.26666666666666666,0.5962204059706073,-0.30347471609411225,0.24370523228223462,False,0.03809437872833055,True,0.07359606115355222,-0.07034326581158168,-0.06855097910332775,0.016720860322736453,False,905.83287334766,True,False,0.5487296807686087,0.6009607349970505,-0.007044251152047432,False,0.025288606704858024
COST,152,0.625889258302825,Costco,Consumer Staples,SP500,943.7150268554688,0.0015548175701445288,0.03145017633645897,0.04555179745361815,0.031613069380124426,-0.0827913187498962,0.8352941176470589,0.696078431372549,0.27647058823529413,0.4495030889067956,-0.13625314914720943,0.11515314775367558,False,0.03316347876450276,True,0.013126449557927078,-0.018034708826073165,-0.01295637831156693,0.016622955344831603,False,1874.7447499810462,True,False,0.8146587942829226,0.7670858414922668,0.01035819555916695,False,0.04841121168257869
ICE,153,0.6257708081614698,Intercontinental Exchange,Financials,SP500,151.82000732421875,-0.005046130363400958,0.0023107288617871813,-0.026678296038735394,0.1261632541677038,-0.05605615197250846,0.5274509803921569,0.8647058823529412,0.3411764705882353,0.11128122481869462,-0.1240178445576714,0.23932013790158702,False,-0.013529809826991812,False,-0.02141720127500646,-0.013384915824717458,0.021885936788293536,-0.005020480916025694,False,500.9797281435522,False,False,0.593796096945993,0.5267244104051296,0.0022281692512642337,False,0.009323520772781363
GDDY,154,0.6255178145036463,GoDaddy,Information Technology,SP500,98.98690032958984,0.018278996624340182,0.02069392558453398,0.057552371188960505,0.11321302707988945,0.22296636204388598,0.8666666666666667,0.8450980392156863,0.8294117647058824,-0.0003031349526111393,-0.26838951886997897,0.32000137550896124,False,0.005684966947525405,True,0.02477342798748894,0.06588086707034768,-0.024174541719080733,0.011865921016877001,False,219.0812791435817,True,True,0.8491703179778581,0.5632510288755233,0.00977270431626276,False,0.018674714900876146
NWSA,155,0.6223051671321101,News Corp (Class A),Communication Services,SP500,28.690000534057617,0.0027962223697790556,0.0017458500514930808,-0.031070586198242656,0.05175503985871277,0.17066025641823868,0.5,0.7352941176470589,0.7843137254901961,0.011223667549211558,-0.07705882515360296,0.29048352006042566,False,-0.0157635546500281,False,-0.022847107770296526,0.08239184912475173,0.023381302917871105,-0.00195210783049371,False,119.91183723810066,False,True,0.9014329188297128,0.7007030739677634,0.003145758499401241,False,0.01353544652415153
CEG,156,0.621963684837542,Constellation Energy,Utilities,SP500,296.3800048828125,-0.010714614954825619,0.14467785228017283,0.008421109248891057,0.18082425394035462,0.06082712091310971,0.7235294117647059,0.9215686274509803,0.6058823529411764,0.03507156287172397,-0.262193848523416,0.2551188251087608,False,0.10589142271018837,True,0.08403868546652005,0.03703896238755644,-0.07752369596510633,0.05917890453917485,False,844.113675316693,True,True,1.6708336727697795,1.8344500298980964,-0.007810662460342899,False,0.046318491673414036
CME,157,0.6208957452034851,CME Group,Financials,SP500,271.7749938964844,0.005568523861287256,0.025179131042201153,-0.010648045797473027,0.13643313156927928,-0.08183669303288488,0.6215686274509804,0.8862745098039215,0.2784313725490196,0.19938605579217983,-0.13916593025613944,0.24920305735889947,False,0.007212888984644339,True,0.0038865136884720375,-0.01045541216370871,-0.003871467178289234,0.011411904091437552,False,490.1214575109345,True,False,0.7647024412997774,0.6470343555857574,0.004551045385456698,False,0.04343874174848912
RCL,158,0.6191918929150778,Royal Caribbean Group,Consumer Discretionary,SP500,279.42999267578125,-0.010236662558309573,0.03496426824272825,0.08211607966120571,-0.014996292935147704,0.02413248860283801,0.9117647058823529,0.5901960784313726,0.5313725490196078,0.38471662637657805,-0.1838255887481488,0.21333039067733717,False,0.08563676379199259,True,0.003188623358180598,-0.016098839806405696,-0.0031784883559650146,0.02577433348298719,False,629.2461663494446,True,False,1.4971506658098386,0.9725730076767956,0.009528203356544251,False,0.067408322756772
AMT,159,0.618975195082887,American Tower,Real Estate,SP500,166.44000244140625,0.0015646273744414074,0.0334037313073674,-0.04098766960383171,-0.002078855243590527,-0.04661526854307574,0.42549019607843136,0.6254901960784314,0.3588235294117647,0.39065653658723765,-0.12504907044888136,0.03781091573644546,False,-0.01317891603045962,False,-0.025545430910049127,-0.03873701092204229,0.026215107117724568,0.006275436819266789,False,412.14202468676393,False,False,0.6819707084299453,0.8360696115737971,-0.004452944198997111,False,0.01409632767958612
GRMN,160,0.6183835259915638,Garmin,Consumer Discretionary,SP500,267.6300048828125,-0.030887886247762397,-0.05250296332542426,-0.012909158647920638,0.10512262019548979,0.05194873271827216,0.6058823529411764,0.8313725490196079,0.592156862745098,-0.01989946663596942,-0.14207952363338716,0.4540470190560457,False,-0.0532002061373501,False,-0.07297938771566026,0.08737633177298743,0.07872466560999802,-0.04300095182853925,False,241.521123925354,False,True,0.6728860452071593,0.7116694457574216,0.003041701646696149,False,0.032924073996669315
KDP,161,0.6124966636422664,Keurig Dr Pepper,Consumer Staples,SP500,30.809999465942383,0.008840816709922317,0.00391003355479258,-0.03262470308717469,-0.0201009774474723,0.18298452578128344,0.48627450980392156,0.5784313725490197,0.7941176470588235,0.05396953301868701,-0.07362983256727051,0.24282869500668447,False,-0.006359453086185685,False,-0.008783799619591193,0.06005884197601841,0.008861638476268086,-0.0008938759265618712,False,331.1376883887093,False,True,0.8616912627045762,0.6983312521711281,0.0052390256259213785,False,0.009595794904682453
IVZ,162,0.6116574484394124,Invesco,Financials,SP500,30.020000457763672,-0.015737689909387842,-0.013149231345399914,-0.0645060668426729,0.042815312453165166,0.29219051591149237,0.28823529411764703,0.7215686274509804,0.884313725490196,-0.14535896550400984,-0.09876916180992323,0.37845957609226,False,-0.02128906521809082,False,-0.04481482031005313,0.08702155687590496,0.04691741587175802,-0.013592733146224667,False,131.0523661784204,False,True,0.6085286562567573,0.7698476164539332,-0.016065566266169284,False,0.007872704123298045
MMM,163,0.6113893433546431,3M,Industrials,SP500,160.1300048828125,-0.012274798262463249,-0.017727881940294177,-0.02597317014719902,0.021019460827766512,0.07417121160802753,0.5333333333333333,0.6745098039215687,0.6372549019607843,0.06198534208203832,-0.12487217211955826,0.14492043211683425,False,-0.03029676705788853,False,-0.0682673055678682,0.0038975977844022403,0.07326919617162875,-0.02013112149483043,False,474.7624908516785,False,True,0.8268796060376755,0.8055933383463156,0.002590662358715967,False,0.05555042611649236
TEL,164,0.6107743673459028,TE Connectivity,Information Technology,SP500,213.13499450683594,-0.01248671316014871,-0.02123897922790774,0.04130839424275168,0.06791383394187078,-0.06051575531142983,0.8196078431372549,0.7627450980392156,0.32745098039215687,0.39679597866543875,-0.13472885412280078,0.09678462166389146,False,0.00416604450027358,True,0.016305199522993696,0.001126581913807101,-0.016043605336907185,-0.011377319469854208,True,399.060235260083,True,True,0.950613781989178,0.5985037490045908,0.01417781370816562,False,0.009447425099620195
IRM,165,0.6095369087123578,Iron Mountain,Real Estate,SP500,114.7300033569336,-0.008812066030811305,0.032394548659137046,0.003484327300283363,-0.04846136961178171,0.0710455639959704,0.6901960784313725,0.4725490196078431,0.6294117647058823,0.26902651471547523,-0.13105770655355276,0.48821993829354815,False,0.010423991910152752,True,-0.02419151247435425,0.028684327851425273,0.02479125031561935,0.006426876066386145,False,192.97231923435578,False,True,0.8616742709935068,0.7886806092717807,-0.003542148268763534,False,0.0375224249479932
GNRC,166,0.6079340309093112,Generac,Industrials,SP500,226.4199981689453,0.022951124582561766,0.08902887874947063,0.21417848217758184,-0.032145012370615955,0.09202277499783995,0.9784313725490196,0.5372549019607843,0.6686274509803921,0.523556271823798,-0.23387699931486727,0.6603358970158699,False,0.10957832413339608,True,0.11687034672856744,0.05735379886856751,-0.10464092548512305,0.047604883004616516,False,246.7618618280264,True,True,1.441520807549927,0.6764097537061304,-0.007680477890886994,False,0.1336321378525481
BF-B,167,0.6060930382292062,Brown–Forman,Consumer Staples,SP500,26.020000457763672,0.0030840370878566503,0.0019253425387451006,-0.004971287291127946,0.00272806943460413,-0.12668595959035978,0.6509803921568628,0.6411764705882353,0.20392156862745098,0.20282030620467373,-0.13489477872935451,0.16097143929925606,False,-0.005370680469268585,False,-0.03636704308766747,-0.017609060613079097,0.037739517756008034,-0.004319178862840167,False,58.648472173509745,False,False,0.5289318552698803,0.7366087343437252,0.017733194872864733,False,0.008339392878262998
TSLA,168,0.6056543611943753,"Tesla, Inc.",Consumer Discretionary,SP500,374.82000732421875,-0.007914005065234653,0.058484716131614434,0.019058779837838102,-0.08078281747231597,0.08448588802604018,0.7647058823529411,0.3686274509803922,0.6588235294117647,0.13770768581405168,-0.23487383933156858,0.25643603553836947,False,0.01912112411196576,True,0.061018347415397134,-0.0417089803833236,-0.057509229283391416,0.008198466960853468,False,12709.54833153451,True,False,0.5206791426637719,0.8527303854453597,-0.009766820532148501,False,0.05815865874998
HLT,169,0.604240932917229,Hilton Worldwide,Consumer Discretionary,SP500,320.0,-0.001653507569698065,0.014455990119518258,0.04237926375284218,-0.04570856623121611,-0.006869483600090542,0.8254901960784313,0.4843137254901961,0.44313725490196076,0.3355857411457734,-0.0858725810070905,0.24777297294724399,False,0.021840239866066202,True,0.008988990944921893,0.011146245727669646,-0.00890890884399409,0.005273605613097976,False,548.3337195145508,True,True,0.7810596318933339,0.5494232138264943,0.0029326504382933827,False,0.00989228414181952
MSI,170,0.6035371404521251,Motorola Solutions,Information Technology,SP500,444.9800109863281,-0.007472120282539962,-0.006807552622098423,-0.029918750874869837,0.05498172661229228,0.011226608141102767,0.5117647058823529,0.7392156862745098,0.49019607843137253,-0.020079812747016534,-0.09182747150731196,0.23428448710858762,False,-0.024116862907604397,False,-0.03728138969227213,0.03367715008974703,0.03872511582626981,-0.012809613198553449,False,424.9486428992187,False,True,0.5901657729940628,0.7217028791180904,0.017732501606269047,False,0.01715497096540301
DE,171,0.6032550630002838,Deere & Company,Industrials,SP500,653.47998046875,-0.005160860860805028,-0.020651663662138553,-0.03273820251974091,0.11617660304846922,0.06268149954729951,0.4843137254901961,0.8509803921568627,0.6137254901960785,-0.039430566747246876,-0.07673315139256431,0.5051728729919325,False,-0.039920130541828636,False,0.0036247911889686346,0.10982373856382344,-0.00361169953232654,-0.027981389105387056,False,800.8043074741015,True,True,0.7466848713839753,0.6241942862167101,0.03165006497767453,True,0.021440606705864673
CB,172,0.5989027922678077,Chubb Limited,Financials,SP500,335.7699890136719,0.003196823327209053,0.013492307230317468,-0.0024752008465783737,-0.03175599553864583,0.014702730439889455,0.6627450980392157,0.5431372549019607,0.5,-0.032205210851463884,-0.07349569619076379,0.26335721184202865,False,0.0010225522717828284,True,-0.012437202198840036,0.021669556667718304,0.012593834262015324,0.006970642253340209,False,542.8289882007269,False,True,0.530554970231964,0.883066224533144,-0.0011353596323666615,False,0.010751628264641525
TRI,173,0.598666058160941,Thomson Reuters,Industrials,NDX,100.11499786376953,0.00841054688496623,0.007598603550524885,0.03232619507443846,0.1240290867526479,0.21478378326086478,0.7941176470588235,0.8588235294117647,0.8235294117647058,-0.0394152181420514,-0.3616735091650628,0.316384177957153,False,0.015233811076059478,True,-0.011507229650456363,0.04153948356315329,0.011641187468055314,0.015529247125920742,False,171.6943762000003,False,True,0.7620402139791718,0.5787393719494918,0.007252228339604594,False,0.028551719763403687
EBAY,174,0.5979341457217124,eBay Inc.,Consumer Discretionary,SP500,107.58000183105469,-0.0001858424103158285,0.015959981595499606,0.03931986871633586,-0.07929103052326092,0.13210122101669008,0.8098039215686275,0.38235294117647056,0.7392156862745098,0.0751122366754921,-0.09039809806229293,0.3671827111679502,False,-0.004501838037999528,False,0.008579413133593672,0.06458213633857546,-0.008506432931183916,0.0035093608373368834,False,487.83927849652923,True,True,0.7107822479671992,0.48243196845049263,0.005483308323903646,False,0.013601535138327412
NWS,175,0.5961718252180604,News Corp (Class B),Communication Services,SP500,31.600000381469727,0.002538068608636479,0.004769463112606065,-0.04474006552791576,0.024735413548674368,0.11602353042933045,0.403921568627451,0.6823529411764706,0.7196078431372549,0.028732588925981406,-0.10263119837116808,0.24023149788814435,False,-0.019866304565930415,False,-0.040960473532873576,0.049517295161068065,0.042709890888191326,-0.004227645391284729,False,37.84037925295231,False,True,0.8392031924413696,0.6945356440077947,0.003172600888877719,False,0.051841485528981456
AVY,176,0.5924790822380079,Avery Dennison,Materials,SP500,166.13499450683594,-0.005000938538435196,-0.03196014897102306,-0.02152658533378593,0.03976417749811745,-0.03244129214554037,0.5627450980392157,0.7156862745098039,0.4,0.052281186447181605,-0.14406329695071518,0.09208881731217611,False,-0.023515072930677117,False,-0.042765646364155585,-0.02710026076906935,0.04467625529915398,-0.01616184714929414,False,162.4412943530905,False,False,0.5672491096385966,0.6225603516741901,0.0040126858959514955,False,0.005015048273359237
CI,177,0.591688518790107,Cigna,Health Care,SP500,278.6600036621094,0.0005385583685506568,0.03993137986356832,0.0017614775522964976,-0.045160409913207133,0.012142880024492486,0.6823529411764706,0.48823529411764705,0.49607843137254903,0.19273627259122827,-0.07977920661396565,0.16597374521713082,False,0.012265553609578594,True,0.007343580485515755,0.004716054756567223,-0.007290045450010441,0.014992568687515195,False,459.82396497809384,True,True,0.8538307704645391,0.7484251640559522,-0.013033660391119417,False,0.034272549123457445
VZ,178,0.5899443023892763,Verizon,Communication Services,SP500,45.939998626708984,0.003714183247653269,-0.000869963373762106,-0.07639732455825166,0.09069325241441262,-0.007411141999798421,0.2196078431372549,0.8058823529411765,0.4411764705882353,0.06224243121906303,-0.10709430621037896,0.25647715289789885,False,-0.03136368850014182,False,-0.0470145371899896,0.005120406587443949,0.04933395001783203,-0.005426236701175702,False,952.769428332505,False,True,0.7974751089880651,0.8126666055761579,0.010924186038874906,False,0.03888558759765215
ADM,179,0.5898730567623447,Archer Daniels Midland,Consumer Staples,SP500,82.27999877929688,0.01155646033596347,0.03470827782625574,-0.049335691760835965,0.029750227942651586,0.18476406674734558,0.3764705882352941,0.6941176470588235,0.796078431372549,-0.012340278577184338,-0.06595524804324082,0.5122148963614508,False,-0.006484179344730223,False,0.007641559604315784,0.10906463461541938,-0.00758360900409516,0.00835510000918549,False,301.2516724123816,True,True,0.9005873501390731,0.66650503277471,0.011925267572839404,False,0.017373326041327932
PFG,180,0.5894184192930759,Principal Financial Group,Financials,SP500,108.69000244140625,-0.00036789215756782845,-0.03162861270428807,-0.04674613540241912,-0.024178377981096344,0.19573266052358473,0.38823529411764707,0.5705882352941176,0.8117647058823529,-0.11042937723034418,-0.08286220165227798,0.43432220795685383,False,-0.04553654909477922,False,-0.03912561805557224,0.07892871007419666,0.04071876489869308,-0.020896727761762435,False,144.44411554191834,False,True,0.6461881297167543,0.8514421917671793,-0.005058429456240243,False,0.011582022829221158
TRMB,181,0.5891875889607272,Trimble Inc.,Information Technology,SP500,59.599998474121094,-0.00765905575510839,0.03598122264464809,0.038327471947022795,0.12836044715012074,-0.08896361751332116,0.807843137254902,0.8725490196078431,0.26862745098039215,0.1719619354591152,-0.2863984570206647,0.21956209897184276,False,0.022517666294164185,True,0.018347313234843288,-0.04282401428881022,-0.018016754202023533,0.010574934763357469,False,176.4775715214763,True,False,0.7473765070683687,0.6214017587611493,-0.010656063764765689,False,0.014023376105659737
MSCI,182,0.5884680339615084,MSCI,Financials,SP500,554.5593872070312,-0.001477578718294681,0.016812505385718213,3.500050574634095e-05,-0.07965348566047836,0.0232150496911121,0.6764705882352942,0.3764705882352941,0.5294117647058824,0.18077587199263268,-0.13557501489641388,0.09556483729099297,False,0.009529749119235209,True,-0.007535266279408925,-0.02639326127823083,0.007592477619996041,0.007639661791663643,False,313.32761966119995,False,False,0.5859379660090458,0.7022159586160021,-0.007382288793062686,False,0.006215013234219461
EG,183,0.5878327346470893,Everest Group,Financials,SP500,363.875,0.004347259895386202,-0.0131400553391815,-0.010859801479364606,-0.01275429940113415,0.09663774693754723,0.6196078431372549,0.6,0.6784313725490196,-0.1808219178082192,-0.08238403256900328,0.21458922264678648,False,-0.019107677723489536,False,-0.018523459020540645,0.05289850625964698,0.018873053248990912,-0.007571621262387085,False,132.01472985520508,False,True,0.5652524101362735,0.821369548709789,0.010322994418896503,False,0.010292625401091517
GEHC,184,0.5861969812194106,GE HealthCare,Health Care,SP500,64.25,-0.006494482462301887,0.004220075956478109,-0.014116897265522788,-0.006394142222882926,-0.11827875930891052,0.6,0.6137254901960785,0.21764705882352942,0.19885269176163622,-0.270155159419908,0.0807144459891802,False,-0.012150151399617282,False,-0.06548580447319063,-0.09353263586485738,0.07007470275641414,-0.011119574233583895,False,225.0040870332962,False,False,0.4598167945873104,0.9222096485338545,-0.004020326491377402,False,0.009682080041861248
JNJ,185,0.5846786234718242,Johnson & Johnson,Health Care,SP500,256.3550109863281,-0.008106020977955763,-0.008911283705045792,-0.040156418021368934,0.002487828923676938,0.07372639411543247,0.43137254901960786,0.6392156862745098,0.6352941176470588,-0.1709604389701086,-0.07928377786210128,0.40931273983843375,False,-0.03221814651819932,False,-0.031731171459780105,0.06489479172998536,0.032771034783406705,-0.012073675676958828,False,1718.2912700849872,False,True,0.5687605754315513,0.992751255320852,-0.008667133473217903,False,0.03135277746020167
BBY,186,0.5826758782468873,Best Buy,Consumer Discretionary,SP500,86.0,0.016668680968813243,-0.019384230415030346,-0.012809351177545447,0.04954578030099821,0.3646187101510008,0.6078431372549019,0.7294117647058823,0.9117647058823529,-0.17274087717278697,-0.09301834763985617,0.5860741906210045,False,-0.04477570657195917,False,-0.009080734264295232,0.19908798094026814,0.009163949655932146,-0.013087958028798474,False,315.4882316142084,False,True,0.9283532388177921,0.7036471845224302,-0.00035463743463293174,False,0.039873868594301504
VRTX,187,0.5824365593503068,Vertex Pharmaceuticals,Health Care,SP500,501.55999755859375,-0.008069015449025607,-0.010222190424295174,-0.03753453665541118,0.033313381862352553,0.12261067847479312,0.44509803921568625,0.7,0.7274509803921568,-0.18454011741682974,-0.10108255465088944,0.23121487485672754,False,-0.02418620690070794,False,-0.03520661750499188,0.056710208434132436,0.03649135467113762,-0.013787002503233614,False,554.2301240189978,False,True,0.5059877890557283,0.6536840618577388,-0.004944228952564633,False,0.051894036111617727
BEN,188,0.5813537787027225,Franklin Resources,Financials,SP500,32.06999969482422,-0.012623148189363498,-0.013230778620793249,-0.05049104326335452,-0.03291810453762334,0.3068050733575669,0.37058823529411766,0.5313725490196078,0.8921568627450981,-0.16530064080426687,-0.09429007748722684,0.589055103837246,False,-0.017117693466389583,False,-0.03790909335102899,0.101570704160312,0.039402818474887136,-0.012282984090246085,False,129.41129500467147,False,True,0.6532129839550103,0.9203742578595847,-0.012623148189363498,False,0.024585384310818872
WRB,189,0.5799827222443287,W. R. Berkley Corporation,Financials,SP500,70.29000091552734,0.008030941225217525,0.020174156151888445,0.0068740934576825286,-0.024926314238695846,0.05676674523838199,0.7176470588235294,0.5686274509803921,0.5980392156862745,-0.026284486397298634,-0.07913249623778784,0.1178044466968382,False,0.017982388637536317,True,0.01063776747897549,0.027291107225704492,-0.010525796503243035,0.014528455739521995,False,177.80795695980345,True,True,0.7501743645987633,0.7752759948258318,0.0037285887612119595,False,0.016769168925419867
ORLY,190,0.5790881296969225,O'Reilly Automotive,Consumer Discretionary,SP500,84.79000091552734,0.0021274116992946457,-0.0028225081408324026,-0.014986069796550039,-0.017269331071514293,-0.10180085227770963,0.592156862745098,0.5882352941176471,0.2549019607843137,0.2653390123172557,-0.17719555163001033,0.02490024749190467,False,-0.005279207129409547,False,-0.035962387290883524,-0.0662053578236852,0.03730392550745276,-0.0024258808561968825,False,488.9535810981766,False,False,0.7038077808203577,0.9222076709120738,0.0030729480481608284,False,0.01377658533936576
LIN,191,0.577515692287054,Linde plc,Materials,SP500,482.4599914550781,-0.0031406659298847117,0.027713236574183675,0.033879776632121494,-0.08633831153309657,-0.03520862453393658,0.8,0.34705882352941175,0.38823529411764707,0.17289052607344307,-0.1145017118766476,0.25124687410861246,False,0.025149562630546907,True,0.009970736084491838,-0.004887828833076924,-0.009872301967032038,0.006659847120417339,False,1006.8346988598377,True,False,0.6977199490985206,0.9955265449196353,0.0019215518299733336,False,0.029065258818677508
ESS,192,0.576953324529035,Essex Property Trust,Real Estate,SP500,267.45001220703125,-0.002238297382057275,-0.007643491833142613,-0.015916926420386557,-0.08021496000565909,0.089416595779646,0.5862745098039216,0.37058823529411766,0.6647058823529411,0.01638079889490046,-0.09495223090434124,0.14905925858960534,False,-0.00956105961775855,False,-0.03318034327917074,0.01406128374432214,0.03431906152147213,-0.008057379097856532,False,136.8753151888135,False,True,0.6062710631892696,0.7778828885250654,0.009363961499463391,False,0.004993101376166737
ABNB,193,0.5713918163533346,Airbnb,Consumer Discretionary,SP500,162.97000122070312,0.014567616676584016,0.015579235875754938,-0.039261943467550964,0.09655501665304578,0.26176832300998387,0.43529411764705883,0.8235294117647058,0.8568627450980392,-0.13733164498676187,-0.14451442928764768,0.4610901908107863,False,0.005813818250445246,True,-0.04559274724542828,0.13130068700319697,0.04777074683143945,0.010491075791302595,False,852.0686791341657,False,True,0.7773540332505355,0.5480116056961122,-0.00255247245001633,False,0.017703019063326917
HUBB,194,0.5672894725790218,Hubbell Incorporated,Industrials,SP500,470.7099914550781,-0.009886229088211906,0.00798745209858498,0.03459566607060682,-0.03823556462462019,-0.11424311214044647,0.8019607843137255,0.5137254901960784,0.22941176470588234,0.25345151759333867,-0.15104838271131726,0.16961178463745208,False,0.021490538787206193,True,-0.0016747774574991103,-0.03190034275437437,0.001677587042460793,-0.0012903312558772972,False,227.1297996170239,False,False,0.7044040470926375,0.7776368019212557,0.006331397619820267,False,0.01348703134516514
QCOM,195,0.5657310377500154,Qualcomm,Information Technology,SP500,174.47509765625,-0.014932799987870116,-0.04181942355312174,-0.010912110582974033,-0.07261215513616126,0.3782591029238105,0.6176470588235294,0.4137254901960784,0.9156862745098039,0.31000729058746784,-0.2985714029823352,0.4191392292074798,False,-0.06275675260280311,False,0.013413958533288861,0.03870112466444353,-0.013236405932974149,-0.03829779898855479,False,2077.155690140045,True,True,1.208582855700429,0.6522565556176279,-0.014905146016415238,False,0.046797708572158474
TKO,196,0.5642847293161684,TKO Group Holdings,Communication Services,SP500,180.91000366210938,0.01270714442575449,0.02766422723080275,-0.04934694970978348,-0.014908991325369603,-0.07464769879832622,0.37450980392156863,0.592156862745098,0.2901960784313726,0.3299259429799317,-0.1861078728589035,0.04131089337718463,False,-0.017843378162339274,False,-0.03352655985153519,-0.0699424231999185,0.034689582205575054,0.0076192217866237755,False,210.15128966666015,False,False,0.6099018379902487,0.7052435665395052,-0.014778321756988455,False,0.015675466401254463
FANG,197,0.5621508381154209,Diamondback Energy,Energy,SP500,188.22000122070312,0.020826533442881878,0.014608413530880382,-0.0711148562151156,0.03198951946155648,0.02140242607364673,0.24901960784313726,0.6980392156862745,0.5215686274509804,0.10704117263343693,-0.11019712425240735,0.4039891356667846,False,-0.010953486878210739,False,-0.04194746062865762,0.023779287037990482,0.04378409210854217,0.010871012752723841,False,477.449511316922,False,True,1.0903413141575038,0.8700970841774338,0.016324950792516946,False,0.0453553450094004
GPN,198,0.5601972371302096,Global Payments,Financials,SP500,81.7249984741211,0.007955064485696273,0.017872680809949193,-0.05818906681327407,0.07780621690672795,0.24879604194527016,0.3176470588235294,0.7823529411764706,0.8509803921568627,-0.19416369287441004,-0.13575469891159486,0.31696308151779284,False,-0.030214946424939937,False,-0.0670589813093031,0.07442819309426807,0.07187912200860747,-0.004042309239713382,False,231.93046985292054,False,True,0.7099150391164609,0.6270518066503153,0.0023433005392330397,False,0.02616952962309205
HCA,199,0.5593965732123937,HCA Healthcare,Health Care,SP500,440.9700012207031,0.004098612696526782,0.04152196784060491,0.047301219982248455,0.08655664373020322,-0.127213706056729,0.8411764705882353,0.8,0.2019607843137255,0.005479452054794609,-0.1867502190472503,0.22514245433347235,False,0.02443344563302774,True,0.05237034888382808,-0.006285667527430316,-0.0497641813448787,0.016911337396337878,False,539.0893651849486,True,False,0.6093801666634177,0.6369770091801698,-0.016872745031642933,False,0.015151881663532072
CBOE,200,0.5591275722887579,Cboe Global Markets,Financials,SP500,279.4800109863281,-0.007422652567835697,0.008261512048602704,-0.042450352342263686,0.045459682567515314,-0.04740595501235212,0.41568627450980394,0.7274509803921568,0.35490196078431374,0.2577836614097694,-0.23413203368279922,0.21055842652272672,False,0.028608057386035002,True,-0.023080536917054473,-0.02459178957167585,0.02362583384736472,0.014548588978837707,False,302.0760634677252,False,False,0.8745415978689727,0.7972371197558835,-0.02031466801120163,False,0.011389079151844568
CIEN,201,0.558180688735423,Ciena,Information Technology,SP500,440.8041076660156,-0.012646218807577214,0.16264200726677958,0.304154164692354,-0.04322775981489679,-0.09556382442893974,0.9941176470588236,0.5,0.2627450980392157,0.4726027397260274,-0.29696314566823667,1.826754525873794,False,0.19380909439708027,True,0.16186648318419894,0.11411845136565013,-0.1393159072293655,0.08669728167062951,False,916.5091375861517,True,True,0.9441775136293042,1.2269026302647403,-0.03914213377916087,False,0.0733223270085872
KR,202,0.5581011056132085,Kroger,Consumer Staples,SP500,60.04999923706055,0.013502096828026167,0.009583048070124223,0.06396174164049695,-0.0012880305092314304,-0.1360265275183431,0.8725490196078431,0.6274509803921569,0.18823529411764706,0.4708952073980277,-0.19602466571821042,0.08881729591454546,False,0.008235453598439024,True,0.03287375989347496,-0.04459378702245298,-0.03182747124572638,0.013176209283649598,False,401.5602462100907,True,False,0.9525142498764451,0.7786533820119754,0.00025315425566985184,False,0.01943642443729171
MRSH,203,0.5573463847840938,Marsh McLennan,Financials,SP500,174.63999938964844,0.005643186150369184,0.01623504909538509,-0.006680678479069502,-0.00929668867843525,0.020285985134492535,0.6411764705882353,0.6039215686274509,0.5176470588235295,-0.0751390967345843,-0.1379446622453706,0.12288517306246693,False,0.01355387488918125,True,-0.03859784690636847,-0.0005337738629482836,0.040147452116855664,0.014724299463122037,False,422.2272720889761,False,False,0.5771425409689971,0.8360870666078654,-0.0075434615396106075,False,0.016811282491465563
AVGO,204,0.5549856001078028,Broadcom,Information Technology,SP500,369.2799987792969,-0.019202705901043005,0.07461291769845402,0.015292951570865743,-0.07504956087933445,0.0440335459006822,0.7411764705882353,0.40784313725490196,0.5803921568627451,0.1671386362764284,-0.23056266633533662,0.2628675476824962,False,0.0386585177852925,True,-0.007532809284359621,0.006098873496938717,0.007589983180126936,0.01575207344460483,False,8451.664531999408,False,True,0.8127526849737221,0.844192983714261,-0.01535151424764214,False,0.07522344692190959
BR,205,0.5525853003265808,Broadridge Financial Solutions,Industrials,SP500,160.63499450683594,0.0031536227354329593,-0.0031957766624505224,-0.04440815779675078,0.09598141968003104,0.05122814662707276,0.40784313725490196,0.8215686274509804,0.5901960784313726,0.0016077663942288822,-0.3055528985982392,0.19332827771014283,False,-0.016315173053052856,False,-0.04564604905437364,-0.042988629845851944,0.04782926608010052,0.00033608997951906083,False,191.13590672894287,False,False,0.6792804707422292,0.49977481580313826,-0.0056204904004848455,False,0.014733354359527119
LRCX,206,0.5524913112694112,Lam Research,Information Technology,SP500,320.8399963378906,-0.026311836274416134,-0.056630430520377195,0.016909962042710003,-0.0832048607922734,0.24210502562178293,0.7470588235294118,0.3568627450980392,0.8411764705882353,0.016353938835808324,-0.25880775553853985,1.4535431067879596,False,0.035942214871027556,True,0.03487156056501406,0.15411223596630896,-0.033696510652949985,-0.020638338742942963,True,2687.641649371793,True,True,0.6441789479217714,0.6412695510691132,-0.02655458025758828,False,0.04248291619581546
FLEX,207,0.55063134432934,Flex Ltd.,Information Technology,SP500,116.38999938964844,-0.024719264611755,0.03200922725151023,0.03292508940739003,-0.14293080431457417,0.5516597263690928,0.7980392156862746,0.1607843137254902,0.9411764705882353,0.13730094777637084,-0.28185355630414766,1.135204604173885,False,0.02859364477762316,True,0.015990120918998985,0.15574448245344663,-0.015738461024144113,0.001829031759836619,True,366.89071776400453,True,True,0.6904504948937236,0.6459249640369782,-0.010977020268081117,False,0.022700337581820006
ALLE,208,0.5497044169841381,Allegion,Industrials,SP500,147.33999633789062,-0.0038537442370760733,-0.04498316370441624,-0.025483669155048516,0.08221728662993333,0.01492173674313313,0.5372549019607843,0.792156862745098,0.503921568627451,-0.08259851885959868,-0.17096899210829664,0.18163865568584914,False,-0.03840985917109441,False,-0.06381023085508486,-0.011708499612144485,0.06815950457711906,-0.02987450595838792,False,185.95447950232239,False,False,0.6608169159752644,0.7264337510468475,0.029612531374343165,False,0.012122539740272623
J,209,0.5487219597147456,Jacobs Solutions,Industrials,SP500,135.74000549316406,-0.0044737849875008395,-0.028971943540185507,-0.04239855031277562,0.08138856121467564,0.07372010891868275,0.4176470588235294,0.7901960784313725,0.6333333333333333,-0.021936993975672503,-0.1657373435228301,0.27250897286305253,False,-0.030961501042541917,False,-0.05195707446693798,0.023337473491699567,0.05480455902112635,-0.015262190427710043,False,120.10303395396545,False,True,1.0159667332492763,0.8267559886453139,0.013861381041769594,False,0.012413141582982349
CL,210,0.5485540888774882,Colgate-Palmolive,Consumer Staples,SP500,87.31999969482422,0.0012613302546307104,0.03300604466837731,-0.008065421950677498,-0.04791199521843348,0.027038302137627923,0.6352941176470588,0.4764705882352941,0.5372549019607843,0.002889374928053412,-0.10867080572365506,0.18574919967261683,False,0.00971906052338456,True,-0.021258376157913816,-0.007956487992021088,0.021720110435748285,0.009677344105907482,False,422.752265849668,False,False,0.7711794736326331,0.861101306906672,0.005045321018522841,False,0.012863144703187435
STE,211,0.5479101257588572,Steris,Health Care,SP500,208.27999877929688,-0.0066768120249275364,-0.005063521434684803,-0.03166115428211613,-0.03279857915362139,-0.0635210571676067,0.4980392156862745,0.5352941176470588,0.3196078431372549,0.05388511569011167,-0.2180530492855841,0.0477206738927245,False,-0.005429349113983406,False,-0.0635384388560325,-0.07915754393015573,0.06784948949577263,-0.005525331625616747,False,149.29602841600706,False,False,0.4904399929280788,0.9143402638121385,-0.004864503287392963,False,0.013911242963903848
AIG,212,0.5456328701257227,American International Group,Financials,SP500,75.76000213623047,0.0013216821210804142,0.004374941398907151,0.01641814785760265,-0.03673291728924055,-0.012240735966080774,0.7431372549019608,0.5196078431372549,0.43333333333333335,0.016672422393614994,-0.1081941209694679,0.07416149003822192,False,0.008820378563491271,True,-0.0018216556380624693,-0.003279701181537642,0.0018249801233936047,0.007249311294529326,False,301.5246827299606,False,False,0.8723107978464136,0.9750850410333554,-0.009516272612390853,False,0.004833315320156943
LYV,213,0.5448741459694654,Live Nation Entertainment,Communication Services,SP500,170.19000244140625,-0.00380469392658378,0.020017957540969133,0.0011765218058672477,-0.05339557930484118,0.03989978390064475,0.6784313725490196,0.4666666666666667,0.5725490196078431,-0.11454664057403785,-0.09694366773635799,0.354908061575002,False,0.0011618330202907146,True,-0.03558568071626622,0.03496213755786948,0.03689874777335911,-0.0005540746019199183,False,348.76251577913575,False,True,0.5653401862199766,0.7893530060771997,-0.0002340979102675167,False,0.00549087190663445
ECHO,214,0.5446216176040042,EchoStar,Communication Services,SP500,95.75499725341797,-0.019807607120788884,0.08504246179510444,0.04856545743993368,-0.0025521119435628625,-0.20263968545725164,0.8490196078431372,0.6215686274509804,0.10196078431372549,0.5863435785273013,-0.3247179464554254,0.43067379077858914,False,0.025848393313908202,True,0.058514236110972284,-0.11852668261901167,-0.055279592956591905,0.008188507012728108,True,314.6670556935745,True,False,0.8933249025552952,1.1369977836975749,-0.011055397728160221,False,0.048587760591795565
GWW,215,0.5435815788940968,W. W. Grainger,Industrials,SP500,1260.77001953125,-0.0021685544342330276,-0.016314550670539996,-0.014122234498755493,-0.08179327291509975,0.07982950612900552,0.5980392156862745,0.3627450980392157,0.6470588235294118,0.026150186101838002,-0.09899778802209958,0.38118897713031297,False,-0.0054242183736673555,False,-0.025014465112842332,0.043375863184072605,0.02565624229054575,-0.0059160525495921545,False,334.8843065274707,False,True,0.7286757608426633,0.7233098861150915,0.0035377406340881823,False,0.00945579256802593
PRU,216,0.5430830362562457,Prudential Financial,Financials,SP500,112.55000305175781,0.0016910149552700204,-0.005126794093001985,-0.042860731721179546,-0.01318077574205323,0.18847605961137748,0.4117647058823529,0.596078431372549,0.8019607843137255,-0.24736579563332184,-0.09015152346838118,0.25435891976608227,False,-0.032156786497006595,False,-0.053165873089059734,0.05541858987650339,0.05615120069923352,-0.011613148982255295,False,197.35944725302184,False,True,0.7245812610044459,0.8003892380790415,0.0012459895771443907,False,0.011500803105733834
ADBE,217,0.5414933210907057,Adobe Inc.,Information Technology,SP500,237.43499755859375,0.020041213216941633,-0.01593584731497044,-0.06837088209223707,0.06168394833926949,0.03259543810389132,0.26862745098039215,0.7568627450980392,0.5549019607843138,0.09737155136027009,-0.340293420180945,0.22762521618787002,False,-0.02305100227596102,False,-0.07942064527739423,-0.07805329158517216,0.08627245969612862,-0.0021867922995618683,False,1236.9948362816772,False,False,0.7450650815167277,0.6700660326594279,0.00021481741994255898,False,0.09574408410862963
SWK,218,0.5394238743928161,Stanley Black & Decker,Industrials,SP500,87.43000030517578,-0.009964865561615355,-0.024109790389636454,-0.04635689338844895,-0.0003300065739612057,0.21385755900509995,0.39215686274509803,0.6294117647058823,0.8196078431372549,-0.22773109243697476,-0.15201068471902113,0.4678190319724118,False,-0.02370117496850621,False,-0.07527019959816184,0.05587361126464274,0.08139696543298758,-0.019855168427923786,False,164.51644801070785,False,True,0.6510555990665314,0.7603254571722246,-0.0024912379887357394,False,0.045347667463983464
DD,219,0.5386781648264958,DuPont,Industrials,SP500,130.15109252929688,-0.007086582917164241,0.007361421079875807,0.01744132576835189,-0.029375517625378822,-0.0774465844598482,0.7549019607843137,0.5490196078431373,0.28627450980392155,0.36506657457503555,-0.14762209887508582,0.43162938149572816,False,0.003427263188391372,True,-0.03290830106185949,-0.04935376375294642,0.03402810829416958,-0.004232691706831937,False,178.08374322455933,False,False,0.8599383107588043,0.41944626766934995,0.0035092420556339654,False,0.010664071690437404
EQT,220,0.5383759377982669,EQT Corporation,Energy,SP500,52.540000915527344,0.004396855977789382,0.04891197355711885,-0.038257369791773965,0.07891095297372419,-0.11126094376893925,0.4392156862745098,0.7862745098039216,0.2372549019607843,0.2168028855377767,-0.22194444883820252,0.08196044954037851,False,0.028330983957414624,True,-0.004689002629229555,-0.04869640168557432,0.0047110929564890824,0.022318645927986935,False,353.8319830563463,False,False,1.0990556064840034,0.8688780853884235,0.00535268155125368,False,0.021136111631457025
CCL,221,0.5378960295152471,Carnival Corporation,Consumer Discretionary,SP500,25.604999542236328,-0.020841303412782897,0.021340241480839017,0.12797351020532322,-0.040659575778737356,-0.07013448851971193,0.9450980392156862,0.5058823529411764,0.30392156862745096,0.43934614941867156,-0.23458486969680215,0.17508024168968506,False,0.0878963097981349,True,0.01846648130584616,-0.058435121369009635,-0.01813165346607082,0.018356699572172896,False,532.4915020824657,True,False,1.5403966301251597,0.8342377110362993,0.00573612316322869,False,0.058475751397471486
TDY,222,0.5370756223965155,Teledyne Technologies,Information Technology,SP500,605.3400268554688,0.001969713470690193,-0.012012379965606335,0.016985109484500382,-0.046107705414663025,-0.07578850513531021,0.7509803921568627,0.4823529411764706,0.28823529411764703,0.16141360653850584,-0.1243453818246607,0.24948918473840154,False,-0.005964110500039976,False,-0.04079174364499072,-0.03243257956933865,0.04252647261398623,-0.009585756530455014,False,174.27915976194214,False,False,0.6995318150945828,0.6062855275121956,0.01681697051056963,False,0.04359730412805392
ORCL,223,0.5346927076299186,Oracle Corporation,Information Technology,SP500,140.9499969482422,-0.018180556246431334,0.020858908316420788,-0.12794658980282814,0.002204191979088943,0.025970986741778557,0.06862745098039216,0.6372549019607843,0.5352941176470588,0.5961590115498254,-0.545336913293432,0.22575875786368726,False,-0.012803113443600411,False,-0.0317732469530706,-0.12674396254311937,0.03281591512843751,-0.005890135215505188,False,4215.6723955871985,False,False,0.7268048313086553,0.6271480944757796,-0.00710507306915098,False,0.05326537697416726
EQIX,224,0.5345841796971189,Equinix,Real Estate,SP500,1017.3499755859375,-0.01397602534706699,0.00495881620750982,-0.024648708188936608,-0.027586292192541384,-0.004171445190500944,0.5450980392156862,0.5568627450980392,0.4470588235294118,0.13807605233874376,-0.08399101063527536,0.4225037789463191,False,-0.0074523005422326705,False,-0.023037393801268125,0.031860404514127305,0.023580630062090435,-0.008101487152029851,False,557.9337480009668,False,True,0.9464437789791843,0.5765059428838795,-0.00440994479582979,False,0.013102418936045815
EVRG,225,0.5327003665234836,Evergy,Utilities,SP500,80.2699966430664,-0.000373678798892052,0.018784055214389417,-0.01169668263184609,-0.055649980244416364,-0.033072478283497686,0.611764705882353,0.4568627450980392,0.396078431372549,0.014592686389624354,-0.08158132678149832,0.13824474133183884,False,0.01007300503830244,True,-0.009475346471079837,0.0012585211219191539,0.009565987517142771,0.00860014199294823,False,171.9071355654492,False,True,0.7198118194341044,0.8114836799485702,0.0,False,0.012780107516949623
RSG,226,0.5299446649547533,Republic Services,Industrials,SP500,216.63999938964844,0.002127887544880691,0.05007029205223512,-0.02304336615907454,-0.008469242593227566,0.0045072121762437245,0.5529411764705883,0.6058823529411764,0.47058823529411764,-0.02816852768504663,-0.0588658638563333,0.10240255214580629,False,0.008722141407874195,True,0.003035962697604644,0.012916388910127141,-0.00302677352608538,0.013901096925350798,False,317.93323947964876,True,True,0.7820813694659601,0.6513353605601869,-0.0006013027496878376,False,0.013525832630214502
DLR,227,0.5282978910472613,Digital Realty,Real Estate,SP500,178.11000061035156,-0.013076968994228721,0.009178962359147613,-0.05155861747761892,-0.005979138417156582,-0.040515684051413925,0.3607843137254902,0.6196078431372549,0.3784313725490196,0.08731821495721581,-0.11467332436777611,0.22866315841106633,False,-0.013892670501369886,False,-0.043792397940928485,-0.008047159595519937,0.04579800228175035,-0.00914147338582283,False,363.5778269844974,False,False,0.8111489390019286,0.7015263277488105,0.014517621208321563,False,0.008442413950296308
COIN,228,0.5278919234612193,Coinbase,Financials,SP500,174.0749969482422,-0.024516671755779984,-0.08037929567090996,-0.0036916453065163335,0.09432947088158516,0.02990765914094151,0.6568627450980392,0.8117647058823529,0.5490196078431373,0.025071946586853966,-0.5505073930681037,0.23378695489761836,False,-0.06740083446614331,False,-0.0012376054769953626,-0.05463782232152414,0.0012391390422608062,-0.0527469307038092,False,1653.077734488292,False,False,1.0789027025472626,0.7247050128160185,-0.020453874804733263,False,0.07843942965406689
APO,229,0.5276569477969162,Apollo Global Management,Financials,SP500,114.47000122070312,-0.00934661880165355,0.001137002684767685,-0.12604974076483844,-0.044760508768812435,0.07906408213532523,0.07058823529411765,0.49411764705882355,0.6450980392156863,0.06750316564982162,-0.24093110245362837,0.1509299721215862,False,-0.05524352317919701,False,-0.10522328729537345,-0.08570777245399552,0.11759725728368231,-0.018833555967841753,False,398.7613115965009,False,False,0.6084349716516241,0.7690180539487992,-0.00986585339281909,False,0.029788492994449432
PGR,230,0.5266618188641005,Progressive Corporation,Financials,SP500,215.00999450683594,0.004156544974519338,0.01919789374325287,-0.0017922676755315337,-0.06764145872223248,0.07669238185751803,0.6666666666666666,0.4294117647058823,0.6431372549019608,-0.25356279498100615,-0.08259224863777836,0.13030089682756962,False,0.014765254137018458,True,0.004891257461357101,0.0325670683661321,-0.004867449512610866,0.014153387054047561,False,525.332727820346,True,True,0.6063471932232157,0.8528633327353723,-0.011021860004526651,False,0.015451794186122914
WMT,231,0.5241625205793675,Walmart,Consumer Staples,SP500,108.99500274658203,0.00772003565274626,0.04541531280773059,0.029906461880062185,-0.040773169621053484,-0.15229276609197884,0.792156862745098,0.503921568627451,0.16862745098039217,0.36497832009516135,-0.18587226516385025,0.09246281195486561,False,0.01560991108137566,True,0.005640601775034115,-0.07429997382428355,-0.005608963843621639,0.018201080184077068,False,2612.8167179458337,True,False,0.7706236937041687,0.6709412975683936,0.005917153919925866,False,0.024732677029934744
CSX,232,0.5229784255412875,CSX Corporation,Industrials,SP500,46.91999816894531,0.0023498567064144105,0.00816496016206969,-0.029977275066335296,-0.04779505546608376,0.11067710708423273,0.5098039215686274,0.47843137254901963,0.7,-0.040159625494033235,-0.11612912173611789,0.41101865535263316,False,-0.007771648555214172,False,-0.042817960777624786,0.05886738274435399,0.04473335167510095,-0.0031579611241886463,False,491.1893930240723,False,True,0.7349460082635189,0.694749606228538,0.0004272688993143259,False,0.025921736541318543
MCHP,233,0.522706036141131,Microchip Technology,Information Technology,SP500,76.6500015258789,-0.017559538273951625,-0.023566859542943908,0.049856174265773934,-0.12957251566076,0.0881521058662722,0.8549019607843137,0.1980392156862745,0.6607843137254902,0.14911553662560914,-0.24923403955135792,0.6046030161685012,False,0.007147953590532774,True,0.009778505833048623,-0.02354671106056405,-0.009683812614907583,-0.022481793991698695,True,663.7862139262444,True,False,0.6779984828718596,0.6541168177022151,-0.01506018293923761,False,0.011761279057212597
ON,234,0.5207626323099621,ON Semiconductor,Information Technology,SP500,81.33999633789062,-0.014180169289149558,0.015734196778543597,0.1459565017045752,-0.15235517805405752,0.18761861403004376,0.9568627450980393,0.13333333333333333,0.8,0.1294194390084801,-0.39266780567367676,0.8115811486333444,False,0.06663514802342019,True,0.06208782839838922,0.003600901551725544,-0.058458280697950005,0.0029357119242343632,True,774.1971175112,True,True,0.8563478508234046,1.1103587646194153,-0.024724286301182508,False,0.026923007914457567
EXR,235,0.5199265804908956,Extra Space Storage,Real Estate,SP500,131.5050048828125,-0.0014805776002130289,-0.011834963379709351,-0.01901335530020376,-0.07577650515468115,-0.03384806134809082,0.5725490196078431,0.403921568627451,0.39215686274509803,0.18082959211081695,-0.12953078579980581,0.08703227409123104,False,-0.021604007627375243,False,-0.05922099681587634,-0.05351921041199581,0.06294889300828266,-0.009750149265333796,False,169.52396176107055,False,False,0.9216532782228245,0.8658721162113624,0.011313633467657791,False,0.008738128905429429
STT,236,0.5160937799777445,State Street Corporation,Financials,SP500,174.41000366210938,0.0012629956806913256,-0.0012025624839652194,-0.0862790296860706,-0.027111770439201544,0.27234186078093936,0.1803921568627451,0.5627450980392157,0.8627450980392157,-0.33157975518974714,-0.09742649540976078,0.6085272051463824,False,-0.02903221237067688,False,-0.05605029823018581,0.13021116807752486,0.05937847972735932,-0.009699752116920202,False,312.36525583931154,False,True,0.7126160249752466,0.8434348480244428,-0.004076047441965103,False,0.02940615470174447
NEM,237,0.5131863341820387,Newmont,Materials,SP500,113.33000183105469,-0.0018495603556397677,-0.011685675061373857,-0.11949346655698267,0.1917926203705822,-0.04351659848558409,0.08235294117647059,0.9254901960784314,0.37058823529411766,-0.039284754997889526,-0.1596424676376933,0.4548259700086892,False,-0.05479959324997774,False,-0.051663008580752234,0.01723237792945853,0.054477479048281374,-0.022967915620959345,False,856.3784631333633,False,True,0.6592878310623357,0.49128352084795673,-0.009732282438113637,False,0.026876493874390655
GPC,238,0.5130502875295302,Genuine Parts Company,Consumer Discretionary,SP500,124.7249984741211,-0.005462125572006871,-0.003157003387068147,-0.07775071422615754,0.000604109967600186,0.17046207532776148,0.21372549019607842,0.6313725490196078,0.7823529411764706,-0.34710103219369937,-0.14089980850442163,0.37412530396343957,False,-0.02861582769693649,False,-0.05009146787867147,0.056126920809072,0.05273293815648494,-0.014163400783165248,False,131.53993974164658,False,True,0.45072983141291567,0.6270560435209405,0.006139834308122705,False,0.008718418666599361
RL,239,0.5128086693635496,Ralph Lauren Corporation,Consumer Discretionary,SP500,358.8949890136719,-0.006216496493613777,-0.010381664949039582,0.07242905876547834,-0.08858466194632597,-0.06320392011448406,0.8960784313725491,0.33725490196078434,0.3215686274509804,0.237450596677027,-0.12903397577940778,0.17269769397702972,False,0.026386514988388843,True,-0.0062178854900619696,-0.012126114851678138,0.0062567894906502275,-0.0015985885014500045,False,229.12941826095886,False,False,0.8447839319794883,0.6159012409958591,0.008528510957900748,False,0.01159055458602956
ARM,240,0.5121682397476303,Arm Holdings,Information Technology,NDX,282.30999755859375,-0.040968841113690035,-0.03430936206109847,0.06842518192682179,-0.12702933061956934,0.8846423512765911,0.8823529411764706,0.20392156862745098,0.9725490196078431,0.1510839952419324,-0.3575979541986323,1.70023901786818,False,-0.02383615884533341,False,0.047494372086626324,0.2868325879474043,-0.04534093294650998,-0.04203570724322603,False,1350.5585934389233,True,True,1.2299814655373607,0.6558768988808089,-0.03291776540455049,False,0.11162929043873038
IR,241,0.5120507730651316,Ingersoll Rand,Industrials,SP500,76.66000366210938,-0.007508987800376565,0.01873759019414445,0.04185922471334824,-0.02754469644971813,-0.11869944056423698,0.8215686274509804,0.5588235294117647,0.21176470588235294,0.11263957637849664,-0.2232042224748153,0.1187350074680833,False,0.024127009614373085,True,-0.025035530578234044,-0.05950138967253327,0.025678403022298957,-0.0008067856455248323,False,333.272493559317,False,False,0.808139789518203,0.8204908614951236,0.014759184634612454,False,0.009518648442929477
OKE,242,0.5103409248501473,Oneok,Energy,SP500,89.94999694824219,0.02157857842852673,0.03201001800032843,-0.061260725999554566,0.012260882988947897,0.06884724961846711,0.30196078431372547,0.6647058823529411,0.6215686274509804,-0.07697709220674576,-0.07753056119746826,0.45195033313479205,False,-0.006916842337427398,False,-0.022728894024863444,0.04898021282725851,0.023257511539936715,0.012194654307067898,False,335.0909194934091,False,True,0.9494235184392981,0.7598016521657776,0.019988579736918144,False,0.016935126100914234
TYL,243,0.5102433146702755,Tyler Technologies,Information Technology,SP500,331.0199890136719,-0.003971858153590135,0.0025440558377971545,-0.03402592480250577,0.06960054692609963,0.022676706945068625,0.4764705882352941,0.7666666666666667,0.5274509803921569,0.0151989562948468,-0.36181536668221115,0.20252843471879922,False,-0.005613026456033121,False,-0.01770228790069861,-0.03497314655866701,0.018021306252323788,0.0054718647740861215,False,282.55222827050665,False,False,0.7694193327133327,0.420314120330543,0.0027080517133102333,False,0.018849641826451605
ITW,244,0.5095439198222704,Illinois Tool Works,Industrials,SP500,259.6199951171875,-0.005858697358052889,-0.004677201494523664,-0.010178932094649373,-0.027927343429881346,-0.03768471360095016,0.6235294117647059,0.5549019607843138,0.38235294117647056,0.0010859138175818295,-0.12113933323464021,0.10447914856508222,False,-0.02384426263978512,False,-0.05644032592541459,-0.022616494516048635,0.05981638202244022,-0.014685914759367091,False,328.60278522351075,False,False,0.9111026876651306,0.8980285228435549,0.01596788636873292,False,0.02014903413977973
UNP,245,0.5090642064181945,Union Pacific Corporation,Industrials,SP500,274.4200134277344,-0.000946480468105082,0.007341604512953737,-0.036243510432609205,-0.039261533793392256,0.10342765643649932,0.45294117647058824,0.5098039215686274,0.692156862745098,-0.09489275162119648,-0.11244124689825075,0.295020873693846,False,-0.008870351854858072,False,-0.04761702721813388,0.041226679557495816,0.049997772512718086,-0.0036830861982712904,False,696.2299165385864,False,True,0.7937411411536368,0.7757452918655071,0.007135656126836087,False,0.01171680487460404
FTV,246,0.5082346475425463,Fortive,Industrials,SP500,56.07500076293945,-0.007873313715854646,0.00420846364092764,0.004748241948176357,-0.09737514852908391,-0.0669347808852111,0.6980392156862745,0.307843137254902,0.31176470588235294,0.17085683588503897,-0.1239933183873071,0.17831596740989597,False,0.0034133210238380673,True,-0.03240237281914915,-0.03669721274598703,0.03348744551343641,-0.006919350752608411,False,130.50805420025063,False,False,0.8279149843892504,0.9310298761897112,0.018046717082493613,False,0.00903097265897608
IBKR,247,0.5078704867773881,Interactive Brokers,Financials,SP500,87.19000244140625,-0.006268468609005873,0.01608209908024061,-0.03422680969950598,-0.07249503689066727,0.21447701634971494,0.4745098039215686,0.41568627450980394,0.8215686274509804,-0.17139787421818037,-0.11122379216132372,0.4342161828234805,False,-0.020221459873855374,False,-0.03630651379438554,0.06758758499498407,0.037674337654119094,-0.011459968708204649,False,361.80245782315495,False,True,0.7194071817090093,0.7460558933667958,-0.0071802743190869656,False,0.014721387031211867
MDT,248,0.5064801901776783,Medtronic,Health Care,SP500,86.23999786376953,0.008536963037096834,-0.0023137965292434615,-0.053789438174218995,0.03669105161284114,-0.0020274375049275095,0.34705882352941175,0.7058823529411765,0.4549019607843137,-0.09646598365373538,-0.154262670199261,0.18958330877759577,False,-0.03103078817832161,False,-0.035666563328043854,-0.008418038728279842,0.036985716736250396,-0.009493677295886127,False,1110.127644738484,False,False,0.7678606556124079,2.996734243478828,0.022102670359396948,False,0.0457119402895608
NSC,249,0.5055411214210632,Norfolk Southern,Industrials,SP500,313.0400085449219,-0.0005108673559169885,0.008960222689984754,-0.03173516744645544,-0.04028176398799577,0.06887442654922116,0.49607843137254903,0.5078431372549019,0.6235294117647059,-0.057714592686389676,-0.11315089013058377,0.13961878407125972,False,-0.005661900211114124,False,-0.04820751621603647,0.009446938335103905,0.0506491877561186,-0.003493837459889626,False,352.75380633302916,False,True,0.7005487956758518,0.5813414024029353,0.004661530645513112,False,0.003208526209134863
ABT,250,0.5016333650275988,Abbott Laboratories,Health Care,SP500,98.58000183105469,-0.0015193104505082378,0.019546999089112393,-0.06319491887995587,0.05699034022514793,-0.027395208318780617,0.2980392156862745,0.7450980392156863,0.403921568627451,-0.12770039522658372,-0.24883785959904547,0.20255698872091932,False,-0.022658875386461053,False,-0.07256530406825612,-0.03962690887897358,0.07824303359208873,-0.006688188454599064,False,869.8975229968381,False,False,0.6043577456320441,0.9952815286521846,0.0016205411452931973,False,0.019280582866915055
UHS,251,0.5015334631317742,Universal Health Services,Health Care,SP500,174.9499969482422,0.0018898284290593814,-0.0006854993485795324,-0.0047218218046343186,0.1258961587137737,-0.06643967488667102,0.6549019607843137,0.8627450980392157,0.3137254901960784,-0.04919227965158657,-0.28039994256014555,0.24074279281979782,False,-0.010410648117150423,False,0.007908669105507471,-0.025031304825270717,-0.00784661284094934,-0.004903592716592908,False,123.91127898012695,True,False,0.7157779939221228,0.5999553049596373,0.006929370906551435,False,0.015854312885404055
BMY,252,0.5006685707396971,Bristol Myers Squibb,Health Care,SP500,59.1349983215332,-0.009464027373295991,-0.027864536414556995,-0.07238874177234067,0.037642289478107216,0.016006247875248514,0.2372549019607843,0.707843137254902,0.5058823529411764,-0.14538582556310187,-0.12252246041048054,0.44991336184295805,False,-0.03898618998589831,False,-0.07060098588803188,0.014796609589258214,0.07596412823343734,-0.019704361062780507,False,707.33079883604,False,True,0.7529529762626251,0.9045417299124382,-0.004187604636601505,False,0.0269620510300143
AIZ,253,0.5000489236790606,Assurant,Financials,SP500,,,,,,,,,,,,,False,,False,,,,,False,106.69350555500887,False,False,0.8323275442501182,0.9197217444258075,,False,
DOW,254,0.4977297328164359,Dow Inc.,Materials,SP500,28.149999618530273,0.013683801026382891,0.02029718966456251,-0.04251700735438613,-0.019060539236961604,-0.2437896936311369,0.4137254901960784,0.5823529411764706,0.07254901960784314,0.43753885115690117,-0.3129630283071928,0.43047750052363365,False,-0.010492660135488996,False,-0.04765747466951542,-0.107191364439711,0.05004236753260294,0.0022210066715140364,False,250.79564188861843,False,False,0.6709649868931801,0.7424577249046551,0.020525735881465,False,0.07984687943247812
KLAC,255,0.49670586754818424,KLA Corporation,Information Technology,SP500,193.92999267578125,-0.014733572769879855,-0.03194733238544467,0.06024814823157043,-0.16141507868457972,0.1254644311100237,0.8705882352941177,0.11960784313725491,0.7313725490196078,0.03154522082805726,-0.3565039379678796,0.9839854636108301,False,0.034519507014108886,True,0.03390750238887508,0.08304893635498645,-0.03279548925849818,-0.011478473160462466,True,1762.6171515115527,True,True,0.5617531123586251,0.6890109391885267,-0.021211212787272893,False,0.03523610751524235
EW,256,0.4965820030957049,Edwards Lifesciences,Health Care,SP500,85.08499908447266,-0.008102118264333158,-0.0012325784003329732,-0.012705978380431304,-0.07726927741830747,0.07498417491063769,0.6098039215686275,0.396078431372549,0.6392156862745098,-0.01096657841218679,-0.1060622104258826,0.17116307360522542,False,-0.018358562638405962,False,-0.04043190443266853,-0.0007489946630648836,0.0421355239085599,-0.012176336474347238,False,281.0912544885341,False,False,1.1025684076821922,0.8009674963849922,0.010142256457947196,False,0.02815461294983662
XYZ,257,0.49426045857885825,"Block, Inc.",Financials,SP500,75.19999694824219,-0.011436870646408415,0.015667153138454015,-0.05289678207711124,-0.02716696016311304,0.19955333538966347,0.3509803921568627,0.5607843137254902,0.8137254901960784,-0.31592801504163304,-0.11373013199077564,0.5318801530758979,False,-0.012455960856938342,False,-0.05135072081689629,0.0687108214865697,0.05413035348650164,-0.004251688386387675,False,338.6046420634882,False,True,0.716979280861865,0.6436234836308389,-0.014065987894266052,False,0.03237656969035177
Q,258,0.49397375388511566,Qnity Electronics,Information Technology,SP500,127.54499816894531,-0.016766905884138095,-0.007045533676902638,0.0165377933215467,-0.11244856552607574,-0.016829703290086817,0.7450980392156863,0.25098039215686274,0.42549019607843136,0.13943440389854572,,,False,0.025670909194165814,True,-0.0004991472311067779,0.007271685563912111,0.000499396503488736,-0.0073647928128677265,False,209.7143513009015,False,True,0.6918481256518596,0.6532646557816529,0.007708911429152865,False,0.0067762538933073095
PH,259,0.49232489975819904,Parker Hannifin,Industrials,SP500,941.9550170898438,-0.011371825047879591,-0.02477014502010677,-0.00791489340912599,-0.018119657010348567,-0.03764480311366014,0.6372549019607843,0.5843137254901961,0.3843137254901961,-0.014512106212347886,-0.12107411833141013,0.3253121544325761,False,-0.015118162006098612,False,-0.04474270439533068,-0.002044860288858197,0.04683838019474007,-0.020959219574289034,False,598.0152969708142,False,False,0.7872739245703634,0.5067767448390351,0.022911677907276662,False,0.039680810235928524
WMB,260,0.49170266639715965,Williams Companies,Energy,SP500,71.62000274658203,0.0022390661091422626,0.034672081530693344,-0.04005196007341005,-0.038388347459862526,-0.002021179434531173,0.43333333333333335,0.5117647058823529,0.4568627450980392,-0.11054449176931047,-0.08472518678188379,0.3059851702136598,False,0.011303417726232334,True,-0.002748373321322717,0.015454203684886814,0.0027559476944409855,0.010360146459410524,False,506.74334065218335,False,True,0.6526311651249119,0.7327019599924601,0.020151167924086222,False,0.014479747485130348
SLB,261,0.49139129818684024,Schlumberger,Energy,SP500,48.42499923706055,0.009695583016356535,-0.0048294412471943104,-0.15118317467736386,0.019184737185647727,-0.0686815569158723,0.03725490196078431,0.6725490196078432,0.307843137254902,0.14613023291508387,-0.19007882653612984,0.5639619072728723,False,-0.052297349631901136,False,-0.08042734494992021,-0.037186253077732934,0.08746165352811652,-0.02148664297494607,False,651.0943025858069,False,False,0.7955785534177934,0.7828275219272901,0.04065889908598397,True,0.04569116076797163
GL,262,0.49099516670005294,Globe Life,Financials,SP500,163.4550018310547,0.00027536973218822425,-0.012354663223613671,-0.03555995472108664,-0.08568513652304044,0.11324526738724283,0.4588235294117647,0.3509803921568627,0.7098039215686275,-0.29872606576877325,-0.11955049530584438,0.2640112588492223,False,-0.028307457655882717,False,-0.05680865399651858,0.03923069139990143,0.060230253635415565,-0.012071222325516717,False,83.49638774849183,False,True,0.4486926375549518,0.7881951102199198,0.005935996566702517,False,0.013113003829141615
KVUE,263,0.4898478660151365,Kenvue,Consumer Staples,SP500,17.514999389648438,-0.0008557499377908062,0.017131247854648146,-0.001465684932869804,-0.08000272906323103,0.040590478661892915,0.6686274509803921,0.37254901960784315,0.5764705882352941,-0.08733356356241123,-0.09624078294730354,0.31657586050200304,False,-0.005851797423151339,False,-0.04168381089258255,-0.002299426169769969,0.04349692864043875,-0.0012427486210689898,False,405.0426351437715,False,False,0.6196485283295586,0.45774665697128375,0.005134064407450456,False,0.0066379670296192175
AFL,264,0.48920349198896473,Aflac,Financials,SP500,112.66500091552734,-0.0006652204156755159,0.01335672428742063,-0.018084338390051413,-0.07118026159770896,0.006622117943460459,0.5764705882352941,0.4215686274509804,0.4764705882352941,-0.026572272744714298,-0.12595588781913636,0.08817805965514558,False,-0.014065089691791322,False,-0.04066283637578061,-0.013565989551338142,0.0423863870989456,-0.002344592824305214,False,241.0900757303981,False,False,0.6755938766419443,0.6860247262747355,0.004346332290658506,False,0.009515670554635333
CCEP,265,0.48868427707616324,Coca-Cola Europacific Partners,Consumer Staples,NDX,101.19000244140625,0.0032718801215316784,0.003968662786441923,-0.025332279533315072,-0.04393418421557216,0.04454006864119364,0.5392156862745098,0.49607843137254903,0.5843137254901961,-0.16928360385249985,-0.09417238142765905,0.20524287779791783,False,-0.004010903679298905,False,-0.03790567534790745,0.027546801420262,0.039399125820240855,-0.0018283408221811959,False,182.7742294122107,False,True,0.7822909563686002,0.8051623781103828,0.004065001291233106,False,0.019648149496741676
DUK,266,0.48818445790569487,Duke Energy,Utilities,SP500,115.49009704589844,-8.573986235116404e-05,0.015386840293641235,-0.04101887608369492,-0.07152132499070296,-0.11644914949831886,0.4235294117647059,0.4176470588235294,0.2235294117647059,0.03017152066305978,-0.11949452793038562,0.03958879925181291,False,-0.0017408991529783702,False,-0.03344663234492262,-0.056409934367699366,0.03460402028919152,0.004623559934509469,False,505.286937632345,False,False,0.6169655758978304,0.8175974100708502,0.0034632166742762927,False,0.05213378728207736
DRI,267,0.4869473104741843,Darden Restaurants,Consumer Discretionary,SP500,200.0800018310547,-0.006997883883412825,0.013525141175293909,-0.04459935259074821,-0.020416147705974552,0.03519929755353224,0.40588235294117647,0.5745098039215686,0.5607843137254902,-0.026272974943402083,-0.12122273248677251,0.21014023013667882,False,-0.02275102517216865,False,-0.05399168689371692,-0.012080990304325523,0.05707316325417011,-0.004520243723163286,False,241.37090044508454,False,False,1.1505975722124644,0.8032825899758033,0.004417089510073247,False,0.010040020197746859
CAH,268,0.4861554417905659,Cardinal Health,Health Care,SP500,232.16000366210938,0.0,0.008996511613564184,-0.030418111867808628,-0.013148197142334728,0.08065892556712817,0.5058823529411764,0.5980392156862745,0.6509803921568628,-0.20235217374621084,-0.06399718980850344,0.529028792576971,False,0.02117925848407909,True,-0.0011697932888407037,0.06635406761818796,0.0011711633078184125,0.010835625929979775,False,409.20497946725646,False,True,0.9301557421132751,0.6619241708232378,0.006245679382192559,False,0.008618510981500446
PPL,269,0.48403804731902467,PPL Corporation,Utilities,SP500,33.880001068115234,-0.0020618466347910314,0.034188119779171355,-0.011235906271444773,-0.045226362404096054,-0.1349831051977436,0.6137254901960785,0.48627450980392156,0.19215686274509805,0.12228233759257129,-0.1349831051977436,0.05974356571108519,False,0.02472592727076761,True,-0.0058693444959431185,-0.04788562018902065,0.0059039970887599935,0.017471860372226145,False,251.83299666646178,False,False,0.8175670871849111,0.7382821145055374,-0.007363770084886312,False,0.02215864439495135
PNW,270,0.4821357538808858,Pinnacle West Capital,Utilities,SP500,97.72000122070312,0.0018453998717067321,0.03265353542186178,0.005556708312734804,-0.08797136161564145,-0.047554898664977974,0.707843137254902,0.3392156862745098,0.35294117647058826,0.03393192893595798,-0.09839497930899332,0.16071631823187427,False,0.03401937780638642,True,0.004438985617721158,-0.0034517831417252287,-0.0044193681062580925,0.018340281409791936,False,111.17348499520996,True,False,1.011767503000786,1.0995318738183522,0.004664771650440436,False,0.009223776696404434
TJX,271,0.48141954203750315,TJX Companies,Consumer Discretionary,SP500,136.85800170898438,-0.013991363833394721,0.024462949776777876,0.08514112534534779,-0.09283847047169513,-0.16521525305005347,0.9176470588235294,0.3215686274509804,0.1411764705882353,0.29612831433943443,-0.1847882478819698,0.11411597027840203,False,0.04551647823427052,True,-0.016697788290798488,-0.09649740954051489,0.01698133909591637,0.015017053446787498,False,1078.161743809884,False,False,0.9446779913864762,0.8864791711288023,-0.009798275075285301,False,0.03073968656853916
LYB,272,0.48128621311538317,LyondellBasell,Materials,SP500,59.20000076293945,0.012138811148881157,0.02457601269717191,-0.08231283828013991,0.06142201690855709,-0.1637357670308225,0.19607843137254902,0.7549019607843137,0.14705882352941177,0.2441387513909673,-0.26636553108698313,0.48490899757393846,False,-0.018925455005152525,False,-0.04612753227734345,-0.03464936426834253,0.04835817558239386,0.003913111197450414,False,230.35824287088204,False,False,0.84485921851788,0.6541858600430538,0.017267879852105317,False,0.035932987228882364
PLD,273,0.4811748209153147,Prologis,Real Estate,SP500,127.19000244140625,-0.0008641053237590235,-0.007723438063216959,-0.05499171653392976,-0.08994232769711696,-0.06440905797133978,0.3392156862745098,0.33137254901960783,0.3176470588235294,0.10436667817812056,-0.14567625594606792,0.17938658066953383,False,-0.03756798754937185,False,-0.06778010587343675,-0.0650395328410317,0.07270828084713088,-0.0156864463934131,False,522.746313905111,False,False,0.5628866400840798,0.7379141441015845,0.01060479821180893,False,0.021594297428251957
INCY,274,0.4788400729723451,Incyte,Health Care,SP500,112.69000244140625,-0.006611424399319721,-0.037988705578185566,-0.10570589214357651,-0.03444432074887438,0.16223188433850377,0.10784313725490197,0.5274509803921569,0.7725490196078432,-0.3962280802732051,-0.13268676368969357,0.3447493835030646,False,-0.06961190150142826,False,-0.08243059159738109,0.05173072509899512,0.08983581061282675,-0.03177336175721912,False,183.56354797912843,False,True,0.6749236926883612,1.0546282489958936,-0.004848404794789207,False,0.029563583662646328
HON,275,0.47574027108416445,Honeywell Technologies,Industrials,SP500,206.06500244140625,-0.009826525217181636,-0.03617867399412078,0.005538524404383738,-0.08716847806617023,-0.1605710416975905,0.7058823529411765,0.3431372549019608,0.15294117647058825,0.16309811595871226,-0.20111436128551685,0.05846387773096895,False,-0.015125716457167537,False,-0.05758303567118506,-0.10023680579840633,0.061101442196761946,-0.020401871316216846,False,634.643427633291,False,False,0.5438676656045283,0.610111648900173,-0.007784321332162447,False,0.017577509142556066
TROW,276,0.47264400118800615,T. Rowe Price,Financials,SP500,103.87000274658203,-0.0019217540965567048,-0.01852025938354951,-0.023926420789409097,-0.11292986851805009,0.1547746499445024,0.5509803921568628,0.24705882352941178,0.7627450980392156,-0.287187751813054,-0.13574819018727569,0.23476067709887438,False,-0.003431879585133246,False,-0.038258178577972535,0.022000418062005034,0.03978009245912184,-0.003335397126331352,False,171.4201099601549,False,True,0.5565254249314479,0.8159912987591943,-0.005188824032966721,False,0.022943485183219578
SPG,277,0.4719266064747547,Simon Property Group,Real Estate,SP500,196.98500061035156,-0.003061874278819654,-0.019047841216800476,-0.03688944513751713,-0.08991509376766826,0.011627644553900973,0.45098039215686275,0.3333333333333333,0.49411764705882355,-0.038486627527723416,-0.1588539138455275,0.18898772450421353,False,-0.029698652027214445,False,-0.06620213153262067,-0.017373915939408957,0.07089556933908692,-0.017829130569498863,False,263.0248571389435,False,False,0.5621961748379269,0.7886738219636867,0.01963664636228568,False,0.007323316148580724
SYF,278,0.4683262497103253,Synchrony Financial,Financials,SP500,71.69499969482422,-0.003267073673773546,0.002587016544081777,-0.07310922935814745,-0.006010768102882702,-0.0026661139370227627,0.22941176470588234,0.6176470588235294,0.45294117647058824,-0.057499712213652576,-0.17948388167085783,0.1335329587622387,False,-0.0180414939334127,False,-0.06192822755245986,-0.031128700882049998,0.06601651320440216,-0.004380174321096941,False,226.3830216452466,False,False,0.6018221803643771,0.6242785312072486,-0.010565857542138568,False,0.006309306789546731
WTW,279,0.46781559738554035,Willis Towers Watson,Financials,SP500,290.57000732421875,-0.00034405373411694473,-0.0035322316794850206,-0.07070034115515678,0.006524747782059359,0.016470163721613584,0.2549019607843137,0.6529411764705882,0.5078431372549019,-0.26486704270749395,-0.16880998398971991,0.20849623266635287,False,-0.029422493367288305,False,-0.09535824869802778,-0.018293342214535713,0.10540995765537797,-0.004559713675056809,False,170.31413103657107,False,False,0.6015627278191817,0.7664396830756854,-0.00017207936228791354,False,0.006830057364448648
DG,280,0.4675966531580813,Dollar General,Consumer Staples,SP500,121.7699966430664,-0.0030293331294497516,0.028967502622118557,-0.017619787745406734,0.029054012799089923,0.02713358536143362,0.5784313725490197,0.692156862745098,0.5392156862745098,-0.14541652277349293,-0.2090213854042121,0.2936165408372202,False,-0.0026944794994036014,False,-0.014279660676277728,-0.02778399009436705,0.014486523313574473,0.0039790706743638715,False,285.14651617200303,False,False,0.8323507435256605,0.6642184881553175,0.009579156499033514,False,0.026907119634028635
DPZ,281,0.46620279737393827,Domino's,Consumer Discretionary,SP500,300.5,-0.008578047018011792,0.01864406779661021,-0.059421381014051367,0.009678752691775205,-0.18503173289708497,0.30980392156862746,0.6588235294117647,0.12352941176470589,0.16175895015540465,-0.30257686749640145,0.0682909703510477,False,0.0016424978026856607,True,-0.07830892645514242,-0.13460765434225996,0.08496222726120517,0.001962074198822661,False,250.07558569322023,False,False,0.7321998810619016,0.7403232075863391,-0.003761183191953399,False,0.013345096770279289
PPG,282,0.46619422874316374,PPG Industries,Materials,SP500,103.625,-0.013846610256002867,-0.009983741160084936,-0.032988088291371676,-0.10697588302791206,-0.04330619340021569,0.4823529411764706,0.2647058823529412,0.37254901960784315,0.0357430643490273,-0.19768576287197526,0.12027895592122317,False,-0.018704966290997715,False,-0.058992399447514776,-0.0664289878321439,0.0626906726501244,-0.015450450037678753,False,170.6643060301459,False,False,0.533761414304817,0.7790912211296047,-0.0011420131755894847,False,0.01059054060653416
LMT,283,0.4655545136833722,Lockheed Martin,Industrials,SP500,497.8599853515625,-0.002724281610943291,-0.015113777741716072,-0.050718902312215874,-0.04258358149234387,-0.19178870102702172,0.36666666666666664,0.5019607843137255,0.11764705882352941,0.06164767276773725,-0.2548858012692158,0.1541157336302712,False,-0.04126146080024229,False,-0.09235606803158658,-0.10728671672311818,0.10175363353258304,-0.01903185278263686,False,594.7871665774976,False,False,0.41732143850755465,0.7460129092291596,0.02075234430958295,False,0.04321728583943489
ED,284,0.4645832521337734,Consolidated Edison,Utilities,SP500,104.29000091552734,-0.0033447866605752496,0.007632859087220778,-0.029770183382995308,-0.05376762768496357,-0.07787375123036189,0.5137254901960784,0.4647058823529412,0.28431372549019607,-0.034315644065845474,-0.08170720581946223,0.1211008843243111,False,0.0007580892247922577,True,-0.017897832079661224,-0.022511924234497882,0.018224002211054025,0.002608018106661447,False,233.96817335965622,False,False,0.8305852757523249,0.9269074400878011,0.00487387365448444,False,0.010291643223034936
LDOS,285,0.4641605672578599,Leidos,Industrials,SP500,112.85749816894531,-0.006098677800095209,-0.07471101877968223,-0.11640369758550684,0.057970814441369534,-0.26990952627025244,0.08431372549019608,0.7509803921568627,0.054901960784313725,0.17759487356586467,-0.42789056959094285,0.13224030214388027,False,-0.08647381584746927,False,-0.1335627042981331,-0.22167118779912875,0.15415161023272805,-0.044743529405247506,False,175.61709118640596,False,False,0.7047386683001763,0.8047675931782297,0.021136009088352115,False,0.025558595730545308
MELI,286,0.46122102535329745,MercadoLibre,Consumer Discretionary,NDX,1861.719970703125,-0.005905690161541521,0.10479964400022235,-0.007786469167865628,0.005128980439830677,0.03820523600583137,0.6392156862745098,0.6470588235294118,0.5686274509803921,-0.1885576148267526,-0.2113895681891208,0.2035866720414714,False,0.03335569823232376,True,-0.00035546898896876566,0.014108618314009558,0.0003555953921032806,0.027044964378645675,False,1013.135611780371,False,True,1.1866673987693352,0.9573269756920674,-0.0027979742160868515,False,0.022260032728967302
TAP,287,0.4610594933691306,Molson Coors Beverage Company,Consumer Staples,SP500,36.849998474121094,-0.0027064218336542156,-0.007006255239940473,-0.042359695621256854,-0.048263268738758525,-0.15564288925887515,0.4196078431372549,0.4745098039215686,0.1568627450980392,0.15552741644603046,-0.2991117734637787,0.025034706316597433,False,-0.012474756657216868,False,-0.06900151330144089,-0.126637522606021,0.07411560199859091,0.00015107295705307777,False,153.3552388571083,False,False,0.6289323544293616,0.7367833650062112,-0.0037888873276792356,False,0.007838535402783198
CSGP,288,0.46102184245502753,CoStar Group,Real Estate,SP500,27.81999969482422,0.007970989504123116,0.0036075174583987124,-0.059499669824925605,-0.02007748175690527,-0.2545552003666689,0.307843137254902,0.5803921568627451,0.06470588235294118,0.4629753271171483,-0.6478481051288074,0.03228196316347254,False,-0.026404671788967993,False,-0.07743938819882279,-0.2926231491500456,0.0839396211026533,0.001963844240360224,False,193.55764996801864,False,False,0.634900672379074,0.572488150085095,0.0,False,0.011613380162516663
COR,289,0.46081659111708534,Cencora,Health Care,SP500,316.5050048828125,-0.0023482903615050787,0.021708974530362912,-0.021078195864855043,0.045078949983061056,-0.014299039146387749,0.5666666666666667,0.7254901960784313,0.4294117647058823,-0.1453512912014121,-0.15038471025468303,0.25761310924214853,False,0.010662898990200897,True,-0.0036843818106976345,-0.0006185236557045837,0.0036980066792424715,0.01015477233962403,False,420.1924458451514,False,False,0.8670203754377312,0.6339117734671942,0.00015756593528371,False,0.007573099067377236
TSN,290,0.4594015630197716,Tyson Foods,Consumer Staples,SP500,51.84000015258789,0.002707918521904551,0.027144816698018603,0.0019327110722284768,-0.09521090214821037,-0.19344300026933614,0.6843137254901961,0.3156862745098039,0.11372549019607843,0.0965081923180231,-0.23250972864611308,0.0580222807177353,False,0.0016036550456004495,True,-0.046572621108168955,-0.12126334308326137,0.048847580989650474,0.0047577897258324064,False,181.0143670918518,False,False,0.5237024133276496,0.7831514876942512,0.003481630609661668,False,0.020242571598201916
UNH,291,0.45918877938404357,UnitedHealth Group,Health Care,SP500,372.7950134277344,-0.008471188535364882,0.02079682630568347,-0.04571685873418785,-0.11664421110847245,0.22913177086682057,0.3980392156862745,0.22941176470588234,0.8333333333333334,-0.08174283411994934,-0.14039070108093044,0.4563850382189769,False,-0.0055677109972736005,False,-0.04053273151434644,0.054297758580150735,0.042245038309977945,-0.003954115563799543,False,1745.4149262581507,False,True,0.8200180126384745,0.886747032138016,-0.00015957645843023283,False,0.03182098408494291
LUV,292,0.45885088648769834,Southwest Airlines,Industrials,SP500,41.185001373291016,-0.012823581777524518,-0.01565484648442006,0.0647621780856098,-0.1456141904445134,0.03353879211602706,0.8764705882352941,0.14705882352941177,0.5568627450980392,-0.011453896627143995,-0.2383555835858885,0.41287565330476106,False,-0.001751183861231409,False,-0.01570718544865346,-0.046302750662019165,0.015957838172183658,-0.0134630509385405,False,214.31670081383956,False,False,0.6958033377575702,0.8444806528350555,-0.0009587946873667041,False,0.01965871224852355
HSIC,293,0.45763053188053354,Henry Schein,Health Care,SP500,81.69000244140625,-0.023547706603739504,-0.03814903864508856,-0.07138795830571076,-0.03210899331135331,0.08026976295102783,0.24705882352941178,0.5392156862745098,0.6490196078431373,-0.192682552473044,-0.10092447839914043,0.31694347975178583,False,-0.04467310738887187,False,-0.06713133956627215,0.016106733118061545,0.07196226265663186,-0.0293661570158692,False,99.1124048337848,False,True,1.0673766788567043,1.029723424130614,-0.044346241351498894,False,0.05766396998796849
ARE,294,0.4554036622738838,Alexandria Real Estate Equities,Real Estate,SP500,44.58000183105469,-0.01393490966989075,-0.05209434428734672,-0.10106864432313611,-0.05488301706856824,0.042191323731679775,0.11960784313725491,0.4588235294117647,0.5784313725490197,0.12418556463681363,-0.39311457225471946,0.13452113425901646,False,-0.09865787727018693,False,-0.1037489309815629,-0.08699064847180649,0.11575878073449597,-0.04448696811181074,False,98.57273960569306,False,False,0.8847335324794646,0.8350244580907874,0.011280737592530343,False,0.016207179669802455
ZTS,295,0.4538604567056032,Zoetis,Health Care,SP500,71.47989654541016,-0.0009798253439198268,0.03444136213954274,-0.024963866786666733,-0.04740362689711963,-0.39752270218634844,0.5411764705882353,0.4803921568627451,0.013725490196078431,0.3277502781934692,-0.5061836848670941,0.03444136213954274,False,-0.0007911911861608889,False,-0.033509486618880646,-0.25959773855542345,0.034671304223828026,0.005559959843733253,False,392.56661839174194,False,False,0.6012206430293334,0.6258950068735772,0.002515727428349379,False,0.017518437534744098
DLTR,296,0.4519243782077603,Dollar Tree,Consumer Staples,SP500,116.36499786376953,0.0005588547747741313,0.016909879869206224,-0.017104498152873293,-0.06840929907787618,0.13416178941874346,0.5803921568627451,0.42549019607843136,0.7411764705882353,-0.18312037143624577,-0.17594368436254604,0.3406105273335356,False,0.016747720251071074,True,-0.05598845998250668,-0.005629003198219906,0.05930908427397941,0.011329130970004098,False,295.66603707616474,False,False,0.7999646639904262,0.6870149873678676,-0.001977672836614097,False,0.014246684343658292
REGN,297,0.4513184210152619,Regeneron Pharmaceuticals,Health Care,SP500,735.0,-0.00959412920286995,0.0002585735660070032,-0.08995235834576853,0.10735308438401203,-0.04023267318565393,0.16470588235294117,0.8333333333333334,0.3803921568627451,-0.13339856490541413,-0.1373543481718036,0.3245996416326504,False,-0.042940706589899125,False,-0.0686744202340418,0.0010268238233326343,0.0737383593085672,-0.015007236743238894,False,576.8382575868897,False,True,0.89117469152199,0.6993669925695369,0.0,False,0.016589112697603263
AMAT,298,0.450400677151456,Applied Materials,Information Technology,SP500,508.2749938964844,-0.0237684239648408,-0.039722264087238446,0.08408870060729878,-0.15548799409704028,0.2806391310158145,0.9156862745098039,0.12549019607843137,0.8686274509803922,-0.1445685123364414,-0.29623998318597544,1.4343239256224862,False,0.05555100949997538,True,0.03805089056869759,0.1754789330710016,-0.03665609356382449,-0.011346710964745377,True,3241.682746087771,True,True,0.6026675086442688,0.5968591305156605,-0.020580094791174508,False,0.05519505587011208
GEV,299,0.44820254085886324,GE Vernova,Industrials,SP500,1000.010009765625,0.0029285047804208375,0.012719628744062739,0.05149103388887544,-0.08387912917051965,0.03357469180428385,0.8588235294117647,0.35490196078431374,0.5588235294117647,-0.19304324469513828,-0.1488262242020404,0.8283507813878344,False,0.045959530983392005,True,0.032782038362367816,0.08205473889145387,-0.03174148769506946,0.012994948042228671,False,2004.2204918067773,True,True,0.8057083263921871,0.8156631374125544,0.011844464632585927,False,0.053454856510601896
JBL,300,0.4459176260300258,Jabil,Information Technology,SP500,295.94000244140625,-0.011787487110254347,-0.012842342952662844,-0.04955516882727895,-0.10380593321722764,0.010411633855997193,0.37254901960784315,0.2784313725490196,0.48627450980392156,0.1825409615901155,-0.23241462405709734,0.5385933003323711,False,-0.02792010565393277,False,-0.06545614053722826,-0.024022182252953383,0.07004073685193979,-0.02178704811624599,False,371.0908302922192,False,False,1.0850266740561036,0.8611056903003742,0.00904929189578807,False,0.017164287458504103
JPM,301,0.44538023903337626,JPMorgan Chase,Financials,SP500,327.2315979003906,-0.007125398287374685,-0.012953533616638202,-0.0728647717449179,-0.022604903581051272,0.06449804497830547,0.23137254901960785,0.5725490196078431,0.615686274509804,-0.2571965772610414,-0.09944648510567389,0.1739367104558589,False,-0.03435737498570868,False,-0.061771996064517776,0.025871636495565786,0.06583900267888998,-0.013813692843094416,False,2343.17912106073,False,True,0.886677381604756,0.7842681376716032,-0.007221234486920358,False,0.16427207491564144
MAS,302,0.4445800796858491,Masco,Industrials,SP500,67.98999786376953,-0.012777767499888348,-0.0042472308247210044,-0.02003458409736336,-0.12271117316560376,0.08191643372470647,0.5705882352941176,0.21764705882352942,0.6549019607843137,-0.11503395878899503,-0.17496484966246695,0.17090689069800447,False,-0.007024901714899556,False,-0.0462518419851502,-0.024842017699881924,0.04849481657864452,-0.008245806503070274,False,155.47583893102342,False,False,0.5895506370359631,0.7281075558641542,0.0011615245893703552,False,0.015546130502552533
L,303,0.4437092563268431,Loews Corporation,Financials,SP500,105.7833023071289,0.0010722451040685588,0.006980478191988215,-0.02665345960538168,-0.07954950783432169,-0.04487951937946366,0.5294117647058824,0.3784313725490196,0.36666666666666664,-0.11667625954491384,-0.11354606469862438,0.08411744523753084,False,-0.00658184720987498,False,-0.036068470697240174,-0.028614638017191774,0.03741808375469313,-0.00022347273581013738,False,91.9207569771051,False,False,0.6713238174789192,0.8065287665370895,0.005299566553345958,False,0.019452595832641233
RDDT,304,0.44317406738339815,Reddit,Communication Services,SP500,152.59500122070312,-0.0007530972962338511,0.02049757551279141,0.04203085684705332,-0.21882356874446274,0.1027243520473109,0.8235294117647058,0.06470588235294118,0.6901960784313725,0.0001266259928629082,-0.4106708162936741,0.252421255804389,False,0.0029428733561058795,True,-0.01123124500351469,-0.08622916250246426,0.011358818679049643,0.015248129381898456,False,981.226776798009,False,False,0.49299123427948555,0.47643026105713066,-0.03572131223381925,False,0.018805812231521685
IDXX,305,0.4429880924433197,Idexx Laboratories,Health Care,SP500,507.70001220703125,0.0020328788994807834,-0.01941088902553112,-0.014461830251303986,-0.09913585604467023,-0.1317656909670265,0.596078431372549,0.296078431372549,0.2,0.16300602432753925,-0.3377941030714613,0.005944125079135887,False,-0.016646490547846504,False,-0.060052920507749796,-0.13110378405184864,0.0638896825342441,-0.01582204531994791,False,295.49655723613404,False,False,0.6405663297530435,0.783135058365654,0.0,False,0.05235386518557752
MNST,306,0.44259215885685527,Monster Beverage,Consumer Staples,SP500,43.09590148925781,0.005034991039287062,0.022683960926781266,0.005973420535911433,-0.11498302167894936,0.13127444830837542,0.7098039215686275,0.23137254901960785,0.7372549019607844,-0.06804036683166415,-0.1375645299883903,0.2998311891408778,False,-0.005879788219635418,False,-0.04445834564306661,0.013851132786456333,0.046526852534740204,0.003139297837535082,False,454.7855961154971,False,True,0.8690547922688658,0.6780318606847417,0.0030316522896411957,False,0.027319972898358892
MCO,307,0.4424068032994667,Moody's Corporation,Financials,SP500,449.010009765625,-0.0013789006748984312,0.00368835941543999,-0.05385927716483685,-0.07659067654797413,0.029237786110023034,0.34509803921568627,0.3980392156862745,0.5450980392156862,-0.22035608764053566,-0.1623441674214008,0.09649326442385697,False,-0.025907232533001978,False,-0.06110846642911483,-0.04199150928710782,0.06508575724045684,-0.007653160824138583,False,353.0526086689087,False,False,0.6439914899616231,1.018202704821846,-0.0011120254310659217,False,0.009349016800330585
AMCR,308,0.44207208889380367,Amcor,Materials,SP500,41.07500076293945,-0.004483702523497279,-0.017579540449886077,-0.04764665555955627,-0.03508202806207372,0.014349269785979502,0.3803921568627451,0.5254901960784314,0.4980392156862745,-0.2670734047043475,-0.15153985819867977,0.15451690822292008,False,-0.025232405076982545,False,-0.07303516934043408,-0.01693346153137487,0.07878957963104938,-0.0160397266650929,False,153.98820851854975,False,False,0.577912067853622,0.6581363041697652,0.006543879513993156,False,0.014707954963142027
HOOD,309,0.44194258654815616,Robinhood Markets,Financials,SP500,106.16000366210938,-0.03059079909389184,-0.044894267163889445,-0.07911168644829447,-0.05188887644237594,0.5139760339967199,0.20784313725490197,0.46862745098039216,0.9372549019607843,-0.5118030773953417,-0.30368621942049634,0.6292203452382792,False,-0.07393834741628236,False,-0.005696416229534873,0.12737175065053585,0.005729051290284781,-0.05128884019171831,False,2236.698124220156,False,True,0.6961257163314275,0.8394056804802188,-0.020363467385923983,False,0.07646144464200262
ARES,310,0.44142543523719485,Ares Management,Financials,SP500,114.55000305175781,-0.01036714426127161,-0.017328614981167334,-0.1384943539621989,-0.04966325554828921,0.11571256830389931,0.054901960784313725,0.47058823529411764,0.7176470588235294,-0.0930125474847473,-0.3308945531423356,0.22817147269675386,False,-0.056909818313928384,False,-0.128508784922026,-0.09286976307830164,0.1474584972271098,-0.025286964108095278,False,285.7733182666214,False,False,0.585784421868096,0.7110739399595973,0.0014686666863525932,False,0.00842719059851222
BXP,311,0.43998734797554007,"BXP, Inc.",Real Estate,SP500,59.185001373291016,-0.003954843535776353,-0.017513284790509842,-0.06884338352758901,-0.10409962809290763,0.1527332495301208,0.2627450980392157,0.27647058823529413,0.7588235294117647,-0.09339242546333598,-0.17960719902807076,0.19237456333056535,False,-0.0415377435765123,False,-0.09313884332655575,-0.03418786572397048,0.10270463415613529,-0.017691045804712924,False,83.72217479949364,False,False,0.6749743549258568,0.7668293519564044,0.000336594721979111,False,0.007279770596513702
INTU,312,0.43816627071495196,Intuit,Information Technology,SP500,296.489990234375,-0.0025232136476947,0.04848288957585867,-0.05558390798027757,0.07830229650997911,-0.17663376439350864,0.3352941176470588,0.7843137254901961,0.13137254901960785,0.11112390161544072,-0.5620746285489372,0.16753571433507153,False,0.0040552773676783005,True,-0.07868113958050571,-0.22855553332017742,0.08540055236108013,0.02538865064525453,False,1205.1385998730516,False,False,0.910763082926197,0.6902092841613713,-0.0016316288773259302,False,0.042609161969794376
OMC,313,0.4357901102410547,Omnicom Group,Communication Services,SP500,74.76000213623047,-0.0014692214013118932,0.0008032823352035479,-0.03539288994092715,-0.07813081963292667,0.01944732712131647,0.4627450980392157,0.39019607843137255,0.515686274509804,-0.1949311231341852,-0.15078995452942967,0.14609584780825302,False,-0.01589527682924452,False,-0.07269436538053553,-0.026246376337756283,0.07839310219479789,-0.0031411383418272765,False,217.22384629973266,False,False,0.5015959461392843,0.6014298081870824,0.0022705778377052344,False,0.010188719542198594
PSA,314,0.43399979515050546,Public Storage,Real Estate,SP500,281.0899963378906,-0.003191581005185129,-0.01024649176799075,-0.03606939102069351,-0.11413163229808743,-0.022702630093213383,0.4549019607843137,0.2372549019607843,0.4117647058823529,0.027861555581136566,-0.14069669310167698,0.12029651726492285,False,-0.025949424693008982,False,-0.07523139935258827,-0.046739456744331664,0.08135159357694488,-0.010504202178729605,False,256.20746783233153,False,False,0.8274069976420249,0.8611960729154359,0.01368848541727452,False,0.009068464857988935
CAT,315,0.4334048403095463,Caterpillar Inc.,Industrials,SP500,813.9500122070312,0.0001474449389524679,-0.015005704296310873,-0.001974085728066677,-0.14379311569128506,0.0380429917666496,0.6647058823529411,0.15490196078431373,0.5666666666666667,0.014001765089597495,-0.23423802768828927,0.6716402924546365,False,-0.0017941684525190071,False,-0.010424239719413864,0.019173479374383184,0.010534049173211546,-0.0158340204898606,False,2061.168774925574,False,True,0.7777119281582022,0.8110080521113332,0.03952911816301907,True,0.05604463703752381
AWK,316,0.4322493244951956,American Water Works,Utilities,SP500,127.55500030517578,0.0013738660349447152,-0.0023854239302348867,-0.09103542620386273,-0.017496136422910036,-0.07129655726975925,0.1588235294117647,0.5862745098039216,0.29411764705882354,-0.2043321438164306,-0.09898341113920206,0.06004656145470366,False,-0.03620966293187888,False,-0.05496404495013585,-0.023213156920625533,0.058160797646303,-0.01110583374729368,False,277.55529493549267,False,False,0.6611429131808575,0.8203158000681794,0.005573866382334147,False,0.014762708560809775
WELL,317,0.4317703996710323,Welltower,Real Estate,SP500,220.31500244140625,-0.0036405241206459715,-0.029192737854625284,-0.0660660952026858,-0.04509384374131342,0.07541766330210198,0.2823529411764706,0.49019607843137253,0.6411764705882353,-0.35129120141207165,-0.12267744641177059,0.3472253169186901,False,-0.04176392543840768,False,-0.05699138926218539,0.031089964726506825,0.060435703993832135,-0.023673851770368737,False,640.4428237543922,False,True,0.7194147437925791,0.722979328104525,0.021165014643248492,False,0.01257357506874637
REG,318,0.4314552290552722,Regency Centers,Real Estate,SP500,70.66000366210938,-0.0019773924239253615,-0.015877428150339434,-0.05262058528237368,-0.10354736515046947,-0.08041206937141177,0.35490196078431374,0.2823529411764706,0.2803921568627451,-0.026844710486934487,-0.13672526819028763,0.09482508541400048,False,-0.027619101829496118,False,-0.05325592681871749,-0.05893507460341807,0.056251661169385514,-0.013075737532637799,False,95.17981958879395,False,False,0.5068176877735208,0.8040989441261449,0.0031072539805934163,False,0.009772205981904227
CDW,319,0.4309974282022161,CDW Corporation,Information Technology,SP500,137.26499938964844,0.003252390305572783,0.010564658317376852,-0.03585724452218353,-0.04480420703280208,0.09458397578914979,0.4568627450980392,0.492156862745098,0.6764705882352942,-0.17907601396723077,-0.12116422745864341,0.39716530321191335,False,-0.02664986925725399,False,-0.03180197332637913,0.05229794907322738,0.03284655871034903,0.00858327255858038,False,235.62087398057892,False,True,0.9460233664376377,0.5035421975895451,-0.002338892757551392,False,0.005643369933174163
FDX,320,0.42971917037767543,FedEx,Industrials,SP500,287.57000732421875,-0.005085805346129679,0.0017417354207793778,-0.06627341477142112,-0.08259261433573228,-0.04609985472477529,0.2803921568627451,0.3607843137254902,0.3607843137254902,0.1024672882851771,-0.14925907822603468,0.6156751330308223,False,-0.02284788138854199,False,-0.07451244686332292,-0.0356671206181145,0.08051156021578465,-0.005915964935518492,False,472.2499062531311,False,False,0.8873392018642235,0.7386120381320644,-0.004186347691960357,False,0.012933940277233826
BG,321,0.4246017097379346,Bunge Global,Consumer Staples,SP500,107.12000274658203,0.01525922261164192,0.004783811399593496,-0.13263155670783777,-0.057072930338911365,-0.11805788012653096,0.060784313725490195,0.45098039215686275,0.2196078431372549,0.06546180115881972,-0.17970157014532973,0.3602540031312005,False,-0.04163757027450199,False,-0.050765724013207336,-0.07155575407073977,0.05348071102935359,-0.006021283978452585,False,188.70557998566912,False,False,0.6862729921136009,0.7546841419998837,0.02274667308583811,False,0.03532510431154381
EXPE,322,0.4243161999995771,Expedia Group,Consumer Discretionary,SP500,260.2850036621094,0.0055049771737085695,-0.00907987072639782,-0.045176090116189616,-0.037550348225672936,0.134429156559986,0.4,0.515686274509804,0.7431372549019608,-0.3805955258815854,-0.23138551711490396,0.3886814491686572,False,-0.03959100202933108,False,-0.12023925973017702,0.005602806900119939,0.13667268181721726,-0.009989684238964402,False,549.1282276515246,False,True,0.7167157789701442,0.6078516269946176,0.000695446200828842,False,0.019134097000175914
SHW,323,0.423338303501748,Sherwin-Williams,Materials,SP500,311.68499755859375,-0.010523817274305514,-0.02835276904829931,-0.02792856998731863,-0.0646263842682252,-0.06706157152439285,0.5215686274509804,0.43529411764705883,0.30980392156862746,-0.11656498215724642,-0.15752007379756627,0.06623005352189248,False,-0.033965488069755745,False,-0.07568876413559311,-0.060622308998490415,0.08188666457658034,-0.02367162078924301,False,556.5220872965882,False,False,0.637876564011247,0.7350540197363036,0.008095199342758042,False,0.02846474152182968
STZ,324,0.41975341317629417,Constellation Brands,Consumer Staples,SP500,118.25,-0.0011825271591366926,0.04655281206901507,-0.027149345692345395,-0.11098201574611655,-0.264260751535893,0.5254901960784314,0.2549019607843137,0.06274509803921569,0.13552818387629023,-0.28019549146916845,0.048594515563200824,False,0.008038746062653646,True,-0.06055058854427242,-0.16357532722710943,0.06445327210375917,0.019904090925382478,False,266.2824390402478,False,False,0.6482681790832842,1.5873165269443812,-0.034208996305746475,False,0.04160113379867388
INVH,325,0.4189166800362687,Invitation Homes,Real Estate,SP500,25.924999237060547,0.0025134812519287397,-0.017992438952018852,-0.06965732500041577,-0.11428860753950665,0.018658718947382802,0.2607843137254902,0.23333333333333334,0.5117647058823529,-0.06999347684279189,-0.1429533459438045,0.09914912405548071,False,-0.02481429520122902,False,-0.08091165482886498,-0.049018222009684864,0.08803468703957851,-0.011312635095774626,False,129.41691111824233,False,False,0.6744140938737937,1.0178676961952564,0.02088163168729995,False,0.029593702891671722
DASH,326,0.41796780992625726,DoorDash,Consumer Discretionary,SP500,190.63999938964844,-0.003137450775366535,0.04646628898634142,-0.033486252584583376,-0.006151641588543089,0.2335166329683236,0.47843137254901963,0.615686274509804,0.8352941176470589,-0.33343309926710407,-0.3216865053554796,0.30040921863970294,False,-0.0049701941027539,False,-0.07565527361645841,0.025000927143962404,0.08184746605571758,0.002805990646188805,False,852.0344841145188,False,True,1.0217429513147323,0.5853998387065444,-0.00392177357486434,False,0.0088309180212474
AEP,327,0.4174416443311227,American Electric Power,Utilities,SP500,121.94999694824219,-0.001064915472334338,0.01837158203125,-0.021817608571848557,-0.09267913170460684,-0.09755125094398931,0.5568627450980392,0.3235294117647059,0.25882352941176473,-0.0717739150454702,-0.11400640163290088,0.09718101160088866,False,0.014563260825411595,True,-0.006877702896843085,-0.03091016162705984,0.006925333281615709,0.010703425304986247,False,464.3191575498139,False,False,0.6884476672524759,0.8044122236783945,0.00020479624429814436,False,0.011317411633116557
FERG,328,0.4174069558791049,Ferguson Enterprises,Industrials,SP500,212.9600067138672,-0.009764674363275883,-0.03851189023316959,-0.04596359847114073,-0.0602544135539993,-0.1541402080687474,0.396078431372549,0.44313725490196076,0.1607843137254902,0.14176739188826215,-0.19846951351602182,0.0,False,-0.03140119568475064,False,-0.07692766534299522,-0.0983104584100637,0.08333871838069973,-0.029576486351248543,False,628.0321248784005,False,False,0.7549960836589119,0.4120582711126743,0.024318775164656747,False,0.007786279885134486
FE,329,0.4172571377812262,FirstEnergy,Utilities,SP500,44.61000061035156,0.0006729201001507423,0.028117106196461128,-0.03462450780828341,-0.0598445423402002,-0.1231571801311293,0.4725490196078431,0.4470588235294118,0.20784313725490197,-0.04217796707724181,-0.1231571801311293,0.0436539728304004,False,0.005511046861245594,True,-0.027614833257084692,-0.04613090086725391,0.028399068806842065,0.01178957463053365,False,196.47353494781007,False,False,0.8327510113289818,0.9558915697169564,-0.003813413563481638,False,0.014637416137430036
UAL,330,0.4166612009921,United Airlines Holdings,Industrials,SP500,109.05500030517578,-0.01012070329764081,-0.024378229592768585,0.0180638303676246,-0.13448412456209702,0.11656601156618418,0.7607843137254902,0.1784313725490196,0.7215686274509804,-0.19534553547446373,-0.19877305255935884,0.27983806451006377,False,-0.015013466780858686,False,-0.05200312611964031,-0.00023170625427315628,0.05485579916184746,-0.015732411810893465,False,400.6482582056584,False,False,0.8545916951656352,1.1339887158994861,-0.020876785518651353,False,0.07462191384767435
BKR,331,0.4157372330876046,Baker Hughes,Energy,SP500,55.66999816894531,0.004692263530936325,0.0008989435099016063,-0.12523572119957482,-0.02927735102921747,-0.11602578201298208,0.07254901960784314,0.5509803921568628,0.22549019607843138,0.08522696749932857,-0.1953259332385825,0.2714298732905003,False,-0.019972041625781478,False,-0.0783947642075532,-0.06106433712802539,0.08506327998467267,-0.011806756299532206,False,423.28855352007076,False,False,0.7759453627176836,0.5991885759972029,0.007940780146555637,False,0.025307426990878616
DOV,332,0.4146751277363497,Dover Corporation,Industrials,SP500,187.40499877929688,-0.004700167499029351,-0.003482924533660059,-0.02097481678014035,-0.12737881927108718,-0.13721862321386846,0.5686274509803921,0.2019607843137255,0.1843137254901961,0.08845784889298186,-0.19079913383211033,0.1747542746079298,False,-0.00803896157375339,False,-0.045669838592557466,-0.10349579313572377,0.04785538636356601,-0.009453341962555095,False,223.55566493210205,False,False,0.5447856771879582,0.5863533208950513,0.008285160513082479,False,0.007325774749157853
ACGL,333,0.4142708506118444,Arch Capital Group,Financials,SP500,94.625,0.003127299514672499,0.003872245443427902,-0.015553502953215337,-0.06367502190827579,-0.042644642797045385,0.5882352941176471,0.4392156862745098,0.37450980392156863,-0.1987490886765665,-0.11133549007501642,0.1169145259275135,False,-0.0068666572683765414,False,-0.028513698447126812,-0.017783946922379612,0.029350592387714647,0.0010823871840544008,False,284.40757719026857,False,False,0.7240010001236601,0.6344771862414552,0.000848105899520446,False,0.006762066670408891
CINF,334,0.41370152612873434,Cincinnati Financial,Financials,SP500,161.83999633789062,0.0014231528164745377,-0.0019117950679150564,-0.038102888073055396,-0.09213183192164409,-0.0018016112011409735,0.4411764705882353,0.32745098039215687,0.4588235294117647,-0.23223590806185485,-0.15241049675707297,0.09307893161667335,False,-0.016404764075347744,False,-0.041568723595383994,-0.022871700980547027,0.04337162676005479,-0.002994458805292366,False,97.47697944026123,False,False,0.48730124379253104,0.7159113315771866,0.0003094056776744569,False,0.008201067078285964
HAL,335,0.4135212615949195,Halliburton,Energy,SP500,32.290000915527344,0.017007902851254864,0.012860783110224094,-0.1303528147954771,-0.05670661323815518,-0.13563637507321624,0.06470588235294118,0.4549019607843137,0.19019607843137254,0.1809293580445877,-0.2420226674231548,0.5097990060218911,False,-0.025222213850167652,False,-0.04845286556539463,-0.0842525076362467,0.050920089832632964,-0.0024233265879476384,False,350.1772361397591,False,False,0.7595249490370448,0.6924635577994278,0.031181155227300694,True,0.04316476693342102
COF,336,0.41167177279713524,Capital One,Financials,SP500,194.47000122070312,-0.007350326244135341,-5.139092480199725e-05,-0.07772929594141254,-0.03157630945885059,0.006493393162189998,0.21568627450980393,0.5450980392156862,0.4745098039215686,-0.3100878707647443,-0.23724748547783403,0.11297249073540727,False,-0.023842987505746316,False,-0.07356289291687934,-0.0444891356804179,0.07940408728714621,-0.007810510547705096,False,685.2250231094714,False,False,0.6395653887976065,0.8318803415680173,-0.012914086733725072,False,0.020573233747664097
NXPI,337,0.41080388923987243,NXP Semiconductors,Information Technology,SP500,228.5,-0.028569004276119636,-0.04469251361801774,0.027799710307581327,-0.2146437009761195,0.11978813499753693,0.7823529411764706,0.07058823529411765,0.7254901960784313,0.04906181650742489,-0.30770188092730655,0.26247893933051847,False,-0.0226567296857203,False,-0.007504961923103792,-0.06374046410670908,0.007561712285882871,-0.03365162335361083,False,791.4958735486841,False,False,0.9311999369832595,0.5456550497624184,-0.024530245057889588,False,0.03825746733155783
SW,338,0.40967737564230744,Smurfit Westrock,Materials,SP500,40.55500030517578,-0.01780093470705546,-0.05773700180045904,-0.038981052796765114,-0.07472730728740207,-0.017742946297183093,0.4372549019607843,0.4117647058823529,0.4215686274509804,-0.12443881662253942,-0.2015372243815401,0.2735097689654129,False,-0.07997345806180223,False,-0.11782273062068405,-0.050726769344648925,0.13355901893004107,-0.0480823002360965,False,199.48344795567704,False,False,0.6471546973644501,0.6909888275598549,0.015015716108923938,False,0.02499683863445209
ROP,339,0.4095539553325376,Roper Technologies,Information Technology,SP500,358.5299987792969,-0.00011157805757500139,-0.008709339638004576,-0.07920565485061515,0.009924384902012973,0.029877400671576515,0.20588235294117646,0.6607843137254902,0.5470588235294118,-0.2198419093664863,-0.303861381304397,0.14490567008586264,False,-0.018700108918230485,False,-0.07595982109092525,-0.019186849697573782,0.0822040240507762,-0.0032936028549229723,False,293.54078348105224,False,False,0.7365492010001129,0.6606081708669228,-0.0023426285543484138,False,0.009159831161755795
PEP,340,0.40538438587602016,PepsiCo,Consumer Staples,SP500,125.18000030517578,0.011719040724982976,-0.003343934506749635,-0.08420514983284433,-0.07907060832128165,-0.18821271254407723,0.18823529411764706,0.3862745098039216,0.12156862745098039,0.037937914891984226,-0.24341262019791654,0.011719040724982976,False,-0.03310521434253455,False,-0.07250165869906722,-0.1316307824919264,0.07816904405173863,-0.00871650834152149,False,1066.0440987519264,False,False,0.6718861650925548,1.0243614771047815,0.004647190920891164,False,0.2993444452141372
WEC,341,0.4042470391241385,WEC Energy Group,Utilities,SP500,102.91000366210938,-0.00261675365640468,0.011599334181043863,-0.03052282446721999,-0.09701573669632202,-0.11856926738424256,0.503921568627451,0.31176470588235294,0.21372549019607842,0.020179578680787402,-0.12657071473380543,0.02113519456848878,False,0.00212776313599905,True,-0.02492893158870302,-0.0629627897800088,0.025566271419908082,0.004668755272945413,False,268.2142107423706,False,False,0.8826112544273403,0.803556767227193,-0.00019380347942687948,False,0.006567249323147771
BNY,342,0.40371204505963754,BNY Mellon,Financials,SP500,142.27999877929688,-0.0030829767211522086,-0.011395215470495379,-0.12448462501602076,-0.05972677764245127,0.11536259898666601,0.07450980392156863,0.44901960784313727,0.7156862745098039,-0.37876904186332067,-0.13685997367016467,0.38589278902529545,False,-0.04862204950663729,False,-0.09005443172241445,0.040904952265115035,0.09896683368970782,-0.01850665883748004,False,481.46091755578857,False,True,0.7292272591152403,0.7254560673491868,-0.00266259024356974,False,0.01851005238131773
HSY,343,0.40259143070452214,Hershey Company (The),Consumer Staples,SP500,161.2100067138672,0.005426034650413358,0.011989978816816516,-0.0637667435499073,-0.06439271234624555,-0.2234553112971296,0.29411764705882354,0.4372549019607843,0.08627450980392157,0.024339050688768682,-0.30706497910220654,0.023174060934347818,False,-0.026118539129368346,False,-0.07530756582135356,-0.14327099874966276,0.08144066398493366,-0.0032918363020140173,False,232.77891946726075,False,False,0.5530963427124761,0.7673524233985943,0.010353022951373747,False,0.009258141126272995
NFLX,344,0.4011658579945839,Netflix,Communication Services,SP500,70.16000366210938,0.006599809670132073,0.03404576624816502,-0.07720630292560138,-0.04375083773078081,-0.3124938602253098,0.21764705882352942,0.4980392156862745,0.03529411764705882,0.2495069260580945,-0.4348088576571407,0.04622735186959992,False,-0.024844467216659893,False,-0.06894524558978132,-0.16038335916337298,0.07405068849409946,0.008306438037289476,False,2379.1907635293105,False,False,0.880417615514976,0.8959427011245314,0.005595400383418214,False,0.05113745204933481
SPGI,345,0.39978855785653705,S&P Global,Financials,SP500,394.69000244140625,-0.0012399166037158071,0.016822956300724945,-0.056578027868189995,-0.08112385188456539,-0.012308341324043681,0.3235294117647059,0.36470588235294116,0.43137254901960786,-0.21259353056291014,-0.2311310205281779,0.07501148930196155,False,-0.014766393223094254,False,-0.04694169701146689,-0.06210302170588211,0.04925375170046831,-0.0009009016215034693,False,784.7561492407459,False,False,0.4606653597879578,0.7784319428853581,-0.002758227537052682,False,0.03083697507909083
UBER,346,0.3997453929258037,Uber,Industrials,SP500,68.5999984741211,0.002191402959335731,0.01060697185969417,-0.034890310819464365,-0.07968878948818059,-0.04470128385470895,0.46862745098039216,0.37450980392156863,0.3686274509803922,-0.10298530371052528,-0.31207383038139325,0.04033964110144672,False,-0.016268871877811897,False,-0.060587987103911556,-0.07939360173997556,0.0644956486314523,-0.004341657252378561,False,1306.1312590011837,False,False,0.42334195017881,0.6741714244968895,0.005843704071767375,False,0.04671173648744999
FRT,347,0.3992816036996182,Federal Realty Investment Trust,Real Estate,SP500,104.8499984741211,-0.0024736193960678277,-0.029436270860952796,-0.07966910971679808,-0.12365384257307277,-0.003962292197995154,0.20392156862745098,0.21176470588235294,0.45098039215686275,-0.0387245309082537,-0.16632337839818379,0.15252970094137797,False,-0.036723019636955234,False,-0.07807527853564378,-0.0497468820973318,0.08468725994420834,-0.016755079085647107,False,97.18728333480684,False,False,0.6320609949603117,0.8291900029450362,0.007420785603345026,False,0.009964170171095441
ZBH,348,0.39835665233626627,Zimmer Biomet,Health Care,SP500,88.18000030517578,-0.0035031931978458664,0.0013627384727348257,-0.0655077587264955,-0.03205266978983323,-0.047111232103133616,0.28431372549019607,0.5411764705882353,0.3568627450980392,-0.08504662138828134,-0.14287128610810373,0.1139386599422576,False,-0.04027013630435794,False,-0.07660908422639501,-0.029366506528162417,0.08296495332338516,-0.01635508155515164,False,198.42723017976104,False,False,0.9219012234711097,0.7666935412499218,0.007006472613283687,False,0.012618668827548267
VRSK,349,0.3960869561933284,Verisk Analytics,Industrials,SP500,170.22000122070312,0.00912976412016997,0.010927641552042955,-0.04109065756175079,-0.07936627142258001,0.010222816966686699,0.4215686274509804,0.3803921568627451,0.4803921568627451,0.004658301676835119,-0.2953055462748413,0.09118758130936189,False,-0.007694691908753382,False,-0.05686988515239644,-0.09496203242970525,0.060299087323264944,0.01309515554015439,False,225.56340672107055,False,False,0.858196060096728,0.5978657072039514,0.004209193411763401,False,0.015644452832256277
SNDK,350,0.39557605309408844,Sandisk,Information Technology,SP500,1659.449951171875,-0.019481034209792747,-0.0717350292486949,-0.059359409900899385,-0.1338626283408506,0.9486946896898774,0.31176470588235294,0.18235294117647058,0.9745098039215686,-0.47909519972372505,-0.28931479607200217,13.194251126430373,False,-0.025309127155908495,False,0.05197453347335368,0.41221469311095715,-0.04940664609222711,-0.025498883030579234,False,18133.9228634095,True,True,0.48293696386529594,0.5303036908831102,-0.013548677701478717,False,0.056053442936279486
PEG,351,0.39313591643107465,Public Service Enterprise Group,Utilities,SP500,71.54000091552734,-0.0027878025396930184,0.05376346381931829,-0.014600517642870181,-0.10376773656333704,-0.13238286963190937,0.5941176470588235,0.2803921568627451,0.1980392156862745,0.035773761559418304,-0.15578705383452873,0.07481976471753349,False,0.03262872131761774,True,-0.007973978176828544,-0.07672640867468117,0.008038073600300955,0.024006513509474692,False,237.47595026726287,False,False,1.4861692255516197,1.5466804015797115,-0.000836319492337867,False,0.01625879668163107
TSCO,352,0.38890868546749957,Tractor Supply,Consumer Discretionary,SP500,32.415000915527344,-0.003228768165999818,0.021588445735059025,-0.04661762013154869,0.0725908134633948,-0.27905476008588836,0.39019607843137255,0.7745098039215687,0.049019607843137254,-0.05914968727216907,-0.41111573199556994,0.12007344659205565,False,0.004828095839283231,True,-0.03254711226784024,-0.16941492581581785,0.03364206431192218,0.010863104830135306,False,339.38347583993027,False,False,0.8909029182622138,1.018185338307647,-0.0021525121106665823,False,0.014403087537751845
NTRS,353,0.3882126790960156,Northern Trust,Financials,SP500,168.22000122070312,0.0002378912276383982,-0.005791937028455374,-0.08917646327893847,-0.079196679835836,0.11248364998691196,0.17058823529411765,0.3843137254901961,0.7058823529411765,-0.3241011473082383,-0.1172849974418041,0.3997875901962382,False,-0.03644684164969514,False,-0.07083859091386913,0.03743430947128279,0.07623927363012406,-0.013906573414632528,False,180.60442762502564,False,True,1.0512777410232763,0.8575441251010415,0.013616414821331135,False,0.0094598898312082
WM,354,0.38709406489378195,Waste Management,Industrials,SP500,209.02000427246094,0.00038289379783607025,0.035265035122423294,-0.03001402260370356,-0.10022811661226105,-0.09543728673745255,0.5078431372549019,0.29215686274509806,0.2647058823529412,-0.08553393960323852,-0.14124387325275178,0.07999442434385706,False,-0.00012435731294679897,False,-0.03605558231330763,-0.06244518819137279,0.03740421299376884,0.007527261200206414,False,461.7567899601944,False,False,0.7280187841904034,0.9215090263649797,0.00028715209099594574,False,0.07457916699111843
KIM,355,0.38508934217630536,Kimco Realty,Real Estate,SP500,21.81999969482422,-0.001373029113123092,-0.01755963105469427,-0.07424692501732555,-0.11260276367707234,-0.0325035023229715,0.22549019607843138,0.24901960784313726,0.3980392156862745,-0.0445224665208549,-0.16306127105787271,0.1505630082570253,False,-0.02695713176407899,False,-0.06619635378305988,-0.0459480281154796,0.07088894335681473,-0.013407877742293794,False,115.56837591558319,False,False,0.6367105754293866,0.758836083289952,0.013729941959862213,False,0.008192547781561808
APD,356,0.3834294690802651,Air Products,Materials,SP500,274.8949890136719,-0.011595736229452869,0.0057256887948240465,-0.06281327095242695,-0.07623604933490913,-0.06490945635611789,0.3,0.4019607843137255,0.3156862745098039,-0.19490810022639193,-0.11933858289887311,0.22293485063856888,False,-0.02201531946287838,False,-0.06110130135383263,-0.02805204122210736,0.06507762918612725,-0.01219609904564134,False,308.90934392579896,False,False,0.678896846433185,0.7340961290844313,0.008557474919448582,False,0.023277462236992744
BSX,357,0.3831979136169623,Boston Scientific,Health Care,SP500,41.720001220703125,0.003366988539761806,-0.034929408686620755,-0.07206401089292935,-0.0681259594790028,-0.3191905670403178,0.24313725490196078,0.42745098039215684,0.03137254901960784,0.22784236982464218,-0.6025909707884607,0.003366988539761806,False,-0.04083131072931667,False,-0.10466335916576341,-0.31241175502471774,0.11689833118886162,-0.02123543429441188,False,904.2490484493994,False,False,0.6889162592244275,0.628141714272309,0.014670436959882682,False,0.024222783557855076
AMP,358,0.3826901618159938,Ameriprise Financial,Financials,SP500,489.7650146484375,-0.0016205620395317588,-0.010215821108601753,-0.1125516229702227,-0.030517171440144097,0.0887379404272779,0.08627450980392157,0.5470588235294118,0.6627450980392157,-0.3903188672729365,-0.14178695427528987,0.14565373696555128,False,-0.047042708416609735,False,-0.0926352162292885,-0.002668670829127251,0.1020925849076122,-0.012756314765730248,False,274.0982233019409,False,False,1.0888238760784614,0.797709818548454,0.0077462243392865116,False,0.010455832030754932
SO,359,0.3822705315542245,Southern Company,Utilities,SP500,85.24500274658203,-0.0022822997337570428,0.021265143164256317,-0.035035020597811495,-0.10104702947414879,-0.11199367687194317,0.4666666666666667,0.28823529411764703,0.23333333333333334,-0.02683319903303788,-0.12561263749421292,0.03878734124610039,False,0.00627115043082882,True,-0.03365291283526939,-0.06340741922196713,0.03482487118992328,0.008299401943615559,False,527.9984552240634,False,False,0.8593215401232056,0.8635358772528948,0.0007022185964342675,False,0.019758933600514603
DHI,360,0.3812281422114742,D. R. Horton,Consumer Discretionary,SP500,132.4149932861328,-0.006490137313074684,-0.03389029881220573,-0.046894117419644554,-0.12383155820173397,-0.07324712067358818,0.3862745098039216,0.20980392156862746,0.29215686274509806,-0.005460266298300126,-0.2060348839837045,0.0051420301370641575,False,-0.04144871154645713,False,-0.07380274276646903,-0.10262168681207329,0.07968361187649298,-0.023179169037029212,False,350.3222909820218,False,False,0.7578160740385914,1.3220623778852973,0.0065275744684554216,False,0.04607623256608494
PDD,361,0.380054614446361,PDD Holdings,Consumer Discretionary,NDX,77.92500305175781,-0.007324801888435539,0.018627490872651142,-0.008713872958595936,-0.0846351983333451,-0.22516651796541487,0.6313725490196078,0.35294117647058826,0.08431372549019608,0.03591573615747673,-0.4358575233681613,0.06309685958313316,False,-0.0033987021469626955,False,-0.0633462397889808,-0.17031442012552755,0.06763036938506439,0.0003393686381187866,False,511.4136175051743,False,False,0.6646837195484355,0.6806414257152025,-0.008025442718700204,False,0.03688439122369908
AZO,362,0.3774730591190203,AutoZone,Consumer Discretionary,SP500,2841.0,-0.0018515529078713122,0.00779345039776147,-0.02403665149669143,-0.07538790768734227,-0.19931005754612174,0.5490196078431373,0.40588235294117647,0.10588235294117647,0.17300564061240936,-0.30672995384171586,0.017539199145167217,False,-0.005779676452930427,False,-0.035527951511467926,-0.13529195829976037,0.036836683413630666,-0.002223892336622346,False,869.2403356525781,False,False,0.9339425330261956,0.5451658833902895,0.018589210351197982,False,0.010152944787732387
PAYX,363,0.3774603104104332,Paychex,Industrials,SP500,102.5,0.009354967205249531,0.016461758452936737,-0.10675381263616557,-0.03694218131999527,0.19393732141879583,0.10196078431372549,0.5176470588235295,0.8098039215686275,-0.3473235869690341,-0.19506829788167168,0.2258890740690893,False,-0.04237379487617432,False,-0.11444177197187277,0.0043687091126869415,0.12923122201314796,0.005059771813636482,False,324.9038911596344,False,True,1.1436224366933967,0.6896100533156598,-0.0008863019653410076,False,0.028528430415623557
NVR,364,0.37449711866194,"NVR, Inc.",Consumer Discretionary,SP500,5869.3701171875,-0.010494603290528315,-0.041951326973052816,-0.05138423828422478,-0.0941477525908283,-0.13669864060489056,0.3627450980392157,0.3196078431372549,0.18627450980392157,-0.01894401596254941,-0.2751403109466177,0.05495522583496615,False,-0.047136949928695326,False,-0.06069164277659489,-0.11863826034221925,0.06461311912096623,-0.027279442097160933,False,229.88255326210938,False,False,0.7022906596503945,0.9977522870560606,0.009504971946725504,False,0.020242269684411857
RJF,365,0.3731595677856948,Raymond James Financial,Financials,SP500,157.0500030517578,-0.0012718406883446276,-0.01696289151388375,-0.10190610999498795,-0.06264250573301544,0.06757304251858742,0.11568627450980393,0.4411764705882353,0.6176470588235294,-0.43749280534131463,-0.13021003977356993,0.12671082243177678,False,-0.027932175576276363,False,-0.08041251511189507,-0.016731114499492827,0.08744411644714756,-0.012189916048721328,False,192.45937726513947,False,False,0.8360537015676587,0.7792590891757324,0.004769475357710551,False,0.005982108129132633
HII,366,0.3724119819430307,Huntington Ingalls Industries,Industrials,SP500,259.44000244140625,-0.004718651639879279,-0.05427763955704845,-0.07623287590108896,-0.08892335196747303,-0.35102840180630157,0.22156862745098038,0.3352941176470588,0.021568627450980392,0.03783814895821341,-0.4230584951593358,0.009297859412319642,False,-0.03752301983822304,False,-0.11021159925167068,-0.2374332922766168,0.12386270618832596,-0.019651056476195805,False,143.640903208551,False,False,0.5468350262332785,0.9766338531332184,0.006943635498356082,False,0.01372144076113303
SNA,367,0.37080569602449975,Snap-on,Industrials,SP500,356.6300048828125,-0.009058350142916782,-0.030158806431729746,-0.055084541903612116,-0.10722326202483401,-0.058596659523332706,0.33725490196078434,0.2607843137254902,0.3352941176470588,-0.1227773301101262,-0.1442066836384338,0.1190305787198982,False,-0.03382282206663123,False,-0.07516400258393885,-0.05159579981209739,0.0812727908450177,-0.022223474617793282,False,109.66248891896971,False,False,0.6421509925023484,0.7471835857291564,0.016227169691261034,False,0.018133064847538422
AEE,368,0.3695177924475798,Ameren,Utilities,SP500,100.80999755859375,-0.005033578146136919,0.01174225387507244,-0.05120002297794113,-0.10106990995438192,-0.10566122405191936,0.36470588235294116,0.28627450980392155,0.24705882352941178,-0.13642607728022715,-0.14194418227343586,0.05846076550704371,False,-0.004340785239022038,False,-0.03753405006333532,-0.05435565737939574,0.03899779526310021,0.0014394823371415288,False,180.17030670972045,False,False,0.7082464215434213,1.2872178630670947,0.002862227757607805,False,0.010711950657473619
KMB,369,0.3688171120028208,Kimberly-Clark,Consumer Staples,SP500,96.26000213623047,-0.0022802779130222106,0.0203519808445094,-0.02472132611403466,-0.13339485270380724,0.00809633690912026,0.5431372549019607,0.18627450980392157,0.47843137254901963,-0.2462108130923602,-0.16676687220689712,0.061290874490172786,False,-0.012150545216832676,False,-0.0680098633036379,-0.040822245130734514,0.07297272860066228,-0.003065264307076543,False,404.1918022983858,False,False,0.6065728731801435,0.7005601971694335,0.0,False,0.011560414554849865
SYY,370,0.3670198341444226,Sysco,Consumer Staples,SP500,76.75,-0.0005209130752759084,-0.006086423598997692,-0.05238871654308985,-0.07793569219011554,0.037591455254419204,0.3568627450980392,0.39215686274509803,0.5647058823529412,-0.2379801235562718,-0.14002235307775412,0.13124906734534125,False,-0.01814422041345487,False,-0.04868963109792768,-0.025587956828110325,0.05118164658934754,-0.006328620074307678,False,309.81052337302856,False,False,1.1732639792981203,0.7830862081564595,0.007813497421117699,False,0.009843996386962445
XEL,371,0.365362456707416,Xcel Energy,Utilities,SP500,72.5199966430664,0.0013808129888075449,0.027923366493171287,-0.04049675148384557,-0.08687788282388131,-0.11011344827327951,0.4294117647058823,0.34509803921568627,0.23921568627450981,-0.06390391773147613,-0.11571527369607337,0.04510732498846082,False,0.01059553060836782,True,-0.03002982582407654,-0.05773562533498844,0.030959535276009476,0.010215442457619295,False,400.7869508185098,False,False,0.994225258637567,0.866284161435783,0.003037851784943424,False,0.021800919613266596
STX,372,0.3628680379497285,Seagate Technology,Information Technology,SP500,790.0549926757812,-0.02168854029939926,-0.16446694950542595,-0.10749466655386464,-0.13143631863646843,0.5800709272018116,0.09803921568627451,0.19215686274509805,0.9450980392156862,-0.39688423314531296,-0.27676133057587393,2.7551946198290236,False,-0.08306658457123461,False,-0.07745151387403482,0.19624540028849502,0.08395386805009575,-0.0690956139571417,False,3649.325790957245,False,True,0.8303088493978653,1.4593155915856333,-0.016642523025264366,False,0.04807865553183247
C,373,0.3624593012698554,Citigroup,Financials,SP500,126.36499786376953,-0.007500799822052651,-0.005000016820712383,-0.08298261926520623,-0.0978942148915174,0.021519872653184002,0.19215686274509805,0.30392156862745096,0.5235294117647059,-0.2264111123901616,-0.128115111097869,0.3737701176100372,False,-0.03987632025597576,False,-0.054310732855443855,0.007954861963151982,0.05742978665648968,-0.018288710242582162,False,1204.6639069553012,False,True,0.7423417082677899,0.7139781031157983,-0.011152985959385298,False,0.029621908392532415
CNP,374,0.3616339723247729,CenterPoint Energy,Utilities,SP500,38.38999938964844,-0.003633516586656671,0.03171191438346965,-0.03469954871086356,-0.11301279884575499,-0.12008018834187839,0.47058823529411764,0.24313725490196078,0.20980392156862746,-0.03866313648747169,-0.14255277726301618,0.04833425749290621,False,0.015474124413084267,True,-0.01972630318823143,-0.06421814626991662,0.020123260730537718,0.011730278105039682,False,249.35313352003388,False,False,0.8510642485918072,1.0242766244798935,-0.009343384940489585,False,0.006896065118555566
CCI,375,0.3608105846156821,Crown Castle,Real Estate,SP500,68.75,-0.003767600756151346,0.03977612135767683,-0.0722313293659087,-0.12440814326078875,-0.18489611930156802,0.2411764705882353,0.20784313725490197,0.12549019607843137,0.14717777521967693,-0.2688345175798351,0.03977612135767683,False,-0.017297861928724734,False,-0.053068021779233754,-0.14744341272732808,0.0560420632102272,0.006513501906036279,False,236.19818293200683,False,False,0.7038254324582495,0.7732394799113066,-0.009998586002709309,False,0.012448801493867965
CF,376,0.36054418661003396,CF Industries,Materials,SP500,115.5,0.009262474099792861,0.008381343432855903,-0.16371008985903157,-0.0070551820097384255,-0.02354599206520691,0.027450980392156862,0.6098039215686275,0.40588235294117647,-0.34322934653313375,-0.17067569141420058,0.5401679545132689,False,-0.04896003388932246,False,-0.06570440468893801,0.026830115074408578,0.07032507165685886,-0.00742511103554766,False,311.4327440287512,False,True,0.80136416285103,0.7420256101194109,0.021146435838153455,False,0.05390802006158484
CPRT,377,0.3602687501491806,Copart,Industrials,SP500,26.614999771118164,-0.00018786881884180762,-0.024734376026536498,-0.169060231487701,-0.032885198822378614,-0.19324042385574414,0.025490196078431372,0.5333333333333333,0.11568627450980393,0.028440965427266818,-0.4183784801715347,0.0,False,-0.06375046202995571,False,-0.12048221623698419,-0.1995904078931231,0.1369866743586481,-0.023381412311796246,False,301.60175719055366,False,False,0.7522574507180801,0.7844112690015114,-0.0022539959203375926,False,0.010202547557767744
EXE,378,0.35976152557884333,Expand Energy,Energy,SP500,88.61000061035156,0.005560574767328186,0.030828310308318674,-0.08290211041743967,0.021689107081499293,-0.09867843358351747,0.19411764705882353,0.6784313725490196,0.2568627450980392,-0.04759602471125435,-0.26624473317568165,0.053751985602409125,False,0.006560083305110265,True,-0.0439145333619686,-0.08725305748641476,0.045931598057221024,0.014472658599544275,False,264.7122632718628,False,False,1.089589711772107,0.6647583508190418,0.01009985658089363,False,0.014515689131027692
UDR,379,0.35782125793905095,"UDR, Inc.",Real Estate,SP500,33.23500061035156,-0.0025509929547166132,-0.013212579892875831,-0.05729358445896415,-0.15378798923396564,-0.02347553184335005,0.3196078431372549,0.12745098039215685,0.40784313725490196,-0.04084647557653198,-0.18477210529896126,0.026337703846995186,False,-0.02160219581138978,False,-0.07458190730554126,-0.08703556659616607,0.080592661732372,-0.011411525642836207,False,125.75856159443268,False,False,0.6974660959819025,0.8296655496996221,0.01980791877121879,False,0.01626968682629511
ATO,380,0.357617828492631,Atmos Energy,Utilities,SP500,158.92999267578125,-0.0017587715990061703,0.016306354478500262,-0.0459811743231735,-0.09257504246733428,-0.16380168819053398,0.3941176470588235,0.3254901960784314,0.1450980392156863,-0.12852154560454315,-0.16380168819053398,0.017217019252696364,False,-0.00025482106911445257,False,-0.0357387215430891,-0.07971689913257207,0.03706331711284827,0.003085445292779543,False,166.94937660547853,False,False,0.6402421832577667,0.8479831570095269,0.005024733114963542,False,0.014857806039610483
BALL,381,0.35515358122539276,Ball Corporation,Materials,SP500,57.44499969482422,-0.0006089047962916094,0.016725658315472902,-0.047188608019583134,-0.06584480437708973,-0.08001229431054568,0.38235294117647056,0.43333333333333335,0.2823529411764706,-0.32987606001304626,-0.143853878811261,0.2550670703187379,False,-0.016281156594561308,False,-0.05855469715610173,-0.039947495108654585,0.06219660024774787,0.0016882507492907983,False,116.0760702187947,False,False,0.8228291664927216,0.9606062432957067,-0.008176778435041054,False,0.009024402747872449
VICI,382,0.353986602299209,Vici Properties,Real Estate,SP500,22.639999389648438,0.0,-0.003959531649820547,-0.08478097978309318,-0.11293073832186173,-0.1639210316487616,0.18627450980392157,0.24509803921568626,0.14313725490196078,0.05136027013545144,-0.2291667546066194,0.004882321333799622,False,-0.03437791338175744,False,-0.08389578160305367,-0.1433790166055946,0.09157886179135755,-0.01000526789997791,False,247.73105564437407,False,False,0.6869528751899411,0.7237363797358969,0.004416978099188951,False,0.11971452414718185
SYK,383,0.352718558246295,Stryker Corporation,Health Care,SP500,275.3399963378906,-0.00021785606362900722,0.008719244421591998,0.0029844942367811544,-0.16243582158719194,-0.18337772149996856,0.6882352941176471,0.11568627450980393,0.12941176470588237,-0.007601396723072779,-0.2832842579281597,0.02395524365684154,False,-0.003184567935815119,False,-0.09823940366800687,-0.15739985278887958,0.10894177907928793,-0.004787090539333905,False,801.5538822685633,False,False,0.5757912090417987,0.7653559417469625,0.017283986460123746,False,0.023200661538701574
TPR,384,0.35191531104945484,"Tapestry, Inc.",Consumer Discretionary,SP500,113.41000366210938,-8.811944099174074e-05,-0.04889294117835241,-0.002638250151953847,-0.19107566991084401,-0.25196556305547624,0.6607843137254902,0.08431372549019608,0.06666666666666667,0.04713172940409041,-0.3091399708502506,0.16253855804599926,False,-0.01603356398740441,False,-0.11159697231109089,-0.1761473045411167,0.12561525437548227,-0.015459136843474997,False,402.71890896222595,False,False,0.5241632801336077,0.6889820864528182,0.014018726793812553,False,0.011795383322953207
F,385,0.3507177769176919,Ford Motor Company,Consumer Discretionary,SP500,12.029999732971191,-0.007425755234133691,-0.019559960541046584,-0.10557621534803052,-0.1314079854419038,0.0060106059477460505,0.10980392156862745,0.19411764705882353,0.4725490196078431,0.012121560953148397,-0.30273576724901874,0.10349527634032385,False,-0.059090400351141326,False,-0.11209509144823615,-0.09219625601202375,0.12624673021694544,-0.020231320885204185,False,598.320919501039,False,False,0.7342085309850949,0.7234044753929979,0.005610547889834283,False,0.027654620358124347
LEN,386,0.34982344420887757,Lennar,Consumer Discretionary,SP500,75.16500091552734,-0.012675638679959356,-0.07863042884810323,-0.06322865934335098,-0.1022468098274728,-0.13967997789650755,0.296078431372549,0.28431372549019607,0.1784313725490196,0.16298300141974598,-0.42274670567510153,0.0163038331632277,False,-0.05023854159611196,False,-0.0881099363650758,-0.18533409580847482,0.0966234197287521,-0.032655264746787704,False,317.20490500057633,False,False,1.2386140989952092,1.607207624125866,-0.018126852793968973,False,0.030207980035674844
CASY,387,0.3483138333534255,Casey's,Consumer Staples,SP500,642.7550048828125,0.015009877430418372,0.03753834525070632,0.02181926926649136,-0.21540199209806565,-0.15166425976290354,0.7686274509803922,0.06862745098039216,0.17058823529411765,-0.0018226468669659546,-0.2979908183962451,0.25544933892161326,False,0.05812567403288438,True,-0.11584226010363863,-0.12329768564980692,0.13101990162662291,0.03240546671974176,False,356.2148913616553,False,False,0.7049644917313577,0.911546055364848,0.013817607579944768,False,0.03541409543651468
PHM,388,0.34603069811680465,PulteGroup,Consumer Discretionary,SP500,111.45999908447266,-0.007745061269477382,-0.04202835800411364,-0.06075689469360823,-0.1045756645464726,-0.08417645254153161,0.30392156862745096,0.2725490196078431,0.2725490196078431,-0.07970146962894747,-0.2131042279108193,0.016629844215597656,False,-0.05037037514198306,False,-0.0964775377497451,-0.10129191703360685,0.10677934614869922,-0.030602008382184742,False,180.4498655048073,False,False,0.7342834557018012,0.978200253151481,0.011840130057640508,False,0.03171606532592091
DOC,389,0.34473562178619693,Healthpeak Properties,Real Estate,SP500,18.469999313354492,-0.01018223663511808,-0.04989718076415406,-0.08958937501915576,-0.13442435182155177,0.1411249643678285,0.16666666666666666,0.1803921568627451,0.7490196078431373,-0.2951460036069222,-0.18252422053782746,0.22886136723848605,False,-0.07276326700879232,False,-0.10002204832824468,-0.0031691392959417586,0.11113833193629752,-0.038921776718772394,False,105.8192950045684,False,False,0.8986739479496684,0.9882812225844109,0.018220801466675374,False,0.01739949461890917
FISV,390,0.34297110625071947,Fiserv,Financials,SP500,45.17499923706055,-0.0029795217863323176,-0.004517448793070367,-0.07142861623488062,-0.10455899794066836,-0.19916682575327083,0.24509803921568626,0.27450980392156865,0.10784313725490197,0.11991097808986612,,,False,-0.036693111652385424,False,-0.10288211593793062,-0.19764026857051975,0.11468071004458147,-0.00952649448064069,False,374.60365544477617,False,False,0.8586726049591442,0.5844999461971889,-0.006841786887999413,False,0.02904185834695733
HRL,391,0.34267951900855265,Hormel Foods,Consumer Staples,SP500,19.399999618530273,-0.007672615058005872,-0.02805608675493476,-0.07486884817513484,-0.20612182695553594,-0.05763558249252332,0.2235294117647059,0.07647058823529412,0.33725490196078434,-0.05464487164728904,-0.25942643045442315,0.0,False,-0.03919967285969084,False,-0.12595290628721167,-0.14729273724724878,0.14410311205565285,-0.022648323135359028,False,106.56217339309802,False,False,0.5284669272935587,1.0406371235589373,0.03017903711573755,True,0.037875974674245624
AOS,392,0.3420279269080084,A. O. Smith,Industrials,SP500,54.90999984741211,-0.00777015366805478,-0.031056968032472376,-0.05049285649641011,-0.08599421777798011,-0.17412539835466845,0.3686274509803922,0.34901960784313724,0.13529411764705881,-0.04236982464218564,-0.3095988425851094,0.0,False,-0.03858949575685566,False,-0.07929375706114605,-0.13669118648601108,0.08612275377653988,-0.026904860675437958,False,85.76618075180076,False,False,0.5943931873561376,0.7035193088399236,0.014636815523267455,False,0.017990544370273864
NI,393,0.34184344150776486,NiSource,Utilities,SP500,40.43000030517578,-0.002713384505855565,0.0235443115234375,-0.029757569432619868,-0.13217663750198771,-0.15502504433963482,0.515686274509804,0.19019607843137254,0.1588235294117647,0.023855569625110318,-0.17072298587492019,0.03666667449168659,False,0.009551169466784692,True,-0.01966964036359886,-0.09004191128460748,0.020064297887187887,0.010232044515409822,False,237.04871401458786,False,False,0.8266382725790055,0.6699108789248192,0.0017266821224319884,False,0.008526896029981008
SBAC,394,0.3413034787855386,SBA Communications,Real Estate,SP500,170.36000061035156,-0.0001174097422681486,0.07809135555150215,-0.08771556389084567,-0.09732486783129979,-0.21005169783817468,0.17254901960784313,0.30980392156862746,0.09607843137254903,0.11215225816353941,-0.22872804555768056,0.07809135555150215,False,-0.004170718728669476,False,-0.04761839525550704,-0.09746289899065019,0.04999928076968918,0.020037567468345507,False,171.99736393247164,False,False,0.920319011418046,0.7937997653633122,0.004460585074866463,False,0.01154532882698815
CPT,395,0.3410024799478631,Camden Property Trust,Real Estate,SP500,95.54000091552734,-0.0027140096863044194,-0.011177828610576146,-0.07232967012289881,-0.14500922268370542,-0.03347140275714855,0.23921568627450981,0.15294117647058825,0.3941176470588235,-0.03296880395994012,-0.17860389241961416,0.019918042453598517,False,-0.02555582689550706,False,-0.07593384927836422,-0.08654434687617063,0.08217360761355108,-0.012307852788985163,False,104.2824068147696,False,False,0.7329249324093993,0.7435255080761389,0.019519781394758295,False,0.02780335505037218
KHC,396,0.33699758168826804,Kraft Heinz,Consumer Staples,SP500,22.05500030517578,0.003412227684324254,-0.018032003375140992,-0.10381959535998897,-0.09828577809691297,-0.019608222179264168,0.11176470588235295,0.30196078431372547,0.4176470588235294,-0.34578872644948394,-0.18871842149390616,0.0756114885467638,False,-0.06033976667591234,False,-0.09631370437208597,-0.050667308169463854,0.10657869311292778,-0.018769904085016997,False,435.9519904606613,False,False,0.5242009654380315,0.7272369747003934,0.008189277021134478,False,0.01746458047286389
ODFL,397,0.33501910417926206,Old Dominion,Industrials,SP500,177.30499267578125,0.009652024711226836,-0.00446385963216811,-0.025582621819782436,-0.21987272627421095,-0.15128659417651424,0.5352941176470588,0.06274509803921569,0.17254901960784313,0.04317562641494954,-0.2860516466139178,0.41267645599216674,False,0.0015066953403843897,True,-0.07870930801063636,-0.11231209313257029,0.08543373844435309,-0.00040634037599052153,False,334.3392266446411,False,False,0.7565003891456531,0.8569429290855839,0.0011958698999903206,False,0.014199933466400532
SBUX,398,0.33321244342845546,Starbucks,Consumer Discretionary,SP500,93.59500122070312,0.00016028413501767425,-0.013543381849840386,-0.06442422666775371,-0.11203988540473875,-0.02306659078010076,0.29215686274509806,0.2529411764705882,0.40980392156862744,-0.29109013468401057,-0.1372937315545899,0.22334242952611216,False,-0.019359758282420758,False,-0.07732426687861904,-0.045617729114320715,0.08380437904986793,-0.010928145914671727,False,698.4704033559826,False,False,0.8260998122784133,0.9051141839280353,-0.006197924980828717,False,0.05007395410366899
HIG,399,0.33190490542026324,Hartford (The),Financials,SP500,127.41000366210938,0.0038607429895469725,0.013281420603722172,-0.06700347144161589,-0.0779009080033567,-0.08421848527149878,0.27647058823529413,0.3941176470588235,0.27058823529411763,-0.247761022217106,-0.12157534300617101,0.05993571921231888,False,-0.01205367373380728,False,-0.05468190965353148,-0.053876733642850394,0.057844983833420516,0.004909813875784597,False,208.19531069887083,False,False,0.9441529554110566,0.874751451365608,-0.0026788240056390134,False,0.01281825223398427
RTX,400,0.3257801593293989,RTX Corporation,Industrials,SP500,179.125,-0.00629643038623795,-0.031809062653739506,-0.0932675412155296,-0.08273330899089881,-0.111823117223388,0.14901960784313725,0.3588235294117647,0.23529411764705882,-0.3613330263612294,-0.20561889380312093,0.15785804562454264,False,-0.05359191567408983,False,-0.1202396448137355,-0.0762027559910402,0.13667317935493717,-0.026431178380547315,False,828.59985902052,False,False,0.45131597597189993,0.7813976915457392,0.015117087465640111,False,0.035522250616053214
DECK,401,0.32512769253964124,Deckers Brands,Consumer Discretionary,SP500,80.20500183105469,-0.002177101621583355,0.007980421498880341,-0.0003116231438714534,-0.24327763517701617,-0.2693358450956934,0.6705882352941176,0.03333333333333333,0.056862745098039215,0.021591650358773647,-0.33681990894689373,0.03476970223904163,False,0.010937506558691412,True,-0.06970834927604164,-0.20478702472710886,0.0749317154698681,0.003724894658505784,False,241.85621437426298,False,False,0.6344788355924813,0.850185915180949,0.00957955086802631,False,0.02892957561378814
DVA,402,0.3210983936234401,DaVita,Health Care,SP500,177.0850067138672,0.0017253531885759177,0.004167851346260409,-0.03237521430966128,-0.2393255825065589,0.17523901859287783,0.49019607843137253,0.03529411764705882,0.7862745098039216,-0.1819270173822954,-0.26508548398178644,0.7048714935139866,False,-0.021933758333877562,False,-0.0411329440840269,0.03375898026157009,0.04289744217433156,-0.005967978451003164,False,149.3786363770984,False,True,0.8098453940158338,0.48511851011325724,0.021665357266102747,False,0.005220205847814717
PODD,403,0.3194438275795703,Insulet Corporation,Health Care,SP500,133.5399932861328,-0.0061030613314508875,0.021026073409024182,-0.031757576428091405,-0.17199904329813887,-0.33035806582948646,0.49411764705882355,0.10392156862745099,0.029411764705882353,-0.0017535781435861902,-0.6144473988512646,0.02353025244658724,False,-0.017080076944625433,False,-0.06401487502951342,-0.29812836181314417,0.06839304741251295,-0.0043695600969367865,False,248.89898822302428,False,False,0.45731492975859683,0.8839960030785288,-0.0029770310707601944,False,0.00875993351042892
VTR,404,0.31841592574900746,Ventas,Real Estate,SP500,79.91999816894531,-0.0014992846727810427,-0.04550346393450588,-0.10045812319167835,-0.1131585207786392,-0.048005011497708416,0.12352941176470589,0.2411764705882353,0.3509803921568627,-0.47506619085990553,-0.20022828208947585,0.2140698613736538,False,-0.0637795622918843,False,-0.09973427532337076,-0.059259791970547204,0.1107831527843568,-0.03261833897387634,False,307.48860145121034,False,False,0.5629657029783675,1.0819814032625754,0.02611189797581792,False,0.02535123738649882
EXC,405,0.3168089841912388,Exelon,Utilities,SP500,41.39500045776367,-0.0022897376924529977,0.022856417325417544,-0.05274600148589881,-0.10706945149138958,-0.14680117991446984,0.35294117647058826,0.2627450980392157,0.17450980392156862,-0.09537623268485473,-0.1612219601530901,0.02972636000360218,False,-0.0003561894879805516,False,-0.04157022170466118,-0.07770689808992914,0.04337325764084454,0.005712129077400707,False,326.43114404185343,False,False,0.8140532480195684,0.8561464698039303,0.0028681483824313236,False,0.022489505473666287
ETR,406,0.31594196323767343,Entergy,Utilities,SP500,102.36499786376953,-0.004231567850919826,0.01957167637476709,-0.04483531200216184,-0.10494506198255038,-0.11837480151878987,0.4019607843137255,0.26862745098039215,0.21568627450980393,-0.12471892866735734,-0.1225624172447558,0.1428770871678573,False,0.010565669759676544,True,-0.02174620687522366,-0.030630323890109223,0.022229616719155354,0.008254673495752707,False,269.3693601605652,False,False,0.9227593315649305,0.772871979488417,0.0018481985055589512,False,0.018097382725825478
WDC,407,0.31548090835946074,Western Digital,Information Technology,SP500,398.79998779296875,-0.016328808187821786,-0.137841599148548,-0.17309449116203268,-0.31525089047558963,0.18098737177609037,0.023529411764705882,0.013725490196078431,0.792156862745098,-0.22893595794482174,-0.4654087427677326,2.5317245702072277,False,-0.08926694559834314,False,-0.13369919835535493,-0.014417887106083938,0.1543334579646367,-0.06271689503568689,False,3527.7349408868713,False,False,0.6755828792527699,1.5120492195145638,-0.016792495906789107,False,0.08429115989328241
NCLH,408,0.3151269946010979,Norwegian Cruise Line Holdings,Consumer Discretionary,SP500,15.020000457763672,-0.001993337713687149,0.02595629136130695,0.011447816291377144,-0.23406425342816972,-0.24749493252992794,0.7313725490196078,0.047058823529411764,0.06862745098039216,0.01379072176815932,-0.3996802484828498,0.06373941781154291,False,0.027711282857171282,True,-0.08205294661834561,-0.22192088020739043,0.08938745030671225,0.006155767411868629,False,282.82456680342574,False,False,0.7276333902046155,1.19682445552253,0.006644480167978584,False,0.07285758339447687
TDG,409,0.3149016677105531,TransDigm Group,Industrials,SP500,1094.06494140625,-0.001956759751950754,-0.002893668528656912,-0.0280853446771705,-0.15277425787704946,-0.10726473336215292,0.5196078431372549,0.13137254901960785,0.2411764705882353,-0.01539848816238823,-0.24547245420258623,0.016779520150149718,False,-0.005080521375558367,False,-0.06087967695245011,-0.12054069466363726,0.06482627993278722,-0.003141367941280948,False,472.7055065426758,False,False,0.7518975615859195,0.6394841989115062,-0.003831338266880091,False,0.016263738411842036
CVS,410,0.31434161583951886,CVS Health,Health Care,SP500,87.36000061035156,-0.006708315615267524,0.02535215656664347,-0.08408468100243116,-0.1560168657319828,0.124712890255124,0.19019607843137254,0.12352941176470589,0.7294117647058823,-0.293300333832163,-0.20523651509422125,0.2653019549307212,False,-0.013616952310391728,False,-0.06342667630024934,0.0024256824558051004,0.06772206157836602,0.0017219610425334153,False,721.8978009451599,False,True,1.02086046760671,1.0827171503406197,-0.010233017938750089,False,0.01086587479190253
CARR,411,0.3127765173591818,Carrier Global,Industrials,SP500,54.57600021362305,-0.007709087025035477,-0.011662459124296976,-0.05822261440717991,-0.21009147891108704,-0.1056402826014401,0.3156862745098039,0.07254901960784314,0.24901960784313726,0.015797551897471326,-0.279312434822496,0.09617023082847487,False,-0.013864357163024033,False,-0.07015922212191861,-0.11103749207567137,0.07545294182733486,-0.012488221765808993,False,355.18980143821614,False,False,0.6418278870197616,0.5990676396470693,0.002909088134765536,False,0.012801169403029472
D,412,0.31241188072683507,Dominion Energy,Utilities,SP500,61.459999084472656,-0.0011376514905404589,0.011520750202051566,-0.05591397042959123,-0.11414241817125936,-0.02195402069286756,0.32745098039215687,0.23529411764705882,0.41568627450980394,-0.19327731092436973,-0.13403689495368643,0.11020932936172656,False,-0.009580300126116326,False,-0.052456673528069264,-0.02977946284699262,0.05536071234165707,0.0006224928559193099,False,271.4047308438896,False,False,0.9971414131948051,0.7699715538705638,0.007638570291362834,False,0.011842732897230715
IBM,413,0.31079328722104743,IBM,Information Technology,SP500,220.6300048828125,0.0005442400751265453,-0.02211679080917983,-0.08047844195262643,-0.22724752617481647,-0.05620970680782256,0.2,0.056862745098039215,0.3392156862745098,-0.05859713748513103,-0.32505334751265735,0.07990809075459171,False,-0.03802885227252739,False,-0.0474770152309838,-0.1218711262350124,0.04984343264167723,-0.00938174180312612,False,1275.1781729426586,False,False,0.4891726509434192,0.8017288466114254,0.006303566388258908,False,0.0348601496093596
LNT,414,0.30916634715584,Alliant Energy,Utilities,SP500,65.08499908447266,-0.0019168839404226645,0.021582169514347216,-0.04089303714883252,-0.14162403792912026,-0.10375924730586328,0.42745098039215684,0.1627450980392157,0.2529411764705882,-0.12296918767507001,-0.15955499912219884,0.031085442952106357,False,0.0030939619128778073,True,-0.03455345480333183,-0.06478497290550767,0.035790127351165824,0.005980440383259067,False,171.28480072100098,False,False,0.8854483099002499,1.0307357248712545,0.001533483752875986,False,0.006924923914539588
CVNA,415,0.30864249140493216,Carvana,Consumer Discretionary,SP500,62.09000015258789,-0.010675560657487093,-0.015069808837922416,-0.15420246485240696,-0.056813027106775604,-0.050408365006766376,0.03333333333333333,0.45294117647058824,0.34705882352941175,-0.15371244388166222,-0.3511338847482276,0.10370448627679352,False,-0.041036655447951986,False,-0.09565465380415239,-0.1303062811510024,0.10577226300386933,-0.01997027320566036,False,568.8386902668132,False,False,0.7227021778612923,0.6489057863781761,0.00812622928409934,False,0.01691465160805426
USB,416,0.308071633571992,U.S. Bancorp,Financials,SP500,55.974998474121094,-0.0034715987392007763,-0.024145783150157807,-0.09032741619313422,-0.09470009844246696,0.011597776009992566,0.1627450980392157,0.3176470588235294,0.492156862745098,-0.4475192816852769,-0.13635326673484727,0.283751212360398,False,-0.04550627918179129,False,-0.08347411392872406,-0.012876469576085126,0.09107665718699898,-0.021477365827704764,False,425.99222723835675,False,False,0.981524495280425,0.8383835786113004,0.010325829623675453,False,0.021742962780104572
JKHY,417,0.30654364366823206,Jack Henry & Associates,Financials,SP500,145.96499633789062,0.0018875275713923223,0.014773359664221664,-0.0789689533508342,-0.02544082269992276,-0.04059052359232984,0.20980392156862746,0.5666666666666667,0.3764705882352941,-0.3765818656229615,-0.23318222703972458,0.18696924451948949,False,-0.02663234930028091,False,-0.06587045989268514,-0.06306360317137338,0.07051533761058204,8.363454439597184e-05,False,149.34215286666503,False,False,0.9260270756087098,0.5668603357546588,0.0003432153951532513,False,0.011347003810468805
ES,418,0.30599639186922745,Eversource Energy,Utilities,SP500,65.06999969482422,-0.0026057353542575656,0.011817791402309208,-0.0653595358563831,-0.12007384118388553,-0.05600689329232189,0.28627450980392155,0.22156862745098038,0.3431372549019608,-0.2657112159932466,-0.1267266231063524,0.07123521272431521,False,-0.006515682963747049,False,-0.05119945284971661,-0.05349888854005014,0.05396229271103814,0.002221020076994318,False,159.35226816956026,False,False,0.8599368267646447,0.8569489548850174,-0.0022992264069678914,False,0.007627962473584041
FITB,419,0.30568055050733484,Fifth Third Bancorp,Financials,SP500,49.97999954223633,-0.0027932839711091173,-0.008530059640495247,-0.07002648325122984,-0.11695700849771595,0.010609428333502535,0.2568627450980392,0.22745098039215686,0.48823529411764705,-0.32832201373700165,-0.15116613324454953,0.27963132198499197,False,-0.03357303571701031,False,-0.07316300651627539,-0.018931039701890806,0.07893837538926429,-0.01444999674801839,False,302.4748005144945,False,False,0.9973162624463473,0.9227325123826249,0.008978467129479029,False,0.016769198339828668
VMRK,420,0.3050336475869606,Vivmark Residential,Real Estate,SP500,59.21500015258789,-0.0012649816458311092,-0.004162821231498137,-0.07787750550468775,-0.12768209459827773,0.001355322369005485,0.21176470588235294,0.2,0.4666666666666667,-0.14442270058708412,-0.14583724018862076,0.05683262920294485,False,-0.031617871082578075,False,-0.0680004395106173,-0.05424892806585013,0.07296187937568455,-0.0120227600481978,False,342.8442599368723,False,False,1.0526869303504947,0.7884712193482094,0.020408147508659713,False,0.00963623395149786
ALL,421,0.3028105547040303,Allstate,Financials,SP500,225.49000549316406,0.006876573190031321,0.004812627839357875,-0.11077370508343687,-0.10008160198085758,0.06107259879375149,0.09019607843137255,0.29411764705882354,0.6098039215686275,-0.5943363646828594,-0.1769529312417648,0.20974889241318473,False,-0.0405660580614694,False,-0.09727104734614167,0.00906843370941024,0.10775221849280725,-0.0034697262724449063,False,479.6984547549836,False,True,0.8598671555273308,0.7562133706755283,0.004331329466047196,False,0.029934903864950083
AJG,422,0.30197044517299965,Arthur J. Gallagher & Co.,Financials,SP500,227.53500366210938,0.0019154449445302202,-0.018484183964831202,-0.06854836745073156,-0.09856986694782055,0.04813560046371279,0.2647058823529412,0.3,0.5882352941176471,-0.4984344422700587,-0.24997736613426447,0.19219965159198504,False,-0.02684530865092649,False,-0.07834913305471092,-0.016366305249825297,0.08500955824453404,-0.006782378825312851,False,341.5571777492114,False,False,0.8296921732171454,0.6923693397914996,0.008058064830837042,False,0.006735826051040644
CMS,423,0.3000996254396484,CMS Energy,Utilities,SP500,64.9000015258789,-0.0026125429497863006,0.01979890239338089,-0.04796826655272002,-0.13231091777389192,-0.17523288212063926,0.3784313725490196,0.18823529411764706,0.13333333333333333,-0.10139288592149187,-0.17523288212063926,0.03674126370320341,False,0.005546808180497909,True,-0.03969745458599283,-0.09731524794776614,0.04133848730857892,0.00797202409640474,False,246.87484617693343,False,False,0.7901454336681069,0.993876809419201,0.0,False,0.008445202567756528
GEN,424,0.2999986252725662,Gen Digital,Information Technology,SP500,22.729999542236328,0.015185357831902557,0.02157301313421689,-0.23622313953556184,-0.11886521529529714,0.24945844344362977,0.00784313725490196,0.2235294117647059,0.8529411764705882,-0.6864510187636699,-0.2763451240796785,0.2829821865956288,False,-0.10562869280964982,False,-0.1768379811629578,-0.0657634693201734,0.2148276731873433,-0.005989121187933488,False,220.50423880181717,False,False,1.8503868279553854,1.1353536519084273,-0.008039317109539534,False,0.015719845957985864
TTWO,425,0.2976750866455956,Take-Two Interactive,Communication Services,SP500,204.32000732421875,0.001519596224352826,0.003437836282376816,-0.03230080555624015,-0.15986838039433804,0.03165869313732017,0.492156862745098,0.12156862745098039,0.5529411764705883,-0.32265837841986106,-0.22101490461759132,0.07712586164013358,False,-0.012388610260960609,False,-0.08417828409025563,-0.08681795831488237,0.0919155798862401,0.00053108736598384,False,553.8353810853393,False,False,0.7947300716997704,0.6555073178579894,0.003627300196507033,False,0.018954707082298954
CBRE,426,0.2973560244937151,CBRE Group,Real Estate,SP500,126.18000030517578,-0.01081841705730735,-0.03332566088103761,-0.09664943498344125,-0.0956783386434168,-0.11427773158392451,0.13725490196078433,0.3137254901960784,0.22745098039215686,-0.20877940217182767,-0.26472816353125417,0.012355591488034223,False,-0.06332816257993834,False,-0.11582311077389496,-0.1268243074807528,0.13099540621930483,-0.02920282406252761,False,245.68348485994187,False,False,0.7144889060609597,0.9569363973891011,0.012151168716084682,False,0.010361854479312801
MS,427,0.2968683512667283,Morgan Stanley,Financials,SP500,187.22999572753906,-0.013072641919562145,-0.004148709122314798,-0.130578173108849,-0.15304725264538455,0.06237289937647961,0.06274509803921569,0.12941176470588237,0.611764705882353,-0.41070565212386323,-0.176282451701109,0.2608611704076764,False,-0.05056505257065502,False,-0.09857820121356653,-0.029079703440012428,0.10935857258641901,-0.020311098370289216,False,980.061413866359,False,False,0.7638817536538262,0.8770932410210996,-0.010647853043975863,False,0.047518091372974657
BX,428,0.296249615151853,Blackstone Inc.,Financials,SP500,110.64800262451172,-0.010569607325310204,-0.014183849514948221,-0.1427287801528645,-0.09191072396972033,-0.03496646303587825,0.049019607843137254,0.32941176470588235,0.39019607843137255,-0.36921837228041904,-0.3019964650433563,0.1047044518518705,False,-0.06813631107806128,False,-0.15422823598804225,-0.12050525518888544,0.18235207481561377,-0.02464923696354404,False,531.6565098856942,False,False,0.7075358470258247,0.9257325374879334,-0.005454713407526457,False,0.03143823902121981
CFG,429,0.295954468725253,Citizens Financial Group,Financials,SP500,62.869998931884766,-0.003171091864708986,-0.013029855904453602,-0.09370049815973991,-0.10039534369104541,-0.019033005764857558,0.14705882352941177,0.2901960784313726,0.4196078431372549,-0.3497256436821304,-0.15870472223053145,0.3383201975267578,False,-0.04385319216703387,False,-0.09091962333063497,-0.028028115982726587,0.10001274437772034,-0.01789145545534565,False,239.36389931543556,False,False,0.9615803442081042,0.9934628159508051,0.008403342030464112,False,0.06171553636543263
MAA,430,0.29566435893740517,Mid-America Apartment Communities,Real Estate,SP500,114.0,-0.0018387101493393398,-0.020450226066215826,-0.10574210073709123,-0.1473577245050841,-0.07074092982201596,0.10588235294117647,0.14313725490196078,0.30196078431372547,-0.09561029891408618,-0.1889734931221111,0.0,False,-0.04044845817073672,False,-0.09673207363833813,-0.11547408642658752,0.10709123042591817,-0.01936987984598937,False,132.97111295965453,False,False,0.776514314071038,1.0807668141777018,0.026617642412192666,False,0.013989869658229617
TMUS,431,0.2936981134811815,T-Mobile US,Communication Services,SP500,168.125,0.002833320136050421,0.03954123812155652,-0.051962312665965404,-0.09868696488260531,-0.13934987415082167,0.3588235294117647,0.2980392156862745,0.1803921568627451,-0.13640305437243389,-0.2538717510811107,0.03954123812155652,False,-0.0007236297476372888,False,-0.038439269531996056,-0.10976719606314944,0.039975914483620034,0.011995024835008472,False,789.1692427887817,False,False,0.7336084291112868,0.7046532642840269,0.004592927530533419,False,0.014753437027116307
BRO,432,0.29241096675969497,Brown & Brown,Financials,SP500,62.04999923706055,0.005346694909764915,0.0045329249995444965,-0.06733803734309451,-0.08079166125103843,-0.07081833160780648,0.2725490196078431,0.36666666666666664,0.2980392156862745,-0.42981082844096546,-0.347121891831664,0.14368598244495723,False,-0.012296571543408574,False,-0.08492702967529908,-0.07794476693454289,0.0928090244487978,0.008341130579997413,False,137.89031300372696,False,False,0.7168071086618638,0.8775443615163461,0.0,False,0.014467876873313735
VMC,433,0.2890343990039118,Vulcan Materials Company,Materials,SP500,241.55999755859375,-0.010527207933545113,-0.00991883847578967,-0.03333467466245377,-0.18032571628992555,-0.1724456698563993,0.4803921568627451,0.09411764705882353,0.13725490196078433,-0.05656728444802578,-0.26461436523054993,0.003031166058999446,False,-0.015639907500640815,False,-0.07781458671314567,-0.14432786025764888,0.08438063061071288,-0.012354345836265268,False,282.1695532419104,False,False,0.6178105196942445,0.6959384803857531,0.007414072512154313,False,0.010850313570666443
KKR,434,0.2888494513326849,KKR & Co.,Financials,SP500,88.25,-0.01583582243717596,-0.032770691952819786,-0.1521759717088642,-0.08791319616960103,-0.04566202548679088,0.03529411764705882,0.3411764705882353,0.36470588235294116,-0.36919534937262577,-0.37835259059702664,0.056166033980172614,False,-0.07289707413411672,False,-0.1382706669957504,-0.13336097003144076,0.16045718963017874,-0.032660267048114755,False,448.28309642464114,False,False,0.672334975158521,0.8848120762149686,-0.0015612734750442003,False,0.04159903446643425
SCHW,435,0.2864230030271196,Charles Schwab Corporation,Financials,SP500,95.8949966430664,0.0032956142077553707,-0.025160171133589038,-0.09991556392890466,-0.0673524007507097,-0.007713281879349387,0.12745098039215685,0.43137254901960786,0.4392156862745098,-0.48447872299604766,-0.1562252938357379,0.12682629715497895,False,-0.05011431367276409,False,-0.09231665141171563,-0.02021525046724104,0.10170578931000018,-0.01730326258403414,False,809.5344039349287,False,False,1.1191735315019187,0.6913418612418429,0.003766484656360314,False,0.0156788475628814
WFC,436,0.28442884002916236,Wells Fargo,Financials,SP500,80.02999877929688,-0.002865728268274803,-0.0027414482330607726,-0.10750529258945585,-0.07653211693753215,-0.058943955192575004,0.09607843137254903,0.4,0.3333333333333333,-0.3338551859099804,-0.1560588706851137,0.09628806237884557,False,-0.042015825924872297,False,-0.06606591555933106,-0.04552653762702219,0.07073937728581536,-0.013313585486901092,False,1099.9727334297584,False,False,0.9667523394125546,0.7655862406248236,0.0026787482203862734,False,0.03565515620088914
GD,437,0.2833960541394856,General Dynamics,Industrials,SP500,322.3900146484375,-0.012981018801062727,-0.031047086241783983,-0.0858592951665893,-0.1404308197435209,-0.054047829519226265,0.18235294117647058,0.16470588235294117,0.34509803921568627,-0.3499712213652585,-0.1858221237604667,0.036088962956359216,False,-0.05556486986031883,False,-0.11613333115441626,-0.08748803628566493,0.13139236408371158,-0.026094448611751364,False,391.2452255340332,False,False,0.7224391715410904,1.0116293075001832,0.011052215955658085,False,0.04555234107482491
EIX,438,0.28237153021061734,Edison International,Utilities,SP500,54.060001373291016,-0.0064326130325791375,0.021362810226727147,-0.04336143427892336,-0.2692909141514708,-0.2666628891138172,0.40980392156862744,0.025490196078431372,0.058823529411764705,-0.02930432446951383,-0.31638068332674707,0.09557857684072246,False,0.011767570565828,True,-0.11945398354633474,-0.1825942036242596,0.1356589903471792,0.010596905052684846,False,321.59422559540593,False,False,0.41329376805448004,0.7500235710920313,-0.021503366517670708,False,0.023515111767356822
YUM,439,0.28088253573460453,Yum! Brands,Consumer Discretionary,SP500,140.4600067138672,0.0007837592131660909,0.027580687724963582,-0.0323780437425617,-0.1367973516111648,-0.11773752433840046,0.48823529411764705,0.17254901960784313,0.22156862745098038,-0.15230420935497485,-0.15715471834523298,0.0360152320970244,False,0.011198379865712482,True,-0.034075740963495305,-0.07870665536608479,0.03527786018904355,0.011153380158567705,False,339.92274910294987,False,False,0.9541823083030122,0.8097348606289088,-0.0039187960658310095,False,0.011358845494940843
LHX,440,0.280322154533262,L3Harris,Industrials,SP500,232.6999969482422,-0.003980687048467102,-0.023909383784284755,-0.07072403839650188,-0.19587671755540037,-0.34418462979149855,0.2529411764705882,0.08235294117647059,0.023529411764705882,0.023644526303672156,-0.37756294336756047,0.0,False,-0.03472822407058862,False,-0.10207767278276092,-0.24265436973650512,0.11368207437174549,-0.016460832410278625,False,426.1269942150949,False,False,0.443479063162477,0.6041679120170181,0.015152134623754643,False,0.018779108549725667
AXON,441,0.27910893038047924,Axon Enterprise,Industrials,SP500,404.44000244140625,-0.003842358518703848,-0.0420880352746521,-0.17461223991549746,-0.28518909302381523,0.15116846810403506,0.021568627450980392,0.021568627450980392,0.7568627450980392,-0.6711906680480411,-0.46744969827605265,0.16910446778963784,False,-0.07679593800773432,False,-0.22293908672207674,-0.18105259327137146,0.28690039984335236,-0.032870619053112504,False,497.73386450587157,False,False,0.639877195847538,0.8964003224632328,-0.006625621776862656,False,0.07266370804883138
MTB,442,0.2783420258406458,M&T Bank,Financials,SP500,215.13980102539062,-0.00687902794549633,-0.010168875160152302,-0.09605125619583776,-0.10651083385719795,-0.02219137178360131,0.1392156862745098,0.26666666666666666,0.4137254901960784,-0.36934116112198306,-0.14782888717869902,0.23889882002623408,False,-0.03596295469688737,False,-0.08556060816638222,-0.029884453873572414,0.0935661881262766,-0.014715491282967674,False,229.8166263247241,False,False,0.931194328887138,0.797734184292736,-4.620673682953491e-05,False,0.011057300733027771
APTV,443,0.2759204268483362,Aptiv,Consumer Discretionary,SP500,43.435001373291016,-0.01775214440845796,-0.012167383046607805,-0.02415180833026731,-0.28289579672884513,-0.2775282411015617,0.5470588235294118,0.023529411764705882,0.050980392156862744,0.01765857027742604,-0.5101499687579428,0.009646697143455008,False,-0.01301472906415757,False,-0.06732399132083566,-0.30668147775880483,0.07218368511073692,-0.011214809319126329,False,209.28157281786727,False,False,0.5603353937129958,0.4579749092028618,0.0029397840305147582,False,0.013335429863575781
HWM,444,0.2752291504456383,Howmet Aerospace,Industrials,SP500,219.6699981689453,-0.013827168714050209,-0.0381382193171268,-0.05567017977847666,-0.18856857526904747,-0.134562666973976,0.3333333333333333,0.08627450980392157,0.19411764705882353,-0.07810905183991404,-0.24937637877878582,0.19575942633952903,False,-0.03582042097550342,False,-0.13351534726153913,-0.11742666330911855,0.15408853098502506,-0.03126091358374772,False,723.8193705931405,False,False,0.622218694921578,0.6597072996017219,0.023703698223555003,False,0.03197336992427707
AKAM,445,0.27302756071687656,Akamai Technologies,Information Technology,SP500,102.9000015258789,-0.016346420748452273,-0.03768819571491022,-0.07088034739612725,-0.1845629642993436,-0.06121703354720143,0.25098039215686274,0.08823529411764706,0.3254901960784314,0.03735466789455509,-0.3614248360702851,0.4297623979514169,False,-0.05428877559367029,False,-0.07631984111186019,-0.08153372833835104,0.08262583143902158,-0.03866660510333797,False,483.7122152258299,False,False,1.1347222208628545,0.7226982822890945,-0.004875271324489394,False,0.06675702725976822
OTIS,446,0.2716492952482471,Otis Worldwide,Industrials,SP500,65.55000305175781,-0.002890094587551406,0.0165942872071696,-0.05411255172960461,-0.09772426568152992,-0.183422772412827,0.3431372549019608,0.3058823529411765,0.12745098039215685,-0.0737653965695867,-0.2913170654132189,0.023419202631229652,False,-0.02042824347889538,False,-0.060155773418222314,-0.14789214555591013,0.06400611049876792,-0.0036922621291374247,False,270.975170373082,False,False,1.1212850676823138,0.9328751618348788,0.0069972482418678705,False,0.02105139211993185
TFC,447,0.27142660753223735,Truist Financial,Financials,SP500,45.35499954223633,-0.004936425620436502,-0.019987019478365675,-0.09561319716347794,-0.1135187202026594,-0.08303482612388868,0.14313725490196078,0.23921568627450981,0.27450980392156865,-0.2735044702812631,-0.16224106418798823,0.1510806683109005,False,-0.0465579591985712,False,-0.08855500779659753,-0.07424030947810423,0.09715891639551089,-0.020370782032552492,False,343.2530371901322,False,False,0.9189520949241128,1.0292931845976137,0.003949023327065371,False,0.01744578570877031
LII,448,0.2709876902977781,Lennox International,Industrials,SP500,353.260009765625,-0.014423968461904857,-0.019974426732877526,-0.05636541170167719,-0.35764541652132387,-0.27263477822274695,0.3254901960784314,0.00980392156862745,0.052941176470588235,1.918575649437898e-05,-0.3810995698566453,0.0,False,-0.024572101584610317,False,-0.0902751635131831,-0.26521512681792747,0.09923348235913676,-0.018611165854310885,False,197.33814023109377,False,False,0.4035319369339059,0.6843958665344193,0.002873640042251102,False,0.01226850143879584
AXP,449,0.26765881954119153,American Express,Financials,SP500,302.30999755859375,-0.006376343274958951,0.0007282638398162788,-0.060565540626788206,-0.1376860940797655,-0.04604728251726342,0.3058823529411765,0.17058823529411765,0.3627450980392157,-0.3127777138252561,-0.20815976188424534,0.040462101112714643,False,-0.022134673866770926,False,-0.07028110537681032,-0.08329811461530223,0.07559393036246176,-0.007537744908961419,False,881.2808800140807,False,False,0.8456739698127653,0.8358214276262963,-0.010912102955525915,False,0.02675843709722131
PNC,450,0.2647791583465443,PNC Financial Services,Financials,SP500,216.52000427246094,-0.005511652312668036,-0.019161928550573304,-0.10041961827986301,-0.1336341202425556,-0.014815342988010238,0.12549019607843137,0.1843137254901961,0.42745098039215684,-0.39494263458808176,-0.15741135835346398,0.2424220455379038,False,-0.046728006393880306,False,-0.09606989828212054,-0.04296273158504238,0.10628022907915535,-0.019186025330892198,False,385.1727179513031,False,False,1.0039256471984976,1.1188120597457585,-0.000643024935070291,False,0.01262598387406412
MLM,451,0.2646835740012756,Martin Marietta Materials,Materials,SP500,474.2749938964844,-0.009885004013710286,-0.01021562158331557,-0.057088603939236426,-0.17772563805319241,-0.23945137489056223,0.3215686274509804,0.09803921568627451,0.0803921568627451,-0.02720540270902881,-0.3273538352281581,0.0,False,-0.031330261663767955,False,-0.07768805872722107,-0.1893318966323576,0.08423186912229785,-0.017211685859481185,False,371.57817830190675,False,False,0.6667715302856724,0.7393393880562106,0.009081178884061014,False,0.02125679738808178
TXT,452,0.25931518330555176,Textron,Industrials,SP500,71.94000244140625,-0.014925323238532351,-0.06777239667790624,-0.09928436181844202,-0.20846803848012552,-0.2126296300904389,0.13137254901960785,0.07450980392156863,0.09411764705882353,-0.015509765550055635,-0.2856082177798951,0.0,False,-0.07305756239084604,False,-0.11970705278107607,-0.19434828243896884,0.13598547297153973,-0.04359722065435134,False,135.6453216797119,False,False,0.7458091752569619,0.9594416302023109,0.027796779586861442,False,0.019830160939096505
GS,453,0.2583787794051932,Goldman Sachs,Financials,SP500,880.1699829101562,-0.007935031039039586,-0.018401418932804003,-0.14445269363197788,-0.16177269316823506,-0.01697556574312331,0.045098039215686274,0.11764705882352941,0.4235294117647059,-0.34419247150915155,-0.23226823300425048,0.20532038515876816,False,-0.0545901165716659,False,-0.11107165086838366,-0.0760143248068822,0.12495006034725775,-0.023174896082469365,False,1916.8527007022522,False,False,0.7067328427462095,0.8274774213233106,-0.007168591685402292,False,0.047615460895833295
CMI,454,0.25677247233700945,Cummins,Industrials,SP500,513.9149780273438,-0.006582056074898701,-0.005967160488696832,-0.07362648896689117,-0.23688456133688673,-0.15309907523663735,0.22745098039215686,0.041176470588235294,0.16470588235294117,-0.03318752158397605,-0.29104599386290453,0.2780758695904608,False,-0.025031385484146962,False,-0.09887115340067631,-0.14413963521370665,0.10971921914806737,-0.016113149265222004,False,588.7353135815332,False,False,0.6858485221798714,0.7570349823443215,0.01807387198167576,False,0.03702239193799851
TPL,455,0.2558805234962068,Texas Pacific Land Corporation,Energy,SP500,354.0400085449219,0.02385841058483984,0.05224994809580785,-0.05352079651483155,-0.10862104521657989,-0.060373588142670354,0.34901960784313724,0.2568627450980392,0.33137254901960783,-0.12474195157515061,-0.3420577970507459,0.29972661470082906,False,0.017278876909566643,True,-0.01939485839262345,-0.10859846647515692,0.019778458800279175,0.023373377814900564,False,137.637751174599,False,False,1.0124859825648553,0.6569947522077875,0.030770073940633136,True,0.037400556572835524
UPS,456,0.25338425112251783,United Parcel Service,Industrials,SP500,92.43499755859375,0.0015710980781018513,-0.015496877628216277,-0.06838342651313756,-0.1650325992233801,-0.06049014931562857,0.26666666666666666,0.11176470588235295,0.32941176470588235,-0.14263842523310694,-0.20226995049396734,0.18868863811047443,False,-0.034644115253388064,False,-0.07757945918365927,-0.0968871924771828,0.08410421900947851,-0.010458752623076606,False,462.15605057635497,False,False,0.9768922909552151,0.8105363795263638,0.0054177050063923815,False,0.0395872545446637
BKNG,457,0.2509546152621333,Booking Holdings,Consumer Discretionary,SP500,156.0399932861328,0.001090640753645289,-0.026453740488247002,-0.09809812122829031,-0.12317487025629603,-0.11206093902806358,0.13333333333333333,0.21372549019607842,0.23137254901960785,-0.4105406546180116,-0.2845747008502282,0.017388321436718757,False,-0.047578396365484776,False,-0.16359582885729929,-0.13652839477727619,0.19559422884488198,-0.01982390844891946,False,1264.7753340356983,False,False,0.6559893281153517,0.8608466083865417,-0.008596884454145082,False,0.04974739368961903
NOC,458,0.24877730382412916,Northrop Grumman,Industrials,SP500,471.44000244140625,-0.004266440776682923,-0.02190870862778782,-0.08559459288922744,-0.12239108674089083,-0.3111944732707368,0.1843137254901961,0.2196078431372549,0.03725490196078431,-0.06414949541460419,-0.38065620955239765,0.0,False,-0.0653662610657959,False,-0.1131749079597576,-0.2039105820399124,0.1276180714501276,-0.026558878979583422,False,417.23377659031735,False,False,0.7906015167936941,1.4201315049224312,0.02348666269141897,False,0.025321720530201375
DTE,459,0.24684997372910983,DTE Energy,Utilities,SP500,126.95999908447266,-0.002200556303031842,0.029934311202188146,-0.05834637373770635,-0.14739218092342055,-0.1446485034934899,0.3137254901960784,0.1411764705882353,0.17647058823529413,-0.12692529066421088,-0.1703594143453443,0.05073241049842059,False,0.010057868417483684,True,-0.04114565007244664,-0.08483555298278245,0.04291126183612293,0.010502505911877513,False,203.81745267520355,False,False,1.0187244689243944,0.8483932593088761,0.00683749419355939,False,0.007397041940987847
GE,460,0.24645295848897214,GE Aerospace,Industrials,SP500,296.8599853515625,-0.022264705468478252,-0.048268569338726475,-0.08637644941056188,-0.1724569395096508,-0.048999996578260374,0.1784313725490196,0.10196078431372549,0.34901960784313724,-0.30899811979586356,-0.22010549151914027,0.0894126203322585,False,-0.05348593569802762,False,-0.11906374517780738,-0.08110329484031209,0.13515591454666498,-0.0362138159737323,False,1290.2848909098022,False,False,0.8220630556436221,0.913625539244636,0.006224934717188324,False,0.15294604656246472
CMCSA,461,0.24578826719987962,Comcast,Communication Services,SP500,20.780000686645508,-0.007640871219266709,-0.027511329197265844,-0.1418053941610623,-0.10466668250012756,-0.24441758935290014,0.050980392156862744,0.27058823529411763,0.07058823529411765,-0.31258201910901345,-0.33376643255011207,0.0,False,-0.06154328471440329,False,-0.13949471913237255,-0.19426541862117608,0.16210791756178788,-0.02463759770908358,False,630.4863703604561,False,False,0.5028731501177742,0.8082372204860998,-0.0014326975110011686,False,0.032557431828773846
BAC,462,0.24559247579950977,Bank of America,Financials,SP500,52.939998626708984,-0.010837104373950912,-0.014703162521085389,-0.15525769629043662,-0.1082603759109102,0.014732886773648923,0.03137254901960784,0.25882352941176473,0.5019607843137255,-0.6100610107056521,-0.17898311040855308,0.14483237138034366,False,-0.05907029237120309,False,-0.1182229085952704,-0.03410677652002003,0.13407346340437742,-0.02453281917383643,False,1921.6324664415056,False,False,1.333475292142772,0.8011698147933827,-0.006165953442304528,False,0.07728695939210112
RF,463,0.24407070238299183,Regions Financial Corporation,Financials,SP500,26.56599998474121,-0.005018755594353386,-0.014614210426971641,-0.11120774415466872,-0.13489906011300412,-0.03759014925738213,0.08823529411764706,0.17647058823529413,0.3862745098039216,-0.4340969264418095,-0.17174594056509185,0.18372981975705893,False,-0.04524021186110472,False,-0.09924014414578985,-0.058928457420429514,0.110173808813536,-0.017523352923883073,False,239.73849505396385,False,False,0.9475447540888504,0.9875978334858422,0.005243422683446575,False,0.020389020371530172
NEE,464,0.24064185268541674,NextEra Energy,Utilities,SP500,77.08999633789062,0.0003892912048701902,0.00969217915597409,-0.06727168887283519,-0.11698837450842403,-0.17190308608975946,0.27450980392156865,0.22549019607843138,0.1392156862745098,-0.16394228924446488,-0.2006681758847394,0.02119484063317212,False,-0.013784537492492643,False,-0.05799198337505029,-0.10651836129818482,0.061562091141034614,0.0004766108653255774,False,938.4357281129913,False,False,1.223967847707775,0.9589554571178075,0.014209723013169473,False,0.023266295626045687
CMG,465,0.2405565425393542,Chipotle Mexican Grill,Consumer Discretionary,SP500,30.639999389648438,-0.004224929027663804,-0.051980207952935675,-0.14959754571919592,-0.13078015915890961,-0.10514024860817595,0.041176470588235294,0.19607843137254902,0.25098039215686274,-0.7236867349679598,-0.27667613436811644,0.08729592114379181,False,-0.0630256121354199,False,-0.11170383949794982,-0.11824929531222506,0.125750672427557,-0.025976606204022867,False,551.1070585917581,False,False,0.6355325646432554,0.8704821895298458,0.0012999352480873583,False,0.024278854301879073
KEY,466,0.24007625960534146,KeyCorp,Financials,SP500,19.764999389648438,-0.0032778887699294046,-0.014214456770916706,-0.0904279886784417,-0.143592513238609,-0.06919370437668537,0.1607843137254902,0.1568627450980392,0.3058823529411765,-0.27366563063581595,-0.16822449710844578,0.22634317483832178,False,-0.038281440899886054,False,-0.0814485618137013,-0.06994466573243052,0.08867065950549646,-0.01641069866684508,False,254.8759975914966,False,False,1.0739100946876705,0.9497396158853697,0.004538585624516145,False,0.00995865888571161
LULU,467,0.2391846461376051,Lululemon Athletica,Consumer Discretionary,SP500,90.80000305175781,-0.011754399585813924,-0.05278528610866018,-0.08945044183466588,-0.23863825737620614,-0.45468736984415614,0.16862745098039217,0.0392156862745098,0.00392156862745098,-0.023406622923141857,-0.5793959560958536,0.0,False,-0.07096191219069747,False,-0.17374922678391147,-0.36328129510384877,0.21028631066523795,-0.03931497793599925,False,565.2187069684028,False,False,0.5829325800740618,0.8624449402062448,-0.010176290667650911,False,0.05031155054328235
NKE,468,0.23873997468688696,"Nike, Inc.",Consumer Discretionary,SP500,33.904998779296875,-0.013242195080683694,-0.035419706757776614,-0.09223560470052428,-0.22775154812581444,-0.21428940819973896,0.1568627450980392,0.054901960784313725,0.09215686274509804,-0.029246767200030693,-0.49737501490119296,0.001033358385469585,False,-0.04653438295531498,False,-0.10976217032581947,-0.2832837409398784,0.12329533374917534,-0.02291396469679341,False,1286.21076644056,False,False,0.7338898076586635,1.751398591143319,0.000873072723049928,False,0.06389616222231195
PCAR,469,0.23694328750807842,Paccar,Industrials,SP500,105.70999908447266,-0.010761758556152468,-0.038475561788240076,-0.13267146811075137,-0.14915380675351853,-0.16317101632145015,0.058823529411764705,0.13725490196078433,0.14901960784313725,-0.36372357162042895,-0.23312417462842372,0.1646888717894317,False,-0.06720435835372285,False,-0.13693575472763408,-0.12045010325794192,0.15866229597359816,-0.03212626116635886,False,392.5449190024739,False,False,0.5883648103314524,0.9114610503819415,-0.00561480882176757,False,0.03806095893805352
ALGN,470,0.23655831850591602,Align Technology,Health Care,SP500,138.41000366210938,-0.01043820337489032,-0.047746832817218476,-0.09488618022873219,-0.2286987683703876,-0.20695579768417516,0.1450980392156863,0.052941176470588235,0.1,-0.040992287325889255,-0.2992253176468044,0.10032596116329495,False,-0.053014343836890854,False,-0.12153429016314787,-0.18534693620785714,0.13834835987590122,-0.027856792868068525,False,140.12534252763672,False,False,0.7251713086090743,0.8866754388097985,-0.009151346421542694,False,0.009682601710737702
LOW,471,0.23272364020573177,Lowe's,Consumer Discretionary,SP500,180.1699981689453,-0.007546519598181312,-0.012117593237741309,-0.09279963428079707,-0.14339422795455226,-0.2649462154066815,0.15294117647058825,0.1588235294117647,0.060784313725490195,-0.042742028318176584,-0.3661795590211626,0.0037325803283860814,False,-0.045163559582289126,False,-0.11026194897781672,-0.212012688109409,0.12392630488393896,-0.01760597589393964,False,613.7857091229786,False,False,0.6904828915091903,0.7068438289965167,0.00798728798422843,False,0.03693126896743213
SRE,472,0.23270015502695524,Sempra,Utilities,SP500,79.6050033569336,-0.0010666216823767005,0.01992312933216156,-0.05571573695939902,-0.1478385216507191,-0.18950083007522722,0.32941176470588235,0.1392156862745098,0.11960784313725491,-0.13867081079006943,-0.18950083007522722,0.0353102352560386,False,0.0011052949258050226,True,-0.03574308546298799,-0.10135494251543253,0.037068010531353,0.006488191589347325,False,321.2443591864984,False,False,0.77234688022006,0.6156699605148567,0.000878399958334608,False,0.00660234780583801
MCD,473,0.23210717314646712,McDonald's,Consumer Discretionary,SP500,231.36000061035156,0.0020789835299193093,-0.0020273528749124026,-0.08726524968449134,-0.15147678342602744,-0.24217487445142627,0.17647058823529413,0.13529411764705881,0.07450980392156863,-0.025175549671923564,-0.30834692623195725,0.0020789835299193093,False,-0.03762801214997091,False,-0.09386617747421666,-0.1875503660008172,0.1035897514702313,-0.009478038843833136,False,1296.7988714144183,False,False,0.9429755783855857,0.8856172448079153,0.004201321899639954,False,0.06825991365325583
VRT,474,0.23131813247356975,Vertiv,Industrials,SP500,243.6999969482422,-0.011318952017303041,-0.009832594738160338,-0.07276915061524436,-0.23552732890969164,-0.15237635834476948,0.23333333333333334,0.045098039215686274,0.16666666666666666,-0.131027205402709,-0.35196432702879943,0.6276346821403043,False,-0.013341754943229533,False,-0.05999668365193467,-0.08509540654708592,0.06382603402403197,-0.017843756504644648,False,1297.5165197640347,False,False,0.5755330657620714,0.6996152667151364,-0.010000452520368186,False,0.05187774115299774
HD,475,0.22541041505589401,Home Depot (The),Consumer Discretionary,SP500,283.2250061035156,-0.00890570391572676,0.0027084000268375874,-0.08769529725564951,-0.16891299531600446,-0.15350671970704843,0.17450980392156862,0.10784313725490197,0.1627450980392157,-0.2522351406315951,-0.26000770234195847,0.007380445499121091,False,-0.036529212655973864,False,-0.10667161676099102,-0.15050130127814332,0.1194091878892547,-0.011344402937597087,False,1352.331580811388,False,False,0.7247709207134754,0.8902558720925822,-0.002694436236392317,False,0.03800231616310568
GIS,476,0.2224115876530744,General Mills,Consumer Staples,SP500,31.770000457763672,0.0,0.0031575743993945693,-0.143434879291933,-0.12286031510114526,-0.10570186916058455,0.047058823529411764,0.21568627450980393,0.24509803921568626,-0.5533939603238556,-0.3294132168879702,0.004660795952460717,False,-0.07173117986159072,False,-0.13611667251562098,-0.15791323935863355,0.15756372207343272,-0.022441692751950404,False,341.3331142916958,False,False,0.7268757411751443,1.0051052840446695,0.01920052255468252,False,0.023947713370997086
EFX,477,0.22184565919993282,Equifax,Industrials,SP500,142.94000244140625,0.003580775060390229,0.0229729250126538,-0.14962219313711234,-0.13871028067973334,-0.20919762782486373,0.0392156862745098,0.16666666666666666,0.09803921568627451,-0.29125896934116113,-0.39680481015098557,0.04153305683542907,False,-0.05863601226768711,False,-0.15948299832529267,-0.20623061292103828,0.18974392904310933,-0.007221109192691255,False,240.76129985935304,False,False,0.6339254603625094,1.2891648545315542,0.0048445024003962445,False,0.015152999465890821
O,478,0.22050820047574637,Realty Income,Real Estate,SP500,53.279998779296875,-0.0013120842891527484,-0.004670278455091048,-0.10923097861406683,-0.14695270976108132,-0.13428499989029052,0.09215686274509804,0.1450980392156863,0.19607843137254902,-0.29130117800544875,-0.18654908084974242,0.0,False,-0.04155890433587128,False,-0.10116364489563823,-0.11805777738274115,0.11254956958643758,-0.01614815733861541,False,401.4766239886981,False,False,0.836568997488306,0.8834960577064611,0.016869757293722865,False,0.046860877494894815
IP,479,0.2187482275835585,International Paper,Materials,SP500,31.409900665283203,-0.012888090304027267,-0.034135909497364336,-0.09324765534870338,-0.16246782553237582,-0.12339598159134302,0.15098039215686274,0.11372549019607843,0.20588235294117646,-0.41465024365910746,-0.3380125027978379,0.0973960105507814,False,-0.07041033344276582,False,-0.15768052992237147,-0.15464974510546392,0.18719801159035243,-0.03415942152699014,False,172.66327973501456,False,False,0.6547261486056227,0.9527874335590497,0.0012570998086416374,False,0.017909072616500085
FSLR,480,0.21617217569802166,First Solar,Information Technology,SP500,178.25999450683594,-0.010381448538754778,0.035732925888529055,-0.12230433702704702,-0.2175745377071846,-0.09627379210729559,0.0784313725490196,0.06666666666666667,0.2607843137254902,0.035355512067840836,-0.43987432990782105,0.035732925888529055,False,-0.04551043635208196,False,-0.13294294458739053,-0.19918402840170735,0.15332663953022863,-0.004688090810894718,False,494.23168449642856,False,False,1.1870559845910909,0.617512747859092,-0.00560711562897076,False,0.02331956748890731
MOS,481,0.21614843974479017,Mosaic Company (The),Materials,SP500,19.809999465942383,-0.008012010661668567,-0.08074245163432792,-0.23778372088449318,-0.07123723762661771,-0.2013934436439695,0.0058823529411764705,0.4196078431372549,0.10392156862745099,-0.5158129005026668,-0.4096698323669886,0.007956006139264948,False,-0.1408994520680098,False,-0.14880538880850946,-0.17634927659232014,0.17481946766581835,-0.066842415410172,False,190.0537333552572,False,False,0.8044464618242585,0.8923765900320578,0.049073684691095965,True,0.07545177125984891
PNR,482,0.21510309549340179,Pentair,Industrials,SP500,51.59400177001953,-0.011419752296840335,-0.02431919954841144,-0.10302501113670082,-0.3198659832467995,-0.4254083873787001,0.11372549019607843,0.011764705882352941,0.00784313725490196,-0.017589501554046275,-0.5328657659182949,0.0,False,-0.04944384656300116,False,-0.1403618740018071,-0.3516896583886292,0.16328018704245117,-0.024157987508467427,False,187.70295586655288,False,False,0.41688672900254503,0.5826006868580244,0.004790189817557522,False,0.017656334978314633
PCG,483,0.21357194673792287,PG&E Corporation,Utilities,SP500,12.694999694824219,-0.007427698773428637,0.04313883444856548,-0.1016681364796238,-0.25758133984661136,-0.31377311703869304,0.11764705882352941,0.027450980392156862,0.03333333333333333,-0.06452553624189401,-0.32909051926911403,0.06672209826329656,False,4.9613058709985225e-05,True,-0.15399518364047704,-0.22371288397083178,0.1820263675367002,0.013049887366966884,False,601.1971214446548,False,False,0.5035674550180129,0.6675919065174283,-0.02580140146132137,False,0.028684419514606645
HBAN,484,0.21312126425373298,Huntington Bancshares,Financials,SP500,15.119999885559082,-0.0032959914623202913,-0.004608274967605519,-0.08180342742320801,-0.14551727282448046,-0.07127825212872141,0.1980392156862745,0.14901960784313725,0.296078431372549,-0.301078239514984,-0.192306845850305,0.03570956124227376,False,-0.03272670016971069,False,-0.08237161519480873,-0.08802610607095074,0.08976576635899947,-0.01199724214196185,False,414.62473250439075,False,False,1.1486666369183216,0.7965348072304984,-0.005273561193389176,False,0.014780175069999447
CLX,485,0.2118492350019503,Clorox,Consumer Staples,SP500,82.44999694824219,0.002919326924245791,0.022318603698794792,-0.0800045255367201,-0.13615160151764583,-0.21515838760298844,0.2019607843137255,0.17450980392156862,0.09019607843137255,-0.032926595295652505,-0.3357607690775336,0.025369894207505128,False,-0.014957868063047663,False,-0.12434927899178372,-0.17048598498106926,0.14200785314104358,9.528984784079597e-05,False,280.1279615403497,False,False,0.9627273207734871,0.6949938758998881,0.01678624581907595,False,0.026810850251592497
TTD,486,0.20814378259123734,Trade Desk (The),Communication Services,SP500,12.080300331115723,-0.0008023011869103813,-0.0016281032837133225,-0.12966136660566496,-0.3814490575324887,-0.41386220410647245,0.06666666666666667,0.0058823529411764705,0.00980392156862745,-0.001945435708529987,-0.7768280049373302,0.013448007868773093,False,-0.07299341492362632,False,-0.13835270527546395,-0.4533473405609745,0.16056767789156057,-0.011642390117200141,False,368.3432061203005,False,False,0.5228830792958462,0.5890136626391261,0.004135665020993384,False,0.025536568620700716
AON,487,0.2081433218309436,Aon plc,Financials,SP500,272.0350036621094,0.0057862329808962,-0.01418738311917389,-0.10717450036968845,-0.23613188444172517,-0.15988204476598855,0.1,0.043137254901960784,0.15490196078431373,-0.16821303864011355,-0.28485785675805664,0.009593584479379968,False,-0.042547474792369644,False,-0.15284196769855407,-0.17378664837989932,0.18041730334933304,-0.010055210082480892,False,498.80606511306456,False,False,0.6662848543123402,0.7410599169043739,0.01700745399768766,False,0.004354686291214979
ERIE,488,0.20773777723795805,Erie Indemnity,Financials,SP500,218.97000122070312,0.005510386759880914,-0.007570048990724665,-0.09597419109843375,-0.12462324058208973,-0.13823140329013062,0.1411764705882353,0.20588235294117646,0.18235294117647058,-0.4614366294462991,-0.3207392111205053,0.06972582942894778,False,-0.04378725764427849,False,-0.09776667492099145,-0.10436025175842278,0.10836074461385037,-0.011089033227524303,False,62.46797963629517,False,False,0.5835820364691037,0.4914625368390057,0.006153264047394247,False,0.030280683965525187
CHRW,489,0.20668286276866482,C.H. Robinson,Industrials,SP500,135.50999450683594,0.00244120320265262,-0.11512344882511605,-0.0993021119604669,-0.2966693020763137,-0.19764651078830875,0.12941176470588237,0.01764705882352941,0.11176470588235295,-0.025405778749856105,-0.3501361264283579,0.10600586069154017,False,-0.08946447955769099,False,-0.08356214758602731,-0.20583319247952148,0.09118146676931538,-0.04909112731570808,False,263.1069621400125,False,False,0.9823647032357511,1.8748597722152633,0.0,False,0.029498539268650523
GLW,490,0.2055132220076036,Corning Inc.,Information Technology,SP500,157.2449951171875,-0.036784103416921954,-0.019791815783553823,-0.06657373352554008,-0.17470227214574274,-0.07077419763805581,0.2784313725490196,0.1,0.3,-0.25029354207436394,-0.38385902261505644,1.0258493553387966,False,0.008884529729814794,True,0.014525738509424846,0.037133031008581785,-0.014317762436236059,-0.01740095657609453,True,1392.3009669506507,True,True,0.7692588523636218,0.6367155567455928,-0.003981585889643924,False,0.06383851880129796
COO,491,0.20519902276518417,Cooper Companies (The),Health Care,SP500,54.26499938964844,-0.008858458636558209,-0.05478140508835827,-0.14516383457842819,-0.23246107875542665,-0.24062412419706392,0.043137254901960784,0.049019607843137254,0.07647058823529412,-0.1760293158359234,-0.35643975822998775,0.018678410424900926,False,-0.020120365523069395,False,-0.173997172307229,-0.2340377257442885,0.21064960854098524,-0.02801825998755969,False,208.76874850997436,False,False,0.6050659605883851,0.925504362837137,-0.012054791733554504,False,0.015085107403283891
BLDR,492,0.20460308295467905,Builders FirstSource,Industrials,SP500,52.75699996948242,-0.014808576636343052,-0.08008716001468141,-0.1406255009935985,-0.30298588627575895,-0.38085904780750035,0.052941176470588235,0.01568627450980392,0.01568627450980392,-0.02932351022600821,-0.5927358136189588,0.0,False,-0.0876966011264767,False,-0.18200292361302783,-0.3762947952676785,0.22249825686042812,-0.05300527400507926,False,172.54699501514045,False,False,0.547998683065269,0.7030245192290542,0.014192383698569566,False,0.025753324962273925
APP,493,0.20445092177740473,AppLovin,Communication Services,SP500,272.0450134277344,-0.0328664184163906,-0.03293513992132324,-0.10822456039821504,-0.46340090825578784,-0.28246820985120324,0.09411764705882353,0.00196078431372549,0.047058823529411764,3.837151298875796e-06,-0.6291643641203124,0.014260726976448979,False,-0.10968308783571601,False,-0.15131244467920846,-0.39280508714380835,0.17828992982230596,-0.046926144712649664,False,1904.3083630924377,False,False,0.7476108830808933,0.8295446922395008,-0.013473669272958233,False,0.07092670822530672
NRG,494,0.20338145634696547,NRG Energy,Utilities,SP500,107.58000183105469,-0.009483461684086425,0.10987311969821811,-0.06752189243367368,-0.23115024688075725,-0.3306187602995142,0.27058823529411763,0.050980392156862744,0.027450980392156862,-0.08404896205057365,-0.4115497079684086,0.12968600271735586,False,0.05021160674326253,True,-0.03896507281628003,-0.22693218710245833,0.04054490811324185,0.05040970814073087,False,339.35012341372135,False,False,0.7910409801683631,1.0968519489412472,-0.07006721818972406,False,0.024508780687026364
LVS,495,0.20206391606367496,Las Vegas Sands,Consumer Discretionary,SP500,35.29999923706055,-0.014241890998944684,-0.037884967066653674,-0.18532199987674647,-0.23912152773580908,-0.34412413900054817,0.013725490196078431,0.03725490196078431,0.025490196078431372,-0.042979931698706876,-0.4831119736012768,0.0,False,-0.09121337085216674,False,-0.17746042401563267,-0.3029359465032152,0.21574697339426896,-0.041443579604381386,False,224.5701972743312,False,False,0.6678534404417535,0.8834891152093592,0.01815128975857694,False,0.04161800659434322
JBHT,496,0.2004762765854913,J.B. Hunt,Industrials,SP500,224.28500366210938,0.007388628624553473,-0.012830076255665013,-0.16249061282444865,-0.19751641192092573,-0.0006149124008195672,0.029411764705882353,0.0803921568627451,0.46078431372549017,-0.17205402709028816,-0.24713214750424972,0.6494325859043586,False,-0.05214700677050976,False,-0.1247546609835557,-0.07869424274187997,0.14253678988310692,-0.01611484502462357,False,241.01753892037905,False,False,1.5304582170726793,0.6667964479782237,-8.985030774244507e-05,False,0.014938840576748179
CRH,497,0.19850851590771137,CRH plc,Materials,SP500,80.69499969482422,-0.009391104815200668,-0.012301068432776674,-0.09686624428766688,-0.22625913658787378,-0.29599092050798514,0.13529411764705881,0.060784313725490195,0.043137254901960784,-0.046847780207973595,-0.3789047268951975,0.0,False,-0.049139673569678854,False,-0.11500150563091838,-0.24446850285657684,0.12994542517600927,-0.024248724128725363,False,445.198274630233,False,False,0.7131219797010606,0.7384729280238483,0.01681810412447171,False,0.024172543027762557
FIS,498,0.19186840867292881,Fidelity National Information Services,Financials,SP500,33.849998474121094,0.0008870129972669005,0.022658611316443977,-0.10057465031311119,-0.18434675806392453,-0.23532472984959374,0.12156862745098039,0.09019607843137255,0.08235294117647059,-0.24052799201872527,-0.4874834611047463,0.04346485533606681,False,-0.030849649107643873,False,-0.12736636923464328,-0.25096345652157603,0.1459562922448161,0.0010658133799867908,False,245.2525382529297,False,False,0.6672986248269298,0.8695552603856548,-0.007096329566385506,False,0.017341607624469894
WY,499,0.19118229127483158,Weyerhaeuser,Real Estate,SP500,18.530099868774414,-0.0021486174854878914,-0.0032221776934809876,-0.17972112688757014,-0.20253535913620324,-0.24009254888402798,0.01764705882352941,0.0784313725490196,0.0784313725490196,-0.14270365680518782,-0.29799626609017504,0.003253955476677728,False,-0.08427785540958577,False,-0.17621878530215862,-0.21766844278337438,0.21391454691861922,-0.024370010771893713,False,141.73651510314275,False,False,0.8175673843399417,1.2978398820947945,-0.0010770305919416412,False,0.027777581164699628
MKC,500,0.18803332097589331,McCormick & Company,Consumer Staples,SP500,45.17599868774414,-0.0016353881161516037,0.023470759230202143,-0.12245534014273107,-0.13868449893970325,-0.10591555305777256,0.07647058823529412,0.16862745098039217,0.24313725490196078,-0.4830359541076705,-0.3581060660098392,0.023470759230202143,False,-0.05553363120595145,False,-0.11813028172842777,-0.17075790025856719,0.13395434640839943,-0.017595497754073208,False,155.28094663776642,False,False,0.8856025879705715,1.1735902080981253,0.010828766374956889,False,0.023596232981726452
FER,501,0.18523344231447297,Ferrovial,Industrials,NDX,49.689998626708984,-0.017984187250075112,-0.061390254709230874,-0.12146397771882322,-0.2269757378602658,-0.2979314800126681,0.0803921568627451,0.058823529411764705,0.041176470588235294,-0.039023828709566014,-0.3253987448811668,0.0,False,-0.08250784806248512,False,-0.1582431932617513,-0.23730104968354515,0.18799158141047068,-0.04926767518317321,False,88.6233726768547,False,False,1.0325106476439803,1.3384200755358642,-0.016205528054385243,False,0.05638592848275503
XYL,502,0.18354660794314492,Xylem Inc.,Industrials,SP500,100.69999694824219,-0.010999830582782533,-0.0017843012497671396,-0.0644741962166312,-0.166117597765169,-0.21576851352425663,0.2901960784313726,0.10980392156862745,0.08823529411764706,-0.25810214496757605,-0.3323857514929952,0.0,False,-0.03575927558399805,False,-0.08845425361163672,-0.15763405906494254,0.09703764617640043,-0.016665557530238018,False,238.8302157078018,False,False,0.8944199873762323,0.9699786746250908,0.015419364560300908,False,0.019549885405703158
INSM,503,0.1818044929113917,Insmed,Health Care,NDX,98.81999969482422,-0.028700592001733694,-0.08997142437196426,-0.23276399570337147,-0.14522965856661352,-0.38078825764493174,0.00980392156862745,0.15098039215686274,0.01764705882352941,-0.8118376117570315,-0.5325670593489729,0.07553333313958155,False,-0.14718447146061786,False,-0.1739544098784962,-0.24812917120910694,0.21058693607081547,-0.07968421844647688,False,310.8137274043549,False,False,0.5518794266981223,1.262969392510548,-0.010615237117522547,False,0.04977366025847607
ROL,504,0.17795948451649024,"Rollins, Inc.",Industrials,SP500,31.34000015258789,0.015225115017073687,0.025188108127264464,-0.0926462269287579,-0.29182131187291593,-0.4335878499402259,0.15490196078431373,0.0196078431372549,0.0058823529411764705,0.0019953186754153723,-0.5168293566819353,0.05557425358202828,False,-0.013053269400779888,False,-0.09399322554791656,-0.3566902433715212,0.10374450633082732,0.017225819017586463,False,208.77338826454084,False,False,1.1587674505385919,0.9438598279031131,-0.00939426328614723,False,0.027699814898634434
BA,505,0.1765644020524832,Boeing,Industrials,SP500,184.59100341796875,-0.01980142184165279,-0.03998853448170514,-0.10575038729101494,-0.16955639539457512,-0.1611787445884204,0.10392156862745099,0.10588235294117647,0.15098039215686274,-0.22092782318406812,-0.2679317553592754,0.03054381671461015,False,-0.05836554871331101,False,-0.12226926992329357,-0.1622933806781921,0.13930157135162413,-0.029719500933181986,False,1380.189866187362,False,False,1.1486573685369748,1.019237968740372,-0.0007434932189464005,False,0.11342731586759577
ALNY,506,0.1764025377166291,Alnylam Pharmaceuticals,Health Care,NDX,222.40499877929688,-0.008934561071668679,-0.037957410565328975,-0.1379651210104772,-0.25557306363133425,-0.3077533627230935,0.056862745098039215,0.029411764705882353,0.0392156862745098,-0.08017727639000805,-0.5472395296881016,0.08236813024952516,False,-0.07468409420140232,False,-0.06078136979975357,-0.25725432253936353,0.06471482554258401,-0.034196495685252515,False,426.60569577386417,False,False,0.5701044504320496,0.5859826504015075,-0.010516467946344199,False,0.007842730604863277
ALB,507,0.1756420324574658,Albemarle Corporation,Materials,SP500,102.48999786376953,-0.00253043441586831,-0.02418357559790829,-0.18326361404739244,-0.18417071578107624,-0.40181151747038935,0.01568627450980392,0.09215686274509804,0.011764705882352941,0.023663712060166542,-0.5218542130359096,0.1720195904727122,False,-0.06357786715564984,False,-0.15808497261111287,-0.3336877909910556,0.1877683227740894,-0.02919488377583579,False,280.16491359832213,False,False,0.9611774747466705,0.6555775530521963,0.024038941320711604,False,0.03215395118620925
CHTR,508,0.16682574378041587,Charter Communications,Communication Services,SP500,107.26000213623047,0.0028048153919755237,-0.036904018218475776,-0.19889459537540966,-0.17953028653212522,-0.5195090077986406,0.011764705882352941,0.09607843137254903,0.00196078431372549,-0.3246652085491731,-0.6090680320549697,0.0028048153919755237,False,-0.10571951260102419,False,-0.2231375418122875,-0.37957770731798646,0.28722914778612063,-0.029864512956129685,False,383.2667768317755,False,False,0.5722484547652881,0.8652360807883659,0.0,False,0.02064226546158669
WYNN,509,0.16293324081870914,Wynn Resorts,Consumer Discretionary,SP500,74.19000244140625,-0.010404145212705163,-0.04023286529845538,-0.1777679299431698,-0.25456920010759576,-0.2890933927252244,0.0196078431372549,0.03137254901960784,0.045098039215686274,-0.04494839031503012,-0.43850299369387613,0.0,False,-0.08063494332541321,False,-0.1834978021223973,-0.2705045150150839,0.22473644602473497,-0.037934604544289985,False,171.28467292493346,False,False,0.8947724144394836,0.899569662008553,-0.006135775336570615,False,0.03697703959819554
MGM,510,0.1379726033440018,MGM Resorts,Consumer Discretionary,SP500,29.6200008392334,-0.012666638692220067,-0.027896241984769365,-0.27151989792448006,-0.3681740579272508,-0.1979420364347486,0.00392156862745098,0.00784313725490196,0.10980392156862745,-0.09391811519128199,-0.415663806634503,0.0,False,-0.1425800581706682,False,-0.25416727747144297,-0.25230528758303783,0.34078322094765845,-0.04983888170452533,False,128.39625476908515,False,False,1.9841937769875622,1.102536631866811,0.0066666920979818745,False,0.037143446419600594
FICO,511,0.13107978797170902,Fair Isaac,Information Technology,SP500,683.3099975585938,0.0022587939968414794,0.03258027587245005,-0.3050071747456403,-0.4537453159946456,-0.3627919866504127,0.00196078431372549,0.00392156862745098,0.0196078431372549,-0.043045163270787765,-0.6296382590639349,0.15332427185746256,False,-0.16886165932268782,False,-0.3019515469799471,-0.429206213083965,0.4325653121550186,-0.03889413898263627,False,548.1764176227979,False,False,1.6297974332509657,1.749161451135914,0.012071490727046719,False,0.039537357166449
