Ticker,rank,score,name,sector,index,price,ret_1d,ret_1w,ret_1m,ret_3m,ret_6m,rs_1m,rs_3m,rs_6m,rs_3m_chg,pct_from_52w_high,pct_from_52w_low,new_52w_high,pct_vs_20dma,above_20dma,pct_vs_50dma,pct_vs_200dma,dist_to_50dma,pct_vs_9ema,pullback_9ema,avg_dollar_vol_m,above_50dma,above_200dma,vol_ratio_20_60,volume_x,gap_pct,gap_up,rvol
AMD,1,0.8844193817878028,Advanced Micro Devices,Information Technology,SP500,614.6099853515625,-0.014684954218497137,0.1992389958079268,0.34561573147577995,0.18253356851453018,1.9926961092873179,0.9922027290448343,0.8693957115009746,0.9961013645224172,0.5964912280701754,-0.014684954218497137,2.8543205786665373,False,0.19809466472809656,True,0.2289328846604768,0.7041753405825935,-0.18628591318371723,0.08376970194537181,False,12167.456433135192,True,True,0.7260301353392465,1.2393317834528204,-0.0036391930682334594,False,0.6732660998011083
MRNA,2,0.8694653299916458,Moderna,Health Care,SP500,182.11000061035156,-0.0024649263489268103,0.25058375715367087,0.31118152070439375,2.0140682907857568,2.547136736834855,0.98635477582846,1.0,1.0,0.0,-0.0024649263489268103,7.1444541878073,False,0.20899292575050965,True,0.7366236731245546,1.9106991131420026,-0.42417000558285156,0.11488450913855464,False,2633.5575876308517,True,True,0.21534131853351213,1.096362564552913,0.00462862199826608,False,0.9622395036447123
META,3,0.8580757449178502,Meta Platforms,Communication Services,SP500,744.0999755859375,0.010181917253030193,0.10600942844711492,0.3321297035477977,0.335354657238057,0.2571297701642845,0.9902534113060428,0.9551656920077972,0.8304093567251462,0.8206627680311891,-0.01845236456245558,0.41782201477327496,False,0.16022602155882804,True,0.2165836135009751,0.19159561287471139,-0.17802608147721977,0.06806330490742996,False,11499.466880609252,True,True,0.9913672882890796,1.6230458226974849,0.014933478637777498,False,1.6582812695529483
MSFT,4,0.8552631578947368,Microsoft,Information Technology,SP500,500.5899963378906,0.005200795859218177,0.020987168674511336,0.027251644427221278,0.37233173360890404,0.3484429922216403,0.847953216374269,0.9649122807017544,0.8869395711500975,0.20662768031189083,-0.06892330826521398,0.4214561956788019,False,0.002368800604985122,True,0.06276349980794582,0.16313627123210295,-0.059056883134665394,0.005153401390372903,False,13448.044256684083,True,True,0.4924724376124712,0.875253078107896,0.0055421882843875725,False,0.667816917143442
SMCI,5,0.8483013088276247,Supermicro,Information Technology,SP500,41.439998626708984,-0.0024073732935566694,0.12455903236499033,0.17827696287172423,0.2770415301202964,0.8641475249684212,0.9707602339181286,0.9376218323586745,0.9668615984405458,0.631578947368421,-0.29379689142479726,1.0185093638922842,False,0.07510699065522375,True,0.20577277758073298,0.30641681809674703,-0.1706563470387814,0.04104781572088867,False,1666.17459797987,True,True,0.5815848024887356,0.9566030549011707,0.017573411799407523,False,0.8555991093465936
AAPL,6,0.8366889445836814,Apple Inc.,Information Technology,SP500,337.0199890136719,-0.008035352424806796,0.01386837129080054,0.08597020361736663,0.15091675994951315,0.34168427225662135,0.9239766081871345,0.8265107212475633,0.8810916179337231,0.4873294346978557,-0.008143153964860095,0.37915324501492575,False,0.03080608981880828,True,0.0485776085958618,0.17519164914336272,-0.04632714660091919,0.007787111343418918,False,15429.705322789612,True,True,0.6706029219087865,0.9608975498002589,0.003914603597544142,False,0.6568597612582042
SWKS,7,0.8161793372319688,Skyworks Solutions,Information Technology,SP500,91.44999694824219,,0.06846595234351405,0.36778336992840965,0.2808122548162155,0.6662686066307058,0.9941520467836257,0.9395711500974658,0.9571150097465887,0.8888888888888888,,,False,,False,,,,0.05487824887380355,False,476.25212234507194,False,False,1.6646061443499296,1.4719881126637537,,False,0.7626627855854217
PLTR,8,0.810985797827903,Palantir Technologies,Information Technology,SP500,191.7899932861328,0.036758676636830634,0.10009175929097824,0.09039737308350992,0.6897796765298045,0.23911354696163967,0.935672514619883,0.9961013645224172,0.8187134502923976,0.08382066276803124,-0.07428323165225925,0.7879183302699349,False,0.0807444680505125,True,0.18648446997179247,0.2623694630607607,-0.157173966192938,0.06187063529813819,False,5793.074459678573,True,True,0.6312292349795011,0.790366145557214,0.0070273406906666835,False,0.9661050989214244
IQV,9,0.8087719298245614,IQVIA,Health Care,SP500,267.8599853515625,,-0.003571244500035986,0.02928064633850025,0.4430556642481023,0.6127400280425845,0.8499025341130604,0.9746588693957114,0.9512670565302144,-0.015594541910331383,,,False,,False,,,,0.004087147444727046,False,368.7799223423238,False,False,0.5226638160784014,1.7333923275614656,,False,0.7477996645675943
VRSN,10,0.8086744639376219,Verisign,Information Technology,SP500,293.2799987792969,,-0.0173557355226317,0.008562846594470708,0.1668554824771622,0.22303799528751966,0.7953216374269005,0.8460038986354775,0.797270955165692,0.6627680311890838,,,False,,False,,,,-0.014915508004511246,False,225.7816133457106,False,False,0.5951095223171737,1.2850714235815544,,False,0.7861479229148722
ZS,11,0.8053606237816764,Zscaler,Information Technology,NDX,214.4499969482422,,0.11937569108781743,0.21805066410313922,0.6850004133313168,0.5382683546010705,0.9805068226120858,0.9941520467836257,0.9376218323586745,0.7465886939571149,,,False,,False,,,,0.09201466897165789,False,482.3210546694386,False,False,1.5099644411523407,1.1677429329627609,,False,0.9129361588659013
CRWD,12,0.8021442495126706,CrowdStrike,Information Technology,SP500,262.489990234375,,0.08754553186356429,0.37659954015571206,0.5600724056749218,1.6717218937594702,0.9961013645224172,0.98635477582846,0.9883040935672515,0.26315789473684204,,,False,,False,,,,0.08922361866855266,False,2157.41198223195,False,False,1.9579230832821506,1.4494643838737296,,False,1.3142158674959679
ZBRA,13,0.7917153996101366,Zebra Technologies,Information Technology,SP500,371.0199890136719,,0.08746115533875165,0.021249660005775883,0.4973766681795313,0.7881342676329317,0.8323586744639376,0.9766081871345029,0.9649122807017544,0.005847953216374324,,,False,,False,,,,0.0487136588361865,False,238.41281058467942,False,False,0.40024243286772937,1.0679147270842995,,False,0.920356708879713
HPQ,14,0.784990253411306,HP Inc.,Information Technology,SP500,32.15999984741211,,-0.016513789080376817,0.1361979103141564,0.39426951337055116,0.7399631019842745,0.9551656920077972,0.9688109161793372,0.9590643274853801,0.253411306042885,,,False,,False,,,,-0.027235966433141523,False,469.2739559247114,False,False,1.2177743086133173,1.313830652118339,,False,1.0294571212842774
MPC,15,0.781384015594542,Marathon Petroleum,Energy,SP500,388.3800048828125,,-0.06170276313392342,0.07133404130210685,0.5798282482879573,0.6027623088960965,0.9122807017543859,0.9883040935672515,0.949317738791423,0.015594541910331383,,,False,,False,,,,-0.03389162694972836,False,940.6653680579361,False,False,0.8312158645914047,2.021243319465869,,False,1.6214889445499405
FFIV,16,0.7794346978557505,"F5, Inc.",Information Technology,SP500,455.989990234375,,0.07648904406760226,0.20301282174631807,0.18506676979310188,0.5776016356002363,0.9766081871345029,0.8771929824561403,0.9473684210526315,0.6354775828460039,,,False,,False,,,,0.05447486636327392,False,248.38299213150958,False,False,1.2847741518575222,1.1889539551594708,,False,0.7854621453785462
MRK,17,0.7784600389863549,Merck & Co.,Health Care,SP500,148.0800018310547,,0.021875633764642632,-0.011322966418948255,0.23510848944581464,0.2892089108267051,0.7407407407407407,0.9083820662768031,0.8518518518518519,0.03508771929824561,,,False,,False,,,,0.007137597573647847,False,1421.852549790067,False,False,0.5305232986084615,1.4753779053521883,,False,0.9549906788580265
BIIB,18,0.7746588693957116,Biogen,Health Care,SP500,227.52999877929688,,0.05333088544704534,0.043141407815701305,0.13998698809586618,0.23697942676594308,0.8713450292397661,0.8109161793372319,0.8167641325536062,0.1500974658869395,,,False,,False,,,,0.0358246970751499,False,199.7081735812129,False,False,0.632416032882028,1.557018924723763,,False,1.501008589409811
VLO,19,0.7733918128654971,Valero Energy,Energy,SP500,375.8399963378906,,-0.06804206140762104,0.08624276398234287,0.5562945164660693,0.5680870268389286,0.9259259259259259,0.9824561403508771,0.9434697855750487,0.015594541910331383,,,False,,False,,,,-0.037566892330269,False,1038.4751707883252,False,False,0.870862994429228,1.9684990343798998,,False,2.427685479165296
IFF,20,0.7668615984405458,International Flavors & Fragrances,Materials,SP500,85.70999908447266,,0.020327940141483092,0.003562258091257764,0.1356412337268489,0.2749782012201869,0.7816764132553606,0.8050682261208577,0.8421052631578947,0.09161793372319693,,,False,,False,,,,0.01623121405839667,False,133.69160894292716,False,False,0.42066469526240186,1.2606753370464576,,False,0.8653485133303773
NVDA,21,0.7633110554163186,Nvidia,Information Technology,SP500,225.50999450683594,-0.014680826154739757,0.054277704261974646,0.08289683648656898,0.13448409456388832,0.2900996550021029,0.9220272904483431,0.7992202729044834,0.8557504873294347,0.5438596491228069,-0.041208756276021385,0.36844135984655413,False,0.020270582047479557,True,0.0479557519464644,0.13484433183921718,-0.045761237397086485,0.012607473695065208,False,26547.207003603973,True,True,1.1133561095690294,0.9383418078168161,-0.003670189871155971,False,0.719155554077447
FTNT,22,0.7624756335282652,Fortinet,Information Technology,SP500,178.74000549316406,,0.04057752254373437,0.17599841458787968,0.23031392480046886,1.2528360693634504,0.9668615984405458,0.9044834307992202,0.9785575048732943,0.2222222222222222,,,False,,False,,,,0.045108123897211305,False,794.3125873278559,False,False,1.611079581049931,1.257563789172893,,False,0.6882495663533871
LITE,23,0.7624338624338625,Lumentum,Information Technology,SP500,937.0,-0.009168085132062354,0.01914289223252319,0.12868450954508348,0.1121265324892502,0.16834375916109545,0.9532163742690059,0.7582846003898636,0.7017543859649122,0.6666666666666667,-0.11023746269378165,5.262950311993841,False,0.026376895691675895,True,0.10129530734410142,0.2955492449924835,-0.09197833375717057,0.014645125647139157,False,4032.2104822529295,True,True,0.7873149035551302,1.1202742337306981,0.0009411471914320124,False,0.6905403882223762
DXCM,24,0.7621832358674465,Dexcom,Health Care,SP500,87.7300033569336,,0.004465388543573479,-0.03656923227476949,0.25777782590585807,0.3172673478517125,0.6276803118908382,0.9239766081871345,0.8713450292397661,0.029239766081871288,,,False,,False,,,,0.00154075120431596,False,401.6631850201198,False,False,0.5376960061797555,1.29475141827413,,False,0.7717991565688789
PSX,25,0.7615009746588695,Phillips 66,Energy,SP500,256.4800109863281,,-0.030797693935324832,0.060009934987445,0.5289450029389715,0.41056505097652196,0.898635477582846,0.9805068226120858,0.9161793372319688,0.025341130604288553,,,False,,False,,,,-0.020927988061415714,False,684.6768746133299,False,False,0.9083942590168324,1.8506143286155354,,False,1.5158211004382451
QCOM,26,0.7609440267335005,Qualcomm,Information Technology,SP500,197.24000549316406,-0.005194929929397962,0.06708509738663926,0.2509524896636399,0.004576671131945487,0.5469491476134121,0.9824561403508771,0.5419103313840156,0.9395711500974658,0.5321637426900585,-0.20705147209882424,0.6043037115015766,False,0.11123059022007853,True,0.16952892821480692,0.17833516850763642,-0.14495488236753518,0.047696444571853513,False,2134.590635532135,True,True,0.7919340944910439,1.690903617155264,0.006758442068973913,False,0.76705826907356
GILD,27,0.7565302144249513,Gilead Sciences,Health Care,SP500,151.3699951171875,,0.024986474975708717,0.03736222919152188,0.21622355735972332,0.10942706983154693,0.8635477582846004,0.898635477582846,0.6120857699805068,0.31968810916179335,,,False,,False,,,,0.01589221322127532,False,873.311571310456,False,False,0.7011275442469392,1.4386983481517595,,False,0.9923878182850022
DDOG,28,0.7563352826510721,Datadog,Information Technology,SP500,251.49000549316406,,0.0896919832280918,0.11392125053806534,0.12953070912765496,1.0518071805443903,0.9473684210526315,0.7914230019493177,0.9727095516569201,0.43079922027290446,,,False,,False,,,,0.06387021312505947,False,1046.7518531903947,False,False,0.8838831546759943,0.7982119923939989,,False,0.6527554665672696
RVTY,29,0.7540935672514621,Revvity,Health Care,SP500,142.11000061035156,,-0.024840425604317873,0.15536585862074448,0.3462001619200521,0.6271481703818573,0.9629629629629629,0.9571150097465887,0.9551656920077972,0.050682261208576995,,,False,,False,,,,0.021499033137135637,False,214.880301553516,False,False,1.267896817885827,1.5004138130379128,,False,1.3168424720605334
ANET,30,0.747953216374269,Arista Networks,Information Technology,SP500,203.47000122070312,,0.03001927779748792,0.08142443699810831,0.25800664220518277,0.5555810127939345,0.9200779727095516,0.9259259259259259,0.9415204678362573,0.07017543859649122,,,False,,False,,,,0.022380662564571496,False,1218.8176841503223,False,False,0.804028232029532,1.0376953202643413,,False,0.6062285254724474
EXPD,31,0.7462962962962963,Expeditors International,Industrials,SP500,188.02999877929688,,-0.005342755727393622,0.0010647763738089733,0.1740134520475225,0.3312598951325265,0.7680311890838206,0.8557504873294347,0.8771929824561403,0.042884990253411304,,,False,,False,,,,-0.010515719874409024,False,192.21461205565782,False,False,0.6619160222981344,1.3525986680564532,,False,0.8854609644547861
TMO,32,0.7449317738791423,Thermo Fisher Scientific,Health Care,SP500,665.2999877929688,,0.02601667922171913,0.05895912190604724,0.35272231911316765,0.35935331831597583,0.8947368421052632,0.9590643274853801,0.8888888888888888,-0.005847953216374324,,,False,,False,,,,0.03095428365240105,False,1260.3371377932178,False,False,0.8099693348389686,1.5935097311168094,,False,1.1157867145596194
CRM,33,0.7444444444444445,Salesforce,Information Technology,SP500,237.5800018310547,,-0.050059933914371246,0.13841942926373263,0.5579862987641111,0.30701012145171247,0.9610136452241715,0.9844054580896686,0.8674463937621832,0.2300194931773879,,,False,,False,,,,-0.02144457401483446,False,3089.014789693467,False,False,1.8697541409189002,1.072400311236509,,False,0.8601112122803548
HPE,34,0.7410331384015595,Hewlett Packard Enterprise,Information Technology,SP500,62.33000183105469,0.02130104993871984,0.10246393000124487,0.1918301526514321,0.2817980434724967,1.6221956462988532,0.9746588693957114,0.9415204678362573,0.98635477582846,-0.01949317738791423,0.0,2.169526645698703,True,0.10477728679077258,True,0.1727783579466784,0.7650992765947049,-0.14732396516011936,0.043937420575190345,False,1104.896413451111,True,True,1.174718654981185,1.0164227927543958,0.019662473979051187,False,0.725713026481901
MSTR,35,0.7400167084377611,Strategy (MicroStrategy),Information Technology,NDX,162.1999969482422,-0.030658010079937847,0.2854651811376554,0.32267797913304874,0.7231488545735882,0.19045869319810782,0.9883040935672515,0.9980506822612085,0.7426900584795322,0.9668615984405458,-0.5490561432141426,0.9705989765432492,False,0.1744261547420849,True,0.4093391459055866,0.1860721831644736,-0.2904475811197036,0.07988985176624297,False,2732.1121559258577,True,True,1.376430430045487,1.4154609173150312,-0.0005976579359426859,False,0.935559762150976
EL,36,0.7398635477582846,Estée Lauder Companies (The),Consumer Staples,SP500,98.83000183105469,,0.03378664653230046,-0.04767398921493038,0.1908935733547772,0.39268495197523534,0.5477582846003899,0.8810916179337231,0.9083820662768031,0.08576998050682261,,,False,,False,,,,0.019053562543824842,False,285.5216735714192,False,False,0.6228754963561417,1.111780564095351,,False,0.6794693818727817
TECH,37,0.7395711500974659,Bio-Techne,Health Care,SP500,72.5199966430664,,0.002626777370412725,0.0017957902267444759,0.23302147851548494,0.38727233149204654,0.7738791423001949,0.9064327485380117,0.9025341130604289,-0.07992202729044828,,,False,,False,,,,0.0018040297380621517,False,224.8975015559605,False,False,0.046082433546878264,1.3651022397555799,,False,1.146151790363536
SOLV,38,0.7391812865497076,Solventum,Health Care,SP500,88.37000274658203,,-0.0051784202970920346,-0.031561613736087346,0.1690700757751622,0.3801343812481084,0.6569200779727096,0.847953216374269,0.8966861598440545,0.040935672514619936,,,False,,False,,,,-0.005709459621748958,False,95.39639094524773,False,False,0.5444380323334391,1.109989827702063,,False,0.7837703637580898
GRMN,39,0.736159844054581,Garmin,Consumer Discretionary,SP500,287.5799865722656,,0.038457350876230256,-0.008777340503168918,0.20278973997136052,0.20265588361904752,0.7485380116959064,0.8888888888888888,0.7719298245614035,0.03508771929824561,,,False,,False,,,,0.02719244266380194,False,268.6394655522249,False,False,0.5762248579062732,1.228779174911172,,False,0.6168731996419435
FOX,40,0.734795321637427,Fox Corporation (Class B),Communication Services,SP500,56.959999084472656,,-0.037024554267307885,-0.07060872340702318,0.2616532731099268,0.08989358887283472,0.3820662768031189,0.9298245614035088,0.5672514619883041,0.39181286549707606,,,False,,False,,,,-0.02284892539029504,False,66.4491166361984,False,False,0.6722160214788562,1.870674762132412,,False,0.9592531480380703
DELL,41,0.7328738512949039,Dell Technologies,Information Technology,SP500,549.8300170898438,0.0016578630911974201,-0.023895260811557684,0.2692583254254912,0.2688075540149719,2.122732771402521,0.9844054580896686,0.935672514619883,0.9980506822612085,-0.04873294346978563,-0.06555065554701045,3.9738241648088612,False,0.055265026774300674,True,0.17041739946853474,0.9759941163592152,-0.14560395252660985,-0.00388568925894206,False,3813.0464937857664,True,True,1.1635996873409555,1.1835162789099611,0.018363363338320227,False,1.0434600892885413
FOXA,42,0.7328460038986355,Fox Corporation (Class A),Communication Services,SP500,63.959999084472656,,-0.03325278802692522,-0.07177317927705096,0.2900116239097392,0.09330458670406228,0.3742690058479532,0.9454191033138402,0.5789473684210527,0.39766081871345027,,,False,,False,,,,-0.019933731618393402,False,321.4068414448407,False,False,0.6548023855169814,1.394225799842975,,False,0.9313950190141572
NEM,43,0.7326510721247564,Newmont,Materials,SP500,123.55000305175781,,0.014701058509547504,-0.060928402423617634,0.3165375191680664,0.25324454362019866,0.4678362573099415,0.949317738791423,0.8284600389863548,0.08771929824561409,,,False,,False,,,,-0.004640882610617458,False,904.656864266454,False,False,0.6676039380507833,1.2048440022232105,,False,0.7038597793127053
AMZN,44,0.7316764132553607,Amazon,Consumer Discretionary,SP500,249.27000427246094,-0.022393880111205244,0.013457462466425874,-0.04884192274594146,0.06402868368310055,0.20280832689267259,0.5399610136452242,0.6842105263157895,0.7738791423001949,0.39181286549707606,-0.12235048970281515,0.25393637854632156,False,-0.023162019658045208,False,-0.02739462480891719,0.03588553246413606,0.028166228058872367,-0.01503881831148468,False,10386.68147588266,False,True,0.6205542804710225,1.047410290118919,-0.007765298300713819,False,1.0961261763186823
VTRS,45,0.7306042884990254,Viatris,Health Care,SP500,17.1200008392334,,0.005875462913052409,0.03506649888764901,0.08276211483238005,0.30052938717130284,0.8615984405458089,0.7153996101364523,0.8596491228070176,0.38206627680311894,,,False,,False,,,,0.011127199016198297,False,154.16068950460004,False,False,0.7295452483768549,0.9910269192422733,,False,0.7426329467639247
PANW,46,0.7294346978557505,Palo Alto Networks,Information Technology,SP500,393.29998779296875,,0.046985210124475874,0.1208321306183675,0.378742110105484,1.5017490681035417,0.949317738791423,0.9668615984405458,0.9824561403508771,0.01754385964912275,,,False,,False,,,,0.06121841647037529,False,2249.8487574503374,False,False,1.6397681078085922,1.253291861051204,,False,0.9913758430066691
GDDY,47,0.7261208576998052,GoDaddy,Information Technology,SP500,96.37999725341797,,-0.027348866531710536,-0.04118582896842948,0.18504850711335719,0.20009961627877804,0.594541910331384,0.8752436647173489,0.7660818713450293,0.26315789473684215,,,False,,False,,,,-0.028166649272944322,False,198.39864946382482,False,False,0.8788553386375676,1.6592628740762851,,False,1.8533732731616244
VEEV,48,0.725925925925926,Veeva Systems,Health Care,SP500,270.75,,0.02208382875917181,0.08971260035343454,0.6780290657460388,0.51164088592132,0.9337231968810916,0.9922027290448343,0.9317738791423001,0.0,,,False,,False,,,,0.019738968246200583,False,424.6025840092562,False,False,1.406343532895937,1.3907232264931884,,False,0.8116442610560339
WST,49,0.7235867446393762,West Pharmaceutical Services,Health Care,SP500,375.8699951171875,,0.03828619368988129,0.06382312726569173,0.10488977887237527,0.534631195338183,0.9044834307992202,0.7504873294346979,0.935672514619883,0.12085769980506822,,,False,,False,,,,0.0391127565549354,False,225.59846913047323,False,False,0.8648833751738763,1.2829772410589875,,False,1.3635212581634013
NOW,50,0.7208576998050683,ServiceNow,Information Technology,SP500,140.77999877929688,0.027591231965670593,0.006865909060153719,0.0994142555576012,0.5008528166210828,0.3452460270101705,0.9415204678362573,0.9785575048732943,0.884990253411306,0.0935672514619883,-0.25614768174566394,0.6961445636059864,False,0.01797250657374616,True,0.13082298997945951,0.20352754456868682,-0.11568830059056001,0.019232511117479145,False,2367.773830552261,True,True,1.0014927630000856,0.6534977088368529,0.0016058483263001744,False,0.5730675231337305
CRL,51,0.7183235867446395,Charles River Laboratories,Health Care,SP500,277.3299865722656,,0.014337379238693604,-0.0711702088406948,0.37224135673809533,0.7421319324016198,0.37816764132553604,0.9629629629629629,0.9610136452241715,-0.03508771929824561,,,False,,False,,,,-0.0036004939302906047,False,248.49984879430656,False,False,0.620832399224849,1.2994695056173862,,False,1.7367209958447183
MET,52,0.7174463937621833,MetLife,Financials,SP500,97.19999694824219,,-0.0003086126468725414,0.010289968539551886,0.15605428652187792,0.4100961982781377,0.8070175438596491,0.8362573099415205,0.9142300194931774,0.10916179337231968,,,False,,False,,,,0.001312498474997481,False,329.78523737592116,False,False,0.8377213578333957,1.0861187318893235,,False,0.8527980348234582
PFE,53,0.7153996101364524,Pfizer,Health Care,SP500,28.18000030517578,,0.02622000162812288,0.007508079977714743,0.19271950751680134,0.0810933662749509,0.7933723196881092,0.884990253411306,0.5419103313840156,0.31189083820662766,,,False,,False,,,,0.012110801078495603,False,993.1336752212875,False,False,0.6838104463149274,1.122229042528223,,False,0.9040629886083211
APA,54,0.7153021442495127,APA Corporation,Energy,SP500,43.70000076293945,,-0.02433579214797521,0.0172253653220924,0.32035924968943763,0.08583676789598127,0.8226120857699805,0.9532163742690059,0.5536062378167641,0.33333333333333337,,,False,,False,,,,-0.017227571603368963,False,227.59214585503557,False,False,0.8914367092572872,1.2761667843404987,,False,0.9957541966091041
A,55,0.714132553606238,Agilent Technologies,Health Care,SP500,165.32000732421875,,0.07567183745244854,0.07749472212752262,0.25836047927378836,0.45372980425240717,0.9181286549707602,0.9278752436647173,0.9259259259259259,-0.015594541910331383,,,False,,False,,,,0.05542467842374532,False,329.70385701487015,False,False,1.0203553345994902,1.5348023420433943,,False,1.4730819040545873
PM,56,0.7076023391812866,Philip Morris International,Consumer Staples,SP500,190.83999633789062,,-0.0045381583929267055,-0.003238328393580181,0.07630702704637815,0.17423679101086464,0.7660818713450293,0.7056530214424951,0.7153996101364523,0.32748538011695905,,,False,,False,,,,0.004748433580135325,False,903.986961628692,False,False,0.7053553699717713,1.2518580804940806,,False,1.5543070900935234
DE,57,0.7074074074074074,Deere & Company,Industrials,SP500,709.47998046875,,0.05976371087056176,0.09379619580405896,0.18405148818782302,0.22362764376213184,0.9395711500974658,0.8732943469785575,0.8011695906432749,0.009746588693957059,,,False,,False,,,,0.03282587509794599,False,788.2693509727011,False,False,0.7783022043237696,1.2685030788738698,,False,1.498944713054446
WDAY,58,0.7067251461988305,"Workday, Inc.",Information Technology,SP500,192.3800048828125,,0.024605935828403203,-0.03399442240099104,0.629096543727176,0.4879728894180899,0.645224171539961,0.9902534113060428,0.9278752436647173,-0.003898635477582846,,,False,,False,,,,-0.0006547756899407675,False,779.5535115884742,False,False,0.7504385907242507,0.9262754368823798,,False,0.4533358669992645
ELV,59,0.701851851851852,Elevance Health,Health Care,SP500,398.55999755859375,,-0.03393445821904162,-0.005800076962867107,0.042434210578828235,0.3843679794545596,0.7582846003898636,0.6569200779727096,0.898635477582846,0.2690058479532164,,,False,,False,,,,-0.02409235365399931,False,473.2206114161277,False,False,0.7758491941825593,1.1244220597848695,,False,0.988107802991336
TRGP,60,0.7008771929824562,Targa Resources,Energy,SP500,283.010009765625,,-0.006180353674706818,-0.038231494687166356,0.06764238402361844,0.16116425546066382,0.6120857699805068,0.6939571150097466,0.6900584795321637,0.17738791423001943,,,False,,False,,,,-0.015743412004500135,False,341.5836018440714,False,False,0.6105787875718228,1.455109012290254,,False,0.8708655498281787
INTC,61,0.7003341687552214,Intel,Information Technology,SP500,122.5999984741211,-0.010172792911525064,0.2132607102577262,0.40499651011602955,-0.06874284726119506,1.7825691024249646,1.0,0.33528265107212474,0.9922027290448343,0.3157894736842105,-0.13012632077191677,2.926969928589281,False,0.21338682352650507,True,0.25045896281713365,0.5646046922131476,-0.20029362839135456,0.09191992096371626,False,10824.871196761324,True,True,0.8297468842312835,1.2927833168110523,8.075356193426586e-05,False,0.7744821049027415
HOOD,62,0.698816485658591,Robinhood Markets,Financials,SP500,122.69999694824219,-0.01247487365599853,0.17506223999085813,0.1841342761621334,0.26247550021634547,0.7762014142432001,0.9727095516569201,0.9317738791423001,0.9629629629629629,-0.03703703703703709,-0.19519879611102064,0.8830569375733843,False,0.07996300836532244,True,0.1812342336503272,0.2947329536329908,-0.1534278540931423,0.04103321342927502,False,2247.154965801193,True,True,1.1413107444695625,1.1677923188572539,-0.011830995740065409,False,0.8920746068750247
NDAQ,63,0.696588693957115,"Nasdaq, Inc.",Financials,SP500,95.44000244140625,,0.07525912735922646,-0.03064430340668589,0.17341807036768353,0.1403194586926635,0.6608187134502924,0.8518518518518519,0.6549707602339181,0.2884990253411306,,,False,,False,,,,0.021770729773293196,False,308.156902288398,False,False,0.8314543883965757,1.2622969966386755,,False,1.0159575759726687
WBD,64,0.6931773879142301,Warner Bros. Discovery,Communication Services,SP500,30.760000228881836,,0.09583186901685714,0.0717769829679753,0.1308823296355548,0.1275659624136265,0.9142300194931774,0.7933723196881092,0.6413255360623782,0.2943469785575049,,,False,,False,,,,0.05571009085352774,False,776.248022450089,False,False,2.0168843622226778,3.752051101179768,,False,4.311371791687313
KO,65,0.6914230019493178,Coca-Cola Company (The),Consumer Staples,SP500,88.08999633789062,,0.0025036256336881113,-0.036681764542551676,0.09944963395582707,0.194425800791999,0.6257309941520468,0.7446393762183235,0.7485380116959064,0.05458089668615984,,,False,,False,,,,0.0014455328124280964,False,1392.2910549148405,False,False,0.5486053054957952,1.1795236968873832,,False,0.8094910560016262
ADP,66,0.6910331384015594,Automatic Data Processing,Industrials,SP500,263.67999267578125,,-0.03481097287835311,-0.06233876982850983,0.2069840597097865,0.30499704081396084,0.4600389863547758,0.8947368421052632,0.8635477582846004,-0.003898635477582846,,,False,,False,,,,-0.024066502073257667,False,630.2871054925101,False,False,0.7180809620606791,1.4311552679500184,,False,1.1642800675319378
COIN,67,0.6891534391534392,Coinbase,Financials,SP500,198.1300048828125,-0.014621785121167297,0.20436454621958866,0.10391135279268249,0.319898768084806,0.0943990953958389,0.9434697855750487,0.9512670565302144,0.580896686159844,0.6920077972709551,-0.48839308362771716,0.4042810264756058,False,0.08087026241398676,True,0.17162232402147226,0.0530360972235715,-0.14648263395357342,0.04656687320521358,False,1624.5966128980713,True,True,1.3329465240445828,1.2867480515011225,-0.015268350387377616,False,0.7554953761177304
IVZ,68,0.6885964912280702,Invesco,Financials,SP500,30.739999771118164,,0.02194148434461818,-0.05269648541192795,0.19159040955554696,0.30055921273485997,0.5165692007797271,0.8830409356725146,0.8615984405458089,0.03898635477582846,,,False,,False,,,,-0.010455359351578264,False,136.68960767212693,False,False,0.735733239776484,1.115603842490856,,False,0.981224599562759
DHR,69,0.6882066276803119,Danaher Corporation,Health Care,SP500,221.55999755859375,,0.06335187612581716,0.029984644739626365,0.17551572769713597,0.17039927597234783,0.8557504873294347,0.8596491228070176,0.7076023391812866,-0.023391812865497075,,,False,,False,,,,0.04145012804340409,False,974.6912784563959,False,False,0.6119688656519433,1.2115486270123685,,False,0.6969400845660304
EG,70,0.6879142300194933,Everest Group,Financials,SP500,372.3599853515625,,-0.014320893187504069,-0.0063839354860459885,0.08285018531779675,0.16324788288555836,0.7563352826510721,0.7173489278752436,0.6920077972709552,0.18323586744639375,,,False,,False,,,,-0.005096453100135845,False,137.51585909330407,False,False,0.8389550799888134,1.9858013492671127,,False,0.7923230641132389
ETN,70,0.6879142300194933,Eaton Corporation,Industrials,SP500,438.760009765625,,0.10296637312611856,0.07362907810511876,0.08712410206497267,0.1789762817061349,0.9161793372319688,0.7270955165692008,0.723196881091618,0.2690058479532164,,,False,,False,,,,0.04420412125273132,False,904.6187898804957,False,False,0.9423600399684614,1.281114853567819,,False,0.8169340867554988
CVX,72,0.6862573099415206,Chevron Corporation,Energy,SP500,205.50999450683594,,-0.02850524236871177,0.01191589055385589,0.2091193449715485,0.011665210947131133,0.8109161793372319,0.8966861598440545,0.39571150097465885,0.3742690058479532,,,False,,False,,,,-0.016085631819685364,False,1731.7539465346667,False,False,0.9773811877438056,2.0670972914802785,,False,0.9594322396217777
ADM,72,0.6862573099415206,Archer Daniels Midland,Consumer Staples,SP500,82.1500015258789,,-0.03352939381318931,0.05104910026640397,0.10111075762609834,0.16484410817996364,0.8810916179337231,0.7485380116959064,0.6978557504873294,0.3937621832358674,,,False,,False,,,,-0.02848741248953124,False,318.82741094880396,False,False,1.1326596503808983,1.2622417311598562,,False,0.6572477603791453
NTAP,74,0.6860623781676414,NetApp,Information Technology,SP500,196.3300018310547,,0.025275451454636944,0.050679659583488856,0.2659186277721861,0.8975648129399205,0.8791423001949318,0.9337231968810916,0.9707602339181286,-0.013645224171539905,,,False,,False,,,,0.01129606094251101,False,455.37030449579976,False,False,1.1010222910144822,1.0426408523288235,,False,0.6754688956918532
VLTO,75,0.6844054580896688,Veralto,Industrials,SP500,95.87999725341797,,0.0013576736649396626,-0.03512131827211917,0.11238806243621924,0.10714588079806031,0.6335282651072125,0.7602339181286549,0.6101364522417154,0.042884990253411304,,,False,,False,,,,0.004114205248243019,False,157.81387489890275,False,False,0.5736061402977057,1.593273977673924,,False,1.0675442630489769
MTD,76,0.6822612085769981,Mettler Toledo,Health Care,SP500,1492.3399658203125,,0.08243334559918569,0.0668029296036976,0.2403297089388463,0.1802192334456023,0.9083820662768031,0.9122807017543859,0.7290448343079922,0.009746588693957059,,,False,,False,,,,0.0653984962611125,False,260.3779912218989,False,False,1.1152747600307666,1.6411248933020712,,False,1.2758801318287971
ACN,77,0.678654970760234,Accenture,Information Technology,SP500,183.52000427246094,,-0.03227164699896934,-0.016136785109816976,0.43806967265327934,-0.032232479201373954,0.732943469785575,0.9727095516569201,0.29434697855750486,0.5048732943469786,,,False,,False,,,,-0.012439555191265272,False,1035.4335960441745,False,False,0.7529118240583927,1.0706404268415883,,False,0.6550782974558645
CPAY,78,0.6771929824561405,Corpay,Financials,SP500,395.1600036621094,,-0.017674660167902423,-0.04532278980731208,0.14785334471795752,0.3448593462904519,0.5594541910331384,0.8187134502923976,0.8830409356725146,0.007797270955165692,,,False,,False,,,,-0.016402029555794728,False,196.66760212134537,False,False,0.6545244317702538,0.9937559721901875,,False,0.9495188626533948
BDX,79,0.6769005847953217,Becton Dickinson,Health Care,SP500,182.52000427246094,,0.003684345045135373,-0.03745224531127733,0.24244672541516565,0.1858048574095561,0.621832358674464,0.9142300194931774,0.7368421052631579,-0.007797270955165692,,,False,,False,,,,0.0036349885384445724,False,322.4263671654526,False,False,0.7629841413771871,1.4636188404668395,,False,0.5521564721708387
SNDK,80,0.6713171818434978,Sandisk,Information Technology,SP500,1816.5699462890625,-0.03734424883133258,0.1951354180035103,0.21662689685331626,-0.05113192056547444,1.5859383851435935,0.9785575048732943,0.39571150097465885,0.9844054580896686,0.04678362573099415,-0.22202571893402034,18.265775041369377,False,0.11007852113149896,True,0.20569968049747334,0.6627274632517188,-0.17060606702043857,0.05106060964153314,False,20784.115266921388,True,True,0.5369933456363187,0.8150585522847362,0.004435515380662336,False,0.5449886832292448
MPWR,81,0.670955165692008,Monolithic Power Systems,Information Technology,SP500,1355.469970703125,,0.18112423907490305,0.054815794028402864,-0.05394735934061279,0.23480817009912047,0.8888888888888888,0.38011695906432746,0.8128654970760234,0.3333333333333333,,,False,,False,,,,0.09024434562547778,False,996.6985289765026,False,False,0.691602985513737,1.3627509122263655,,False,1.0012227902528432
NUE,82,0.6701754385964913,Nucor,Materials,SP500,246.97999572753906,,-0.05255484629877771,0.00956506026704007,0.029380376022769106,0.526551402206745,0.8031189083820662,0.6159844054580896,0.9337231968810916,0.13450292397660818,,,False,,False,,,,-0.02173702438741354,False,355.0002120031863,False,False,0.9835937888634083,1.3152338470449878,,False,0.9559424163525548
EBAY,83,0.6699805068226121,eBay Inc.,Consumer Discretionary,SP500,109.08999633789062,,-0.0007328188366448884,0.021868414174959216,-0.0002587687543545991,0.23148179568106797,0.834307992202729,0.5243664717348928,0.8089668615984406,0.36452241715399614,,,False,,False,,,,0.002331556548478275,False,518.2913288009954,False,False,1.036149729986015,1.8947496292945714,,False,0.8355689149211706
KEYS,84,0.6682261208577,Keysight Technologies,Information Technology,SP500,353.3599853515625,,0.09725492477830366,0.13744924092608946,0.005863927213705988,0.1834684213372031,0.9571150097465887,0.5458089668615984,0.7348927875243665,0.43664717348927873,,,False,,False,,,,0.05318437081715466,False,414.002114350424,False,False,0.780923771753471,0.9839778120254378,,False,1.125342417076921
UHS,85,0.6681286549707603,Universal Health Services,Health Care,SP500,181.38999938964844,,0.000993282209108104,0.029496902868500152,0.24890475289964709,-0.02187079000827674,0.8538011695906432,0.9200779727095516,0.3060428849902534,0.28265107212475626,,,False,,False,,,,0.023126393765197317,False,138.26335407176117,False,False,0.8549914342902145,1.4198326408670192,,False,1.0704677863637473
PFG,86,0.6664717348927875,Principal Financial Group,Financials,SP500,113.91999816894531,,-0.023319626499796797,0.025884625542391904,0.07578472435060868,0.3189904147044198,0.8460038986354775,0.7037037037037037,0.8732943469785575,0.1442495126705653,,,False,,False,,,,-0.015119073471655642,False,161.03498552135545,False,False,1.5130897393564684,1.2523729587970993,,False,0.837575036891646
WAT,87,0.6650097465886939,Waters Corporation,Health Care,SP500,420.57000732421875,,0.00461014859604858,0.023907504136868596,0.1392004324935585,0.39298485896789903,0.8421052631578947,0.8089668615984406,0.9103313840155945,-0.023391812865497075,,,False,,False,,,,0.004653055784053617,False,310.70632524407836,False,False,0.7889739220519166,1.0435383796734392,,False,0.9557665118157949
MOS,88,0.6645224171539962,Mosaic Company (The),Materials,SP500,24.3700008392334,,-0.016942317901685766,0.024012017349274606,0.17815381091556093,-0.014835718297383282,0.8440545808966862,0.8654970760233918,0.3235867446393762,0.35672514619883033,,,False,,False,,,,-0.0147192747446252,False,186.63530635005407,False,False,0.7282619144582984,1.0978623615384655,,False,0.6628353389001791
ARM,89,0.6639236981342245,Arm Holdings,Information Technology,NDX,332.55999755859375,-0.001920812199850186,0.36306255997305237,0.39274645807322095,-0.07385538043160944,1.4641373815552954,0.9980506822612085,0.3138401559454191,0.9805068226120858,0.2787524366471735,-0.24325307417071607,2.1808702807398186,False,0.26682042665379724,True,0.2656262286809379,0.5824662860507526,-0.20987731026859258,0.1370273151660748,False,1353.8063571875305,True,True,0.9029734454281929,1.5867115257838613,-0.004261744825063363,False,1.3572854291417165
TXN,90,0.6600389863547759,Texas Instruments,Information Technology,SP500,272.6199951171875,,0.04584333093137327,0.05283074282381994,-0.09598548348854086,0.41503418739990505,0.884990253411306,0.24171539961013644,0.9181286549707602,0.17543859649122806,,,False,,False,,,,0.02498814443067987,False,1856.0121451943533,False,False,0.6029373905370377,1.4347789485183602,,False,0.8162253711014927
BMY,91,0.657504873294347,Bristol Myers Squibb,Health Care,SP500,61.150001525878906,,-0.038521965519214496,-0.09111173253029647,0.12436873916452029,0.08865505333627444,0.25146198830409355,0.7758284600389863,0.5614035087719298,0.06627680311890838,,,False,,False,,,,-0.03081962925254733,False,687.7870080677577,False,False,0.5203278816931677,1.6725930871411814,,False,1.482485864485446
WELL,92,0.6572124756335282,Welltower,Real Estate,SP500,229.8699951171875,,-0.01974415728278256,-0.04224823808060052,0.04203482589129459,0.17758756810418275,0.5847953216374269,0.6549707602339181,0.7212475633528265,0.03703703703703698,,,False,,False,,,,-0.011765539006193149,False,683.1492229286038,False,False,0.5982846495656138,1.379341824326235,,False,0.9522331746105517
INCY,93,0.6556530214424952,Incyte,Health Care,SP500,124.63999938964844,,-0.0008817684196518183,-0.026097858100299853,0.14917942505765835,0.37541376751226774,0.6861598440545809,0.8226120857699805,0.8927875243664717,-0.10916179337231968,,,False,,False,,,,-0.0008000106211369928,False,197.63957454964776,False,False,0.6748458688105051,1.2416239276033747,,False,0.9586709307871025
GPN,93,0.6556530214424952,Global Payments,Financials,SP500,84.0,,-0.028789431440286672,-0.1067038782513281,0.25578150272706424,0.19150174016934196,0.18128654970760233,0.9220272904483431,0.7446393762183235,0.005847953216374324,,,False,,False,,,,-0.02771247908050145,False,257.3101753124471,False,False,0.5868607038753613,1.0778546670976799,,False,0.8266175722487342
GPC,95,0.6522417153996102,Genuine Parts Company,Consumer Discretionary,SP500,128.75999450683594,,-0.013484597824184652,-0.04368559814648687,0.1718801752428809,0.2734304662385487,0.5730994152046783,0.8499025341130604,0.8401559454191033,-0.11306042884990253,,,False,,False,,,,-0.011500983678667587,False,166.29409365016392,False,False,0.513324286746848,1.0424138252886728,,False,0.5277932634660604
TRV,96,0.6520467836257311,Travelers Companies (The),Financials,SP500,360.3900146484375,,-0.04890213797807441,-0.024093347808398557,0.12746208611505017,0.23932276474238479,0.7017543859649122,0.783625730994152,0.8206627680311891,-0.06822612085769986,,,False,,False,,,,-0.027750822078031256,False,675.6850595288957,False,False,0.5646776841807636,1.046508196409192,,False,1.0196023274892076
FDS,97,0.6514619883040936,FactSet,Financials,SP500,279.42999267578125,,0.010925758741219704,-0.0813173564858427,0.2958327519110513,0.4278194537855289,0.29434697855750486,0.9473684210526315,0.9220272904483431,0.013645224171539905,,,False,,False,,,,-0.005610033643762891,False,244.84896068959137,False,False,0.8439047106773989,0.805334278003328,,False,0.4905435416805998
ABBV,98,0.6507797270955167,AbbVie,Health Care,SP500,265.0799865722656,,0.009790014517675472,0.002117033047981831,0.13656088617859852,0.311801026302271,0.7758284600389863,0.8070175438596491,0.8693957115009746,-0.060428849902534165,,,False,,False,,,,0.010113707213948997,False,1250.3976641824527,False,False,0.6764397836413716,0.9504419676850528,,False,0.7038439799306158
DVN,99,0.6503898635477583,Devon Energy,Energy,SP500,48.040000915527344,,-0.008257591298961975,0.0025114933319132504,0.1312851129273065,-0.031330130226713715,0.7777777777777778,0.7953216374269005,0.2962962962962963,0.3840155945419103,,,False,,False,,,,-0.010351313385723926,False,526.3305020367213,False,False,0.8504805814508966,1.7561407225002428,,False,1.3127243743733812
GOOG,100,0.6491088833194096,Alphabet Inc. (Class C),Communication Services,SP500,334.9800109863281,-0.03577902922988552,-0.012906572826189011,-0.027257052095589596,-0.028525783312694175,0.15974835231816553,0.6803118908382066,0.44834307992202727,0.6842105263157895,0.3216374269005848,-0.1594847389619738,0.4141836762301576,False,-0.01057691285826945,False,-0.022574298885609023,-0.003543689272618722,0.023095667384100294,-0.019600178291948045,False,6406.4193685501705,False,False,0.6896333087088246,1.187769091163518,-0.003195117749747456,False,1.2560418564666327
MO,101,0.6481481481481481,Altria,Consumer Staples,SP500,68.94999694824219,,-0.01640515764495276,0.02309343380027218,-0.028011496407614578,0.12391423100372556,0.8382066276803118,0.4522417153996101,0.631578947368421,0.2729044834307992,,,False,,False,,,,0.0004878000415888817,False,615.0649292360189,False,False,0.5861136801366283,1.1523547349149161,,False,1.0647557749883825
GOOGL,102,0.6481063770537454,Alphabet Inc. (Class A),Communication Services,SP500,337.8299865722656,-0.03795995258808027,-0.014699473901760629,-0.028767657632491006,-0.020976201436342046,0.16460903531454463,0.6705653021442495,0.47368421052631576,0.695906432748538,0.34502923976608185,-0.1598801582216255,0.4317478393663585,False,-0.01195021163162624,False,-0.020521433924641008,0.0008179330906841198,0.02095138641661931,-0.021490950994796143,False,9692.950864132568,False,True,0.7238785683187322,1.1569507428512464,-0.0037020682793869053,False,1.277489454066762
STLD,103,0.6467836257309942,Steel Dynamics,Materials,SP500,234.2899932861328,,-0.016538649674965322,0.02189553330188887,-0.027372916684218485,0.3880265668491856,0.8362573099415205,0.45419103313840153,0.9064327485380117,0.23196881091617932,,,False,,False,,,,-0.009456297804344205,False,283.4277600743197,False,False,0.8565833923778845,1.1686986052745474,,False,0.5635635965864204
MU,104,0.6461292119186857,Micron Technology,Information Technology,SP500,1071.8800048828125,-0.022150077123588074,0.1568507031509634,0.1773338021658588,0.02244601320924966,1.7115395839142669,0.9688109161793372,0.594541910331384,0.9902534113060428,-0.25536062378167634,-0.11661159431808288,5.8456314699712255,False,0.09409952413378386,True,0.1482272388789141,0.6425286750989543,-0.12909225095864962,0.05108642370883465,False,31274.85958492468,True,True,0.4767542152073089,0.8029638601311341,0.0035669172269183758,False,0.6269815478775609
STX,105,0.6413255360623783,Seagate Technology,Information Technology,SP500,923.8599853515625,,0.1796266426509947,0.16259983259016875,-0.06986158031556755,1.1793379510207234,0.9649122807017544,0.32943469785575047,0.9746588693957114,0.050682261208576995,,,False,,False,,,,0.07939321780859654,False,3876.888048439244,False,False,0.6390310948261629,1.0683532548979349,,False,0.7015124504098335
JNJ,106,0.6412280701754386,Johnson & Johnson,Health Care,SP500,269.1700134277344,,0.00707129099472259,-0.009311735979492863,0.12239647324603653,0.15634460267776662,0.7446393762183235,0.7738791423001949,0.6803118908382066,-0.003898635477582846,,,False,,False,,,,0.0007912499689672892,False,1855.7925004608155,False,False,0.697887118214569,1.2062652529004865,,False,0.9323382533670082
AES,107,0.640253411306043,AES Corporation,Utilities,SP500,14.8100004196167,,0.0,0.004067825058759356,0.02095583103927323,0.07377427095014433,0.783625730994152,0.5925925925925926,0.5360623781676414,0.22417153996101363,,,False,,False,,,,-0.00028583636011603186,False,106.37085122734186,False,False,0.6330553919398586,1.1189529910301605,,False,1.5125543870420766
NDSN,108,0.6400584795321639,Nordson Corporation,Industrials,SP500,321.4200134277344,,0.0401269330622942,-0.03457221281906386,0.08873492331928867,0.20100577463473357,0.6393762183235867,0.7290448343079922,0.7680311890838206,-0.0019493177387914784,,,False,,False,,,,0.02167136470342368,False,119.90726716383331,False,False,0.6852794310965268,1.166278252506196,,False,0.9719588942882179
CME,109,0.6399610136452243,CME Group,Financials,SP500,270.79998779296875,,-0.006092651083353884,-0.025428273667694623,0.17434057789620572,-0.096465354289338,0.6900584795321637,0.8576998050682261,0.18518518518518517,0.6140350877192982,,,False,,False,,,,-0.012692317429661926,False,555.6030147598577,False,False,0.6566012402389976,0.9367125133187302,,False,0.6511144675612673
REGN,110,0.6397660818713451,Regeneron Pharmaceuticals,Health Care,SP500,801.8200073242188,,0.03512738344097999,-0.032202767261051646,0.2876446086416835,0.08395055799816076,0.6549707602339181,0.9434697855750487,0.5516569200779727,0.023391812865497075,,,False,,False,,,,0.008706388274107635,False,576.4559160706813,False,False,1.0077831499264251,1.5321366338733047,,False,0.9669182438127347
ULTA,111,0.6395711500974659,Ulta Beauty,Consumer Discretionary,SP500,543.8099975585938,,0.02505085112355676,0.009373353072670731,0.13546866113004952,0.05549091355378111,0.8011695906432749,0.8031189083820662,0.5048732943469786,0.3469785575048733,,,False,,False,,,,-0.0020337490626872734,False,332.3916171189289,False,False,0.932152894637593,0.9557174544528375,,False,0.5174294248000771
ICE,112,0.6386939571150098,Intercontinental Exchange,Financials,SP500,156.35000610351562,,0.014600907922667883,-0.037548965313058624,0.2065058777774127,0.01047689346928582,0.6198830409356725,0.8927875243664717,0.3937621832358674,0.3723196881091617,,,False,,False,,,,0.002376429076322406,False,552.5308643314906,False,False,0.8242319347748674,0.9306212081946564,,False,0.8398397202767259
SHOP,113,0.6386521860206071,Shopify,Information Technology,NDX,142.33999633789062,-0.03655075778052075,0.09525999526362328,-0.04979977678164438,0.24673730945725514,0.22548423993069378,0.530214424951267,0.9181286549707602,0.8050682261208577,-0.0643274853801169,-0.20484888718068184,0.49203348072566255,False,0.026747045193205476,True,0.03762991142577632,0.09417017488928758,-0.03626525316147666,0.03746066783453261,False,1384.3286187699737,True,True,0.9980761225577233,1.6036200841051604,-0.007580955288568614,False,2.1318905675786035
MCK,114,0.6370370370370371,McKesson Corporation,Health Care,SP500,880.5,,-0.007652490387009103,0.008750242553392296,0.14987398193183066,0.0005334148586728649,0.797270955165692,0.8245614035087719,0.3645224171539961,0.1228070175438597,,,False,,False,,,,-0.006280211332194141,False,851.8010713127293,False,False,0.7343774726911743,1.2509650154527596,,False,0.6813064878066923
XOM,115,0.6345029239766082,ExxonMobil,Energy,SP500,161.22999572753906,,-0.012797033449371886,-0.017189925460281974,0.18534683814220032,-0.012121147526224063,0.7251461988304093,0.8791423001949318,0.33528265107212474,0.37231968810916183,,,False,,False,,,,-0.007851169660720969,False,2290.8645290629797,False,False,1.095032911018098,1.3296610646526015,,False,0.8645903625366829
T,116,0.6328320802005012,AT&T,Communication Services,SP500,25.299999237060547,0.007968081774949676,-0.02165511833231948,-0.01518105445268636,0.14612249962370472,-0.1026290503593783,0.7348927875243665,0.8148148148148148,0.17153996101364521,0.39766081871345027,-0.10972164585119915,0.25189275303913106,False,-0.01768557368008039,False,0.027995581355755972,0.022133496826164833,-0.027233172849667864,-0.00913377621731315,False,1231.3324903009873,True,True,0.7584079896821213,0.9237180684824979,0.0011951704717512168,False,0.838491085841095
HCA,117,0.6323586744639377,HCA Healthcare,Health Care,SP500,436.4800109863281,,0.014055754509430862,0.018741973510358223,0.1277202433071416,-0.0979140656215498,0.8304093567251462,0.7855750487329435,0.1793372319688109,0.22027290448343084,,,False,,False,,,,0.022070109152930284,False,604.5229564501082,False,False,0.6976375006371786,1.5799387396172053,,False,0.8525507934153936
TEL,118,0.6315789473684211,TE Connectivity,Information Technology,SP500,214.38999938964844,,0.06028685769232012,0.059186776892399706,0.0839945833688871,0.04695002341621968,0.8966861598440545,0.7192982456140351,0.48148148148148145,0.38206627680311894,,,False,,False,,,,0.03052666999289899,False,483.2837732170572,False,False,0.9369915910527989,1.0534658744667886,,False,0.6201743429499036
BRK-B,119,0.6302144249512671,Berkshire Hathaway,Financials,SP500,507.1700134277344,,-0.024297758102804656,0.005651185878261966,0.024979317172501236,0.05808112914978558,0.7875243664717348,0.5984405458089669,0.50682261208577,0.165692007797271,,,False,,False,,,,-0.0031631534521984195,False,2250.9577346609312,False,False,0.7527293284082683,1.6137827251327552,,False,1.221953262595207
CTSH,120,0.6276803118908383,Cognizant,Information Technology,SP500,59.13999938964844,,-0.04381566938286274,-0.04919616295429774,0.4354914785495674,-0.005540754352877153,0.5341130604288499,0.9707602339181286,0.3508771929824561,0.16959064327485374,,,False,,False,,,,-0.02351917338228715,False,435.85962848628293,False,False,0.7927813798645555,1.0795231060158372,,False,0.5757186973734383
SJM,121,0.6269980506822613,J.M. Smucker Company (The),Consumer Staples,SP500,122.41000366210938,,-0.00930716995149694,-0.027488670922163894,0.10684568319791521,0.2897858072084003,0.6764132553606238,0.7524366471734892,0.8538011695906432,-0.11306042884990253,,,False,,False,,,,-0.0022091653037427106,False,169.12131217589086,False,False,0.6706645639692068,1.213586660540466,,False,0.8655374926772115
ROK,122,0.6265107212475634,Rockwell Automation,Industrials,SP500,432.8900146484375,,0.043309555189323,0.007447257764549908,-0.05679450939708597,0.20581080004716146,0.7914230019493177,0.3723196881091618,0.7797270955165692,0.1695906432748538,,,False,,False,,,,0.02298740341016403,False,346.6062667908338,False,False,0.6242758970928524,1.0980535789033068,,False,0.7693048735399949
COP,123,0.6252436647173489,ConocoPhillips,Energy,SP500,128.08999633789062,,-0.033574748556349676,-0.03944514079393302,0.20598892421827886,0.004272146371319563,0.6023391812865497,0.8908382066276803,0.3723196881091618,0.2748538011695907,,,False,,False,,,,-0.029749901070487472,False,846.903642295308,False,False,1.0776225785840796,1.381814472049557,,False,0.7515550656947051
TRMB,123,0.6252436647173489,Trimble Inc.,Information Technology,SP500,59.31999969482422,,0.034891835496303925,-0.022251500162597804,0.18308736372005274,-0.09268886223877815,0.7095516569200779,0.8713450292397661,0.19298245614035087,0.3313840155945419,,,False,,False,,,,0.01791604327287666,False,181.5551851043312,False,False,0.6840505806301327,0.9604911529557953,,False,0.5815232600343737
IT,125,0.6249512670565303,Gartner,Information Technology,SP500,178.52000427246094,,-0.06812132668383519,-0.11963701870439503,0.3682839166259868,0.17928391144298272,0.1286549707602339,0.9610136452241715,0.7251461988304093,0.060428849902534165,,,False,,False,,,,-0.03277410139264503,False,234.84417700245137,False,False,0.8268403353187164,0.9384435358825971,,False,0.7227895287073508
PTC,126,0.624561403508772,PTC Inc.,Information Technology,SP500,140.39999389648438,,0.07044823098799835,-0.09014324335548995,0.24324797234636675,-0.017907195699190526,0.25925925925925924,0.9161793372319688,0.3157894736842105,0.4697855750487329,,,False,,False,,,,0.027115723469341546,False,214.49501255117923,False,False,0.9740755378469883,1.7216262167066887,,False,1.3877639393758814
WAB,126,0.624561403508772,Wabtec,Industrials,SP500,292.2200012207031,,0.05735067620779466,-0.018143921729311674,0.07355254865815808,0.19240066103731457,0.7212475633528265,0.6998050682261209,0.746588693957115,-0.05263157894736836,,,False,,False,,,,0.030312681227457894,False,274.0545194826087,False,False,0.564084227960497,1.0323413708719258,,False,0.8770099439045143
RMD,128,0.6242690058479533,ResMed|,Health Care,SP500,222.3000030517578,,-0.02606789462537651,-0.04366527868247039,0.13454423317109754,-0.020110905183097105,0.5750487329434698,0.8011695906432749,0.30994152046783624,0.15984405458089668,,,False,,False,,,,-0.011102841108501682,False,307.91979631761825,False,False,0.668763315902106,1.3351448401826485,,False,1.0283475445098127
V,129,0.6212475633528266,Visa Inc.,Financials,SP500,361.5199890136719,,-0.025368678316434745,-0.05462727033389936,0.09018328734109393,0.19483293168648208,0.5029239766081871,0.7309941520467836,0.7543859649122807,-0.025341130604288442,,,False,,False,,,,-0.019809899691726085,False,2479.2159138762804,False,False,0.6922771128839258,1.3529021638597596,,False,0.7559324533588968
OKE,130,0.6208576998050682,Oneok,Energy,SP500,90.54000091552734,,-0.023300928843836388,-0.026660888164243057,0.049359031324898606,0.019545253393176587,0.6842105263157895,0.672514619883041,0.4191033138401559,0.3372319688109162,,,False,,False,,,,-0.02815907963302655,False,346.2734309537148,False,False,0.8559457162564077,1.4606413298943899,,False,0.8114231209462038
KHC,131,0.6206627680311891,Kraft Heinz,Consumer Staples,SP500,23.790000915527344,,-0.03801045871851161,-0.05842083629161843,0.053632769022104565,0.15424031232790347,0.4834307992202729,0.6744639376218323,0.6783625730994152,0.10331384015594536,,,False,,False,,,,-0.02536081942330004,False,455.92129398565487,False,False,0.6655166740690073,0.9309083274262299,,False,0.8184415236851491
BBY,132,0.6198830409356726,Best Buy,Consumer Discretionary,SP500,90.80000305175781,,-0.007541751318424272,0.04884263533065458,0.1819240374435136,0.5066237787117231,0.8771929824561403,0.8674463937621832,0.9298245614035088,-0.11111111111111105,,,False,,False,,,,-0.005792897519478979,False,323.14114233172666,False,False,1.2896173742862052,1.0923478736912537,,False,1.3010170653830866
SLB,133,0.6194931773879142,Schlumberger,Energy,SP500,51.869998931884766,,-0.008221803278174344,-0.03446049360115877,0.11862552971047324,0.037665902692195274,0.6432748538011696,0.7699805068226121,0.4600389863547758,0.571150097465887,,,False,,False,,,,-0.020556782532711093,False,669.2660515906042,False,False,1.0744239651636336,1.109074500960883,,False,0.599990657291536
FCX,134,0.6187134502923977,Freeport-McMoRan,Materials,SP500,72.58000183105469,,0.04823807149527437,-0.06709512873965351,0.17652276351582108,0.29101235066165154,0.4093567251461988,0.8635477582846004,0.8576998050682261,-0.025341130604288442,,,False,,False,,,,0.0110902216838904,False,954.469761680424,False,False,0.7720706890045662,0.8230689934298316,,False,0.6449095744014203
CDW,135,0.6186159844054582,CDW Corporation,Information Technology,SP500,146.16000366210938,,-0.025340109906826336,0.10828036974219368,0.12777005162992405,0.21188683108867612,0.9454191033138402,0.7875243664717348,0.7875243664717348,-0.040935672514619936,,,False,,False,,,,-0.01096684746994081,False,257.802983662072,False,False,0.8876373906826966,0.9607606581447766,,False,0.5468824078690098
APD,136,0.6178362573099415,Air Products,Materials,SP500,286.9700012207031,,-0.00038311744707708595,-0.06292446978895194,0.03595831591759335,0.01506760310967925,0.45419103313840153,0.6393762183235867,0.4074074074074074,0.1364522417153996,,,False,,False,,,,-0.0034275024991946568,False,318.10932659046404,False,False,0.5692476327357657,1.558382500352554,,False,0.8619365752135859
ARES,137,0.6173489278752436,Ares Management,Financials,SP500,121.4800033569336,,-0.021978872455207465,-0.1231786380761396,0.07810437416074745,0.169374364551359,0.1267056530214425,0.7076023391812866,0.7037037037037037,0.015594541910331383,,,False,,False,,,,-0.040728073102332396,False,290.36173975261767,False,False,0.5973264411601032,1.4511119567607045,,False,0.7471768748661309
MA,138,0.6154970760233919,Mastercard,Financials,SP500,559.9199829101562,,-0.013791311474845913,-0.06658220820980154,0.13439973438384434,0.1260545719301187,0.4152046783625731,0.797270955165692,0.6335282651072125,-0.040935672514619825,,,False,,False,,,,-0.013396358117582441,False,1614.501050842908,False,False,0.5362491215796977,1.1411634283332315,,False,1.0106436709309647
NWSA,139,0.6149122807017545,News Corp (Class A),Communication Services,SP500,28.1200008392334,,-0.06856573892700113,-0.08274974138333835,0.11829640350722159,0.17708048653581043,0.28460038986354774,0.7680311890838206,0.7192982456140351,-0.040935672514619936,,,False,,False,,,,-0.04836840202850512,False,116.85992993037554,False,False,0.6752049180624293,1.8688824955962224,,False,2.259408904405015
MDLZ,140,0.6137426900584796,Mondelez International,Consumer Staples,SP500,61.439998626708984,,-0.014753078490025828,-0.050386375197839506,0.003482316614055847,0.0928892191189643,0.5243664717348928,0.5360623781676414,0.5769980506822612,0.05847953216374274,,,False,,False,,,,-0.0018224229663442726,False,522.2735276868548,False,False,0.49532018917484616,1.3256786567172865,,False,1.1505090953527057
AIG,141,0.6128654970760233,American International Group,Financials,SP500,75.58000183105469,,-0.006441407463327109,-0.016791641755018683,-0.000779290363629781,0.03021588270224118,0.7290448343079922,0.5224171539961013,0.442495126705653,0.17153996101364521,,,False,,False,,,,0.002992660660984914,False,279.2574272648247,False,False,0.5898714153724123,1.2828648224320431,,False,0.98711601904348
AME,142,0.6119883040935674,Ametek,Industrials,SP500,246.4499969482422,,0.06141519598990697,0.018483652871956968,0.04855617740895912,0.13917963759616891,0.8265107212475633,0.6705653021442495,0.6510721247563352,0.12475633528265107,,,False,,False,,,,0.030891753985749393,False,320.73383062544843,False,False,1.1209202766583155,1.2096913121117774,,False,1.1189719522847839
APO,143,0.6115009746588694,Apollo Global Management,Financials,SP500,124.36000061035156,,-0.001365118209360916,-0.0634836441147828,0.018640236032915203,0.12729834122321382,0.44639376218323584,0.5847953216374269,0.6393762183235867,0.15009746588693956,,,False,,False,,,,-0.020829569007405624,False,430.1741352275459,False,False,0.6068178974931546,1.0342244656189274,,False,0.9091886957716588
KDP,144,0.6093567251461989,Keurig Dr Pepper,Consumer Staples,SP500,31.760000228881836,,-0.0012578304760489933,-0.02306976719080911,0.01866958762918136,0.23116152595416128,0.7076023391812866,0.5867446393762183,0.8070175438596491,-0.06822612085769975,,,False,,False,,,,0.009130591194926874,False,347.4828708339886,False,False,0.5880603825163162,1.192029119639526,,False,0.8424383166209232
BAX,145,0.6091617933723198,Baxter International,Health Care,SP500,23.489999771118164,,-0.0016999963603930857,-0.11290818079882114,0.11687551907785121,0.40617688962592835,0.16569200779727095,0.7641325536062378,0.9122807017543859,-0.19298245614035092,,,False,,False,,,,-0.004370439653119784,False,167.6266406897837,False,False,0.4847762058478977,1.4223358107148545,,False,1.4415900671283983
GEN,146,0.6055555555555555,Gen Digital,Information Technology,SP500,26.229999542236328,,-0.1442088134194206,-0.0989351084757828,0.11823571455869697,0.33974802117398384,0.21832358674463936,0.7660818713450293,0.8791423001949318,-0.01949317738791423,,,False,,False,,,,-0.09858377269068275,False,160.3023681663124,False,False,0.9200624080631135,1.7859225178136822,,False,1.900374138172102
EMR,147,0.605263157894737,Emerson Electric,Industrials,SP500,154.58999633789062,,0.06006990603335849,-0.018912298329696764,0.09667882395081318,0.19662810866164326,0.7173489278752436,0.7387914230019493,0.7563352826510721,-0.003898635477582846,,,False,,False,,,,0.025074278545844653,False,398.7531117436623,False,False,0.8468286504166738,1.0271034777706498,,False,1.044678113839574
AFL,148,0.6042884990253413,Aflac,Financials,SP500,115.2300033569336,,-0.013526189835485702,-0.025126849982991972,-0.016472688759882836,0.09613968414970797,0.6939571150097466,0.4853801169590643,0.5828460038986355,0.13840155945419103,,,False,,False,,,,-0.006454469978380617,False,260.7502675378605,False,False,0.6979130501001297,1.4112669674343468,,False,0.8877448650435952
VTR,149,0.6039961013645223,Ventas,Real Estate,SP500,86.63999938964844,,-0.01779843227660327,-0.07307159240243888,0.006670520402356939,0.06724549644947841,0.36062378167641324,0.5536062378167641,0.5243664717348928,0.042884990253411304,,,False,,False,,,,-0.015330153071084651,False,317.7115528955265,False,False,0.3915425333479411,1.7882998040808524,,False,0.7940479097856319
ADI,150,0.6032163742690059,Analog Devices,Information Technology,SP500,385.2300109863281,,0.06405370095589547,0.04104241001752085,-0.06476011802060622,0.20393414460867,0.8693957115009746,0.3469785575048733,0.7777777777777778,0.17153996101364521,,,False,,False,,,,0.03231537485740099,False,1396.8228662801937,False,False,0.7768735101668148,1.1838964729841146,,False,0.85248993881846
DGX,151,0.6031189083820663,Quest Diagnostics,Health Care,SP500,233.0,,-0.05698559869965569,-0.04457290906970379,0.15182578171602334,0.19832616071923947,0.5692007797270955,0.8304093567251462,0.7621832358674464,-0.05653021442495132,,,False,,False,,,,-0.032299452501414305,False,238.24247668239047,False,False,0.8371316468418666,1.2148401433232323,,False,1.1144660065156025
TDY,152,0.6025341130604288,Teledyne Technologies,Information Technology,SP500,621.0499877929688,,0.033189174874919125,-0.006653818770469777,0.014505782920943622,-0.00800244351206314,0.7543859649122807,0.5692007797270955,0.34307992202729043,0.22417153996101363,,,False,,False,,,,0.020825043253081876,False,214.56782986911074,False,False,0.5392155836094428,1.041083468464624,,False,1.406936665230504
ROST,153,0.6013645224171541,Ross Stores,Consumer Discretionary,SP500,233.97999572753906,,0.040836265796970084,-0.029346634321920972,0.02555762529313843,0.08847001171512758,0.6686159844054581,0.6023391812865497,0.5594541910331384,0.18713450292397665,,,False,,False,,,,0.01761787817176219,False,565.4909877750941,False,False,0.7500250995526084,1.059184952575714,,False,0.6554407755303387
TSLA,154,0.6000417710944027,"Tesla, Inc.",Consumer Discretionary,SP500,380.1199951171875,0.0032198501988798256,0.06155051768154007,0.08932506611194269,0.012222715502918424,-0.007597325722223935,0.9317738791423001,0.5653021442495126,0.34502923976608185,0.5126705653021442,-0.22405488828204256,0.27420215132962,False,0.04654699588252331,True,0.0893001371074078,-0.04093584310701037,-0.08197936828002317,0.02733249310870356,False,13343.802960285766,True,False,0.77505413766568,0.9857752147490251,0.0031670948175288594,False,0.8758523324401897
GM,155,0.599122807017544,General Motors,Consumer Discretionary,SP500,83.7699966430664,,-0.006169228459044218,-0.034913420493684066,0.06324557378884288,0.0986703967096425,0.6374269005847953,0.6803118908382066,0.594541910331384,0.08576998050682261,,,False,,False,,,,-0.009742571737534234,False,569.5161646066472,False,False,1.0700666437288051,1.5876057895595745,,False,0.7038537890596885
J,156,0.5971734892787524,Jacobs Solutions,Industrials,SP500,141.1199951171875,,-0.01651690212033252,-0.06919072258382297,0.15916286052442352,0.101204551873459,0.391812865497076,0.8382066276803118,0.6003898635477583,-0.09746588693957114,,,False,,False,,,,-0.01527123382150164,False,120.82959233918483,False,False,0.591871274968617,1.3006931825829464,,False,1.070674946456561
MSI,157,0.5962962962962962,Motorola Solutions,Information Technology,SP500,460.44000244140625,,-0.00019541905658515546,-0.041305330094496995,0.15234807840889686,0.018173079661356173,0.5925925925925926,0.8323586744639376,0.4152046783625731,0.007797270955165692,,,False,,False,,,,-0.005432412960959976,False,438.1284411281664,False,False,0.6209527652789,0.9840442812733573,,False,0.848659793814433
AVGO,158,0.5948064605959343,Broadcom,Information Technology,SP500,354.989990234375,-0.026197449077444812,0.04749900561403697,-0.008706649122926624,-0.06918524045216279,0.11910295605733823,0.7504873294346979,0.3313840155945419,0.6276803118908382,0.24366471734892786,-0.2603375420643126,0.2139984291081296,False,-0.01027505102930304,False,-0.059102729134092424,-0.033918860940094886,0.06281528384039214,-0.0030419669154092555,False,8434.6892965401,False,False,0.6282983132686496,1.228662314740914,-0.006419038467768812,False,1.0355064904657125
BNY,159,0.5926900584795322,BNY Mellon,Financials,SP500,149.50999450683594,,-0.025803132093368264,-0.07789567614627013,0.045591267317031337,0.2782096874315736,0.3313840155945419,0.6627680311890838,0.8440545808966862,-0.10331384015594547,,,False,,False,,,,-0.0335842672482195,False,518.5434912372823,False,False,0.678644970047582,1.6724829795004823,,False,1.151150878477533
MDT,160,0.5922027290448343,Medtronic,Health Care,SP500,89.30000305175781,,-0.03563710018079025,-0.03875132847138063,0.12449423012111582,0.04921924365369068,0.6062378167641326,0.7777777777777778,0.4853801169590643,-0.040935672514619825,,,False,,False,,,,-0.02546327282177896,False,704.9965922924742,False,False,0.6725912883458426,1.4019667967885037,,False,1.3436289435487545
ALLE,160,0.5922027290448343,Allegion,Industrials,SP500,154.08999633789062,,0.008376407301531996,-0.04914637834596747,0.15400992898772792,0.0654964655405903,0.5360623781676414,0.834307992202729,0.5224171539961013,-0.04678362573099415,,,False,,False,,,,0.004672840266455314,False,211.32670714712336,False,False,0.6110830254492465,1.0759737726563439,,False,0.6658388309153004
OXY,162,0.5913255360623783,Occidental Petroleum,Energy,SP500,57.36000061035156,,-0.03369272202553231,-0.041370753793583015,0.1278764202361249,-0.054867489814572346,0.5906432748538012,0.7894736842105263,0.2553606237816764,0.3859649122807018,,,False,,False,,,,-0.029661784443312023,False,471.6235482295289,False,False,0.8984881659327507,1.2239727562578107,,False,0.9649714658486545
CTAS,163,0.5900584795321637,Cintas,Industrials,SP500,191.97000122070312,,-0.03755141502581394,-0.0743972667785252,0.12600881192269542,0.0834335233045993,0.3489278752436647,0.7797270955165692,0.5497076023391813,-0.05458089668615984,,,False,,False,,,,-0.02655748681506953,False,436.761134299142,False,False,0.3977658414337041,1.2103351955307264,,False,1.5278752717028734
TROW,164,0.5894736842105263,T. Rowe Price,Financials,SP500,104.56999969482422,,0.021191388052830273,-0.05724962176352977,0.006377104570431946,0.2065455156217031,0.49317738791423,0.5516569200779727,0.7816764132553606,-0.025341130604288442,,,False,,False,,,,-0.0016699996208495715,False,183.536626793079,False,False,0.5634834205991667,1.108341401846537,,False,0.8137584610513525
ASML,165,0.589083820662768,ASML Holding,Information Technology,NDX,1744.6099853515625,,0.08887045302896235,0.002574509063218988,-0.009022005330759475,0.2510052047877991,0.7797270955165692,0.5087719298245614,0.8245614035087719,-0.003898635477582846,,,False,,False,,,,0.03584860723308192,False,2572.467914334044,False,False,0.7476756324762089,1.0792938348070575,,False,0.8206607145479767
AKAM,166,0.5887914230019494,Akamai Technologies,Information Technology,SP500,118.44000244140625,,0.13361407576511364,0.12095398766184129,-0.008704393089280837,0.03441050167167026,0.9512670565302144,0.5126705653021443,0.4502923976608187,0.49512670565302147,,,False,,False,,,,0.06939280303383422,False,387.85255540614224,False,False,1.0659134023697752,1.1954124562493789,,False,1.1579197423342695
STT,167,0.5880116959064328,State Street Corporation,Financials,SP500,179.9499969482422,,-0.016129016110912442,-0.057458628356971575,0.07091665455137197,0.4416694716982954,0.49122807017543857,0.6978557504873294,0.9239766081871345,-0.18128654970760238,,,False,,False,,,,-0.025552654672272856,False,340.16090237093556,False,False,0.7604483215928174,1.4977512538666478,,False,1.2177533488756294
FAST,168,0.5842105263157895,Fastenal,Industrials,SP500,50.9900016784668,,0.039975585314465434,-0.005655169807592841,0.10829686886172651,0.14820688493443512,0.7602339181286549,0.7563352826510721,0.6686159844054581,-0.02729044834307992,,,False,,False,,,,0.025829206038829655,False,352.0597241634213,False,False,0.8356131139155757,1.0140381077339322,,False,1.0695292936114973
NWS,169,0.5820662768031188,News Corp (Class B),Communication Services,SP500,31.219999313354492,,-0.06638754200131303,-0.1065927754855911,0.09757875506803693,0.15251836725324797,0.18518518518518517,0.7407407407407407,0.6764132553606238,-0.052631578947368474,,,False,,False,,,,-0.04733711898482318,False,39.108680310685294,False,False,0.6749284838338171,1.8138993066417328,,False,1.054546427375565
IEX,170,0.5813840155945419,IDEX Corporation,Industrials,SP500,229.6699981689453,,0.036884867579888514,-0.01720229462306111,0.037187316337227605,0.19889326824071096,0.723196881091618,0.6432748538011696,0.7641325536062378,-0.005847953216374324,,,False,,False,,,,0.021755857061951822,False,146.31279864813357,False,False,0.8827048597619209,1.0827512249030617,,False,0.9243871722786887
CSCO,171,0.5810080757449179,Cisco,Information Technology,SP500,106.43000030517578,-9.396971064501436e-05,-0.0121588786390191,-0.034473400490183215,-0.10775789231713284,0.3283083893714709,0.6413255360623782,0.22807017543859648,0.8752436647173489,0.08576998050682261,-0.17824499433136032,0.6160929340790149,False,-0.028949930256120915,False,-0.05481252128519232,0.10572675063991288,0.05799116314968766,-0.02103646910335577,False,2208.7990001946105,False,True,0.7495598539000916,1.3249134341150641,-0.002066903566863676,False,0.8976778874578143
PRU,172,0.5797270955165692,Prudential Financial,Financials,SP500,117.58999633789062,,0.004699208971813196,-0.03034551337547331,0.11940060243632722,0.27182151604878,0.6647173489278753,0.7719298245614035,0.8382066276803118,-0.050682261208576995,,,False,,False,,,,-0.006840587604941439,False,209.56548944719276,False,False,1.020779906532244,0.9865558309014135,,False,0.8012109615794706
PSKY,173,0.57953216374269,Paramount Skydance Corporation,Communication Services,SP500,9.960000038146973,-0.014836758024141417,-0.1059246201803814,-0.033234220516621504,0.026259093297370972,0.09640559739352406,0.6491228070175439,0.6062378167641326,0.5847953216374269,0.28849902534113064,-0.4797566808651812,0.28118128358114847,False,-0.060101484089673196,False,0.02668625823634385,-0.06050104712867932,-0.025992612662592562,-0.035391986026102606,False,149.92622771623613,True,False,1.083553584243662,3.299016024564552,-0.0009890480264176382,False,2.2594960238414887
JCI,174,0.5787524366471735,Johnson Controls,Industrials,SP500,145.89999389648438,,0.041563740687643014,0.023207589307928655,0.024497306190987445,0.0753741320936192,0.8401559454191033,0.5964912280701754,0.5380116959064327,0.16569200779727095,,,False,,False,,,,0.019955145362531512,False,477.49848745257316,False,False,0.8998622556483955,1.0031462876549482,,False,0.871112445321211
LMT,175,0.5778752436647173,Lockheed Martin,Industrials,SP500,524.6799926757812,,-0.02339694243688928,-0.06419460721537396,0.07380450524476001,-0.12912575495512035,0.43859649122807015,0.7017543859649122,0.14035087719298245,0.19688109161793366,,,False,,False,,,,-0.01477204927075415,False,651.1811854061827,False,False,0.5868554023266452,1.3417530674899951,,False,0.9734422898383169
DOC,176,0.5762183235867447,Healthpeak Properties,Real Estate,SP500,20.479999542236328,,0.006388165028486936,-0.048385375714059875,-0.001966153311624752,0.2645503006914538,0.543859649122807,0.52046783625731,0.8323586744639376,-0.0935672514619883,,,False,,False,,,,0.00038879377812195415,False,112.68130731853951,False,False,0.6540437080223259,1.4330599069783858,,False,1.4095732093825817
BLK,177,0.575925925925926,BlackRock,Financials,SP500,1060.8900146484375,,0.022800918434236817,-0.09063170191072989,0.08521711963177481,0.09864486774352899,0.253411306042885,0.723196881091618,0.5925925925925926,0.14814814814814814,,,False,,False,,,,-0.010017725158865454,False,709.4006587003747,False,False,0.8056293250725437,1.0269630753923615,,False,0.7094976632209521
BG,178,0.5751461988304094,Bunge Global,Consumer Staples,SP500,111.4800033569336,,-0.04823695064433631,0.011982567637461417,0.02929552050020745,-0.09051913065225237,0.8148148148148148,0.6140350877192983,0.1968810916179337,0.47563352826510724,,,False,,False,,,,-0.04230993477559697,False,183.08089196532893,False,False,1.093549855896248,1.96442315455206,,False,1.2364426034245217
HUM,179,0.5749512670565302,Humana,Health Care,SP500,374.7799987792969,,-0.025836978607472916,-0.030599278395533558,0.03877941806385343,1.1922553748747298,0.6627680311890838,0.645224171539961,0.9766081871345029,-0.24561403508771928,,,False,,False,,,,-0.030489606539768288,False,461.23537101969816,False,False,0.6477167364040459,0.8874574776363866,,False,0.6643441767129638
CBOE,180,0.5731968810916179,Cboe Global Markets,Financials,SP500,268.8699951171875,,-0.005768581891225422,-0.12487624815905629,0.08023912478670381,-0.04559686837576027,0.1111111111111111,0.7115009746588694,0.27680311890838205,0.6257309941520468,,,False,,False,,,,-0.023412846724557235,False,298.0262267114756,False,False,0.6561158552412297,1.0832459882346648,,False,0.8061088608999611
AMT,181,0.5724171539961014,American Tower,Real Estate,SP500,170.77999877929688,,-0.03180452763628039,-0.042659345458763154,-0.021093705106901117,0.022146368576206443,0.580896686159844,0.47173489278752434,0.4269005847953216,0.18908382066276802,,,False,,False,,,,-0.020587741081779742,False,443.0270640643684,False,False,0.6479025185878011,1.2583006491750068,,False,1.186036697233013
CF,182,0.5713450292397662,CF Industries,Materials,SP500,120.63999938964844,,-0.085991405645509,-0.06654291038366222,0.17626922309005444,-0.04068187704379922,0.4171539961013645,0.8615984405458089,0.28654970760233917,0.3469785575048733,,,False,,False,,,,-0.05858994059644884,False,313.7121168483345,False,False,1.1283198073179455,1.1376687247562238,,False,0.8025384577579004
TRI,183,0.5703703703703704,Thomson Reuters,Industrials,NDX,98.44999694824219,,-0.02823019128687132,-0.09362921691382364,0.2236765930152207,0.16000090613567108,0.23976608187134502,0.9005847953216374,0.6861598440545809,-0.007797270955165692,,,False,,False,,,,-0.0049967382425838425,False,202.39152945517716,False,False,0.9819022545013427,1.0864533998047183,,False,1.02198141787491
VZ,184,0.5676552492341966,Verizon,Communication Services,SP500,46.52000045776367,0.001506990175984324,-0.06511249945857511,-0.07238287054172954,0.03574937202868167,-0.05667541047975044,0.3645224171539961,0.6354775828460039,0.24951267056530213,0.16569200779727095,-0.09582119012769708,0.27234043263547103,False,-0.06142500709620502,False,-0.029519138676236567,0.027128549670531354,0.0304170229961791,-0.03572722244259097,False,1059.2944127109452,False,True,0.7488641305263651,1.3299129169436568,0.0032292294664786336,False,0.9445901113255153
ISRG,185,0.5662768031189084,Intuitive Surgical,Health Care,SP500,398.29998779296875,,0.041879146433840386,0.06619905234331891,-0.008784806752250796,-0.15598316479395058,0.9064327485380117,0.5107212475633528,0.1111111111111111,0.43079922027290446,,,False,,False,,,,0.030494384046855894,False,1167.9692439663013,False,False,0.5960139760621521,0.9487746884261292,,False,0.520583878319617
MELI,186,0.5661793372319688,MercadoLibre,Consumer Discretionary,NDX,1799.239990234375,,-0.021998016840927392,-0.07631810273445894,0.0841603839944356,0.11613997868188108,0.341130604288499,0.7212475633528265,0.621832358674464,-0.050682261208576995,,,False,,False,,,,-0.021576992345522794,False,899.5865256576849,False,False,0.7691541487416371,2.0207063471206097,,False,1.4749649161205598
INSM,187,0.5651072124756336,Insmed,Health Care,NDX,118.33999633789062,,-0.034589700031232073,-0.04549126364197309,0.14382367470609392,-0.14948974517032565,0.557504873294347,0.8128654970760234,0.11695906432748537,0.052631578947368474,,,False,,False,,,,-0.02927882821711103,False,292.73909593161756,False,False,0.4634701675132154,0.8891595980599997,,False,0.7799043656667276
AIZ,188,0.5631578947368422,Assurant,Financials,SP500,266.9700012207031,,-0.05850612385642484,-0.06954240332596462,0.0150670289068906,0.23535236020868355,0.3840155945419103,0.571150097465887,0.8148148148148148,-0.1072124756335282,,,False,,False,,,,-0.04137387026091932,False,102.91541088885872,False,False,0.6689598965236181,1.4490248400346475,,False,1.6868394018947608
LDOS,189,0.5629629629629629,Leidos,Industrials,SP500,124.69000244140625,,-0.03602631188420735,-0.09633045328211609,0.19914650689950464,-0.21041046233066818,0.23196881091617932,0.8869395711500975,0.0682261208576998,0.29824561403508776,,,False,,False,,,,-0.030456559634900127,False,183.34654144723075,False,False,0.712199840453773,1.211263625726338,,False,1.0909936998854524
CB,190,0.5621832358674463,Chubb Limited,Financials,SP500,335.2099914550781,,-0.018504984472250907,-0.027780602754799544,0.0032004401450016484,0.03581486759181374,0.672514619883041,0.5341130604288499,0.45614035087719296,0.04873294346978557,,,False,,False,,,,-0.010582265674159208,False,621.3195725005481,False,False,0.6667923354209113,1.1894992892297063,,False,1.0107167742045127
BEN,191,0.562085769980507,Franklin Resources,Financials,SP500,32.709999084472656,,-0.00030568874869540963,-0.055170419016189354,0.017502061174031525,0.4161865725595508,0.5009746588693957,0.580896686159844,0.9200779727095516,-0.08382066276803124,,,False,,False,,,,-0.016280737007348223,False,131.4434622757503,False,False,0.8892990858980059,1.3801002909970754,,False,1.7461803385782781
VRTX,192,0.5593567251461989,Vertex Pharmaceuticals,Health Care,SP500,516.3400268554688,,0.006000890447806828,-0.057068241690691246,0.08657410267597787,0.150951880155479,0.4951267056530214,0.7251461988304093,0.6744639376218323,-0.16764132553606237,,,False,,False,,,,-0.00160331332456487,False,603.0037368054449,False,False,0.6108951877771467,1.152096765291303,,False,1.0278962205287836
TYL,193,0.557504873294347,Tyler Technologies,Information Technology,SP500,332.5299987792969,,-0.04015126302991523,-0.0653756688130499,0.16257036044628248,-0.01696866532887431,0.42300194931773877,0.8440545808966862,0.31773879142300193,0.15984405458089668,,,False,,False,,,,-0.02586706396216709,False,305.8035407208501,False,False,0.9691137627751353,1.132321132948707,,False,0.6219375601445046
EOG,194,0.5571150097465888,EOG Resources,Energy,SP500,141.83999633789062,,-0.02132061335850044,-0.05572205580098577,0.06279403512574988,0.010328568896126988,0.49707602339181284,0.6783625730994152,0.391812865497076,0.14814814814814814,,,False,,False,,,,-0.019832131458424218,False,444.152812903268,False,False,0.9056092948253628,1.3421649917607483,,False,0.8295646344583566
PG,195,0.5567251461988304,Procter & Gamble,Consumer Staples,SP500,147.38999938964844,,0.0025166311143742792,0.005388767075323209,-0.023347308696170077,0.04504331108409976,0.7855750487329435,0.46393762183235865,0.4756335282651072,0.08187134502923976,,,False,,False,,,,0.006495568186114298,False,1256.617647446177,False,False,0.6416229603150796,0.9302344130537791,,False,0.7611684177351903
MSCI,196,0.5559454191033139,MSCI,Financials,SP500,555.7000122070312,,0.027912963623222042,-0.027408242694656915,-0.033956092834378726,0.04101450728634437,0.6783625730994152,0.4346978557504873,0.46588693957115007,0.16569200779727095,,,False,,False,,,,0.0032468478855185445,False,369.58893555708903,False,False,0.640045864324472,0.9854145679120495,,False,0.9415055519781377
LLY,197,0.5539961013645225,Lilly (Eli),Health Care,SP500,1150.989990234375,,0.011574804948942807,-0.0769410146070657,0.031666184692658694,0.27862448038010057,0.3391812865497076,0.621832358674464,0.8460038986354775,-0.1578947368421052,,,False,,False,,,,0.0016248255202409023,False,3001.0819479457314,False,False,0.588247825991615,1.0848609761073311,,False,0.8411415520383662
ITW,198,0.5538986354775828,Illinois Tool Works,Industrials,SP500,273.4200134277344,,0.022780934281094734,-0.03708398776760513,0.043218315427682175,0.04442883400131703,0.6237816764132553,0.6608187134502924,0.47368421052631576,-0.015594541910331383,,,False,,False,,,,0.01347420470417604,False,358.4021193980314,False,False,0.7117855035566937,1.2552993193812325,,False,1.3151250210169818
MRVL,199,0.5528682818156502,Marvell Technology,Information Technology,SP500,260.8999938964844,-0.005564840435258178,0.13577983662448045,0.13786035821853426,-0.056869031084418986,1.8269270910273643,0.9590643274853801,0.37037037037037035,0.9941520467836257,-0.39181286549707606,-0.17528567064121048,2.5412314387047115,False,0.12859442221152695,True,0.19655294784839206,0.622402380835178,-0.16426598438608842,0.061847691697491936,False,4985.675191907135,True,True,0.5474346197662778,0.8675567797345892,0.0,False,0.5899368414092712
NOC,200,0.5519493177387914,Northrop Grumman,Industrials,SP500,514.4199829101562,,-0.03082264871267093,-0.05920561780444844,0.027334516942305376,-0.23913168686980668,0.47368421052631576,0.6101364522417154,0.04873294346978557,0.29629629629629634,,,False,,False,,,,-0.017938338944919807,False,437.87759733376015,False,False,0.5740636723465046,1.3135877368070876,,False,1.0461562752184135
PWR,201,0.5503898635477583,Quanta Services,Industrials,SP500,634.9000244140625,,0.025222830348529568,0.02937837520103259,-0.09529116108279423,0.09799076447468247,0.8518518518518519,0.2475633528265107,0.5906432748538012,0.1695906432748538,,,False,,False,,,,0.007474345280538364,False,676.9863168528032,False,False,0.638539845881771,0.8497865528281751,,False,0.7522977400006563
AMGN,202,0.548440545808967,Amgen,Health Care,SP500,406.0899963378906,,0.07902215956440028,-0.08505317301611848,0.16228896933822745,0.18114897261596297,0.2787524366471735,0.8401559454191033,0.7309941520467836,-0.08966861598440545,,,False,,False,,,,0.031686332517502525,False,1105.2456288690062,False,False,1.5220442995446681,1.576534765425005,,False,1.0260902661183402
ADBE,203,0.5479114452798663,Adobe Inc.,Information Technology,SP500,240.69000244140625,0.010241353374212947,-0.03916166690057388,-0.12878701265849357,0.22444927238781065,0.00761923791778818,0.10136452241715399,0.9025341130604289,0.3840155945419103,0.23196881091617938,-0.33210310041728897,0.24445477423130524,False,-0.08866654173418531,False,-0.06392705176570046,-0.08739269007235428,0.06829280974980123,-0.03597891027796474,False,1348.667030205658,False,False,0.9472984057256264,1.2026193814658206,0.005162626348537591,False,0.7256423886134886
WRB,204,0.5473684210526315,W. R. Berkley Corporation,Financials,SP500,67.66999816894531,,-0.031210480912546967,-0.027735645230861805,-0.03259353382105534,0.05148214583567223,0.6744639376218323,0.43664717348927873,0.49122807017543857,-0.011695906432748537,,,False,,False,,,,-0.022345685484029043,False,178.39319735906173,False,False,0.6545487674466917,3.0457087304305777,,False,0.7346451963919864
ORLY,205,0.5461013645224172,O'Reilly Automotive,Consumer Discretionary,SP500,85.9000015258789,,0.026529651202281457,-0.05271282270853772,-0.02186288061509145,-0.023752658127421,0.5146198830409356,0.4678362573099415,0.30409356725146197,0.16374269005847952,,,False,,False,,,,0.007871683189462741,False,572.5413351149267,False,False,0.6511011730511469,1.4798482318517312,,False,0.7986179571532237
SWK,206,0.545906432748538,Stanley Black & Decker,Industrials,SP500,91.76000213623047,,0.030432330057277523,-0.060414427496671586,0.03232850576750934,0.30690045157907075,0.4697855750487329,0.6257309941520468,0.8654970760233918,-0.29824561403508765,,,False,,False,,,,0.014333485731979456,False,174.45038136588894,False,False,0.5838885736130839,1.113756059724646,,False,0.7754846272452481
ACGL,207,0.5446393762183236,Arch Capital Group,Financials,SP500,95.16000366210938,,-0.018665541258210405,-0.05912592212405243,0.002528502926610665,0.016666722365594966,0.4756335282651072,0.5321637426900585,0.4093567251461988,0.07017543859649128,,,False,,False,,,,-0.013111487689960732,False,258.68539958433814,False,False,0.7699621763334772,1.9602096134401494,,False,1.8763499045338234
ARE,208,0.5444444444444443,Alexandria Real Estate Equities,Real Estate,SP500,51.86000061035156,,-0.03101643933508802,-0.040340493490802265,0.02538058278276556,0.12643803305192236,0.6003898635477583,0.6003898635477583,0.6374269005847953,-0.07407407407407407,,,False,,False,,,,-0.01706070435867546,False,99.53944210259573,False,False,0.7687332879056119,1.4599787069808878,,False,1.0042613110407945
SPGI,209,0.544346978557505,S&P Global,Financials,SP500,406.5,,-0.0006392215541907165,-0.06432254275815752,0.07030002037719019,0.049702458561583285,0.43664717348927873,0.695906432748538,0.4873294346978557,0.10331384015594547,,,False,,False,,,,-0.00970802028368345,False,810.0240773327264,False,False,0.8735369622156416,0.8767755484809818,,False,0.8026442415889884
TGT,210,0.5439571150097465,Target Corporation,Consumer Staples,SP500,156.25999450683594,,0.010214648990619413,-0.08022841210065357,0.11515140097724141,0.37117879489796124,0.3001949317738791,0.7621832358674464,0.8908382066276803,-0.18908382066276797,,,False,,False,,,,-0.008719831248600984,False,620.8436225241213,False,False,0.7491189666964583,0.9981172884513402,,False,0.7403111812718666
HAS,211,0.543859649122807,Hasbro,Consumer Discretionary,SP500,86.5199966430664,,-0.031131089738934636,-0.09317688583816186,0.046700318799968166,-0.050938274305714515,0.24366471734892786,0.6666666666666666,0.25925925925925924,0.08576998050682261,,,False,,False,,,,-0.02509068481312071,False,171.08523910387,False,False,0.5110441581565665,1.110060216036345,,False,1.054010018546444
CNC,212,0.5436647173489279,Centene Corporation,Health Care,SP500,62.08000183105469,,-0.059536436570098994,-0.05437927816981003,-0.014133704500482458,0.8823530228237575,0.50682261208577,0.48927875243664715,0.9688109161793372,-0.11695906432748543,,,False,,False,,,,-0.046715330804562916,False,304.95847013967085,False,False,0.8548100263040225,1.4079780999477038,,False,0.7285925099406022
BKR,213,0.5433723196881092,Baker Hughes,Energy,SP500,58.029998779296875,,0.030362199817799418,-0.06388131621144144,0.033052104759448975,-0.07956773455139432,0.442495126705653,0.6296296296296297,0.2222222222222222,0.44249512670565305,,,False,,False,,,,-0.004117592248415236,False,492.2539459298737,False,False,0.9594239830787756,1.4321784678195202,,False,1.059116072207116
ECHO,214,0.5416179337231969,EchoStar,Communication Services,SP500,92.72000122070312,,-0.007917803028231307,0.0867323201165906,-0.07150009359110998,-0.16347884983638516,0.9278752436647173,0.3235867446393762,0.10526315789473684,0.31189083820662766,,,False,,False,,,,-0.002938963727643462,False,357.1177062603075,False,False,0.4777748812367708,1.2264255426790536,,False,0.823187722748746
AVY,215,0.5378167641325535,Avery Dennison,Materials,SP500,172.66000366210938,,0.0022057399901616037,-0.05458414621409924,0.06444036349276194,0.053377461422211114,0.5048732943469786,0.6881091617933723,0.49902534113060426,-0.05263157894736836,,,False,,False,,,,0.009312753773446536,False,167.5823626721752,False,False,0.6937438698713423,1.2241796892112624,,False,0.5542132456552372
DIS,216,0.5343079922027291,Walt Disney Company (The),Communication Services,SP500,103.45999908447266,,-0.03299372698176539,-0.06464154675368261,0.030980562546875312,0.0815722878021854,0.42884990253411304,0.6198830409356725,0.543859649122807,0.07017543859649122,,,False,,False,,,,-0.013941625182985362,False,985.3313739506312,False,False,0.8908860863730144,1.099069930293799,,False,0.8569361947099147
PDD,217,0.5332358674463937,PDD Holdings,Consumer Discretionary,NDX,79.19999694824219,,0.0055865261563943225,-0.09038707676772684,0.0456825875635225,-0.19257824543675228,0.2573099415204678,0.6647173489278753,0.08771929824561403,0.5185185185185186,,,False,,False,,,,-0.0002762773751827652,False,559.0822440686907,False,False,0.6414925730635579,0.9850622336154179,,False,0.7938007214601244
MCHP,218,0.5318713450292398,Microchip Technology,Information Technology,SP500,75.52999877929688,,0.08535713111069687,0.01778735630115924,-0.17836914225408385,0.16358057086023958,0.8245614035087719,0.09746588693957114,0.6939571150097466,0.05847953216374269,,,False,,False,,,,0.02998144586782181,False,736.4071046741875,False,False,0.5574418710547367,1.0862616143969406,,False,0.7970692780237338
JPM,219,0.5305485937064884,JPMorgan Chase,Financials,SP500,337.5299987792969,-0.007264709472656228,-0.03264362664825049,-0.05291959677306102,0.016795697683141597,0.16547783220916457,0.5126705653021443,0.5750487329434698,0.6998050682261209,-0.18908382066276797,-0.07571607002312675,0.20487097526917952,False,-0.04305583520642031,False,-0.045210839200481856,0.05728850253353279,0.04735164689408844,-0.02765673043568595,False,2482.1769403217163,False,True,0.8359250233021985,1.4119444657252058,-0.0070294548483456065,False,0.98200779993576
APH,220,0.5303118908382067,Amphenol,Information Technology,SP500,82.19000244140625,,0.0654604749449137,0.05840540960616547,0.011395465209835587,0.28855374757173324,0.8927875243664717,0.5633528265107213,0.847953216374269,-0.22612085769980506,,,False,,False,,,,0.027896223080678295,False,1006.7130525759327,False,False,0.8972753036602742,1.246577685880174,,False,1.03383571859243
DVA,221,0.5289473684210526,DaVita,Health Care,SP500,183.13999938964844,,-0.05529764359306777,0.03762039314248411,-0.1403492059649376,0.1948068948861752,0.8654970760233918,0.14035087719298245,0.7524366471734892,0.037037037037037035,,,False,,False,,,,-0.006276429977812525,False,161.61537645329068,False,False,0.7723254905251855,1.4057387027053885,,False,0.6588627936333835
AWK,222,0.5287524366471735,American Water Works,Utilities,SP500,133.05999755859375,,-0.03411728466647812,-0.04896008808675878,0.03320778753613185,0.00990586108168845,0.5380116959064327,0.631578947368421,0.3898635477582846,-0.02729044834307992,,,False,,False,,,,-0.023300443591993014,False,296.9631472944921,False,False,0.5700853982671891,1.0425441785610143,,False,0.9793466709790695
PLD,223,0.5283625730994151,Prologis,Real Estate,SP500,133.9600067138672,,0.0016449918623218096,-0.05815023438417766,-0.041502244267488386,0.04337196616220562,0.4853801169590643,0.4191033138401559,0.47173489278752434,0.10916179337231968,,,False,,False,,,,-0.007361236371678737,False,593.1831767961775,False,False,0.631090886911444,1.0116166888622133,,False,0.747797802621434
NXPI,224,0.527972709551657,NXP Semiconductors,Information Technology,SP500,235.44000244140625,,0.07516671401504271,0.06320561903674493,-0.19574417425446633,0.21452780219197232,0.9005847953216374,0.07797270955165692,0.7894736842105263,0.06237816764132553,,,False,,False,,,,0.027882620916784395,False,911.9075892707981,False,False,0.7502352301372381,1.2469124266420537,,False,1.0525825425808961
ABT,225,0.5278752436647173,Abbott Laboratories,Health Care,SP500,103.48999786376953,,0.011039441644001835,-0.11296820529722074,0.15181922625249333,0.007899421087077085,0.16374269005847952,0.8284600389863548,0.38596491228070173,-0.11695906432748537,,,False,,False,,,,-0.000860919982827113,False,1028.4771427766138,False,False,0.5814180903654419,1.350990900233207,,False,1.2485895592247092
BR,226,0.5272904483430798,Broadridge Financial Solutions,Industrials,SP500,163.4499969482422,,-0.021784663770580304,-0.11320179428328836,0.1738523146794071,0.0057164730395993235,0.15984405458089668,0.8538011695906432,0.3762183235867446,-0.021442495126705707,,,False,,False,,,,-0.019195499731429755,False,196.11235813732537,False,False,0.7545561931858983,1.2831939468765063,,False,0.6998217555261849
PAYX,227,0.5269980506822611,Paychex,Industrials,SP500,104.48999786376953,,-0.10478069935767187,-0.1707801278282297,0.09634431632501772,0.18017778523829997,0.04483430799220273,0.7368421052631579,0.7270955165692008,-0.19103313840155944,,,False,,False,,,,-0.08453551896188438,False,345.59839447658305,False,False,0.7075240175050492,1.9807342246690443,,False,2.9082165912466555
CSX,228,0.5249512670565303,CSX Corporation,Industrials,SP500,47.189998626708984,,-0.014822607026146573,-0.08010910573806773,0.027337961371230568,0.221102212165186,0.3060428849902534,0.6120857699805068,0.7933723196881092,-0.06822612085769986,,,False,,False,,,,-0.010896733214490584,False,583.474150552773,False,False,0.890945214804715,1.3398113722562635,,False,0.9104454890519308
WMT,229,0.5245335561125034,Walmart,Consumer Staples,SP500,110.52999877929688,0.0037231749227100153,0.028186035156249956,0.03793784389681032,-0.06895284131761847,-0.09048710905004187,0.8674463937621832,0.3333333333333333,0.19883040935672514,0.23196881091617932,-0.17440675930022664,0.10784832970738822,False,0.03611836414472802,True,0.009618687026111239,-0.06460202488493516,-0.009527049320415815,0.020670733375141248,False,2668.1768580182497,True,False,0.6518464628078083,1.0659801777719158,0.00090808637510853,False,0.9329549946109079
NSC,230,0.5242690058479533,Norfolk Southern,Industrials,SP500,315.010009765625,,-0.00627757171727128,-0.10756983409514886,0.04093450720871683,0.11981724049683451,0.1793372319688109,0.6510721247563352,0.6296296296296297,-0.011695906432748537,,,False,,False,,,,-0.008919862660881739,False,411.2014560556217,False,False,0.7044298656510407,1.0332848755198427,,False,0.5695298148056204
PYPL,231,0.5231690336953495,PayPal,Financials,SP500,52.5099983215332,-0.007184743287964701,-0.003794360964016197,-0.14656781243313755,0.23916429662169447,0.1945990599891727,0.07212475633528265,0.9103313840155945,0.7504873294346979,-0.04873294346978552,-0.3025668445296271,0.3555045266264265,False,-0.03098905530432816,False,-0.07515383217887528,0.04459463576776268,0.08126090023807175,-0.010704920716029465,False,842.0992816981964,False,True,1.2071877318951336,1.1331970267428717,-0.001890687753357545,False,0.774870543215762
CTVA,232,0.5226120857699804,Corteva,Materials,SP500,80.41999816894531,,-0.007283100255854547,-0.02679128197562064,0.006260675185303821,0.002446675884536509,0.682261208576998,0.5497076023391813,0.37037037037037035,0.09941520467836257,,,False,,False,,,,-0.014667145679814197,False,392.9256900233055,False,False,0.8392553774418349,1.0989122664851816,,False,1.1782147890542785
FLEX,233,0.5209551656920078,Flex Ltd.,Information Technology,SP500,112.30000305175781,,0.04077851217475281,0.05297704120996105,-0.25490975224108403,0.6251809773022747,0.8869395711500975,0.03313840155945419,0.9532163742690059,-0.009746588693957114,,,False,,False,,,,0.01679537374135842,False,449.7344653567723,False,False,0.7234896548608954,1.2621544606898167,,False,1.010960254594728
UNP,234,0.5201754385964912,Union Pacific Corporation,Industrials,SP500,275.5299987792969,,-0.01918700836821674,-0.10666544238309439,0.06481243530355685,0.16095789985258113,0.18323586744639375,0.6900584795321637,0.6881091617933723,-0.08576998050682261,,,False,,False,,,,-0.016019223933283255,False,810.6278469171641,False,False,0.8108911492271074,1.3254114374782642,,False,0.6806253645126594
KMI,235,0.519785575048733,Kinder Morgan,Energy,SP500,31.3700008392334,,0.02082659637262374,0.011935510943012817,-0.028437733742950666,-0.05817984225304107,0.8128654970760234,0.4502923976608187,0.2475633528265107,0.2962962962962963,,,False,,False,,,,-0.00013241494191273961,False,363.78489535986455,False,False,1.1415608801997714,1.6156149534496327,,False,0.9674628158214845
LH,236,0.5140350877192983,Labcorp,Health Care,SP500,303.9800109863281,,-0.0632646086760914,-0.10228165783802456,0.1487734504709355,0.1478612063838436,0.20272904483430798,0.8206627680311891,0.6666666666666666,-0.10526315789473684,,,False,,False,,,,-0.041978535731668876,False,232.1303563222457,False,False,0.9931617830522088,1.246736216904179,,False,1.232646420824295
MCO,237,0.5133528265107212,Moody's Corporation,Financials,SP500,473.8500061035156,,0.018375281613699723,-0.07333528806570244,0.055717920171818314,0.11091922990488756,0.3567251461988304,0.6764132553606238,0.6140350877192983,-0.023391812865497075,,,False,,False,,,,0.0033343672736310115,False,382.3344004184022,False,False,0.8920001720730522,1.1193504054120758,,False,1.0087630330888584
JBL,238,0.5128654970760234,Jabil,Information Technology,SP500,308.75,,0.0387229516342984,0.012660255062840742,-0.1694009528336663,0.11358583925699595,0.8167641325536062,0.10916179337231968,0.6198830409356725,0.04678362573099415,,,False,,False,,,,0.016526939336053204,False,333.29440339934683,False,False,0.7226824613525247,1.6516464118405865,,False,0.790649211551111
ESS,239,0.5116959064327485,Essex Property Trust,Real Estate,SP500,273.4700012207031,,0.007849948078277658,-0.0685943432977737,-0.020470177462932337,0.1452220044869219,0.4015594541910331,0.4756335282651072,0.6627680311890838,-0.04873294346978563,,,False,,False,,,,0.0008129506984819734,False,137.62540567178533,False,False,0.7578838319412414,1.4669249619597657,,False,2.07621247113164
KR,239,0.5116959064327485,Kroger,Consumer Staples,SP500,57.63999938964844,,-0.0572456662567874,-0.024373771103191277,-0.007601089525402838,-0.1883526136101038,0.6998050682261209,0.5146198830409356,0.08966861598440545,0.4152046783625731,,,False,,False,,,,-0.02753454502173469,False,388.90319155275773,False,False,0.8747633504775089,1.2591726281792246,,False,1.01239073709599
RSG,241,0.5093567251461988,Republic Services,Industrials,SP500,213.10000610351562,,-0.030482242289434747,-0.04473729444872976,0.0006654995108348327,-0.004370207420348549,0.5672514619883041,0.5263157894736842,0.3567251461988304,-0.0019493177387914784,,,False,,False,,,,-0.022358743983074025,False,333.65974204372486,False,False,0.735063947355746,1.478420663655307,,False,0.7886191857754475
LYB,242,0.5057504873294347,LyondellBasell,Materials,SP500,59.970001220703125,,-0.07596302294707868,-0.08021466215237394,0.07963434891785037,-0.19454151539020947,0.30214424951267055,0.7095516569200779,0.08382066276803118,0.5029239766081871,,,False,,False,,,,-0.03891267468318205,False,251.92776429833393,False,False,0.9096947482345409,1.1202051826902064,,False,0.7098836429590255
HII,243,0.5054580896686159,Huntington Ingalls Industries,Industrials,SP500,269.79998779296875,,-0.02981052412561136,-0.08000471610690996,-0.03061932953043267,-0.32294832797650996,0.30994152046783624,0.442495126705653,0.02729044834307992,0.29434697855750486,,,False,,False,,,,-0.025627126863077443,False,147.00554498141543,False,False,0.38770477835991823,1.3968385391658356,,False,0.9672628169550774
F,244,0.5054163185742133,Ford Motor Company,Consumer Discretionary,SP500,12.9399995803833,-0.012213801253987078,-0.0307116696157943,-0.07106968435776984,-0.05490289168138618,0.11866720981734136,0.38011695906432746,0.3762183235867446,0.6257309941520468,0.1871345029239766,-0.24999176396610245,0.18696830671267484,False,-0.05794994083240956,False,-0.07499653881430801,-0.026292681321724354,0.08107703588284476,-0.030486931207077683,False,684.0478187298642,False,False,0.9684727382358257,1.1796834135818568,-0.009923672569109754,False,0.7189718006548388
SBAC,245,0.5050682261208577,SBA Communications,Real Estate,SP500,170.52999877929688,,-0.05271639411140616,-0.07856491040954927,-0.07415873348296986,0.035885811191401995,0.31773879142300193,0.31189083820662766,0.4580896686159844,0.18908382066276802,,,False,,False,,,,-0.045969281641752735,False,176.13100811101174,False,False,0.6597712556320586,1.2015058458908219,,False,0.9641944873470357
AMP,246,0.504775828460039,Ameriprise Financial,Financials,SP500,502.7900085449219,,-0.07038785977464179,-0.10396876985766335,0.09417681762177832,0.12948827233933335,0.19883040935672514,0.7348927875243665,0.645224171539961,-0.14230019493177382,,,False,,False,,,,-0.06361652565960929,False,278.7374000999606,False,False,0.907344157362892,1.6080846814459757,,False,1.4347144195697896
ROP,247,0.5042884990253411,Roper Technologies,Information Technology,SP500,366.3599853515625,,-0.02517168268930159,-0.11828842448774302,0.10759588385529395,0.06442073052330644,0.13450292397660818,0.7543859649122807,0.52046783625731,-0.15594541910331383,,,False,,False,,,,-0.030502056540121947,False,314.41569719325474,False,False,0.7436589927278199,1.7681863895407308,,False,0.9031101534766254
EQIX,248,0.5036062378167642,Equinix,Real Estate,SP500,1037.6600341796875,,0.021158145964580655,-0.016622363347068125,-0.047837359787077816,0.0863061135230272,0.7309941520467836,0.40545808966861596,0.5555555555555556,0.12085769980506822,,,False,,False,,,,0.0051750833707773225,False,582.725111994031,False,False,0.9999222655521179,0.8969594224890749,,False,0.6995537421904884
NTRS,249,0.5011695906432748,Northern Trust,Financials,SP500,173.99000549316406,,-0.015002229991174176,-0.06348081531788252,0.0050633908861961174,0.2511400599641751,0.44834307992202727,0.543859649122807,0.8265107212475633,-0.08966861598440545,,,False,,False,,,,-0.02714523581847239,False,196.89410682363703,False,False,0.949143222833821,1.1226163132818283,,False,0.9011130226501535
CI,250,0.5006822612085771,Cigna,Health Care,SP500,268.2699890136719,,-0.04343028227207901,-0.03811908971212852,-0.03471149685053365,0.020509751567216128,0.6159844054580896,0.4327485380116959,0.42300194931773877,0.1364522417153996,,,False,,False,,,,-0.029444039121366283,False,473.13145361789,False,False,0.8221243903405614,0.9941449123636485,,False,1.0919058812066886
LIN,251,0.5002923976608187,Linde plc,Materials,SP500,469.7200012207031,,0.01651194560211433,-0.03828974887652592,-0.08621393887545514,-0.014760933445121638,0.6101364522417154,0.26900584795321636,0.3255360623781676,0.0682261208576998,,,False,,False,,,,0.010225739029470438,False,1000.8468100868068,False,False,0.536663354106021,1.2827894424550814,,False,0.9294962597250105
EQT,252,0.49990253411306046,EQT Corporation,Energy,SP500,51.060001373291016,,0.012894297318913228,-0.050752918679506265,-0.005047433370876431,-0.2137687403674714,0.52046783625731,0.5185185185185185,0.06627680311890838,0.3508771929824561,,,False,,False,,,,-0.011277532386034128,False,368.9542493217001,False,False,0.8516313796571336,1.513088451407545,,False,0.986936530445619
MMM,253,0.4988304093567251,3M,Industrials,SP500,170.3000030517578,,0.04703356558465144,-0.04865645339565394,0.030953601374213102,0.1722241186090161,0.5419103313840156,0.6179337231968811,0.7115009746588694,-0.16959064327485374,,,False,,False,,,,0.022579579016968276,False,557.1537974645187,False,False,0.7505311545591447,0.9371265307977189,,False,0.8576290089921494
PKG,254,0.4984405458089668,Packaging Corporation of America,Materials,SP500,240.97999572753906,,0.04117519509593248,-0.02547552054787594,0.019716868442292146,0.14353280438666216,0.6881091617933723,0.5906432748538012,0.6608187134502924,-0.15594541910331383,,,False,,False,,,,0.022607063837344787,False,153.53208292426285,False,False,0.855080854885749,1.1451391865009561,,False,0.7821907614936078
ECL,255,0.4976608187134503,Ecolab,Materials,SP500,276.7200012207031,,0.009632278085877077,-0.03319001433545388,0.004217074222300443,0.0518783979909867,0.6510721247563352,0.5399610136452242,0.49317738791423,-0.14619883040935666,,,False,,False,,,,0.01038936137364277,False,369.3752960134701,False,False,0.5645671957834923,1.0178712195570825,,False,0.7981632320223526
CEG,256,0.4973684210526316,Constellation Energy,Utilities,SP500,263.8800048828125,,0.016761091681023244,-0.034926628565918216,-0.01374906000812326,-0.10226808948767996,0.6354775828460039,0.49122807017543857,0.17543859649122806,0.3255360623781676,,,False,,False,,,,-0.00998089814616765,False,752.8129869463862,False,False,1.121327515789579,1.4686962500513652,,False,1.0707528649244176
FANG,257,0.4958089668615984,Diamondback Energy,Energy,SP500,185.64999389648438,,-0.04569754136144577,-0.0970331304221207,0.01739923600301907,-0.04750281773951881,0.22417153996101363,0.5789473684210527,0.2709551656920078,0.165692007797271,,,False,,False,,,,-0.047356480480011176,False,473.370936184163,False,False,0.9858166448389316,2.109590859314747,,False,1.4269433160686085
COR,258,0.4937621832358674,Cencora,Health Care,SP500,312.2799987792969,,-0.0195290462188481,-0.035488126213853,0.09988948212022342,-0.041750849570352355,0.631578947368421,0.746588693957115,0.2826510721247563,-0.04483430799220267,,,False,,False,,,,-0.013741423044495438,False,431.5905140775719,False,False,0.8750550874080082,1.2089535821661657,,False,0.8083607538139396
DLR,259,0.4933723196881092,Digital Realty,Real Estate,SP500,181.4499969482422,,0.0020985784981111255,-0.031057002398583666,-0.05349600950682165,0.0526717078146588,0.6588693957115009,0.3840155945419103,0.4951267056530214,0.08187134502923976,,,False,,False,,,,-0.009813807820759135,False,446.22826413592907,False,False,0.8339218821114078,0.9996606711436966,,False,0.6617167287303233
HON,260,0.4925925925925925,Honeywell Technologies,Industrials,SP500,212.57000732421875,,0.02364443597958621,-0.010243501906584851,-0.10608715962495541,-0.07744312389907793,0.7426900584795322,0.2300194931773879,0.22807017543859648,0.11306042884990253,,,False,,False,,,,0.02298455076648076,False,720.9818769331017,False,False,0.5486139377844403,1.271923174683866,,False,0.7739759180403251
CL,261,0.4903508771929824,Colgate-Palmolive,Consumer Staples,SP500,85.93000030517578,,-0.012525814524694923,-0.07152893061364729,-0.05939671535114355,0.028743956035625295,0.3762183235867446,0.36062378167641324,0.43859649122807015,-0.04678362573099415,,,False,,False,,,,-0.013902865805508924,False,424.20260763521776,False,False,0.4972852573537016,1.6266584926683796,,False,1.3384967253682534
BA,262,0.4892787524366472,Boeing,Industrials,SP500,199.92999267578125,0.011177379331549053,-0.010051564520702438,-0.050033325582860555,-0.09225883007590807,0.017869842885432252,0.5263157894736842,0.2553606237816764,0.41325536062378165,0.021442495126705652,-0.2070989588924642,0.1161790873485622,False,-0.03068710388135354,False,-0.07062906370396349,-0.0959429911718952,0.0759966348694443,-0.010146878072345156,False,1282.6175675624083,False,False,0.6469700233146273,1.5276357079699718,0.001314963105557121,False,1.7027781049358048
IBM,263,0.48898635477582847,IBM,Information Technology,SP500,232.75999450683594,,-0.019916673868047408,0.007444603837799546,-0.10849675441030604,-0.01843342732783093,0.7894736842105263,0.2222222222222222,0.3138401559454191,0.08966861598440545,,,False,,False,,,,-0.01208149468593378,False,1723.0420131748433,False,False,0.5627374023450055,1.045614305599829,,False,0.507044084720618
WDC,264,0.4889028125870231,Western Digital,Information Technology,SP500,473.69000244140625,0.019565209251988902,0.13602897343850184,0.08834133106866005,-0.26402614819396186,0.5743750678309414,0.9298245614035088,0.025341130604288498,0.9454191033138402,-0.08966861598440545,-0.36501870186874685,3.440248395038278,False,0.04992294600840386,True,-0.0033666447862712445,0.21389901963895852,0.003378017370840647,0.05146100600758419,False,3525.150379416321,False,True,0.4481270943156308,1.1261572709622543,-0.003572973827597248,False,0.6776572328951395
DASH,265,0.4888888888888888,DoorDash,Consumer Discretionary,SP500,189.27000427246094,,-0.03806663165013846,-0.17370991753352527,0.0637329964788067,0.22322761906969024,0.037037037037037035,0.682261208576998,0.7992202729044834,-0.29239766081871343,,,False,,False,,,,-0.03888415575908921,False,837.3341545818719,False,False,0.7133401264201075,1.2847102271813269,,False,1.4567531791674757
WMB,266,0.48869395711500974,Williams Companies,Energy,SP500,71.11000061035156,,0.002961905217957028,0.009248828060199887,-0.05593260957598589,-0.030951842292845533,0.7992202729044834,0.3742690058479532,0.2982456140350877,0.24366471734892786,,,False,,False,,,,-0.011177426744145458,False,522.828213009301,False,False,1.0405905041812948,1.2418281267892561,,False,0.7155379241300188
IBKR,267,0.487719298245614,Interactive Brokers,Financials,SP500,91.55999755859375,,0.0555683630796755,-0.015122093014667493,-0.012362430942863933,0.38741238174259274,0.7368421052631579,0.49902534113060426,0.9044834307992202,-0.21247563352826515,,,False,,False,,,,0.008322500326041649,False,389.85506039811736,False,False,0.9914183028196215,1.0529350717375583,,False,0.9296810818604619
GL,268,0.4875243664717349,Globe Life,Financials,SP500,168.75,,-0.02445366997350218,-0.025298935824424107,-0.03746808988957673,0.22281216058564768,0.6920077972709552,0.4269005847953216,0.7953216374269005,-0.17738791423001948,,,False,,False,,,,-0.017091121750209104,False,97.57121127341135,False,False,0.7015194218188868,0.8115544885471824,,False,0.8302917326871097
ABNB,269,0.48752436647173486,Airbnb,Consumer Discretionary,SP500,149.5800018310547,,-0.10703834555405911,-0.21360603253609156,0.03587263264210172,0.15061539870042062,0.025341130604288498,0.6374269005847953,0.672514619883041,-0.3391812865497076,,,False,,False,,,,-0.09183624305088944,False,825.5431859846466,False,False,0.5758448750046332,1.5253570265813878,,False,2.9436690307162316
HAL,270,0.4848927875243664,Halliburton,Energy,SP500,33.0099983215332,,-0.04346566424096421,-0.04235649606340608,-0.021734687071469194,-0.12610128910914442,0.5828460038986355,0.4697855750487329,0.1442495126705653,0.40545808966861596,,,False,,False,,,,-0.03743427412616329,False,393.4155792996854,False,False,0.846221552038377,1.0309633885568301,,False,0.5372036167201004
HSIC,271,0.4847953216374269,Henry Schein,Health Care,SP500,85.05000305175781,,-0.0198224462124148,-0.049826823573132395,0.026925903950141494,0.14901387339801508,0.5282651072124757,0.6081871345029239,0.6705653021442495,-0.23196881091617938,,,False,,False,,,,-0.014220172048491797,False,104.4973816654283,False,False,0.8434847654187465,1.3597884774620033,,False,0.93430771300647
GEV,272,0.4846003898635478,GE Vernova,Industrials,SP500,951.8200073242188,,0.028894463990288166,0.01031741003096398,-0.10006147085230155,0.04716943756461456,0.8089668615984406,0.2378167641325536,0.4834307992202729,0.11306042884990253,,,False,,False,,,,0.017848724075574474,False,2378.899128222532,False,False,0.8839193152975243,1.1909388933257654,,False,0.6878634040086427
ON,273,0.4844054580896686,ON Semiconductor,Information Technology,SP500,74.0999984741211,,0.11261261519269095,0.03016819351784661,-0.3597719039070688,0.18864289850414795,0.8576998050682261,0.001949317738791423,0.7387914230019493,-0.001949317738791423,,,False,,False,,,,0.03335086286653488,False,758.3522782427418,False,False,0.7392336714098088,1.5040288253421752,,False,0.9417747522589146
TER,274,0.4842105263157894,Teradyne,Information Technology,SP500,389.1400146484375,,0.14067132232315038,0.06683883775479704,-0.08874185626288356,0.216456748965548,0.9103313840155945,0.26705653021442494,0.7914230019493177,-0.10721247563352826,,,False,,False,,,,0.0581778538732165,False,1107.936725855115,False,False,0.7577980479033477,1.004542736759499,,False,0.656363053166539
ADSK,275,0.48362573099415207,Autodesk,Information Technology,SP500,217.14999389648438,,-0.014343441955097513,-0.1464900736604523,0.12740767981085788,-0.09290281778632126,0.07602339181286549,0.7816764132553606,0.19103313840155944,0.30604288499025345,,,False,,False,,,,-0.014438561882006873,False,512.8713351918124,False,False,1.2925611355291233,1.0757046122349445,,False,0.6696761669068586
MAR,276,0.4810916179337231,Marriott International,Consumer Discretionary,SP500,351.6600036621094,,0.049825364601559174,-0.023709073446708695,-0.08130500476600344,0.08874825170662626,0.7056530214424951,0.2826510721247563,0.5633528265107213,0.005847953216374269,,,False,,False,,,,0.030895192125707904,False,570.4844859005052,False,False,0.798802247357955,1.2441974758610967,,False,1.019316310237745
RDDT,277,0.48060428849902537,Reddit,Communication Services,SP500,151.97999572753906,,-0.035659962933536904,-0.004715135789735259,-0.05438032246628821,0.11651484851066507,0.7621832358674464,0.37816764132553604,0.6237816764132553,-0.16374269005847952,,,False,,False,,,,-0.017587735109075298,False,1034.823924134484,False,False,0.6609695458379083,1.1493444414742593,,False,0.7131785044404193
RTX,278,0.48001949317738785,RTX Corporation,Industrials,SP500,192.19000244140625,,-0.02357363890912878,-0.08139756562438871,0.04197805150523637,-0.001898596303462563,0.29239766081871343,0.6530214424951267,0.36062378167641324,-0.14619883040935666,,,False,,False,,,,-0.016524682514636013,False,957.4183699887024,False,False,0.4759299669235682,1.1188281600318868,,False,0.9198041852163041
STE,279,0.4790448343079922,Steris,Health Care,SP500,209.97999572753906,,0.0003811426078179636,-0.11455544519244998,0.0166562830858894,-0.047276284808904445,0.1539961013645224,0.5730994152046783,0.2729044834307992,-0.013645224171540016,,,False,,False,,,,-0.004622993978894541,False,157.05442835808577,False,False,0.5939753676814034,1.3646209570155041,,False,0.7538222643477158
SW,280,0.4783625730994152,Smurfit Westrock,Materials,SP500,46.4900016784668,,0.04284431962677915,-0.04518375457573698,0.007601653293242361,0.1904125833073671,0.5614035087719298,0.5555555555555556,0.7407407407407407,-0.3586744639376218,,,False,,False,,,,0.030910337287067158,False,221.55329904624006,False,False,0.714596248694382,1.1392652453347787,,False,0.9561913482726005
AMCR,281,0.4780701754385965,Amcor,Materials,SP500,42.79999923706055,,0.019775982659442803,-0.09382296464259965,0.040876124496980415,0.12798757136532002,0.2378167641325536,0.6491228070175439,0.6432748538011696,-0.25536062378167634,,,False,,False,,,,0.0023541827486148748,False,165.5987560235549,False,False,0.5973595846074309,1.00489818682218,,False,0.7139618940910637
WTW,282,0.47787524366471734,Willis Towers Watson,Financials,SP500,298.989990234375,,-0.04448567723889607,-0.14756952178367788,0.14752695527102855,0.026301928931032448,0.07017543859649122,0.8167641325536062,0.4346978557504873,-0.1364522417153996,,,False,,False,,,,-0.041099293960114025,False,173.44894422607422,False,False,0.8355014296465171,1.4533005003007897,,False,0.9133450840072319
KKR,283,0.47632971317181844,KKR & Co.,Financials,SP500,97.20999908447266,-0.012494954555346771,0.0038207637399223504,-0.09420425493011941,0.06430693048217506,0.07343344456179102,0.23586744639376217,0.6861598440545809,0.5341130604288499,-0.01949317738791423,-0.31523696766517006,0.16339829117579252,False,-0.06118567630228855,False,-0.06555514810566787,-0.06649202112212127,0.07015411125950632,-0.025209052984897062,False,445.6320489451599,False,False,0.7631037655331963,0.8832169348728786,-0.009955336576885188,False,0.9767697048383245
COST,284,0.47514619883040937,Costco,Consumer Staples,SP500,904.7000122070312,,0.012263098991220023,-0.06866379506966136,-0.05717633994663229,-0.06815095489253908,0.3996101364522417,0.3684210526315789,0.23391812865497075,0.17738791423001948,,,False,,False,,,,0.0011390811314815341,False,1856.8706737029406,False,False,0.7358174049439803,1.3746788122827107,,False,1.1452664653261502
DD,285,0.47495126705653024,DuPont,Industrials,SP500,130.8800048828125,,0.02594657988482041,-0.038151640379242235,-0.04617758872869926,-0.029506235027944805,0.6140350877192983,0.41325536062378165,0.3001949317738791,0.2202729044834308,,,False,,False,,,,0.011366533617749086,False,194.72615865305687,False,False,0.8464765499496226,0.8616715078464279,,False,0.4805911355378322
CHD,286,0.47485380116959064,Church & Dwight,Consumer Staples,SP500,96.0199966430664,,0.005339697366025575,-0.06349363321698376,-0.023889912785135636,0.029372642552258466,0.4444444444444444,0.4619883040935672,0.4405458089668616,-0.056530214424951264,,,False,,False,,,,0.0040107676990461805,False,180.81543680633234,False,False,0.5236497990557603,0.9484882200773275,,False,0.6231254036676006
C,287,0.47475633528265104,Citigroup,Financials,SP500,131.92999267578125,,-0.007672089476301602,0.0015942260334955716,-0.07653209881923095,0.17133822515143038,0.7719298245614035,0.30409356725146197,0.7095516569200779,-0.18323586744639375,,,False,,False,,,,-0.015397655790184928,False,1328.1703702682182,False,False,0.6954776219330301,1.2844140719066273,,False,0.8384336984529267
JKHY,288,0.4738791423001949,Jack Henry & Associates,Financials,SP500,148.3300018310547,,-0.06698952184359352,-0.1269171581466524,0.16249684814325827,-0.05873670862493974,0.10721247563352826,0.8421052631578947,0.24561403508771928,-0.015594541910331383,,,False,,False,,,,-0.044931061191531674,False,157.40881157366692,False,False,0.979740320116635,1.4087303452772457,,False,0.8484165173448227
AEP,289,0.4712475633528265,American Electric Power,Utilities,SP500,118.4000015258789,,-0.01897423870414716,-0.02934908782203438,-0.11602381615029278,-0.06701979287486803,0.6666666666666666,0.19298245614035087,0.24171539961013644,0.01949317738791423,,,False,,False,,,,-0.019567999057657937,False,474.38149511782586,False,False,0.5351105270529972,1.6718272398765708,,False,1.4572904913602116
EME,290,0.46929824561403505,Emcor,Industrials,SP500,751.7999877929688,,0.01668780657998692,-0.01712646908480464,-0.11211640679608625,-0.011437636777644644,0.7270955165692008,0.21052631578947367,0.33723196881091616,0.09161793372319688,,,False,,False,,,,0.0026946662132412147,False,320.1171814918985,False,False,0.683332461284482,1.1550997804390242,,False,0.5217450440341392
LYV,291,0.4688109161793372,Live Nation Entertainment,Communication Services,SP500,169.02999877929688,,-0.01227140795650461,-0.0842949123316048,-0.014229908578968664,0.10694172991103446,0.2807017543859649,0.4873294346978557,0.6081871345029239,-0.13450292397660824,,,False,,False,,,,-0.006013025414060347,False,348.85767142872714,False,False,0.6831639851404392,1.2598314914104387,,False,1.0664758854262386
URI,292,0.46842105263157885,United Rentals,Industrials,SP500,1031.989990234375,,0.025580114518633623,-0.04759317949233277,-0.046090506097517636,0.387052028261593,0.5497076023391813,0.4152046783625731,0.9005847953216374,-0.32358674463937626,,,False,,False,,,,0.015917350194708524,False,499.38368263612085,False,False,0.7183586691014003,1.0418724805541362,,False,0.8682364642040795
SHW,293,0.4673489278752437,Sherwin-Williams,Materials,SP500,326.4599914550781,,0.01555403513005671,-0.05846052804482871,-0.01775713900986986,0.045785673121620185,0.48148148148148145,0.48148148148148145,0.4775828460038986,-0.17543859649122812,,,False,,False,,,,0.007227508669335414,False,619.9809514560621,False,False,0.5049254668109723,1.1098829319273724,,False,1.2449245196500662
DRI,294,0.4666666666666667,Darden Restaurants,Consumer Discretionary,SP500,213.69000244140625,,0.026960787009731257,-0.052624557748117695,0.00922139328651439,0.08256895059659852,0.5185185185185185,0.5594541910331384,0.5477582846003899,-0.06822612085769975,,,False,,False,,,,0.010492691850175317,False,244.16965491448227,False,False,1.1299849154187371,1.3356815955225745,,False,1.6312964976231588
L,295,0.4662768031189084,Loews Corporation,Financials,SP500,105.04000091552734,,-0.034470079680500976,-0.057514546507270614,-0.06094639242198541,-0.018484102287567916,0.48927875243664715,0.3567251461988304,0.31189083820662766,-0.037037037037037035,,,False,,False,,,,-0.023253055163044656,False,89.33864597401522,False,False,0.6138422677468048,1.8735996560066144,,False,1.5400215777440982
BX,296,0.4649122807017544,Blackstone Inc.,Financials,SP500,119.2699966430664,,-0.03385986560152199,-0.16966028160773083,0.06634799601671926,0.1261629413068166,0.04678362573099415,0.6920077972709552,0.6354775828460039,-0.16764132553606237,,,False,,False,,,,-0.05074664535784024,False,568.3279968629954,False,False,0.7169554828403987,1.0401918155698833,,False,1.345075097642099
SNA,297,0.4639376218323587,Snap-on,Industrials,SP500,370.25,,-0.00731945655508115,-0.06144640126349843,-0.049963857858607685,0.03307762026421912,0.46393762183235865,0.3996101364522417,0.44639376218323584,-0.15204678362573104,,,False,,False,,,,-0.008774885437187185,False,130.68087047274844,False,False,0.5279176011838894,1.3691732806275285,,False,0.6163559794768686
MKC,298,0.4636452241715399,McCormick & Company,Consumer Staples,SP500,49.09000015258789,,-0.019376771755756694,-0.12651246465890054,0.040647915408680735,-0.04094463530680992,0.10916179337231968,0.6471734892787524,0.28460038986354774,-0.15594541910331383,,,False,,False,,,,-0.01648781809913602,False,156.1583000965897,False,False,0.5397627426510139,1.5855943984636562,,False,0.8984718732895689
COHR,299,0.46315789473684205,Coherent Corp.,Information Technology,SP500,300.6000061035156,-0.031540990634027044,0.03680203392984693,0.09114674492448205,-0.23414011183817673,0.10380795698290934,0.9376218323586745,0.04873294346978557,0.6062378167641326,0.02729044834307992,-0.2958373450101127,1.822005403462264,False,0.034575341041053864,True,0.01360648272101228,0.05450376031865489,-0.013423831588454171,-0.0017828640656897266,True,1972.8050264887086,True,True,0.6878836528271555,1.1445279509212345,0.005573569983265969,False,0.8776630371050016
WSM,300,0.4628654970760234,"Williams-Sonoma, Inc.",Consumer Discretionary,SP500,227.8300018310547,,0.044133845176435926,-0.04180511529122899,-0.02999788407828352,0.2673340532770212,0.5886939571150097,0.4444444444444444,0.834307992202729,-0.42690058479532167,,,False,,False,,,,0.011527331773341531,False,250.77115994091423,False,False,0.8400880916450778,1.3835989354508467,,False,1.0137995284812533
DOW,301,0.4616959064327486,Dow Inc.,Materials,SP500,28.649999618530273,,-0.04753990388307139,-0.0781655379743903,-0.013530417300934405,-0.2357821819736623,0.32748538011695905,0.49317738791423,0.050682261208576995,0.39766081871345027,,,False,,False,,,,-0.015709399179996808,False,274.32152694694753,False,False,0.7607136868535643,1.0624969513111868,,False,0.8633033929250497
UNH,302,0.4613060428849902,UnitedHealth Group,Health Care,SP500,371.2900085449219,,-0.010579334641020344,-0.06315516560837087,-0.07940790304025247,0.37986607856769394,0.4502923976608187,0.28654970760233917,0.8947368421052632,-0.1364522417153996,,,False,,False,,,,-0.018161510404798298,False,2012.4810817814418,False,False,0.791856436207729,1.1454204652024593,,False,0.7644334510199281
GWW,303,0.4607212475633528,W. W. Grainger,Industrials,SP500,1270.6700439453125,,0.009862853530566484,-0.03875480711293422,-0.05170560056321938,0.1974154634607146,0.6042884990253411,0.3937621832358674,0.7602339181286549,-0.10331384015594541,,,False,,False,,,,-0.002698407378520229,False,345.97736053441884,False,False,0.9035353961902585,1.0671756941637387,,False,1.2086750628938165
REG,304,0.4605263157894737,Regency Centers,Real Estate,SP500,72.7300033569336,,-0.007234490360938262,-0.042032671633601804,-0.0801738170569204,-0.005625859971433611,0.5867446393762183,0.28460038986354774,0.3489278752436647,-0.001949317738791423,,,False,,False,,,,-0.009886984066174165,False,102.55555691008276,False,False,0.6454889920565006,1.2906166827762175,,False,1.2770837157573074
BXP,305,0.46023391812865494,"BXP, Inc.",Real Estate,SP500,62.36000061035156,,-0.02623360838785438,-0.10901553773825234,-0.017497562270290867,0.20757319988689038,0.17348927875243664,0.4834307992202729,0.783625730994152,-0.29824561403508776,,,False,,False,,,,-0.02480847352153792,False,95.41712357100663,False,False,0.7258740470170438,1.5849851284009073,,False,0.9856198626740638
HST,306,0.4591617933723197,Host Hotels & Resorts,Real Estate,SP500,22.149999618530273,,0.017922765879882396,-0.04484695522106452,-0.06431720936715801,0.22531781507490778,0.5653021442495126,0.3489278752436647,0.8031189083820662,-0.18713450292397665,,,False,,False,,,,0.0024338509627985783,False,212.02986971885136,False,False,0.7717037722021248,1.1808027247589763,,False,0.7889082761265862
SCHW,307,0.45698969646338067,Charles Schwab Corporation,Financials,SP500,99.5,-0.008470338685060308,-0.053822779241198826,-0.12450507114737563,0.09191531502174932,0.046699556983151425,0.11695906432748537,0.732943469785575,0.47953216374269003,-0.16374269005847952,-0.12450507114737563,0.1691873454487165,False,-0.06942814308171352,False,-0.06709545119244698,0.018158593273972512,0.071921024801743,-0.04477037997041011,False,865.6635825116119,False,True,1.3035341363869446,1.4417186564695457,-0.003487777572924955,False,1.346370943427188
DAL,308,0.45633528265107215,Delta Air Lines,Industrials,SP500,81.75,,0.04982659710498427,-0.008850670795616855,-0.09595312751531082,0.23284733033549476,0.746588693957115,0.24366471734892786,0.8109161793372319,-0.3138401559454191,,,False,,False,,,,0.017539337036500013,False,483.6151091776634,False,False,0.7903518298760347,2.022141118964097,,False,1.1466942483692377
CAT,309,0.4563352826510721,Caterpillar Inc.,Industrials,SP500,812.02001953125,,0.03743362878783385,0.0012330151857138372,-0.18193330721662848,0.13737238887479242,0.7699805068226121,0.08966861598440545,0.6491228070175439,-0.06042884990253411,,,False,,False,,,,0.008204072134069262,False,2302.019670387984,False,False,0.5679855053289883,1.0750376611223385,,False,1.015766550975913
XYL,310,0.456140350877193,Xylem Inc.,Industrials,SP500,108.63999938964844,,0.012771537144171008,-0.044898867547804144,-0.026656172896215025,-0.09106662607859406,0.5633528265107213,0.45614035087719296,0.1949317738791423,0.017543859649122806,,,False,,False,,,,0.007295467282399715,False,246.9800227435832,False,False,0.7287646728813941,1.2416097048139467,,False,0.8705352464765795
IDXX,311,0.45506822612085773,Idexx Laboratories,Health Care,SP500,522.02001953125,,0.016354551018104235,-0.06700503937378943,-0.049420851738111615,-0.0845127244075643,0.41325536062378165,0.4015594541910331,0.2124756335282651,0.07407407407407407,,,False,,False,,,,0.01044594347464245,False,312.4344840602953,False,False,0.6603921980125713,1.0866675557125403,,False,0.6337061894108874
AZO,312,0.4536062378167641,AutoZone,Consumer Discretionary,SP500,2843.340087890625,,-0.00200065674533334,-0.05519294511589756,-0.07916066614239992,-0.1501864963058649,0.49902534113060426,0.2884990253411306,0.11500974658869395,0.19103313840155944,,,False,,False,,,,-0.007126248980161676,False,743.651242161093,False,False,0.7659773390133826,1.9771716687260195,,False,2.717210276506258
FIX,313,0.4508771929824561,Comfort Systems USA,Industrials,SP500,1625.9000244140625,,0.024285790418647313,0.010070313910050865,-0.16768125390597388,0.11348426882815388,0.8050682261208577,0.11306042884990253,0.6179337231968811,0.01949317738791423,,,False,,False,,,,0.006364524470544586,False,721.7290621938278,False,False,0.7846473309967096,0.9743830637145859,,False,0.546766021145882
CINF,314,0.4483430799220273,Cincinnati Financial,Financials,SP500,162.57000732421875,,-0.04801778264969303,-0.05046433649224691,-0.08898845556511437,0.032798079227224,0.5224171539961013,0.2631578947368421,0.4444444444444444,-0.12280701754385964,,,False,,False,,,,-0.03215083945488739,False,114.8173281906128,False,False,0.574963925170428,1.7388719663506875,,False,1.2255627115148446
BF-B,315,0.44600389863547757,Brown–Forman,Consumer Staples,SP500,26.290000915527344,,0.02136756601786427,-0.07778465433480686,-0.046270065577386665,0.1730184344778367,0.3333333333333333,0.41130604288499023,0.7134502923976608,-0.18713450292397665,,,False,,False,,,,0.0008911541207501372,False,64.20300848252433,False,False,0.8383200136230635,1.5897535105911,,False,0.806891276913075
HIG,316,0.4441520467836257,Hartford (The),Financials,SP500,126.58999633789062,,-0.06187939789864294,-0.08515392935897381,-0.039107466541577596,-0.05658219742538273,0.27680311890838205,0.42300194931773877,0.25146198830409355,0.023391812865497075,,,False,,False,,,,-0.04380853760527914,False,218.52859198088353,False,False,0.760757929683421,1.5527064536280326,,False,1.1199059062877488
EVRG,317,0.4435672514619883,Evergy,Utilities,SP500,78.41999816894531,,-0.024505550885186245,-0.036490984678405836,-0.07859716678471063,-0.002411023507721821,0.6296296296296297,0.29239766081871343,0.3586744639376218,0.017543859649122806,,,False,,False,,,,-0.01929284136089693,False,167.3598307839063,False,False,0.7885339831610051,1.2399164077400093,,False,1.1710741313206334
KLAC,318,0.44298245614035087,KLA Corporation,Information Technology,SP500,187.86000061035156,,0.12249043932383952,0.034642248347223736,-0.21792940855417353,0.20235966000769956,0.8596491228070176,0.05847953216374269,0.7699805068226121,-0.18128654970760233,,,False,,False,,,,0.05012244904128993,False,2020.1791120799162,False,False,0.6140374410121996,1.1416267116867236,,False,0.8337465677261985
SPG,319,0.44171539961013645,Simon Property Group,Real Estate,SP500,204.16000366210938,,0.006011634995694681,-0.06514159372046657,-0.07111728862217381,0.17022002340119946,0.4249512670565302,0.3255360623781676,0.7056530214424951,-0.2417153996101365,,,False,,False,,,,-0.004649590657990199,False,286.3227139902232,False,False,0.6313946785435477,1.2239062128285378,,False,0.7921552590305347
PEP,320,0.4408382066276803,PepsiCo,Consumer Staples,SP500,130.17999267578125,,-0.03096623325525616,-0.09054620574468553,-0.07520431684544227,-0.1171063899365472,0.2553606237816764,0.30994152046783624,0.15204678362573099,0.04873294346978557,,,False,,False,,,,-0.02002487173009937,False,1080.5973695802338,False,False,0.6033670145668246,1.7172910206563181,,False,1.033461203201615
ORCL,321,0.4400445558340295,Oracle Corporation,Information Technology,SP500,144.55999755859375,-0.031099192255734875,0.009779225067559238,0.014812219414214622,-0.07914099540692376,-0.01033674869181922,0.8206627680311891,0.290448343079922,0.3391812865497076,0.26705653021442494,-0.5336921168687982,0.25715279801862656,False,-0.03525691871390635,False,0.019130535317174235,-0.1217379123371547,-0.018771427853665923,-0.02187157461219391,False,4371.944458739594,True,False,0.8137720357682511,0.9243865785782016,-0.006032130796869817,False,0.7150350386873514
GD,322,0.4399610136452242,General Dynamics,Industrials,SP500,343.3299865722656,,-0.04630559285481772,-0.10537562498136244,0.0015131877813692185,0.0006144977714783728,0.18908382066276802,0.530214424951267,0.3664717348927875,-0.1228070175438597,,,False,,False,,,,-0.029848937577333645,False,399.79821657129406,False,False,0.6425068650644201,1.3691543579596517,,False,1.0088937961598077
SNPS,323,0.439766081871345,Synopsys,Information Technology,SP500,413.05999755859375,,0.09139428812409256,0.047020322257448344,-0.10965015394626176,-0.006159466793391299,0.8752436647173489,0.21637426900584794,0.3469785575048733,0.18908382066276802,,,False,,False,,,,0.04353786163535611,False,765.2880980841188,False,False,1.9092915108811235,1.1213126490376426,,False,1.1026410171408094
BSX,324,0.437719298245614,Boston Scientific,Health Care,SP500,44.619998931884766,,0.016169416691867777,-0.0895735470311092,0.0035987370829251297,-0.34526782196855843,0.2631578947368421,0.5380116959064327,0.021442495126705652,0.46393762183235865,,,False,,False,,,,0.0065995477445564,False,969.8662845250499,False,False,1.3119938416846262,1.2691400436819436,,False,0.8928013847390349
RJF,325,0.43625730994152045,Raymond James Financial,Financials,SP500,158.22999572753906,,-0.03852470872283098,-0.10442606810664223,0.025867493842921974,0.09643303187955166,0.1949317738791423,0.6042884990253411,0.5867446393762183,-0.16959064327485385,,,False,,False,,,,-0.04621946523551779,False,206.90557007661158,False,False,1.0162060814601626,1.4792417324514615,,False,1.335065317362113
MRSH,326,0.4338206627680313,Marsh McLennan,Financials,SP500,170.3800048828125,,-0.03609408136622627,-0.12477522738276614,0.03244072308789914,-0.005051983382639569,0.11306042884990253,0.6276803118908382,0.35282651072124754,-0.19298245614035092,,,False,,False,,,,-0.03005773591336247,False,450.0556913221398,False,False,0.6831553140837824,1.6242793837106773,,False,1.0847345092144796
EW,327,0.4326510721247563,Edwards Lifesciences,Health Care,SP500,86.81999969482422,,-0.027553753563033245,-0.04066298679752245,-0.031675260442637576,0.0627983486363286,0.5964912280701754,0.4405458089668616,0.5185185185185185,-0.031189083820662766,,,False,,False,,,,-0.00887342962843074,False,337.6993279981652,False,False,1.0500030798335318,0.9797094236125083,,False,0.9321219057018292
GEHC,327,0.4326510721247563,GE HealthCare,Health Care,SP500,66.08999633789062,,0.04095124571883013,-0.10917921333016323,0.01922533656016623,-0.06765067677153735,0.17153996101364521,0.5886939571150097,0.2378167641325536,-0.1442495126705653,,,False,,False,,,,0.011864500720331517,False,272.87837340340906,False,False,0.43129435427517426,1.1611727147911521,,False,0.7491307334448619
EXE,329,0.4323586744639376,Expand Energy,Energy,SP500,87.04000091552734,,-0.01915705419389302,-0.09643933083091094,-0.011704988684230422,-0.19689575426778005,0.2300194931773879,0.5009746588693957,0.08187134502923976,0.19298245614035092,,,False,,False,,,,-0.035144496336844355,False,293.82900284493894,False,False,1.031135058501477,1.519601070594492,,False,1.3289752025369226
CMG,330,0.43159287106655525,Chipotle Mexican Grill,Consumer Discretionary,SP500,32.709999084472656,0.0024516706631552143,-0.028800511042574417,-0.13966336952546554,0.032186763434062904,-0.0015262283156981526,0.08187134502923976,0.6237816764132553,0.36257309941520466,-0.11306042884990253,-0.22780928675248235,0.16075226154148958,False,-0.08817218241769087,False,-0.062460615272361686,-0.06449978093931674,0.06662185748122673,-0.03553256094124746,False,563.3336217292938,False,False,0.6011453092254659,0.9121152262948011,-0.00398409634875152,False,1.1206423989214336
OTIS,331,0.43079922027290446,Otis Worldwide,Industrials,SP500,68.31999969482422,,-0.013429607294957124,-0.05360856927139124,-0.05364007430247897,-0.11334057789846552,0.5087719298245614,0.3820662768031189,0.15789473684210525,0.056530214424951264,,,False,,False,,,,-0.004467192333060255,False,284.79483229922863,False,False,0.9264969363949557,1.7530952077041253,,False,0.7788550208110061
TFC,332,0.42709551656920075,Truist Financial,Financials,SP500,47.0,,-0.029727470428023373,-0.07498526412742423,-0.04668027487013182,0.05841257116457377,0.3469785575048733,0.4074074074074074,0.5087719298245614,-0.08771929824561403,,,False,,False,,,,-0.03748078056719273,False,360.87160112264206,False,False,0.88823119696983,1.5320802846258894,,False,0.8838566603437624
TSCO,333,0.42651072124756334,Tractor Supply,Consumer Discretionary,SP500,32.290000915527344,,-0.014948074497153518,-0.1010578351464474,0.08160597844385808,-0.2794668792240068,0.20857699805068225,0.7134502923976608,0.03898635477582846,-0.015594541910331383,,,False,,False,,,,-0.017999950323988045,False,348.6031136937978,False,False,0.6861428215116008,1.0177955254216249,,False,0.9962777456709261
COF,334,0.4264132553606237,Capital One,Financials,SP500,196.10000610351562,,-0.03489343103844478,-0.09326304050715595,-0.018393310390292128,0.07039234251462223,0.24171539961013644,0.47953216374269003,0.530214424951267,-0.25536062378167645,,,False,,False,,,,-0.03807907046271819,False,779.6932888124115,False,False,0.6517450701911575,1.308648719541658,,False,1.341881337246316
CHRW,335,0.4262183235867446,C.H. Robinson,Industrials,SP500,149.6699981689453,,-0.024760559207223087,0.05218797195487834,-0.15210084433139626,-0.10856768167250352,0.8830409356725146,0.1267056530214425,0.16569200779727095,0.07212475633528265,,,False,,False,,,,-0.016338449098170615,False,294.61815670524135,False,False,0.5882231128207634,0.7938594045381797,,False,0.6881638090003191
PH,336,0.4254385964912281,Parker Hannifin,Industrials,SP500,971.2100219726562,,0.0570993436437075,-0.04049721214669133,0.012564931422503589,0.05492841746467092,0.5984405458089669,0.5672514619883041,0.5029239766081871,-0.2007797270955165,,,False,,False,,,,0.02230775485286851,False,631.1412344945791,False,False,0.9183746871817722,1.1231616178721255,,False,0.915599478239637
TKO,337,0.425243664717349,TKO Group Holdings,Communication Services,SP500,189.0800018310547,,-0.01740888100729099,-0.01843534839214589,-0.06710115704915842,-0.01491294435970536,0.7192982456140351,0.3391812865497076,0.3216374269005848,-0.01364522417153996,,,False,,False,,,,-0.004466955263734862,False,204.66180129920804,False,False,0.9916882011173648,1.423474944511002,,False,0.6744071655957083
Q,338,0.42407407407407405,Qnity Electronics,Information Technology,SP500,124.5,,0.08392825473117438,-0.013126710673343811,-0.21512707913504636,0.05328388285244756,0.7387914230019493,0.06042884990253411,0.49707602339181284,0.01949317738791423,,,False,,False,,,,0.029853995137747225,False,231.9477412344952,False,False,0.7148948899362167,1.0551066942834784,,False,0.5038440050046821
FRT,339,0.42348927875243664,Federal Realty Investment Trust,Real Estate,SP500,109.38999938964844,,-0.026952489135815272,-0.06933811011058333,-0.11410182947241543,0.08211644002016927,0.38596491228070173,0.19883040935672514,0.5458089668615984,-0.11306042884990253,,,False,,False,,,,-0.02412260950757683,False,98.98380986010493,False,False,0.6208610502553172,1.4428171847780749,,False,0.9266881744354211
USB,340,0.42319688109161785,U.S. Bancorp,Financials,SP500,58.47999954223633,,-0.020927507275738333,-0.0631207744679041,-0.01879079842731879,0.14287489656097874,0.4522417153996101,0.4775828460038986,0.6588693957115009,-0.24366471734892786,,,False,,False,,,,-0.033546190647271046,False,468.72707739827683,False,False,0.9330516258794781,1.2782707361036392,,False,1.0241623891919176
GIS,341,0.4231272626009468,General Mills,Consumer Staples,SP500,35.81999969482422,0.010437205188203347,-0.02689491012040912,-0.12463339937271911,0.047127552318194876,0.00693217725913442,0.11500974658869395,0.6686159844054581,0.38011695906432746,-0.2007797270955165,-0.2555537171225615,0.13273367598031705,False,-0.05562880077117016,False,-0.05185421509254129,-0.06691185621490625,0.054690128794489645,-0.013254756442941718,False,342.0963306071396,False,False,0.6938629376276668,1.2730189790526905,0.00818056161596803,False,1.7350435386206469
CDNS,342,0.4220272904483431,Cadence Design Systems,Information Technology,SP500,309.0899963378906,,0.10428725644131887,-0.021619450492350922,-0.17000536679974265,0.0871201054290418,0.7115009746588694,0.10721247563352826,0.557504873294347,0.037037037037037035,,,False,,False,,,,0.05565180117123414,False,793.7510873631692,False,False,1.0266986306828085,1.2209762711419805,,False,1.4698161347771113
IRM,343,0.42066276803118907,Iron Mountain,Real Estate,SP500,115.08999633789062,,0.026214844155247885,-0.042955263126340126,-0.11184429298805043,0.15953935964847954,0.5789473684210527,0.2124756335282651,0.682261208576998,-0.03313840155945419,,,False,,False,,,,0.005185416838747514,False,207.78928188868932,False,False,0.9868922281175523,1.1154631992379966,,False,1.043368592825713
CCEP,343,0.42066276803118907,Coca-Cola Europacific Partners,Consumer Staples,NDX,99.69000244140625,,-0.029592142667073773,-0.09471485692911064,0.009008090710100447,0.0921941105495463,0.23391812865497075,0.557504873294347,0.5750487329434698,-0.21247563352826515,,,False,,False,,,,-0.02006054215217634,False,198.01573287744327,False,False,0.9525217642795462,1.5371894764384721,,False,1.0818396239442765
HSY,345,0.4173489278752437,Hershey Company (The),Consumer Staples,SP500,168.4499969482422,,-0.013701015456861754,-0.11314101935843357,-0.07247335476031758,-0.20502000423142897,0.1617933723196881,0.31968810916179335,0.07407407407407407,0.031189083820662766,,,False,,False,,,,-0.011707420184167483,False,252.12034027080927,False,False,0.5184777293940978,1.444234194758372,,False,0.7460104965615447
IR,346,0.41734892787524364,Ingersoll Rand,Industrials,SP500,76.22000122070312,,0.06690927513919576,-0.047130850653191225,-0.02658339258259923,-0.08287009296693215,0.5536062378167641,0.4580896686159844,0.21442495126705652,-0.21052631578947373,,,False,,False,,,,0.03492136458795314,False,340.7054722529353,False,False,0.6227587229049213,1.6632343879623674,,False,2.069343770474844
DUK,347,0.4172514619883041,Duke Energy,Utilities,SP500,114.16999816894531,,-0.030485766832205607,-0.06395017605717501,-0.08975099507323481,-0.08801178208266325,0.4405458089668616,0.25925925925925924,0.20662768031189083,-0.021442495126705652,,,False,,False,,,,-0.027309021145532575,False,511.66260010137756,False,False,0.4946210641046774,1.2468618269145106,,False,0.9331088360615784
LRCX,348,0.41665274296853244,Lam Research,Information Technology,SP500,307.2799987792969,-0.010784554134683266,0.14254138342702127,-0.00826505621812168,-0.17927844457143727,0.28882564551515877,0.7524366471734892,0.09161793372319688,0.8499025341130604,-0.27485380116959063,-0.29013354141332004,1.4092663288915785,False,0.03605612210280773,True,0.00765125560932689,0.14248499628943456,-0.007593158413423673,0.03950496230331302,False,2921.2345763781127,True,True,0.6919863745839246,1.2669911698307312,-0.010076312119279396,False,0.9964107064302511
CCI,349,0.4160818713450292,Crown Castle,Real Estate,SP500,70.2300033569336,,-0.04083580734664205,-0.06739303504160221,-0.13256428859042246,-0.08280192391465935,0.40545808966861596,0.14814814814814814,0.21637426900584794,0.07992202729044834,,,False,,False,,,,-0.034839762934683605,False,266.105379284559,False,False,0.5763133076855987,1.181002803114216,,False,0.8133531508137296
TXT,349,0.4160818713450292,Textron,Industrials,SP500,76.80999755859375,,-0.048321169249389895,-0.06453907668154835,-0.11220935677320831,-0.15162519975609612,0.4327485380116959,0.20857699805068225,0.11306042884990253,0.10136452241715399,,,False,,False,,,,-0.03264745530098245,False,148.31109540053387,False,False,0.6524496178431672,1.3221102314108386,,False,1.305213661268087
XYZ,351,0.41520467836257313,"Block, Inc.",Financials,SP500,74.68000030517578,,-0.02544691397800114,-0.08232977604285663,-0.01321353060210817,0.2469527645058498,0.28654970760233917,0.49707602339181284,0.8226120857699805,-0.32943469785575047,,,False,,False,,,,-0.034245014943033,False,367.02671424096553,False,False,0.8870363376826434,0.9673967636926205,,False,1.135788637793596
OMC,352,0.4144249512670565,Omnicom Group,Communication Services,SP500,75.48999786376953,,-0.0386204540545666,-0.1424978238811837,0.03538200242201728,0.02243796475157489,0.07992202729044834,0.6335282651072125,0.42884990253411304,-0.19688109161793366,,,False,,False,,,,-0.02772980714823947,False,242.21007024047228,False,False,0.8881831527242893,2.1132397204244984,,False,0.9750728095052229
EXR,353,0.4136452241715399,Extra Space Storage,Real Estate,SP500,133.83999633789062,,-0.018984068584139036,-0.07409459578571465,-0.07161891419690936,0.05467416922208779,0.3508771929824561,0.3216374269005848,0.5009746588693957,-0.09746588693957114,,,False,,False,,,,-0.020034436301465064,False,178.65244049062923,False,False,0.827381175574226,1.6463047751072235,,False,1.9640703927000163
CVNA,354,0.4130604288499026,Carvana,Consumer Discretionary,SP500,63.95000076293945,,-0.02217126497108235,-0.11585788546900466,-0.05831251193672693,0.062398254038025014,0.14814814814814814,0.3645224171539961,0.5165692007797271,-0.12475633528265107,,,False,,False,,,,-0.04637322438493019,False,602.7693221933248,False,False,0.5468162372630642,0.9858329203471251,,False,0.9649168433828139
PNW,355,0.41023391812865495,Pinnacle West Capital,Utilities,SP500,92.05000305175781,,-0.03095057246161992,-0.05792647718501809,-0.11846835972799108,-0.042988117443019336,0.4873294346978557,0.18128654970760233,0.2807017543859649,-0.042884990253411304,,,False,,False,,,,-0.025573164702920925,False,112.5927147848791,False,False,0.538602992406005,1.3489616358741536,,False,1.0858294299473135
ALL,356,0.4087719298245614,Allstate,Financials,SP500,225.66000366210938,,-0.11453797034460256,-0.12910112384694128,-0.029720093560864025,0.0988032963681329,0.09941520467836257,0.44639376218323584,0.5964912280701754,-0.39571150097465885,,,False,,False,,,,-0.08154859522386615,False,445.6557759361111,False,False,0.6845874451612244,1.6849706471425248,,False,2.4434826269365764
INVH,357,0.4084795321637427,Invitation Homes,Real Estate,SP500,26.93000030517578,,-0.01029028991980585,-0.11588965480620561,-0.08214035733470182,0.10105010558139482,0.14619883040935672,0.2807017543859649,0.5984405458089669,-0.18323586744639375,,,False,,False,,,,-0.015272072230494205,False,126.39305277514165,False,False,0.6715507439399439,1.6741383521830882,,False,1.365442413420422
CBRE,358,0.4077972709551657,CBRE Group,Real Estate,SP500,136.41000366210938,,-0.015516699872740625,-0.1021522395962432,0.018441101804396842,0.02625643651249643,0.2046783625730994,0.5828460038986355,0.4327485380116959,-0.16179337231968804,,,False,,False,,,,-0.026041559135415948,False,245.8223435884748,False,False,1.0235270529087703,1.5697081663928363,,False,1.410183033771737
WFC,359,0.40740740740740733,Wells Fargo,Financials,SP500,81.9000015258789,,-0.059161416948105616,-0.03328611489839184,-0.022892064805098977,0.040586954486085736,0.6471734892787524,0.46588693957115007,0.46393762183235865,-0.15789473684210525,,,False,,False,,,,-0.050059073496921735,False,1212.8177932089202,False,False,0.9516928810222202,1.110121235326758,,False,1.0113581509251166
TT,360,0.40701754385964917,Trane Technologies,Industrials,SP500,437.0899963378906,,0.03654430831381106,-0.03275490008972426,-0.09319397444138688,0.021013645057418096,0.6530214424951267,0.24951267056530213,0.4249512670565302,-0.0935672514619883,,,False,,False,,,,0.009274614033285333,False,513.3381647475262,False,False,0.6921878507238984,1.1229360578184218,,False,0.910493541640592
NFLX,361,0.40639097744360897,Netflix,Communication Services,SP500,71.36000061035156,-0.011086516230013554,-0.06609086257984353,-0.10811150224881672,-0.006681455345312948,-0.21513416137831243,0.17738791423001948,0.5165692007797271,0.06237816764132553,0.3957115009746589,-0.42514198749488574,0.05562133463168473,False,-0.08121157073473995,False,-0.0565863012267076,-0.16030757990288858,0.05998036842191912,-0.03980272844983501,False,2778.9273594942015,False,False,1.0115946559083422,1.320711750281388,-0.0011086727687722453,False,0.8767023065123796
PODD,362,0.4060428849902534,Insulet Corporation,Health Care,SP500,136.49000549316406,,-0.029231866514469518,-0.06140828488669492,-0.08322137952239417,-0.3947228137775429,0.46588693957115007,0.27680311890838205,0.005847953216374269,0.09941520467836257,,,False,,False,,,,-0.02139592809613422,False,250.04616695067736,False,False,0.538842397097296,0.8931781979528096,,False,0.5954768996081614
GLW,363,0.40602896129211924,Corning Inc.,Information Technology,SP500,154.47999572753906,-0.03262575386194799,0.0715870685576443,0.06335199310732875,-0.24806454998294336,0.09152943485001708,0.9025341130604289,0.04093567251461988,0.571150097465887,0.015594541910331383,-0.39469325886618234,0.9902267765288515,False,0.010077306025517707,True,0.009503207387011603,0.04562529358391143,-0.009413746600775652,0.0032505898887489337,False,1680.4008218686217,True,True,0.7055074718602607,0.7946234920902555,0.0029432100539643624,False,0.4919778684337999
FITB,364,0.40555555555555556,Fifth Third Bancorp,Financials,SP500,51.689998626708984,,-0.013737859622197202,-0.058469996538283886,-0.05282520117347089,0.14213900993771023,0.47953216374269003,0.38596491228070173,0.6569200779727096,-0.24561403508771928,,,False,,False,,,,-0.028210452801062047,False,308.9720471130371,False,False,0.8961050855607086,1.267890172738303,,False,1.351993099669791
VICI,365,0.4036062378167642,Vici Properties,Real Estate,SP500,23.700000762939453,,-0.015371787975731688,-0.09809823360278214,-0.0960729640787672,-0.10041074949565809,0.2202729044834308,0.23976608187134502,0.17738791423001948,0.029239766081871343,,,False,,False,,,,-0.01769527174283625,False,243.491044647392,False,False,0.5925174271316705,1.3034489181221196,,False,1.2986989862871126
ED,366,0.4035087719298246,Consolidated Edison,Utilities,SP500,102.61000061035156,,-0.026655260931521485,-0.04734935026896958,-0.06564703637990676,-0.05061777302410897,0.5516569200779727,0.341130604288499,0.26120857699805067,0.011695906432748537,,,False,,False,,,,-0.023316056744361213,False,233.94987646271062,False,False,0.8248436579577241,1.0246977187977135,,False,0.8594113448932121
DG,367,0.4033138401559454,Dollar General,Consumer Staples,SP500,120.5999984741211,,-0.01959193252789604,-0.03774039166862586,0.01716112561756833,0.03316844677568587,0.6179337231968811,0.5769980506822612,0.44834307992202727,-0.23976608187134507,,,False,,False,,,,-0.023141718680457224,False,300.1667413284613,False,False,1.0608476489420053,1.138648903716292,,False,0.6622788685725219
INTU,368,0.40126705653021444,Intuit,Information Technology,SP500,286.79998779296875,,-0.09848180495072945,-0.2246972929757517,0.09849923724600629,-0.3318056642210878,0.017543859649122806,0.7426900584795322,0.023391812865497075,-0.007797270955165692,,,False,,False,,,,-0.07524467576980132,False,1262.9528205919537,False,False,0.8335148385192171,1.1764283544838696,,False,0.8760987753757162
NI,369,0.4008771929824561,NiSource,Utilities,SP500,39.25,,-0.03467781241277723,-0.038697079603189244,-0.170417604592637,-0.1295844290208118,0.6081871345029239,0.10526315789473684,0.1364522417153996,0.023391812865497075,,,False,,False,,,,-0.03055866231748472,False,238.0780575422248,False,False,0.6007192964532745,1.374917383585962,,False,1.5303400724587461
NVR,370,0.39961013645224175,"NVR, Inc.",Consumer Discretionary,SP500,6241.60986328125,,0.008919471477431218,-0.024381053533954145,-0.07734417698615281,-0.039742013454621694,0.6978557504873294,0.30214424951267055,0.290448343079922,-0.18908382066276802,,,False,,False,,,,0.0038212790715912437,False,233.69966729611767,False,False,0.672179039094817,1.5417033693019158,,False,0.9033383158943697
CSGP,371,0.3988304093567252,CoStar Group,Real Estate,SP500,28.260000228881836,,-0.06916997164860761,-0.13946406523829258,-0.051995949843320344,-0.31837914006453516,0.08382066276803118,0.3898635477582846,0.029239766081871343,0.13840155945419103,,,False,,False,,,,-0.04514917399511276,False,218.64320007049406,False,False,0.6860817389818775,1.2096163716955006,,False,0.770365234421622
ALNY,372,0.39785575048732946,Alnylam Pharmaceuticals,Health Care,NDX,246.50999450683594,,0.029871297953928844,0.04448964130498245,-0.16170170525245653,-0.199772750283282,0.8732943469785575,0.1189083820662768,0.07992202729044834,0.08187134502923976,,,False,,False,,,,0.004271350029470877,False,448.78846149014845,False,False,0.6446239379791743,0.8494535726482753,,False,0.7904817691179561
AEE,373,0.39717348927875246,Ameren,Utilities,SP500,99.73999786376953,,-0.03202642684818269,-0.06263932024233632,-0.11359356406944454,-0.060677663814237004,0.4580896686159844,0.2046783625730994,0.24366471734892786,-0.05263157894736842,,,False,,False,,,,-0.028099052823987614,False,160.38832654736578,False,False,0.5431731750998734,1.307456241371274,,False,0.9301621425013673
HUBB,374,0.39690893901420216,Hubbell Incorporated,Industrials,SP500,463.70001220703125,0.010614009060627483,0.05609584911734866,-0.0034773471371748466,-0.10236418540782832,-0.07730160373608963,0.7641325536062378,0.23586744639376217,0.2300194931773879,-0.06237816764132553,-0.1636913617470357,0.15219351332939124,False,0.020465719476787658,True,-0.0218298246105465,-0.04298876255816131,0.022317000824376043,0.02115957905016197,False,253.52066735658752,False,False,0.7109067269473901,1.0995277689618546,-0.008696010180552105,False,1.1384026087204702
MAS,375,0.3964912280701755,Masco,Industrials,SP500,68.16000366210938,,-0.0017573977641002214,-0.06897958592427234,-0.12288396557342329,0.1394187577575745,0.39766081871345027,0.17543859649122806,0.6530214424951267,-0.3937621832358674,,,False,,False,,,,-0.006761943475487087,False,180.42167396828788,False,False,0.560587225545116,1.3750565489259232,,False,0.8519053326089931
FISV,376,0.3963937621832358,Fiserv,Financials,SP500,45.95000076293945,,-0.07077856311426167,-0.13236401893346073,-0.046482629748987536,-0.18441603410558727,0.09161793372319688,0.4093567251461988,0.09161793372319688,0.253411306042885,,,False,,False,,,,-0.04905796352397407,False,381.1923104184754,False,False,0.8287438376106261,1.0581582910964737,,False,0.7668734283412693
MS,377,0.3957115009746589,Morgan Stanley,Financials,SP500,198.38999938964844,,-0.019909094040863162,-0.07329036952170953,-0.0926858193051685,0.20910428529075564,0.3586744639376218,0.253411306042885,0.7855750487329435,-0.2729044834307992,,,False,,False,,,,-0.032407643210215165,False,1062.2125009789916,False,False,0.6992653901613257,1.0329868561409532,,False,0.8521153700560684
DPZ,378,0.39385964912280697,Domino's,Consumer Discretionary,SP500,296.42999267578125,,-0.016163276848633057,-0.14540216146849017,0.03700440011295214,-0.16657739055138665,0.07797270955165692,0.6413255360623782,0.09941520467836257,0.03898635477582846,,,False,,False,,,,-0.02782344543114601,False,298.2296241104437,False,False,1.1032454676570063,1.1665191609372936,,False,0.9677766283716966
FTV,379,0.3935672514619884,Fortive,Industrials,SP500,56.2599983215332,,0.017359839018393552,-0.06833456370119584,-0.06725468542864055,0.027029524567246277,0.40350877192982454,0.33723196881091616,0.43664717348927873,-0.04678362573099415,,,False,,False,,,,0.009684193621391168,False,147.80993298778142,False,False,0.8273722772786032,1.0432161234991424,,False,0.651999066124976
BAC,380,0.392801448064606,Bank of America,Financials,SP500,56.0,-0.0035587323883337074,-0.03281522410719939,-0.09697232379872311,-0.025017879021982936,0.17528385623362874,0.22612085769980506,0.4600389863547758,0.7173489278752436,-0.38596491228070173,-0.13152725708751722,0.2110051843664862,False,-0.07363784426331743,False,-0.08960765159454587,0.022627096729502805,0.09842750958033974,-0.037396582833524206,False,2027.159311902237,False,True,1.33960096055854,1.232799523678653,-0.004982252494537098,False,1.0988344317984526
ATO,381,0.3923976608187134,Atmos Energy,Utilities,SP500,156.24000549316406,,-0.035317368384706116,-0.06900251058077234,-0.08927475038617128,-0.12942088416535502,0.39571150097465885,0.26120857699805067,0.13840155945419103,0.05263157894736842,,,False,,False,,,,-0.028397280391758373,False,172.1325325973511,False,False,0.7861167353784938,1.3798482766357238,,False,1.0476933287084285
AMAT,382,0.38586744639376225,Applied Materials,Information Technology,SP500,474.3800048828125,0.004063864586334898,0.14203861357420222,-0.020260636339307525,-0.1936986377541451,0.2713645822138493,0.7153996101364523,0.07992202729044834,0.8362573099415205,-0.5653021442495128,-0.343171149040322,1.389798534602841,False,0.049622424033790136,True,-0.0388902817730884,0.1333181615064274,0.04046393563144335,0.04499709781162786,False,3584.620000711975,False,True,0.5860794006784763,1.135072983884882,-0.0026033537040076604,False,0.6296033290330942
ZBH,383,0.384990253411306,Zimmer Biomet,Health Care,SP500,90.87999725341797,,-0.060963025421540196,-0.10001986301996024,0.00620023513268908,0.05849093489277646,0.2124756335282651,0.5477582846003899,0.5107212475633528,-0.24951267056530213,,,False,,False,,,,-0.038341151703773724,False,209.69423439296799,False,False,0.9004629808115491,1.2274550703784508,,False,1.3586545525056772
D,384,0.3838206627680312,Dominion Energy,Utilities,SP500,61.16999816894531,,-0.03684459477925239,-0.07239200007959845,-0.10788379942124693,0.03545158172693297,0.36257309941520466,0.22612085769980506,0.45419103313840153,-0.08966861598440545,,,False,,False,,,,-0.03481965404689347,False,269.16032802788874,False,False,0.7597442189056416,1.3668255030168388,,False,1.2165293311278713
PPG,384,0.3838206627680312,PPG Industries,Materials,SP500,107.19999694824219,,0.021146823397981684,-0.05325449288986672,-0.10839207143920926,0.04979686823840512,0.5107212475633528,0.22417153996101363,0.48927875243664715,-0.25925925925925924,,,False,,False,,,,0.008789417934290888,False,186.25088010367568,False,False,0.632641115841962,1.3044582732082732,,False,1.0044771641266148
VMRK,386,0.3830409356725146,Vivmark Residential,Real Estate,SP500,61.290000915527344,,-0.026988422251790434,-0.10052830254591572,-0.06483457319284247,0.06829113775078088,0.21052631578947367,0.34307992202729043,0.5282651072124757,-0.10136452241715399,,,False,,False,,,,-0.026193827105136736,False,334.5913581338532,False,False,1.014602838041356,1.5144215063765187,,False,1.2273499686607532
CPRT,387,0.382261208576998,Copart,Industrials,SP500,28.8700008392334,,-0.06327056699868483,-0.1319903097967876,-0.050328907845257564,-0.12088913809099489,0.0935672514619883,0.39766081871345027,0.14814814814814814,0.10331384015594541,,,False,,False,,,,-0.03861518852265944,False,338.2309641998992,False,False,0.9663119144073471,1.2817164695985461,,False,0.9938229874489596
UDR,388,0.3821637426900585,"UDR, Inc.",Real Estate,SP500,33.790000915527344,,-0.01773257509574999,-0.11619962023261576,-0.10962668303636447,0.014661762268336487,0.1442495126705653,0.21832358674463936,0.40545808966861596,-0.15204678362573099,,,False,,False,,,,-0.019405212211562883,False,128.8476899483661,False,False,0.5277276953849972,1.4276405053654824,,False,1.5218285677647936
ETR,389,0.3818713450292398,Entergy,Utilities,SP500,99.2300033569336,,-0.03019933881066006,-0.06200961812857786,-0.12963325316884822,-0.020999220564452803,0.4619883040935672,0.15204678362573099,0.3079922027290448,-0.042884990253411304,,,False,,False,,,,-0.03182143021125383,False,280.46977310288094,False,False,0.6723205140291962,1.3650563545471726,,False,1.0694832413205846
BALL,390,0.3796296296296296,Ball Corporation,Materials,SP500,58.81999969482422,,-0.03983021047278268,-0.08402024988000245,-0.032348068553739284,0.0017603705353888,0.2826510721247563,0.43859649122807015,0.3684210526315789,-0.2690058479532164,,,False,,False,,,,-0.02332318184830562,False,117.88373741990694,False,False,0.6494293039274315,1.2234751399841377,,False,1.1122958141978398
TMUS,391,0.3787524366471735,T-Mobile US,Communication Services,SP500,165.66000366210938,,-0.06013838179437514,-0.08763489845712924,-0.07839969277426151,-0.2070427572814144,0.26900584795321636,0.29434697855750486,0.07212475633528265,0.06432748538011696,,,False,,False,,,,-0.034913590211147705,False,850.5440917716202,False,False,0.8700550024748397,1.8187464075029702,,False,1.7211116913876099
ZTS,392,0.3752436647173489,Zoetis,Health Care,SP500,71.61000061035156,,-0.019041087529430678,-0.07204869367006417,-0.0775337005940755,-0.3752882100156316,0.3684210526315789,0.3001949317738791,0.009746588693957114,0.08771929824561403,,,False,,False,,,,-0.013239462686732373,False,431.4224752444676,False,False,0.6803905364141832,0.9439543628014797,,False,0.663077732206251
SO,393,0.37514619883040934,Southern Company,Utilities,SP500,83.47000122070312,,-0.032007445538485446,-0.07358487642285882,-0.12132762124835217,-0.0970838427097801,0.35282651072124754,0.17738791423001948,0.18323586744639375,-0.05458089668615984,,,False,,False,,,,-0.027728442501254946,False,515.6213015739909,False,False,0.5473231788144728,1.4841872347064604,,False,0.9873729565364253
LUV,394,0.3740740740740741,Southwest Airlines,Industrials,SP500,41.040000915527344,,0.04827584459732681,0.012827935640026933,-0.1905727336726465,0.03972578830450435,0.8187134502923976,0.08187134502923976,0.4619883040935672,-0.24951267056530213,,,False,,False,,,,0.017073320631067812,False,228.16495628992973,False,False,0.6956540857202651,1.6024762398107486,,False,1.066900813353676
AJG,395,0.3730019493177388,Arthur J. Gallagher & Co.,Financials,SP500,229.63999938964844,,-0.058003115351763945,-0.15344835500063114,0.04300405553360154,0.06815230223902158,0.06237816764132553,0.6588693957115009,0.5263157894736842,-0.2826510721247564,,,False,,False,,,,-0.04663120539914567,False,343.7932465742773,False,False,1.0011108942944165,1.0633583494469332,,False,1.3686625143840454
WM,396,0.3724171539961014,Waste Management,Industrials,SP500,207.8800048828125,,-0.028598108024240676,-0.07798846506289259,-0.06477317823955986,-0.06773549754592934,0.32943469785575047,0.34502923976608185,0.23586744639376217,-0.10721247563352826,,,False,,False,,,,-0.019410572054170516,False,466.2859038939807,False,False,0.6847789808913077,1.30533227655164,,False,1.392310288747737
UPS,397,0.37222222222222223,United Parcel Service,Industrials,SP500,95.81999969482422,-0.0005215714021620244,-0.02986733875169445,-0.06717291125273295,-0.08283627812891381,0.005574193581446618,0.4074074074074074,0.2787524366471735,0.3742690058479532,-0.14619883040935672,-0.17305679537919116,0.23654619434735813,False,-0.05201455132402988,False,-0.08051107602325525,-0.06465971546682225,0.08756068063881495,-0.023556210846561787,False,515.9947489489441,False,False,0.780159343976723,1.238412756607121,-0.0022947868405164273,False,0.8962260703924467
CAH,398,0.3711500974658869,Cardinal Health,Health Care,SP500,221.27000427246094,,-0.04846473440723176,-0.04776860643788661,-0.04831692127528009,0.07266919717601183,0.5458089668615984,0.40350877192982454,0.5321637426900585,-0.34502923976608185,,,False,,False,,,,-0.032612918041662886,False,425.1228249346986,False,False,0.9061238152958565,1.2050723779606372,,False,0.6515983103607437
MNST,399,0.37027290448343075,Monster Beverage,Consumer Staples,SP500,43.90999984741211,,-0.014808163606264357,-0.10241207091282312,-0.07265044852301528,0.2030136944496468,0.20077972709551656,0.31773879142300193,0.7758284600389863,-0.3489278752436647,,,False,,False,,,,-0.007074991291026178,False,498.7301227249379,False,False,0.8131083526689202,1.0946090060462768,,False,0.8449904720037389
WEC,400,0.3698830409356725,WEC Energy Group,Utilities,SP500,101.16999816894531,,-0.02137743415735671,-0.05958359874519936,-0.11727450251409821,-0.08979372608534641,0.47173489278752434,0.18518518518518517,0.20272904483430798,-0.03313840155945419,,,False,,False,,,,-0.023617147994825616,False,255.32966993728948,False,False,0.6956287384177836,1.3972675186359316,,False,1.5504125744311605
LNT,401,0.3685185185185185,Alliant Energy,Utilities,SP500,63.689998626708984,,-0.03660568690516175,-0.0691318279570372,-0.1510210202239224,-0.07185284310386753,0.3937621832358674,0.13450292397660818,0.23196881091617932,-0.03508771929824561,,,False,,False,,,,-0.03107387070013734,False,168.5302485305864,False,False,0.59171399839955,1.2582092756821694,,False,1.2324620666740502
KVUE,402,0.36734892787524365,Kenvue,Consumer Staples,SP500,17.670000076293945,,0.002851102168896613,-0.07973059167455476,-0.03829017673483259,0.042621320969462584,0.31189083820662766,0.4249512670565302,0.4697855750487329,-0.21832358674463936,,,False,,False,,,,-0.004449108881000474,False,426.89229903850554,False,False,0.7571904786017528,0.9937083249775772,,False,0.6963344149683117
CMCSA,403,0.36629072681704256,Comcast,Communication Services,SP500,22.549999237060547,0.005798356838725427,-0.04972609894389313,-0.16543305495832283,0.009595720016310372,-0.2086574566102407,0.05458089668615984,0.5614035087719298,0.07017543859649122,0.0,-0.28808406256977537,0.028740837526179286,False,-0.10053651384286588,False,-0.09550362134056933,-0.1460652541522437,0.1055876215691618,-0.03823705404381894,False,706.0761552407035,False,False,0.9874330991922108,1.4884598647798701,-0.0026761581506783427,False,1.3617923119295676
KIM,404,0.3654970760233918,Kimco Realty,Real Estate,SP500,22.209999084472656,,-0.01682164964800592,-0.07212788155300087,-0.11592987044499614,0.007051518217748187,0.3664717348927875,0.1949317738791423,0.3820662768031189,-0.16764132553606237,,,False,,False,,,,-0.022662762062003794,False,118.41276999853484,False,False,0.5926300782578592,1.2472617012569762,,False,1.2956186820034719
VST,405,0.3649401280980229,Vistra Corp.,Utilities,SP500,137.97000122070312,-0.017377696586904245,-0.01562823197637686,0.01869339138299586,-0.15149530854521542,-0.09383523478902256,0.8284600389863548,0.13255360623781676,0.18908382066276802,0.042884990253411304,-0.34184738927760305,0.02731402660540505,False,-0.03167718737603975,False,-0.05567947366371895,-0.11236400547348313,0.058962473133715276,-0.02297127439682911,False,658.3883031403503,False,False,0.7372405740658203,1.0118411171288881,-0.005982453642776386,False,0.9664481210947813
FE,406,0.36452241715399614,FirstEnergy,Utilities,SP500,43.650001525878906,,-0.03812250994969357,-0.06270127094868416,-0.07815280047300055,-0.09403178675541035,0.45614035087719296,0.2982456140350877,0.1871345029239766,-0.06627680311890838,,,False,,False,,,,-0.03301697955142824,False,201.20008647654788,False,False,0.621812800389352,0.9366345962368382,,False,0.974650837135073
PGR,407,0.3644249512670565,Progressive Corporation,Financials,SP500,203.1300048828125,,-0.06387391243597251,-0.09284562993988132,-0.07836641703141323,-0.013988836839171404,0.24561403508771928,0.2962962962962963,0.32748538011695905,-0.3508771929824561,,,False,,False,,,,-0.04678000792131709,False,549.453907206477,False,False,0.5256170580692826,1.6047831326826627,,False,1.6864764468027706
CPT,408,0.3642300194931774,Camden Property Trust,Real Estate,SP500,97.68000030517578,,-0.03573546532602212,-0.1050847554773845,-0.11401170202849598,0.01781967666643358,0.19103313840155944,0.20077972709551656,0.41130604288499023,-0.1949317738791423,,,False,,False,,,,-0.029410556087950512,False,106.28793040358875,False,False,0.5739494849319905,1.5098774018478862,,False,1.3945809868890149
PNC,409,0.36208576998050684,PNC Financial Services,Financials,SP500,224.02999877929688,,-0.03222604232080972,-0.08063851972709513,-0.05878582722312509,0.10274187998855044,0.2982456140350877,0.36257309941520466,0.6042884990253411,-0.27680311890838205,,,False,,False,,,,-0.041471439628440465,False,399.370276704687,False,False,0.9400294445423418,1.2901866630851186,,False,1.193490698328962
SYF,410,0.36198830409356725,Synchrony Financial,Financials,SP500,70.66999816894531,,-0.056223280433954415,-0.116845774385961,-0.07003208503749747,0.059359705996012924,0.13840155945419103,0.32748538011695905,0.5126705653021443,-0.3079922027290448,,,False,,False,,,,-0.0517737680275252,False,258.5280394502289,False,False,0.5928204971382117,1.1084721477587105,,False,1.0437232734942867
ES,411,0.3615984405458089,Eversource Energy,Utilities,SP500,64.91000366210938,,-0.032210494129937595,-0.07825692410965213,-0.08416959972132887,-0.015061612741673835,0.3235867446393762,0.27485380116959063,0.31968810916179335,-0.09746588693957114,,,False,,False,,,,-0.03202038397185014,False,155.99044926044698,False,False,0.8144511246252117,1.5551924265771044,,False,1.3226128748215358
FERG,412,0.3607212475633529,Ferguson Enterprises,Industrials,SP500,221.1699981689453,,0.03181708360734126,-0.06462253743501467,-0.062045096210187944,-0.013632260178039757,0.43079922027290446,0.35282651072124754,0.32943469785575047,-0.1481481481481482,,,False,,False,,,,0.010771442199999592,False,627.5929088324722,False,False,0.693572712696721,0.6429819121691669,,False,0.562184168747538
CVS,413,0.36033138401559456,CVS Health,Health Care,SP500,85.86000061035156,,-0.06389010610947132,-0.0876633720804858,-0.1519431204620897,0.19711293239450733,0.26705653021442494,0.1286549707602339,0.7582846003898636,-0.2300194931773879,,,False,,False,,,,-0.04933643736017801,False,738.1526080891667,False,False,0.8859453672005725,1.5497005519863827,,False,0.9588929741393034
PCAR,414,0.35955165692007796,Paccar,Industrials,SP500,112.08999633789062,,-0.05185251919739442,-0.13737113874201068,-0.039675280083216746,-0.026460424331326227,0.08771929824561403,0.42105263157894735,0.30214424951267055,-0.3937621832358674,,,False,,False,,,,-0.04567021513942415,False,417.6638708917579,False,False,0.6107597929916718,1.7199014981282719,,False,1.1315252093644192
EXPE,415,0.3592592592592593,Expedia Group,Consumer Discretionary,SP500,259.0400085449219,,-0.09732722081393042,-0.23506195357773518,-0.010438849746991163,0.09694167694430167,0.015594541910331383,0.50682261208577,0.5886939571150097,-0.4892787524366472,,,False,,False,,,,-0.07325778248474946,False,517.4743744343037,False,False,1.0363274506341147,1.6847440987268076,,False,3.052272857699291
LHX,416,0.3584795321637428,L3Harris,Industrials,SP500,239.2100067138672,,-0.045983881816622274,-0.08550717536162644,-0.16330934376359962,-0.31327212640911384,0.27485380116959063,0.11695906432748537,0.031189083820662766,0.04483430799220273,,,False,,False,,,,-0.033706697911381256,False,442.04161143826855,False,False,0.4350120194113793,1.1517774200506998,,False,0.8157508735744966
APP,417,0.35838206627680314,AppLovin,Communication Services,SP500,315.25,,-0.0346337507445762,0.05579558547318708,-0.3219846743943824,-0.2768002630094206,0.8908382066276803,0.007797270955165692,0.04678362573099415,0.001949317738791423,,,False,,False,,,,-0.015203466069298122,False,2113.244623929643,False,False,0.6220318050875215,1.1790614164838693,,False,1.1346798229745731
AOS,418,0.355458089668616,A. O. Smith,Industrials,SP500,57.7400016784668,,0.014941154824006375,-0.07940050136020227,-0.03473499875963515,-0.10741157290618586,0.3138401559454191,0.43079922027290446,0.1695906432748538,-0.1539961013645224,,,False,,False,,,,0.003600803938189845,False,92.29950201593515,False,False,0.6789316540589179,1.1268492725473034,,False,0.7131918866906022
UAL,419,0.3552631578947369,United Airlines Holdings,Industrials,SP500,110.72000122070312,,0.041580414318456826,-0.025094641910534232,-0.1518308034686804,0.18341175833574175,0.695906432748538,0.13060428849902533,0.732943469785575,-0.5575048732943471,,,False,,False,,,,0.008782574682459465,False,429.8334345215311,False,False,0.8245147227460023,1.111638202708565,,False,1.017665635987676
GS,420,0.3539961013645224,Goldman Sachs,Financials,SP500,936.3599853515625,,-0.0017271105470479942,-0.09199650277136195,-0.12625396526344357,0.13087271524793676,0.2475633528265107,0.15984405458089668,0.6471734892787524,-0.29434697855750486,,,False,,False,,,,-0.03016629548177352,False,2047.9362856662049,False,False,0.7228198455258183,1.4048395177896043,,False,1.0459107801107361
TPL,421,0.35,Texas Pacific Land Corporation,Energy,SP500,335.739990234375,,-0.03680757615473795,-0.09953414730688426,-0.10933629186914307,-0.3707858947960583,0.21442495126705652,0.2202729044834308,0.011695906432748537,0.056530214424951264,,,False,,False,,,,-0.05474270985174856,False,139.2276836504878,False,False,0.8131578792225697,1.8877677223914264,,False,1.1682987816968122
O,422,0.3495126705653021,Realty Income,Real Estate,SP500,55.61000061035156,,-0.026946646971304,-0.11581101762933999,-0.09126793431444058,-0.05595235281299149,0.15009746588693956,0.2573099415204678,0.253411306042885,-0.16374269005847952,,,False,,False,,,,-0.033926047387767944,False,366.07372783950495,False,False,0.6427336328730506,1.916098240776304,,False,2.3417655890062195
CFG,423,0.3492202729044834,Citizens Financial Group,Financials,SP500,64.61000061035156,,-0.033363193442829564,-0.0800228175701374,-0.06378508196090626,0.11125418587169755,0.3079922027290448,0.3508771929824561,0.6159844054580896,-0.3001949317738791,,,False,,False,,,,-0.042829277327235404,False,260.41318643571503,False,False,0.926780135961973,1.1385042101177212,,False,1.2778237155224286
TSN,424,0.348635477582846,Tyson Foods,Consumer Staples,SP500,51.36000061035156,,-0.014581702553878362,-0.10420812829841197,-0.10327841108558822,-0.14146170630560706,0.1968810916179337,0.23391812865497075,0.1286549707602339,0.12085769980506822,,,False,,False,,,,-0.018158585861317356,False,189.65338672686207,False,False,1.1790218990627594,1.4784516894866742,,False,0.9455908281802307
ERIE,425,0.34805068226120855,Erie Indemnity,Financials,SP500,225.77000427246094,,-0.08066616748468758,-0.159581626110613,-0.01075270326919564,-0.050531577487324286,0.05847953216374269,0.5048732943469786,0.2631578947368421,-0.3313840155945419,,,False,,False,,,,-0.05884337001756357,False,72.47483535355549,False,False,0.5340723604706736,0.9920213315339012,,False,0.6835469159495656
MTB,426,0.3448343079922027,M&T Bank,Financials,SP500,219.5800018310547,,-0.02845003686589964,-0.08599601406117474,-0.05257217618460941,0.09206823546803666,0.2709551656920078,0.38791423001949316,0.5730994152046783,-0.31578947368421056,,,False,,False,,,,-0.0390498775236916,False,260.8751719034935,False,False,0.9179038020186858,1.1305800195123428,,False,0.6665469153751302
FDX,427,0.3421052631578947,FedEx,Industrials,SP500,291.5,,-0.03387246844542924,-0.12395047135526371,-0.07633633257288652,0.01270971970508028,0.12475633528265107,0.3079922027290448,0.3996101364522417,-0.16569200779727095,,,False,,False,,,,-0.037443700002955826,False,484.7550495919986,False,False,0.772632440854487,1.3207287232058653,,False,1.0656683212279277
GE,428,0.3386939571150097,GE Aerospace,Industrials,SP500,319.79998779296875,,0.02205175465349196,-0.06447463369130302,-0.12485345613037335,0.10173970310491254,0.4346978557504873,0.16764132553606237,0.6023391812865497,-0.5048732943469786,,,False,,False,,,,0.001665310379654228,False,1375.79107023795,False,False,0.8193103788570733,1.4944497696501367,,False,1.0877699639453111
CNP,429,0.33840155945419104,CenterPoint Energy,Utilities,SP500,37.15999984741211,,-0.030524443719036065,-0.04961633510019192,-0.14769558293559215,-0.10251349117514574,0.5321637426900585,0.1364522417153996,0.17348927875243664,-0.003898635477582846,,,False,,False,,,,-0.028205536939465592,False,254.975419720023,False,False,0.7981005379975948,1.1597519091445019,,False,1.1471968644186445
RF,429,0.33840155945419104,Regions Financial Corporation,Financials,SP500,27.389999389648438,,-0.03793466630676934,-0.09670948143653668,-0.06179078962335016,0.08939731272476026,0.22807017543859648,0.35477582846003897,0.5653021442495126,-0.25536062378167645,,,False,,False,,,,-0.04577056715519945,False,258.5349878724234,False,False,0.9454745637924215,1.1662305424181585,,False,1.1033284049854426
CMI,431,0.33645224171539956,Cummins,Industrials,SP500,524.6500244140625,,-0.005402797319312813,-0.08216992250856392,-0.24215627006000684,-0.04775690968593438,0.2884990253411306,0.042884990253411304,0.26900584795321636,-0.0682261208576998,,,False,,False,,,,-0.020789268044273834,False,614.6812969648088,False,False,0.5596944737300905,1.2920262810429524,,False,1.3870964517940918
SYY,432,0.33391812865497067,Sysco,Consumer Staples,SP500,77.13999938964844,,-0.01994663591774759,-0.08013356989975529,-0.036464910792735394,-0.04983374030559007,0.30409356725146197,0.42884990253411304,0.2651072124756335,-0.16764132553606237,,,False,,False,,,,-0.027289394151495117,False,291.799111443469,False,False,1.175339816967318,1.520940804311027,,False,1.5843179865656731
VRT,433,0.33372319688109164,Vertiv,Industrials,SP500,248.77999877929688,,0.039137859629340355,-0.02403819936274132,-0.21359862793027018,-0.08120369190069587,0.7037037037037037,0.06237816764132553,0.21832358674463936,0.029239766081871343,,,False,,False,,,,-0.0017122291242167575,False,1459.9263704492373,False,False,0.8918474765757385,0.9476976785390084,,False,0.633950304268878
CMS,434,0.3335282651072125,CMS Energy,Utilities,SP500,63.150001525878906,,-0.04303676965944969,-0.0770242149094118,-0.1677390682257739,-0.14847270378326516,0.33723196881091616,0.1111111111111111,0.1189083820662768,-0.04093567251461988,,,False,,False,,,,-0.03614380837472131,False,248.0962552558432,False,False,0.5170904352371218,1.1229953799226167,,False,1.1465172645194905
APTV,435,0.33196881091617936,Aptiv,Consumer Discretionary,SP500,45.16999816894531,,0.04222422727075492,-0.045838656033970304,-0.2523998752426013,-0.36308517575900756,0.5555555555555556,0.03898635477582846,0.017543859649122806,-0.017543859649122806,,,False,,False,,,,0.01586939590984393,False,211.03418779121708,False,False,0.6025934169782855,1.3897298791028632,,False,0.7153298042558283
GNRC,436,0.33050682261208575,Generac,Industrials,SP500,199.4199981689453,,0.13882700858809027,-0.020337981132352634,-0.29816292008119694,-0.046795125618974365,0.7134502923976608,0.011695906432748537,0.27485380116959063,-0.017543859649122806,,,False,,False,,,,0.022243673068125025,False,256.4633467667872,False,False,1.4278698097214002,2.7202860133774758,,False,0.8822727830484175
DHI,437,0.33001949317738793,D. R. Horton,Consumer Discretionary,SP500,140.1699981689453,,0.013374716214337834,-0.05907231643718902,-0.1556799533087162,0.0193965615297349,0.4775828460038986,0.12085769980506822,0.4171539961013645,-0.31968810916179335,,,False,,False,,,,0.0035441527642301462,False,356.467804565492,False,False,0.6941112697406201,1.568419511050484,,False,0.9804625281754694
NEE,438,0.3291423001949318,NextEra Energy,Utilities,SP500,77.0199966430664,,-0.04168229425198189,-0.07729871113669917,-0.11436684054152668,-0.14682875218708713,0.33528265107212474,0.1968810916179337,0.12280701754385964,-0.01949317738791423,,,False,,False,,,,-0.03947551631794399,False,908.3056384104203,False,False,0.736641785970743,1.2244759244994488,,False,1.1822539414651287
HLT,439,0.3286549707602339,Hilton Worldwide,Consumer Discretionary,SP500,307.2200012207031,,0.00520235681212089,-0.06922775652581692,-0.10500302896515723,0.02531681797080476,0.38791423001949316,0.23196881091617932,0.43079922027290446,-0.17738791423001948,,,False,,False,,,,-0.00036358290618243583,False,618.932787290612,False,False,0.8020017262622041,1.0771397615898497,,False,0.8035235433618529
CIEN,440,0.3271929824561403,Ciena,Information Technology,SP500,355.9100036621094,,0.04525698579180437,-0.04312409737465972,-0.23214170964274072,-0.1711071786883852,0.5769980506822612,0.050682261208576995,0.09746588693957114,0.042884990253411304,,,False,,False,,,,0.018195483038393467,False,888.508016562388,False,False,0.9083880100289109,1.4004954581223485,,False,0.7800728413276518
JBHT,441,0.3246588693957115,J.B. Hunt,Industrials,SP500,234.6300048828125,,-0.008870827029218153,-0.09716022597192875,-0.12649311861147017,0.14781733709153455,0.2222222222222222,0.15789473684210525,0.6647173489278753,-0.18323586744639375,,,False,,False,,,,-0.047504861414989996,False,280.2172489984317,False,False,1.6841006561414582,1.4284976016334612,,False,0.8591996628845223
FSLR,442,0.32407407407407407,First Solar,Information Technology,SP500,191.97000122070312,,0.004710283466714982,-0.07844076870719796,-0.2270494413394607,-0.0045631571426559825,0.3216374269005848,0.056530214424951264,0.35477582846003897,0.011695906432748537,,,False,,False,,,,-0.03505539314078698,False,487.2313622666651,False,False,0.8484574247866443,1.0382080611253024,,False,0.9435576760359633
EXC,443,0.32300194931773873,Exelon,Utilities,SP500,40.689998626708984,,-0.041234685594420895,-0.07358061615270817,-0.12414856756042614,-0.12320276994115387,0.35477582846003897,0.1695906432748538,0.14619883040935672,-0.08382066276803118,,,False,,False,,,,-0.034832085673870194,False,334.4787113402153,False,False,0.5736013090415483,1.004903937031832,,False,0.9407074475600582
SBUX,444,0.32037037037037036,Starbucks,Consumer Discretionary,SP500,94.13999938964844,,-0.03287443053864747,-0.12419758804945358,-0.08547485739540184,0.03539604170175226,0.12085769980506822,0.2729044834307992,0.4522417153996101,-0.1871345029239766,,,False,,False,,,,-0.029427414923982376,False,718.3498430139502,False,False,0.848577466955599,1.2645037187705457,,False,1.1977542973322655
EFX,444,0.32037037037037036,Equifax,Industrials,SP500,155.32000732421875,,-0.05177042472251692,-0.19966687945349615,-0.011681785880627404,-0.0778435909686932,0.029239766081871343,0.5029239766081871,0.22612085769980506,-0.3021442495126706,,,False,,False,,,,-0.04830984680346717,False,260.91573315127624,False,False,0.735439467214099,1.2596812799453843,,False,1.0529909062714604
KMB,446,0.3195906432748538,Kimberly-Clark,Consumer Staples,SP500,97.69999694824219,,-0.00407748758512394,-0.11221733836868941,-0.07362169428316645,0.0132471804778993,0.16764132553606237,0.3157894736842105,0.4015594541910331,-0.3801169590643275,,,False,,False,,,,-0.01187904511185811,False,404.1825601836224,False,False,0.664433687691964,1.0993667143068355,,False,0.8314254589707708
BRO,447,0.31871345029239767,Brown & Brown,Financials,SP500,61.70000076293945,,-0.0634486439700277,-0.17314394945173572,0.0006931227596320699,-0.06730643143565962,0.03898635477582846,0.5282651072124757,0.23976608187134502,-0.3898635477582846,,,False,,False,,,,-0.05473554385165569,False,160.65846601335954,False,False,0.7999163959617859,1.368405764546804,,False,1.0714751254917863
MAA,448,0.3182261208576998,Mid-America Apartment Communities,Real Estate,SP500,117.77999877929688,,-0.033798217350369475,-0.1155001836875803,-0.11364658350829604,-0.009899300988134296,0.15204678362573099,0.20272904483430798,0.341130604288499,-0.20272904483430798,,,False,,False,,,,-0.03020578615551195,False,134.61203054171193,False,False,0.700159862029202,1.5771803671142088,,False,1.5163469761516895
DTE,449,0.31228070175438594,DTE Energy,Utilities,SP500,122.88999938964844,,-0.05115416502364367,-0.08584585988027504,-0.17925781487653736,-0.12781856607026532,0.2729044834307992,0.0935672514619883,0.14230019493177387,-0.09161793372319688,,,False,,False,,,,-0.04043077584743038,False,193.51209523547425,False,False,0.6561706561865108,1.6617582854598663,,False,1.3211825617605528
PHM,450,0.30769980506822614,PulteGroup,Consumer Discretionary,SP500,118.70999908447266,,0.00986810721054665,-0.0820919295767486,-0.12335081310400231,0.009589426053482342,0.290448343079922,0.17348927875243664,0.38791423001949316,-0.45224171539961017,,,False,,False,,,,-0.002541072122421606,False,202.709645117748,False,False,0.6935721144725233,1.4951755548822059,,False,1.0048598889600469
KEY,451,0.3060428849902534,KeyCorp,Financials,SP500,20.239999771118164,,-0.02316600184088602,-0.06566798213711988,-0.11618333326392682,0.04118348253256787,0.42105263157894735,0.18908382066276802,0.4678362573099415,-0.20077972709551656,,,False,,False,,,,-0.03629584428076349,False,251.08423313595128,False,False,1.1373391432076216,1.332448555391657,,False,1.2222796619945782
MGM,452,0.30428849902534116,MGM Resorts,Consumer Discretionary,SP500,37.849998474121094,,-0.014066187135000296,-0.13366903950914122,-0.19622003925517084,0.01994065889514207,0.08966861598440545,0.07602339181286549,0.42105263157894735,-0.6179337231968811,,,False,,False,,,,-0.026573355244182695,False,101.39087060085997,False,False,0.4952311534445682,1.6196349336847577,,False,1.3031717303920245
TAP,453,0.30399610136452243,Molson Coors Beverage Company,Consumer Staples,SP500,36.619998931884766,,-0.06366662335995332,-0.1382450643979093,-0.08594010062576884,-0.08915425444098013,0.08576998050682261,0.2709551656920078,0.2046783625730994,-0.10916179337231968,,,False,,False,,,,-0.04079643774186581,False,153.6022907155796,False,False,0.9048587716965109,3.9299868277952,,False,0.8566873362629933
DLTR,454,0.30321637426900583,Dollar Tree,Consumer Staples,SP500,113.16000366210938,,0.006761584750116567,-0.172504543604319,-0.0518642219618789,0.06223603641025277,0.042884990253411304,0.391812865497076,0.5146198830409356,-0.5886939571150098,,,False,,False,,,,-0.019376069556963915,False,326.61954758341267,False,False,1.11551904761049,1.4270349142202103,,False,0.8552852139494812
CARR,455,0.30233918128654974,Carrier Global,Industrials,SP500,55.099998474121094,,0.01548102061504375,-0.08120731444809082,-0.2533332437313969,-0.05266128613351395,0.2962962962962963,0.037037037037037035,0.2573099415204678,-0.16764132553606237,,,False,,False,,,,-0.007145415760491103,False,407.3689665784408,False,False,0.627636620455422,1.4850999325680474,,False,0.792910680491104
IP,456,0.30224171539961014,International Paper,Materials,SP500,35.70000076293945,,0.04815030309818136,-0.13011695987968463,-0.057270194436100264,0.013978287947119306,0.09746588693957114,0.3664717348927875,0.40350877192982454,-0.571150097465887,,,False,,False,,,,0.012477101291698878,False,189.3607215998669,False,False,0.8304999077968602,1.3214195293456503,,False,0.7684321627722405
UBER,457,0.3009189640768588,Uber,Industrials,SP500,69.41999816894531,-0.006724870865755572,-0.021840256800018887,-0.12447979105331541,-0.059986464410397566,-0.04036492005482528,0.1189083820662768,0.3586744639376218,0.2884990253411306,-0.23196881091617938,-0.3064935142142634,0.05277518348033672,False,-0.05442312582778741,False,-0.054980500481918604,-0.07902577121741228,0.05817922329640424,-0.02219938808035682,False,1382.9144107030181,False,False,0.6528183937497566,1.0736258294626482,-0.004721731777602045,False,0.9471037024025993
PSA,458,0.3005847953216374,Public Storage,Real Estate,SP500,286.7300109863281,,-0.02697835579967589,-0.10861970887072225,-0.08885311543420382,0.09115017567673345,0.17543859649122806,0.2651072124756335,0.5692007797270955,-0.267056530214425,,,False,,False,,,,-0.026808859286440057,False,310.9643540872379,False,False,0.9298045906449633,1.0211922350497933,,False,0.9807101694330378
LEN,459,0.29980506822612085,Lennar,Consumer Discretionary,SP500,81.5199966430664,,0.04032664635147287,-0.07531768084416268,-0.11773957131594581,-0.10758963847446024,0.34502923976608185,0.18323586744639375,0.16764132553606237,-0.14035087719298245,,,False,,False,,,,0.021493513229371874,False,258.19817127310307,False,False,0.8607247723580729,2.506089161544036,,False,1.9239143026459844
ALGN,460,0.2989278752436647,Align Technology,Health Care,SP500,148.1699981689453,,-0.015154528584545246,-0.07184916853267587,-0.13300173516276903,-0.17380394114773257,0.3723196881091618,0.1442495126705653,0.09551656920077972,-0.1267056530214425,,,False,,False,,,,-0.010574355345279951,False,150.78741789746968,False,False,0.6424200476249577,1.254963408166085,,False,1.479002185874384
PEG,461,0.2983430799220273,Public Service Enterprise Group,Utilities,SP500,67.30999755859375,,-0.04375624176390647,-0.07625467960876353,-0.1711654125343337,-0.14561081940519494,0.34307992202729043,0.10136452241715399,0.1267056530214425,-0.07017543859649122,,,False,,False,,,,-0.03823924599229833,False,220.16449952596548,False,False,0.7378590509437534,1.4668062860310345,,False,1.2141020991367264
DOV,462,0.2976608187134503,Dover Corporation,Industrials,SP500,189.02999877929688,,0.003557008742696377,-0.06919345432152157,-0.15504959064654555,-0.11867643851166276,0.3898635477582846,0.12475633528265107,0.15009746588693956,-0.14035087719298245,,,False,,False,,,,0.0003767457102414884,False,243.25313604898258,False,False,0.6640691064374254,1.226894992348865,,False,0.9761647717688337
AXP,463,0.29678362573099415,American Express,Financials,SP500,301.9599914550781,,-0.03351151127020058,-0.10485280445001366,-0.11610647251656925,0.0057741450849884135,0.19298245614035087,0.19103313840155944,0.37816764132553604,-0.36257309941520466,,,False,,False,,,,-0.038827306043663024,False,913.6641527222301,False,False,0.7344948964744732,1.4897457183517904,,False,1.3248121139965772
XEL,464,0.296588693957115,Xcel Energy,Utilities,SP500,70.66000366210938,,-0.028194133519127806,-0.07888828663069691,-0.12569572745297408,-0.07944100198125659,0.3157894736842105,0.16374269005847952,0.22417153996101363,-0.07212475633528265,,,False,,False,,,,-0.02820175963229099,False,402.03357960927536,False,False,0.7867552148656118,1.0989217902876776,,False,0.8376087860009553
PPL,465,0.2922027290448343,PPL Corporation,Utilities,SP500,32.25,,-0.03472013926099915,-0.07196801670297392,-0.11922421373295045,-0.11550026427824422,0.37037037037037035,0.1793372319688109,0.15594541910331383,-0.08771929824561403,,,False,,False,,,,-0.031232424238932577,False,260.6578437737212,False,False,0.7010269505585496,0.7872949056116839,,False,0.6969466112932826
TTD,466,0.2904761904761905,Trade Desk (The),Communication Services,SP500,12.680000305175781,-0.03793626619292645,-0.12491369872552516,-0.04446120062058534,-0.28361583284643865,-0.43240822656364597,0.571150097465887,0.015594541910331383,0.003898635477582846,0.01364522417153996,-0.7657491214674146,0.0,False,-0.0948675704872296,False,-0.17512358805081585,-0.4606624849895776,0.21230281956662878,-0.0775004623270219,False,380.25910365410994,False,False,0.6865668438559368,1.9499056796548135,-0.0015174853794061027,False,1.1192646201589482
FIS,467,0.29044834307992207,Fidelity National Information Services,Financials,SP500,34.66999816894531,,-0.059158762427269695,-0.15288417758005446,-0.09284535635476132,-0.2781625992885298,0.06432748538011696,0.25146198830409355,0.042884990253411304,0.01364522417153996,,,False,,False,,,,-0.04964114491054494,False,250.0369173777989,False,False,0.857699982426997,1.1171902794715345,,False,1.1815674724512581
NKE,468,0.2891255917571707,"Nike, Inc.",Consumer Discretionary,SP500,36.04999923706055,-0.0013850204757318574,0.007546128199420243,-0.10595294959744994,-0.12882783107486984,-0.3127983690335101,0.1871345029239766,0.1539961013645224,0.03313840155945419,0.009746588693957114,-0.5006217464130686,0.015207010449220126,False,-0.03302699480388238,False,-0.09191169959007095,-0.2624903339896628,0.10121449593456955,-0.008402394032317906,False,1032.2906393388062,False,False,0.6968202554668063,1.6026084236131553,0.008864257849030555,False,1.5660409131725854
TJX,469,0.28908382066276805,TJX Companies,Consumer Discretionary,SP500,131.58999633789062,,0.07123087154717722,-0.06481422742393894,-0.20079199038787232,-0.16379877915278396,0.4269005847953216,0.07407407407407407,0.10331384015594541,-0.031189083820662766,,,False,,False,,,,0.021926261514993772,False,1015.8950958493448,False,False,0.9745054780337786,1.767413314215358,,False,1.2102057744775687
SRE,470,0.2878167641325536,Sempra,Utilities,SP500,79.0,,-0.03304769949933617,-0.0658625956594997,-0.14197590300745888,-0.1624780816214978,0.4191033138401559,0.13840155945419103,0.10916179337231968,0.001949317738791423,,,False,,False,,,,-0.03092305442453347,False,321.82250613372184,False,False,1.0000715284525636,1.0888880030631494,,False,0.837802577557416
YUM,471,0.28771929824561404,Yum! Brands,Consumer Discretionary,SP500,140.6300048828125,,0.019353421564286766,-0.10175402210507023,-0.0763363407123242,-0.1091344876796988,0.20662768031189083,0.3060428849902534,0.16374269005847952,-0.07017543859649122,,,False,,False,,,,-0.0025015311412398544,False,373.78745236822635,False,False,1.029311055265735,1.1908226946577023,,False,1.0301416657492457
TTWO,472,0.28762183235867445,Take-Two Interactive,Communication Services,SP500,206.32000732421875,,-0.02591941030949818,-0.11640253822604385,-0.1249098545810311,0.07812098337503981,0.14230019493177387,0.16569200779727095,0.5399610136452242,-0.23196881091617932,,,False,,False,,,,-0.022558374319928687,False,553.7292021175774,False,False,1.1132241644215537,1.3909192413880156,,False,1.0138502522614705
LII,473,0.2875243664717349,Lennox International,Industrials,SP500,372.3399963378906,,0.031298436532035456,-0.06705088788869673,-0.3235480928192459,-0.21519513413196112,0.41130604288499023,0.005847953216374269,0.06042884990253411,-0.05263157894736842,,,False,,False,,,,0.012492862284333661,False,227.91171444920133,False,False,0.4214622503933995,0.9476744407533828,,False,0.707183853434186
TDG,474,0.28713450292397663,TransDigm Group,Industrials,SP500,1105.280029296875,,0.023303223085304525,-0.07822658220928058,-0.16435695027914743,-0.049450453698254404,0.3255360623781676,0.11500974658869395,0.26705653021442494,-0.18518518518518517,,,False,,False,,,,-0.001404158051964477,False,485.0287326560507,False,False,0.7015261046275563,1.2406984827419454,,False,0.7075838966682763
AXON,475,0.28304093567251465,Axon Enterprise,Industrials,SP500,450.6099853515625,,-0.03802149260413601,-0.24595464264575884,-0.013399657319537961,-0.01311874873386476,0.011695906432748537,0.4951267056530214,0.3313840155945419,-0.49317738791423005,,,False,,False,,,,-0.033358104518591225,False,495.67367641016125,False,False,0.8902998674606454,1.059091520965325,,False,0.8379608981314446
WY,476,0.2796296296296296,Weyerhaeuser,Real Estate,SP500,21.170000076293945,,-0.02934431019348871,-0.1240373067816457,-0.15554423275352713,-0.0846248708380023,0.12280701754385964,0.12280701754385964,0.21052631578947367,-0.31968810916179335,,,False,,False,,,,-0.02334999319685227,False,129.17579733055268,False,False,0.4987747363310644,1.3634367053563345,,False,1.2205354731972495
VRSK,477,0.2753411306042885,Verisk Analytics,Industrials,SP500,171.8000030517578,,-0.054745512782625516,-0.09121327963145787,-0.043315986715796284,-0.1129748294425531,0.24951267056530213,0.4171539961013645,0.15984405458089668,-0.19103313840155944,,,False,,False,,,,-0.027344048559604595,False,270.705201488853,False,False,1.0885906445620521,1.123539598360914,,False,0.7409548489983055
ROL,478,0.27456140350877195,"Rollins, Inc.",Industrials,SP500,32.4900016784668,,-0.03101691436601617,-0.1280192393435977,-0.26698896437455066,-0.3852565076503168,0.10331384015594541,0.023391812865497075,0.007797270955165692,0.009746588693957114,,,False,,False,,,,-0.026225035093032867,False,216.23200594705852,False,False,0.7590385371096976,1.626775205167083,,False,1.6017116115410175
HD,479,0.2676413255360624,Home Depot (The),Consumer Discretionary,SP500,296.7200012207031,,-0.019010149690198208,-0.11416705562061147,-0.12819626978308019,-0.08993811379132632,0.15789473684210525,0.15594541910331383,0.20077972709551656,-0.39961013645224175,,,False,,False,,,,-0.021154101529266223,False,1302.4112111308818,False,False,0.6121576016969674,1.4078506098730832,,False,1.1858600865477054
HBAN,480,0.2584795321637427,Huntington Bancshares,Financials,SP500,15.380000114440918,,-0.01819335536433775,-0.08848708663112048,-0.1164857154471447,0.012431352748015101,0.2651072124756335,0.1871345029239766,0.39766081871345027,-0.35672514619883045,,,False,,False,,,,-0.03915049457337538,False,443.8491108474167,False,False,1.0914605851926589,1.3570848137948721,,False,1.0600496700268798
RL,481,0.257504873294347,Ralph Lauren Corporation,Consumer Discretionary,SP500,337.4700012207031,,-0.0026302877686161796,-0.08993583260019933,-0.18335571589932687,-0.012450664805559342,0.26120857699805067,0.08771929824561403,0.3333333333333333,-0.20272904483430798,,,False,,False,,,,-0.003274690380213663,False,229.92640411426777,False,False,0.7952581451670132,1.151802696511255,,False,1.1097558203352071
LOW,482,0.2574074074074074,Lowe's,Consumer Discretionary,SP500,191.36000061035156,,-0.014116462684204079,-0.11807537847571181,-0.13053676678679682,-0.17473492875762064,0.1364522417153996,0.15009746588693956,0.0935672514619883,-0.20662768031189083,,,False,,False,,,,-0.015674491621066267,False,647.8182041378411,False,False,0.5839202383345585,1.1788078398183344,,False,0.9399382852825235
PNR,483,0.2566276803118908,Pentair,Industrials,SP500,55.25,,-0.021431085796907556,-0.12731008053162574,-0.2582357413716476,-0.36445837348766874,0.10526315789473684,0.029239766081871343,0.015594541910331383,-0.04678362573099415,,,False,,False,,,,-0.02028717036168992,False,228.38794514562645,False,False,0.35367352679390746,0.8268127783294258,,False,0.5328663748314577
MLM,484,0.253411306042885,Martin Marietta Materials,Materials,SP500,490.45001220703125,,-0.01270230581074927,-0.07852868853915951,-0.20332526929240247,-0.1461911707891157,0.31968810916179335,0.07017543859649122,0.12475633528265107,-0.25146198830409355,,,False,,False,,,,-0.016281708590168087,False,354.86367578978246,False,False,0.6846200608985382,1.4921541564921965,,False,1.8058601457268475
ODFL,485,0.2511695906432749,Old Dominion,Industrials,SP500,177.72000122070312,,0.019270478312627848,-0.11655734115045102,-0.1873811462759678,-0.03679591637243618,0.14035087719298245,0.08382066276803118,0.29239766081871343,-0.1442495126705653,,,False,,False,,,,-0.003653769231354853,False,348.0310133323825,False,False,0.8766952826187455,1.2406803845444978,,False,0.9188332752920747
NRG,486,0.2416179337231969,NRG Energy,Utilities,SP500,100.72000122070312,,-0.06202268767987751,-0.09894433422236004,-0.2892375708645363,-0.3291400772677625,0.21637426900584794,0.01364522417153996,0.025341130604288498,-0.03508771929824561,,,False,,False,,,,-0.04923356924387301,False,345.78361241931526,False,False,0.7214935062371616,1.1314221196799372,,False,0.8799869430712265
STZ,487,0.23947368421052634,Constellation Brands,Consumer Staples,SP500,116.56999969482422,,-0.052507511570907384,-0.15283434212110913,-0.1785169105782327,-0.22535708766696916,0.06627680311890838,0.09551656920077972,0.056530214424951264,-0.06237816764132553,,,False,,False,,,,-0.03590903474208407,False,262.21450269861026,False,False,0.8790268888877848,1.543065527151111,,False,0.7509119847460703
MCD,488,0.2373712057922584,McDonald's,Consumer Discretionary,SP500,238.32000732421875,-0.04805272013583517,-0.0411972575432662,-0.11934409021826864,-0.12365281287733587,-0.21504097949527545,0.13060428849902533,0.17153996101364521,0.06432748538011696,-0.09161793372319688,-0.28753985040770036,0.0,False,-0.06402252323336333,False,-0.09218814839489686,-0.17507682366247868,0.10154984012590162,-0.041413934709439104,False,1283.1515241557313,False,False,1.0348593730841922,1.724213148235707,-0.00023971566175240433,False,3.550482669105536
DECK,489,0.2307992202729045,Deckers Brands,Consumer Discretionary,SP500,78.58999633789062,,0.008081032078198769,-0.14650309757720326,-0.25648061866668204,-0.22487427940635352,0.07407407407407407,0.031189083820662766,0.05847953216374269,-0.05263157894736842,,,False,,False,,,,-0.015592392613503092,False,252.13182907509318,False,False,0.8685101313744757,1.5787475226233165,,False,1.1565463851736446
BLDR,490,0.23001949317738793,Builders FirstSource,Industrials,SP500,59.15999984741211,,-0.008214613008085347,-0.15750500115386168,-0.30734109225126527,-0.29521088722021005,0.06042884990253411,0.009746588693957114,0.03508771929824561,-0.1871345029239766,,,False,,False,,,,-0.008759711609427345,False,183.80854931733268,False,False,0.6398996678611322,3.2157554900032777,,False,0.6471049658810085
ALB,491,0.22085769980506825,Albemarle Corporation,Materials,SP500,113.47000122070312,,0.036539690832153804,-0.19544708023274182,-0.22989527055365866,-0.3553433835003684,0.031189083820662766,0.05263157894736842,0.01949317738791423,-0.007797270955165692,,,False,,False,,,,-0.018746678170250664,False,290.3280505077751,False,False,0.8918614611553545,1.197864463701538,,False,0.9385472479298588
VMC,492,0.2180311890838207,Vulcan Materials Company,Materials,SP500,244.39999389648438,,0.0004092953069074756,-0.11430024014593232,-0.20318239548763484,-0.08008663279617634,0.15594541910331383,0.07212475633528265,0.2202729044834308,-0.42105263157894735,,,False,,False,,,,-0.01305925894866733,False,276.9334353383278,False,False,0.7660584720317194,1.4191936872252988,,False,1.7159587081527523
FER,493,0.21754385964912276,Ferrovial,Industrials,NDX,55.279998779296875,,0.0029027549077029757,-0.1189034539304179,-0.20494750827240127,-0.11225181229015535,0.13255360623781676,0.0682261208576998,0.1617933723196881,-0.0935672514619883,,,False,,False,,,,-0.0062201347827809395,False,88.12276765424767,False,False,1.1363667668470108,1.3058255764343354,,False,1.1869897904506062
CLX,494,0.20633528265107215,Clorox,Consumer Staples,SP500,83.94000244140625,,-0.010841364156590538,-0.2167583850371888,-0.10966016324296457,-0.16570218234766965,0.021442495126705652,0.21442495126705652,0.10136452241715399,-0.4834307992202729,,,False,,False,,,,-0.02808847963963379,False,281.57314075655256,False,False,0.7789010755705724,1.323412592883926,,False,0.7757519331550078
LVS,495,0.20516569200779727,Las Vegas Sands,Consumer Discretionary,SP500,39.189998626708984,,-0.045543173016025396,-0.16563769196933553,-0.17419904705223788,-0.2774183578962057,0.05263157894736842,0.09941520467836257,0.04483430799220273,-0.11500974658869395,,,False,,False,,,,-0.04289043509137824,False,244.56839698763477,False,False,0.9379486594581883,1.4018494050302144,,False,0.6981331855841499
LULU,496,0.2045948203842941,Lululemon Athletica,Consumer Discretionary,SP500,102.27999877929688,-0.013978641961933325,0.06563862473451532,-0.16696530545540866,-0.09558756661637524,-0.364523139368634,0.04873294346978557,0.24561403508771928,0.01364522417153996,-0.003898635477582846,-0.5262182857795553,0.06563862473451532,False,-0.040093115387975775,False,-0.10589248678026764,-0.30997471090321893,0.1184337288464814,0.006156560562529112,False,531.0433579131164,False,False,1.7306746822598906,1.200175004034076,-0.0007712506359360827,False,0.8975414666968133
TPR,497,0.20458089668615986,"Tapestry, Inc.",Consumer Discretionary,SP500,110.51000213623047,,-0.06299813592819858,-0.16064679159101158,-0.25923920264319567,-0.2275676655743475,0.056530214424951264,0.02729044834307992,0.05458089668615984,-0.19298245614035087,,,False,,False,,,,-0.04092363939770216,False,411.77592085018546,False,False,0.6788421454629445,1.2985954267496256,,False,0.7613731317232401
CCL,498,0.20140629351155667,Carnival Corporation,Consumer Discretionary,SP500,21.799999237060547,-0.021544050035540163,-0.024608551902539744,-0.15208090185322187,-0.2419863252862826,-0.13433847563297663,0.0682261208576998,0.04483430799220273,0.13255360623781676,-0.27485380116959063,-0.3483284688554631,0.0,False,-0.055643431226861884,False,-0.14702196648754617,-0.20247078021358467,0.17236313329445152,-0.023527548452884295,False,495.62338961719513,False,False,0.5902825086943811,1.3589108408396124,-0.008976694648817118,False,1.488821105062756
CRH,499,0.1987329434697856,CRH plc,Materials,SP500,85.2300033569336,,-0.016954943979826664,-0.11024112598042579,-0.23610436899427822,-0.19374028015105438,0.1695906432748538,0.04678362573099415,0.08576998050682261,-0.1793372319688109,,,False,,False,,,,-0.02449849786912872,False,428.0106067125593,False,False,0.8020690699884249,1.1782259980047822,,False,1.1247926519355906
FICO,500,0.193859649122807,Fair Isaac,Information Technology,SP500,879.6199951171875,,-0.11270488043610627,-0.24586764685720752,-0.22863354658939283,-0.11595980390232408,0.01364522417153996,0.05458089668615984,0.1539961013645224,-0.1267056530214425,,,False,,False,,,,-0.07641898242766709,False,395.9624196024992,False,False,1.2019722205221257,1.3932429593427613,,False,1.371458850433667
BKNG,501,0.18969646338067392,Booking Holdings,Consumer Discretionary,SP500,155.89999389648438,-0.05066378798181281,-0.0904317418433579,-0.2675454490775122,-0.13778481325648018,-0.08714671599517065,0.007797270955165692,0.14230019493177387,0.20857699805068225,-0.797270955165692,-0.29458920685919976,0.01647551862868868,False,-0.14384489533395572,False,-0.18708862245589986,-0.15050598007900806,0.2301463943352795,-0.07629964504314057,False,1256.4105503085327,False,False,0.8817335676657319,1.8277867890539157,-0.009012274488720884,False,2.1265667081797046
SYK,502,0.1731968810916179,Stryker Corporation,Health Care,SP500,273.3999938964844,,-0.039893297793080595,-0.16598030587027468,-0.12608431380257268,-0.1632778194120772,0.050682261208576995,0.1617933723196881,0.10721247563352826,-0.27485380116959063,,,False,,False,,,,-0.023111868955330572,False,825.2052153578777,False,False,1.0312158383796959,1.1989406481250746,,False,1.0211523730735055
HWM,503,0.17261208576998052,Howmet Aerospace,Industrials,SP500,228.77999877929688,,0.0046107367121459575,-0.13107223459160244,-0.1708664751879736,-0.043917007194347324,0.09551656920077972,0.10331384015594541,0.2787524366471735,-0.2982456140350877,,,False,,False,,,,-0.008517276160552978,False,751.0622868704347,False,False,1.7944781559461698,1.0724224347021465,,False,0.8335555655787154
AON,504,0.16978557504873296,Aon plc,Financials,SP500,281.6000061035156,,-0.06311342036279943,-0.21581731741229637,-0.13284412201664253,-0.13467738010470554,0.023391812865497075,0.14619883040935672,0.13060428849902533,-0.45419103313840153,,,False,,False,,,,-0.05462342299143852,False,502.4942859703842,False,False,1.537482689531606,1.692740262030055,,False,1.201754133992091
CHTR,505,0.16920077972709552,Charter Communications,Communication Services,SP500,116.61000061035156,,-0.13622221770109955,-0.2241517082990654,-0.11269211508856469,-0.46410846810878115,0.01949317738791423,0.20662768031189083,0.001949317738791423,-0.2202729044834308,,,False,,False,,,,-0.10886028950979498,False,420.57805884497503,False,False,1.2359076437573047,1.290335738724515,,False,1.4995450384104632
RCL,506,0.1688944583681426,Royal Caribbean Group,Consumer Discretionary,SP500,230.3000030517578,-0.019541046233630732,-0.08763170619461991,-0.20932232167301412,-0.2781787114638562,-0.1482141887652325,0.02729044834307992,0.017543859649122806,0.12085769980506822,-0.7076023391812865,-0.3273270905644208,0.0,False,-0.1098480703826119,False,-0.19163467405425239,-0.18949127689758594,0.23706444091976508,-0.06328895872007034,False,628.8017003377075,False,False,0.6952617753872744,2.0539489762241203,0.005321639930384814,False,3.5249091599629674
WYNN,507,0.1570175438596491,Wynn Resorts,Consumer Discretionary,SP500,81.44999694824219,,-0.03300494239458629,-0.18066598986267546,-0.21301786663383826,-0.20342628173488664,0.03313840155945419,0.06432748538011696,0.07797270955165692,-0.32748538011695905,,,False,,False,,,,-0.03804549854657191,False,159.9216989868164,False,False,1.0265353050484545,1.5865903564082355,,False,0.9063553091478848
NCLH,508,0.15577833472570315,Norwegian Cruise Line Holdings,Consumer Discretionary,SP500,14.180000305175781,-0.00281293678634964,-0.0240880546612261,-0.17653885768863675,-0.3250832864969251,-0.2787385343218949,0.03508771929824561,0.003898635477582846,0.04093567251461988,-0.4756335282651072,-0.43797064754449455,0.0042493215370393855,False,-0.06402637955072732,False,-0.18737390380781171,-0.27741355464605455,0.230578250791859,-0.019267954198095127,False,267.10293730443766,False,False,0.5359464937187202,1.345393972563132,-0.00562587357269928,False,1.520612741723298
CASY,509,0.15,Casey's,Consumer Staples,SP500,597.3099975585938,,0.014108654598631087,-0.3007457391108507,-0.2540613652370368,-0.13187531818420928,0.003898635477582846,0.03508771929824561,0.13450292397660818,-0.3937621832358674,,,False,,False,,,,-0.030569304781211226,False,335.55606227367167,False,False,1.149106720097663,1.8315816148122575,,False,2.2818753157154625
COO,510,0.13781676413255362,Cooper Companies (The),Health Care,SP500,56.06999969482422,,0.026735013150611664,-0.26029027127428395,-0.18538430621504676,-0.2045680040565997,0.009746588693957114,0.08576998050682261,0.07602339181286549,-0.7621832358674464,,,False,,False,,,,-0.008995473923630093,False,187.3671921506687,False,False,1.868391769916335,1.9511848614027865,,False,1.433529441720586
HRL,510,0.13781676413255362,Hormel Foods,Consumer Staples,SP500,19.920000076293945,,-0.04138597603147587,-0.17310087380161265,-0.2110042360537796,-0.09731181940664935,0.04093567251461988,0.06627680311890838,0.18128654970760233,-0.6530214424951267,,,False,,False,,,,-0.03606048038381571,False,104.40623031322713,False,False,1.7265661059788868,1.2782940739529516,,False,1.0150944998055949
EIX,512,0.09210526315789475,Edison International,Utilities,SP500,53.5099983215332,,-0.02371835466494454,-0.2765986556918356,-0.2704767799912544,-0.23121465817768716,0.005847953216374269,0.021442495126705652,0.05263157894736842,-0.4444444444444444,,,False,,False,,,,-0.036440478417902655,False,313.31643408470154,False,False,3.3276091660808262,1.1554491003278111,,False,0.7614296900535823
PCG,513,0.05465051517683096,PG&E Corporation,Utilities,SP500,12.40999984741211,-0.03649070363763807,-0.07041202301105332,-0.3147432673017895,-0.27300841730281833,-0.28017300415605595,0.001949317738791423,0.01949317738791423,0.037037037037037035,-0.5633528265107213,-0.3468446048841993,0.0,False,-0.1243296765432409,False,-0.23492350420329522,-0.25116662156194614,0.30705884378092163,-0.06122567289668024,False,593.8538858163624,False,False,3.3401234849702557,1.1519655236515154,-0.021739109509576693,False,1.3028553303883583
