Ticker,rank,score,name,sector,index,price,ret_1d,ret_1w,ret_1m,ret_3m,ret_6m,rs_1m,rs_3m,rs_6m,rs_3m_chg,pct_from_52w_high,pct_from_52w_low,new_52w_high,pct_vs_20dma,above_20dma,pct_vs_50dma,pct_vs_200dma,dist_to_50dma,pct_vs_9ema,pullback_9ema,avg_dollar_vol_m,above_50dma,above_200dma,vol_ratio_20_60,volume_x,gap_pct,gap_up,rvol
AMD,1,0.8833096821200642,Advanced Micro Devices,Information Technology,SP500,612.760009765625,-0.02833673466029929,-0.004484029240392373,0.28550148426427624,0.1358134921083869,2.033615491368273,0.9961013645224172,0.8401559454191033,0.9961013645224172,0.6764132553606238,-0.02833673466029929,2.7974715384719406,False,0.1443554563332332,True,0.2084732882463487,0.6709695997435356,-0.17250963697250643,0.03096590327191695,False,11879.76821258756,True,True,0.730872101551577,0.789651591590057,-0.009094057223979046,False,0.19016223518295505
MRNA,2,0.8831315350781827,Moderna,Health Care,SP500,197.88499450683594,-0.005003068943822964,0.14424072923140674,0.38604040474211976,1.8390961717513612,2.992836743815761,1.0,1.0,1.0,0.0,-0.005003068943822964,7.8499547900381135,False,0.2470086330065835,True,0.7538160414821451,2.0395166210373916,-0.4298147717049601,0.0995624908208701,False,2749.1579874299287,True,True,0.1982501993267762,0.7933118130655207,-0.016090165569519255,False,0.17074009516379887
AAPL,3,0.8657879477994835,Apple Inc.,Information Technology,SP500,341.9549865722656,0.002594714366677353,0.008776256680390171,0.08702079333871215,0.21477214961111124,0.37686985705790454,0.9571150097465887,0.9161793372319688,0.8791423001949318,0.5341130604288499,0.0,0.39934833007552495,True,0.034632176012753035,True,0.062259497622036974,0.18851760547205476,-0.058610441009386616,0.014158894093430074,False,14594.225613069893,True,True,0.6824796740921404,0.5815064138020651,-0.002052400363558915,False,0.1089058663162117
SMCI,4,0.856525827506361,Supermicro,Information Technology,SP500,42.154998779296875,-0.025543217408917518,0.02317956307458302,0.09607383730583585,0.49751329842106085,0.9187528491943513,0.9610136452241715,0.9883040935672515,0.9668615984405458,0.7992202729044835,-0.2816121581448142,1.0533364524784523,False,0.07415639975661992,True,0.1911051828597672,0.3243971648037458,-0.1604435826573568,0.027004037719484897,False,1695.3562669600242,True,True,0.5775076591516709,0.6703348614352685,-0.010806722085889953,False,0.11467473364045816
MSFT,5,0.8528797259511031,Microsoft,Information Technology,SP500,508.4100036621094,-0.015033766985627972,0.01355638545708171,0.006632887418740685,0.3820090722146192,0.43081061420343025,0.8070175438596491,0.9649122807017544,0.9083820662768031,0.16179337231968816,-0.05437841803160881,0.4436615891996132,False,0.017258448571625395,True,0.06426348739969812,0.1804073315807082,-0.060383061300648744,0.010771028784820391,False,13209.484358854534,True,True,0.567446552616687,0.7170936483058594,-0.020816776397200476,False,0.15217524931543563
META,6,0.85130730173989,Meta Platforms,Communication Services,SP500,725.260009765625,-0.03512221525973158,-0.021571656302698194,0.27093756547793935,0.29013940700964325,0.3819239914242203,0.9922027290448343,0.9434697855750487,0.8830409356725146,0.8245614035087718,-0.0672976958069581,0.3819239914242203,False,0.08592818735017027,True,0.17562353030363242,0.15897480385883522,-0.14938755968781403,0.005141633780675781,True,11794.984689117457,True,True,1.1656236992535347,1.3557806288304883,-0.0016430106639788722,False,0.41914672362479233
VTRS,7,0.8468757510213892,Viatris,Health Care,SP500,17.790000915527344,-0.0022433543662291333,0.04035090752426718,0.053286060296159565,0.10433929089434457,0.38352906204412607,0.9161793372319688,0.7875243664717348,0.884990253411306,0.28460038986354774,-0.0022433543662291333,0.914833482123198,False,0.04986726677065967,True,0.05680675606134944,0.18551704580974548,-0.05375321054254478,0.026550244681948554,False,152.43443923657168,True,True,0.6256627464346343,0.8128450566511808,-0.011777851114483151,False,0.09575913941105033
NVDA,8,0.8425811484571398,Nvidia,Information Technology,SP500,231.61990356445312,0.02910159517966826,0.018646752531410016,0.017102762714804598,0.189306472509557,0.3858007534176353,0.8382066276803118,0.8927875243664717,0.8869395711500975,0.364522417153996,-0.01523151603350259,0.40551755364288256,False,0.04159592991927519,True,0.07045348000068619,0.16180201896743207,-0.065816479947023,0.028941665787514115,False,25869.09977484319,True,True,0.6737541739382141,0.6578692973103812,0.0205713310230351,False,0.3410224117657175
A,9,0.8406417489690742,Agilent Technologies,Health Care,SP500,174.74159240722656,0.011294630458501098,0.07905143740165266,0.10813361469860006,0.3180584305458922,0.5917741889076829,0.9688109161793372,0.9532163742690059,0.9434697855750487,0.17738791423001954,0.0,0.5917741889076829,True,0.12163695813446584,True,0.16796015324992775,0.3242825421853308,-0.14380640707867243,0.0540113087098284,False,334.910522154718,True,True,1.0856725568784271,1.1595440598511089,-0.016146729524508463,False,0.09309470386189234
ZBRA,10,0.8323334973659416,Zebra Technologies,Information Technology,SP500,371.1000061035156,0.0028645485193936615,0.05774714963260008,0.027664759096116542,0.4506860937618924,0.8313265259636233,0.8635477582846004,0.9805068226120858,0.9629629629629629,-0.005847953216374213,-0.031222240722874495,0.862017061821829,False,0.04827253288477218,True,0.0857715859355499,0.40003820376193544,-0.07899597580797357,0.025312369526014233,False,236.45640748216246,True,True,0.4454724145521025,0.6791582615983476,0.0,False,0.08429854067992397
IQV,11,0.8219160915988603,IQVIA,Health Care,SP500,269.8699951171875,-0.0018493176352031293,-3.70896896543238e-05,0.02854634535783429,0.39626447031049206,0.6470551422908801,0.8654970760233918,0.9707602339181286,0.9532163742690059,-0.011695906432748537,-0.018725889397909756,0.722647700808523,False,0.014331500099662664,True,0.0844022985350712,0.3163275967194601,-0.07783301330981218,0.002139562941755324,False,369.29226081115723,True,True,0.5685751900907203,0.7044304613501926,-0.014239768365742256,False,0.08891678277999328
CPAY,12,0.8211956832721072,Corpay,Financials,SP500,398.3599853515625,0.0006279671678650622,0.002869906166245606,-0.013154378327689398,0.1879286387006831,0.39809776292961896,0.7348927875243665,0.8869395711500975,0.8927875243664717,0.15984405458089668,-0.0632113759291485,0.5621960209865196,False,-0.016165531035373326,False,-0.0031061287463447496,0.15401502602363126,0.0031158068435495068,-0.0030668409199414715,False,194.27295530117186,False,True,0.6304906293403411,0.8097836244680738,-0.00678199941925306,False,0.10297695314400636
WAT,13,0.8199789809378852,Waters Corporation,Health Care,SP500,433.7650146484375,0.000518997322232817,0.023223723600823476,0.029684766160855913,0.1759292444229119,0.500086488985187,0.8693957115009746,0.8752436647173489,0.9298245614035088,0.14230019493177393,0.0,0.5310073536460707,True,0.04042404812957057,True,0.07129267824063468,0.19617629428370043,-0.06654827358450477,0.017951905674695068,False,311.39171266436034,True,True,0.7708588875094738,0.8270467435186587,-0.014462378114291852,False,0.14717132410017567
SWKS,14,0.8178871837127063,Skyworks Solutions,Information Technology,SP500,86.41500091552734,-0.03274004412649323,-0.026200101467338754,0.2828830185943838,0.2762516922754492,0.6247135005819819,0.9941520467836257,0.9415204678362573,0.949317738791423,0.8888888888888888,-0.055057366875195135,0.6603025035759298,False,0.05092261069142534,True,0.19523649474758553,0.3305550025658479,-0.1633454932187427,-0.012075931001154339,True,472.0473008615962,True,True,1.6760859587481431,0.5721990699375441,0.0038057307054193412,False,0.05092809093301831
TMO,15,0.8122730723307507,Thermo Fisher Scientific,Health Care,SP500,674.8099975585938,-0.0002814850983796635,0.02436393763288547,0.07075830126539473,0.33353190612207073,0.4280974542257745,0.9454191033138402,0.9590643274853801,0.9025341130604289,0.029239766081871288,-0.005277225508248384,0.5421914582989118,False,0.06274456131461359,True,0.11219106714357907,0.2499210912969747,-0.10087391497552434,0.020455665836554893,False,1262.905776770548,True,True,0.7816192366894583,0.844675672711996,-0.010340711805555514,False,0.07408469096119294
IFF,16,0.8098242180794452,International Flavors & Fragrances,Materials,SP500,85.56999969482422,-0.0014004287917261937,0.023564608333251913,-0.010074689472008624,0.12385643680035985,0.21714690216470056,0.7524366471734892,0.8284600389863548,0.7387914230019493,0.16374269005847952,-0.023787699870425394,0.4689333145173622,False,0.008849527353485875,True,0.030945444604054684,0.1377173441314372,-0.03001656854494328,0.005351467208188909,True,133.72551027029175,True,True,0.47150453784599383,0.8299118864160732,-0.013653935873556344,False,0.059824531557586214
VLO,17,0.8063877349385642,Valero Energy,Energy,SP500,390.7950134277344,0.009336796374652234,-0.006293324319368465,0.12754268027617366,0.473059794703387,0.5498945138359286,0.9766081871345029,0.9844054580896686,0.9376218323586745,0.011695906432748537,-0.05440617842135187,1.5518298773572115,False,0.016077952912818105,True,0.12303834471111785,0.5367025284563167,-0.10955845389479313,0.00730790640475143,False,1073.1604952624757,True,True,0.9520441596846941,1.4857226102223262,0.0049847427870515215,False,0.1375355928342472
DXCM,18,0.8059955825637153,Dexcom,Health Care,SP500,87.03500366210938,0.004791051747498498,-0.023942969055476326,-0.02525475675099731,0.2437124819526888,0.39815266927083326,0.6686159844054581,0.9298245614035088,0.8947368421052632,0.052631578947368474,-0.05745064853987225,0.5870715430332143,False,-0.004036563489915546,False,0.019867746326305946,0.19759248076767033,-0.019480708550566717,-0.004967792340567323,True,389.93576175838194,True,True,0.5215681134417214,0.6670804486476267,0.002886169384355819,False,0.04922603766979895
GRMN,19,0.8036548753924385,Garmin,Consumer Discretionary,SP500,293.9849853515625,-0.0005270595266009259,0.04878523032383186,0.01812336315846208,0.26250606136062804,0.2879328739541638,0.8421052631578947,0.9376218323586745,0.8245614035087719,0.06432748538011701,-0.057595433711245425,0.5972350604809795,False,0.048981386185568576,True,0.037056519572781,0.20974009707000474,-0.03573240115017695,0.023079948385796856,False,259.7034916633606,True,True,0.593180614483302,0.6840885478404416,-0.007785436971773252,False,0.03446240407922334
RVTY,20,0.8032079819030071,Revvity,Health Care,SP500,149.9149932861328,-0.007908194820938186,0.044049008354025254,0.15577045352280838,0.34888053323514145,0.7893488996951861,0.9883040935672515,0.9610136452241715,0.9590643274853801,0.042884990253411304,-0.007908194820938186,0.8235959041601539,False,0.09886803242383713,True,0.20430384278078906,0.4254835153397456,-0.16964476531856176,0.033754456178788805,False,225.61398137365111,True,True,1.3275163358795259,1.087821102429262,-0.014161864740948493,False,0.05064260740977224
MPC,21,0.802573595327741,Marathon Petroleum,Energy,SP500,396.2699890136719,0.006988209180663674,-0.01518469057854921,0.09003130246861302,0.5328873136183694,0.5833891006039937,0.9590643274853801,0.9922027290448343,0.9415204678362573,0.007797270955165692,-0.06735866847434957,1.4649234173300871,False,-0.0011758724871511195,False,0.10732004702605002,0.5469718100904881,-0.0969187249109067,-0.002028656054223976,False,952.907807965332,True,True,0.8695683647423026,1.0002013524370597,0.006302122015565459,False,0.06791012037476682
PSX,22,0.80170403176892,Phillips 66,Energy,SP500,258.0299987792969,0.008914951238697455,-0.014212039047576397,0.07597682084230595,0.49037344266687355,0.38773506820315884,0.949317738791423,0.98635477582846,0.8888888888888888,0.025341130604288442,-0.05900584654090513,1.0958570634558602,False,-0.003929782569325191,False,0.09185588226596852,0.4330600849983559,-0.08412821120250469,-0.003658803444226977,False,694.6986466819653,True,True,0.8520027539751941,1.020113047846001,0.0056696469483137335,False,0.07307141092837735
PLTR,23,0.8001026157478932,Palantir Technologies,Information Technology,SP500,188.83839416503906,-0.00438447836734579,0.031396569676804376,0.015642454707828657,0.6321382812958498,0.31999438968042515,0.834307992202729,0.9961013645224172,0.847953216374269,0.06432748538011701,-0.0885297768083485,0.7604027227984906,False,0.05774088043141501,True,0.1440870480513079,0.24187894308546376,-0.12594063388509413,0.019417938704018756,True,5729.101652374887,True,True,0.6090573435676043,0.575320088788929,-0.018131467256433997,False,0.09543468808355637
KEYS,24,0.7936372514238412,Keysight Technologies,Information Technology,SP500,360.3599853515625,-0.004942726978019896,0.05359175112617387,0.10600938325120568,0.05947720041846938,0.2913351555372903,0.9649122807017544,0.7095516569200779,0.8284600389863548,0.46588693957115007,-0.03476726606752467,1.259451833594726,False,0.078654067402264,True,0.09083573533141287,0.2038729541194264,-0.08327169012648417,0.03393598194973557,False,397.67354383190184,True,True,0.7530230785007362,0.7327833230164286,-0.00292695727311465,False,0.04317716613992289
GILD,25,0.7927753172886554,Gilead Sciences,Health Care,SP500,150.57000732421875,-0.0023851147487683466,6.648356660021726e-05,0.017184325408074352,0.19859138950883493,0.13529370008015595,0.8401559454191033,0.8966861598440545,0.6198830409356725,0.28460038986354774,-0.01618254233171701,0.3955419901220676,False,0.014681779087774682,True,0.06652069627668511,0.11847042567226307,-0.062371688152807914,0.003715489205281086,True,852.4904364960424,True,True,0.6686209795728144,0.7307709237490473,-0.008281985428073124,False,0.0865466456055062
ANET,26,0.7923801131443525,Arista Networks,Information Technology,SP500,205.75,-0.0038731689176365602,0.0016064737318479683,0.023173721950241477,0.25380860662620086,0.703651616453137,0.8557504873294347,0.9337231968810916,0.9551656920077972,0.005847953216374324,-0.0225653206650831,0.7717213886694061,False,0.043904891168992766,True,0.07736163333721136,0.30703259867972577,-0.0718065605302628,0.013898812495281687,False,1166.4554135405263,True,True,0.6632699662656452,0.5561158657824169,-0.004647817476074456,False,0.08664349156480827
VEEV,27,0.7899539564283615,Veeva Systems,Health Care,SP500,275.6300048828125,-0.017991976360075213,0.05480083983777839,-0.023039024164409172,0.5641244068407727,0.5970219058536497,0.682261208576998,0.9941520467836257,0.9454191033138402,-0.003898635477582846,-0.09989548761004474,0.8201810619706582,False,0.02096531168050686,True,0.13298554583903166,0.37733945669708513,-0.11737620689639894,0.01791788820350604,False,427.8007289858838,True,True,0.5996482011583031,0.7603912086592401,-0.019951568510920947,False,0.1374379015623079
ROST,28,0.7851325421621023,Ross Stores,Consumer Discretionary,SP500,238.48500061035156,0.01001611698319027,0.03128648912584464,0.03948289737092381,0.14421263235219084,0.13096698423816844,0.8888888888888888,0.8499025341130604,0.6120857699805068,0.44639376218323584,-0.06380154119141246,0.6279855318905152,False,0.03587688397800037,True,0.003284482393211441,0.10347850337291065,-0.003273729885043819,0.02116300575532981,False,549.9656465234484,True,True,0.6183210941391155,0.603412415389823,-0.0010587836912157034,False,0.05733276033978744
CRWD,29,0.7787257336644503,CrowdStrike,Information Technology,SP500,253.55999755859375,0.005671648150111563,0.01688386345308679,0.11230036011035649,0.3652259720533557,1.7443044187568746,0.9707602339181286,0.9629629629629629,0.9883040935672515,0.003898635477582846,-0.03402031699497465,1.8957601434243396,False,0.09273790188387165,True,0.1868519372505748,0.6821929853810167,-0.15743491785793462,0.02069214164748634,True,2131.3457995749936,True,True,1.0874032717929472,0.8158094221550923,-0.01606315382272816,False,0.18963514251959987
CTAS,30,0.7782002571115766,Cintas,Industrials,SP500,200.52000427246094,0.003051376115137172,0.018488415783080914,-0.017780993056821015,0.1890282196614459,0.2165077738759924,0.7115009746588694,0.8888888888888888,0.7368421052631579,0.08966861598440545,-0.0715333039465249,0.23257437027582584,False,0.006864087546724296,True,-0.007271996370782463,0.0713965037085087,0.007325265676194848,0.010210613493294884,False,413.4354331638568,False,True,0.6691327730900145,1.1332156884529867,-0.002000946165503281,False,0.06796174604893451
DHR,31,0.7775286770960887,Danaher Corporation,Health Care,SP500,225.24000549316406,0.003340905971971342,0.043550821510198734,0.0443249867490203,0.1683784983888752,0.24342932877877077,0.8966861598440545,0.8693957115009746,0.7699805068226121,0.040935672514619825,-0.06553024864533075,0.39402931315484446,False,0.06317752175760583,True,0.09171916961257609,0.11866488296251498,-0.08401351937891222,0.027476688172120456,False,968.74379769164,True,True,0.6278732769476486,0.7862679830286181,-0.0048555016704869836,False,0.04688548218831854
CRL,32,0.7750388146927442,Charles River Laboratories,Health Care,SP500,295.3800048828125,0.0086737077471859,0.05867171264191806,-0.0034749123395680925,0.3094826230964902,0.8558682965972595,0.7719298245614035,0.9512670565302144,0.9649122807017544,-0.04483430799220278,-0.010717334829401293,1.0095244155668088,False,0.04415145083553074,True,0.09212076174158601,0.4198470182453222,-0.08435034381608375,0.030347411339207264,False,253.21087432779785,True,True,0.8426749953643339,1.1120164897615137,-0.012669005263875821,False,0.03781129687252782
DDOG,33,0.7740138016273561,Datadog,Information Technology,SP500,267.989990234375,-0.000522189407704321,0.09361349478445824,0.10315728116799172,0.07812681473202066,1.340932760098001,0.9629629629629629,0.7426900584795322,0.9766081871345029,0.17738791423001954,-0.06996357483648497,1.6116064494797864,False,0.14763132719862915,True,0.10334300379814776,0.4700884241556196,-0.09366353295611596,0.06630843273485798,False,1037.8316383249487,True,True,0.8421321895732596,0.7079414538846254,-0.047104034061135724,False,0.1355967123865443
WST,34,0.771724211594435,West Pharmaceutical Services,Health Care,SP500,370.1449890136719,-0.0007963865289657424,0.023121759805958986,0.06950502161378891,0.044284388733562,0.5231802891564692,0.9434697855750487,0.6764132553606238,0.935672514619883,0.11695906432748537,-0.015231346417344915,0.6049618549149622,False,0.04203011499439557,True,0.05559587052182047,0.23372498074774395,-0.05266776052689315,0.008324074701562711,True,222.97173739268126,True,True,0.7953424686168713,0.8779147086171409,-0.01050106528128747,False,0.05276484785794328
PFE,35,0.7695776732546741,Pfizer,Health Care,SP500,28.485000610351562,-0.00645271940879244,0.026856555348968136,0.016595294253789028,0.1893029860739921,0.08956119506365878,0.8362573099415205,0.8908382066276803,0.5399610136452242,0.2962962962962963,-0.018435556132769815,0.2781014084294897,False,0.014287648400714836,True,0.05434871735241398,0.10699934559937185,-0.05154719350243975,0.010703584099337693,False,956.9386601652683,True,True,0.6874052645265339,0.7098855783730229,-0.0017439566420471841,False,0.08717251362343546
BBY,36,0.7657414083153088,Best Buy,Consumer Discretionary,SP500,89.36000061035156,-0.012705794925824798,-0.04140742930492791,0.08063248115747279,0.16303003209887468,0.4528307023922673,0.9532163742690059,0.8635477582846004,0.9103313840155945,0.16179337231968816,-0.057582778971161375,0.6480418675960071,False,-0.0017751682825237758,False,0.03150051076853311,0.2581115848384923,-0.03053853143035612,-0.01854029241822408,True,312.744045227117,True,True,1.2024683496088386,0.7612694137384134,-0.01602037944330459,False,0.1303246542944777
MET,37,0.761579366986721,MetLife,Financials,SP500,97.63999938964844,-0.0006140999024343285,0.010347682184558504,0.014441552100243449,0.1425155809712355,0.46230053129192683,0.8323586744639376,0.8460038986354775,0.9142300194931774,0.04873294346978552,-0.02311153205727412,0.46230053129192683,False,0.007683531118956477,True,0.014739228287782957,0.18064996202637618,-0.014525138948903171,0.004374383070030019,False,324.39891567556765,True,True,0.8477470167427257,0.7584222165529502,-0.0019446757210480614,False,0.0437709131074684
MRK,38,0.7615595304852695,Merck & Co.,Health Care,SP500,148.48500061035156,-0.001982781095346775,-0.0067892935762436935,-0.0011938115175765818,0.1544401356602667,0.25750701063970904,0.7797270955165692,0.8538011695906432,0.7953216374269005,-0.03898635477582846,-0.045308517464048625,0.9450890021295588,False,0.006960649783096073,True,0.059471032017256675,0.23256637494168442,-0.05613275891462777,0.003001281803152178,False,1394.474009250038,True,True,0.45186482182400295,0.8132129408647346,-0.007595139750530389,False,0.05490383526562895
HPQ,39,0.7604811114544352,HP Inc.,Information Technology,SP500,31.125,-0.005591030074318382,-0.055386971796131945,0.06066419818036062,0.3881396123527472,0.6363228885261409,0.9298245614035088,0.9688109161793372,0.9512670565302144,0.1286549707602339,-0.12274519724984834,0.7761666932608811,False,-0.03959679043291864,False,0.043593140325679736,0.3509918875417781,-0.04177216066414091,-0.029232728500397043,False,462.9003029944328,True,True,1.283529897150056,0.7364738952444058,-0.00031943520054034114,False,0.08175794142570317
WBD,40,0.7591572157181385,Warner Bros. Discovery,Communication Services,SP500,30.850000381469727,-0.0003240514803645178,0.001623413819731967,0.06821334064923956,0.1371176312486848,0.13963800255853887,0.9395711500974658,0.8421052631578947,0.6276803118908382,0.3099415204678362,-0.0003240514803645178,0.8040935493136054,True,0.06506016491225064,True,0.1089543218642628,0.11561133902517895,-0.09824960299636121,0.024513168234663096,False,834.957554109401,True,True,1.9079112470284252,2.038339139109601,-0.0003240514803645178,False,0.252222894996215
DELL,41,0.7584200226593883,Dell Technologies,Information Technology,SP500,547.8900146484375,-0.026648189894376673,-0.04766123138224032,0.1601448424996781,0.3236424419695556,2.204082634259255,0.9902534113060428,0.9571150097465887,0.9980506822612085,-0.03703703703703698,-0.06884773637792674,3.956274684564173,False,0.026474511454121386,True,0.14444120846315145,0.9263406349122947,-0.12621112154561342,-0.00539529031491226,True,3793.364709869031,True,True,1.250531351219571,0.9243655158002986,-0.01980853119419157,False,0.13494692311801562
HPE,42,0.7571964538438943,Hewlett Packard Enterprise,Information Technology,SP500,62.11000061035156,-0.01318713114819181,0.005829969398405854,0.14440535675502053,0.40209635474636984,1.6085743907083292,0.9805068226120858,0.9727095516569201,0.9844054580896686,-0.003898635477582846,-0.022197730435308483,2.158339421077808,False,0.07512472233397216,True,0.14681103804592244,0.7299927290561579,-0.1280167640312192,0.014989321433323433,True,1097.3294604149137,True,True,1.4239926851428417,0.7051132463322912,-0.0030187262607971332,False,0.10611933056880994
EMR,43,0.7551412778521648,Emerson Electric,Industrials,SP500,158.82000732421875,0.003728822679712751,0.046796770672229426,0.007038238305102862,0.11580037213971339,0.27593825046245946,0.8109161793372319,0.8167641325536062,0.8089668615984406,0.15984405458089668,-0.030547489018197704,0.2982340601798046,False,0.049262253449954274,True,0.03806478293115867,0.1076808297865035,-0.036668985941008536,0.02757731896070803,False,387.3823468875977,True,True,0.7799226552465195,0.6876607986098396,-0.010048640465291303,False,0.03946001236389311
SOLV,44,0.7549364278275598,Solventum,Health Care,SP500,88.7300033569336,-0.008603314447669375,-0.0012381020428984257,-0.02419440163706854,0.13407471599665843,0.4137986891323733,0.6705653021442495,0.8362573099415205,0.898635477582846,0.005847953216374324,-0.040134130100486165,0.4199072007307809,False,-0.009234300332565004,False,0.016357054168680163,0.14013749516638074,-0.01609380689747797,-0.0019159474185711511,False,90.89914390598206,True,True,0.536200707459562,0.5309784335591267,-0.005474836466698663,False,0.03694492313017827
ELV,45,0.7543295071773803,Elevance Health,Health Care,SP500,396.489990234375,0.0010098560937730205,-0.03132102172115536,-0.002240702795967331,0.02624980598134341,0.3961243697944947,0.7777777777777778,0.6432748538011696,0.8908382066276803,0.2202729044834308,-0.06695166178568357,0.43300140496562367,False,-0.024174553832628898,False,0.0015285227159509418,0.09464225420008754,-0.0015261899000198476,-0.014343570475160994,False,426.3132509656006,True,True,0.761104231456744,0.896652695113608,0.002272195472759808,False,0.09683850626705251
MTD,46,0.7519455030269739,Mettler Toledo,Health Care,SP500,1518.885009765625,0.004792804534796913,0.06183067586355673,0.07919040506547148,0.2065943300654085,0.23282114347630678,0.9512670565302144,0.9083820662768031,0.7543859649122807,0.05458089668615984,-0.00017444929347232296,0.48107316838591707,True,0.09267882008658979,True,0.09160103459588331,0.15367559202534653,-0.0839143896834017,0.03703543878913762,False,266.3218923589697,True,True,1.2052493023024005,0.9923831661383188,-0.014996985873375945,False,0.09979462092596032
NTAP,47,0.7505641958778223,NetApp,Information Technology,SP500,201.91000366210938,0.003778323582829035,0.018975573461734507,0.0591166822730953,0.30609606463808325,0.9890621210345867,0.9259259259259259,0.949317738791423,0.9727095516569201,-0.003898635477582846,-0.024966187575965137,1.1630070375021506,False,0.05462467465226317,True,0.07267934001377818,0.48151621359212515,-0.06775495462870085,0.02435004926417439,False,442.5395840934405,True,True,1.0302607777650779,0.6796822745104651,0.0,False,0.10116213525363182
BIIB,48,0.7482440881503607,Biogen,Health Care,SP500,228.8300018310547,0.005404199009465982,0.044551943125611615,0.033092559056680404,0.05631720755784442,0.24472370751397432,0.8771929824561403,0.6998050682261209,0.7719298245614035,0.011695906432748537,0.0,0.6519635776285362,True,0.041236775692928385,True,0.07223419220238259,0.1782409362257269,-0.06736792458932195,0.021155618054151226,False,189.34693552631256,True,True,0.6606696767552175,1.049292890853929,-0.007601102548043359,False,0.0721460334888828
VRSN,49,0.7451471143612457,Verisign,Information Technology,SP500,284.3500061035156,-0.010095714174010006,-0.07732489823677746,-0.035218689973495754,0.12948918803070675,0.15542010703679132,0.6198830409356725,0.834307992202729,0.6491228070175439,0.47953216374269003,-0.08004928345669005,0.35204187019973987,False,-0.03061231045286683,False,-0.011237201334257763,0.0777618999636498,0.011364911128757704,-0.028735963463678793,False,221.1376115518762,False,True,0.7190832069971571,0.6854325169896682,-0.01120975185623363,False,0.04524489853344828
PM,50,0.7445091038097527,Philip Morris International,Consumer Staples,SP500,192.39500427246094,0.010053594014465927,0.02621617589571934,0.010053594014465927,0.052086232895503626,0.18619348122244328,0.8187134502923976,0.695906432748538,0.7017543859649122,0.14035087719298245,-0.03884195417698011,0.3684399655089894,False,0.01660079773514611,True,0.01222330381925496,0.09544849351042095,-0.012075698882978547,0.00867667959066587,False,886.2283423121494,True,True,0.678241483303592,0.9638140373021936,0.00042000122243357474,False,0.06007934663035341
ETN,51,0.7420686419244458,Eaton Corporation,Industrials,SP500,440.239990234375,0.000590888771205833,0.011046546263466128,0.05816743868958962,0.08098550546533057,0.2383667667035223,0.9239766081871345,0.7485380116959064,0.7621832358674464,0.29239766081871343,-0.04287329678026808,0.4056191895908179,False,0.0585529352965497,True,0.049129751004415745,0.14132448778473394,-0.046829051370795516,0.019717988958122268,False,866.2237409960888,True,True,0.8465621216686496,0.6347427710212312,-0.005159369686275395,False,0.07639389535975248
FFIV,52,0.7387593794226817,"F5, Inc.",Information Technology,SP500,438.5799865722656,-0.0101115221663306,-0.025594355421094117,0.0691335996957021,0.06824821994420671,0.5553584278480304,0.9415204678362573,0.7270955165692008,0.9395711500974658,0.18518518518518523,-0.038180670705426634,0.9580337328294348,False,0.04408767357238008,True,0.07485242120763824,0.2845571425047666,-0.0696397195845162,-0.0006874110491216223,True,244.4221193015741,True,True,1.0467524029001625,0.6424365918769767,-0.0058682934993963265,False,0.0436794913650109
AMZN,53,0.737160824435518,Amazon,Consumer Discretionary,SP500,245.65499877929688,-0.01608122489323527,-0.0495067240216841,-0.04138379217275234,0.02296576748424095,0.23234174421725262,0.5867446393762183,0.6296296296296297,0.7524366471734892,0.43469785575048736,-0.13507848643895348,0.2357513309319743,False,-0.030056200633535535,False,-0.04094775498593195,0.019583887568043634,0.04269606290878469,-0.019629897745324087,False,10080.884551374453,False,True,0.5215337360734297,0.8141627942157857,-0.01341767480792666,False,0.1541893743506042
NUE,54,0.7356624056335663,Nucor,Materials,SP500,246.64999389648438,-0.002426718315533316,0.017533003741802666,-0.022665139800185252,0.08170331231887218,0.5186329830980256,0.6842105263157895,0.7504873294346979,0.9337231968810916,0.3450292397660819,-0.10224211012720652,0.8890955361846764,False,-0.02947579178244919,False,-0.03554695442677447,0.1599304745403889,0.03685711252604018,-0.01076763787627777,False,349.7293978545038,False,True,0.9214048812258181,0.7019537177323288,-0.00889786430027173,False,0.08374157203817341
FOXA,55,0.7342984554231851,Fox Corporation (Class A),Communication Services,SP500,63.33000183105469,0.004122437569185511,-0.02253432727028648,-0.05370736986921654,0.26234960364854265,0.07612580243147571,0.49707602339181284,0.935672514619883,0.5185185185185185,0.5107212475633528,-0.1601388856427468,0.3037465481490602,False,-0.03200935729302368,False,-0.005899584930002089,0.005369382723557026,0.005934596586590013,-0.014464526490971852,False,312.66866535204315,False,True,0.5694306258148462,0.7319521080864649,-0.004122377085639006,False,0.06971924607809897
MSTR,56,0.7342173927970611,Strategy (MicroStrategy),Information Technology,NDX,158.6898956298828,0.0005037199371022982,-0.0582202039769566,0.15494834555406167,0.7122345177746041,0.25914383215840364,0.9844054580896686,0.9980506822612085,0.8011695906432749,0.8693957115009746,-0.5588148278996621,0.9279540801458139,False,0.11236046662147481,True,0.3341945316018169,0.1635001080962022,-0.25048411133913673,0.025762563272153427,True,2783.0331973526554,True,True,1.2347447940744722,0.7441884930233218,-0.004465078961178648,False,0.16269917861146682
DE,57,0.734187638044884,Deere & Company,Industrials,SP500,689.4650268554688,-0.0014410611556405772,0.006915202374339291,0.10728978349702079,0.10312637571038907,0.2234819787009934,0.9668615984405458,0.783625730994152,0.746588693957115,0.03508771929824561,-0.028210737673045383,0.5842774120596408,False,0.006099327347460326,True,0.07276722470840369,0.18417572650573,-0.06783132727436103,-0.001287343458235557,True,794.0344737193543,True,True,0.8390740424998203,0.9305880214988751,-0.004822896306624469,False,0.05227418907279298
EXPD,58,0.7337947227276715,Expeditors International,Industrials,SP500,187.7899932861328,0.0017603038538738236,-0.02269061019434848,-0.015362877075381753,0.15941218664465473,0.33662175965471786,0.7212475633528265,0.8596491228070176,0.8576998050682261,0.00974658869395717,-0.031511092329448154,0.6772947306295332,False,-0.006086624671992835,False,0.020632181887484613,0.1625395983749811,-0.020215100262005237,-0.0019041876806529245,False,183.27982915094606,True,True,0.858045800821911,0.8653874597985904,-0.004320990015855397,False,0.03336456361684614
KO,59,0.7302745066623941,Coca-Cola Company (The),Consumer Staples,SP500,87.44499969482422,-0.0041566777578597724,0.0037304515380647274,-0.012274874528493518,0.06432901513458922,0.16939283063767552,0.7446393762183235,0.7134502923976608,0.672514619883041,0.060428849902534054,-0.043735199142451275,0.3593219940976138,False,-0.005174224711907982,False,0.0029926300670937156,0.10997560680068341,-0.002983700953907764,-0.005237340898501586,False,1328.7393558625436,True,True,0.5057994441239951,0.7514690543306549,-0.002334520070147672,False,0.10381215551861575
TXN,60,0.7301995475751785,Texas Instruments,Information Technology,SP500,275.2900085449219,-0.009997477995012605,0.01631784068893327,0.03282809229191308,-0.03075699178582214,0.4611750527852896,0.8752436647173489,0.5029239766081871,0.9122807017543859,0.43859649122807015,-0.16727004112645372,0.8256095861724291,False,0.042654581708398975,True,0.017431309496990455,0.1235541001983449,-0.017132664715820867,0.016519261362822002,False,1782.989141411256,True,True,0.5647917663564369,0.6558970323298022,-0.0033804524639373668,False,0.053099237770593825
NDAQ,61,0.7283000118256067,"Nasdaq, Inc.",Financials,SP500,92.9000015258789,-0.006948172150451848,-0.01890380050032192,-0.06176082854470011,0.21293512415896299,0.14811472105867352,0.4346978557504873,0.9142300194931774,0.6393762183235867,0.30604288499025345,-0.07066113964739795,0.21293512415896299,False,-0.010317614402777897,False,-0.01832747639799248,0.030970432780833335,0.018669643855105944,-0.007097771179655599,False,288.83952627039014,False,True,0.8545397723696712,0.8420888972626677,-0.005879241409041058,False,0.053871674816649444
IVZ,62,0.7269133640799105,Invesco,Financials,SP500,30.4950008392334,-0.013745124062479852,-0.028202624130076126,-0.08450916895832883,0.1672610842495026,0.33357080126953176,0.2826510721247563,0.8654970760233918,0.8557504873294347,0.04483430799220267,-0.08450916895832883,0.4002707851560898,False,-0.030512054142038947,False,-0.02537596059061442,0.11137896096701216,0.02603666600096588,-0.011853792331967483,False,135.93125116707316,False,True,0.7136091404689019,1.0863881771687796,-0.011642969258191305,False,0.06540531880521455
NDSN,63,0.7258139641340795,Nordson Corporation,Industrials,SP500,327.3800048828125,0.00494218596996987,0.041450607686662755,-0.007486419259647881,0.08671956017368321,0.2654916614486331,0.7582846003898636,0.7621832358674464,0.8031189083820662,0.023391812865497075,-0.018932818003310814,0.46215443127293354,False,0.036610547191707976,True,0.0511918211720932,0.15408280053159462,-0.048698838918869725,0.021568653212677535,False,113.7072601950708,True,True,0.667756947131411,0.6877718581196868,-0.0040518674253484654,False,0.03361931793747044
WAB,64,0.7240336381288076,Wabtec,Industrials,SP500,290.8599853515625,0.009930504692925446,0.02639558310348411,-0.021595847194888607,0.08520391879888711,0.20905137501067173,0.6881091617933723,0.7582846003898636,0.7251461988304093,0.04483430799220278,-0.0478426381359458,0.5297023533283574,False,0.02704797640788592,True,0.004558170180929633,0.1205197189813223,-0.004537487540526075,0.01304383680807275,True,268.638539902771,True,True,0.5813794160251812,0.7076389637247413,0.003055572509765625,False,0.035425371993477374
MPWR,65,0.7234377801428991,Monolithic Power Systems,Information Technology,SP500,1344.320068359375,-0.016900305276197902,0.052157043897559374,0.025353230480857913,0.025595679126169557,0.2811493346269689,0.8596491228070176,0.6393762183235867,0.8109161793372319,0.5906432748538011,-0.2032787440292949,0.576905213959287,False,0.0808538376974397,True,0.03054837933761312,0.056175111565717195,-0.029642838657655268,0.02901856815720838,True,975.7865047960694,True,True,0.7832395450751392,0.9035374074293898,-0.010457608993832967,False,0.06137728060008595
PFG,66,0.7231816222443476,Principal Financial Group,Financials,SP500,116.18000030517578,0.012285472713696066,-0.0024899193997415248,0.04362502694224912,0.07882607033563316,0.3561335520301021,0.8947368421052632,0.7446393762183235,0.8674463937621832,0.14035087719298245,-0.019660803215379996,0.5331635920054512,False,0.011002247798468812,True,0.02859191765297342,0.16394363580446014,-0.0277971440007172,0.00795982138892315,False,156.65760463672257,True,True,1.5326394569806825,0.7759445064526348,0.0023525684443526096,False,0.04969846746868103
FOX,67,0.7184229599874878,Fox Corporation (Class B),Communication Services,SP500,56.775001525878906,0.004156360214826682,-0.01943005130141784,-0.05537585353172236,0.2482016750623861,0.06885158262751512,0.47953216374269003,0.9317738791423001,0.49707602339181284,0.5146198830409356,-0.15345443136526848,0.2853187188806334,False,-0.028797488858078868,False,-0.0013639659427434614,0.004383852996046933,0.0013658288868285684,-0.012416959064055821,False,64.4285808699585,False,True,0.606905117526934,0.680362574708427,-0.004952291996112135,False,0.07914146591048553
JCI,68,0.714211708876453,Johnson Controls,Industrials,SP500,150.8300018310547,0.004194440050685255,0.0389172712516328,0.06358383430946213,0.07675851601843586,0.15523488276314068,0.935672514619883,0.7368421052631579,0.6471734892787524,0.253411306042885,-0.022665630219231958,0.44138627343103276,False,0.0535585378376211,True,0.04102629759210186,0.10729989105057691,-0.03940947283175833,0.030812625618233502,False,466.39131681424715,True,True,0.920412850779833,0.7143889081886172,-0.0034620791146895424,False,0.05405900873018865
ADI,69,0.7135124722002877,Analog Devices,Information Technology,SP500,391.7449951171875,-0.004712934343401032,0.022832885423466065,0.0491791005373603,0.0029571402185133433,0.2815991920255252,0.9064327485380117,0.5867446393762183,0.8128654970760234,0.4736842105263158,-0.11794347738760869,0.761299086194122,False,0.057676134165921544,True,0.050794924186800205,0.10265877300641102,-0.04833952183972512,0.02344345251938429,False,1349.0158017492065,True,True,0.7621265461180642,0.6218802270745383,0.0032011667390967613,False,0.07341064290540596
DIS,70,0.7107477598104852,Walt Disney Company (The),Communication Services,SP500,106.16999816894531,0.00018838099650464457,0.01861263311455774,-0.006085017110427859,0.08469555729618561,0.1575798114038287,0.7641325536062378,0.7563352826510721,0.6530214424951267,0.2982456140350877,-0.07677319223630186,0.1575798114038287,False,0.0038577019739498564,True,0.024243397818077606,0.02637159399932454,-0.023669567087005627,0.0076897374460374035,False,959.3484960251502,True,True,0.7978121834555003,0.6753391041406642,-0.009703238478482423,False,0.09209592201298523
AME,71,0.7106991222348108,Ametek,Industrials,SP500,251.25,0.002033957468545511,0.041537140695298014,0.0326102873092482,0.05845596712432388,0.20432708500596708,0.8732943469785575,0.7037037037037037,0.7212475633528265,0.12670565302144254,-0.026705266054889654,0.4100111621430802,False,0.052712628933269556,True,0.03574819939433538,0.09872376785719017,-0.03451437271649571,0.02550967758067446,False,323.13312078289795,True,True,0.9306940577160405,0.9375318154099714,-0.006899620915798765,False,0.05917303816406446
CVX,72,0.7099018474649333,Chevron Corporation,Energy,SP500,207.57000732421875,0.015260505857412232,0.019148667895790616,0.039044916078189607,0.24284151192179904,0.0007070188485147622,0.8869395711500975,0.9278752436647173,0.36257309941520466,0.3099415204678362,-0.046838392561541875,0.45394415775220165,False,-0.009481871975419831,False,0.03396957889425578,0.13455597652780704,-0.03285355738471851,0.002940922376071242,False,1733.119327864723,True,True,0.9788599147376394,0.812978832976816,0.012472502273518593,False,0.0951303524745955
WDAY,73,0.7084020935138455,"Workday, Inc.",Information Technology,SP500,188.24000549316406,-0.006386864473841625,-0.0191746181267769,-0.02753526698031905,0.523223844506052,0.5158641087981886,0.6530214424951267,0.9902534113060428,0.9317738791423001,-0.0019493177387914784,-0.24001774945400034,0.6732444932725694,False,-0.022010446475270395,False,0.0354064916943555,0.1920548638405728,-0.034195740492621196,-0.012483088523323693,True,744.9152088260995,True,True,0.6627715872897125,0.32710675747827556,-0.024544702936863838,False,0.08408151064436374
TGT,74,0.7062856913974432,Target Corporation,Consumer Staples,SP500,160.0800018310547,0.016703746800814878,0.015027550670816847,-0.03525577715270045,0.20451543325860078,0.35875129612998835,0.6179337231968811,0.9044834307992202,0.8713450292397661,-0.0292397660818714,-0.057743231466463096,0.9656886161629172,False,0.00657089310306036,True,0.04061090879473617,0.2696949220370022,-0.0390260263961415,0.0130518422665713,False,596.27715082802,True,True,0.7441680067497437,0.6253972764673152,-0.00539848117625541,False,0.14063294869369442
AES,75,0.7054220406419396,AES Corporation,Utilities,SP500,14.875,0.00033625517682578376,0.003034394910684579,0.008474576271186418,0.0289412417246373,0.08850150337819573,0.8167641325536062,0.6530214424951267,0.5380116959064327,0.2417153996101365,-0.11811233042924663,0.1865874024412213,False,0.00416856090863349,True,0.008620892692960291,0.03197421830728553,-0.008547208128857009,0.002334138916211259,False,104.89526320269295,True,True,0.6425471841122646,1.0355798814759523,-0.0006725103536515675,False,0.09235351873107187
QCOM,76,0.7052824221894157,Qualcomm,Information Technology,SP500,188.6999969482422,-0.06570284790937897,-0.028471394228182012,0.1513958389157517,0.005335905047115563,0.49813354816044186,0.9824561403508771,0.5925925925925926,0.9278752436647173,0.5828460038986354,-0.24138419880417794,0.5348412950378527,False,0.03543486922263028,True,0.11002192519502585,0.12506756021832133,-0.09911689372774812,-0.013642421881100097,True,2110.3410143375363,True,True,1.0014140910784644,0.8291723518930079,-0.014804205946885807,False,0.24423599432355034
LLY,77,0.6970119362332773,Lilly (Eli),Health Care,SP500,1188.9949951171875,0.004676993191474521,0.02069292393756572,0.010964220558567384,-0.03189718491984528,0.3581122105483463,0.8226120857699805,0.4951267056530214,0.8693957115009746,0.021442495126705652,-0.07134430943472136,0.6469061817355466,False,0.03253789454462841,True,0.010219890688309086,0.11271442358190842,-0.010116501152383606,0.017533352946487613,False,2918.617572039766,True,True,0.52852899296398,0.7440104886629665,-0.0026700625400726263,False,0.1087426214261763
MA,78,0.6963502744685153,Mastercard,Financials,SP500,568.8350219726562,0.0020875495598136062,0.0020875495598136062,-0.03869156414545205,0.11802168626367093,0.17868771455090693,0.5964912280701754,0.8226120857699805,0.6842105263157895,-0.01949317738791423,-0.05172034164059691,0.2083312399912589,False,-0.004563419749223141,False,-0.0008650085385913941,0.07080069809380318,0.0008657574261574652,0.003824267658076419,False,1577.2969416410926,False,True,0.6528941932348311,0.824315248104884,-0.002413450292020336,False,0.06173280731895278
GPN,79,0.6937558889613685,Global Payments,Financials,SP500,85.125,-0.015782147039933303,-0.001934586865472765,-0.0795124416543509,0.20030943928598743,0.3003548921588657,0.3235867446393762,0.898635477582846,0.834307992202729,0.0019493177387914784,-0.09979953956870757,0.37175263881713727,False,-0.030788828810461744,False,-0.03003892100551131,0.11945061864145012,0.030969202430938036,-0.008845271565018353,False,247.69940685194518,False,True,0.6561165937597976,0.6803239817383548,-0.016649264048773094,False,0.06049945162148477
CRM,80,0.6927056987979843,Salesforce,Information Technology,SP500,226.82000732421875,-0.030766587542915724,-0.04060566330715576,-0.09851601095010476,0.4387327509119068,0.2736336192042761,0.21637426900584794,0.9766081871345029,0.8070175438596491,-0.0019493177387913674,-0.14218823288263172,0.5135828520680104,False,-0.07939342922525272,False,0.057475140423021376,0.13299183157904304,-0.054351292267759255,-0.042255484725228665,False,3074.889341756036,True,True,0.5452327265241105,0.6864728466159556,-0.03867192071845804,False,0.17282164889978743
ADM,81,0.691068805957054,Archer Daniels Midland,Consumer Staples,SP500,81.8949966430664,0.009553671970468747,-0.017810034292015886,0.03533499649636207,0.07213172324582562,0.1485274507187726,0.8810916179337231,0.7348927875243665,0.6413255360623782,0.3957115009746589,-0.07032580261510957,0.505138985153669,False,-0.03024027333674928,False,-0.004000970376469959,0.11770835511366506,0.004017042444290686,-0.01273292891335498,False,311.7411733801968,False,True,1.024450792163468,0.5933665618610787,0.009615369241709582,False,0.05638717484362113
APH,82,0.6891461912009856,Amphenol,Information Technology,SP500,84.38999938964844,0.003567642583219177,0.04708726486091863,0.047476557843493916,0.015754006272584054,0.36949356179921833,0.9025341130604289,0.6179337231968811,0.8771929824561403,0.011695906432748537,-0.04127857421082404,0.42087118096824216,False,0.043235182104574,True,0.04910802780476775,0.14746051457110587,-0.04680931467803662,0.027369156580893783,False,986.479221568587,True,True,0.8497964114166887,0.7971308644984275,0.0008325285678150163,False,0.07898307545321498
VLTO,83,0.6886937663794189,Veralto,Industrials,SP500,96.80000305175781,-0.0035000652669023857,0.017020411235425748,-0.01596014690442582,0.09763021596836952,0.14182573216807648,0.7173489278752436,0.7738791423001949,0.6335282651072125,-0.021442495126705596,-0.0926439609955696,0.17892127119899248,False,0.008816759533015084,True,0.005357092617242376,0.04186971573899023,-0.005328547096928871,0.006967375136471388,False,154.64755044830628,True,True,0.5933522793225909,0.948454988310627,0.0,False,0.03732792442905677
EL,84,0.6870814784297121,Estée Lauder Companies (The),Consumer Staples,SP500,93.94000244140625,-0.005610233645056084,-0.024911708404751653,-0.1125214519501544,0.18759085676190357,0.4074602260504139,0.1695906432748538,0.884990253411306,0.8966861598440545,0.10331384015594536,-0.20641723623898522,0.4074602260504139,False,-0.040851107051498636,False,0.01309121691183357,0.023669353773806634,-0.012922051532278656,-0.021829192065877523,False,288.21639519810975,True,True,0.7124129682773926,0.8041370936725909,-0.016407357168723435,False,0.09574606915496361
TEL,85,0.6865212879992981,TE Connectivity,Information Technology,SP500,218.08999633789062,-0.0022873873844945214,0.03847436808914195,0.07433495732951045,0.10409260792498132,0.08730516519070597,0.9473684210526315,0.7855750487329435,0.5341130604288499,0.5224171539961013,-0.11461287025022837,0.1222828737045385,False,0.046743221356671416,True,0.04885736953412345,0.021782779633687355,-0.046581519044695874,0.02435856215414889,False,463.50579487894527,True,True,0.9057259969264853,0.47951398302928616,-0.004712012427616874,False,0.05272642106330247
APA,86,0.6851895721037754,APA Corporation,Energy,SP500,43.154998779296875,0.009709805440629271,-0.014950983187904332,0.018286873328200892,0.3185297040354187,-0.014426037329902441,0.8440545808966862,0.9551656920077972,0.34307992202729043,0.17738791423001943,-0.08974902091984494,1.0390423291261621,False,-0.023305579544977584,False,0.05166241419568274,0.2434371135735689,-0.049124522754000255,-0.011331437929395838,False,229.01208605932007,True,True,0.9287176181767127,0.8726702108138689,0.009592883278211728,False,0.10262499575037114
GOOGL,87,0.6842170113258795,Alphabet Inc. (Class A),Communication Services,SP500,341.0799865722656,-0.008257812120798569,-0.039130108461760904,0.0019058292647702313,-0.03492370536844147,0.24481691466086075,0.7875243664717348,0.4873294346978557,0.7738791423001949,0.391812865497076,-0.15179801751681965,0.44552157367915113,False,-0.0022671143881330957,False,-0.008563249605948564,0.009289668373201998,0.008637212210002243,-0.008007237498045883,False,9319.844311987456,False,True,0.7199177661140482,0.8430254854226664,-0.009362645658827606,False,0.11636000639291776
GOOG,88,0.6842154854411523,Alphabet Inc. (Class C),Communication Services,SP500,337.95001220703125,-0.009176657934959809,-0.0368227066718575,0.00136044259732504,-0.03732232777187361,0.23602031217422326,0.7855750487329435,0.4853801169590643,0.7582846003898636,0.38596491228070173,-0.15203255892307455,0.4267221176503935,False,-0.0016587564821164413,False,-0.010941171446095743,0.004307868742818632,0.011062204926771235,-0.00747342841775378,False,6154.986981574408,False,True,0.6932089913128643,0.836790431576523,-0.010619147714192367,False,0.11596579871404156
XOM,89,0.6839866027320967,ExxonMobil,Energy,SP500,163.11500549316406,0.01572332780904162,0.0304169447162419,0.04266813441311412,0.2066088211676962,-0.033361618382243496,0.8927875243664717,0.9103313840155945,0.3060428849902534,0.36452241715399614,-0.03664659557433858,0.5170148062102795,False,0.0019179917493523657,True,0.023689621780306647,0.11171880036890913,-0.02314141051768004,0.007110511925916274,False,2236.8603803411866,True,True,1.0746914942561603,0.7354798478992975,0.01376179565517388,False,0.0960423294482882
ZS,90,0.6833615622007836,Zscaler,Information Technology,NDX,199.30999755859375,0.032426803459607356,-0.03775410196433426,0.064121699472248,0.4484737552166538,0.496770742544725,0.9376218323586745,0.9785575048732943,0.9259259259259259,-0.0019493177387914784,-0.40729174749373687,0.6883523287263984,False,0.06188654506147495,True,0.13999694481747404,0.191937261732265,-0.12280466667381207,-0.0029566595171081067,False,504.86803424626464,True,True,1.6479420189637815,1.0983678968693378,-0.02154884017792036,False,0.3585208869059954
EBAY,91,0.681585623114102,eBay Inc.,Consumer Discretionary,SP500,107.88999938964844,-9.269820286395003e-05,-0.0037858139478853525,0.05816006628504233,-0.023303036303461644,0.2334398257789636,0.9220272904483431,0.5243664717348928,0.7563352826510721,0.37231968810916183,-0.08777703128321124,0.3711223216475934,False,0.0052128681263019505,True,0.0025093262802133864,0.07782264243963288,-0.0025030453228043203,-0.0047483890769378645,True,502.3551023043228,True,True,0.8247380112943304,0.6372140266482568,-0.003058404322409003,False,0.04532202396690081
COIN,92,0.6785720007782011,Coinbase,Financials,SP500,196.2899932861328,0.006047832874224612,-0.023675750775291382,0.029205075659495483,0.2943620256267172,0.21813326318494686,0.8674463937621832,0.9454191033138402,0.7426900584795322,0.4658869395711501,-0.493144320875318,0.3912396228010808,False,0.05942639456519139,True,0.14639834760722326,0.0496914604313905,-0.12770285992891361,0.01755607706975959,False,1619.6755637291785,True,True,1.2609617219494307,0.639674972081685,0.004561526251162462,False,0.19150426457494887
JNJ,93,0.6772736636110825,Johnson & Johnson,Health Care,SP500,272.1964111328125,0.0036000660265274043,0.010117675064974518,0.02418039050605536,0.05813649867966242,0.14415473055222616,0.8576998050682261,0.7017543859649122,0.6354775828460039,-0.042884990253411304,-0.022388326354723764,0.5324884829246606,False,0.008699651282134235,True,0.02837598218011017,0.1406308946517858,-0.027593003601614985,0.007363739579356654,False,1752.7849803355982,True,True,0.5848934753561394,0.7148682237306495,-0.003871350889473435,False,0.1457668778964401
FAST,94,0.6761900947192945,Fastenal,Industrials,SP500,50.5,0.0013880566012416384,0.017119807613259708,-0.012514653838224032,0.07124724020724704,0.13565496426208945,0.7426900584795322,0.7309941520467836,0.621832358674464,0.0,-0.035891581324530186,0.3111139832613068,False,0.02043909143829392,True,0.020818967646307973,0.10442909917432042,-0.020394377755646675,0.007131550611286341,True,340.78778263226775,True,True,0.7273117081878212,0.9296290335617974,-0.005155703641821829,False,0.040992939144398374
MDLZ,95,0.6733254368798709,Mondelez International,Consumer Staples,SP500,60.255001068115234,8.300527992100015e-05,0.0014127123443024026,-0.034839007311044834,0.01014248997083178,0.05176130794987843,0.621832358674464,0.6042884990253411,0.4756335282651072,0.21832358674463936,-0.07285731576079879,0.18979101149832212,False,-0.021528624243334904,False,-0.02945537734458825,0.0218858816310894,0.030349328260660835,-0.011518121321440256,False,498.419817039002,False,True,0.5405957650741317,0.7598190094742687,-0.0015767837461099221,False,0.05015064860261776
MO,96,0.6690521967018002,Altria,Consumer Staples,SP500,69.27999877929688,0.006684090184720715,0.010944112262651462,0.04014313515940615,-0.049473564329157727,0.07459546173023424,0.8908382066276803,0.45614035087719296,0.5126705653021443,0.22807017543859648,-0.060511441466719273,0.3274150763525463,False,0.010062345126940375,True,0.01882833646259119,0.06308711605496242,-0.01848038161950205,0.004838747747026861,False,591.2368472939878,True,True,0.442967842313651,0.6470043782034159,0.0026155231905546916,False,0.09115488857704283
ABBV,97,0.6659783019191814,AbbVie,Health Care,SP500,264.9100036621094,0.002156341575680898,0.0016258040604946178,0.026186364227983372,0.04909597261266141,0.2846656163588148,0.8615984405458089,0.6861598440545809,0.8187134502923976,-0.12670565302144254,-0.003985402691013107,0.3516849871777443,False,0.016724099112717772,True,0.029750080531123935,0.1586752981875561,-0.028890583349874044,0.004200560309369994,False,1173.744347325641,True,True,0.5640027089078481,0.5465453656241304,-3.7867011287273655e-05,False,0.05824689136056139
ULTA,98,0.6636728808322176,Ulta Beauty,Consumer Discretionary,SP500,544.4500122070312,-0.0013756419354502558,-0.024038241667540095,0.008054132230564504,0.18585558894698928,0.06683782598641708,0.8128654970760234,0.8830409356725146,0.49317738791423,0.4230019493177388,-0.2297190139422699,0.2078757896994592,False,-0.0038777968449149602,False,0.02778195308006004,-0.02201044338665148,-0.027030979671128663,-0.003014990868101086,False,320.8839127567078,True,False,0.8057580280944464,0.4971141388151916,-0.012564263513795693,False,0.08650655584549467
TECH,99,0.6634487665129337,Bio-Techne,Health Care,SP500,72.61499786376953,6.882321134771274e-05,0.0020007815733964485,0.0020007815733964485,0.02532316749661323,0.42944006197278584,0.7894736842105263,0.6374269005847953,0.9064327485380117,-0.3372319688109161,0.0,0.681985443387668,True,0.003326429402037867,True,0.006067758536846046,0.17786826146328338,-0.006031162896692477,0.0015020408160510978,False,219.65425340526932,True,True,0.042068905812757816,0.8291276984301911,-0.0004131494152969095,False,0.14700691149897252
ADP,100,0.6622074592874881,Automatic Data Processing,Industrials,SP500,263.04998779296875,-0.0023515212318050427,-0.025524244595548806,-0.07006644569527076,0.1767500846594139,0.3254260462867684,0.38011695906432746,0.8771929824561403,0.8499025341130604,-0.06237816764132553,-0.07912392426647985,0.4129031581245659,False,-0.031045009994866035,False,-0.022060543966462953,0.1196332351917262,0.022558189906703552,-0.013923229558891692,False,609.2816334161987,False,True,0.7251367478898397,0.7048994537238271,-0.01050562972724689,False,0.04725651192792762
V,101,0.6621534811152692,Visa Inc.,Financials,SP500,369.8699951171875,0.006777696666342203,-0.00021629162644543065,-0.02578625204259022,0.0846103263630138,0.25651511573201,0.6647173489278753,0.7543859649122807,0.7933723196881092,-0.025341130604288442,-0.037147964250248244,0.25651511573201,False,-0.002607634727938346,False,0.005058836223384322,0.10053328868981404,-0.005033373212650294,0.00470087388656637,False,2382.6631457837525,True,True,0.8218646202811863,0.7286041650724251,-0.0018509245651465722,False,0.10697026016682185
BDX,102,0.6616600481416631,Becton Dickinson,Health Care,SP500,182.7899932861328,-0.005603383728895239,0.011566111639112364,-0.02265487999271598,0.18479244095435177,0.19839603958811258,0.6861598440545809,0.8810916179337231,0.7115009746588694,-0.033138401559454245,-0.04235446025359213,0.35111503159565416,False,0.0024657360415223373,True,0.03097079266605718,0.14100211394933915,-0.0300404171353561,0.003701473618292761,False,313.94076387068174,True,True,0.8287047113928878,0.6145562810850774,-0.0040800781749353865,False,0.04308959521292986
ICE,103,0.6615837539053113,Intercontinental Exchange,Financials,SP500,155.11000061035156,0.0051843889859051195,-0.0016733894252866088,-0.03481910944963562,0.2661766438715678,0.023146509307550245,0.6237816764132553,0.9395711500974658,0.40350877192982454,0.34307992202729043,-0.10503500124886544,0.2661766438715678,False,-0.010210876732226648,False,0.006282903327529343,0.006013782631851816,-0.006243674921588505,-0.001932011576790127,False,540.9639812285789,True,True,0.9233937477933247,0.6327813163660807,-0.004082722395049476,False,0.051652974671534846
BLK,104,0.6613218739390333,BlackRock,Financials,SP500,1080.005126953125,-0.005803989009166344,-0.009415000315736721,-0.07025053544599413,0.14247716456947623,0.16899370229460242,0.37816764132553604,0.8440545808966862,0.6705653021442495,0.16959064327485385,-0.08274189963224254,0.1828634972436869,False,-0.00289026404338677,False,-0.02219386235578391,0.02745211547093951,0.022697609987655243,0.004209772208136675,False,651.472267600083,False,True,0.8776684152892894,0.6800379110447076,-0.008579565553724189,False,0.05549315688457384
PANW,105,0.6607874328133883,Palo Alto Networks,Information Technology,SP500,381.0660095214844,0.016881089427239537,0.02503227757532689,-0.004659779426904098,0.14778918530567586,1.5919330597711308,0.7680311890838206,0.8518518518518519,0.9824561403508771,-0.13840155945419097,-0.03771209716796875,1.6898144592834172,False,0.05444594296868743,True,0.06749994229393153,0.5480207065854512,-0.0632317994780236,0.01304550489618439,True,2195.848538121547,True,True,1.2546723348031932,0.7878359357571337,-0.011928273835699832,False,0.16395511471274224
NWSA,106,0.6572183884368454,News Corp (Class A),Communication Services,SP500,28.334999084472656,-0.005440529585494791,-0.04595965129300894,-0.0884790220463556,0.12550830158685788,0.1728687618144873,0.2573099415204678,0.8323586744639376,0.6764132553606238,0.04483430799220278,-0.0884790220463556,0.27451557392365356,False,-0.04668314178973865,False,-0.02814285469073552,0.07363866543173314,0.028957810133483974,-0.021933494525418706,False,116.11637123162842,False,True,0.8185918090467471,1.0265106999853901,-0.005264991917702133,False,0.07005115167044271
TRV,107,0.6571316037429953,Travelers Companies (The),Financials,SP500,363.30010986328125,0.0007164535925443527,-0.02109744541405001,-0.012963304437919043,0.09841576698407795,0.2832273302884136,0.7387914230019493,0.7777777777777778,0.8167641325536062,-0.12085769980506822,-0.08226612993123361,0.4101488966015565,False,-0.015117977409175531,False,-0.02227283683350001,0.14773228594007426,0.02278021688726173,-0.007942696398287041,False,628.4193628060559,False,True,0.6230224909959707,0.6429582774499488,0.0009365258095197504,False,0.03158186377517509
STX,108,0.6570848735232296,Seagate Technology,Information Technology,SP500,898.739990234375,-0.01973105866765712,0.025224711129455013,0.06168605478229883,-0.071313849176882,1.3682525508850132,0.9317738791423001,0.3645224171539961,0.9785575048732943,0.1189083820662768,-0.17726792013602688,3.2717831128728863,False,0.05499820218096829,True,0.055689825762164524,0.4101631101398824,-0.052752072060520905,0.014946207050795524,True,3724.9326969766553,True,True,0.6321739174484309,0.6708658110106408,-0.005268170762094959,False,0.07738929037598294
LITE,109,0.6558712229584616,Lumentum,Information Technology,SP500,908.3699951171875,-0.03534224864230562,-0.04831899295859843,-0.04996132239985218,0.06691328290991305,0.2926301998831289,0.52046783625731,0.723196881091618,0.8304093567251462,0.08187134502923976,-0.1374241284222989,5.07158606651551,False,-0.004378191860146208,False,0.053089196812776906,0.2409948746846151,-0.05041282065512964,-0.016994973893813214,True,4000.2014478243777,True,True,0.7704333170986053,0.6980903203548786,0.006722196028855043,False,0.22343415051347568
STLD,110,0.6545477086933469,Steel Dynamics,Materials,SP500,231.35000610351562,-0.009886148773386894,0.00591330309086846,-0.019038289959698473,-0.01001324966170658,0.3604276560533284,0.6998050682261209,0.557504873294347,0.8732943469785575,0.4249512670565302,-0.17995937915178672,0.6857511798893137,False,-0.0261776300412363,False,-0.050784539745113766,0.07488669294949779,0.05350159354913697,-0.014084684896983446,False,274.30126906628846,False,True,0.8235228076842517,0.5034993558811146,-0.015706574130900153,False,0.16936231144181882
T,111,0.6540689623602385,AT&T,Communication Services,SP500,25.2450008392334,-0.005319082978611278,-0.00805500658391245,-0.007274851109802416,0.1724576968216931,-0.11165697725732227,0.7602339181286549,0.8732943469785575,0.18323586744639375,0.4249512670565302,-0.11165697725732227,0.24917132625079685,False,-0.017465304238058033,False,0.0167914913050089,0.019080195877305917,-0.016514193370616992,-0.0076808841395069605,False,1157.374686871951,True,True,0.7081138855682528,0.581755709512481,0.0007880401270694559,False,0.04999229185071462
BRK-B,112,0.6524959659422528,Berkshire Hathaway,Financials,SP500,506.1000061035156,0.0012265472495691654,0.008147240609405637,0.004764728684377939,0.020362915531281445,0.08027923040644946,0.7992202729044834,0.621832358674464,0.5243664717348928,0.1228070175438597,-0.04404816130750033,0.08745168186676833,False,-0.0033075256365894257,False,-0.0009755194714828885,0.02714528517779491,0.0009764720389702219,-0.0014237029279510205,False,2168.503169355246,False,True,0.7457191522115487,0.7579940198592172,-0.000949614180373759,False,0.09187014190125017
DVN,113,0.6524623964782581,Devon Energy,Energy,SP500,47.34000015258789,0.006163675243992639,-0.005253204437874026,0.011175579181897488,0.1347128361774692,-0.07844270227496586,0.8245614035087719,0.8382066276803118,0.22807017543859648,0.2807017543859649,-0.07844270227496586,0.529510146584613,False,-0.02451270949633,False,0.01781219087952679,0.07891347547011929,-0.01750046918197623,-0.013274214909011373,False,526.272512698983,True,True,0.9614455145230005,0.9456393923982401,0.015409188109981597,False,0.07864313185103776
UHS,114,0.6517622061241385,Universal Health Services,Health Care,SP500,180.8800048828125,0.011293773149769537,0.03513791459671567,0.049325825211504526,0.23175518499002834,-0.014657181318957657,0.9083820662768031,0.9220272904483431,0.341130604288499,0.1871345029239766,-0.25600877865747895,0.28279832145383965,False,0.032611660222610306,True,0.060517392228220945,-0.002745090655334459,-0.05706402617412032,0.013988857418143485,False,137.1625742881885,True,False,0.7973613997699776,0.8141187583053526,-0.003354613113430216,False,0.07288379573980547
IEX,115,0.6511390729487342,IDEX Corporation,Industrials,SP500,231.55499267578125,0.0064107737873264625,0.040556302278306644,-0.010364146918703465,0.028114222718691906,0.24974772703146542,0.7504873294346979,0.6510721247563352,0.7816764132553606,-0.011695906432748537,-0.03727345516975844,0.4548067369515758,False,0.0292487995055164,True,0.010455144069388966,0.10825118173586934,-0.010346965059016111,0.017673899415199923,False,141.5263418676013,True,True,0.8482006363960738,0.7992723090843178,-0.004433259146137902,False,0.03845097807590265
FTNT,116,0.6481267857619696,Fortinet,Information Technology,SP500,174.17999267578125,0.004150731777047056,-0.005992142198019801,0.008102754406617896,0.12070515202582466,1.227365722163197,0.8148148148148148,0.8245614035087719,0.9746588693957114,-0.12280701754385959,-0.02551198767618479,1.3152995467695656,False,0.042725486488486286,True,0.07640639847452424,0.493427290798085,-0.07098285422941264,0.005139743072871239,True,767.9380524362427,True,True,1.1354188907806588,0.5974293223304058,-0.014009038628591486,False,0.0817993412271827
INTC,117,0.6466796748339647,Intel,Information Technology,SP500,118.7699966430664,-0.034390271194582045,-0.024716720039433815,0.289716596439892,-0.09831464058323514,1.753767533079651,0.9980506822612085,0.2787524366471735,0.9902534113060428,0.24951267056530213,-0.1573010175557269,2.540089399223257,False,0.12039238855921974,True,0.19334448804419213,0.4922128615636183,-0.16201900623102572,0.013163176068938798,True,10726.238493672938,True,True,0.864940725990109,0.8070198414340848,-0.019065050574822107,False,0.21081525123935846
GM,118,0.6459138714365822,General Motors,Consumer Discretionary,SP500,82.20999908447266,-0.005082877682510589,-0.020726598296868293,-0.044093607498549736,0.06516693837639242,0.13124929988692147,0.557504873294347,0.7173489278752436,0.6140350877192983,0.2884990253411306,-0.08770756260743884,0.4980896120832279,False,-0.02974153748823638,False,-0.03726904700177569,0.02227836883833878,0.038711798852741675,-0.011830637651198184,False,567.0691837155927,False,True,1.1463181049759572,0.7978408793394951,-0.008834512305503806,False,0.07131201159998016
TRGP,119,0.6457349614523371,Targa Resources,Energy,SP500,278.3299865722656,0.001763569827358813,-0.03811860429110747,-0.03675385079117566,0.030523683311644456,0.12311477667817461,0.6159844054580896,0.6549707602339181,0.594541910331384,0.021442495126705596,-0.07913982937215669,0.9433693721355876,False,-0.034144873720473035,False,-0.011637886652594798,0.1369104636966254,0.011774921858527465,-0.016992134258940084,False,334.1488067859576,False,True,0.5729216270074874,0.7082070042873267,0.01101352432668623,False,0.0588858301532266
FCX,120,0.6453031360745851,Freeport-McMoRan,Materials,SP500,71.28500366210938,-0.014174995589701256,-0.012125830870203469,-0.0909843748206236,0.15965638010845207,0.27338853481656655,0.24171539961013644,0.8615984405458089,0.8050682261208577,0.042884990253411304,-0.1079339207199872,0.9410380283548121,False,-0.015179463459164766,False,0.020151199121281937,0.13209872035096826,-0.01975314947297946,-0.010156150767406613,True,915.0345256171317,True,True,0.7926043370983522,0.54647815764595,-0.035333984116171946,False,0.12224311022551144
HAS,121,0.6449634359872284,Hasbro,Consumer Discretionary,SP500,89.80000305175781,0.01941204205876046,0.023711830849402427,-0.04650666000451542,0.07145681698765949,0.02962857666469998,0.5419103313840156,0.732943469785575,0.41325536062378165,0.09746588693957114,-0.13305947372227855,0.3065119992700571,False,-0.0020891347160796325,False,-0.018844912470315278,0.007976384762031108,0.019206864143936908,0.015217749019736937,False,169.48954116489654,False,True,0.5573544195567504,0.8639856967677388,-0.00851402010647373,False,0.10173249757254459
AMT,122,0.644403817763587,American Tower,Real Estate,SP500,169.13999938964844,0.0006507756679048349,-0.03127151502291525,-0.028824093746577573,0.0027865134630069566,0.017346945612101372,0.6471734892787524,0.5847953216374269,0.39571150097465885,0.37816764132553604,-0.12036598966572232,0.0433656082464291,False,-0.029851819706070426,False,-0.02260705510986072,-0.03527491319781084,0.023129955283646808,-0.014516898502390463,False,441.2304761057873,False,False,0.6804066455107192,0.9642742602972163,-0.0007691231364336248,False,0.07154205352957828
HUM,123,0.6439479597013843,Humana,Health Care,SP500,405.6499938964844,0.019400400479471003,0.07150406330064007,0.033160962870267374,0.04307019867029993,1.404678293384074,0.8791423001949318,0.6744639376218323,0.9805068226120858,-0.23586744639376223,-0.01012687657419098,1.4969273380178016,False,0.030989399826906405,True,0.04859926149791671,0.3981117987732474,-0.046346839333544,0.039572652318007995,False,435.6295211433008,True,True,0.8391617501712861,0.8311926163201225,-0.001256502423046535,False,0.1902297035449975
COP,124,0.6428840365754569,ConocoPhillips,Energy,SP500,128.07000732421875,0.0060487372663131644,0.004234364856039896,-0.011195158279889705,0.23727654858467218,-0.029280060214920467,0.746588693957115,0.9239766081871345,0.31968810916179335,0.22027290448343073,-0.09311707819583681,0.5422321584921206,False,-0.03810544317980269,False,0.007784097242456101,0.11649406516134131,-0.007723973084865499,-0.011635644807915568,False,843.3167541229352,True,True,1.0908185794308334,0.7563957533146343,0.016182227095125734,False,0.07795860787585804
PG,125,0.6423837371205793,Procter & Gamble,Consumer Staples,SP500,147.4499969482422,0.008343029859456896,0.009378389238877016,0.03011036451705773,0.0006784904746750531,0.04876534641290542,0.8713450292397661,0.5769980506822612,0.46588693957115007,0.24951267056530213,-0.10484859017087134,0.09194413360222642,False,0.008687896021446706,True,0.011094433232572865,0.009449465096114107,-0.010972697374173945,0.0054111454553500415,False,1225.0623082711684,True,True,0.6720792407162979,0.6249223270622554,-0.0025302272310592233,False,0.09927158886326622
HOOD,126,0.6422364892444201,Robinhood Markets,Financials,SP500,119.05999755859375,-0.0028476043797324158,-0.03438771604396662,0.08473027734475114,0.16920352958576212,0.8033929659567431,0.9551656920077972,0.8713450292397661,0.9610136452241715,-0.05458089668615984,-0.21907390584048492,0.8271944577533425,False,0.031259998831381086,True,0.1379188855683351,0.2593008174118854,-0.12120273889245747,0.00280338472583197,True,2159.3053079868137,True,True,1.1101719463866442,0.6545659692355753,-0.012144091784809907,False,0.13907403018047465
GDDY,127,0.6381694342400903,GoDaddy,Information Technology,SP500,94.73500061035156,-0.024758068709162084,-0.0957812002886892,-0.02314913042763389,0.11139140056944785,0.18463172645076797,0.6803118908382066,0.8089668615984406,0.6920077972709552,0.11695906432748537,-0.3312980741527397,0.26330181769643146,False,-0.042976873444930175,False,-0.016172621250654107,0.007604506521332377,0.016438474472232123,-0.034236625722747216,False,215.95454025353638,False,True,0.985929960153279,1.7906407704551577,-0.01173563307403025,False,0.08562621124242673
INCY,128,0.6369950752070435,Incyte,Health Care,SP500,123.46499633789062,-0.003430487156764972,-0.009506660035958792,-0.03346642866268135,0.07679218903331453,0.3672756607452541,0.6296296296296297,0.7387914230019493,0.8752436647173489,-0.20467836257309935,-0.049757536383635115,0.4733292582535389,False,-0.010932923439936348,False,0.0007805576840549389,0.16048973673085487,-0.0007799488889563833,-0.008232946002931674,True,192.5963883304486,True,True,0.6680978187419104,0.7577294976557656,-0.005085134042470685,False,0.06506174120576944
HST,129,0.6366157021167835,Host Hotels & Resorts,Real Estate,SP500,22.594999313354492,0.007805496720117544,0.01277453403112716,0.011414465489028247,-0.05854169527689612,0.2585593722101822,0.8265107212475633,0.4171539961013645,0.7992202729044834,0.07017543859649122,-0.11530937731417246,0.5280565921900089,False,0.021993529702283077,True,-0.02061925175982704,0.09294399200230896,0.02105335621195059,0.014256569258846996,False,204.24638210655985,False,True,0.665464323340622,0.7017257078978124,0.0,False,0.09893924894649454
NEM,130,0.6359013973289388,Newmont,Materials,SP500,117.0250015258789,-0.036276033667349994,-0.04896384702521828,-0.11354891676790824,0.24080629470496473,0.15124808037142667,0.16569200779727095,0.9259259259259259,0.645224171539961,0.05653021442495132,-0.1322435372975096,0.5022588188052897,False,-0.060333893663334415,False,0.009781406431077277,0.0568519902792759,-0.009686657299076362,-0.04210931913992244,False,872.192403363206,True,True,0.7018079693339173,0.5544951297999259,-0.04867004568275102,False,0.14855958036606942
BMY,131,0.633068973804374,Bristol Myers Squibb,Health Care,SP500,62.91999816894531,0.0009544632200317871,0.004790789558889452,-0.06019415926803395,0.08658223998881676,0.09816097434930171,0.4502923976608187,0.7602339181286549,0.5536062378167641,-0.05458089668615984,-0.07592889480107545,0.5269030559445409,False,-0.019494814500113145,False,-0.022938913003016426,0.07586471964785146,0.02347746042524279,0.0027279142446143823,False,684.1295653605118,False,True,0.6334708923912092,1.082851955508459,-0.0014317555156541095,False,0.09102244503717047
MU,132,0.6329827613172965,Micron Technology,Information Technology,SP500,1056.5,-0.023820109952156776,0.012011992348096134,0.1294753882925308,-0.0773762828346014,1.959258534580552,0.9785575048732943,0.3469785575048733,0.9941520467836257,-0.05263157894736842,-0.1292870038144036,5.456349591920581,False,0.05615727425706907,True,0.1170836907972499,0.5887301117131023,-0.10481192390669358,0.011100075348850824,False,29430.189260786698,True,True,0.4912490659784578,0.6173652743514784,-0.0061722045405173676,False,0.12648852681995215
CME,133,0.6327519712523317,CME Group,Financials,SP500,267.4150085449219,0.011097237736977572,-0.029452292927548696,-0.04367362961810162,0.22916255638004035,-0.08072926856928131,0.5594541910331384,0.9200779727095516,0.2222222222222222,0.5048732943469785,-0.15297605359457067,0.22916255638004035,False,-0.027088718496322994,False,-0.0034718200206753647,-0.0256392889795396,0.0034839155484267526,-0.009841779438329978,False,532.9182197165283,False,False,0.7744841713393407,0.6764847431736699,0.003875506102188453,False,0.058749888310043547
VZ,134,0.6319777754889507,Verizon,Communication Services,SP500,46.95500183105469,-0.00265505512188724,-0.015205504812935033,-0.050070776023481756,0.08289006058796433,-0.03649914545757116,0.5185185185185185,0.7524366471734892,0.29239766081871343,0.2709551656920078,-0.08736635306568563,0.28423789243865016,False,-0.04458628438978118,False,-0.02494177366630168,0.03398018849299267,0.02557977871750783,-0.015236257545054865,False,1024.6371190923853,False,True,0.7546720194614703,0.8415050110442597,-0.0008496370852083546,False,0.08396637930319802
NOW,135,0.6291196026596171,ServiceNow,Information Technology,SP500,130.27999877929688,-0.03937469790701886,-0.05374777956235377,-0.05887448044277932,0.30319092916362544,0.31053207906634195,0.45419103313840153,0.9473684210526315,0.8421052631578947,0.03898635477582846,-0.3116275042303558,0.5696385395096009,False,-0.05615747659801362,False,0.0312885331081838,0.11897076974159315,-0.030339262101444997,-0.04283504697179352,False,2323.138917895868,True,True,0.8586077027416684,0.4848329817595295,-0.04291396751932275,False,0.23698171301042636
PRU,136,0.6255999588011124,Prudential Financial,Financials,SP500,118.80999755859375,-0.005357885357885395,0.0023622608806250778,-0.012960082681667817,0.1005641033940552,0.305816101102685,0.7407407407407407,0.7797270955165692,0.8382066276803118,-0.07602339181286555,-0.039546047584726574,0.3241259542789585,False,-0.0005299879018068054,False,-0.008362435294284709,0.11459160160490578,0.008432955337635217,0.0014823122948603995,False,202.89854206132205,False,True,1.0382965779901954,0.6629028437235644,-0.00694846565814311,False,0.05503968501824053
IT,137,0.6251303677763664,Gartner,Information Technology,SP500,184.3249969482422,-0.01902606207753088,0.0054821600691190575,-0.06243646375478895,0.3880940301808957,0.18597991970040062,0.42300194931773877,0.9668615984405458,0.6978557504873294,0.10331384015594536,-0.2987978834706104,0.46603827270221165,False,-0.0034156825223802256,False,0.03521323576411528,0.05903702494779717,-0.03401544198584705,0.0022857674101433023,False,230.64387084064333,True,True,0.8696125682856888,0.5983549613337831,-0.013890370916081252,False,0.035111061272363034
WELL,138,0.6239178616251436,Welltower,Real Estate,SP500,234.0050048828125,0.011388727238769158,0.005348901896197633,-0.023351423531625004,0.03143367833383914,0.20391413447567808,0.6783625730994152,0.6588693957115009,0.7192982456140351,-0.06237816764132553,-0.06816210352803809,0.4309397580108869,False,-0.002456477638587362,False,-0.011329895214836738,0.1033675145559596,0.011459732786497812,0.005887625134342933,False,664.7876360264025,False,True,0.6879523571377164,0.7129562962866698,0.013139165013086984,False,0.04919605644456198
DGX,139,0.6235440198670192,Quest Diagnostics,Health Care,SP500,234.72999572753906,-0.0067282140631380605,-0.0414489094776469,-0.0403908460739949,0.10837266993031625,0.21074321494127246,0.5906432748538012,0.8011695906432749,0.7270955165692008,-0.08966861598440545,-0.05140432967297104,0.3706475139877947,False,-0.017292539379048844,False,-0.0061629665182905136,0.15014386943167857,0.0062011842089439995,-0.013016342221254473,False,241.5145406283493,False,True,1.0010667556322062,1.091935438085536,-0.00867469104698071,False,0.07616722934090386
PWR,140,0.6224951648527712,Quanta Services,Industrials,SP500,651.7125854492188,0.003978525945465217,0.014165046147977867,0.04805584731857282,-0.08767284294339228,0.1853889649840592,0.9044834307992202,0.3157894736842105,0.695906432748538,0.2475633528265107,-0.16991983539042188,0.5943574547699733,False,0.03598941118644272,True,0.015301877144503928,0.08360553946115501,-0.01507125859703895,0.017907138176605164,False,655.2951914060242,True,True,0.5654780331808791,0.6567605188002238,-0.006038825629180233,False,0.09689209162693597
OXY,141,0.6215754378335487,Occidental Petroleum,Energy,SP500,57.04999923706055,0.0033415164380845574,-0.0034934631081127154,-0.031404689443990774,0.16748383609543538,-0.11854711097007642,0.6393762183235867,0.8674463937621832,0.17348927875243664,0.4132553606237817,-0.13078945670690345,0.4863791205651202,False,-0.04197380525847805,False,-0.020061977327106018,0.07082006569511345,0.02047270017381786,-0.015945159517808172,False,471.09531043358913,False,True,0.9391217298547546,0.9299265879562016,0.010552206607114645,False,0.10288865840702294
PYPL,142,0.6213414052635394,PayPal,Financials,SP500,54.189998626708984,-0.015443355281241744,0.029836558850115935,-0.11625429381382246,0.22406143200607032,0.25035376826020306,0.15204678362573099,0.9181286549707602,0.783625730994152,-0.04678362573099415,-0.2802532289995834,0.3988725579449697,False,0.013739032670683216,True,-0.043352397721601266,0.08024374932132972,0.04531699825343316,0.011890271063194957,False,713.780085308553,False,True,0.6940363849262821,1.0732706491807795,-0.011991276097997217,False,0.12453549383709922
MAR,143,0.6210196343217252,Marriott International,Consumer Discretionary,SP500,354.9700012207031,0.00835156791069247,0.03592481593134056,0.0031085034580322635,-0.05118607277581533,0.12235767289951216,0.7914230019493177,0.4522417153996101,0.5925925925925926,0.29239766081871343,-0.11638257690858478,0.3817396391714307,False,0.045169872810657985,True,0.007737693973415505,0.022923730170491208,-0.007678281778769835,0.02139506638360822,False,558.5423187674451,True,True,0.7858863561488308,0.7540946251094958,-0.0002272152161548746,False,0.05681257983179847
STT,144,0.6209870185356848,State Street Corporation,Financials,SP500,180.28500366210938,-0.005817760544207129,-0.022315566000967513,-0.06766815837766482,0.0646514581384916,0.48867894645527166,0.4015594541910331,0.7153996101364523,0.9239766081871345,-0.15984405458089668,-0.07193962339083038,0.6539488357804752,False,-0.03470244465546812,False,-0.03514182716711889,0.17736615239198672,0.03642175415682125,-0.011808540982889637,False,318.53158201703616,False,True,0.8037472892687527,1.3087186066615166,-0.004356420547515727,False,0.04080430844134275
GPC,145,0.6199566648737521,Genuine Parts Company,Consumer Discretionary,SP500,129.0399932861328,-0.0043978653000116275,0.020482375645692885,-0.04868704590052253,0.10978393519164653,0.25177421018875124,0.5243664717348928,0.8050682261208577,0.7875243664717348,-0.16374269005847952,-0.11117831790788457,0.4216646395432795,False,-0.02342237610294229,False,-0.013919565661626776,0.09260370518885197,0.014116055016309526,-0.005305680858246009,False,154.2491893119629,False,True,0.5149473508733619,0.4810718215260475,-0.011418838982868218,False,0.027204909412378537
MCK,146,0.6175816252961169,McKesson Corporation,Health Care,SP500,864.9600219726562,-0.0019385127012196968,-0.024264723500343255,-0.02765903067831932,0.1583205334934048,0.0077622877941658786,0.6491228070175439,0.8576998050682261,0.3820662768031189,0.06822612085769975,-0.12941095885782494,0.1953567221046908,False,-0.02811569802072067,False,-0.009515936256375146,0.024056731336920656,0.009607359274826477,-0.013751918379109274,False,818.5092677260682,False,True,0.7091291066700198,0.5742812534392576,-0.00186928262000996,False,0.03844316598386303
BNY,147,0.6160801547247113,BNY Mellon,Financials,SP500,149.2949981689453,-0.005694277471156695,-0.029858998238531442,-0.07978924362625339,0.042345165481214586,0.3124385184096179,0.31968810916179335,0.672514619883041,0.8440545808966862,-0.07992202729044828,-0.09430355808235413,0.4542232116342648,False,-0.048902270478961674,False,-0.05799635962590233,0.10171613771960519,0.061567022822619055,-0.017440922906535428,False,483.58533096862305,False,True,0.7363040345816773,1.1244705659978973,-0.0038627145910207217,False,0.037310885559382514
ARES,148,0.6145050602152261,Ares Management,Financials,SP500,119.75,-0.01852308906369049,-0.05463012764645192,-0.15023203683830466,0.12467902390592966,0.1501181709161643,0.06432748538011696,0.8304093567251462,0.6432748538011696,0.11111111111111105,-0.3005205139540522,0.2839243119791377,False,-0.07538836715034503,False,-0.0953210120314606,-0.06616706097845093,0.10536445888447599,-0.03057702306548349,False,288.2833167750135,False,False,0.6304330696146684,0.8124019165714289,-0.010818782654805403,False,0.0541799955229485
TT,149,0.6144255234738292,Trane Technologies,Industrials,SP500,455.885009765625,0.003179753799083862,0.052074683974891345,0.005839122057184065,-0.04868787685908127,0.11644621526688126,0.8031189083820662,0.4600389863547758,0.580896686159844,0.08187134502923976,-0.09235532082058429,0.21962767100022607,False,0.0402439759170905,True,0.002005680202756155,0.02524808757031538,-0.002001665501886407,0.031080581937470875,False,485.57687310217284,True,True,0.7236411979445746,0.8354641795498613,-0.005501276266545951,False,0.062342330978809285
TDY,150,0.6136129898566812,Teledyne Technologies,Information Technology,SP500,611.5499877929688,-0.004233552906839577,0.004055248298780789,-0.02386274893380891,-0.046271146043099454,0.030742765686454954,0.6764132553606238,0.4678362573099415,0.42300194931773877,0.1442495126705653,-0.11536236280664247,0.26230723523038857,False,0.008185978490876655,True,-0.03920057363618046,-0.016238556197510245,0.040799955287792455,0.0012926584377148664,False,209.8162975359253,False,False,0.552800815310039,0.894738877477712,-0.005096482550495218,False,0.06130215387565773
AVGO,151,0.6135479490201914,Broadcom,Information Technology,SP500,351.7200012207031,-0.0030894712322022677,-0.030166002125779134,-0.05162174941209596,-0.053938928732347624,0.17373332519963625,0.5126705653021443,0.4327485380116959,0.6783625730994152,0.341130604288499,-0.26715094012570106,0.20281568696044938,False,-0.01402625374007127,False,-0.06367004319999525,-0.041070733266047155,0.06799957935511691,-0.006297885438274808,False,8239.506501728865,False,False,0.5610888647355183,0.7573203224849508,-0.0006660393786700469,False,0.12022072360434916
HCA,152,0.6125299931716658,HCA Healthcare,Health Care,SP500,439.7900085449219,0.009595792874182774,0.03244361641574467,0.05070086391860262,0.12303649356085145,-0.06435531262433247,0.9103313840155945,0.8265107212475633,0.24951267056530213,0.22807017543859642,-0.18892630477490413,0.22186398912627925,False,0.04168402907430502,True,0.06811892479080384,-0.012540676515240157,-0.06377466329804538,0.019402044615297598,False,581.5678781504951,True,False,0.7990152213102942,0.7065042890002602,-0.01021551809897503,False,0.07171822974472808
VRTX,153,0.6124298569864538,Vertex Pharmaceuticals,Health Care,SP500,527.3350219726562,0.0021760571769462445,0.03253254368781433,-0.03691894123090711,0.05540884301883442,0.2176669200226231,0.6101364522417154,0.6978557504873294,0.7407407407407407,-0.16959064327485385,-0.05488744496733999,0.34647891494444893,False,0.0022469960745139517,True,0.023672618504806398,0.11651840872991248,-0.023125184826554346,0.011898782910986005,False,583.828929290863,True,True,0.6369959115741621,0.7663090841229052,-0.007924861534442829,False,0.06036500205988892
MSCI,154,0.6118013832145051,MSCI,Financials,SP500,544.760009765625,-0.011970356502619905,-0.025421689325502372,-0.042853401743322306,-0.02023602993383311,0.048304701930144356,0.5672514619883041,0.5282651072124757,0.46393762183235865,0.38401559454191037,-0.15084989238333968,0.07620565301251081,False,-0.019078751387042736,False,-0.032110092539029855,-0.043692762130580265,0.0331753562998327,-0.012282237725099843,False,361.0972984457373,False,False,0.6647732197208073,0.750659523149074,-0.007907692736864869,False,0.07368417836014277
EG,155,0.6100830462762691,Everest Group,Financials,SP500,370.6650085449219,0.0006344407142711006,0.0033701344592449445,-0.013185394499944714,0.032956602295560966,0.17922300870847963,0.732943469785575,0.6608187134502924,0.6861598440545809,-0.05458089668615984,-0.06526106380276975,0.23725379482223596,False,-0.00950730846861536,False,-0.006917115919929051,0.07816392338869305,0.006965295677547223,-0.004569813401673728,False,134.0626668620703,False,True,0.7821178252676521,0.7244544298571473,-0.0017547010483389691,False,0.05197474673322566
EME,156,0.6045438939815292,Emcor,Industrials,SP500,771.47998046875,0.012161947795047867,0.018173124410106656,-0.004593308293147413,-0.0522236728881339,0.05372274279256617,0.7699805068226121,0.44834307992202727,0.4775828460038986,0.2982456140350877,-0.1821155078188973,0.32866294435698173,False,0.02784099654826422,True,0.0004094832305674423,0.002621703717561763,-0.00040931562268398114,0.019211365015264104,False,290.90072002353514,True,True,0.5308221313740848,0.6240082109890156,-0.001246391650128853,False,0.05994467022474661
MSI,157,0.6044201065830481,Motorola Solutions,Information Technology,SP500,455.114990234375,-0.003863190836924879,-0.013536057125606016,-0.062169915990135216,0.10589397002908219,0.04412170061829368,0.43079922027290446,0.7933723196881092,0.44834307992202727,-0.015594541910331383,-0.07114270027563874,0.26239686823623365,False,-0.021554143807864024,False,-0.004417331944451375,0.06547319634223547,0.004436931343008155,-0.00818925261825798,False,423.5935050471997,False,True,0.6394375661619366,0.6771598826075658,-0.006434955371181883,False,0.02491702663486716
ITW,158,0.603635038890987,Illinois Tool Works,Industrials,SP500,274.9377136230469,0.002251772682763331,0.027727739660589945,-0.023901372115405328,0.034144652117881424,0.07455207063507596,0.6744639376218323,0.6647173489278753,0.5107212475633528,-0.04483430799220267,-0.07528014647451775,0.16211119978607935,False,0.018907145861923214,True,-0.01707123688944112,0.030634807270488285,0.01736772544473908,0.011243854859429359,False,345.00468168788575,False,True,0.6795983362513175,0.8061415968032473,-0.0035725100618339,False,0.026157283569877586
PSKY,159,0.6032331590010033,Paramount Skydance Corporation,Communication Services,SP500,10.255000114440918,0.029618481442177602,0.03481334736033337,-0.04607510470142906,0.049123131204844794,0.17768199910347127,0.5477582846003899,0.6881091617933723,0.682261208576998,0.32163742690058483,-0.4643478104065242,0.31912792765296216,False,-0.023621131242988813,False,0.04978033956648553,-0.02744100790922388,-0.047419767441103544,0.002026125031144188,False,152.03536675909962,True,False,1.198806984229419,1.4910841501201826,-0.013052220275403092,False,0.23013425260915976
EOG,160,0.6022644129349248,EOG Resources,Energy,SP500,141.5500030517578,0.008550031322101415,0.001202420166035667,-0.020415203794063586,0.0808800962892966,-0.039130042080303684,0.6939571150097466,0.746588693957115,0.28460038986354774,0.1734892787524367,-0.07928972294688952,0.42540408330342183,False,-0.02548002177900044,False,-0.021359308524853238,0.08735887359824912,0.021825485809973344,-0.008186695729114346,False,432.7819044673547,False,True,0.9141017219828629,0.7634903718077449,0.014463831072437872,False,0.055894725558157894
APO,161,0.6017021244130113,Apollo Global Management,Financials,SP500,120.06999969482422,-0.013312537711239414,-0.06129312597000258,-0.1001948628744429,0.050049337152734186,0.11682021410159282,0.21052631578947367,0.6900584795321637,0.5828460038986355,0.19883040935672514,-0.20379661636397794,0.20723473336007414,False,-0.06159389536338877,False,-0.06702977692285772,-0.05016479929509543,0.07184556941354314,-0.02954603971366221,False,402.90441171790775,False,False,0.6784892964244456,0.7674422205556172,-0.006985011804276242,False,0.057623527034005854
MDT,162,0.6012895633299383,Medtronic,Health Care,SP500,87.94000244140625,-0.007897077539058883,-0.03366507294163412,-0.014546766501775776,0.09552988694339803,0.026637415616060034,0.7251461988304093,0.7699805068226121,0.4093567251461988,-0.07407407407407407,-0.1375911511467114,0.21303295071284611,False,-0.03229823820510436,False,-0.010317869757690445,0.006954184098825422,0.01042543806986207,-0.017122320513675016,False,709.1542076026258,False,True,0.643998658002243,1.244330518019628,-0.003666481842058089,False,0.10246501967239055
AMGN,163,0.6001392369813422,Amgen,Health Care,SP500,414.5,-0.00026527424675804046,0.05427814665560615,-0.051465687400099824,0.15635101698394305,0.20443485673459016,0.5146198830409356,0.8557504873294347,0.723196881091618,-0.08576998050682261,-0.06669367612996535,0.5549087169126428,False,0.025987560831759904,True,0.024600789627967634,0.15479553169376303,-0.024010121675682283,0.025724332093257196,False,1103.9123031217312,True,True,1.6464653097556319,0.8445044535900006,-0.0074527783870678155,False,0.11756412380794569
KHC,164,0.5991521802985394,Kraft Heinz,Consumer Staples,SP500,23.545000076293945,-0.0035970836856304977,-0.03385312821209596,-0.04809317679972336,-0.011102976465756198,0.10503505814557723,0.5321637426900585,0.5536062378167641,0.5594541910331384,0.07797270955165692,-0.13390956411190091,0.1482779357833368,False,-0.040996957988986504,False,-0.056704798631911024,0.011731572545910618,0.06011352389969793,-0.019276955231643522,False,443.6646745959604,False,True,0.5383829730371209,0.6115954140868984,-0.002115922083635202,False,0.05835573065338374
NWS,165,0.596187195538313,News Corp (Class B),Communication Services,SP500,31.559999465942383,-0.005984268789216318,-0.039561811328745145,-0.10376713423184858,0.10836645230850839,0.1390768664368025,0.19298245614035087,0.7992202729044834,0.6257309941520468,0.031189083820662766,-0.10376713423184858,0.23866154868616696,False,-0.04569692990371754,False,-0.039428930159238096,0.05142881914033892,0.041047384620665595,-0.019221821732598232,False,37.69129053606735,False,True,0.7790533962439737,0.6719400454165788,-0.0015747791200172445,False,0.06871982068303524
SJM,166,0.5957296208557925,J.M. Smucker Company (The),Consumer Staples,SP500,121.54000091552734,0.004462817483697146,0.013847211379228286,-0.07812496744891884,0.05858168646335038,0.30240195414770765,0.33528265107212474,0.7056530214424951,0.8362573099415205,-0.20662768031189083,-0.08160794711516173,0.3854658587553699,False,-0.019700354156946265,False,-0.002935079636525506,0.13955690750512062,0.0029437196882380334,-0.003153319404203714,False,163.48457232628647,False,True,0.46911939791621127,0.6513349641979637,-0.0017355296237409057,False,0.039512424574271836
CI,167,0.5948142807551604,Cigna,Health Care,SP500,270.9750061035156,-0.003805020495389777,-0.012733614244338276,-0.01869292324177918,-0.02245974433571518,0.0461854969968134,0.7037037037037037,0.5263157894736842,0.45614035087719296,0.2222222222222222,-0.10895024765684846,0.13381790795338122,False,-0.024266849938557322,False,-0.0289737904070555,-0.02223275860648366,0.029838319625997922,-0.007429130004365514,False,444.61548495489257,False,False,0.8655964761951935,0.853602299235209,0.001727882077237064,False,0.04890645637244891
PLD,168,0.5940459977950966,Prologis,Real Estate,SP500,133.92999267578125,0.006613976729343829,-0.01391558346721189,-0.04833755752973856,-0.02805584171234743,0.05487250681601541,0.5282651072124757,0.5165692007797271,0.47953216374269003,0.21442495126705657,-0.10040435106839618,0.2418840559717106,False,-0.009963920150283356,False,-0.037590331511512476,-0.014583040689701954,0.03905855556350546,-0.0033118417852430193,False,556.6452422056799,False,False,0.6529835169479467,0.5709996522366282,0.00030058838944380106,False,0.04263958544997233
ISRG,169,0.5937417745276433,Intuitive Surgical,Health Care,SP500,410.0899963378906,0.012118080238078921,0.02101332645253673,0.1171983222690105,0.010148521084807127,-0.09404411032523075,0.9727095516569201,0.6062378167641326,0.19883040935672514,0.5243664717348928,-0.3082735713490041,0.23513646740408745,False,0.07654667088286105,True,0.09292223791368448,-0.08900814791128941,-0.08502182011692516,0.032565774862976404,False,1036.9071015990344,True,False,0.5692690786247249,0.5654851173489227,0.0,False,0.09180208038991723
KR,170,0.5926355081005406,Kroger,Consumer Staples,SP500,59.005001068115234,0.004511395677157193,-0.011475918484729841,0.03644828301100156,0.06259802688719818,-0.18433727684216672,0.8830409356725146,0.7115009746588694,0.08771929824561403,0.5886939571150098,-0.210015552693662,0.06986955078544188,False,0.0022208527077607343,True,0.020129289559842167,-0.062475349080178155,-0.01973209647624896,-0.00042534509741587456,False,382.60073164666676,True,False,0.8297416436835242,0.9658063783850221,0.0047667478940423,False,0.07680428949633261
SLB,171,0.5925130558511957,Schlumberger,Energy,SP500,51.375,-0.003201414679789738,-0.007438144011164605,-0.061233070665039135,0.11344469173608651,-0.029676129733127277,0.442495126705653,0.8109161793372319,0.31773879142300193,0.44834307992202727,-0.1407392680997368,0.6592368456797328,False,-0.05649961497831024,False,-0.022913527663500077,0.030360731655066697,0.02345086981780331,-0.01487175242051253,False,663.2287398341812,False,True,0.881461900795262,0.6433926164432258,0.014551804165258586,False,0.049934460702981215
AIG,172,0.5917478246605861,American International Group,Financials,SP500,73.69000244140625,-0.006471561809206494,-0.01140325279958554,-0.031996048086425755,-0.0125380635669875,0.023592650926645975,0.6374269005847953,0.543859649122807,0.40545808966861596,0.09161793372319693,-0.13256104078707986,0.044812045821301716,False,-0.019658157468429138,False,-0.03689309335007729,-0.03449500944261408,0.03830633244901804,-0.014172200642691979,False,267.76357100089723,False,False,0.6084140088183333,0.8172481969375015,-0.0014830876778640922,False,0.04801897499400639
BAX,173,0.59003597273244,Baxter International,Health Care,SP500,23.46500015258789,0.004065011122935447,0.023331872668634457,-0.0947145029506139,0.06603323810241779,0.47064822397945427,0.22807017543859648,0.7212475633528265,0.9161793372319688,-0.23391812865497075,-0.1719910972212435,0.48647168837062704,False,-0.028655988146184308,False,-0.06542030231734108,0.1323992124771649,0.06999970412320566,-0.002526361015473544,False,166.14745609678582,False,True,0.5324706125075727,0.9533744433889016,-0.006846459093494461,False,0.09219081287924179
ACN,174,0.5887275265790046,Accenture,Information Technology,SP500,173.14999389648438,-0.016807715084938835,-0.06963627248060056,-0.07594199282483516,0.40477784197267797,-0.08246100529740119,0.3489278752436647,0.9746588693957114,0.21052631578947367,0.4541910331384015,-0.38754412250458226,0.4081644454658764,False,-0.06193709796904445,False,-0.015750298260613138,-0.11171780177255941,0.016002339886696415,-0.04066128892986165,False,979.3326203727112,False,False,0.7140048974292375,0.6439038325560102,-0.014763534691412672,False,0.11143593380792946
MCHP,175,0.5857861930320474,Microchip Technology,Information Technology,SP500,77.02999877929688,-0.021095483677808224,0.030088259383910465,0.02040006569223185,-0.12987360062202147,0.25616760287964335,0.847953216374269,0.21052631578947367,0.7914230019493177,0.1695906432748538,-0.2455120695937465,0.6125578088135801,False,0.04784186561690085,True,0.015968320928585467,-0.01156681671259685,-0.015717341377328053,0.02288957031583938,False,708.9070580203625,True,False,0.5913900538811889,0.7367201917575587,-0.013267234538963169,False,0.07308368640193923
APD,176,0.5841943137905647,Air Products,Materials,SP500,281.0,-0.00269736562778089,0.005510658384062284,-0.08010606973816548,0.0419958665579232,-0.026255688930005294,0.3138401559454191,0.6705653021442495,0.3255360623781676,0.09161793372319682,-0.10563672358605969,0.24196206312166413,False,-0.038389135375273664,False,-0.054924043550410584,-0.007218777561670331,0.05811600980385356,-0.014458164896917536,False,316.7120502832153,False,False,0.6634705277238321,0.9273097057152409,-0.0033717070347261124,False,0.0607700921635221
COST,177,0.5838263848357577,Costco,Consumer Staples,SP500,926.7000122070312,0.0042589080622468245,0.0314086372003064,-0.008516424332070005,-0.019548961809101817,-0.055231227351965395,0.7563352826510721,0.5341130604288499,0.2631578947368421,0.3333333333333333,-0.1518263517577183,0.09504705519701617,False,0.016944150694535365,True,-0.007862514770776707,-0.03321321433097435,0.007924823815078641,0.018281182537292162,False,1854.3068290734593,False,False,0.79848640245285,1.2095313771959872,0.0022811539432319172,False,0.12585330392797325
HLT,178,0.5826417260808033,Hilton Worldwide,Consumer Discretionary,SP500,314.8800048828125,0.0029303524422665816,0.02540060782733966,-0.03316134867308318,-0.052675281902422655,0.07186044148900472,0.631578947368421,0.442495126705653,0.5009746588693957,0.1871345029239766,-0.10049860576249958,0.22881289723882392,False,0.018172425342331433,True,-0.009001553439414223,-0.0004534457226412769,0.009083317406455738,0.013757338954633935,False,585.5053985238599,False,False,0.7303885235402824,0.7244921796933925,-0.004331715468775199,False,0.06490228515828761
CSCO,179,0.5822333611807297,Cisco,Information Technology,SP500,106.69999694824219,0.0,-0.04270592297980358,-0.04859567100745077,-0.09006662924666542,0.34734099377966476,0.5263157894736842,0.30994152046783624,0.8615984405458089,0.0935672514619883,-0.1761603274863226,0.6082305577308527,False,-0.020197541766249327,False,-0.050221668947709075,0.10352020938022166,0.052877252834423905,-0.009903541498707868,False,2150.3951301200764,False,True,0.7541096104575619,1.088764994034392,-0.0016869757293722643,False,0.049953240751312154
AVY,180,0.5803702559290159,Avery Dennison,Materials,SP500,170.77999877929688,0.0025830835438873656,0.008563142576995197,-0.036825661062439896,0.05175418944855115,0.03035714482985652,0.6120857699805068,0.6939571150097466,0.42105263157894735,0.04483430799220267,-0.12013190822680397,0.12262276494542523,False,-0.002469006051110667,False,-0.007325246416821529,-0.002121818187146629,0.007379301619568901,0.00038810917328468975,False,164.1342862856061,False,False,0.6832656248120981,0.534387025784855,-0.008218820750162004,False,0.02133854935436257
ALLE,181,0.5801478582300501,Allegion,Industrials,SP500,154.00999450683594,-0.0029779679564444494,0.017507887723298143,-0.032325055671611036,0.10674585195052289,0.0740081634928913,0.6354775828460039,0.7953216374269005,0.5087719298245614,-0.07017543859649122,-0.13343922801114272,0.23513069268013798,False,0.003051275883545479,True,-0.018150251038748455,0.031254607381467236,0.018485772449349236,0.0026103948031652724,False,205.05719234681794,False,True,0.625150299693696,0.5506908383615727,-0.009257512288921022,False,0.027451135235972333
ESS,182,0.5773001758582149,Essex Property Trust,Real Estate,SP500,272.3399963378906,0.0026877177780604278,0.003500429780674663,-0.029990073852623422,-0.07158928295550482,0.1590053557020612,0.6432748538011696,0.36257309941520466,0.6549707602339181,-0.0682261208576998,-0.0871182630113495,0.1590053557020612,False,-0.008186814863065828,False,-0.03650620945420846,0.026179896701484795,0.03788940812325192,-0.0014064835686947719,False,137.4033528202368,False,True,0.5687823371260787,1.2293263601361768,0.002982320679865369,False,0.06876272336575436
ECL,183,0.5764252717028492,Ecolab,Materials,SP500,279.9200134277344,0.001538599622114445,0.03681754958484551,-0.018349665599158183,0.007407268289339797,0.07674409431903739,0.7056530214424951,0.5984405458089669,0.52046783625731,-0.023391812865497075,-0.0848619109529104,0.14527567893690518,False,0.015053102076981961,True,0.008315733813226922,0.028564691335111192,-0.008247152686766679,0.012860909922342234,False,361.46449785095825,True,True,0.6925789086770592,0.6645048852989694,-0.006869594537343482,False,0.058646393764540665
ROK,184,0.5756865527593718,Rockwell Automation,Industrials,SP500,433.0299987792969,-0.0025797423308372425,0.019157861682380428,6.928124548921666e-05,-0.09944662037833008,0.23955565296840664,0.783625730994152,0.27680311890838205,0.7641325536062378,0.042884990253411304,-0.12263894517281371,0.31482414961214644,False,0.01938581925490812,True,-0.01325664281707517,0.02848115223139014,0.013434742398390043,0.010632571458981221,False,332.5066068262171,False,True,0.609974671430958,0.555238822374921,-0.008937014712333768,False,0.04937141018922551
BEN,185,0.5747752181061481,Franklin Resources,Financials,SP500,32.86000061035156,-0.004845543464385038,-0.0231866466542473,-0.056289462999736806,-0.009345721305585641,0.48021347663170477,0.4756335282651072,0.5614035087719298,0.9200779727095516,-0.12475633528265107,-0.08135308387396212,0.6117528894996074,False,-0.01630018102810915,False,-0.023500171066682785,0.13276108970472444,0.02406571959398418,-0.005338126107984786,False,129.73127072869934,False,True,0.9149769843627853,1.0569592765145006,-0.004845543464385038,False,0.056622385866940475
CB,186,0.574578760447542,Chubb Limited,Financials,SP500,332.79998779296875,-0.0017098339159719034,-0.013224283471247267,-0.013315172496284555,-0.02762877162897559,0.04938055389776741,0.7309941520467836,0.5185185185185185,0.47173489278752434,-0.031189083820662766,-0.08169094592521242,0.2521823820951028,False,-0.01634784707618997,False,-0.03176804695426749,0.015822611403026654,0.032810368274188706,-0.009447310206293413,False,586.2063464594971,False,True,0.5827937227097305,0.7108921748338178,0.0014098485994156196,False,0.05023719299840356
AKAM,187,0.5740605318471215,Akamai Technologies,Information Technology,SP500,113.37000274658203,-0.005002630179136047,-0.03440934153408204,0.019147832827370426,-0.0037785614555757574,-0.009868971645571767,0.8460038986354775,0.5692007797270955,0.35282651072124754,0.5341130604288499,-0.29645027196230167,0.5752396946461305,False,0.03955291152959206,True,0.0020594732427086093,0.018880360161682486,-0.0020552405298299714,0.00894800534139284,True,462.8082006818358,True,True,1.0930285150299446,2.4090154392147025,-0.0104441145858164,False,0.38283124843541516
SHOP,188,0.5730280800936893,Shopify,Information Technology,NDX,137.3199005126953,-0.034657992880876565,-0.004351056150065369,-0.11021901844451709,0.20234569313961703,0.22771481793508674,0.17153996101364521,0.9025341130604289,0.7485380116959064,-0.04873294346978552,-0.23289254942996263,0.4394119320369707,False,0.0023899468610852903,True,-0.006578190087718094,0.057802500518929545,0.0066217492127527144,-0.01244977159058458,False,1375.7676467119193,False,True,1.0375029346323732,1.266618196912125,-0.029244313969134406,False,0.14763775393347742
JBL,189,0.5713232853824057,Jabil,Information Technology,SP500,319.2449951171875,0.00790871048824271,0.05128916587333565,0.022500140506752864,-0.14525945096853665,0.2232327004871173,0.8538011695906432,0.17153996101364521,0.7446393762183235,0.09941520467836257,-0.1719680084701155,0.6597561855984972,False,0.0432067361847297,True,0.00409995852895606,0.06399621573854919,-0.004083217506514636,0.029040248477611552,False,326.91945212948,True,True,0.6649277721249383,0.8948172913425624,0.010197673441670663,False,0.15208178263532293
MMM,190,0.5704981632162598,3M,Industrials,SP500,169.38499450683594,-0.0009732146384656692,0.026762400760525384,-0.052815563538056054,0.04738354964304303,0.195514264399693,0.50682261208577,0.682261208576998,0.7095516569200779,-0.10136452241715399,-0.07429265098199911,0.2110930818168597,False,0.014765996304027196,True,-0.022239273665408232,0.062156063534999584,0.022745108354656818,0.008592392716184616,False,545.0224002447815,False,True,0.81316858286213,0.7409122435058093,-0.007490440870551063,False,0.2145361182603692
JPM,191,0.5694321419988327,JPMorgan Chase,Financials,SP500,339.5409851074219,-0.01025771723959401,-0.0355045538408032,-0.041440393153110544,0.035461272106233954,0.21204953441113394,0.5847953216374269,0.6666666666666666,0.7290448343079922,-0.17153996101364521,-0.07020923402866297,0.21204953441113394,False,-0.030872936571994303,False,-0.03897860918737939,0.06186757012153654,0.04055956460492505,-0.012572703530634555,False,2391.4585604286667,False,True,0.8724788769462045,1.1178465851025172,-0.003585410700989833,False,0.14223102882495617
VTR,192,0.5679737776709659,Ventas,Real Estate,SP500,87.6050033569336,0.011721989397969423,0.00660696984605158,-0.056895210113477535,-0.013234911449866882,0.08268969477417087,0.4678362573099415,0.5419103313840156,0.5263157894736842,-0.04678362573099415,-0.1285685425177291,0.3228507753020824,False,-0.015223219026597734,False,-0.04468249181600015,0.028003390146333684,0.04677239915861997,0.0018014613024635029,False,312.50987461204227,False,True,0.4172436237968346,0.842182127330042,0.003349127240930949,False,0.05196385292790481
RMD,193,0.5651432615023099,ResMed|,Health Care,SP500,219.52999877929688,-0.011126131624788815,-0.018246061535343583,-0.06884117791692801,0.10950963885823017,0.0015633505030157036,0.39571150097465885,0.8031189083820662,0.3664717348927875,0.04678362573099415,-0.21684338487670407,0.20424444346232962,False,-0.025201439298223938,False,-0.0059154503497872435,-0.025429426950019374,0.005950651131102269,-0.014198601507229736,False,299.66087461108214,False,False,0.6105889121701771,0.6098376131670918,-0.00216214291684258,False,0.06735741881469896
SNDK,194,0.5647190655481932,Sandisk,Information Technology,SP500,1715.3299560546875,-0.03513898698260021,-0.029043867549870206,0.15514327920682036,-0.16341279175061618,1.7853951714803098,0.98635477582846,0.13450292397660818,0.9922027290448343,0.009746588693957114,-0.26538331646480195,14.288146191714858,False,0.02389038559607748,True,0.12556741638652014,0.5378733331485308,-0.11155921409810987,-0.012405979281784885,True,19740.465836736854,True,True,0.5622746446900369,0.5678269252883132,-0.023993908706679612,False,0.1095836582267407
NTRS,195,0.5614178139412459,Northern Trust,Financials,SP500,174.75,-0.005576712862717548,-0.02347022643122454,-0.057420682428316105,0.003797674275104246,0.30668680555547634,0.4619883040935672,0.5906432748538012,0.8401559454191033,-0.05263157894736836,-0.08301958401091492,0.4541248342155384,False,-0.03239673141936639,False,-0.04322385823625685,0.08661919219082637,0.0451765636176682,-0.010056881007417084,False,190.84413729094115,False,True,1.0282293967460943,0.7370801789876205,0.0021909166049371986,False,0.01869969132803683
RSG,196,0.561333318074486,Republic Services,Industrials,SP500,213.22000122070312,0.005280504879574988,-0.003318802783086827,-0.027591567172316922,-0.003901252851910786,-0.006394348268458971,0.6510721247563352,0.5672514619883041,0.3567251461988304,0.0,-0.07672141155995693,0.08148730503396417,False,-0.027972793200009893,False,-0.01930211130972337,-0.005985979824238208,0.019682015768894168,-0.008626307491654273,False,324.0435554167786,False,False,0.6197401677261187,0.6967003354338811,-0.00023575224101313186,False,0.04925221996172774
FDS,197,0.5611198849482916,FactSet,Financials,SP500,266.29998779296875,-0.02482788601391217,-0.06265405817718006,-0.12206943324744302,0.14418083214887,0.35434763224790644,0.13450292397660818,0.847953216374269,0.8635477582846004,-0.06822612085769975,-0.15069367513800802,0.4205715712731948,False,-0.06141182930689448,False,-0.05001199525990041,0.07514032794904102,0.05264487026189646,-0.03224301990908096,False,235.8271818677478,False,True,0.886639899136249,0.5599940314970023,-0.011058990633400656,False,0.047492941111336666
INSM,198,0.5598631281399846,Insmed,Health Care,NDX,116.69750213623047,-0.009611301682299955,-0.03555783358487219,-0.0386563743060544,0.11416368642677943,-0.19685134421737593,0.5984405458089669,0.8148148148148148,0.07992202729044834,0.14619883040935666,-0.44800387817624376,0.2701078104558745,False,-0.05175153292918111,False,-0.02263849443730892,-0.13383844862539584,0.02316286687009983,-0.02816103740050835,False,289.89244219342424,False,False,0.46035734914912246,0.7737536024702761,-0.0029703680614630024,False,0.06505715864455024
C,199,0.5591837279652709,Citigroup,Financials,SP500,133.44000244140625,-0.0062555581287370154,-0.011921514801703004,0.005728141449948376,-0.05875188502577822,0.2549159505232903,0.8011695906432749,0.4152046783625731,0.7894736842105263,-0.12280701754385964,-0.0792994605266164,0.4506856403815389,False,-0.009817214566549493,False,-0.004471243868050978,0.0703611889104121,0.0044913256804590684,-0.000908385439632009,False,1253.431875219452,False,True,0.7444605288517326,0.8036947961588566,-0.004468320740021681,False,0.07264234030785294
AFL,200,0.5591341367116422,Aflac,Financials,SP500,114.14070129394531,0.003699437818556639,-0.009023259319992927,-0.02092383340878956,-0.04467398234102937,0.08363471217927865,0.6920077972709552,0.47173489278752434,0.5282651072124757,0.003898635477582846,-0.11450754790329709,0.10243107176035493,False,-0.014120719936455361,False,-0.04468266424017753,0.0008478090396737414,0.046772588089421196,-0.006476235915793382,False,247.04230083893586,False,True,0.6614314771652744,0.7061761029617162,0.002989767272608246,False,0.0582688270642394
LH,201,0.5571232113769965,Labcorp,Health Care,SP500,309.010009765625,-0.0020346365230856645,-0.03732197524291225,-0.07983442610287939,0.10763484642916166,0.1753346909477207,0.31773879142300193,0.797270955165692,0.6803118908382066,-0.12280701754385959,-0.08742698976108232,0.2655513936995897,False,-0.03224490911996902,False,-0.025254608389634448,0.11018053954637819,0.0259089282257714,-0.012355221254643833,False,238.4625012218872,False,True,1.1124583620118498,1.1787161352831779,-0.009010490934414972,False,0.04475595580185208
CL,202,0.553952422914211,Colgate-Palmolive,Consumer Staples,SP500,85.9749984741211,-0.0009876724016263383,-0.003304007130202291,-0.05480431684835552,-0.06420045211691261,0.032213284774029294,0.48927875243664715,0.3937621832358674,0.4269005847953216,0.04093567251461988,-0.12239999595034656,0.16748495177315248,False,-0.019252777162406698,False,-0.04574752863088938,-0.019184316757821174,0.04794069704137449,-0.006006400526206934,False,422.8891701593315,False,False,0.5418578984976546,0.9497801930296493,-0.004764072093259131,False,0.04258852980881342
CNC,203,0.5532108429368704,Centene Corporation,Health Care,SP500,62.5099983215332,0.011161414269090564,-0.038159711090233306,-0.04316552013597208,-0.03145340200182356,0.9534374475479126,0.5633528265107213,0.49902534113060426,0.9688109161793372,-0.14035087719298245,-0.09940937871384747,0.9657232648195295,False,-0.041507605424377036,False,-0.03836393193300436,0.19408057012797797,0.03989443949426774,-0.015780512269968683,False,298.2859343570057,False,True,0.8860010284757931,0.7868385008962184,0.010837948672760556,False,0.08141792066334352
URI,204,0.5516414704951114,United Rentals,Industrials,SP500,1042.030029296875,-0.004803954897898199,0.011758180086652859,0.004356603298961037,-0.07022710860498826,0.42446437053551733,0.797270955165692,0.37037037037037035,0.9005847953216374,-0.12280701754385964,-0.10541536259176998,0.4722426118042802,False,0.028902764831080896,True,-0.022120908951795193,0.10750768653422682,0.022621312956066397,0.012624006373058272,False,488.5222970815918,False,True,0.7487387512016509,0.7406488479783283,-0.007506835312227955,False,0.02950195509073077
WMT,205,0.5514219338300087,Walmart,Consumer Staples,SP500,108.83000183105469,0.007871813740469857,0.012937447487554765,0.060411232033139584,-0.048075549265107265,-0.11059702422211348,0.9278752436647173,0.46393762183235865,0.18518518518518517,0.3840155945419103,-0.18710472370065578,0.09080916567574482,False,0.013371335429158915,True,-0.002903380657134802,-0.07834690388038823,0.002911834822033832,0.00526896819538325,False,2622.5344378741775,False,False,0.7142934960428738,0.745830319882953,-0.0007408948746763233,False,0.08669815497867868
REGN,206,0.5497835151043514,Regeneron Pharmaceuticals,Health Care,SP500,758.0750122070312,-0.03802467724457603,-0.050233623866607124,-0.06145152148094224,0.20124750689153115,0.030342263607094466,0.43859649122807015,0.9005847953216374,0.4191033138401559,-0.03508771929824561,-0.11027195504761578,0.3661850339486554,False,-0.05250187225517322,False,-0.025674725238615914,0.0321625207840146,0.026351287299720028,-0.037142224539775004,False,569.6097392303565,False,True,1.0112761490922664,0.7223744980361801,-0.02056238254910625,False,0.18971291288714665
BG,207,0.5489221531759384,Bunge Global,Consumer Staples,SP500,110.05999755859375,0.009724748243979286,-0.022644552330491785,-0.013534123333877934,0.01516000128075623,-0.13440088555727514,0.7290448343079922,0.6159844054580896,0.15009746588693956,0.4775828460038986,-0.15718781859344189,0.3975875413852348,False,-0.06399628061096652,False,-0.0403153779776807,-0.040697546668700846,0.042008986132053616,-0.022849182095373233,False,185.2844583533423,False,False,1.0311022474523208,0.9287269357917103,0.004495393245592005,False,0.05152224681258761
FIX,208,0.5484964313370946,Comfort Systems USA,Industrials,SP500,1676.7049560546875,0.010726875784918155,0.027021475788753246,0.038220272902715235,-0.13912764984655668,0.22788079919538018,0.884990253411306,0.18908382066276802,0.7504873294346979,0.10136452241715399,-0.18820948212562483,1.1248209214210698,False,0.04043725981453905,True,0.00737135691798585,0.08795595143798307,-0.007317417620983591,0.02294500363454932,False,665.5986367014405,True,True,0.6285994381534353,0.5119463180271212,-0.001862721803447931,False,0.10137651898704146
CBOE,209,0.5478414453180134,Cboe Global Markets,Financials,SP500,256.56500244140625,-0.0056776202178867585,-0.054765466733556534,-0.18051380366304137,0.11130282469990993,-0.05561554056604279,0.04093567251461988,0.8070175438596491,0.26120857699805067,0.6588693957115009,-0.29692676068493573,0.11130282469990993,False,-0.08479874129702569,False,-0.10898135603769499,-0.10117318250546126,0.12231097157862103,-0.03949014267410056,False,286.8710433144116,False,False,0.7643908466562159,0.7547131585070708,-0.0010851404124384567,False,0.08736644846017196
DAL,210,0.5470498926158625,Delta Air Lines,Industrials,SP500,82.93000030517578,-0.023663787125706937,0.005212124911221583,0.022060647387134535,-0.10770882273773574,0.2857522557262564,0.8518518518518519,0.2631578947368421,0.8206627680311891,-0.050682261208576995,-0.11237707891912496,0.5019192309148444,False,0.03551828929780254,True,-0.013024782900203147,0.10210271481582223,0.013196666617907749,0.008912569112951019,False,479.08521340246494,False,True,0.8449315291604054,1.0180283478492118,-0.01871914200122593,False,0.10603582280701875
DOC,211,0.5466737620306473,Healthpeak Properties,Real Estate,SP500,20.239999771118164,-0.0034465631051148193,-0.02316600184088602,-0.04136604306070113,-0.0610169707492626,0.258017952227372,0.5886939571150097,0.4074074074074074,0.797270955165692,-0.21832358674463942,-0.10418461265205059,0.3466245108985697,False,-0.011032632266367859,False,-0.03596144793878442,0.10099085487459702,0.037302914766110806,-0.00708030297748008,False,109.84163037270203,False,True,0.5874724289052357,0.994789707300534,0.0004923795738451808,False,0.04430461168860893
FANG,212,0.5449048801608283,Diamondback Energy,Energy,SP500,187.72000122070312,0.00562491595895076,-0.00818937505557682,-0.06383404537716608,0.045495793088948355,-0.05969100640522651,0.4171539961013645,0.6783625730994152,0.25925925925925924,0.21637426900584794,-0.1125608551789209,0.4002594865153628,False,-0.04851449829557852,False,-0.05485809648975715,0.028652921144891375,0.05804218000071204,-0.01475959541856342,False,472.26295451087645,False,True,1.031477145938916,0.8827390127215206,0.020892533312952377,False,0.08081809653901223
EQIX,213,0.5420373612875415,Equinix,Real Estate,SP500,1028.0,0.019760319193373066,-0.02767532063575484,-0.04500901423157677,-0.04815664736428249,0.07790301481938466,0.5536062378167641,0.4619883040935672,0.5224171539961013,0.0682261208576998,-0.07440186399513671,0.4373949919407234,False,-0.0024414868205790974,False,-0.014213456767979249,0.054693089250618776,0.014418391958748611,-0.002034628228508195,False,576.7300029126417,False,True,0.9879376785521878,0.8131365831883606,0.0007737166182208988,False,0.10114000560774863
LMT,214,0.5413600592043274,Lockheed Martin,Industrials,SP500,521.8300170898438,0.004369119142960898,-0.025345548571966692,-0.07215600808634348,0.045785754576700866,-0.14183075492661257,0.3723196881091618,0.6803118908382066,0.14035087719298245,0.16959064327485385,-0.21901150729138585,0.20968194015163366,False,-0.01782880995804159,False,-0.06041064146123443,-0.061727578107276915,0.06429472717228735,-0.008600645787299688,False,645.9461788741015,False,False,0.5785214473899074,0.8002731699967737,-0.0010778303973076886,False,0.11589366582566063
BR,215,0.5402337655401822,Broadridge Financial Solutions,Industrials,SP500,162.3350067138672,-0.008762273439319013,-0.013880381916508422,-0.1078497793227825,0.2059573604659335,0.04460469870420858,0.18323586744639375,0.9064327485380117,0.4522417153996101,0.03508771929824561,-0.30282968087584017,0.2059573604659335,False,-0.039731687050820974,False,-0.025828303938871255,-0.04739292730495348,0.026513092141049688,-0.013266881157272259,False,192.47550984514558,False,False,0.7342218728470498,0.6040917830800397,-0.010746838369112499,False,0.042423874221543
ARM,216,0.5384503877654562,Arm Holdings,Information Technology,NDX,286.0,-0.07837073585400345,-0.11427684916065317,0.12064571324060003,-0.1675883020623925,0.9843196441472228,0.9746588693957114,0.12085769980506822,0.9707602339181286,0.0935672514619883,-0.3492012798411136,1.7355331578365885,False,0.05776076603627445,True,0.08050029674578751,0.3455583115448815,-0.07450279929421166,-0.033174596109814436,False,1343.2653041419765,True,True,1.0357292438387313,1.3360859462575112,-0.01446900182385602,False,0.488147242713821
DRI,217,0.5381652380570909,Darden Restaurants,Consumer Discretionary,SP500,199.94500732421875,0.0009762569422715472,-0.05378349517619785,-0.05297682612569432,-0.020115984933070985,0.055191842432710914,0.5048732943469786,0.530214424951267,0.48148148148148145,0.06042884990253411,-0.12181564583523774,0.20932352210461258,False,-0.05279622809284745,False,-0.05537003476632363,-0.009501287869630115,0.05861558155486479,-0.03370121763788114,False,246.13268257248413,False,False,1.064597380135363,1.2247937434209761,0.005106404367764439,False,0.08078517619697659
HSIC,218,0.5368983722624674,Henry Schein,Health Care,SP500,86.44999694824219,0.0009261803764770704,0.014671362027857349,-0.04242359196767054,0.025625768291063666,0.19902910926234973,0.571150097465887,0.6413255360623782,0.7134502923976608,-0.15984405458089668,-0.04853624953208446,0.39368045541693175,False,-0.012564279555465241,False,-0.015093201113626553,0.079248919891866,0.015324496826189415,0.0014449214480036776,False,101.55982927109984,False,True,1.0504284665968857,0.8322652264254532,-0.0055575239280930555,False,0.04727596754257965
CTSH,219,0.5361142582483606,Cognizant,Information Technology,SP500,56.15999984741211,-0.020408197213920287,-0.054227032044163126,-0.11919696791388401,0.4581645538213708,-0.04758717238586352,0.1442495126705653,0.9824561403508771,0.2729044834307992,0.1656920077972709,-0.34051788628243806,0.45854102573171485,False,-0.07448912462058366,False,-0.024216166083987356,-0.0765967128356424,0.02481714211927777,-0.041264769104248145,False,422.7799351254435,False,False,0.7659675983759985,0.5468753663389214,-0.011861159662608589,False,0.04004247779241573
DG,220,0.5337737418126747,Dollar General,Consumer Staples,SP500,124.58000183105469,-0.0020826218716976097,0.021901386996473038,-0.010405890578640054,0.06548161136496322,0.07382350401604909,0.7485380116959064,0.7192982456140351,0.50682261208577,-0.01754385964912275,-0.19476983927696823,0.31692429932380106,False,-0.009122923765893298,False,0.0018270758370595441,-0.013675257150202014,-0.001823743718977644,0.0069798607574298455,False,286.72994585031125,True,False,0.9929253782609216,0.7479235226866927,-0.014979134668717808,False,0.11903010371139672
CHD,221,0.5336293549703788,Church & Dwight,Consumer Staples,SP500,95.20999908447266,-0.012139429365918719,-0.002932231496081239,-0.069942399824234,-0.02451164278800322,0.011850195739731673,0.3840155945419103,0.5224171539961013,0.38791423001949316,0.02729044834307992,-0.08975780271524181,0.17901048588568558,False,-0.010517359998456488,False,-0.03344813708676808,-0.001191782901470706,0.03460563097561464,-0.004813429009715708,False,174.75115464094773,False,False,0.5795498109506172,0.5894182211334184,-0.006017786036402795,False,0.10227790230881655
REG,222,0.5313708548387712,Regency Centers,Real Estate,SP500,73.27999877929688,0.0006827177396073747,0.004936925663622471,-0.019055333192327217,-0.08951929052515595,0.005669362668649258,0.6978557504873294,0.31189083820662766,0.37816764132553604,0.042884990253411304,-0.1047159918683046,0.13541999383879633,False,-0.00938219401768181,False,-0.03760760543126618,-0.020940991816761012,0.039077205559296724,-0.0005756634782702053,False,99.84702330325867,False,False,0.655545037718446,0.8829946899180684,0.0009558881826488008,False,0.04901309638671364
ASML,223,0.530768511842773,ASML Holding,Information Technology,NDX,1758.39501953125,0.008288747669454644,0.027508049178219585,0.013478314035078043,-0.06502055754086322,0.3547450071848235,0.8304093567251462,0.391812865497076,0.8654970760233918,-0.1832358674463938,-0.11499257638739468,0.8906171732312458,False,0.040725215684954685,True,0.023801148614327694,0.15305268838206265,-0.023247823707310267,0.02307683736100996,False,2322.329455666621,True,True,0.7221003067284488,0.7002669566284165,0.0021847418613956116,False,0.19912001244080985
AIZ,224,0.5306634165321981,Assurant,Financials,SP500,264.6099853515625,-0.0014717533903302327,-0.04603799591338631,-0.07001273341009995,-0.009524318672003096,0.24877347641394953,0.3820662768031189,0.5594541910331384,0.7797270955165692,-0.1871345029239766,-0.1198471933388574,0.29251770650307507,False,-0.05003127288714304,False,-0.05664388501951256,0.06556988680825127,0.060045071124263716,-0.02293372769283053,False,104.65308027308349,False,True,0.7700607411531367,1.233142324984157,-0.0022641739755306922,False,0.06429663244635557
LYV,225,0.5297421636282488,Live Nation Entertainment,Communication Services,SP500,172.82000732421875,0.011412256468398052,0.02151563308915172,-0.04329047880786152,-0.05335226974490337,0.18605448741477204,0.5614035087719298,0.43859649122807015,0.6998050682261209,-0.13060428849902533,-0.08298842636355286,0.3758459237677656,False,0.004925236831183621,True,-0.029048717002424063,0.058636052738437305,0.0299177904299619,0.011540308299120117,False,343.35799932826535,False,True,0.6621272294225004,0.7387060141993246,0.00011707305573005478,False,0.0839105445435119
PH,226,0.5286685129871864,Parker Hannifin,Industrials,SP500,982.35498046875,0.004114116206797913,0.025240821555627235,-0.026568988728272958,0.021315317295594216,0.11043893335960586,0.6627680311890838,0.6237816764132553,0.5730994152046783,-0.18323586744639375,-0.08337744196369234,0.3821541071089518,False,0.03030350323268527,True,-0.005005375197648654,0.044700524171634726,0.005030555012940807,0.017536114953615067,False,612.1597409165869,False,True,0.7309069230082401,0.741923623577861,-0.00521300229166477,False,0.14137469137373687
ON,227,0.5270194130684397,ON Semiconductor,Information Technology,SP500,75.04000091552734,-0.027979224327728813,0.04629112713770911,0.0032085274595974322,-0.15276051513961486,0.28603261144571346,0.7933723196881092,0.15009746588693956,0.8226120857699805,0.14619883040935672,-0.43970727231214934,0.6712694513446,False,0.03502022164179874,True,-0.03151198442159431,-0.06163050494079936,0.032537299289939536,0.019663787865660032,False,739.8948966986553,False,False,0.7551922008675799,0.9115443881826116,-0.0025906341469971172,False,0.1166075157981573
ACGL,228,0.5267861434407938,Arch Capital Group,Financials,SP500,95.11000061035156,0.004753823482285702,-0.006995178299063931,-0.03695829735649514,-0.030083591899739526,0.018090371168172803,0.6081871345029239,0.5126705653021443,0.39766081871345027,-0.07797270955165692,-0.10678063850607178,0.12263927337042357,False,-0.01602030782811592,False,-0.03661295320848679,-0.013052067977147197,0.038004406775473454,-0.004902908006824136,False,269.91379974462774,False,False,0.6877334281091844,1.410994256030374,0.0025353671506944675,False,0.13994760494617345
ORLY,229,0.5260716479173582,O'Reilly Automotive,Consumer Discretionary,SP500,86.43000030517578,0.0035995999617643992,0.042833049823869374,-0.01593990090734465,-0.04137093173723072,-0.040838977696700085,0.7192982456140351,0.47953216374269003,0.2826510721247563,0.17153996101364521,-0.19831182392707258,0.04472376161135605,False,0.004217645624628341,True,-0.022870905135360386,-0.0515621808777752,0.023406226726396584,0.007464448017221459,False,539.9373639236936,False,False,0.728430843438039,0.7706415652337106,-0.002902926056977173,False,0.04962438726431766
NXPI,230,0.5243590330468484,NXP Semiconductors,Information Technology,SP500,235.40499877929688,-0.011235731817811567,0.012886687620993209,0.04695075589461539,-0.1505395195228596,0.2379547281358687,0.9005847953216374,0.15594541910331383,0.7602339181286549,0.1442495126705653,-0.2867814535001447,0.30062966401395297,False,0.0320109796455017,True,0.003651240779502185,-0.03331769495024928,-0.0036379577199211477,0.01202756661989235,True,881.8118396271014,True,False,0.7951643564490755,0.7704504568317613,0.0009030424069098597,False,0.10047895538857653
PTC,231,0.5238327935516112,PTC Inc.,Information Technology,SP500,135.72000122070312,-0.017376151037712617,0.0032525313821454294,-0.1461465629036991,0.19167619587360218,-0.013734462475587406,0.0682261208576998,0.8947368421052632,0.34502923976608185,0.16959064327485385,-0.340748994803992,0.20822575454798975,False,-0.01945271402002613,False,-0.032354651151279,-0.06896849311729447,0.03343647669032235,-0.009990535904739417,False,211.15092559842833,False,False,0.8980345054008897,0.784578464527864,-0.00767446854957099,False,0.04293031891094048
LDOS,232,0.5237185429326742,Leidos,Industrials,SP500,121.20999908447266,-0.01941591711049573,-0.054745355041439625,-0.13053298020302329,0.21070945586025092,-0.2153718544595027,0.11695906432748537,0.9122807017543859,0.06627680311890838,0.3820662768031189,-0.3855491689857292,0.21603657898582052,False,-0.06203942218369429,False,-0.060515287951009245,-0.17881085166626798,0.06441327588931922,-0.032033090967438005,False,177.10079692348114,False,False,0.6943395402331201,0.6950966841069992,-0.0050157976176735675,False,0.0345859279734505
LIN,233,0.5236168808627354,Linde plc,Materials,SP500,472.05999755859375,0.004618065595157983,0.031825131275614815,-0.024179292300040678,-0.07327010493878117,-0.032594367075569064,0.672514619883041,0.3567251461988304,0.30994152046783624,0.08966861598440545,-0.13358967140683742,0.22427477261999318,False,0.005219727626472492,True,-0.021008264283925437,-0.02075856963432665,0.0214590823573797,0.009594058422893958,False,970.3284989700525,False,False,0.6003977936676574,0.772946398366777,-0.005341696327603285,False,0.11040482786180178
BKR,234,0.5231827666578928,Baker Hughes,Energy,SP500,57.61320114135742,-0.0037489310536532594,-0.0037489310536532594,-0.0724005703558902,0.026907253197476333,-0.08227591390321198,0.3664717348927875,0.6471734892787524,0.2124756335282651,0.3996101364522417,-0.1672381823892214,0.3158100850787928,False,-0.03535321559333848,False,-0.04937918396907559,-0.021461591144923742,0.05194414338121245,-0.004265989892748401,False,478.05393501754725,False,False,0.9504570990002792,0.8008711993427468,0.0020750290175561847,False,0.04883948982981301
J,235,0.5225157642965862,Jacobs Solutions,Industrials,SP500,137.60000610351562,-0.005564710853821708,-0.0428491140699605,-0.08644263335383773,0.11409149216352765,0.09915380034748988,0.26705653021442494,0.8128654970760234,0.5555555555555556,-0.09161793372319682,-0.15430571697615814,0.2899457444146958,False,-0.039092684388431276,False,-0.03424225717788021,0.038645047625459394,0.03545636308109534,-0.019523600585032996,False,117.83896187185547,False,True,0.809591111946068,0.7563669688620823,-0.007010199139499962,False,0.04045036249784298
NOC,236,0.5178980556413866,Northrop Grumman,Industrials,SP500,511.7250061035156,0.00236037200457484,-0.028357892763035242,-0.05700967070649399,0.03635402404586352,-0.23959533071530226,0.46588693957115007,0.6686159844054581,0.056530214424951264,0.37231968810916183,-0.32773268431678226,0.03635402404586352,False,-0.01918550136648023,False,-0.0517886754811806,-0.14039144544757853,0.0546172294530034,-0.008723490618341878,False,418.215897207428,False,False,0.6685265284936941,0.7650240268947244,-0.0028794195180157356,False,0.07001048593158368
DLR,237,0.5176304536073824,Digital Realty,Real Estate,SP500,180.3800048828125,0.00990988335710452,-0.0319325760198137,-0.05457124467198904,-0.04703078028481089,0.042228867294217265,0.4951267056530214,0.46588693957115007,0.4444444444444444,0.07602339181286549,-0.10338987408805056,0.24432241734908677,False,-0.016450522514175225,False,-0.037017012208186206,0.011177584931807205,0.038439944087764966,-0.008037212758983614,False,423.9536157341589,False,True,0.7590905833767875,0.5355251827939166,0.0007278701213160321,False,0.0545710428315095
MOS,238,0.516818301461416,Mosaic Company (The),Materials,SP500,22.578699111938477,-0.018744072692445934,-0.06195681768979899,-0.04167408418087293,0.01469801401819093,-0.07994753145718736,0.580896686159844,0.6140350877192983,0.22417153996101363,0.2943469785575049,-0.33894446140832146,0.14883069127872073,False,-0.08859144986145484,False,-0.03802398619970604,-0.06544919885409328,0.03952695873308931,-0.055014488691714214,False,186.0521319114271,False,False,0.7910284715859693,0.7700879513628529,-0.010864841265242675,False,0.07459154137923375
WSM,239,0.5163992553682533,"Williams-Sonoma, Inc.",Consumer Discretionary,SP500,232.02499389648438,0.0005390254561878915,0.021416579309496253,-0.026740772496697707,-0.030687809236991548,0.3333748971973942,0.6608187134502924,0.5048732943469786,0.8538011695906432,-0.26120857699805067,-0.07846137492489691,0.38045368532171686,False,0.026642234194801828,True,-0.003819024685537964,0.12046899877375816,0.003833665548905296,0.014503470023464304,False,242.46069383180847,False,True,0.8644385105930876,0.7286690724851966,-0.015135811122111265,False,0.119224847427749
PKG,240,0.5156157135609192,Packaging Corporation of America,Materials,SP500,235.47500610351562,-0.007188576713535455,-0.011896233830395953,-0.027456852945111576,-0.0027390911330373857,0.12399045749903093,0.6549707602339181,0.571150097465887,0.5964912280701754,-0.11111111111111105,-0.07936504716914161,0.25959988347626317,False,0.008010129423741796,True,-0.025661188162960258,0.054709971155665116,0.026337027583431816,-0.003858661874556635,False,149.5207510301361,False,True,0.8095567677011793,0.6124465542879479,-0.00978156732048241,False,0.02958790253768606
GL,241,0.5154930705759833,Globe Life,Financials,SP500,167.77000427246094,0.004370276674267037,-0.025499531228312944,-0.04556829310764188,-0.0623302361875685,0.2469335515027824,0.5497076023391813,0.4015594541910331,0.7758284600389863,-0.32163742690058483,-0.0981077280982613,0.2947953700508852,False,-0.021438271404823794,False,-0.0456899072089596,0.07194209696269072,0.04787742218604407,-0.009710089788956044,False,93.82860992664337,False,True,0.591368591196195,0.8344273628002125,-0.0004190138185038439,False,0.02977238407425141
HON,242,0.513803916183152,Honeywell Technologies,Industrials,SP500,211.19000244140625,-0.006398497251587365,0.02281095898550034,-0.041744167038979985,-0.07013310544434326,-0.08979973559203125,0.5789473684210527,0.3742690058479532,0.20272904483430798,0.2475633528265107,-0.18124553888178419,0.08478871362790241,False,0.016218405499929256,True,-0.052880427427117405,-0.07658220328822474,0.055832894766883356,0.005293774317153277,False,702.050098779087,False,False,0.542819630771186,0.7366127830000495,-0.006586728464701652,False,0.0818820833707126
LYB,243,0.5116968601107029,LyondellBasell,Materials,SP500,59.22999954223633,0.018747852838504775,-0.01676630325512596,-0.06073583488180634,0.11602834565075826,-0.2483848550322012,0.44834307992202727,0.8206627680311891,0.04678362573099415,0.6120857699805069,-0.2659937719951947,0.48566145461312904,False,-0.05868331443848973,False,-0.04925293466211189,-0.02403558738819922,0.051804456156388845,-0.02164741518201141,False,244.12394672275323,False,False,0.9614780531727027,0.654604698784115,0.010319956916359896,False,0.056685461990799
MRVL,244,0.5105753348363298,Marvell Technology,Information Technology,SP500,254.22999572753906,-0.029434246934436303,-0.0122387485255806,0.05293020890796041,-0.08445464793258473,1.6814926067587832,0.9142300194931774,0.3255360623781676,0.98635477582846,-0.46588693957115007,-0.19636977641128817,2.4506982804309785,False,0.08289192137141033,True,0.14579641372662877,0.5569279653888011,-0.12724460644141422,0.010042251505340882,True,4782.439503521782,True,True,0.5305005324944712,0.576228873684659,-0.011109428246876218,False,0.14147770390572526
ABNB,245,0.5099182507257489,Airbnb,Consumer Discretionary,SP500,157.47999572753906,6.346927515377132e-05,-0.056101659169275786,-0.1459869797178911,0.07005502267356345,0.2816797607821313,0.07017543859649122,0.7290448343079922,0.8148148148148148,-0.23391812865497075,-0.17333335576094977,0.4118701312079376,False,-0.0685583917627659,False,-0.06388171850790914,0.10223202958129263,0.06824107569621152,-0.016741533821596044,False,833.6930272012244,False,True,0.8262828162675442,1.3540567350446688,-0.009335119129406988,False,0.09878226455476373
SW,246,0.5091585508672748,Smurfit Westrock,Materials,SP500,45.834999084472656,-0.012389587692953064,0.009359155218864545,-0.05747484931632363,0.0017968421901315423,0.1870420297744244,0.4600389863547758,0.580896686159844,0.7037037037037037,-0.24561403508771928,-0.09758253448251386,0.43931250537180055,False,0.019558094447154506,True,-0.015318223090920458,0.07870808760032366,0.015556521355563735,0.003377766045330244,False,217.1624217982506,False,True,0.7039897588889347,0.7132305406967464,-0.015944875692734173,False,0.07763992080934673
TRMB,247,0.5076687151669127,Trimble Inc.,Information Technology,SP500,56.65999984741211,-0.020570417598910096,-0.01887446151667338,-0.07929803372628719,0.11601338066853906,-0.10020646738079508,0.32748538011695905,0.8187134502923976,0.19298245614035087,0.14814814814814814,-0.32159959141813665,0.159402518636947,False,-0.02859690087108091,False,-0.018823489493600132,-0.10276691884659772,0.019184610813690384,-0.02130612359559747,False,177.25429308028367,False,False,0.7145043498438396,0.4901742694731062,-0.018150376227412668,False,0.0926086466830783
AMP,248,0.5072365083179791,Ameriprise Financial,Financials,SP500,492.4849853515625,-0.0010446544593052387,-0.08070444955564604,-0.11386910404606498,0.10571765951449352,0.13511098418852496,0.16374269005847952,0.7914230019493177,0.6179337231968811,-0.11111111111111116,-0.1370207617715511,0.15201634920760698,False,-0.08487382828365153,False,-0.09733357795911968,0.0034526672951968873,0.10782895606004006,-0.03882956651302094,False,280.404929683064,False,True,1.212848301339401,1.3910932014857194,-0.002860047996165016,False,0.07801406399722342
DD,249,0.506741549459646,DuPont,Industrials,SP500,131.04750061035156,-0.005030036213990008,0.009688784877632806,-0.05170002317658828,-0.030322378360533087,-0.026761227824904865,0.5107212475633528,0.5087719298245614,0.3235867446393762,0.24366471734892792,-0.14175139564984163,0.4414896456065287,False,0.00855518671736255,True,-0.034701615130054875,-0.04014445437982661,0.035949107212823295,0.004930265717539184,False,188.64099643153963,False,False,0.8254100093325775,0.5088214296980588,-0.009186900403823195,False,0.040600516634495286
RL,250,0.5065504323975846,Ralph Lauren Corporation,Consumer Discretionary,SP500,354.6199951171875,-0.006944864026715347,0.04652672675241987,0.010601666143835065,-0.10557899545522942,0.08748710969600726,0.8206627680311891,0.26705653021442494,0.5360623781676414,0.04678362573099415,-0.13940852697562534,0.16116928854849788,False,0.03828049200314254,True,-0.02467194418938834,-0.024030717647356648,0.02529604684536957,0.023609097032316173,False,228.4894689609375,False,False,0.9183423003524933,0.992689184970118,-0.007140908056461059,False,0.06043375057314589
CF,251,0.5033933768973423,CF Industries,Materials,SP500,115.66999816894531,0.008720676863765986,-0.06165327071539728,-0.07986636694493032,0.10309277975473674,-0.1444437735423162,0.3157894736842105,0.7816764132553606,0.13840155945419103,0.19883040935672514,-0.16945505406423156,0.5424348439689874,False,-0.10688159716743628,False,-0.07455906116006195,0.04247870561229261,0.08056598539235083,-0.0490341377373833,False,309.2090218300342,False,True,1.14004745738076,0.8396374938551923,0.022935422733134425,False,0.09053695109286818
TRI,252,0.5030573007862121,Thomson Reuters,Industrials,NDX,96.79000091552734,-0.02222443676854946,0.014251290013647777,-0.07625499099879973,0.17859280590163218,0.11455460237027992,0.3469785575048733,0.8791423001949318,0.5789473684210527,-0.003898635477582846,-0.3828735260472821,0.272664720654884,False,-0.03934334291862762,False,-0.037900523177682555,-0.004854064037980055,0.03939355970014957,-0.016639930489174004,False,188.19505256496905,False,False,1.0373032883569795,0.5920222088647097,-0.009899946951082206,False,0.033173698253220495
KMI,253,0.5027265652716266,Kinder Morgan,Energy,SP500,30.69499969482422,-0.001788627810594523,-0.032313986151277674,-0.026791413956082866,-0.039916182334921224,-0.08115346642174781,0.6588693957115009,0.48148148148148145,0.21832358674463936,0.13060428849902533,-0.09700073090498107,0.23468470773576988,False,-0.021166349673894636,False,-0.027889834381483403,-0.00882737959295099,0.028689993549998682,-0.013467728279051627,False,361.0761423266411,False,False,0.8841243340674821,0.7448688142683031,0.0006504213906886047,False,0.0717733977976775
IBKR,254,0.4983352597628012,Interactive Brokers,Financials,SP500,88.26000213623047,-0.010981574977568798,-0.053105857706920445,-0.08503470068072616,0.0015863075734541265,0.3774047757844543,0.2807017543859649,0.5789473684210527,0.8810916179337231,-0.18518518518518512,-0.10031668991879883,0.4518169493673785,False,-0.026715134817055786,False,-0.031499570794225495,0.09328318675172786,0.032524064878378,-0.019412559566410525,False,380.3468827008064,False,True,0.957429203474424,0.7317862950236097,-0.016113804852838753,False,0.09518976612688246
WRB,255,0.4974237343739867,W. R. Berkley Corporation,Financials,SP500,67.0250015258789,0.0030679711462280324,-0.025657789884547588,-0.01783868412244083,-0.05476836173389099,0.04612507106066688,0.7095516569200779,0.4269005847953216,0.45419103313840153,-0.12085769980506827,-0.1219070819453677,0.06588197139914231,False,-0.027378186607611044,False,-0.04702088724826159,-0.01961199573681749,0.0493409421246267,-0.015243635251654841,False,175.98468718672302,False,False,0.6583679690928533,0.8468124376403969,-0.0016462228502536203,False,0.027714990000465095
UNH,256,0.4969241978614726,UnitedHealth Group,Health Care,SP500,378.20001220703125,0.004275248638564655,0.0016951336279691365,-0.03675782945389383,-0.09359060354333848,0.47750055497812394,0.6140350877192983,0.29239766081871343,0.9181286549707602,-0.17153996101364521,-0.12792758584607367,0.47750055497812394,False,-0.012722927225856218,False,-0.046127925573720696,0.07512879080913759,0.04835860783686852,0.0029545059496567383,False,1816.4910566653919,False,True,0.7382423435141209,0.768604175559476,-0.000610772958827499,False,0.10971254215244632
DOW,257,0.4960801928718296,Dow Inc.,Materials,SP500,28.25,0.008208406084183384,-0.0007074799235873286,-0.05777004316430878,0.023561391488907013,-0.292787154141667,0.4580896686159844,0.6335282651072125,0.03313840155945419,0.5282651072124757,-0.31052239028999506,0.4355591452012435,False,-0.036986536108268186,False,-0.05398882508101788,-0.09825008673776114,0.057069965463824035,-0.012840868770731761,False,269.42439559638564,False,False,0.7699921574613363,0.7595392947277348,0.01017130059800353,False,0.15479956625684327
EW,258,0.4955194302346429,Edwards Lifesciences,Health Care,SP500,86.48999786376953,0.002317730283001973,-0.020941799307360842,-0.03846580546815981,-0.05143674518215624,0.09011850083063666,0.6023391812865497,0.4502923976608187,0.5419103313840156,-0.02729044834307992,-0.09130071878066282,0.19050235440064833,False,-0.014656561838432669,False,-0.020875337655596238,0.016612043983655234,0.02132040837947291,-0.006142421906860984,False,316.6186282492363,False,True,1.0847431326571955,0.8182708057949774,-0.00336077080137287,False,0.04192679939156537
IDXX,259,0.49538572458543617,Idexx Laboratories,Health Care,SP500,519.030029296875,-0.0004429004052397545,0.00723858255825327,-0.0477911260296211,-0.03153390108758125,-0.0703717894969289,0.5360623781676414,0.49707602339181284,0.2378167641325536,0.2573099415204678,-0.3230160767787691,0.028393137989395356,False,-0.0032684268970150088,False,-0.049000529884527744,-0.12253795763106679,0.05152529672658801,0.0029329314883035362,False,294.3943722471655,False,False,0.6280275197329778,0.56762545271599,-0.005257444088525576,False,0.0384552015026197
RJF,260,0.4938129189030415,Raymond James Financial,Financials,SP500,158.6300048828125,-0.007756241147477749,-0.03971183159780278,-0.09925612212229817,0.06785255136818158,0.13070617201021562,0.2124756335282651,0.7251461988304093,0.6101364522417154,-0.15399610136452246,-0.12446179878879671,0.13415728297355,False,-0.061008104423799225,False,-0.08379546041423747,-0.010656838765073728,0.09145933772836723,-0.021001806987716587,False,204.8945336919104,False,False,1.0028948648820046,1.1238649440815855,-0.0017514154491068412,False,0.03275128202597932
AMCR,261,0.49226567178982467,Amcor,Materials,SP500,42.75,0.005645770123336558,0.014234838728361954,-0.06783696769128722,0.009879496510009966,0.14154828524649976,0.3996101364522417,0.6003898635477583,0.631578947368421,-0.20467836257309946,-0.11694039570511128,0.2015970032814136,False,-0.01283864029010695,False,-0.0420912306433322,0.025179956462919817,0.043940750925164584,0.0024196068257007486,False,160.82802049050903,False,True,0.7209441949459664,0.7355723565730944,-0.00611616870851539,False,0.059501235882829163
KDP,262,0.4912706042122048,Keurig Dr Pepper,Consumer Staples,SP500,31.280000686645508,-0.020970267927852948,0.02155453394261353,-0.01882052979660953,-0.06626863621953705,0.20102195475118956,0.7017543859649122,0.38596491228070173,0.7153996101364523,-0.14814814814814814,-0.06626863621953705,0.26656859350716866,False,-0.01410446362833151,False,0.0023842065656167755,0.07271716197498668,-0.00237853564531465,-0.0050159590256159126,False,336.2980522158992,True,True,0.8536028445577372,0.6997263943879288,-0.014084530585095734,False,0.056511060300309494
SPGI,263,0.4899932479600828,S&P Global,Financials,SP500,398.75,-0.011281894199571485,-0.014141966532598138,-0.08415446706563323,0.03393640434606149,0.04226171583630389,0.28654970760233917,0.6627680311890838,0.44639376218323584,0.033138401559454134,-0.22322210541109255,0.08606964632400116,False,-0.04337613931719386,False,-0.05069714225187194,-0.05961732444566248,0.053404603007445095,-0.016411486788289742,False,785.4623757270997,False,False,0.8095564489600752,0.6462838198185248,-0.008182464400824041,False,0.08016971250478246
SNPS,264,0.4891259732283525,Synopsys,Information Technology,SP500,422.05999755859375,-0.00869037044852583,0.05029237563299205,-0.0921293547727261,-0.056343092735334555,0.10931215655492665,0.2378167641325536,0.42105263157894735,0.5692007797270955,0.16374269005847952,-0.21045345800995663,0.14783786659478126,False,0.04847252887874043,True,0.051312176678010246,-0.051705920792116,-0.04880774504120089,0.027699856745879048,False,735.8404967631188,True,False,0.9250378588329006,0.8288888840241576,-0.010087874223083326,False,0.1342880538980426
OKE,265,0.48694090629923364,Oneok,Energy,SP500,88.55500030517578,-0.0008461801936848756,-0.03534861262207656,-0.06508657977276133,0.009927447047046511,-0.03485827765603988,0.4074074074074074,0.6023391812865497,0.3001949317738791,-0.01754385964912275,-0.09183675146005765,0.42943273455704345,False,-0.05613067614111744,False,-0.04207346403952039,0.041395923111721133,0.043921389021063906,-0.02698281292218585,False,338.38588374175856,False,True,0.7693068446078165,0.6676376268021655,0.010944389605808347,False,0.052954282508381946
AWK,266,0.4859845580465624,American Water Works,Utilities,SP500,130.13999938964844,-0.005881936069976668,-0.02858850336759433,-0.04791866950595414,-0.011278273499523483,-0.03592895798075402,0.5341130604288499,0.5516569200779727,0.29434697855750486,-0.13255360623781676,-0.08072362475899442,0.08152921116896672,False,-0.049108224171892534,False,-0.04215038950517691,-0.003650268851406513,0.044005226961884025,-0.024171741670142466,False,288.3456773529342,False,False,0.5311366081717428,0.6472481592123204,-0.0035902620697821908,False,0.06919862294791151
FRT,267,0.48473104374330045,Federal Realty Investment Trust,Real Estate,SP500,110.30079650878906,-0.0019833527048075394,-0.002975691519496393,-0.056613083850649226,-0.11242348388866474,0.09377804455595729,0.47173489278752434,0.25146198830409355,0.543859649122807,-0.03508771929824561,-0.13237788962648978,0.1994581369924795,False,-0.029068263094457647,False,-0.06417855394370542,-0.007319108851626233,0.06857991363006732,-0.007429666845181981,False,98.41912086407014,False,False,0.6687837068680839,1.065928482932804,-0.0012667335676871394,False,0.06023492138158122
FLEX,268,0.48283093578695596,Flex Ltd.,Information Technology,SP500,113.69999694824219,-0.008545547212466809,0.018725887702367716,-0.013876895586875104,-0.2874154005518258,0.7546294999002763,0.7270955165692008,0.031189083820662766,0.9571150097465887,-0.01364522417153996,-0.2984513370152013,1.085855814516271,False,0.02843339911697651,True,-0.012096415428823004,0.15141860816867458,0.012244530354724503,0.011998474002010706,False,425.50243156406316,False,True,0.6611170758993644,0.7059782265236654,-0.019052995751475788,False,0.08937467037005581
CCEP,269,0.4817843695997986,Coca-Cola Europacific Partners,Consumer Staples,NDX,102.05000305175781,0.0031455783374099155,0.015119907399958832,-0.049105447801455426,0.006608855952767945,0.12549224884507004,0.5224171539961013,0.5964912280701754,0.5984405458089669,-0.165692007797271,-0.08647387084311198,0.2154860795522442,False,-0.014775918037746916,False,-0.03801374490631548,0.04101857841753098,0.03951589194235772,0.003835474263871541,False,192.62919528846618,False,True,1.0027867159324189,0.7792061767130354,-0.007470776675037483,False,0.09495613180801012
MCO,270,0.48043491529432414,Moody's Corporation,Financials,SP500,463.2099914550781,-0.011713293383760592,-0.008582701415068006,-0.0899964609393038,0.025310574540693187,0.09522762221158643,0.2475633528265107,0.6354775828460039,0.5458089668615984,-0.06432748538011701,-0.135853325245894,0.1311699619111908,False,-0.02847910134420084,False,-0.042671707904681555,-0.01497993684691068,0.04457374576414663,-0.01237050971626108,False,362.17858416023864,False,False,0.881690075673317,0.7552714605543264,-0.01241733981787907,False,0.061527791410726
GEHC,271,0.48003799452970325,GE HealthCare,Health Care,SP500,66.77999877929688,0.0022512611745786337,0.03039656372339894,-0.07864244362085071,0.02717481358740681,-0.03437488899102026,0.3313840155945419,0.6491228070175439,0.30409356725146197,-0.09161793372319682,-0.24141582351735502,0.12327018496382802,False,0.005533592896645123,True,-0.024803369818913845,-0.0676037779602654,0.025434224290036722,0.011312805050826436,False,257.6433777401889,False,False,0.4915779573796221,0.8148424678966045,-0.003451834564307532,False,0.0658646996458917
SBAC,272,0.47876636034530773,SBA Communications,Real Estate,SP500,165.80499267578125,-0.002076444377831721,-0.059422544679220035,-0.11315261702179236,-0.06992241019447998,0.005374948776857513,0.16764132553606237,0.37816764132553604,0.3723196881091618,0.21637426900584794,-0.24934996302427892,0.017002427714903456,False,-0.08264397162373327,False,-0.083333013188987,-0.12597073904326583,0.09090870991099353,-0.03763236292690986,False,175.79633327423707,False,False,0.6561962480418654,0.7758055616248625,0.001023252687209153,False,0.059209148026938024
SCHW,273,0.47780638811640974,Charles Schwab Corporation,Financials,SP500,98.37999725341797,-0.00656368306463917,-0.07952844515747937,-0.08949565502286705,0.08963963514810036,0.07211908688239421,0.253411306042885,0.7660818713450293,0.5048732943469786,-0.14035087719298245,-0.1343599126039946,0.15602661139674145,False,-0.06650158445936738,False,-0.07597521558476084,0.0058019178803530025,0.08222205385198733,-0.03157091969152448,False,845.458290992097,False,True,1.1588916263990707,1.1296733639752783,-0.002423486486194948,False,0.09254961034738021
COR,274,0.47579679793090035,Cencora,Health Care,SP500,306.1499938964844,-0.00250886060719957,-0.03267084791602226,-0.046944608455296466,0.08909523088355598,-0.016002055896651934,0.5380116959064327,0.7641325536062378,0.3391812865497076,-0.08187134502923976,-0.1781813501931968,0.2164681119692795,False,-0.04357716858934202,False,-0.03492874976843929,-0.0369959670337624,0.03619292333085089,-0.018546519065957945,False,408.6450193870691,False,False,0.8028886866194751,0.6333307347750954,-0.002345892053965515,False,0.06084994516338021
ABT,275,0.4744877795706923,Abbott Laboratories,Health Care,SP500,100.7300033569336,-0.005528655874539545,-0.021848901987324587,-0.09732048872977239,0.0942556745280334,-0.01832009532112322,0.2202729044834308,0.7680311890838206,0.33723196881091616,-0.16959064327485385,-0.2342800707370718,0.22878441124762317,False,-0.03538883811011628,False,-0.05865792243222345,-0.027952035415336418,0.06231307813604037,-0.01564504176760917,False,920.3430753397147,False,False,0.5404853164167497,0.8109116904112278,-0.0020732459529523295,False,0.047723993661305496
UNP,276,0.4727839385373631,Union Pacific Corporation,Industrials,SP500,274.8550109863281,0.003889851375754372,0.019378429732946678,-0.10251076191004804,0.01257982831522697,0.16238177523734,0.20272904483430798,0.6101364522417154,0.6627680311890838,-0.14035087719298245,-0.11103433095984949,0.29707367921392547,False,-0.028314785888519878,False,-0.05720230190953968,0.049526602687682164,0.06067293336141688,-0.006908854411240006,False,779.4889012441254,False,True,0.8735498987211923,0.7268706749774273,-0.0014245028535200266,False,0.08633938552898159
TSLA,277,0.4722269906119942,"Tesla, Inc.",Consumer Discretionary,SP500,362.2300109863281,-0.026551220752380367,-0.03482541228818414,0.020912639099209818,-0.12045936721226169,0.0011055590440474106,0.8499025341130604,0.2378167641325536,0.3645224171539961,0.19103313840155944,-0.26057400307044654,0.2142330453641046,False,-0.011268980138648743,False,0.04126066827299857,-0.0834431308013367,-0.03962568598834337,-0.02047948802685895,True,13219.535540020917,True,False,0.7848736144296673,0.740348193166053,-0.01088384604659931,False,0.18737761299351952
L,278,0.4719904784793033,Loews Corporation,Financials,SP500,105.21499633789062,0.0037683328011486328,-0.01437942540617676,-0.041932283461394215,-0.07402612784817364,0.012250732869841796,0.5750487329434698,0.35282651072124754,0.3898635477582846,-0.13255360623781676,-0.11830841425568284,0.07829317617004561,False,-0.024076948316356428,False,-0.05655115977579761,-0.033532579885814706,0.05994088642088813,-0.009185321918133482,False,89.68705233327333,False,False,0.5936280575405762,1.1773710442313672,0.0,False,0.07447546594925562
MELI,279,0.470832713442663,MercadoLibre,Consumer Discretionary,NDX,1719.5150146484375,-0.018883248971382716,-0.05545543605736891,-0.10940566378431305,0.02161746844276502,0.07501937684553206,0.17738791423001948,0.6276803118908382,0.5146198830409356,-0.08382066276803124,-0.3125542318351535,0.11165233578303635,False,-0.07889493014147819,False,-0.07986295608250182,-0.06717418819377541,0.08679463196317383,-0.039036004078685904,False,925.9692088467309,False,False,0.7286138280831004,1.2676385047784011,-0.018555194711347478,False,0.17280505730094048
TROW,280,0.4693405889152104,T. Rowe Price,Financials,SP500,104.80500030517578,-0.006681848325094442,0.0016725896621592184,-0.055635553033034135,-0.07231336073285144,0.21404214582751147,0.4775828460038986,0.36062378167641324,0.7348927875243665,-0.24951267056530219,-0.12796852993101637,0.24587551476140623,False,-0.009089584440897025,False,-0.04659746003476628,0.033107849232563824,0.04887490653891646,0.00032009963197099367,False,175.3381413195587,False,True,0.5696062099987714,0.6812894833417991,-0.006444889502492779,False,0.03547769185300732
SHW,281,0.4690779460065689,Sherwin-Williams,Materials,SP500,328.5400085449219,-0.0017016030027590112,0.022501668299349076,-0.048289398692927143,-0.043568388606792574,0.04687584023764568,0.530214424951267,0.4756335282651072,0.4600389863547758,-0.2300194931773879,-0.11196130230949808,0.12388864924139398,False,0.008027978790323687,True,-0.028289762654950645,-0.010295968592915927,0.029113373069162174,0.008812446229195858,False,608.4139541720361,False,False,0.6628912299622169,0.9245921107324743,-0.010240033590663278,False,0.04352396995199787
TER,282,0.46682383279355166,Teradyne,Information Technology,SP500,395.5299987792969,-0.007153988826206215,0.03666716444162321,0.06348955496033026,-0.1457828326084648,0.33903247725812946,0.9337231968810916,0.16764132553606237,0.8596491228070176,-0.1111111111111111,-0.18220498358791348,2.00042526790489,False,0.08268784719693945,True,0.06795115284809516,0.19686877195576202,-0.06362758508839816,0.03192591303410097,False,1061.1071393826417,True,True,0.7219668286477287,0.5143261777743626,-0.005823603834989699,False,0.06522479391783685
ECHO,283,0.4661245961173863,EchoStar,Communication Services,SP500,91.29000091552734,0.013095109279582351,-0.04268036565409172,0.055741871478893756,-0.09470444039251591,-0.20762085200093638,0.9181286549707602,0.290448343079922,0.07407407407407407,0.2826510721247563,-0.3562059312353755,0.363962356182266,False,-0.002731038197988034,False,0.01773483971052836,-0.16268561507832013,-0.017425796011437233,-0.008352076362225014,True,337.1375097895853,True,False,0.5369048431231734,0.634738665488038,0.002552388480537182,False,0.09308120043873148
CVNA,284,0.4647631254696864,Carvana,Consumer Discretionary,SP500,61.79999923706055,-0.05010756907264269,-0.0800833736778167,-0.16587930501144876,-0.03013185729536294,0.023043276870872154,0.056530214424951264,0.5107212475633528,0.4015594541910331,0.1267056530214425,-0.3541645139480222,0.09854946436174572,False,-0.10244867672904112,False,-0.10130791196192634,-0.1479842551214655,0.11272816720028178,-0.05190408103931621,False,588.6891193894909,False,False,0.6066003553518058,0.6520903238304877,-0.021211148250891432,False,0.28959298125096233
USB,285,0.46403031932952626,U.S. Bancorp,Financials,SP500,58.95500183105469,-0.006320579612787314,-0.02456976885168327,-0.0552083270926762,-0.02970704808615343,0.18138661170596082,0.4873294346978557,0.5146198830409356,0.6881091617933723,-0.22807017543859653,-0.09882293669888154,0.33953742027734113,False,-0.035339233959344685,False,-0.05840580361894987,0.033954711590095554,0.062028635948934596,-0.011691243865863066,False,443.7787397406006,False,True,1.043634840191929,0.8737252224825449,-0.003539573448319011,False,0.0579031668638796
Q,286,0.462962962962963,Qnity Electronics,Information Technology,SP500,125.18499755859375,0.00396980597879204,0.02762270458216487,-0.00856088213061923,-0.20831492223722348,0.12143345570633768,0.7543859649122807,0.07017543859649122,0.5906432748538012,0.02729044834307992,,,False,0.03576590222631926,True,-0.024486298491703473,0.0042791966440669515,0.025100927289738673,0.018887643313738822,False,221.01446650888732,False,True,0.6452646584276089,0.6130980451363484,-8.021602401664385e-05,False,0.04788522178555179
WFC,287,0.462406015037594,Wells Fargo,Financials,SP500,82.08000183105469,-0.010726761197471957,-0.051536850442445825,-0.03401199656502163,-0.011480850547717858,0.07556924723279401,0.6257309941520468,0.5497076023391813,0.5165692007797271,-0.10526315789473684,-0.13444088380374586,0.12436995551594365,False,-0.05467191740856003,False,-0.05184779133041428,-0.025901701562680568,0.054682983234480176,-0.024037783093583398,False,1127.788906746985,False,False,1.084952156670239,0.8199403379398822,-0.003314469348353888,False,0.08967801500837748
WDC,288,0.46230969356419965,Western Digital,Information Technology,SP500,442.4949951171875,-0.03133688517745303,-0.012662646184519732,-0.041911177498972885,-0.3209838929097427,0.608020943332741,0.5769980506822612,0.01949317738791423,0.9473684210526315,-0.06627680311890838,-0.4068355992992485,2.918682282559116,False,-0.01482347054525246,False,-0.06475833819080756,0.12185472850854184,0.06924235824303926,-0.016432112798624,False,3360.403081760256,False,True,0.47600743054116285,0.7760515179105513,-0.01654954488517746,False,0.1241716793073976
TMUS,289,0.46217427129467503,T-Mobile US,Communication Services,SP500,166.9600067138672,0.009248710063625154,0.010225705800915641,-0.055282089430848,-0.03475532938662951,-0.19915222883014827,0.4853801169590643,0.48927875243664715,0.07797270955165692,0.27680311890838205,-0.2877975038817766,0.028015534444688406,False,-0.04684151604929909,False,-0.06050055308493596,-0.12138197707142806,0.06439658190709463,-0.007105095452885624,False,844.8213515202197,False,False,0.8291595407569913,1.019122556782244,0.002841088324438523,False,0.10044468576483939
GWW,290,0.46206650568582797,W. W. Grainger,Industrials,SP500,1247.989990234375,0.00395797835833811,-0.023321553555065266,-0.055325921406445766,-0.07600945868171338,0.18531047703849013,0.4834307992202729,0.3489278752436647,0.6939571150097466,-0.16569200779727095,-0.10813096416623713,0.3671881158870449,False,-0.024340860987529855,False,-0.04700538066793469,0.04155605656938999,0.049323867852349323,-0.012787291568125081,False,340.11930021106446,False,True,0.8334116255804283,0.962590650103113,-0.0016812938214391115,False,0.058937190803422405
PGR,291,0.4615585768073151,Progressive Corporation,Financials,SP500,206.30999755859375,0.003941593959093659,-0.027940104509473818,-0.05210198325704518,-0.06121341733907437,0.038565805981369605,0.5087719298245614,0.40350877192982454,0.4346978557504873,-0.2631578947368421,-0.12013817247624936,0.08404215188356168,False,-0.038721845695189994,False,-0.0364298797778313,-0.010283244890379573,0.03780719120828668,-0.011081317290334791,False,522.6047423976172,False,False,0.569175724689102,1.4098655597151264,0.0019464423186588142,False,0.10115409488907628
SWK,292,0.4615448438447718,Stanley Black & Decker,Industrials,SP500,89.97000122070312,-0.01564551730090391,0.01454669498295047,-0.08551999211499273,-0.030934371863954535,0.3327965625573224,0.2787524366471735,0.5009746588693957,0.8518518518518519,-0.39961013645224164,-0.1273750490144243,0.5104618510508154,False,-0.017131963988628485,False,-0.049668527907622995,0.0956487307475844,0.05226442495718486,-0.007101861422087019,False,171.9606627817505,False,True,0.7003892082629433,0.5983265890630052,-0.015207870530011713,False,0.0602214993635701
PDD,293,0.4607441358342584,PDD Holdings,Consumer Discretionary,NDX,77.85870361328125,0.0037218501945706084,-0.018175275952207137,-0.08066239970711198,0.017228934961854625,-0.21993081336792863,0.3060428849902534,0.6198830409356725,0.06042884990253411,0.20077972709551656,-0.4363375019110768,0.062192365235026026,False,-0.0222432818254088,False,-0.07715114410939594,-0.18226293073420152,0.08360106166566195,-0.010017685255669373,False,529.0241483480304,False,False,0.6117331667579986,0.6813685268497268,-0.0009024067951477477,False,0.09498902521421522
CTVA,294,0.45949577139195014,Corteva,Materials,SP500,78.7300033569336,0.0026745634595710666,-0.004803403494959002,-0.04250224150420501,-0.05364266402646822,-0.035496423149733114,0.5692007797270955,0.4346978557504873,0.2962962962962963,0.001949317738791423,-0.12829733162303558,0.30278239947662966,False,-0.053293530001049194,False,-0.042115184388078375,0.005818355106795847,0.04396685666342259,-0.017865369293686095,False,383.29897561718917,False,True,0.796745819855539,0.7468611594492091,-0.0014008276319347202,False,0.026643260187029616
CSX,295,0.4570858272011841,CSX Corporation,Industrials,SP500,47.0,0.004702890689268102,0.021961258636050474,-0.08559044946884797,-0.018357248362364187,0.1916596375704156,0.27680311890838205,0.5380116959064327,0.7076023391812866,-0.15204678362573099,-0.11462206096381322,0.4134247015674384,False,-0.023467939490521506,False,-0.0536963958415031,0.07073454662477774,0.05674330691073792,-0.004872274616759542,False,557.8103099448233,False,True,0.9486954612958847,0.7304511008831428,-0.0006412736229088889,False,0.05909675991147191
SNA,296,0.4564119583586058,Snap-on,Industrials,SP500,371.0050048828125,0.004888929079366111,0.0033941984660244007,-0.06273997495159356,-0.06289061024576481,0.046832325028256516,0.42105263157894735,0.3996101364522417,0.4580896686159844,-0.12475633528265112,-0.10971146799683373,0.16413644223175816,False,-0.012223886744139545,False,-0.0535892260061368,-0.010977463032028623,0.05662364321994118,-0.0011832427220554997,False,124.89279297566895,False,False,0.525318058462415,0.560305301553612,-0.005687990341500915,False,0.08868844914864243
SPG,297,0.4556001876838214,Simon Property Group,Real Estate,SP500,204.52000427246094,-0.0014647155601499318,-0.0022440797378566746,-0.038041967979284386,-0.09160153396095316,0.1597923255892837,0.6042884990253411,0.30409356725146197,0.6588693957115009,-0.18518518518518517,-0.12667867806663724,0.23446848106224127,False,-0.0068790442487182135,False,-0.04994716744524219,0.024962368739899876,0.052573041975919166,-0.0021638997511601588,False,273.7346041596408,False,True,0.6014708913911262,0.6280119819895348,-0.0004394668170146776,False,0.04966653341379954
FERG,298,0.45525819876937396,Ferguson Enterprises,Industrials,SP500,224.27000427246094,0.006868989591292118,0.03761453181165253,-0.03854064325681672,-0.05659138786938156,0.005399613908725787,0.6003898635477583,0.4191033138401559,0.3742690058479532,-0.023391812865497075,-0.1559014870689086,0.04671898638224614,False,0.01584442285925869,True,-0.03304833536949359,-0.050786944754150354,0.03417785663787254,0.015257946152445134,False,617.0096927884192,False,False,0.6786251592916216,0.42270784473818074,-0.0064649474988471844,False,0.07630814463855577
WTW,299,0.4539774092766162,Willis Towers Watson,Financials,SP500,291.29998779296875,-0.009149979695777133,-0.05058346639973155,-0.14217563074501882,0.10449671977138308,0.03952197304172067,0.08187134502923976,0.7894736842105263,0.4405458089668616,-0.16764132553606237,-0.16949397635646823,0.20750171979455057,False,-0.0786966720804424,False,-0.0995068514745725,-0.023521001823517906,0.11050261918984794,-0.03447723762362631,False,170.95147967170655,False,False,0.7928333529065172,0.8193759695454762,-0.0037755889262678366,False,0.037858693923150624
CDNS,300,0.4533521780097122,Cadence Design Systems,Information Technology,SP500,326.92498779296875,0.0024376257880409646,0.10859611583351114,-0.05934398136790053,-0.12286706717576235,0.20294734889407606,0.4522417153996101,0.22612085769980506,0.7173489278752436,0.04093567251461988,-0.2148587230916309,0.2306142561406488,False,0.0938198774324357,True,0.027060577939957975,0.004413405429868789,-0.026347596744716872,0.05621543270135154,False,773.3507858680042,True,True,1.1553573780559299,0.9733708390391385,-0.02189315469762776,False,0.08414152185692504
HAL,301,0.45333691916244184,Halliburton,Energy,SP500,32.439998626708984,-0.009768000952975697,-0.028451655594638137,-0.08169763381359108,-0.043985035986233934,-0.19027210689383867,0.2982456140350877,0.47368421052631576,0.08382066276803118,0.34307992202729043,-0.23850161255197277,0.5168125206959862,False,-0.07474194709950222,False,-0.046359460975398004,-0.07549314428637743,0.04861313993930594,-0.02766575608731059,False,387.3226420420092,False,False,0.6733802201884552,0.6349545124403879,0.006410345235942305,False,0.06607761390611626
MRSH,302,0.45290681040500796,Marsh McLennan,Financials,SP500,169.61000061035156,-0.00882418507435001,-0.018006024712665325,-0.10731578626130756,0.023150947050307513,0.013460797139002834,0.18518518518518517,0.631578947368421,0.391812865497076,-0.20272904483430798,-0.16762846966838463,0.08422009249593687,False,-0.04747997688016803,False,-0.08054952573630858,-0.03712998949530222,0.08760616040881786,-0.01690912668678546,False,451.87439877191593,False,False,0.6308121333528752,1.0404358742250748,0.00029221045573057935,False,0.06379993562777765
MS,303,0.45050220681078657,Morgan Stanley,Financials,SP500,194.25,-0.010493594744092949,-0.05758779059954344,-0.0959229291250342,-0.077464106927008,0.23978127890893042,0.22612085769980506,0.34502923976608185,0.7660818713450293,-0.16374269005847958,-0.14539797357093764,0.3081357836518992,False,-0.0621899660092734,False,-0.08060368160045672,0.010526666729177903,0.08767022445855455,-0.028597612369920977,False,992.4521302618627,False,True,0.7368667561081202,0.9420556107002562,-0.0022413654265107663,False,0.06600879187259974
INVH,304,0.45044441392674994,Invitation Homes,Real Estate,SP500,26.55500030517578,-0.002441793088218791,-0.00833993551221024,-0.08128100044489261,-0.12212633250620597,0.10865302389241349,0.30214424951267055,0.23196881091617932,0.5672514619883041,-0.13840155945419103,-0.12212633250620597,0.125859447779733,False,-0.029962596045115086,False,-0.0757618987659171,-0.025196489533240385,0.08197227388132622,-0.008823572742257202,False,125.2470574592192,False,False,0.5638615472990828,1.0952801138509347,0.0018782582826539773,False,0.061711500411683565
NSC,305,0.45027008159668575,Norfolk Southern,Industrials,SP500,313.9849853515625,0.003146918056110115,0.01590247487905838,-0.09756275123958746,-0.004491884149175784,0.11771021419268379,0.21832358674463936,0.5633528265107213,0.5847953216374269,-0.1442495126705653,-0.11047375041380458,0.14305896197173018,False,-0.02284675733531416,False,-0.05658461631719269,0.01545373926329141,0.059978475331092795,-0.004437419752001293,False,393.3238838777832,False,True,0.7576388555058791,0.5288629152480651,0.0005111938086561629,False,0.034518771001602735
WM,306,0.45001029972190754,Waste Management,Industrials,SP500,206.7949981689453,-0.00016923880384611678,-0.0011833226677558928,-0.046156601851379375,-0.0701126306437797,-0.0730957707504204,0.543859649122807,0.3762183235867446,0.23586744639376217,-0.04483430799220273,-0.15038528356940917,0.06849802912523684,False,-0.03166735647256158,False,-0.06702790786745372,-0.07361254170853082,0.0718434221480777,-0.011773063288035956,False,453.79960151592957,False,False,0.6177029333783896,0.8414392193719139,0.0011603998019595885,False,0.07913329877800368
ZTS,307,0.4496215805876945,Zoetis,Health Care,SP500,70.7699966430664,-0.003940976729971846,-0.007850906681800662,-0.05665156211910871,-0.027121757807571423,-0.36856376440886296,0.4697855750487329,0.52046783625731,0.011695906432748537,0.267056530214425,-0.5110878999385642,0.007115412322270753,False,-0.03565373444786302,False,-0.054023745170511006,-0.2813037773876941,0.05710898650436924,-0.012922572621316686,False,408.71309491298297,False,False,0.5487287823524097,0.5673135645491423,-0.007741070065220845,False,0.04832884000785588
ED,308,0.44922237099598317,Consolidated Edison,Utilities,SP500,103.19999694824219,0.0009699173191179966,-0.006354743483831582,-0.032711645077342255,-0.07341352232643339,-0.060548594343760254,0.6335282651072125,0.35477582846003897,0.2553606237816764,-0.042884990253411304,-0.09130489284601528,0.10938351544030667,False,-0.024413319875393524,False,-0.038612526309844464,-0.029853301953406297,0.04016333410465145,-0.007439175030203304,False,230.2993655978073,False,False,0.742125228369964,0.7814709230489916,0.0007759634552737538,False,0.03981729260865553
CAT,309,0.4465219365003071,Caterpillar Inc.,Industrials,SP500,822.719970703125,0.001387513802148188,0.007617845319197736,0.007001188131120051,-0.20223171271581464,0.18754014610694103,0.8089668615984406,0.07602339181286549,0.7056530214424951,-0.0935672514619883,-0.2259872744302962,0.7601954681062735,False,0.02274292050133786,True,-0.0064754791321481875,0.04290624202017845,0.0065176842605674246,0.013635445777437916,False,2188.7258633037695,False,True,0.5483220766564637,0.697547219361887,-0.0006451341145716771,False,0.0676946148078365
TFC,310,0.4447845260029831,Truist Financial,Financials,SP500,47.345001220703125,-0.006609287195079361,-0.03377548529177299,-0.05874747636537159,-0.05468154056525765,0.08509679371554935,0.45614035087719296,0.42884990253411304,0.530214424951267,-0.08966861598440545,-0.1254834474920834,0.20158551251589452,False,-0.04041912145050652,False,-0.06424468770863401,-0.03540307986406932,0.06865543466840629,-0.01513181751542192,False,343.57597634365294,False,False,0.97137929810813,0.8965352312788474,-0.0023080279207666754,False,0.06252257599525163
PEP,311,0.44417894050193985,PepsiCo,Consumer Staples,SP500,127.43000030517578,-0.009329118651048574,-0.016667922631025567,-0.07821843366110726,-0.0713057384586454,-0.1495925886551689,0.3333333333333333,0.3664717348927875,0.1286549707602339,0.11500974658869395,-0.22981355891093336,0.0,False,-0.05088690564672793,False,-0.06743102537396772,-0.12074782830825836,0.07230674321007524,-0.022393385308424496,False,1057.440093006163,False,False,0.5963931622868794,0.858545487718889,-0.00995107175699439,False,0.13104031725718215
LUV,312,0.44154965038166194,Southwest Airlines,Industrials,SP500,41.849998474121094,-0.01944709056044769,0.0019152026689182033,0.05749541123631641,-0.1851546941230814,0.13034323583797858,0.9200779727095516,0.09746588693957114,0.6081871345029239,-0.07017543859649122,-0.22605762773084104,0.43568876929242695,False,0.048668835989813974,True,-0.015418672008841061,-0.02946245784710011,0.015660130423456042,0.01286140740138153,False,226.62051716009537,False,False,0.7394902529614543,1.0098021781752553,-0.026710388507429128,False,0.09379460430693995
KKR,313,0.43718943477415,KKR & Co.,Financials,SP500,94.04000091552734,-0.02720593051860465,-0.06734107698326042,-0.13977313229008648,0.059351293587440956,0.06670712753750552,0.08576998050682261,0.7076023391812866,0.49122807017543857,-0.0643274853801169,-0.3375669499623264,0.1254601110758562,False,-0.07384427048688313,False,-0.09293845950289303,-0.09227651146323756,0.10246102976867366,-0.036236235056112065,False,427.32644137919215,False,False,0.8127354702908189,0.7255308292802279,-0.013758165472707584,False,0.1017393302752161
HUBB,314,0.43702826319985655,Hubbell Incorporated,Industrials,SP500,465.82000732421875,-0.001714431017401763,0.018208086007687863,-0.00641424338401575,-0.09218103530207189,-0.02557808141663065,0.7621832358674464,0.2982456140350877,0.32748538011695905,-0.042884990253411304,-0.15986774072744137,0.15746123935486045,False,0.02510272994760343,True,-0.015370852876907981,-0.03949712909726144,0.015610804252361277,0.012760614458888542,False,247.59708598571655,False,False,0.666360930681952,0.6643020501621919,-0.009858141853437696,False,0.052401968570715225
RTX,315,0.4370259743727659,RTX Corporation,Industrials,SP500,189.02999877929688,-0.001953511769328342,-0.027323235868346396,-0.1086854151864809,0.012426967792562582,0.0038899482482834813,0.1793372319688109,0.6081871345029239,0.37037037037037035,-0.20272904483430798,-0.16169234035063473,0.221883628477356,False,-0.03765285633193893,False,-0.08805548042352263,-0.02378767001094051,0.09655793585383576,-0.01518094456394914,False,939.3715406068208,False,False,0.5166256960881367,0.7202588756595201,-0.008342062424400942,False,0.054491321435097974
BAC,316,0.4366971462140893,Bank of America,Financials,SP500,56.435001373291016,-0.00467371051292198,-0.026311210063324264,-0.0727000523381357,-0.019990759064976382,0.21391635946294274,0.3645224171539961,0.5321637426900585,0.732943469785575,-0.32748538011695905,-0.1247810635905039,0.22041212933544974,False,-0.0542292016134831,False,-0.07826544455808482,0.029600368669121302,0.08491104526352644,-0.015383455714208405,False,1955.1807988995022,False,True,1.2524906084675957,0.9629793919786561,-0.005026452267676063,False,0.09142000743653428
STE,317,0.43561567541380086,Steris,Health Care,SP500,209.92999267578125,0.004786292227328959,0.014301548232208416,-0.09614743062401698,-0.012518602341336171,-0.037387745734950184,0.22417153996101363,0.5458089668615984,0.28654970760233917,-0.03898635477582846,-0.21185846649503726,0.05602071579437329,False,-0.02319365638034876,False,-0.06139256778504254,-0.07864922293133725,0.06540814154876906,-0.00018608138094389215,False,151.8515018190918,False,False,0.6004969581615205,0.637228827432357,-0.0008136609146831564,False,0.0467067741477643
EVRG,318,0.43438771967971684,Evergy,Utilities,SP500,77.9800033569336,-0.0007688052010492719,-0.016149365944967298,-0.04224999864128931,-0.0962978609366093,-0.019296203395437916,0.5730994152046783,0.28654970760233917,0.33528265107212474,-0.04483430799220273,-0.10778255617585697,0.1057721746863407,False,-0.028843232336448144,False,-0.048354162587611715,-0.023519508117654908,0.05081109030970077,-0.011748465514952122,False,162.81675563064726,False,False,0.738952083607735,0.768408666425374,0.0,False,0.04828431493681396
GEV,319,0.43319352414521844,GE Vernova,Industrials,SP500,953.655029296875,-0.004150846950982889,0.00785764285679269,-0.00018345804790531606,-0.13501462948204346,0.11836274967192839,0.7816764132553606,0.1968810916179337,0.5886939571150097,-0.04093567251461988,-0.18828197301186878,0.7435984649774008,False,0.021651826086403814,True,-0.017681817070568817,0.04623500575763129,0.018000091393848283,0.007853131037851346,False,2249.1691978975,False,True,0.7588561444847987,0.6092239595976174,-0.00460515455572752,False,0.09337727992906747
RDDT,320,0.4326762492227525,Reddit,Communication Services,SP500,147.75,-0.013948187326284112,-0.0691740441194636,-0.040272796824585955,-0.15276104984739025,0.21265597866775132,0.5925925925925926,0.14814814814814814,0.7309941520467836,-0.009746588693957114,-0.42938244243877566,0.21265597866775132,False,-0.03743107547136715,False,-0.06984796499732437,-0.13202017256664633,0.07509306260575288,-0.03024952073264786,False,1005.3001129750891,False,False,0.6187084326785308,0.48926867415544434,-0.005605955408570784,False,0.07913560243812809
EXR,321,0.4319228436387773,Extra Space Storage,Real Estate,SP500,132.33999633789062,-0.007574126129705316,-0.037247272849580404,-0.0622870138667021,-0.09688360986066358,0.04956580178774006,0.4269005847953216,0.2826510721247563,0.47368421052631576,-0.04678362573099415,-0.12400373870062176,0.09393432005241986,False,-0.029477401814547943,False,-0.0679069260062346,-0.04591441436912125,0.07285423301695815,-0.01625350132968606,False,178.5055705100012,False,False,0.8997337761755925,1.1378405276127106,-0.0022497415675026833,False,0.11132641197707385
COF,322,0.42966110100212473,Capital One,Financials,SP500,197.77999877929688,-0.01208790312604724,-0.03484286284134108,-0.0871832720232878,-0.01879360389305873,0.13191595864301187,0.26120857699805067,0.5360623781676414,0.6159844054580896,-0.22417153996101358,-0.2242649278927884,0.13191595864301187,False,-0.04457107121738757,False,-0.06499075405065491,-0.03630835812252964,0.06950814051541032,-0.015336514392698897,False,743.1797514736602,False,False,0.7608749611372879,0.8872581394034824,-0.00439555263455349,False,0.06339143731904925
F,323,0.42943336270661436,Ford Motor Company,Consumer Discretionary,SP500,12.515000343322754,-0.015342226139965276,-0.04973422393141769,-0.10286734663532415,-0.09767893272091877,0.12664926702582036,0.1949317738791423,0.2807017543859649,0.6042884990253411,0.21832358674463936,-0.27462491222267227,0.14798371311711667,False,-0.0757527966587751,False,-0.09981932700625151,-0.05823389606817786,0.11088810280083039,-0.036048291337226424,False,669.1495184151241,False,False,1.0838300795758666,0.7207239783111669,-0.006294250469390139,False,0.09925874338651691
LEN,324,0.42840453492940866,Lennar,Consumer Discretionary,SP500,83.4800033569336,0.016189918519182278,0.06915985398621194,-0.019151653645032574,-0.07564340025031036,-0.06456490036773177,0.695906432748538,0.3508771929824561,0.2475633528265107,0.12475633528265107,-0.3630300766665149,0.0922413060788696,False,0.0297210843449347,True,-0.0037924221269015623,-0.11444633629450018,0.0038068593445137466,0.025617792759238034,False,267.39560638848315,False,False,1.0284451499693177,1.3479248905634442,-0.0041388187580014835,False,0.2552400274593545
KIM,325,0.42526846034416327,Kimco Realty,Real Estate,SP500,22.520000457763672,0.0035650589038371816,-0.0008873317192233943,-0.04297622202042917,-0.11781898702285354,0.03673223026883998,0.5653021442495126,0.24366471734892786,0.43079922027290446,-0.10136452241715399,-0.13621169466067262,0.18747410847411605,False,-0.021992646476799327,False,-0.05990112462695385,-0.010884718085472311,0.06371789839997843,-0.0019176393697051264,False,115.51706551262694,False,False,0.6500530197583669,0.7840674594023267,0.0004456429876933399,False,0.098346552691384
GD,326,0.4252509126698024,General Dynamics,Industrials,SP500,335.95001220703125,-0.002286733817060016,-0.05072049166156101,-0.1160605842101603,-0.03057272014527479,-0.022390491254459466,0.1539961013645224,0.50682261208577,0.3333333333333333,-0.09551656920077978,-0.1515771114696599,0.07966774384228326,False,-0.051454905671746265,False,-0.09901764792709211,-0.049643946994534116,0.10989965308341532,-0.024657944968771828,False,398.05511583880616,False,False,0.7225254910177836,1.0204444829146773,-0.005523924514129086,False,0.06573294145334932
BXP,327,0.4221373448842808,"BXP, Inc.",Real Estate,SP500,62.81999969482422,-0.00914829364503944,-0.020427219939167074,-0.10218667144689608,-0.053488065464041834,0.2512510127354499,0.20662768031189083,0.43664717348927873,0.7855750487329435,-0.3372319688109162,-0.1482077998388266,0.2512510127354499,False,-0.03002416415723641,False,-0.06729658708975772,0.008743604212397171,0.07215218273918111,-0.009912054981511709,False,93.06952244297226,False,True,0.7865842236770385,0.7676003778698786,-0.0023659546099171758,False,0.03223528235596561
HII,328,0.41971557508688007,Huntington Ingalls Industries,Industrials,SP500,260.9150085449219,-0.01176039920442995,-0.05499817900366355,-0.118262291521402,-0.05500632618068346,-0.3104483214279492,0.14814814814814814,0.4249512670565302,0.02729044834307992,0.2378167641325536,-0.41977838325290895,0.0,False,-0.06385190622073955,False,-0.11322859357108161,-0.2383127024298024,0.1276863380463067,-0.032780745926074606,False,140.73100422551636,False,False,0.354619054326289,0.7265888399564651,-0.008825038516856232,False,0.05474074014050839
TKO,329,0.4189772376145844,TKO Group Holdings,Communication Services,SP500,183.0,0.0018065464190211156,-0.04248637151862955,-0.003204218211316112,-0.13170145373960396,-0.025021474083874007,0.7758284600389863,0.20662768031189083,0.32943469785575047,0.03313840155945419,-0.1767052332550707,0.05334083041609339,False,-0.02747044969803769,False,-0.026101627986391818,-0.06453070904940506,0.026801182481108965,-0.019668330942281487,False,203.80448448323,False,False,0.9173043540252925,0.8615204853743985,0.008321039512219963,False,0.040435132869569006
FITB,330,0.4166145958503565,Fifth Third Bancorp,Financials,SP500,51.85499954223633,-0.00470247483800712,-0.02729322441517812,-0.05460344603834111,-0.08025892039055249,0.1830858859055402,0.49317738791423,0.34307992202729043,0.6900584795321637,-0.2884990253411306,-0.12657907234039878,0.3166966052155551,False,-0.030462241771871956,False,-0.06397058854617099,0.012828676169855502,0.06834249839095619,-0.01213821498224299,False,295.6861013098819,False,True,0.991179793101903,1.132463706802392,-0.00499037100091948,False,0.11107509578599135
KVUE,331,0.41336407991058316,Kenvue,Consumer Staples,SP500,17.721399307250977,-0.004415726583061885,0.002908841580933963,-0.06599758314462012,-0.04914850688721584,0.047444666284115256,0.40545808966861596,0.4580896686159844,0.4619883040935672,-0.1559454191033139,-0.08559072103280196,0.3320907238275641,False,-0.012236782051908146,False,-0.04159662928157304,0.01193202315751618,0.04340200645412162,-0.0012133036461704494,False,410.74609141276,False,True,0.8098836744875276,0.5479057463988894,-0.003932567293512879,False,0.026963651993046508
AZO,332,0.412245797141255,AutoZone,Consumer Discretionary,SP500,2885.139892578125,0.004519240176713346,0.029212482860295985,-0.016093067386550697,-0.08513397766146114,-0.13011993012418477,0.7153996101364523,0.3235867446393762,0.1539961013645224,0.03508771929824561,-0.32751087702238413,0.029212482860295985,False,-0.005098792361683757,False,-0.030144053034009244,-0.12811420394623996,0.031080959113886086,0.004696026222167582,False,796.647508340005,False,False,0.8239615684830033,1.762851025304617,0.0022109136853687428,False,0.07291666666666667
COHR,333,0.41224274537180094,Coherent Corp.,Information Technology,SP500,285.3599853515625,-0.035391953811097165,-0.11246580274227291,-0.03395520768978055,-0.27058947788669085,0.17200587464642614,0.6276803118908382,0.03898635477582846,0.6744639376218323,0.001949317738791423,-0.3315374556451762,1.6490900679336238,False,-0.018355993235649515,False,-0.03893957315026819,-0.004396464607531181,0.040517299497918824,-0.03524512017069692,False,1944.5410278266113,False,False,0.7184936784788533,0.7451069256354113,-0.019436839607182232,False,0.17549108670333236
FISV,334,0.4119883040935672,Fiserv,Financials,SP500,45.650001525878906,-0.01785710035567456,-0.017645785954033877,-0.13179916439414807,-0.0651239030499765,-0.1530612201567182,0.1111111111111111,0.3898635477582846,0.1189083820662768,0.18518518518518517,,,False,-0.07430874677949628,False,-0.1121026100196284,-0.20207649819163553,0.12625626709197402,-0.0289389771376386,False,373.5369158074951,False,False,0.8216040893634929,0.8079378495090329,-0.01028400700466403,False,0.1461648424541232
EQT,335,0.4116054977626715,EQT Corporation,Energy,SP500,50.16999816894531,-0.012596008404796688,0.0007978675439430649,-0.08398762553171213,-0.0321661154187638,-0.2528620068400257,0.2884990253411306,0.49317738791423,0.042884990253411304,0.15594541910331383,-0.25704139899264933,0.03024285481407074,False,-0.0507275486125609,False,-0.052590735824515566,-0.09404404926078813,0.05551005021075506,-0.019651529274998247,False,371.92320210873993,False,False,0.8772439561644364,1.0039109124814682,-0.001771307816480383,False,0.05123310009562252
XYZ,336,0.41056255555174087,"Block, Inc.",Financials,SP500,73.78230285644531,-0.034515773039783704,-0.05298036980675336,-0.1304383714402939,-0.0543154828115171,0.3180118517288899,0.1189083820662768,0.43079922027290446,0.8460038986354775,-0.28654970760233917,-0.1304383714402939,0.5030006646385334,False,-0.06040464272203938,False,-0.07802137857607061,0.05499578927058901,0.08462384784537869,-0.03445145683887141,False,344.97115381031153,False,True,0.9767056345612507,0.7687666065669483,-0.014525001792039194,False,0.1315467032440877
CVS,337,0.40980323716444844,CVS Health,Health Care,SP500,89.2699966430664,0.0015707325699829688,0.019063906370257122,-0.03928111921873423,-0.13281847999511442,0.292965893772517,0.594541910331384,0.20077972709551656,0.8323586744639376,-0.17348927875243664,-0.18786019764331696,0.292965893772517,False,-0.0343761135381464,False,-0.0765056293163584,0.028804139621647407,0.08284363364307579,0.0032650100648532465,False,726.5161110590203,False,True,1.0615603454022204,1.0616206052099821,0.004263490345815413,False,0.10783615351034269
LRCX,338,0.4097460164871845,Lam Research,Information Technology,SP500,314.1000061035156,-0.0035214155060204755,0.040206678390233064,-0.013014963055291373,-0.23478696931915088,0.48836471802940173,0.7368421052631579,0.04873294346978557,0.9220272904483431,-0.31189083820662766,-0.27437822227113395,1.4071310506845784,False,0.058319546935957645,True,0.032195058378176045,0.15813936525596572,-0.031190866606900958,0.033501019494889483,False,2811.707637572059,True,True,0.6605563713071424,0.7763215317151401,-0.0042193667977531435,False,0.12932458003540198
CEG,339,0.4082321481023717,Constellation Energy,Utilities,SP500,259.3900146484375,-0.014737624974918373,-0.010377211304928968,-0.08151265435063781,0.0018075620589235175,-0.13697837463582974,0.3001949317738791,0.5828460038986355,0.1442495126705653,0.2612085769980507,-0.35427645156126797,0.09847251861412976,False,-0.051249611071496726,False,-0.04602423629578889,-0.10275160845776665,0.04824465992414795,-0.01636241265000815,False,733.9056499239099,False,False,1.1632846566832546,0.6863721166031529,-0.008622285518285921,False,0.07481981191879655
HSY,340,0.4077875434400309,Hershey Company (The),Consumer Staples,SP500,165.6750030517578,-0.004177388266076165,-0.013251881629598783,-0.08628393801289713,-0.08041820280693379,-0.2127385990347096,0.26900584795321636,0.341130604288499,0.07017543859649122,0.15789473684210525,-0.2878729645107775,0.051512574849139625,False,-0.03332100850695241,False,-0.06228230373833288,-0.12357349189850597,0.06641903420040962,-0.015130581109518482,False,245.24748169746184,False,False,0.4630774516194177,0.6221854059084092,-0.001983541748752482,False,0.057184553464962345
ATO,341,0.40777247532835137,Atmos Energy,Utilities,SP500,157.0399932861328,-0.0010814415143675093,-0.007771598869806495,-0.060877932425884684,-0.09639164156124702,-0.1327015308341013,0.44639376218323584,0.28460038986354774,0.15204678362573099,0.007797270955165692,-0.1737457791222501,0.005120249390952347,False,-0.03465152658216042,False,-0.064385203238716,-0.09223316698009854,0.06881593093823568,-0.010037717284972048,False,164.93326086932373,False,False,0.668694202140228,0.8931997008713747,0.0021626889089156887,False,0.07062244549231253
AEP,342,0.40703471006282826,American Electric Power,Utilities,SP500,118.1500015258789,-0.0016898770665039198,-0.01566272825574866,-0.03716076597355922,-0.13713473466075576,-0.07829272212170268,0.6062378167641326,0.19103313840155944,0.2300194931773879,-0.0682261208576998,-0.14161420566972316,0.1096308619564701,False,-0.02876306946329188,False,-0.051771681990273266,-0.05865128589055202,0.05459832933373976,-0.010512667777910822,False,465.340945497939,False,False,0.6138687054009201,0.98355222203541,-0.0025348155997558797,False,0.056663134086020604
NKE,343,0.40625078678431237,"Nike, Inc.",Consumer Discretionary,SP500,35.95500183105469,0.005734316952578755,-0.004016527678535775,-0.054723869380953416,-0.12400160043198649,-0.28632364666410737,0.49122807017543857,0.2222222222222222,0.037037037037037035,0.17153996101364521,-0.5019376864882552,0.012531780640824053,False,-0.025497463195161663,False,-0.08414043459073539,-0.2583591639383155,0.09187045456378029,-0.004891007827060312,False,1053.4883388576018,False,False,0.5831061124529037,1.1563414492638713,-0.008111913721044584,False,0.28066183574773285
ADBE,344,0.40598204033676266,Adobe Inc.,Information Technology,SP500,226.6199951171875,-0.03758443138249545,-0.09177624544390439,-0.21625453950963114,0.09780556681565478,-0.0350025606748694,0.025341130604288498,0.7758284600389863,0.2982456140350877,-0.05653021442495132,-0.37034260561997934,0.17170772362476439,False,-0.11632416334963747,False,-0.11891431471717362,-0.13535318831751197,0.13496339425716863,-0.061283735682288176,False,1303.4595395706067,False,False,0.8535926141208856,0.7592299779233047,-0.024623111735393555,False,0.24362872412877606
SBUX,345,0.40424024292084854,Starbucks,Consumer Discretionary,SP500,94.91999816894531,0.000632485327932919,0.0002107127791874941,-0.11504758271039539,-0.08259398258946982,0.10614915544834314,0.15984405458089668,0.3313840155945419,0.5614035087719298,-0.21247563352826515,-0.1250806522446799,0.24066092906814474,False,-0.042416376315269066,False,-0.07678564825890233,-0.028046929283913724,0.08317206953519696,-0.007689232707310478,False,708.8528238818652,False,False,0.6946371121501226,0.9170828564052372,-0.0063250945631516675,False,0.08994068336126863
GS,346,0.40385095157986295,Goldman Sachs,Financials,SP500,922.0850219726562,-0.014287230808670004,-0.03888407436620178,-0.10978210539254651,-0.09175463289609931,0.15916843084235643,0.17543859649122806,0.30214424951267055,0.6569200779727096,-0.14814814814814814,-0.19570767353509888,0.26271947750833524,False,-0.061076087698502146,False,-0.09127789520537621,-0.031141151307434445,0.10044643431008593,-0.024546113502864286,False,1965.9788863316603,False,False,0.7193103754005034,0.8933544359459378,-0.004821219420356182,False,0.10230209422290976
IR,347,0.4030544397523489,Ingersoll Rand,Industrials,SP500,76.83999633789062,0.009989412309999723,0.06264692203351485,-0.026972329364154612,-0.05089982704006313,-0.03235150114869911,0.6569200779727096,0.45419103313840153,0.3138401559454191,-0.1910331384015595,-0.22138041697809163,0.1213617241112479,False,0.03613802724834736,True,-0.036188779352758216,-0.05897221486649673,0.03754758045715212,0.02676465086489843,False,331.21046039946594,False,False,0.7673203399272599,1.1217646685618665,-0.0064406609012994664,False,0.11281846588426465
DVA,348,0.4014713343480467,DaVita,Health Care,SP500,179.65499877929688,0.0066397576650898404,-0.014725225471751369,0.0043324791778269756,-0.18227127321435177,0.16334266204670733,0.7953216374269005,0.10526315789473684,0.6647173489278753,-0.031189083820662766,-0.25441984655722627,0.7296138830150232,False,-0.014553652343738288,False,-0.07465162925270985,0.06329978539562053,0.0806740808247417,-0.008289173903307412,False,158.11595488489073,False,True,0.8562980202491812,0.605113821618776,0.0013447945958562357,False,0.03764200922558972
ZBH,349,0.4009370839579924,Zimmer Biomet,Health Care,SP500,90.87000274658203,-0.001867290940638755,-0.03657757590547894,-0.0865500635284353,-0.004055185509100334,0.03148795298211016,0.2651072124756335,0.5653021442495126,0.4249512670565302,-0.2826510721247564,-0.11904476613088255,0.14490399802289078,False,-0.044886224746778836,False,-0.054192153607952154,-0.0028710359310226696,0.05729721297478951,-0.018296262786718365,False,202.19599887245164,False,False,0.8791885475003661,0.8741909149030407,-0.0030755577381493815,False,0.04026794277901353
ROP,350,0.40045776541811157,Roper Technologies,Information Technology,SP500,350.8399963378906,-0.02153057026234939,-0.03984673727914323,-0.16998274311793204,0.050537311433380916,0.023797908576077775,0.050682261208576995,0.6920077972709552,0.4074074074074074,-0.253411306042885,-0.32050230577028305,0.1175371678018804,False,-0.0913670338349788,False,-0.10176636978378983,-0.05140329085275086,0.11329610288505232,-0.042624263028766984,False,312.0723055088654,False,False,0.6792173686649428,0.8672749777779736,-0.01302427192646638,False,0.0742215908952708
NVR,351,0.3995372754565256,"NVR, Inc.",Consumer Discretionary,SP500,6268.02978515625,-0.004695489081786075,0.012777545035609572,-0.015304559326847045,-0.08107280240931136,-0.028326892816949556,0.723196881091618,0.33723196881091616,0.3216374269005848,-0.10331384015594541,-0.23354979394029718,0.12660995055946422,False,0.0040837200307572985,True,-0.004945850320433931,-0.06704203856388014,0.004970433339760216,0.0024321711781041255,False,225.30925876049804,False,False,0.7268389372354676,0.8075015161819998,-0.011210635251756473,False,0.049017508165122875
BA,352,0.398548120682223,Boeing,Industrials,SP500,188.3365936279297,-0.04914128003416762,-0.06370072412305772,-0.102689055335629,-0.12275098287666653,-0.011460269764684505,0.19883040935672514,0.22807017543859648,0.3469785575048733,0.07212475633528265,-0.25307714381604196,0.051454883664508344,False,-0.07601063997307356,False,-0.11933946077598778,-0.1478789319061895,0.1355113070935856,-0.048624419890304416,False,1301.1526469308997,False,False,0.8194428853129304,1.180043575242194,-0.02754077664128851,False,0.5287442321228395
TJX,353,0.39818343423246094,TJX Companies,Consumer Discretionary,SP500,131.36500549316406,0.010033891735100164,0.003092537862965594,-0.02127101550866839,-0.12861539402071043,-0.14768496545748566,0.6900584795321637,0.2124756335282651,0.13060428849902533,0.1286549707602339,-0.21750796476778655,0.06939929509460474,False,0.016814065204860285,True,-0.07871813089233726,-0.13716167591522166,0.08544413336667778,0.010301806011159709,False,1014.3708784482162,False,False,0.8973725767985331,0.9897720712987462,-0.0012302296256563316,False,0.06992889220038098
WMB,354,0.3957752066620127,Williams Companies,Energy,SP500,69.11000061035156,-0.002165774202314674,-0.035450116698321765,-0.06170823352711918,-0.0725836679094144,-0.04694325177143899,0.43664717348927873,0.3586744639376218,0.27485380116959063,-0.0682261208576998,-0.1168020039881642,0.26021556447370253,False,-0.04479072064590239,False,-0.041869046193884984,-0.01321530089439682,0.04369866773175701,-0.022229587043560484,False,503.47942478952757,False,False,0.7365781271554217,0.641316142888453,0.003753891117770136,False,0.13431216292812687
BF-B,355,0.39553526128868594,Brown–Forman,Consumer Staples,SP500,25.850000381469727,-0.011850132559272586,-0.01147224632645738,-0.04435679286899952,-0.05952570213874475,-0.03283537546583648,0.5555555555555556,0.41130604288499023,0.3079922027290448,-0.09551656920077972,-0.1405468906060251,0.15338630364269323,False,-0.018663299860557148,False,-0.04654819844590041,-0.028321018367066797,0.048820714765054785,-0.011703997022214918,False,61.88464496177864,False,False,0.7889760839228068,0.652798375457799,-0.002293557579982841,False,0.05159862015730755
BX,356,0.3952958881221318,Blackstone Inc.,Financials,SP500,116.1500015258789,-0.019169031229234523,-0.08116447938452076,-0.1913812167960134,0.02136868654272761,0.09579022285895333,0.03898635477582846,0.6257309941520468,0.5497076023391813,-0.2592592592592592,-0.3138320240234307,0.15963614999603526,False,-0.09179407625876612,False,-0.1274707048052136,-0.08727759861099493,0.14609332375110307,-0.043063060574354495,False,554.3975877291209,False,False,0.7768799679141395,0.933487528816978,-0.011991202422748315,False,0.2411346901876443
UAL,357,0.39527776824099825,United Airlines Holdings,Industrials,SP500,110.33999633789062,-0.03202036664866914,-0.03540521962905363,-0.0182400841969097,-0.18381541278754,0.2476254329707157,0.7076023391812866,0.09941520467836257,0.7777777777777778,-0.19103313840155944,-0.1893321883542851,0.29491840773880806,False,0.00903040125972332,True,-0.05068684354824149,0.012007584563172635,0.053393175059000875,-0.0075607833149961,False,406.4739476342877,False,True,0.8699490342685393,0.9721275662486286,-0.02412492369099395,False,0.22965584216161777
KLAC,358,0.3942846080192872,KLA Corporation,Information Technology,SP500,185.8800048828125,-0.010855647647989075,0.010382147357916205,0.011481746538043458,-0.33154894350682096,0.29106374860897666,0.8284600389863548,0.017543859649122806,0.8265107212475633,-0.2124756335282651,-0.3832153061926098,0.901630551266603,False,0.03891460905591071,True,-0.012648787012823792,0.05649753419966097,0.012810828453388545,0.012644795719279456,False,1906.9126844844677,False,True,0.5615859849956732,0.6782526462372774,-0.00928584043311187,False,0.12417658809336261
DUK,359,0.39378926768977235,Duke Energy,Utilities,SP500,113.4800033569336,0.0011469332559557177,-0.027925257550888483,-0.060906928202622224,-0.1079424872570075,-0.11172416173659538,0.4444444444444444,0.25925925925925924,0.18128654970760233,-0.05263157894736842,-0.1348196383751603,0.021494789117058932,False,-0.03864723121463087,False,-0.06608631256460451,-0.07231783370259426,0.07076276261255243,-0.016078181523241364,False,496.23545785108615,False,False,0.5637059157732798,0.7119568944454485,0.0013233482831775945,False,0.08866416063518075
VICI,360,0.39319436338181835,Vici Properties,Real Estate,SP500,23.28860092163086,-0.009417239689304191,-0.03165897461885936,-0.079019498190388,-0.12679661138041187,-0.09310490842352626,0.32943469785575047,0.21637426900584794,0.20077972709551656,0.037037037037037035,-0.24274186481126458,0.0007993323378290285,False,-0.04201722605134073,False,-0.07854933207143977,-0.1238333788245185,0.08524529289019922,-0.018966072711272486,False,241.57027969459412,False,False,0.6379783021693669,0.8939238413091947,-0.002977443391864565,False,0.07436040251623054
WEC,361,0.3930041999977112,WEC Energy Group,Utilities,SP500,101.45999908447266,9.85917844391615e-05,-0.019520720979234407,-0.045351898289286985,-0.1358964414130125,-0.09740149823085176,0.5516569200779727,0.19298245614035087,0.1949317738791423,-0.04873294346978557,-0.13887735565120585,0.005905453443033837,False,-0.027173190997851426,False,-0.053368721403080466,-0.07601259029783669,0.056377517423872536,-0.009437906421235098,False,257.8774180361702,False,False,0.7029055893357249,1.1345255389498143,-0.000788508665022114,False,0.07249658895777657
AOS,362,0.3927907668715167,A. O. Smith,Industrials,SP500,58.52000045776367,-0.002216556943444803,0.027387664999388495,-0.05536723588271075,-0.045486917392786874,-0.08088952844373443,0.48148148148148145,0.4697855750487329,0.2202729044834308,-0.10136452241715405,-0.26420913931464685,0.05547454074233227,False,0.0074543388547880785,True,-0.028870437956553308,-0.08607344054618438,0.029728719096764333,0.00928240067465258,False,89.05086158942582,False,False,0.6778213947799016,0.7871056884504879,-0.008184200246299955,False,0.04059131433024924
BSX,363,0.3908427842818615,Boston Scientific,Health Care,SP500,43.415000915527344,-0.011498116449718765,-0.00697621904528567,-0.06974496209823888,-0.001494908633700498,-0.3723434716668964,0.38596491228070173,0.5750487329434698,0.009746588693957114,0.35672514619883045,-0.5864450416531644,0.01841425821589393,False,-0.03577394462554784,False,-0.07362556315490754,-0.3076638033471555,0.07947711014743719,-0.017169555048757612,False,956.6353291826962,False,False,1.1758478950252684,0.7200354780316167,-0.0002276484961302172,False,0.07546857411605064
OMC,364,0.39026676279740447,Omnicom Group,Communication Services,SP500,75.12999725341797,-0.013394671727147589,-0.006085449222889783,-0.1363916003159612,0.026681155845274196,0.03920346131031316,0.09746588693957114,0.645224171539961,0.43859649122807015,-0.19103313840155944,-0.14658712465633617,0.15176786204478288,False,-0.04757479219761862,False,-0.07874293846358016,-0.022828369571950002,0.0854733621604562,-0.015800719249072226,False,235.44662397083405,False,False,0.9148007175216571,0.7247635104632885,-0.008273209063540232,False,0.09910802708392022
DASH,365,0.3899070354730052,DoorDash,Consumer Discretionary,SP500,181.7949981689453,-0.05981072820076894,-0.062090509974814245,-0.21602915758573837,-0.016367325156344426,0.2400749699872331,0.02729044834307992,0.5399610136452242,0.7680311890838206,-0.44834307992202727,-0.35474194480622734,0.2400749699872331,False,-0.10049010124143454,False,-0.11554390123325109,-0.030579069907408885,0.13063836791261996,-0.05187108508596583,False,838.4719343153644,False,False,0.7998090806955028,0.9880476794620968,-0.024979322588997266,False,0.15829581588104383
DHI,366,0.3889508779559248,D. R. Horton,Consumer Discretionary,SP500,141.57000732421875,0.00042408889627876256,0.016660734823833012,-0.025402638869324368,-0.1354082011205483,0.06134245132093952,0.6666666666666666,0.1949317738791423,0.4853801169590643,-0.14035087719298245,-0.18108448404987498,0.07463634620964354,False,0.007787852302535203,True,-0.02080483707296288,-0.04499945572135555,0.02124687484236798,0.0054880607290654915,False,350.07368784142216,False,False,0.7350610142847509,0.8222384734081074,-0.0076319827077833136,False,0.08609403238988075
DOV,367,0.3883813414815578,Dover Corporation,Industrials,SP500,192.0,0.0006253654061598724,0.03175884667856277,-0.046136739600861953,-0.14058620449191817,-0.0659200903635655,0.5458089668615984,0.1793372319688109,0.24366471734892786,-0.042884990253411304,-0.17095825983165513,0.20355818784936242,False,0.011548515270853654,True,-0.0345909739122805,-0.08278539047699385,0.03583038171132391,0.0121271723970513,False,243.3164896357532,False,False,0.6774988772143843,0.8996785394697846,-0.007035678909535825,False,0.06536568919428769
ORCL,368,0.3883101971061596,Oracle Corporation,Information Technology,SP500,133.55999755859375,-0.025820630104487652,-0.10096930699048934,-0.12096883366775324,-0.09295714923906429,-0.03699885612514342,0.13840155945419103,0.2962962962962963,0.2884990253411306,0.2729044834307992,-0.5691748700582768,0.161492304024776,False,-0.09616297060010193,False,-0.062000939852127956,-0.1825295438090876,0.06609914922766946,-0.060619823514192706,False,4247.317761745038,False,False,0.8776010409253867,0.9427460186466946,-0.03191101243786021,False,0.22197494734058498
CFG,369,0.38795275860885087,Citizens Financial Group,Financials,SP500,65.06500244140625,-0.007095930818749374,-0.03407063759130413,-0.0728839817829453,-0.07017688466843996,0.14154681185887807,0.36062378167641324,0.3723196881091618,0.6296296296296297,-0.3255360623781676,-0.12933226925421526,0.38504546522745287,False,-0.04507509365446005,False,-0.07562261155990324,0.009913386036427108,0.08180923993339739,-0.016833398488204865,False,241.28641329708861,False,True,1.0052526803240036,1.0458340820097378,-0.002289051253977714,False,0.06689388464180063
CINF,370,0.3879252926837642,Cincinnati Financial,Financials,SP500,162.3300018310547,-0.001291937146253308,-0.021543868730294125,-0.053701585688614495,-0.12303716107771923,0.06812931216765472,0.49902534113060426,0.22417153996101363,0.4951267056530214,-0.3567251461988304,-0.1498442367352295,0.09638857682061652,False,-0.03257607229173076,False,-0.05538185955239938,-0.02009701358807736,0.05862883336768987,-0.014294066415945328,False,104.91722120399324,False,False,0.5630921588356173,0.8170036368449115,-0.0006151768725038975,False,0.041092584882092435
TXT,371,0.3867669554403512,Textron,Industrials,SP500,76.62999725341797,0.0005222733704135507,-0.03500826445645777,-0.06922456965043167,-0.14975759655103205,-0.12352000885202252,0.3898635477582846,0.15789473684210525,0.16374269005847952,0.04678362573099415,-0.2390347727055081,0.008024212539967213,False,-0.032064081259671195,False,-0.09081089295421929,-0.1462465113465815,0.09988119330783696,-0.015547529402772375,False,145.86257472392424,False,False,0.6115308350801968,0.8685207747883945,-0.00744222120483673,False,0.049911223525992664
CAH,372,0.3862273644537524,Cardinal Health,Health Care,SP500,220.08999633789062,-0.0005903409412945093,-0.025071998503253035,-0.06396465033213317,-0.06625564306174647,0.07030582163481625,0.41325536062378165,0.38791423001949316,0.49902534113060426,-0.405458089668616,-0.11471784804490048,0.4461730873658383,False,-0.053400787209818446,False,-0.05361000458756926,0.014551243792513935,0.056646842049726365,-0.01881360068008342,False,422.28795740075566,False,True,0.8770170852346536,1.0650972600298478,-0.003859804281191259,False,0.06683143271108317
VMRK,373,0.3855184002624522,Vivmark Residential,Real Estate,SP500,61.13999938964844,-0.006015264867195391,-0.0035854175116486475,-0.06656489481452765,-0.10535553605598014,0.06422542969783862,0.40350877192982454,0.26900584795321636,0.48927875243664715,-0.08771929824561403,-0.12843908681750504,0.07835879917773503,False,-0.041121679180896265,False,-0.06689539682316326,-0.034171209482044884,0.07169120867629619,-0.014829867806418484,False,338.1238939773495,False,False,0.9932273022420496,0.8525109887224516,-0.0003250958155107675,False,0.055436627485967976
AEE,374,0.3848893542837306,Ameren,Utilities,SP500,99.2300033569336,-0.0016097799949429392,-0.025532735219181535,-0.06385044150185848,-0.12789978421910164,-0.07433417665879705,0.4152046783625731,0.21442495126705652,0.23391812865497075,-0.10331384015594541,-0.1553924835286834,0.041871519274656155,False,-0.039943662729108986,False,-0.0677202547835275,-0.06770158715441899,0.07263941443649302,-0.01665193563981493,False,159.37716909879302,False,False,0.5671565464174122,1.0620023114180657,-0.0010061220921137037,False,0.09237557249526009
FTV,375,0.3833680472108735,Fortive,Industrials,SP500,55.619998931884766,-0.00837941200614245,0.00962059861733322,-0.07063231834592432,-0.08212106853177947,0.03380033009688632,0.3742690058479532,0.3333333333333333,0.42884990253411304,-0.0682261208576998,-0.13110138149434036,0.16875491675562992,False,-0.00629824963906922,False,-0.0530825423778819,-0.04344862015657236,0.05605825719084523,-0.0021952895316612597,False,142.64634198845383,False,False,0.8552351061179031,0.6102032940294239,-0.008735989964945401,False,0.07211086796543616
IRM,376,0.38333752951633276,Iron Mountain,Real Estate,SP500,111.94999694824219,0.005117612757049361,-0.04226197679186339,-0.08044783447758963,-0.13195463675578478,0.15555617506481023,0.3079922027290448,0.20272904483430798,0.6510721247563352,-0.08187134502923976,-0.152112923793012,0.452159092438545,False,-0.016223874240759106,False,-0.06180136266233993,0.01578458845106323,0.06587236455353906,-0.01568653089556238,False,195.07032625907746,False,True,0.8622951725225841,0.7163608360466394,-0.004309532585522913,False,0.060014872568585696
AJG,377,0.3830472299470137,Arthur J. Gallagher & Co.,Financials,SP500,227.76499938964844,-0.01443101092941279,-0.037382195164561316,-0.12214658665455014,0.005519346645808332,0.10639159727447756,0.13255360623781676,0.594541910331384,0.5633528265107213,-0.32748538011695905,-0.25777949336617234,0.1934047445307705,False,-0.07082347039253412,False,-0.09135516090206208,-0.01883435533132094,0.10054000966181187,-0.02695469336663503,False,335.43779155210206,False,False,0.9140812240865178,1.0209137691206993,-0.00475987050828075,False,0.05586271103193977
EXPE,378,0.3811215634214913,Expedia Group,Consumer Discretionary,SP500,262.1000061035156,-0.007835890596965989,-0.06732611077440398,-0.17816381829889105,-0.010563027365094402,0.1648515506467383,0.042884990253411304,0.5555555555555556,0.6686159844054581,-0.415204678362573,-0.22602586464430818,0.39836491223842607,False,-0.07646878560073378,False,-0.11916918291746925,0.009809911227395496,0.13529179566193994,-0.03426933585499503,False,542.9293117638172,False,True,1.0297104155915202,1.7170991391476043,-0.015747448425850075,False,0.08337258646523593
DPZ,379,0.3806691385999245,Domino's,Consumer Discretionary,SP500,291.7200012207031,-0.0014377127633125042,-0.014259651232984782,-0.11605100543144553,-0.0017884949867421618,-0.15166682433927925,0.15594541910331383,0.5730994152046783,0.12475633528265107,0.009746588693957059,-0.32295420081437454,0.03707768111438847,False,-0.07046143122968929,False,-0.11984506929498928,-0.1717478205454025,0.13616360610397593,-0.021309020131630385,False,281.1001168087854,False,False,0.7525489733337911,0.6985054249800392,-0.0031149572687071414,False,0.054928196945520855
JKHY,380,0.38063270810206645,Jack Henry & Associates,Financials,SP500,146.8300018310547,-0.006495645839969089,-0.031208734519215242,-0.131314011267599,0.07777293548259556,-0.034464341062480974,0.11306042884990253,0.7407407407407407,0.30214424951267055,-0.14814814814814814,-0.22863797600346236,0.1940033618934207,False,-0.06936724687367668,False,-0.06703856558206334,-0.06696458628368274,0.0718556663854899,-0.02718814277432513,False,152.95093866345886,False,False,0.9640655472832541,0.768209500975421,-0.002029824795972135,False,0.07056429701368176
TSCO,381,0.37858344491365403,Tractor Supply,Consumer Discretionary,SP500,31.94499969482422,-0.010071297128267043,-0.01190850957084244,-0.07939484171590139,0.030951606821164823,-0.277315603372117,0.3255360623781676,0.6569200779727096,0.03898635477582846,0.005847953216374324,-0.42475662447372164,0.10383294459277148,False,-0.04308299642002145,False,-0.04017483450257109,-0.19759455497259726,0.04185640879894059,-0.014305123024048072,False,342.687858238163,False,False,0.8866679202714621,0.8004359016443064,-0.000619784861479955,False,0.051178738962275205
EXE,382,0.37844954852885637,Expand Energy,Energy,SP500,85.93000030517578,-0.010478996673077834,-0.019623516152424636,-0.12316326219208384,-0.012494040165470732,-0.233752540746336,0.1286549707602339,0.5477582846003899,0.05847953216374269,0.05068226120857705,-0.288437085342123,0.0,False,-0.07414491641426946,False,-0.07851831558383215,-0.12303750481653686,0.08520876422365342,-0.027401470538631845,False,286.286163513267,False,False,0.9403752039068953,0.9992284724300217,0.00011517891124213087,False,0.08191520954915767
HIG,383,0.3778946986949871,Hartford (The),Financials,SP500,124.77999877929688,0.004427235027781862,-0.04551363223971083,-0.09051263209956073,-0.06114801359740252,-0.048355064329505204,0.24366471734892786,0.40545808966861596,0.2709551656920078,-0.14619883040935677,-0.13970783708570544,0.038056528862632666,False,-0.06504172528878671,False,-0.09062068349754193,-0.0758240168230776,0.09965113770794343,-0.028230142067142472,False,213.20246403470398,False,False,0.707909418834323,0.8564110317255471,0.0012879017016134142,False,0.06914480548657619
PAYX,384,0.37723208325227076,Paychex,Industrials,SP500,100.16999816894531,-0.011837866677745335,-0.12903229016296358,-0.20801711329608352,0.014056552295677482,0.11818050121160861,0.031189083820662766,0.6120857699805068,0.5867446393762183,-0.3372319688109162,-0.2133657841237172,0.1980225005349341,False,-0.1326409297578769,False,-0.15071990686275694,-0.022533963883110908,0.17746784374280722,-0.07015666602165072,False,342.2419260426477,False,False,1.1755506343046818,1.4262686202728545,-0.012725667165584098,False,0.08883662948555572
UDR,385,0.3771720015411436,"UDR, Inc.",Real Estate,SP500,33.76499938964844,-0.0022163345922360245,-0.0036884037253237523,-0.08565293083968917,-0.14886275333383148,0.029913754695459316,0.27485380116959063,0.15984405458089668,0.4171539961013645,-0.15594541910331383,-0.171771660553799,0.04270471814504351,False,-0.034151462042228964,False,-0.08260615954450257,-0.07336094920436986,0.090044379961705,-0.009105166187874492,False,127.64413154588715,False,False,0.5055484371745644,0.9971882726054844,0.0032506090382848907,False,0.07175590563619295
TYL,386,0.37712679720610504,Tyler Technologies,Information Technology,SP500,318.6050109863281,-0.02139323703413054,-0.04167412869172882,-0.1386260225467706,0.09580399307421539,-0.04617845058629144,0.08966861598440545,0.7719298245614035,0.27680311890838205,-0.0799220272904484,-0.39798382037213187,0.1574273393475667,False,-0.08113152488720266,False,-0.046291238429082227,-0.08465583468604254,0.04853812850878381,-0.03913287858048453,False,296.35659847664976,False,False,0.8276402170676233,0.5035042269230687,-0.014804826045965447,False,0.06411187835983716
VST,387,0.3764628466142525,Vistra Corp.,Utilities,SP500,137.3000030517578,-0.008377896907852733,-0.024719390238060135,-0.016344602473630565,-0.15306781025488936,-0.11424331833035706,0.7134502923976608,0.14619883040935672,0.17738791423001948,0.05263157894736842,-0.3450434539305648,0.02232527172631782,False,-0.035516998143174994,False,-0.053297764434910855,-0.11435193229498974,0.05629834010384194,-0.016274228072040042,False,631.2421054134782,False,False,0.7353597934106751,0.8462721961745276,-0.002744510070679107,False,0.1727619548181291
MAS,388,0.3740584337556219,Masco,Industrials,SP500,68.62000274658203,-0.00334053351686725,0.012990919848894222,-0.05728806314736257,-0.14383944297443552,0.16388129736149581,0.46393762183235865,0.17348927875243664,0.6666666666666666,-0.2709551656920078,-0.16731995792050725,0.18175667863205636,False,-0.010840065110281683,False,-0.05702697649279742,-0.013103784680498776,0.060475724194841485,0.0002824235970573241,False,175.68158357937546,False,False,0.6805900356111115,0.7290526907881831,-0.012345657123588594,False,0.047680922418890104
NI,389,0.3739304501741416,NiSource,Utilities,SP500,39.2599983215332,-0.004058849691630728,-0.03109580755172603,-0.04150392580413653,-0.17916773971929179,-0.134855048037115,0.5828460038986355,0.10721247563352826,0.14814814814814814,0.0,-0.19472139656479914,0.003578716602017362,False,-0.035072661817193485,False,-0.06897400742443205,-0.11703641020561673,0.07408386873670847,-0.014713568478416539,False,233.58942868970146,False,False,0.6604506102811324,0.9896124930530212,-0.0010146398449502048,False,0.050134517801477665
ALL,390,0.3733654913539557,Allstate,Financials,SP500,226.1300048828125,-0.006458704662927639,-0.06888740708841934,-0.11858107529419382,-0.05927946497784997,0.12607833811902402,0.14619883040935672,0.41325536062378165,0.6023391812865497,-0.4736842105263158,-0.17461690920608663,0.2131824749840796,False,-0.0885033873986999,False,-0.11428078395792385,0.015645250893107532,0.12902597334243104,-0.0385196367567483,False,448.94473778547484,False,True,0.8260998607607069,1.6057593375880863,0.004745107835253837,False,0.08714092892598953
CCI,391,0.37289628180039136,Crown Castle,Real Estate,SP500,67.04000091552734,-0.01179238598980381,-0.08440317129397112,-0.09349879459058019,-0.13500204705761676,-0.12446309381515164,0.2300194931773879,0.19883040935672514,0.1617933723196881,0.1442495126705653,-0.28702058747854764,0.0,False,-0.07914341498375876,False,-0.09203135928451256,-0.17591371622615748,0.10135962318257064,-0.04423020075826278,False,260.67689653051025,False,False,0.6802153682034354,0.7901066862712285,-0.0023584322133207714,False,0.040648676424180984
PPG,392,0.3725850013160756,PPG Industries,Materials,SP500,106.41000366210938,-0.010323595755326043,0.014104673140466817,-0.062219066560700975,-0.11445026618799448,0.038045700925627424,0.42884990253411304,0.24951267056530213,0.4327485380116959,-0.14619883040935672,-0.17612283718076716,0.15038733705342744,False,-0.009738785686712936,False,-0.04768735393303458,-0.03991862031175841,0.05007531311274982,-0.002021538478075291,False,184.3060239017279,False,False,0.7042308248794757,0.7976637692950098,-0.014880938653975218,False,0.05219787746778023
AMAT,393,0.3725718405603049,Applied Materials,Information Technology,SP500,480.7300109863281,-0.00880410105911722,0.03552046592028413,-0.0033791657988512247,-0.30720364681486434,0.42907825739221384,0.7738791423001949,0.021442495126705652,0.9044834307992202,-0.5321637426900585,-0.3343788998526913,1.3609893380067826,False,0.06177081663387418,True,-0.016932481581679704,0.1397814269754456,0.017224128825782614,0.02967793020756937,False,3383.5900468266004,False,True,0.5702545400508943,0.593235476330742,-0.0086391802915593,False,0.10389164472218412
CPT,394,0.3705488988834339,Camden Property Trust,Real Estate,SP500,97.87670135498047,-0.0024796309089997193,-0.009545621764388224,-0.07480196135800765,-0.15390126991034203,0.029861822061957755,0.35282651072124754,0.1442495126705653,0.4152046783625731,-0.18128654970760233,-0.16757356837249404,0.03361420841616525,False,-0.0404982066671965,False,-0.08553397817375497,-0.07606663586553897,0.09353434259147031,-0.01295855500745402,False,103.05929958958741,False,False,0.584057301236126,1.1818005280324777,0.00040767340407299457,False,0.042752725997945246
CHRW,395,0.37035377637396383,C.H. Robinson,Industrials,SP500,146.11000061035156,-0.006730152631451158,-0.044032948762055324,-0.029110664957443633,-0.2057363209137263,-0.08867525322890712,0.645224171539961,0.07407407407407407,0.2046783625730994,-0.003898635477582846,-0.29930178722420264,0.19252102082065492,False,-0.028197167017184666,False,-0.05879391253573163,-0.14651821562066647,0.06246656637562764,-0.020466253342477536,False,273.2914328546768,False,False,0.4443325489853657,0.7499394176935497,-0.005914414275172253,False,0.027282914333503817
SYY,396,0.3695301800925449,Sysco,Consumer Staples,SP500,78.22000122070312,-0.0030588563162120552,-0.0026775351734736885,-0.05130377057738922,-0.05589392001125659,-0.03017065481783965,0.5165692007797271,0.42300194931773877,0.3157894736842105,-0.17738791423001948,-0.12974946598494952,0.14476252919283739,False,-0.02354988693411908,False,-0.04703656393146938,-0.011650973634269701,0.04935820426177062,-0.006827261267421503,False,296.8737568713385,False,False,1.2551175861575004,1.1897711466277612,-0.0021666858390131383,False,0.043303768489747874
CMG,397,0.3684319245602591,Chipotle Mexican Grill,Consumer Discretionary,SP500,31.684999465942383,0.011330978075353215,-0.043904645458760494,-0.1487104130367941,-0.03897487737895022,0.0267335981618253,0.06627680311890838,0.4834307992202729,0.41130604288499023,-0.24561403508771928,-0.25200663339463025,0.12437896106490975,False,-0.09457847846863232,False,-0.0875266158634177,-0.09300331776308257,0.09592237689895877,-0.034335589081954554,False,543.4001561756434,False,False,0.6143964275186428,0.7827953190383308,-0.004149350816571085,False,0.14826871610052983
PSA,398,0.3683697447576323,Public Storage,Real Estate,SP500,285.7900085449219,-0.007570207544328467,-0.03667376003764111,-0.0722294983871351,-0.11011805269030406,0.09546376644435539,0.37037037037037035,0.253411306042885,0.5477582846003899,-0.15594541910331383,-0.12632856871239928,0.1390286221965773,False,-0.02973964961840725,False,-0.07597765752517027,-0.02761631016118704,0.08222491387132225,-0.014869896246701653,False,299.40160317776304,False,False,0.9110913007854334,0.7821226333882751,-0.0029169577884150533,False,0.06459494517521636
PNC,399,0.36739584883060006,PNC Financial Services,Financials,SP500,224.5124969482422,-0.004996908546605727,-0.03745982015758975,-0.0780152683140094,-0.08279313009847644,0.12673979136823643,0.33723196881091616,0.32943469785575047,0.6062378167641326,-0.33138401559454195,-0.12630853453039548,0.2882840855492057,False,-0.04869249205186166,False,-0.08137821290003033,-0.005036138099808851,0.08858728809049499,-0.018680813507223948,False,381.1270144106503,False,False,1.0650949998304484,1.0460679534252664,0.0,False,0.051666637641281064
ALNY,400,0.3664869937400579,Alnylam Pharmaceuticals,Health Care,NDX,249.07000732421875,-0.026918265388821583,0.019441715199757015,0.05288303134398875,-0.1514376647356126,-0.21518143804958278,0.9122807017543859,0.1539961013645224,0.0682261208576998,0.12085769980506822,-0.49295629920347517,0.21213749514808677,False,-0.005488209510206343,False,0.021095095635137895,-0.18636865396525804,-0.020659286020776046,0.0006895087759062335,False,433.6381123051575,True,False,0.666372657443884,0.5197862563233854,0.0005469580636670024,False,0.06445031748978032
PNW,401,0.36529794806651333,Pinnacle West Capital,Utilities,SP500,91.52999877929688,-0.002289067902361386,-0.01907618503771935,-0.06497089232819131,-0.1436839174657426,-0.06529026596136722,0.4093567251461988,0.17543859649122806,0.24561403508771928,-0.12280701754385964,-0.155506493937987,0.08719158681677497,False,-0.0385857750952715,False,-0.0723630680617533,-0.06260405347716891,0.07800796364430496,-0.014769908485376848,False,110.15144298427734,False,False,0.5407379644612809,0.8627164968039474,0.011227368686299588,False,0.025626127802391468
PCAR,402,0.36516004623430726,Paccar,Industrials,SP500,111.3550033569336,0.00040432844602444895,-0.029416890972277954,-0.12000156036612175,-0.06647275323809454,-0.006681503411768541,0.14035087719298245,0.3840155945419103,0.35477582846003897,-0.30994152046783624,-0.19217235031509405,0.22688414955261726,False,-0.06369880107447468,False,-0.11605629754228641,-0.07377524852535633,0.13129376590342123,-0.023987074527031083,False,422.95505362550415,False,False,0.5904528970645634,1.1196718608814615,-0.008444837235010327,False,0.06433477617306606
GNRC,403,0.3639195019512251,Generac,Industrials,SP500,206.52999877929688,-0.007735181200503205,0.007659992261912052,0.04683463838818791,-0.27229484318409924,0.06239714641797556,0.898635477582846,0.037037037037037035,0.4873294346978557,0.01949317738791423,-0.30117752991840885,0.5144827027515726,False,0.07895327036618016,True,0.027477671673553195,-0.02414570369997393,-0.026742840677790758,0.028799463833989014,False,251.75975943891908,True,False,1.2735959986891607,0.7823551316524173,-0.0035072342158148917,False,0.18906899844530553
CMI,404,0.36208290894664363,Cummins,Industrials,SP500,522.5499877929688,-0.004780424670125294,-0.022869293604673713,-0.08942793273891048,-0.24106118442181868,0.005546948397336271,0.2553606237816764,0.04678362573099415,0.3762183235867446,-0.029239766081871343,-0.2791338585329102,0.2995506233668259,False,-0.033456802108412065,False,-0.11513398974737432,-0.12892130330304652,0.1301146031301441,-0.011724152441550784,False,595.3756577282738,False,False,0.5422275924903665,0.8993819722047712,-0.004418556612589497,False,0.07006585870209509
CPRT,405,0.35928901401143654,Copart,Industrials,SP500,27.155000686645508,-0.01576656265083709,-0.06070560947871129,-0.17109273266364977,-0.03362988192154581,-0.16265801939225977,0.04873294346978557,0.49122807017543857,0.10526315789473684,0.18128654970760233,-0.40657776043083405,0.0,False,-0.11279189040156667,False,-0.10944728489374123,-0.19486049211846135,0.12289815418807892,-0.0541275759995673,False,325.7698542564971,False,False,0.94617202726535,0.7427274835480324,-0.006777827967524019,False,0.05592120910959751
MTB,406,0.35560400239563905,M&T Bank,Financials,SP500,220.86500549316406,-0.0014693112014784182,-0.026854956998601076,-0.0686680132257218,-0.07069269516478138,0.11403972722952882,0.39766081871345027,0.3684210526315789,0.5750487329434698,-0.304093567251462,-0.12515128945304066,0.27186795483644044,False,-0.043600146719334765,False,-0.08021740168421287,-0.0010427318264373264,0.08721343699163131,-0.014563129896352112,False,242.55153884200317,False,False,0.9748372210448976,0.6555127849231569,-0.0006781913902875747,False,0.03493104643977242
ADSK,407,0.3555937026737315,Autodesk,Information Technology,SP500,204.72000122070312,-0.02234953587484234,-0.06456479090125788,-0.24340301803501208,0.04855560059831587,-0.10929340200762228,0.01364522417153996,0.6842105263157895,0.1871345029239766,0.007797270955165692,-0.367034579795689,0.09056040853107095,False,-0.0775531981578167,False,-0.12290171759720148,-0.14962676194889724,0.1401230854773925,-0.04449027851500109,False,493.8653544175232,False,False,1.0959185739413622,0.6945433608827,-0.013801334641285079,False,0.0887821015635536
GE,408,0.3555475446607386,GE Aerospace,Industrials,SP500,320.93499755859375,-0.018817447333175696,0.006034255145733525,-0.0635923692967868,-0.14014866459904607,0.136222350601221,0.4191033138401559,0.18323586744639375,0.6237816764132553,-0.35672514619883045,-0.15813704283372065,0.1759745285237393,False,-0.007334380101587046,False,-0.06753707102113005,-0.006493734809275176,0.07242869279005992,6.339015120793157e-05,False,1299.2954238953444,False,False,0.7511008992969468,0.8559573212615652,-0.017212403148510247,False,0.1277060248225024
NFLX,409,0.35255623838897093,Netflix,Communication Services,SP500,69.91500091552734,-0.017357703216666298,-0.04696019174157573,-0.12431107061127278,-0.05238544222982655,-0.25168574668564747,0.12475633528265107,0.44639376218323584,0.04483430799220273,0.26900584795321636,-0.43678253746030504,0.034245599018652095,False,-0.08194718963220438,False,-0.07466351566262452,-0.17337366977520852,0.08068796262376954,-0.036957040595202995,False,2503.121504608983,False,False,0.9733734353121785,0.7518728050490769,0.005621946834862834,False,0.201270056665351
GLW,410,0.35149250599863435,Corning Inc.,Information Technology,SP500,153.5,-0.020671209516484046,-0.03446971867410742,0.006472784610028093,-0.39853322544158265,0.1258295903702047,0.8050682261208577,0.001949317738791423,0.6003898635477583,-0.05847953216374269,-0.39853322544158265,0.9776011046504542,False,0.00017591955050022534,True,0.00600535166363092,0.031991552868727346,-0.005969502700656548,-0.005488212096743106,True,1571.100668255742,True,True,0.7202954866984486,0.4594150003266418,-0.01582245055131304,False,0.08140349037883227
D,411,0.3488422349633597,Dominion Energy,Utilities,SP500,60.3650016784668,-0.0051911441187338925,-0.039079879469653855,-0.08308508453708796,-0.11860595762087289,0.011586598106395174,0.29239766081871343,0.23976608187134502,0.38596491228070173,-0.10916179337231968,-0.1494652608477246,0.09042929402208322,False,-0.05437539726709373,False,-0.08913664846158686,-0.044873125113206735,0.09785951790796998,-0.0245512714249001,False,268.42637066616794,False,False,0.9287596940636337,1.143966044034346,-0.0008239821491280441,False,0.05900912596524632
O,412,0.3477510366479364,Realty Income,Real Estate,SP500,55.439998626708984,-0.001800545321748448,-0.021359273902528786,-0.09897304128759032,-0.1091356780260182,-0.06240515273655256,0.21442495126705652,0.2553606237816764,0.253411306042885,-0.15204678362573099,-0.1577465802510476,0.03235833956480638,False,-0.053618092952609,False,-0.09495080691736857,-0.08734234033968502,0.10491231597474004,-0.017969578375300332,False,370.73001432015246,False,False,0.671516750073163,1.4090015167201912,8.997575325153662e-05,False,0.14817379412350898
SYF,413,0.3467512006805446,Synchrony Financial,Financials,SP500,71.7300033569336,-0.01658896413452504,-0.043599955240885446,-0.1025897274732177,-0.08077407120176994,0.10667108151972027,0.20077972709551656,0.3391812865497076,0.5653021442495126,-0.3391812865497076,-0.17908328094439785,0.13408638375487758,False,-0.049990355959106614,False,-0.06502676382946959,-0.03657255374963775,0.06954933180312906,-0.0198301724443668,False,253.00427533797074,False,False,0.7110423453660165,0.6964625356406872,-0.007677614055992654,False,0.022881944919242118
RF,414,0.3422168434785594,Regions Financial Corporation,Financials,SP500,27.389999389648438,-0.008327351288789586,-0.0406304685958212,-0.08987534866647173,-0.08596671894261165,0.11018066796005122,0.24951267056530213,0.31773879142300193,0.571150097465887,-0.3060428849902534,-0.14605592880275065,0.2204457507634454,False,-0.05711041993770982,False,-0.08963119515987228,-0.029570235540688827,0.09845591663876552,-0.022406940357326488,False,243.64601779523576,False,False,1.0635985661144953,1.0051872592342286,-0.0018103237831244012,False,0.05340873253093713
KEY,415,0.3415414487512541,KeyCorp,Financials,SP500,20.450000762939453,-0.0077632141035332,-0.020124583584318234,-0.06240438053980735,-0.10817036717626027,0.0719982306818523,0.4249512670565302,0.2573099415204678,0.5029239766081871,-0.21442495126705652,-0.13939740986608817,0.26884490946171224,False,-0.037227939436528135,False,-0.06709313188097221,-0.03786357166779453,0.0719183598854285,-0.011599254018839433,False,251.9398068133522,False,False,1.2223059746720173,1.0907278387416204,-0.0024260622478616822,False,0.05451438716233421
MCD,416,0.33848700899890516,McDonald's,Consumer Discretionary,SP500,236.7100067138672,0.0008879776484871371,-0.04506211856105957,-0.08331729008427935,-0.10774563783681057,-0.21539941729359247,0.290448343079922,0.26120857699805067,0.06432748538011696,0.050682261208576995,-0.2923529640382915,0.0008879776484871371,False,-0.05622912363808297,False,-0.09208189051489069,-0.17775139392442185,0.1014209206236798,-0.025130714282033284,False,1274.1077319904243,False,False,0.8841948803357608,1.4696692781141807,-0.0032346697236720345,False,0.1265607241703986
MAA,417,0.33839125973228357,Mid-America Apartment Communities,Real Estate,SP500,117.94999694824219,-0.0033798185976856576,-0.007656096730914275,-0.08416800142078895,-0.15168434637747008,0.0017271110165968384,0.28460038986354774,0.15204678362573099,0.3684210526315789,-0.19103313840155944,-0.1608721577965745,0.005884315192234979,False,-0.0448542276816456,False,-0.08582477391090504,-0.0884967834509438,0.09388219179606216,-0.013206861689599725,False,131.79307984443176,False,False,0.65985508967233,1.042518897018759,0.0015209151457247216,False,0.06918742813338444
DLTR,418,0.3382731944015289,Dollar Tree,Consumer Staples,SP500,116.12000274658203,0.017971447858703193,0.03373988118710747,-0.08566926971195254,-0.053009295827806446,0.08523367052880393,0.2729044834307992,0.4405458089668616,0.5321637426900585,-0.23976608187134507,-0.1776786543047537,0.3654750881520725,False,-0.027010249893826832,False,-0.06971375573441252,-0.01251699288956587,0.07493796255092189,0.0092410633128015,False,307.6248896713974,False,False,1.0978979426200515,0.7259618910512144,-0.010256843798329585,False,0.050495253280594635
PHM,419,0.3362554025856116,PulteGroup,Consumer Discretionary,SP500,119.7249984741211,-0.0010429703929198952,0.006346114530312308,-0.053354699407174744,-0.1301486518037035,0.04895566960031572,0.5029239766081871,0.20857699805068225,0.4678362573099415,-0.35282651072124754,-0.15475429986017242,0.09201514038424641,False,-0.003417009471993193,False,-0.045435604474467706,-0.0373538063173503,0.04759826019852054,0.00229467745007228,False,196.82470022180098,False,False,0.7331382662067498,0.7672509700718304,-0.01118061205632781,False,0.046299281001743665
FE,420,0.33187172650042157,FirstEnergy,Utilities,SP500,43.025001525878906,-0.006350986513326995,-0.04325104829947812,-0.06972969673775342,-0.09588978504794565,-0.12253264611494696,0.38791423001949316,0.2884990253411306,0.1695906432748538,-0.10331384015594541,-0.15431151879294236,0.006572812354948887,False,-0.05184807202384434,False,-0.07788963602376486,-0.07939057394998039,0.084468886878027,-0.025251342908889085,False,194.05419888658875,False,False,0.7387596049643195,0.7463735181080025,-0.0020785255005468795,False,0.05372616160852981
LNT,421,0.33027793990303006,Alliant Energy,Utilities,SP500,63.4900016784668,-0.0017295094071276829,-0.022779737023688296,-0.06919802769914307,-0.1711221208566871,-0.0860506040673561,0.3937621832358674,0.11695906432748537,0.20857699805068225,-0.10721247563352826,-0.18015125962995215,0.005817276246833147,False,-0.04205076494257365,False,-0.0774379422958631,-0.08733349111846855,0.08393792227763308,-0.016293523326409654,False,162.43649658900162,False,False,0.5964306649847744,0.8885729705184633,-0.0025157209316162277,False,0.06292926068126772
CARR,422,0.3275883773360342,Carrier Global,Industrials,SP500,56.08000183105469,-0.005144529116995367,0.026730189083135292,-0.04690683742990798,-0.23353309772306552,0.041145360491006366,0.5399610136452242,0.05263157894736842,0.442495126705653,-0.1286549707602339,-0.2594517770343264,0.12637841379705583,False,-0.00798666288198635,False,-0.07302411491120309,-0.08499440798574243,0.07877671478391046,0.007665098879151566,False,399.5914665870999,False,False,0.6823692451389434,0.7796258903386826,-0.005854142675364882,False,0.04299269683094099
FDX,423,0.32748423570341373,FedEx,Industrials,SP500,285.75,-0.0003498551736235145,-0.03394302800933546,-0.13439013391477883,-0.11840265315583864,0.0388822380092777,0.10136452241715399,0.24171539961013644,0.43664717348927873,-0.12280701754385964,-0.15464334873132257,0.6054496557530098,False,-0.06587358544054067,False,-0.09128377682338662,-0.0336676786205079,0.10045355689181434,-0.025262030916548883,False,482.7565955936475,False,False,0.9355023669151576,1.0115752450787627,0.0,False,0.07082273600865432
FER,424,0.32730589792594117,Ferrovial,Industrials,NDX,55.45000076293945,-0.006806395408424759,-0.008936550369650686,-0.056491401547805076,-0.18920893028502628,-0.10496686362354224,0.47368421052631576,0.08576998050682261,0.18908382066276802,0.011695906432748537,-0.24719981596230745,0.022308242017496482,False,-0.013608459943275086,False,-0.08716615709524744,-0.1559789879840906,0.09548962034303377,-0.0035431424000649248,False,87.09076451421852,False,False,0.7994394394008268,0.8552798742502095,-0.010209627276143607,False,0.09225505020332657
AXP,425,0.32568025848487275,American Express,Financials,SP500,304.8399963378906,-0.013111522284578903,-0.027902675793815668,-0.08774241980756647,-0.10327840758571571,0.04916961282909327,0.25925925925925924,0.2709551656920078,0.4697855750487329,-0.25146198830409355,-0.20153293891441382,0.04916961282909327,False,-0.04153436605757532,False,-0.07898538343924577,-0.08366334294272093,0.08575909873633969,-0.015435890475494873,False,917.0598939566125,False,False,0.8650785279637022,1.1543392519724445,-0.003852511848790763,False,0.09712857745741349
TDG,426,0.3238032295350248,TransDigm Group,Industrials,SP500,1103.1199951171875,-0.011718291190530139,-0.005884764703468659,-0.07025823168009038,-0.16647521311390734,-0.03237637012285732,0.3762183235867446,0.12475633528265107,0.31189083820662766,-0.07407407407407407,-0.23922758957435342,0.025194919290265405,False,-0.016366409050001307,False,-0.0714693875575696,-0.11863412540080287,0.07697041605292343,-0.004268220955674362,False,475.8941786465503,False,False,0.6589026065117658,0.6940381027120109,-0.009720458753421646,False,0.052209519296271066
CSGP,427,0.32358827052410327,CoStar Group,Real Estate,SP500,26.934999465942383,-0.04111785974978355,-0.07248627352692139,-0.14055522224628214,-0.08134380128601615,-0.32273072275803094,0.08382066276803118,0.33528265107212474,0.025341130604288498,0.06432748538011696,-0.6823703007474827,0.0,False,-0.0999991829586433,False,-0.11252938156690107,-0.3407425983025666,0.1267978671401886,-0.0560077293738771,False,211.79392881925185,False,False,0.6451429310453718,0.704747805446139,-0.012103956950550887,False,0.06453590670028848
LHX,428,0.3222611322827617,L3Harris,Industrials,SP500,237.2100067138672,-0.002019419086241925,-0.03936332665216735,-0.09021093619968856,-0.1763544924611018,-0.3022968317772663,0.24561403508771928,0.1111111111111111,0.031189083820662766,0.05263157894736842,-0.36549940581619333,0.0,False,-0.04941043637647391,False,-0.11529389843367865,-0.23253778838624173,0.1303188688645387,-0.020042149972650303,False,438.91277421324617,False,False,0.4785462844870388,0.7650533728452914,-0.002902951046821367,False,0.0782655269474354
SO,429,0.3221243748641009,Southern Company,Utilities,SP500,82.44000244140625,-0.005308817888426964,-0.03533813100186556,-0.0742279661294305,-0.14087096649289144,-0.12287853241738755,0.3567251461988304,0.17738791423001948,0.16764132553606237,-0.09551656920077972,-0.1543844920269869,0.0046058793970082945,False,-0.04543556078987643,False,-0.08365660044042411,-0.09396268931895557,0.0912939412022089,-0.021562529034645506,False,507.2450486906043,False,False,0.6438192162841448,0.7155990069292021,0.0009652730900806539,False,0.07562484673373232
VRT,430,0.3186747309674491,Vertiv,Industrials,SP500,250.5800018310547,-0.01066012697905494,-0.0011161555394069156,-0.06921626724572993,-0.18349863886699003,-0.001499270156163579,0.391812865497076,0.10136452241715399,0.36062378167641324,0.031189083820662766,-0.33366933872305293,0.7503788914381033,False,-0.014168369664354197,False,-0.05482406189051636,-0.04726490186939791,0.05800408122975931,0.00239434136917982,False,1404.0807334488482,False,False,0.8158623446867976,0.5831239626184855,-0.0001974220309491903,False,0.09429438226812618
MLM,431,0.3175219250561716,Martin Marietta Materials,Materials,SP500,485.45001220703125,0.00237461169326747,-0.0284587844748857,-0.0801236908704368,-0.16343362310609044,-0.14713925500265124,0.31189083820662766,0.13255360623781676,0.1364522417153996,-0.03313840155945419,-0.3115046726731011,0.011143524339722877,False,-0.03102243559013107,False,-0.07828026290923196,-0.178324172129265,0.08492848721706725,-0.012029149233652059,False,365.9369897929443,False,False,0.7022287344550664,1.271087954665321,-0.006731322176783627,False,0.0764429740494734
PPL,432,0.31536108154709447,PPL Corporation,Utilities,SP500,31.969999313354492,-0.0018732272316277498,-0.03267775941413631,-0.06399793114986474,-0.12259362812409569,-0.13692006663045075,0.41130604288499023,0.2300194931773879,0.14619883040935672,-0.07602339181286549,-0.18374885888376946,0.0,False,-0.046803543353832855,False,-0.07248399211212087,-0.10159780323488177,0.07814850794562545,-0.019978465471392703,False,255.73397544206392,False,False,0.7038785900528863,0.6634292378495857,0.003746573560895472,False,0.052810990121008226
CBRE,433,0.31200909427297313,CBRE Group,Real Estate,SP500,130.4250030517578,-0.030657747353697307,-0.08927451339104919,-0.11408095387641848,-0.04162681636104615,-0.01020718810877519,0.1617933723196881,0.4775828460038986,0.3489278752436647,-0.2923976608187135,-0.23999182688721143,0.04641370098233355,False,-0.0716833922481307,False,-0.09802965462751234,-0.10504492491831396,0.10868389978722526,-0.04715464061539343,False,244.29494831501344,False,False,0.9934247101225848,1.0095057520967194,-0.009067270108004566,False,0.12715549836774298
CNP,434,0.3092298859782638,CenterPoint Energy,Utilities,SP500,36.849998474121094,0.00027139852040702905,-0.03000797983622805,-0.06210237680198083,-0.17235506562509129,-0.12050094632582675,0.4327485380116959,0.11500974658869395,0.17153996101364521,-0.08187134502923976,-0.17694896192113285,0.003984861248027327,False,-0.04484192465023662,False,-0.08037409117335803,-0.10134333110893468,0.0873986807047531,-0.017953035974184628,False,247.62495429416123,False,False,0.7486184667966401,0.9146279600015279,0.001628701765540086,False,0.09004515567376416
UBER,435,0.3078674616526094,Uber,Industrials,SP500,68.4800033569336,-0.016374595585668894,-0.03331441421454062,-0.11007139606523508,-0.09298008798763457,-0.010118487209515359,0.17348927875243664,0.29434697855750486,0.3508771929824561,-0.2923976608187135,-0.3158840719199635,0.03851987900340714,False,-0.049792855562169946,False,-0.06475935547292377,-0.08752335754558138,0.06924352128180944,-0.02234758595085451,False,1350.1844358152134,False,False,0.5959861736826179,0.7938619315721271,-0.003734589571575908,False,0.20392925057923453
CCL,436,0.30658819804457876,Carnival Corporation,Consumer Discretionary,SP500,22.274999618530273,0.0011235783609111483,-0.0015687964253670028,-0.10721447144733587,-0.23289951393932473,-0.06867252371757926,0.1871345029239766,0.05458089668615984,0.23976608187134502,-0.06042884990253411,-0.33412919194171065,0.022257856017680266,False,-0.01591545831019059,False,-0.1193890078516725,-0.1836223391474482,0.1355751959902436,0.0018146257737456928,False,493.1298838912169,False,False,0.6103712915576646,1.259249406534346,-0.017977510945180852,False,0.20020775088738949
CMS,437,0.3065777075870803,CMS Energy,Utilities,SP500,62.90999984741211,-0.0006354394764502835,-0.027666107963838282,-0.0795903255033531,-0.18622227630472055,-0.16139288235402405,0.3216374269005848,0.0935672514619883,0.10721247563352826,-0.10916179337231968,-0.20052229474996286,0.0022303550840760966,False,-0.04965480308396297,False,-0.08903993173341684,-0.12710425667123115,0.09774295804518207,-0.019047900562962683,False,244.61383990971268,False,False,0.542713966772066,0.9920355981898574,0.000794269046140883,False,0.04640656878936537
KMB,438,0.3055315228711047,Kimberly-Clark,Consumer Staples,SP500,97.77999877929688,-0.006603693222225093,0.00040925840394523405,-0.10026079071790595,-0.09968777629367431,0.016749260259383947,0.20857699805068225,0.27485380116959063,0.3937621832358674,-0.3723196881091618,-0.173350079328908,0.07804922199424924,False,-0.027095871360597434,False,-0.07104652516058463,-0.02658271266435308,0.07648017590209899,-0.006054623652047009,False,395.3699233292969,False,False,0.7170549895059136,0.7696964252108465,-0.00436858989985367,False,0.08536803445506363
IBM,439,0.30474168678927155,IBM,Information Technology,SP500,220.72999572753906,-0.021196394376001737,-0.04829042082495494,-0.07563129974610427,-0.20031146685842705,-0.05242608411590044,0.3508771929824561,0.07797270955165692,0.26705653021442494,-0.06237816764132553,-0.3247474576317074,0.08039751159415043,False,-0.05822470588111206,False,-0.041749646571942245,-0.13232065387159742,0.04356862110468995,-0.03853007733242608,False,1474.6275131743764,False,False,0.5268165427419237,0.5713666567704173,-0.013347499357704518,False,0.1338718957838118
UPS,440,0.302586183876739,United Parcel Service,Industrials,SP500,93.45999908447266,-0.005321413419241194,-0.013614785388151418,-0.11563210811331381,-0.12091359907696564,0.018467026996467295,0.15789473684210525,0.23391812865497075,0.3996101364522417,-0.14230019493177387,-0.19342400967523332,0.20186999365510183,False,-0.05803383764644965,False,-0.09219692609599661,-0.08792398832402581,0.1015604911971757,-0.02393056340739186,False,504.2804929702083,False,False,0.9187577701511674,0.9091685174787046,-0.002234983892282272,False,0.0699711711940539
GIS,441,0.3024177643499922,General Mills,Consumer Staples,SP500,33.494998931884766,-0.004310358513510915,-0.05408079423268619,-0.17173590333005917,-0.06336469029317426,-0.04938451243365971,0.04678362573099415,0.39766081871345027,0.26900584795321636,-0.46393762183235865,-0.3014137588785084,0.05921031798760357,False,-0.0928848859555863,False,-0.10776364447314568,-0.12415309171325106,0.12077925743063078,-0.0464283999314693,False,331.72646541960097,False,False,0.6539953505367195,1.1337850842572503,-0.0011890878791054327,False,0.11231370191240282
CDW,442,0.3010374108787951,CDW Corporation,Information Technology,SP500,130.25,-0.03824848966936101,-0.11037499663891859,-0.12566289230923033,-0.06399512526701867,0.11405779392499804,0.12085769980506822,0.39571150097465885,0.5769980506822612,-0.5282651072124755,-0.18088002534877112,0.32576233869184157,False,-0.1127444648846958,False,-0.08227307317311783,-0.004258865237705689,0.0896487514620321,-0.07758004818034392,False,245.6443989152002,False,False,0.9585788617482187,0.6591143078675131,-0.010558906838344484,False,0.038630911950608034
TSN,443,0.3008918796229539,Tyson Foods,Consumer Staples,SP500,50.84000015258789,-0.0015710530093108188,-0.022683588904114926,-0.072906570617845,-0.12507045770824066,-0.19043930725023095,0.3586744639376218,0.21832358674463936,0.08187134502923976,0.09746588693957114,-0.24731471068883737,0.03761281957875284,False,-0.030788283361780522,False,-0.08307606147347013,-0.1416289740686718,0.09060300204068295,-0.014798266186679454,False,184.04985324624536,False,False,1.130634624629325,0.6989545496086368,-0.003731316448178146,False,0.06228961905742239
ARE,444,0.3004219071270261,Alexandria Real Estate Equities,Real Estate,SP500,49.06999969482422,-0.017224125878132934,-0.08005250179131285,-0.06140013694384072,-0.10570438035292518,0.09685851150859293,0.4405458089668616,0.2651072124756335,0.5516569200779727,-0.23976608187134507,-0.38848211056434523,0.2302373480733999,False,-0.05577417925946415,False,-0.041099642568593664,-0.008472198134054532,0.04286122353597488,-0.04471197479805522,False,98.3438836255896,False,False,0.8624600821713096,0.6950048280625459,-0.0006008167256863484,False,0.05749343930961191
YUM,445,0.2994026161293645,Yum! Brands,Consumer Discretionary,SP500,139.14500427246094,0.003714920085906126,-0.0013277654213919021,-0.07232813617752687,-0.11623784512998392,-0.08722467868711803,0.3684210526315789,0.24561403508771928,0.20662768031189083,-0.12280701754385964,-0.16504553103301522,0.026315940523466974,False,-0.02977819521955294,False,-0.053378715590015724,-0.08997177634805686,0.05638867038922113,-0.003745953464260099,False,351.49283603264803,False,False,0.9323942045998869,0.8758889524585124,0.001045870364027257,False,0.04992239518089449
EXC,446,0.2976215271817291,Exelon,Utilities,SP500,40.20000076293945,-0.003470485600369,-0.04240111478576858,-0.07682503590182144,-0.13928381007018242,-0.15222630727005593,0.34307992202729043,0.1871345029239766,0.12280701754385964,-0.09551656920077972,-0.18543592039491041,0.0,False,-0.053571512366811236,False,-0.0876414564560617,-0.10558083293524134,0.09606032307828216,-0.024171619855888227,False,321.7172267245486,False,False,0.6925106160690003,0.7494992240312804,0.0,False,0.09139145850330337
INTU,447,0.29746893870902524,Intuit,Information Technology,SP500,266.1300048828125,-0.035026662905867756,-0.12491776550152911,-0.23525860665858478,0.003411730687868042,-0.3561258815888013,0.01949317738791423,0.5886939571150097,0.017543859649122806,-0.07017543859649122,-0.6126045579895867,0.04798237913944292,False,-0.15468261017315776,False,-0.17899271387511384,-0.3336067766964568,0.21801598706870262,-0.08280902421648517,False,1244.1127444016504,False,False,0.8591829534590506,0.8888223690945551,-0.020450395132856403,False,0.19714189079286065
ALGN,448,0.2974683665022526,Align Technology,Health Care,SP500,145.17999267578125,-0.010900709339297987,-0.011574156798180968,-0.08599851408363979,-0.16288993365070348,-0.12741923058580984,0.2709551656920078,0.1364522417153996,0.15594541910331383,-0.017543859649122806,-0.2649486268364182,0.15939938716258428,False,-0.04299538550944171,False,-0.10639659728418249,-0.14951878399827745,0.11906467338958704,-0.01988164136856052,False,145.64039965723757,False,False,0.7946346611461147,0.8911033493981054,-0.011718226154841305,False,0.08323217395893809
MNST,449,0.2960880130310556,Monster Beverage,Consumer Staples,SP500,41.660099029541016,-0.03363260404274726,-0.053179567510431514,-0.10792080623257805,-0.14665917062761225,0.15996374683453962,0.18128654970760233,0.1617933723196881,0.6608187134502924,-0.354775828460039,-0.16629781845430947,0.2565254279410505,False,-0.05096886412684265,False,-0.09242797452270857,-0.014933826328919264,0.10184092493827235,-0.03870226525206777,False,462.06577696119274,False,False,0.9017966707575636,0.7480762749044809,-0.024124353996822223,False,0.16602366351238748
MKC,450,0.2956834628427995,McCormick & Company,Consumer Staples,SP500,48.13819885253906,0.004134339414011867,-0.015377388964921024,-0.11737810699533213,-0.06695325427774157,-0.07655196128630293,0.15009746588693956,0.38011695906432746,0.23196881091617932,-0.405458089668616,-0.31601693965340616,0.06522841463372431,False,-0.049373808215730564,False,-0.07673981523985662,-0.12924334936366189,0.08311829807736504,-0.016263746433025972,False,149.25347314510955,False,False,0.5252734401164302,0.7292604626314861,-0.002294468060184962,False,0.053939202785303786
LII,451,0.29478338158943784,Lennox International,Industrials,SP500,370.2200012207031,-0.009497787134640445,0.018094781397000714,-0.05350886616994366,-0.34759550193929956,-0.1499827388193128,0.5009746588693957,0.009746588693957114,0.1267056530214425,-0.029239766081871343,-0.3538354248486745,0.03102376925759276,False,-0.004329933257540386,False,-0.11038937699567175,-0.24136298013053947,0.12408729633069426,0.001864050509217119,False,219.12551189421814,False,False,0.4479356649290471,0.6448320585777837,-0.009417527134697568,False,0.050019653720168464
LOW,452,0.29293839621885764,Lowe's,Consumer Discretionary,SP500,187.7449951171875,-0.00810969818263374,-0.01693895006138113,-0.0918787359546851,-0.13997133483823687,-0.17584094284867435,0.23976608187134502,0.18518518518518517,0.09551656920077972,-0.04678362573099415,-0.3395314602536522,0.0,False,-0.04242150327053329,False,-0.09130359296082124,-0.18746842964523136,0.1004775547185417,-0.020294210410068958,False,631.3757827172132,False,False,0.6874007883693237,0.9024438222638039,-0.011253195776359415,False,0.07566245914507409
BALL,453,0.29288231995513897,Ball Corporation,Materials,SP500,56.70000076293945,-0.0022875429161819394,-0.05041028919251722,-0.10240400200394895,-0.08286589840862946,-0.036789134891572095,0.2046783625730994,0.32748538011695905,0.290448343079922,-0.368421052631579,-0.1549572554136851,0.23879022060512467,False,-0.061227185539261986,False,-0.08679398051089804,-0.04829043253440357,0.09504315418272791,-0.030759801365557338,False,115.11313990784569,False,False,0.83493677572803,0.9144162185641634,-0.006686627764766029,False,0.06360460184497932
FIS,454,0.29270608026916606,Fidelity National Information Services,Financials,SP500,34.77000045776367,-0.018073973239376095,-0.011935157298543775,-0.1326324161630038,-0.09093423337497963,-0.24134345946664004,0.10916179337231968,0.3060428849902534,0.05458089668615984,0.031189083820662766,-0.4735538819706808,0.0028844042140139248,False,-0.075884148303207,False,-0.13528010626792675,-0.2513118424820284,0.15644384643918263,-0.024738375216369124,False,243.36892741144402,False,False,0.8195425381598466,0.8100280018988244,-0.007060152529717367,False,0.07510955940443236
APP,455,0.2922080696413789,AppLovin,Communication Services,SP500,310.9049987792969,0.0004987893139078992,-0.05834877143576245,-0.005517724071821717,-0.3766440919643981,-0.18440454138694218,0.7660818713450293,0.003898635477582846,0.08576998050682261,0.001949317738791423,-0.5761927356513714,0.041243854758852505,False,-0.022726966198730603,False,-0.08864934147459125,-0.33042499994532615,0.09727248303965497,-0.017685776306616274,False,2010.0431366513915,False,False,0.6235315033720976,0.6354190028896066,0.038577655967166224,True,0.20664496264033214
HBAN,456,0.2917873069278981,Huntington Bancshares,Financials,SP500,15.454999923706055,-0.011828671071332897,-0.036471381448300644,-0.07426325182462612,-0.12413448397858329,0.044354249363749654,0.35477582846003897,0.2202729044834308,0.4502923976608187,-0.28070175438596495,-0.17441152577760966,0.05865683274699962,False,-0.04513750925203486,False,-0.0814163459982501,-0.07200097238163417,0.08863247853754541,-0.017017159462137332,False,443.0719830549501,False,False,1.2200132144011457,1.0487412719895064,-0.006393886142874727,False,0.0673770699776227
HRL,457,0.28919444730547833,Hormel Foods,Consumer Staples,SP500,19.655000686645508,-0.0027903805368756363,-0.0393449869916207,-0.076362779490876,-0.24398840959588974,-0.1255356633247119,0.34502923976608185,0.04483430799220273,0.15984405458089668,-0.10136452241715399,-0.2496920461778558,0.007632476355075912,False,-0.05671466290004801,False,-0.14831935698927645,-0.14068147463645397,0.1741490289892722,-0.025882668136628872,False,101.33668120041595,False,False,0.5044051560999389,0.7583372237701552,0.0,False,0.08154929102617108
OTIS,458,0.2885905784247529,Otis Worldwide,Industrials,SP500,66.27999877929688,0.005156146880533452,-0.005402170072760892,-0.0727476823367037,-0.08554917614762236,-0.1167113642840737,0.36257309941520466,0.31968810916179335,0.17543859649122806,-0.0682261208576998,-0.28342483825314213,0.005156146880533452,False,-0.03850758286913747,False,-0.06393267713604478,-0.14781200487113444,0.06829922973962899,-0.017105295848848012,False,275.68728689767886,False,False,1.001639811452287,0.7352953279309515,-0.0021231329157568313,False,0.20128770480487168
TPR,459,0.28759837188099624,"Tapestry, Inc.",Consumer Discretionary,SP500,112.91999816894531,-0.00842991840205587,-0.001326625331951492,-0.08026566726591766,-0.22660986888164236,-0.18127519196870656,0.30994152046783624,0.05847953216374269,0.08966861598440545,-0.007797270955165692,-0.31212493865167534,0.15751553955021702,False,-0.03334115628605516,False,-0.14558518899933404,-0.18111695472540534,0.1703916963106349,-0.0089146254692406,False,395.5015348172989,False,False,0.5420233875662072,0.6512326818201488,-0.008254257417305233,False,0.052315522254833435
ETR,460,0.28322404183975924,Entergy,Utilities,SP500,97.74500274658203,-0.008369655582798008,-0.03775348508903287,-0.08212034268584356,-0.15474512183181977,-0.10024449723211215,0.2962962962962963,0.14230019493177387,0.19103313840155944,-0.15009746588693956,-0.16216342767373948,0.09129611054059383,False,-0.05675896837573857,False,-0.081580192078195,-0.07077249790790341,0.08882669055537273,-0.0249993833120864,False,273.7262155694739,False,False,0.756004844099963,0.8992789156539217,-0.002942080921428336,False,0.044993501956925114
BRO,461,0.28239987335156763,Brown & Brown,Financials,SP500,60.45500183105469,-0.0060012802630874384,-0.05979783885248213,-0.1531726803765644,-0.052611713112233005,-0.04189518103609835,0.06237816764132553,0.4444444444444444,0.2787524366471735,-0.45029239766081874,-0.3639040954309464,0.11428749416592021,False,-0.09028321634645287,False,-0.12463185818754141,-0.11157286520282328,0.14237650679117686,-0.036297621193244645,False,152.7914019241443,False,False,0.723241571731384,0.9110128635141578,-0.0006576934516286936,False,0.03914136191998986
DECK,462,0.2793852973377126,Deckers Brands,Consumer Discretionary,SP500,78.37000274658203,-0.003813339638308322,-0.0231833545123592,-0.09220431965297704,-0.22620454491354103,-0.16671982771278304,0.23586744639376217,0.06042884990253411,0.10136452241715399,0.03508771929824561,-0.3519927140356127,0.011095350105139179,False,-0.031410830549334134,False,-0.12554364822401354,-0.22973531483408494,0.1435676554570613,-0.01057058619118556,False,249.9278749970778,False,False,0.7423243061123096,0.8337718090894203,-0.005847198362516792,False,0.1252227773292812
ES,463,0.27915183697447576,Eversource Energy,Utilities,SP500,63.29999923706055,-0.005811197463882256,-0.05367020758477481,-0.0969368468611731,-0.13182537764989033,-0.041196829250366496,0.2222222222222222,0.2046783625730994,0.2807017543859649,-0.2300194931773879,-0.15048095358282132,0.04209602683546976,False,-0.06276116365288997,False,-0.09596019239840425,-0.07944886482435942,0.1061459811741976,-0.03050034606099372,False,153.78365078295366,False,False,0.8745187133466777,0.9804993024338693,-0.0014134810818091648,False,0.05256932684870857
LVS,464,0.27487745238285977,Las Vegas Sands,Consumer Discretionary,SP500,38.73500061035156,-0.006540165610099624,-0.0378787326070501,-0.12443491996508482,-0.15931961020286645,-0.24145546095924375,0.12280701754385964,0.14035087719298245,0.05263157894736842,0.050682261208576995,-0.4328142715567932,0.00219920002889884,False,-0.07189878159013663,False,-0.12896347132777308,-0.2521129854361964,0.14805747759437815,-0.026635662160207074,False,240.146259554624,False,False,0.7217161226596424,0.746844170668529,-0.003077782544654406,False,0.03344246448715157
ERIE,465,0.2735579435651534,Erie Indemnity,Financials,SP500,221.8249969482422,-0.004644187648186304,-0.05986437882047713,-0.1449853728769498,-0.06069493797591918,-0.06843898046278529,0.07212475633528265,0.4093567251461988,0.24171539961013644,-0.41520467836257313,-0.3164361635848546,0.07650229684314125,False,-0.08470951696194906,False,-0.0947806583062204,-0.10716968532983406,0.10470463228157922,-0.03730115522651456,False,66.94020962021301,False,False,0.5884622502261947,0.6138375080798337,-0.002512777335816563,False,0.02227939174179124
XEL,466,0.2708603701033406,Xcel Energy,Utilities,SP500,69.44999694824219,-0.005014413871244239,-0.033402944702126014,-0.09266707905372118,-0.14601361695005766,-0.09671117908168869,0.23196881091617932,0.16569200779727095,0.1968810916179337,-0.13450292397660818,-0.153149829205672,0.0,False,-0.05235880151868266,False,-0.0863604983492352,-0.09781350174684478,0.09452360388665215,-0.023703817567097607,False,391.2569222460937,False,False,0.8956520311356204,0.9218458488435644,-0.0007163760683611686,False,0.04861241288448272
APTV,467,0.26804339616163697,Aptiv,Consumer Discretionary,SP500,44.03499984741211,-0.016856464672531324,0.010672484641837787,-0.030919868436594444,-0.2565422895873706,-0.3431533525350381,0.6413255360623782,0.04093567251461988,0.01949317738791423,0.021442495126705652,-0.5033833229193143,0.016035987364497517,False,-0.016455685670766496,False,-0.09751583713366085,-0.3121925150884416,0.10805268518390987,-0.006639629346642306,False,209.43716937624214,False,False,0.719312874563637,0.6485539421781876,-0.006474679830310248,False,0.0305667066649664
LULU,468,0.2621931541181721,Lululemon Athletica,Consumer Discretionary,SP500,101.08000183105469,-0.0021717790135773463,-0.0021717790135773463,-0.12104346233865493,-0.11558315669483876,-0.306959221110254,0.1364522417153996,0.2475633528265107,0.029239766081871343,0.14619883040935672,-0.5317769152084066,0.05313605225825069,False,-0.02943011170464238,False,-0.10882271324238002,-0.3122401117292549,0.12211118355396033,-0.003949989063502302,False,534.7663085853696,False,False,1.6342340494137153,0.7607468776193193,-0.015004977558434107,False,0.15066848944319908
NEE,469,0.2589069706229043,NextEra Energy,Utilities,SP500,75.63999938964844,-0.005783417860364071,-0.05010671859087967,-0.08699169217717928,-0.14043763588500857,-0.16009852842731165,0.2631578947368421,0.18128654970760233,0.10916179337231968,-0.0682261208576998,-0.21570292436909377,0.030782965934718298,False,-0.06337453161988349,False,-0.0962942722385961,-0.12438843102557762,0.10655489865836021,-0.02974961582624336,False,904.8555471021506,False,False,1.0731122231084547,1.00967828944861,-0.0006572430409353958,False,0.10948381944927202
DTE,470,0.2584257447271146,DTE Energy,Utilities,SP500,121.12999725341797,-0.0025527435915349006,-0.03964164044144147,-0.10277412553718834,-0.206349513419687,-0.14715293839078447,0.1968810916179337,0.07212475633528265,0.13450292397660818,-0.16374269005847952,-0.20845650136773608,0.0,False,-0.0659055808530763,False,-0.10732173857072203,-0.1270662783662202,0.12022443382780268,-0.027228178349663956,False,195.91149674795992,False,False,0.6690226722484092,1.1424285550716113,-0.0007411393731532323,False,0.0934277869033984
IP,471,0.2583799681853034,International Paper,Materials,SP500,34.3650016784668,-0.018703562842234844,-0.027313900440833483,-0.13828985060027432,-0.09086194332118636,-0.004941284484333619,0.09161793372319688,0.3079922027290448,0.3586744639376218,-0.5497076023391813,-0.2757314477405246,0.20064095819064587,False,-0.028599254727525225,False,-0.1063588279690646,-0.08012544055523652,0.11901737665840528,-0.019007461075133403,False,185.63650358532564,False,False,0.7606481147839157,0.7703591143831684,-0.012278706440749132,False,0.07758071887956645
PEG,472,0.2499423978515543,Public Service Enterprise Group,Utilities,SP500,66.7699966430664,-0.0037302299689963014,-0.03664696299231662,-0.08116638641487117,-0.18260259710711713,-0.1579257344294943,0.30409356725146197,0.10331384015594541,0.11500974658869395,-0.08966861598440545,-0.21207583365759575,0.00315503443773113,False,-0.0555416860699921,False,-0.0917533955531511,-0.14198649788082895,0.1010225583051112,-0.023242999592947733,False,213.42068922799058,False,False,0.8717374822368488,0.9041164712915388,0.00014924107328351255,False,0.07434167069804598
BKNG,473,0.2472833529790992,Booking Holdings,Consumer Discretionary,SP500,163.18499755859375,-0.00466605308867396,-0.031658002484035164,-0.19244128403026806,-0.10323395318365391,0.009260725520702229,0.037037037037037035,0.2729044834307992,0.3840155945419103,-0.5497076023391813,-0.2518156836816082,0.06397409570093249,False,-0.07038680508590978,False,-0.14345496086028753,-0.10755710647106087,0.16748093130557296,-0.013580527878397253,False,1246.1496008490174,False,False,0.9705469237437699,1.425513449505211,-0.005672416548289649,False,0.13915775940215608
FSLR,474,0.2424159714354379,First Solar,Information Technology,SP500,174.8249969482422,-0.016234368671597554,-0.12517513935174884,-0.16789627858408318,-0.2490335281079279,-0.08127067572405877,0.05458089668615984,0.042884990253411304,0.21637426900584794,0.029239766081871343,-0.4506677236504566,0.015479746918240611,False,-0.11780847719520149,False,-0.16788952337027085,-0.22635839598465934,0.20176350146469546,-0.06732564237342054,False,492.44257088678773,False,False,1.086430370739981,1.2059079017684875,0.0023633906537494642,False,0.1346453286098568
ALB,475,0.2401696783816467,Albemarle Corporation,Materials,SP500,107.62000274658203,-0.01922902165133522,-0.04693584403387685,-0.20466546541155461,-0.16757197691526726,-0.3967221145240005,0.03313840155945419,0.12280701754385964,0.007797270955165692,0.09161793372319688,-0.49792124130258575,0.3425500207103025,False,-0.09979224402496956,False,-0.1284557432845168,-0.30566946675988205,0.14738866362176184,-0.041149586888274636,False,289.6321570998097,False,False,0.9403282424971043,0.9435886358386111,-0.020322640013777815,False,0.1297068174675876
JBHT,476,0.23900409318578028,J.B. Hunt,Industrials,SP500,225.92999267578125,0.00208456465855833,-0.04335862121588718,-0.14222263521514433,-0.21389745579995956,0.10283746314762854,0.07992202729044834,0.0682261208576998,0.557504873294347,-0.19298245614035087,-0.2416103367461483,0.7167557554871888,False,-0.10481117226859649,False,-0.14935195461793005,-0.06719960903262945,0.17557432292793695,-0.04259601514358535,False,259.1032276674487,False,False,1.6252178964236186,0.9103334132091239,-0.0036813705594715973,False,0.10276061855791753
HD,477,0.23791823546690163,Home Depot (The),Consumer Discretionary,SP500,291.68499755859375,-0.005167171164262241,-0.01855657611681294,-0.10582600758284988,-0.16241130463358533,-0.07962555388474268,0.19103313840155944,0.13840155945419103,0.22612085769980506,-0.3001949317738791,-0.2626716741773155,0.0,False,-0.04901673516743532,False,-0.10153529164133634,-0.13165780801990168,0.11300977177703886,-0.021301427235429382,False,1306.4136778935524,False,False,0.7649318616255604,1.1741792696042788,-0.009993257405768619,False,0.14411239449435378
VMC,478,0.23363431409574165,Vulcan Materials Company,Materials,SP500,244.71499633789062,-0.001163280253507648,-0.006031684113561364,-0.10639039297524033,-0.19304294709427594,-0.06044103664291456,0.18908382066276802,0.08187134502923976,0.2573099415204678,-0.25146198830409355,-0.25500954322583336,0.016131688233600228,False,-0.026367442146673747,False,-0.08577071723204033,-0.1389002917854083,0.09381751257447934,-0.004772505517994574,False,280.32472964303224,False,False,0.7708935051203978,1.127886937059581,-0.008326503208705316,False,0.0628977840563266
ODFL,479,0.23195755751631744,Old Dominion,Industrials,SP500,175.7899932861328,0.014368091116716997,0.002452056764853161,-0.11994889540746168,-0.19858427771513554,-0.06400026713663653,0.14230019493177387,0.07992202729044834,0.25146198830409355,-0.05458089668615984,-0.292152046288496,0.4006057075247933,False,-0.027344363420105933,False,-0.12432805915549583,-0.11625228852711944,0.14198017928448525,-0.004115163061082727,False,339.0684323796542,False,False,0.8932382340301019,0.6944384265654232,0.0003462063331634013,False,0.045834962255545314
GEN,480,0.22685881370091895,Gen Digital,Information Technology,SP500,20.844999313354492,-0.03584650766860864,-0.28490567457491156,-0.3165573995621478,-0.16386216894282657,0.14771509426016594,0.003898635477582846,0.13060428849902533,0.6374269005847953,-0.7504873294346979,-0.33635786645596166,0.17658439671049364,False,-0.2739021215640609,False,-0.2627187146129242,-0.15029959074769372,0.3563344408979481,-0.17711173154826054,False,185.56678969747534,False,False,1.6843072311118825,2.5708406046989705,-0.008325638214090048,False,0.21934307997882213
TTD,481,0.22173565572988793,Trade Desk (The),Communication Services,SP500,12.21500015258789,-0.030555572795699204,-0.11995676859690663,-0.08979134998923388,-0.3450401928989153,-0.42598685345656284,0.25146198830409355,0.011695906432748537,0.005847953216374269,0.005847953216374269,-0.7743395545620445,0.0,False,-0.11997262262003794,False,-0.184541328878445,-0.47129336802751987,0.22630371766681057,-0.06849696457814491,False,377.1639102948507,False,False,0.7126798413590769,0.7429127532128598,-0.004761937920647941,False,0.1306537739224415
XYL,482,0.22004611986587475,Xylem Inc.,Industrials,SP500,102.23999786376953,-0.0038000526170280935,-0.04662439481164171,-0.0924101510972275,-0.12079940275668022,-0.12350937641746718,0.23391812865497075,0.23586744639376217,0.16569200779727095,-0.21052631578947367,-0.3221759542231073,0.0,False,-0.04267871460167416,False,-0.09754428705722507,-0.15457794138459002,0.10808761655366728,-0.028412480590010003,False,242.24873557665558,False,False,0.983396664398661,0.9412747647873828,-0.004384653223082902,False,0.057003338527403934
NCLH,483,0.2188376191620604,Norwegian Cruise Line Holdings,Consumer Discretionary,SP500,14.470000267028809,-0.009582436203853906,0.016151720478053466,-0.13093089498184007,-0.33987225288936773,-0.21741479469181468,0.11500974658869395,0.01364522417153996,0.06237816764132553,-0.1286549707602339,-0.4216626697727023,0.0247875626279348,False,-0.02190074975858547,False,-0.1557266884676649,-0.2600944319293911,0.184450563982681,0.0013344261361372123,False,267.7557219125599,False,False,0.585073701501896,1.1436237895754626,-0.010951392961805029,False,0.13956989523153462
CRH,484,0.2183678374017235,CRH plc,Materials,SP500,83.86000061035156,-0.013875826581280393,-0.03764056463473553,-0.1226198053586478,-0.22663643673924017,-0.16942897806807589,0.13060428849902533,0.056530214424951264,0.09746588693957114,-0.06042884990253411,-0.35454426942644934,0.0,False,-0.052493614909877695,False,-0.10790734493843468,-0.22702696146475687,0.12095979529277456,-0.023905341723155837,False,431.31119657132876,False,False,0.8391851743036345,1.0198240723785494,-0.017403614075730323,False,0.2726494307042272
VRSK,485,0.21779982681208349,Verisk Analytics,Industrials,SP500,166.85000610351562,-0.013947169296803508,-0.030054633417847088,-0.12418988211661464,-0.06647370098406868,-0.0820596242908106,0.1267056530214425,0.3820662768031189,0.21442495126705652,-0.25536062378167645,-0.3299373107025513,0.06958438077724405,False,-0.0664446462050795,False,-0.10309541281734058,-0.12198605425752496,0.11494579723488996,-0.030398781543261588,False,258.50982446684634,False,False,1.0680840143923958,0.7204446931356241,-0.0023048246213235313,False,0.03938639602505793
CMCSA,486,0.2174221703421415,Comcast,Communication Services,SP500,21.774999618530273,-0.006161580548700085,-0.05037072268964604,-0.17550171358051014,-0.08869991893875628,-0.21184841360652273,0.04483430799220273,0.3138401559454191,0.07212475633528265,-0.2124756335282651,-0.3125512702003008,0.0,False,-0.1049316202446442,False,-0.12267273007779733,-0.1742980257548653,0.1398255067218821,-0.040658506687136886,False,696.3567683542027,False,False,0.9202750983478786,1.1570885038188181,-0.0004564230466216346,False,0.10675719141184559
SRE,487,0.2163181927421293,Sempra,Utilities,SP500,77.51000213623047,-0.005389428555121145,-0.037425911224315045,-0.07774612332853026,-0.16770299044382198,-0.17897794082112628,0.341130604288499,0.1189083820662768,0.09161793372319688,-0.09551656920077972,-0.21083110680114825,0.0,False,-0.047907459342028336,False,-0.08244027880234972,-0.12787868994551432,0.08984731663541634,-0.02218558867170972,False,314.08054487737246,False,False,1.0144488541988643,0.7203277275604316,-0.000384945196707287,False,0.0665506992057512
TAP,488,0.21566168083832105,Molson Coors Beverage Company,Consumer Staples,SP500,35.68000030517578,-0.007510443728335425,-0.050053274743810494,-0.13355997958331056,-0.09192727416767343,-0.15833944484387974,0.10721247563352826,0.3001949317738791,0.11306042884990253,-0.16569200779727095,-0.3213651785014642,0.0,False,-0.07195712767052997,False,-0.1132651345436928,-0.161671882300238,0.12773280825651012,-0.03519042264272476,False,150.3669049358922,False,False,0.850442704501946,0.6967047862321816,-0.005285186018747501,False,0.04667812112389657
EFX,489,0.21513162663126614,Equifax,Industrials,SP500,144.6300048828125,-0.023496021289570068,-0.08819815070627934,-0.2380334685854384,-0.08527499252082105,-0.15305396943515226,0.015594541910331383,0.3216374269005848,0.12085769980506822,-0.43274853801169594,-0.4297620394804247,0.0,False,-0.13452213706432203,False,-0.1767225803494643,-0.21008777452908167,0.21465738781525112,-0.06660282944599238,False,262.57428869036744,False,False,0.739204684119791,1.065057415813682,-0.009655039691292555,False,0.06654303629406536
CIEN,490,0.21502958309014544,Ciena,Information Technology,SP500,346.3500061035156,-0.029587283769695105,-0.053585052490552454,-0.1338001730232551,-0.2768253995360396,-0.13759612874085603,0.10331384015594541,0.03508771929824561,0.14230019493177387,0.01949317738791423,-0.4476076457679177,1.40320578571967,False,-0.001697682625085073,False,-0.0796054121739832,-0.10836268428386764,0.08649052615792985,-0.018230657569429876,False,852.4675387578503,False,False,0.8462946565217129,0.6543215377212811,-0.012594197615830804,False,0.09727226462242462
WYNN,491,0.20948699755476974,Wynn Resorts,Consumer Discretionary,SP500,80.80000305175781,-0.003944769279950466,-0.030244798995395894,-0.13684432726279883,-0.18529659243066998,-0.15922366338454885,0.09551656920077972,0.09551656920077972,0.1111111111111111,-0.07992202729044834,-0.3884760974510122,0.007606940912581628,False,-0.06470652958625589,False,-0.14112625352059904,-0.22021317694737363,0.16431548187272926,-0.02153348790379106,False,165.35933908763093,False,False,0.9030782034801013,1.1745016098459282,-0.006163707878092617,False,0.11885758058885398
TTWO,492,0.20869983177120885,Take-Two Interactive,Communication Services,SP500,201.08999633789062,-0.0017375203498491976,-0.04206365238221954,-0.13695280541677846,-0.18636455066183566,0.06009802177110379,0.0935672514619883,0.09161793372319688,0.4834307992202729,-0.4444444444444445,-0.23332955969822866,0.06009802177110379,False,-0.04881061503423889,False,-0.12043279117460182,-0.10766269526322081,0.1369227842582168,-0.02406644442361372,False,547.353588721189,False,False,1.0841154930317831,0.8412767325037531,-0.0035742713064776943,False,0.10401277651162961
WY,493,0.2003040325318624,Weyerhaeuser,Real Estate,SP500,19.7450008392334,-0.013243347657035276,-0.06020939437732509,-0.1592142440140698,-0.19063268159045277,-0.1576909914365262,0.05847953216374269,0.08382066276803118,0.11695906432748537,-0.1968810916179337,-0.25197033942854574,0.0,False,-0.09697412354314583,False,-0.1526211447192407,-0.17203457940806777,0.18010969210303607,-0.05143027529680266,False,128.9275562646048,False,False,0.7857614311103598,1.0588141539346454,-0.0004997615575936809,False,0.11299652026749142
PNR,494,0.19884109054981441,Pentair,Industrials,SP500,53.25,-0.007640697886283743,-0.04535673780322669,-0.14251205622507623,-0.2990479036918776,-0.36827751322193414,0.07797270955165692,0.025341130604288498,0.01364522417153996,-0.07212475633528265,-0.5202752492019633,0.004148618249431468,False,-0.06394199077125906,False,-0.1373132328339015,-0.34758884863103645,0.15916928143568443,-0.028694907248691726,False,202.00227404706666,False,False,0.448575698138673,0.5900213389911998,-0.006708919332375385,False,0.029384457632542167
ROL,495,0.19718264458711465,"Rollins, Inc.",Industrials,SP500,29.854999542236328,-0.005827543803121005,-0.077125163819735,-0.16930994204186078,-0.29043351567426323,-0.4261759317949111,0.05263157894736842,0.029239766081871343,0.003898635477582846,0.007797270955165692,-0.5397236992708914,0.0,False,-0.11454820638715679,False,-0.1755256568065754,-0.40121956254761904,0.2128940193902389,-0.058454681158377486,False,217.65715228961602,False,False,0.9693626606320642,1.3072302832963592,-0.0019980476829525307,False,0.15437056314940473
NRG,496,0.19592398042289896,NRG Energy,Utilities,SP500,98.46499633789062,-0.018979838164408958,-0.04662086075054683,-0.1393672477391893,-0.33730457525683166,-0.3291110906645832,0.08771929824561403,0.015594541910331383,0.023391812865497075,-0.04093567251461988,-0.4614077892945796,0.006285108567806397,False,-0.08696189668418175,False,-0.16095112964164782,-0.3041387182870646,0.1918256913603933,-0.03706477809039499,False,335.7362122176233,False,False,0.7001494427869449,0.7277706036622267,-0.004881991429264487,False,0.05510882567908264
RCL,497,0.19580229111591765,Royal Caribbean Group,Consumer Discretionary,SP500,244.7550048828125,0.008467276309890304,-0.021958022446303738,-0.13550051809830055,-0.2340422687103585,-0.05467517900762797,0.09941520467836257,0.050682261208576995,0.2651072124756335,-0.36257309941520466,-0.28510619029019046,0.06276596456581918,False,-0.030993457153798865,False,-0.13227813765817453,-0.13836002446410245,0.15244301590048637,0.002055743054978576,False,633.9025792215198,False,False,0.8365648092266067,2.1398061354907325,0.013597046119706135,False,0.22491560742176833
HWM,498,0.19262940456163238,Howmet Aerospace,Industrials,SP500,229.3979034423828,-0.013257451573460921,0.008918979499252355,-0.14291833112798735,-0.14544136938369978,0.007502883017832085,0.07407407407407407,0.1695906432748538,0.38011695906432746,-0.26705653021442494,-0.21613562881697845,0.24871254575683932,False,-0.024245177174252786,False,-0.12512734265320724,-0.07369163968266468,0.14302349216476617,-0.003213539576219393,False,735.7952135958395,False,False,1.7122265536491517,0.6571640394534062,-0.006409111587051264,False,0.05031605623323021
TPL,499,0.18668455766509118,Texas Pacific Land Corporation,Energy,SP500,340.3550109863281,-0.0020963330768951627,-0.07209644952760152,-0.0779220650373258,-0.188291325223636,-0.3328330916372517,0.3391812865497076,0.08771929824561403,0.021442495126705652,-0.08382066276803118,-0.3674898460390932,0.24948722050884942,False,-0.05376314399974147,False,-0.0848973938519868,-0.13851190530266178,0.0927736335593552,-0.021397150207262405,False,138.01887887433716,False,False,1.0032998451933328,0.8222985151360814,0.008590590239135443,False,0.06660533095000262
PODD,500,0.18382295159512174,Insulet Corporation,Health Care,SP500,131.5500030517578,-0.033644322829470164,-0.06390091656972252,-0.08269995333306801,-0.16603272175327288,-0.3682162987199238,0.29434697855750486,0.1267056530214425,0.015594541910331383,-0.24561403508771928,-0.6201928380432519,0.0,False,-0.06361108641351354,False,-0.10907904611194907,-0.33094819745145065,0.12243403372198092,-0.03889502061196726,False,241.27296520705292,False,False,0.5550803141215056,0.5656334697694053,-0.01241462117672798,False,0.154948707162354
STZ,501,0.17336530061836478,Constellation Brands,Consumer Staples,SP500,112.66999816894531,-0.008448465261612803,-0.04831490202037503,-0.14273754509835612,-0.1868983657781904,-0.24494377219861574,0.07602339181286549,0.08966861598440545,0.04873294346978557,-0.10136452241715399,-0.3141617534193034,0.0,False,-0.07753021069754995,False,-0.12220989514039382,-0.20869172559113147,0.13922450761727378,-0.03674848471320158,False,252.6992405518921,False,False,0.8240225628380892,0.6836960360054066,-0.0011440399239651677,False,0.053725602235431026
BLDR,502,0.16297135532896168,Builders FirstSource,Industrials,SP500,58.220001220703125,-0.016055382417449193,-0.005126439417529882,-0.13375982720176027,-0.3567561612353769,-0.2761407310729975,0.10526315789473684,0.005847953216374269,0.04093567251461988,-0.09746588693957114,-0.5505634997826147,0.009362013049068807,False,-0.0421742587542151,False,-0.1309721309680495,-0.3277093455558372,0.15071108261918598,-0.016983944398709983,False,181.03543936404844,False,False,0.6916267748229356,0.6688862761527697,-0.01875945293229475,False,0.03268272990900821
AXON,503,0.16200890353738226,Axon Enterprise,Industrials,SP500,419.79998779296875,-0.023970607309120262,-0.07136223054428437,-0.3131544839518585,-0.1778300376520926,-0.023584720172251106,0.005847953216374269,0.10916179337231968,0.3313840155945419,-0.8576998050682261,-0.4472242883658766,0.213505188270537,False,-0.12158460168363405,False,-0.21763561395751108,-0.1601920894311274,0.2781767905597019,-0.06263526686340792,False,492.6009456778796,False,False,0.8667658169850013,0.8362110244604805,-0.014554368559776876,False,0.13468588162500741
FICO,504,0.15059242474527262,Fair Isaac,Information Technology,SP500,840.6849975585938,-0.025959087232770073,-0.09067950958505178,-0.27343011167429576,-0.2860546032217307,-0.16851126581152898,0.009746588693957114,0.03313840155945419,0.09941520467836257,-0.07602339181286549,-0.5527200788918869,0.0,False,-0.13499740039827046,False,-0.21879130598283647,-0.32319774292571235,0.28006767930059606,-0.06630383265996076,False,393.30144566068844,False,False,1.1732938822047305,0.9454549505706713,-0.011852809307944079,False,0.08441592817287637
CASY,505,0.14684008346589458,Casey's,Consumer Staples,SP500,608.0,0.015940877714601287,0.03871249548106914,-0.20354214662285408,-0.2201682293224616,-0.14751618559937996,0.03508771929824561,0.06627680311890838,0.13255360623781676,-0.22807017543859648,-0.33594981109030597,0.1875646261276993,False,-0.06233036076365417,False,-0.20587263710412096,-0.16734120173687816,0.25924385271574324,0.0018003224254672379,False,336.81872395213867,False,False,1.0934296830045411,1.2600825913202347,0.0046284770818330045,False,0.15947368200714204
AON,506,0.14151531797530356,Aon plc,Financials,SP500,272.7300109863281,-0.018921469955131,-0.06220341063991208,-0.2197905570112818,-0.16551671139060797,-0.1262105536410839,0.021442495126705652,0.1286549707602339,0.15789473684210525,-0.4873294346978557,-0.2830307792837622,0.0,False,-0.09893893425351996,False,-0.18737002507576306,-0.17918598497526816,0.23057237716739643,-0.046096629030477176,False,505.2690307597925,False,False,1.4254298864143575,1.1439328704926233,-0.0017626182653622813,False,0.08687024302650642
SYK,507,0.13390534937038182,Stryker Corporation,Health Care,SP500,272.0400085449219,-0.0011748304591351344,-0.007841255615962273,-0.1554699718471264,-0.17473601006809802,-0.16471934790777076,0.06042884990253411,0.11306042884990253,0.10331384015594541,-0.3742690058479532,-0.294109546681406,0.008489373660507393,False,-0.04582686323561225,False,-0.1345566248975244,-0.17740987425921306,0.15547709852373837,-0.01225319430193239,False,800.3756988867871,False,False,0.9299332259058597,0.7784516809638546,0.004185690665851505,False,0.12673939061296988
CLX,508,0.12977973853965202,Clorox,Consumer Staples,SP500,81.93000030517578,-0.02231506776231318,-0.03475491333293368,-0.20939879883598533,-0.14628561270916196,-0.17746028037830586,0.029239766081871343,0.16374269005847952,0.0935672514619883,-0.42884990253411304,-0.3399500417036222,0.0015892084177027144,False,-0.07158842921692699,False,-0.15011861102795643,-0.18102318918375349,0.17663477865956012,-0.03096431840187963,False,276.220339601598,False,False,0.9931860005104672,0.8182150870738218,-0.011933173789771434,False,0.17524540593382956
MGM,509,0.11222290887034939,MGM Resorts,Consumer Discretionary,SP500,32.20500183105469,-0.011510128266553843,-0.16847399401763274,-0.25052359980994876,-0.3518816115695341,-0.11329840028484195,0.011695906432748537,0.007797270955165692,0.1793372319688109,-0.3508771929824561,-0.36466753396032636,0.04833992678686805,False,-0.16939083665311605,False,-0.2363253116090801,-0.1924568686150263,0.3094580915167202,-0.10231761203504808,False,116.8770092216391,False,False,1.9675474239008766,2.6898407729271665,0.0033762059383757315,False,0.3254399362963319
COO,510,0.09517705984901371,Cooper Companies (The),Health Care,SP500,55.439998626708984,0.0010833795131197643,0.024390238744933512,-0.21871477815675078,-0.22342065974652758,-0.2053891171826724,0.023391812865497075,0.06432748538011696,0.07602339181286549,-0.6939571150097466,-0.34250475774003075,0.04073583912704937,False,-0.06935365418001638,False,-0.185429434811465,-0.22857878186888236,0.22764072596773333,-0.008233857821441593,False,191.09028063441423,False,False,1.8325379158884563,1.1882258304297888,-0.005417104212250945,False,0.1601954638571081
CHTR,511,0.0827523527235135,Charter Communications,Communication Services,SP500,113.16000366210938,0.0022141527933001726,-0.08261041700904104,-0.23705502916576648,-0.2258328995029646,-0.48361776043951776,0.017543859649122806,0.06237816764132553,0.001949317738791423,-0.31773879142300193,-0.5997736168544594,0.0022141527933001726,False,-0.1645193744839507,False,-0.20141930360494964,-0.3603033447054076,0.25222160329469,-0.06962223314186322,False,423.96620696231383,False,False,1.207979056048742,1.054816029058619,0.0007970625717093061,False,0.11648684801213459
PCG,512,0.06475778487314177,PG&E Corporation,Utilities,SP500,12.085000038146973,-0.02066451469106667,-0.06607415532937766,-0.32674097356595544,-0.2969750050790506,-0.2920838900221916,0.001949317738791423,0.02729044834307992,0.03508771929824561,-0.6003898635477583,-0.36394979275230366,0.0,False,-0.0961613940974958,False,-0.24033366168933312,-0.2690250210353853,0.3163673965385685,-0.05116519912985895,False,596.7975017406528,False,False,2.8147345411154316,0.9626472306238268,-0.002431096645075792,False,0.06107681052614646
EIX,513,0.037961532446031364,Edison International,Utilities,SP500,52.06999969482422,-0.01101617880807848,-0.05241130169478769,-0.29329533823079434,-0.301774210230761,-0.24147474175381567,0.007797270955165692,0.023391812865497075,0.050682261208576995,-0.4892787524366472,-0.3522020219699614,0.03817068047990069,False,-0.05980283225256622,False,-0.21565025089198375,-0.22658071639830146,0.274941441795866,-0.034967609724243176,False,308.0313623824364,False,False,3.0186627077241113,0.6073586089012845,0.0041784881221271775,False,0.0735913783840507
