Ticker,rank,score,name,sector,index,price,ret_1d,ret_1w,ret_1m,ret_3m,ret_6m,rs_1m,rs_3m,rs_6m,rs_3m_chg,pct_from_52w_high,pct_from_52w_low,new_52w_high,pct_vs_20dma,above_20dma,pct_vs_50dma,pct_vs_200dma,dist_to_50dma,pct_vs_9ema,pullback_9ema,avg_dollar_vol_m,above_50dma,above_200dma,vol_ratio_20_60,volume_x,gap_pct,gap_up,rvol
MSFT,1,0.8818469308736072,Microsoft,Information Technology,SP500,512.9000244140625,0.0077413412156819295,0.024591038906544238,0.011058794327986066,0.33721650290843863,0.39119463703236224,0.8050682261208577,0.9610136452241715,0.9103313840155945,0.31384015594541914,-0.04602727341150592,0.45641128029068767,False,0.024770156072212446,True,0.06368132179222119,0.18991066738606577,-0.05986879762532915,0.013571652831768644,True,13446.108752104676,True,True,0.5508587801426084,0.8725490474231484,0.005206684102827541,False,0.9666625153683339
AMD,2,0.8737626028541674,Advanced Micro Devices,Information Technology,SP500,611.760009765625,0.006896328638504201,-0.004637047320842469,0.2996261220665519,0.1310457111428429,2.007226229126519,0.9961013645224172,0.8596491228070176,0.9941520467836257,0.6822612085769981,-0.029922450519451638,2.7300166468826195,False,0.11296173046592561,True,0.19863209502274692,0.6508746824109284,-0.16571564856936138,0.020748955883289177,True,11946.055098921326,True,True,0.7579737649330359,0.8440324597280846,0.003818502059435458,False,0.7089998970006802
NTAP,3,0.865494787196301,NetApp,Information Technology,SP500,210.0800018310547,0.004302558498834985,0.07003514425590507,0.13379032566880222,0.34747448173900297,1.0685359580036722,0.9727095516569201,0.9629629629629629,0.9727095516569201,0.5029239766081871,0.0,1.2505300091988953,True,0.08223113063368293,True,0.10494913558555363,0.5309970533153181,-0.09498096537261613,0.04022954177126059,False,467.0914008542175,True,True,1.0859229391538934,1.0313578779258699,0.00411129477227079,False,1.3211734459569602
NVDA,4,0.863529447667876,Nvidia,Information Technology,SP500,228.3800048828125,0.00514941302923666,0.012726754671130935,0.035580901393536646,0.15717964795467498,0.31251161384753856,0.8693957115009746,0.8830409356725146,0.8713450292397661,0.5886939571150098,-0.02900645533631796,0.3858571773151498,False,0.02355091164796108,True,0.051328703131961584,0.14300024630298735,-0.04882269739145395,0.011679079889599375,False,26533.547309770573,True,True,0.6568703194770923,0.8705136416288155,0.009066491341589433,False,0.9932300257848163
MRNA,5,0.8625402928935734,Moderna,Health Care,SP500,192.57000732421875,-0.05352402944212731,0.05743784898583226,0.37216768098366027,1.6561380320581898,2.790748232604924,1.0,1.0,1.0,0.0,-0.05352402944212731,7.612254117518605,False,0.17615446300530135,True,0.6270322527579968,1.883305726633766,-0.3853840338414366,0.034382435629496166,False,2911.418506707291,True,True,0.19410890581313756,0.7883586226242961,-0.08311217489484557,False,1.0614080968225765
LITE,6,0.8582319573667807,Lumentum,Information Technology,SP500,971.260009765625,-0.0022907071373308163,0.03656351095584309,0.06176483383272968,0.21231719297390228,0.3820649955445623,0.9083820662768031,0.9278752436647173,0.9025341130604289,0.5458089668615984,-0.07770462041288695,5.491945764342328,False,0.05449785055213363,True,0.1168166156335817,0.31595060208104897,-0.10459784892017421,0.029885458632704642,False,4122.8955260279545,True,True,0.7660454777765386,0.9298891212470313,0.012372991023006152,False,0.8436691459105986
SMCI,7,0.8463786940715563,Supermicro,Information Technology,SP500,41.06999969482422,0.00121889898836125,-0.008928545949475342,0.10166311801576788,0.4853526315168637,0.8036890148950775,0.9532163742690059,0.9902534113060428,0.9668615984405458,0.9454191033138402,-0.3001022583293732,1.0004870102873258,False,0.03630996304635303,True,0.13959244313200037,0.2877211790862082,-0.12249330361330868,0.0017315384349574359,True,1724.2835914414866,True,True,0.5956989624537584,0.7104510515937337,0.02803504871643625,False,0.6563544317232638
WAT,8,0.845314770945629,Waters Corporation,Health Care,SP500,439.3900146484375,-0.00873075628733977,0.04474880994000685,0.059715914125951786,0.16200779883788985,0.47545343404749385,0.9064327485380117,0.8927875243664717,0.9298245614035088,0.2651072124756335,-0.00873075628733977,0.5508612286093131,False,0.044973678993311283,True,0.07632058618570836,0.20995649277426742,-0.07090878606733253,0.01548953979826262,False,315.751972942688,True,True,0.7688867807997505,1.021472842866376,0.0,False,0.8463568145768089
HPE,9,0.842590303765502,Hewlett Packard Enterprise,Information Technology,SP500,63.88999938964844,0.039030698417139575,0.02502803646343721,0.22610250637397056,0.4573741651048775,1.6979839197492033,0.9883040935672515,0.9844054580896686,0.98635477582846,0.30409356725146197,0.0,2.2488536741590863,True,0.08430473910795921,True,0.16468814969546508,0.760695544238984,-0.1414010692377412,0.03304434011219293,False,1147.573685345421,True,True,1.48887221466274,0.9345065563918635,0.0694421912702432,True,1.6053032628157378
VTRS,10,0.8421828925433827,Viatris,Health Care,SP500,17.719999313354492,-0.022075138374873737,0.03504663812551301,0.07328885933968299,0.1033930491003916,0.33116282022083343,0.9239766081871345,0.8206627680311891,0.8791423001949318,0.3099415204678363,-0.030104057505672466,0.8838004604272724,False,0.03601492156831698,True,0.05015620146919164,0.17550031089879004,-0.04776070588263148,0.007060274933245347,True,160.21454228804015,True,True,0.750603792788385,1.3051576453512201,0.0022074506802507443,False,1.2525724164812038
DELL,11,0.8398984523714157,Dell Technologies,Information Technology,SP500,537.9500122070312,-0.003039371683711267,-0.021606686636883365,0.1796890434127112,0.26711096721844574,2.2931590462296487,0.9824561403508771,0.9473684210526315,0.9980506822612085,0.6647173489278753,-0.08574100971064735,3.8663563046928777,False,-0.009961110374173132,False,0.11033414693796528,0.8652782708622757,-0.09937021863394935,-0.014572565452549369,True,3892.5360314545287,True,True,1.194209406240137,0.8692334973566025,0.012768867603860867,False,0.6204377059310426
ANET,12,0.8339949950980953,Arista Networks,Information Technology,SP500,203.58999633789062,0.003598519793664101,0.0005897435320567634,0.04036994122297988,0.22188214082410274,0.658169069571777,0.8791423001949318,0.9376218323586745,0.9532163742690059,0.17153996101364521,-0.03282662072260989,0.7531215116936423,False,0.02755764805061922,True,0.05920826237814936,0.28763153033636746,-0.05589860321256768,0.0031818787088990774,True,1174.205438258026,True,True,0.6602487594220537,0.6813373605826436,0.00680274513783119,False,0.793224789693852
MU,13,0.8333125431539274,Micron Technology,Information Technology,SP500,1065.1099853515625,2.819440616108615e-05,-0.0063160237157238175,0.11095929724738585,0.031961985718033326,2.153190197999953,0.9571150097465887,0.695906432748538,0.9961013645224172,0.5146198830409356,-0.1221910964385654,4.870880417826949,False,0.052376753338400306,True,0.11929035395168341,0.5825675037885805,-0.10657677297988477,0.012607119537870526,False,29271.96565098657,True,True,0.49702276617552044,0.7373555065275853,0.010966363271170065,False,0.9631599404691242
META,14,0.8318248055450651,Meta Platforms,Communication Services,SP500,725.1799926757812,-0.018421995095145638,-0.025426667828147398,0.2680439888732169,0.1841091656585938,0.2696851249872698,0.9922027290448343,0.9083820662768031,0.8499025341130604,0.672514619883041,-0.06740059976287349,0.3817715253642002,False,0.06161870438045747,True,0.16921343480124418,0.1574052653224023,-0.14472416221424012,0.0019058826443951737,True,12457.984522674195,True,True,1.2566842305545451,1.3354400619417235,-0.011532314662474175,False,0.9878004528907569
ZBRA,15,0.8308799014278466,Zebra Technologies,Information Technology,SP500,373.30999755859375,-0.007075042299845347,0.006172197220450704,0.055890285526458694,0.393727791868413,0.785488780798097,0.8947368421052632,0.9707602339181286,0.9649122807017544,-0.01754385964912286,-0.02545293181783781,0.8731058296152956,False,0.046709527607438295,True,0.07817092702331507,0.40294504577049084,-0.07250327852851168,0.018424473820393583,False,239.95668723083497,True,True,0.4191555478883777,0.765813624929647,0.0006915705103620606,False,0.4713693554895272
AAPL,16,0.8301024631594207,Apple Inc.,Information Technology,SP500,333.0199890136719,0.01098966358306952,-0.01186873221290663,0.051033557199533286,0.13223448764735002,0.3145288615689217,0.8869395711500975,0.8635477582846004,0.8732943469785575,0.3957115009746589,-0.023602246276948624,0.3627845295642995,False,0.00503086035108069,True,0.03417593546602071,0.1553831678150719,-0.03304653907907873,-0.004866986540954854,True,14748.378533638,True,True,0.7046989761889866,0.7672035908946853,0.004250133340695683,False,1.092588933476615
A,17,0.8298146431527831,Agilent Technologies,Health Care,SP500,172.30999755859375,-0.015540200192384668,0.04228157467151883,0.12210211186572573,0.29177598281004014,0.5146641314307707,0.9688109161793372,0.9512670565302144,0.935672514619883,0.22612085769980506,-0.016551618310302274,0.5696240535872121,False,0.0905178418201249,True,0.13881499653534246,0.3027359598541095,-0.12189424705300189,0.02181945950966102,True,345.195734128479,True,True,1.053375686484606,1.1061637700925993,-0.0033708298120631586,False,1.1506864406102049
TMO,18,0.8268944812564135,Thermo Fisher Scientific,Health Care,SP500,675.0499877929688,-0.006709727133033305,0.014655043106710508,0.09474550774031254,0.3160489755004696,0.37579520141868383,0.949317738791423,0.9571150097465887,0.8966861598440545,0.021442495126705707,-0.006709727133033305,0.5427399251130778,False,0.05138430928444948,True,0.1013482476953127,0.24794111296903276,-0.09202198115572857,0.011380782410430834,False,1289.5643471588135,True,True,0.6793787449257795,0.9783629261566531,-0.005385402250436266,False,1.0937648577376038
IQV,19,0.82649698828502,IQVIA,Health Care,SP500,268.8500061035156,-0.0005204064684243281,0.0036960382516773027,0.029327323368082414,0.3230807585690829,0.576463097734722,0.8576998050682261,0.9590643274853801,0.9415204678362573,-0.021442495126705707,-0.02243467077532868,0.7161368557311041,False,0.006827051982192467,True,0.06884331002981026,0.3084791566296976,-0.06440916959838605,-0.0016607734364231241,True,384.19793141778564,True,True,0.5665073099790573,0.9589683747407928,0.0036060866795004642,False,0.9946748793682321
DDOG,20,0.8257994682291727,Datadog,Information Technology,SP500,273.8500061035156,0.019697678704989174,0.08891009631378521,0.15529030484298545,0.03542798974578032,1.3197797460746266,0.9805068226120858,0.7037037037037037,0.9785575048732943,0.6198830409356726,-0.04962688910590751,1.668713266135577,False,0.15243276043239828,True,0.12514109798720097,0.4923279055918617,-0.11122258195978241,0.058650056213767066,False,1044.3559468070985,True,True,0.7597071647945898,0.8447461400503251,0.005846020771862026,False,0.6458783709607415
VEEV,21,0.8212002609262883,Veeva Systems,Health Care,SP500,285.45001220703125,0.024697579430383865,0.05429367389485229,-0.0008400372162978842,0.5495060814001973,0.6250142676537132,0.7719298245614035,0.9961013645224172,0.949317738791423,0.0,-0.06782701629833199,0.8850295583002052,False,0.05666849749655056,True,0.15608181961433187,0.42251167120714217,-0.13500931938052685,0.03606539151079069,False,440.86895018084715,True,True,0.5459190603152293,0.8305594087524015,-0.0025846329531992174,False,0.9952324941900649
SWKS,22,0.8189631231808594,Skyworks Solutions,Information Technology,SP500,85.4800033569336,-0.029077663925174413,-0.06528150673080313,0.27563051233984215,0.2965266640568036,0.6101356891482095,0.9941520467836257,0.9532163742690059,0.9454191033138402,0.834307992202729,-0.06528150673080313,0.6423382754798372,False,0.014701832532290515,True,0.16555588067939198,0.31207473371649264,-0.1420402774536138,-0.021009445394703175,True,481.52149241841124,True,True,1.7738111738128377,0.6567002530401246,-0.003521098993299443,False,0.9378179004448598
PLTR,23,0.8182434777964699,Palantir Technologies,Information Technology,SP500,187.0500030517578,0.000427885920374127,-0.02471448146569033,0.0035947963912039693,0.4877117478534023,0.2787120905980698,0.7875243664717348,0.9922027290448343,0.8576998050682261,0.19688109161793377,-0.09716184156606822,0.7437308558343105,False,0.04586019132781738,True,0.11899451506963965,0.23023054503738627,-0.1063405704559992,0.0072382697115502825,True,5759.8244251522665,True,True,0.5905832050625621,0.5179390493834731,0.005027557550778772,False,0.47978596755939
KEYS,24,0.8149937247990601,Keysight Technologies,Information Technology,SP500,364.0400085449219,0.009399735770993844,0.030224200917185584,0.128106584363463,0.08474374828418196,0.2892304948825748,0.9707602339181286,0.7855750487329435,0.8635477582846004,0.5107212475633529,-0.024910237006998348,1.2825255251528915,False,0.07644271725145879,True,0.0965430394703164,0.21016033894343766,-0.088043091785026,0.029835809752593034,False,401.92092466540527,True,True,0.7560132466222561,0.7859301508752938,0.003743258356752044,False,0.7889454388401643
CRWD,25,0.8128632082489329,CrowdStrike,Information Technology,SP500,264.75,0.007650185888459449,0.008609889327997111,0.14610389610389607,0.3704480334695779,1.7125329527071735,0.9746588693957114,0.9688109161793372,0.9883040935672515,0.1286549707602339,0.0,2.02355460385439,True,0.11994043355650774,True,0.22279822399917504,0.7406171460834328,-0.18220358815251703,0.039436544908936666,False,2184.879193485901,True,True,0.9662592466953124,0.8224406638546422,0.005823242887129876,False,0.8816101934408587
CPAY,26,0.8053947654524439,Corpay,Financials,SP500,388.6000061035156,-0.010440555070199808,-0.016600864201335108,-0.03883250596953436,0.13979000211422887,0.3354411462419089,0.6159844054580896,0.8693957115009746,0.8810916179337231,0.19883040935672514,-0.08616307255266586,0.5239215925628065,False,-0.036708434609646345,False,-0.029654693582965908,0.12327950946524702,0.030560969777310376,-0.018721680443758215,False,201.1566793373413,False,True,0.6544226301540054,1.1027852564866216,-0.0007130093470668619,False,1.614463074672695
HPQ,27,0.8031011699721144,HP Inc.,Information Technology,SP500,31.280000686645508,0.017897857227535674,-0.027363158113864694,0.05209813004430042,0.4343317525978232,0.6641609806047966,0.8888888888888888,0.9805068226120858,0.9551656920077972,0.5087719298245614,-0.11837651944135541,0.7850120942009986,False,-0.036976392733294894,False,0.03927935026932938,0.3537577412355819,-0.0377947952676535,-0.013797084997746567,False,474.9264029484825,True,True,1.2329529924130154,0.811073847284525,-0.0013016273600569006,False,0.9549768863221412
EMR,28,0.7975313092472429,Emerson Electric,Industrials,SP500,155.10000610351562,-0.013609764149629666,0.0032991123468963934,0.01744951206709544,0.11543861031426661,0.19260383007980697,0.8187134502923976,0.8440545808966862,0.7543859649122807,0.2514619883040936,-0.05325473217367682,0.26782584921197383,False,0.02035785594848072,True,0.008739295588172435,0.08025071764155856,-0.008663581984358792,-0.0004401391513965125,True,405.38523527005003,True,True,0.6826764901633429,1.0046507818046126,0.006423266799490346,False,1.796802958280422
GRMN,29,0.7956550432397584,Garmin,Consumer Discretionary,SP500,286.8399963378906,-0.01168044144338054,-0.0025731631856413806,0.01351861652456754,0.211709964078018,0.24661104170148196,0.8089668615984406,0.9239766081871345,0.8284600389863548,0.040935672514619825,-0.08049956354126075,0.5584159794801562,False,0.019845802565165105,True,0.004935541168404667,0.1763955742710388,-0.00491130123894945,-0.0030549880527438456,True,265.1475429615784,True,True,0.5414971608272394,0.8216271126616578,0.0018605175443733302,False,0.8992863727493666
RVTY,30,0.7950269509389913,Revvity,Health Care,SP500,152.88999938964844,0.0007854625504459811,0.07585672178592362,0.1882334776200274,0.35577703515247205,0.7475810908281635,0.9844054580896686,0.9649122807017544,0.9629629629629629,0.011695906432748537,0.0,0.8597844722700017,True,0.0999122267255037,True,0.21073370747914288,0.4469096511724895,-0.17405454740159954,0.03321231697411142,False,242.0002249558563,True,True,1.3283633497777556,1.2835939862317145,0.004712975064260716,False,2.4403806914595485
NDSN,31,0.7934583414395961,Nordson Corporation,Industrials,SP500,327.8500061035156,-0.005098147913709106,0.02000495428772342,0.02211424400383777,0.11228038315577349,0.2394434624337951,0.8284600389863548,0.8362573099415205,0.8245614035087719,0.06822612085769986,-0.01752435454722623,0.4642535648709085,False,0.033663106968658596,True,0.046803215028189404,0.15175341103826545,-0.04471061452264358,0.012199500754976444,False,117.17779134173584,True,True,0.6116584319439734,0.9128974172915155,0.0,False,1.0728132566177937
BIIB,32,0.7911222119225003,Biogen,Health Care,SP500,225.8800048828125,-0.0052406852645542346,-0.007251764186422149,0.042603329085429076,0.07695241235308581,0.23209514333049097,0.8830409356725146,0.7738791423001949,0.8167641325536062,0.060428849902534165,-0.012287365116950055,0.5877970870577984,False,0.023130062350624536,True,0.05350450741695334,0.15998267578938807,-0.05078716516186421,0.004328909018277205,True,200.92826250549317,True,True,0.659965912945178,1.2899877182677417,0.0007045774349752065,False,1.6914214778840082
PSX,33,0.7864034134041346,Phillips 66,Energy,SP500,255.30999755859375,0.01213081291811191,-0.004561811360015655,0.035404313661739906,0.47086000762153923,0.4190826288452616,0.8674463937621832,0.9883040935672515,0.9181286549707602,0.011695906432748537,-0.06892525613743228,1.0737638935211469,False,-0.015281261813431368,False,0.07269927306181478,0.4092763409530904,-0.06777227773661909,-0.005004760242235173,False,717.4770149915161,True,True,0.8293435700024663,0.9651816513170174,0.01851343281559714,False,0.8480869362258264
DXCM,34,0.7818278573145191,Dexcom,Health Care,SP500,86.29000091552734,-0.004039686941213372,-0.016414024692869678,-0.05238300868608181,0.25312227927217834,0.37404461725860183,0.5419103313840156,0.9434697855750487,0.8947368421052632,0.040935672514619825,-0.06551868813406847,0.5734865185162721,False,-0.00766473982044058,False,0.0059196535324117505,0.18440170656174537,-0.0058848174519945395,-0.008792792307893538,True,396.0443500479126,True,True,0.5131254532211028,0.6066607580833665,-0.004963069115939467,False,0.7434544972049413
DHR,35,0.7818164131790664,Danaher Corporation,Health Care,SP500,221.5500030517578,-0.018430679016476992,0.0017270035901280067,0.03925193334701871,0.14568772229532057,0.17301196117455486,0.8752436647173489,0.8713450292397661,0.7407407407407407,0.01754385964912286,-0.07921023709882913,0.3736216599955744,False,0.04033270266727729,True,0.06848435327942992,0.10256404640009742,-0.06409485835635809,0.0036644491382546995,True,902.147089572052,True,True,0.5835366806292951,1.108176399998541,-0.008196317906887018,False,1.0622850623824704
VLO,36,0.7784211289258154,Valero Energy,Energy,SP500,387.6099853515625,-0.0002837508222279794,0.031316488740837256,0.07993416597150715,0.4441357217907722,0.5823080347093084,0.935672514619883,0.9824561403508771,0.9434697855750487,-0.00974658869395717,-0.06211288594549891,1.531031893558477,False,0.0008753164569206273,True,0.104464388488682,0.5113629166107978,-0.09458375442202172,-0.0002184921378896032,False,1102.5148022844849,True,True,0.9511124853599765,1.0567601151099677,0.014108122365318554,False,0.8197510660932578
STX,37,0.7779814833888374,Seagate Technology,Information Technology,SP500,922.3400268554688,0.009732349367381321,-0.0008449261914424966,0.11431877473166852,0.008620478488750472,1.3579170167665668,0.9629629629629629,0.645224171539961,0.9805068226120858,0.4990253411306043,-0.15566387154860806,3.3839559759885907,False,0.06921786273236363,True,0.07921172114268016,0.43307898943651124,-0.07339775837387119,0.024528780547149243,False,3699.435444256958,True,True,0.633148073817118,0.6875596260694725,0.008265354088426546,False,0.6992194274227304
WBD,38,0.7777754889506873,Warner Bros. Discovery,Communication Services,SP500,30.950000762939453,0.0032415034111246133,0.006176870372036625,0.0848229939730325,0.15442004399351994,0.12709402020483784,0.9376218323586745,0.8791423001949318,0.6627680311890838,0.3762183235867447,0.0,0.8099415247076933,True,0.05936919064089352,True,0.10448147059088031,0.1186551827671396,-0.09459775774688572,0.017958437187621135,False,907.3749094902076,True,True,1.9541452615169064,1.6318689139111768,0.0,False,3.1853528891294727
GILD,39,0.7771754347817794,Gilead Sciences,Health Care,SP500,149.0500030517578,-0.01474084971928391,-0.015326631038295235,0.024255139866270037,0.18988241797476113,0.08254700749559896,0.8382066276803118,0.9122807017543859,0.6003898635477583,0.20467836257309935,-0.02611417988392506,0.38145409096774996,False,0.0019506676276968005,True,0.04981191485276448,0.10458181033973779,-0.047448418281431426,-0.007873146850829071,True,865.8410407210694,True,True,0.6374122134748083,0.853214366225713,-0.0026440633243786094,False,0.8666003004274767
BBY,40,0.7718794703654113,Best Buy,Consumer Discretionary,SP500,88.23999786376953,-0.005746502943441922,-0.02819388878796658,0.11248773966743841,0.15454994755717877,0.4073593336449226,0.9610136452241715,0.8810916179337231,0.9161793372319688,0.28460038986354774,-0.06939466201468314,0.6273858510718306,False,-0.023260967408668565,False,0.01646973931158935,0.23920344895242374,-0.01620288206783571,-0.02161190357293452,True,316.8690580302429,True,True,1.0963576084821751,0.7538025005107877,0.015774665080325656,False,0.7220777775777915
CRL,41,0.7715323315900101,Charles River Laboratories,Health Care,SP500,295.010009765625,-0.0032098314531723293,0.06375085295275995,0.023487440190880893,0.2877472368130265,0.7102029551630435,0.8323586744639376,0.949317738791423,0.9610136452241715,-0.04873294346978552,-0.011956517406355283,0.9676517319891731,False,0.03924334553498943,True,0.07870163035025524,0.4112542952872311,-0.07295959154590381,0.018225004046547033,False,258.65565043432616,True,True,0.8190828870417919,1.0143354434405065,0.0034126564224419287,False,0.8394167528176116
MPC,42,0.7708081085514394,Marathon Petroleum,Energy,SP500,395.4200134277344,0.008647334793238537,0.01812659883725498,0.0591985579929617,0.49697107986080624,0.6300107068684353,0.9044834307992202,0.9941520467836257,0.9512670565302144,0.0,-0.06935912872672989,1.4596363030291757,False,-0.0063612978661748976,False,0.0959240391327898,0.5315003190966223,-0.08752799984996673,0.0009039504198393722,False,976.6703925930786,True,True,0.8477705750535948,0.7687655147365609,0.015355939679149389,False,0.6163400207876889
PFE,43,0.768117973777671,Pfizer,Health Care,SP500,28.520000457763672,-0.006963748620210541,0.012065299819228326,0.0021082703872521424,0.21519798185073258,0.05049622964389178,0.783625730994152,0.9317738791423001,0.5321637426900585,0.2085769980506822,-0.0172294966269112,0.25960265558955165,False,0.014693869338542775,True,0.04893568849227781,0.10654767102497775,-0.046652706194616256,0.005407215177312352,False,975.5572919626655,True,True,0.6270532268069318,0.8577821035773969,0.0024373817495288996,False,0.9373416469001118
FFIV,44,0.7680159302365502,"F5, Inc.",Information Technology,SP500,445.17999267578125,0.016230249121575557,-0.023706655387407793,0.09345906058660791,0.04950728549814265,0.5386583255676098,0.9473684210526315,0.7348927875243665,0.9376218323586745,0.29629629629629634,-0.023706655387407793,0.9874993604987776,False,0.05012742937870551,True,0.08785108302894407,0.2970932896799636,-0.08075653405090788,0.012635947160889227,False,249.46773852093506,True,True,0.9573798338166546,0.8362313166440202,0.004405671795633559,False,0.7035095402757169
VRSN,45,0.7632879764098222,Verisign,Information Technology,SP500,282.010009765625,0.007754479188579744,-0.038427404052715275,-0.021749649785700487,0.10526717728443646,0.1418515362579007,0.7056530214424951,0.8284600389863548,0.6939571150097466,0.5614035087719298,-0.0876198171705791,0.34091553660722207,False,-0.035782452565033096,False,-0.020559329327175413,0.06732138965267942,0.020990887904473343,-0.021657247794944046,False,222.139108017334,False,True,0.7347127648602811,0.8111547383016496,-0.00028582966449530733,False,0.9754305561264335
ROST,46,0.7609533727774537,Ross Stores,Consumer Discretionary,SP500,233.39999389648438,-0.004266211715182933,-0.0024788522166231397,0.02323927055888797,0.10359177188933266,0.08161178881104947,0.8304093567251462,0.8245614035087719,0.5964912280701754,0.3976608187134503,-0.08376328065666228,0.5932734227911785,False,0.01170068419737924,True,-0.017754343024216857,0.07736669934909579,0.01807525734334159,-0.00031124849392616394,False,553.1250408614502,False,True,0.6376939750256616,0.7177287241665458,0.005759411854386887,False,0.7456161323596718
WAB,47,0.7588312485933251,Wabtec,Industrials,SP500,287.17999267578125,-0.013906596702827456,-0.017247308616343937,0.004371699478960878,0.08892582035846108,0.1517189811335511,0.7894736842105263,0.8031189083820662,0.7056530214424951,0.11111111111111105,-0.05988943829518989,0.5103483901162311,False,0.011519489669435945,True,-0.012182683513359271,0.10319637726407804,0.012332931717262463,-0.002776683669629798,False,271.9121228677368,False,True,0.49940019505931404,0.776641403589971,-0.000789791496931036,False,0.9433579355500251
AMZN,48,0.7523161022800534,Amazon,Consumer Discretionary,SP500,249.14999389648438,0.010053900944372307,-0.00048144732185817496,-0.040882301906817076,0.03082332247541375,0.19628361638934733,0.6023391812865497,0.6920077972709552,0.7602339181286549,0.37231968810916183,-0.12277303170907794,0.25333267423508965,False,-0.012674956117342373,False,-0.02721003028775426,0.03335517966626256,0.0279711254586672,-0.0023135384168292417,False,10286.822286241393,False,True,0.4802749992518282,0.8762727812104831,0.00048646012112629755,False,1.0518407873919433
ADI,49,0.7493152592287415,Analog Devices,Information Technology,SP500,396.7099914550781,-0.0037918983501487036,0.029800327444263974,0.09879786745495278,0.02297971548976152,0.2541918980051243,0.9512670565302144,0.6705653021442495,0.834307992202729,0.5204678362573099,-0.10676424738041235,0.7836218819461596,False,0.059205314069345816,True,0.061513746233969435,0.11289585802281454,-0.05794908116094355,0.02112558918478391,False,1356.7310360861206,True,True,0.7702470821718399,0.7079670320616825,-0.0018080488636834646,False,0.6422562533402708
MRVL,50,0.7483365949119376,Marvell Technology,Information Technology,SP500,264.2099914550781,0.0035704883983469493,0.012686844139624842,0.24827547426890684,-0.028578593600891322,1.669434161109863,0.9902534113060428,0.557504873294347,0.9844054580896686,0.3060428849902534,-0.16482264848492034,2.586158118665941,False,0.10122139253300055,True,0.17779688186592657,0.601203901889479,-0.1509571680850874,0.03305308252290384,False,4814.85658531192,True,True,0.5725434830164525,0.6635462720523444,0.00524178577278267,False,0.5450978151027771
MRK,51,0.7477140339433058,Merck & Co.,Health Care,SP500,145.30999755859375,-0.026594327794526418,-0.018706133429288063,-0.010775987885453642,0.16589076600986452,0.2238660823369727,0.7309941520467836,0.8966861598440545,0.8050682261208577,-0.06237816764132553,-0.06572235292270923,0.8132726563020649,False,-0.0142103325904398,False,0.030112604468267135,0.2010378222800715,-0.029232342500857933,-0.01630854191947184,True,1432.37646955571,True,True,0.5101538785089285,0.8897493727057062,-0.0022106232164603723,False,1.0226856454288298
PM,52,0.745977958595118,Philip Morris International,Consumer Staples,SP500,190.82000732421875,-0.015884407783477883,-0.00010474226606294046,0.018793402109492874,0.07389276100180231,0.16367499901829663,0.8226120857699805,0.7680311890838206,0.7270955165692008,0.14230019493177382,-0.046710250937980646,0.35723755005293567,False,0.005188759946777699,True,0.0033747677216915406,0.08360733521195063,-0.0033634169706643346,-0.003219457146186322,False,888.7679412269287,True,True,0.6557741454298863,0.818049041653282,0.0056730589898981165,False,0.9237682206247265
ETN,53,0.7455690214882718,Eaton Corporation,Industrials,SP500,429.7099914550781,-0.008216580074465796,-0.020626351784842845,0.06924949296838201,0.044765486910174346,0.20769883145815315,0.9181286549707602,0.7192982456140351,0.7777777777777778,0.3508771929824562,-0.0657665896207722,0.3719986421042396,False,0.025642846644511996,True,0.021515606957032807,0.1117746537150277,-0.021062435865395357,-0.0016968055183494979,True,889.8180571629028,True,True,0.8508544339383648,0.8416125979994593,0.0016848870331176435,False,0.8737929681744339
FTNT,54,0.7436624285218374,Fortinet,Information Technology,SP500,178.75999450683594,0.01591263745245186,0.00011183290286198577,0.04580823826457747,0.12441816147231477,1.1874693078387826,0.884990253411306,0.8518518518518519,0.9746588693957114,0.052631578947368474,0.0,1.3761795364902172,True,0.06248232317840019,True,0.09949044813358943,0.5201319679743437,-0.09048777850001044,0.020984103309988678,False,766.7642439119873,True,True,0.9860118191649959,0.6221608829468818,-0.0016481503401705178,False,0.6520125860218726
SOLV,55,0.7430547449292944,Solventum,Health Care,SP500,88.1500015258789,-0.013098949540335858,-0.002489546382996255,-0.03195690874955681,0.12507981164791904,0.3499233906009136,0.6588693957115009,0.8538011695906432,0.8869395711500975,-0.01754385964912286,-0.04640848985531554,0.41062568664091104,False,-0.013656612399682522,False,0.005009676182440748,0.1316966411934566,-0.004984704427394293,-0.008671628946904986,False,91.91981896621704,True,True,0.5723868283062636,0.6486588511628882,0.0008956765710705916,False,0.6559625349047775
TGT,56,0.7417609854163567,Target Corporation,Consumer Staples,SP500,156.69000244140625,0.0016621477836664678,0.002751874758011086,-0.02604427097362605,0.21185581883593185,0.31505325897082925,0.682261208576998,0.9259259259259259,0.8752436647173489,-0.03898635477582846,-0.07769731588477757,0.9240614101858466,False,-0.010651776909925914,False,0.013892085649394703,0.23667543581784467,-0.013701739905087607,-0.0037946447827754692,False,614.9253972895508,True,True,0.688733797487939,0.9051915494353582,0.018027280293131165,False,1.138728943886127
WDAY,57,0.7364875277997124,"Workday, Inc.",Information Technology,SP500,190.4600067138672,0.0068193083332896975,-0.009980237655752622,-0.035401318523227365,0.4620403812647329,0.4659791363774257,0.6413255360623782,0.98635477582846,0.9278752436647173,0.04678362573099415,-0.2247323314469627,0.6929778374565971,False,-0.006388062933401439,False,0.03716615844017834,0.2086697730062521,-0.03583433390853552,0.0003058217451774592,False,747.3854109288787,True,True,0.6385733405803387,0.4135340008165443,-0.01173548259338919,False,0.5134611060330402
AME,58,0.7301915366803615,Ametek,Industrials,SP500,247.72999572753906,-0.012162066618566447,0.005193746379172026,0.05494333765246351,0.04622360264617642,0.15909204165332191,0.8927875243664717,0.7251461988304093,0.7192982456140351,0.20662768031189083,-0.040341093405538486,0.39025707098489937,False,0.030812148823341046,True,0.01899857445808606,0.08105528600128697,-0.018644358230029745,0.004889395695977683,True,333.0327556011658,True,True,0.9035887861130523,1.1257635639745156,0.007337093655183979,False,1.2694723968944117
WST,59,0.72903567899963,West Pharmaceutical Services,Health Care,SP500,370.760009765625,-0.015585574811050829,-0.013595087178930876,0.08692218254327533,0.016444409342571742,0.4813350210067051,0.9434697855750487,0.6549707602339181,0.9317738791423001,0.06627680311890838,-0.015585574811050829,0.6076286067991257,False,0.0331260351508631,True,0.05483496788827158,0.2313700852470617,-0.051984404724512046,0.001906226517800036,False,224.4310037074585,True,True,0.8294971828548731,0.8582073211168738,-0.003398557636678845,False,0.7305584927424781
CTAS,60,0.7257491140331804,Cintas,Industrials,SP500,195.05999755859375,-0.013553190351574873,0.016096245862592617,-0.03335148397569998,0.12246283680048209,0.1593854159496153,0.6569200779727096,0.8499025341130604,0.7212475633528265,0.02729044834307992,-0.09681474363353915,0.19901219820228633,False,-0.018205447082067505,False,-0.03350817766669101,0.04162971979574981,0.03466990293388661,-0.013322488174573044,False,415.3065251230774,False,True,0.6957951388594719,1.105674594838519,0.002528572803227158,False,0.7843867390310301
DIS,61,0.725372220505602,Walt Disney Company (The),Communication Services,SP500,104.9000015258789,-0.004838270738186101,0.0139184462995261,-0.024639715952435748,0.0960192511682636,0.09673989670931449,0.6939571150097466,0.8089668615984406,0.6296296296296297,0.29239766081871343,-0.08781675413580436,0.14373293846496948,False,-0.006252352429776842,False,0.008648038979478523,0.014457851569929625,-0.008573891630452524,-0.0028672255708578342,False,985.0543417340241,True,True,0.77940721078876,0.9669204532122085,0.0032254655732721904,False,1.2200277548637264
TXN,62,0.724966144432619,Texas Instruments,Information Technology,SP500,280.0899963378906,-0.005680024458263988,0.027400782607644336,0.07351190987916367,-0.056586285556398885,0.45747662345550855,0.9278752436647173,0.47173489278752434,0.9259259259259259,0.3333333333333333,-0.15275046717402618,0.85744112184883,False,0.05077551315742124,True,0.035756204581519624,0.13832507631067648,-0.034521834794092654,0.01925997596400264,False,1770.4435801551513,True,True,0.5198332721339011,0.6508974808716493,-0.0018459619055172238,False,0.5955927042526432
MSTR,63,0.7240809405553458,Strategy (MicroStrategy),Information Technology,NDX,153.08999633789062,-0.010215309043508647,-0.05616523293313347,0.15157208911114295,0.6392547096949599,0.22668263296756663,0.9785575048732943,0.9980506822612085,0.8109161793372319,0.8810916179337231,-0.5743835099702859,0.8599198260079033,False,0.05521088787796247,True,0.2644813314848753,0.12498798511414355,-0.209161910816268,-0.007054061525199162,True,2854.1594730656584,True,True,1.1980858801683447,0.7504190941015708,0.04021465891471099,True,0.7628990759056182
CRM,64,0.72315396558367,Salesforce,Information Technology,SP500,229.57000732421875,0.018907326846502537,-0.03371493579047924,-0.10703623467964507,0.40889479142221474,0.23824987280143173,0.18518518518518517,0.9766081871345029,0.8226120857699805,0.06432748538011701,-0.13178799355894266,0.5319337589932416,False,-0.05686001768703253,False,0.05922605259785496,0.14864451019044944,-0.05591445985736221,-0.017212326309425263,False,3132.951232257996,True,True,0.5571992765623468,0.7736132758390979,0.0003994333978332154,False,0.7897260357795508
FOX,65,0.7227106960704656,Fox Corporation (Class B),Communication Services,SP500,56.29999923706055,0.008418366301117253,-0.011587076159065957,-0.06047906524500535,0.16848310717060988,0.06549821711947934,0.47953216374269003,0.898635477582846,0.5614035087719298,0.5360623781676414,-0.16053696895898828,0.27456523025146806,False,-0.031322874460302796,False,-0.012979743249768028,-0.0028137490565912637,0.013150432487073704,-0.011532535710905512,False,65.10913381534576,False,False,0.5906583266108587,0.7732086466493362,0.0066272419801167715,False,1.410729011749614
FOXA,66,0.7225987342786189,Fox Corporation (Class A),Communication Services,SP500,62.650001525878906,0.0027209024469927456,-0.0204815130917001,-0.0656749957616849,0.1625122456722521,0.07751351523707295,0.442495126705653,0.8947368421052632,0.5847953216374269,0.5224171539961013,-0.16915682023229162,0.2897476846565521,False,-0.036635508881976975,False,-0.01974834647835788,-0.004052451616863295,0.020146200628593736,-0.015220601513170617,False,315.6350486628952,False,False,0.5477232171015218,0.7463961350137244,0.0,False,0.8164842088231857
KO,67,0.7210160103454984,Coca-Cola Company (The),Consumer Staples,SP500,86.08000183105469,-0.00875166442751596,-0.022817511526804002,-0.02341651422712332,0.06524361994520023,0.14599240614894327,0.7017543859649122,0.7524366471734892,0.6978557504873294,0.01754385964912275,-0.058662289484082475,0.33688875554771935,False,-0.019047655191157364,False,-0.01481953490051846,0.09015902695257383,0.015042457118779717,-0.01438042458613431,False,1356.6360804409637,False,True,0.5237015794157757,0.8933232952108953,0.005872894492602976,False,1.0238514434765824
MTD,68,0.7196751391416134,Mettler Toledo,Health Care,SP500,1510.949951171875,-0.017159624567853027,0.01247033904994499,0.07530205916875188,0.16192954790014524,0.19802569748590515,0.9298245614035088,0.8908382066276803,0.7641325536062378,0.042884990253411304,-0.02220342102747741,0.47333564889154345,False,0.07561286904020692,True,0.07810794228510409,0.14657196348316592,-0.07244909273142941,0.014803245087812389,True,270.9324007438965,True,True,1.2282104879930749,0.9028093839215524,-0.0014375319551903631,False,0.7869018256122354
HST,69,0.7180180283280501,Host Hotels & Resorts,Real Estate,SP500,22.389999389648438,0.006744587233542543,0.01992549443606295,0.03015727465368845,-0.0324904403398496,0.22428766130637046,0.8596491228070176,0.5399610136452242,0.8070175438596491,0.2514619883040936,-0.11545228186752254,0.5278096754532453,False,0.018313283363252664,True,-0.017879605554856015,0.08974043802780884,0.01820510566319844,0.009690611506325775,False,207.3659313554802,False,True,0.6215490343534186,0.871655526231463,0.0013489517515403726,False,1.1339213568088995
AES,70,0.7169436147446241,AES Corporation,Utilities,SP500,14.899999618530273,0.0026917875354763865,0.006076920753787851,0.0108548066415588,0.02996655132998649,0.08336635691414629,0.8031189083820662,0.6881091617933723,0.6023391812865497,0.29044834307992207,-0.11663018889473764,0.14920955434261485,False,0.005025099121694021,True,0.009650519588632056,0.03265667644196735,-0.009558277246827895,0.0030433967052629907,False,110.8251919860859,True,True,0.6981413688999083,1.165043809808015,0.0006729629281883032,False,1.5817199172045322
IVZ,71,0.7141537252568255,Invesco,Financials,SP500,30.15999984741211,-0.008547016049630152,-0.018867922186876385,-0.07992675501682744,0.13163338244643952,0.2597350772526037,0.3333333333333333,0.8615984405458089,0.8421052631578947,0.0019493177387913674,-0.09456623824713117,0.3848880736394027,False,-0.03463286818668698,False,-0.03679193174560891,0.09761304384051228,0.03819728359656138,-0.015723746431084873,False,138.64665247545625,False,True,0.7125854570335999,1.2538635645668499,-0.00032873862119509045,False,0.9245588651871932
ASML,72,0.7122135628263964,ASML Holding,Information Technology,NDX,1811.6700439453125,-0.012385572599990069,0.038438424150275985,0.0681953723820714,-0.015749518707966703,0.376388518955157,0.9161793372319688,0.5906432748538012,0.898635477582846,0.0974658869395712,-0.08817903814605177,0.9478982022052649,False,0.06288567712517157,True,0.05330968799965885,0.18245251493395087,-0.05061159942514082,0.0308275597819474,False,2348.4915057543944,True,True,0.7725910406041269,0.9168558464548047,-0.0031563838748923656,False,0.8811657056399802
INTC,73,0.708307870131951,Intel,Information Technology,SP500,120.2300033569336,0.037091374453881,-0.019331118651585988,0.3432018823320837,-0.05345609719399602,1.7244504973239634,0.9980506822612085,0.48148148148148145,0.9902534113060428,0.42300194931773877,-0.14694195207696648,2.576145365159695,False,0.10551749781312014,True,0.20055682454716028,0.4961638124742478,-0.1670531710340396,0.025246970653114653,True,10969.445441950666,True,True,0.9299605331635098,0.9401354629406844,0.0025015174222715597,False,0.8650666526330182
QCOM,74,0.7072218216774813,Qualcomm,Information Technology,SP500,184.0399932861328,-0.00032597944265722045,-0.06692360494528948,0.08541554570383147,0.017159377228759487,0.442188815760564,0.9395711500974658,0.6588693957115009,0.9239766081871345,0.6296296296296295,-0.26011840073494685,0.49693783080726317,False,0.0011695499649180263,True,0.0794396512317117,0.09698818770224249,-0.07359341593674618,-0.023899713050197113,True,2147.060737903534,True,True,1.0628058795711899,0.9742994336578752,0.004236821039855343,False,0.5854396160288162
CVX,75,0.7068796420274431,Chevron Corporation,Energy,SP500,204.2100067138672,-0.0008317749529499485,-0.006325667012392011,-0.009362533625185243,0.24323851056330903,0.00473135118882495,0.7407407407407407,0.9415204678362573,0.44834307992202727,0.24561403508771928,-0.062267517530230077,0.4304085561753386,False,-0.02323175397016841,False,0.014210796166767015,0.11273994234934048,-0.014011679051807668,-0.007940256681189028,False,1763.970288546875,True,True,0.8377667575683563,0.8792238837173477,0.0034738792353254944,False,0.7315864648604488
IEX,76,0.7063040020141679,IDEX Corporation,Industrials,SP500,227.97999572753906,-0.010632283236190365,-0.00735839445674169,-0.0028866500344263413,0.016740712794525825,0.2109784410147877,0.7660818713450293,0.6569200779727096,0.7816764132553606,0.005847953216374324,-0.052137071021820525,0.4323458537515046,False,0.011895228386703316,True,-0.006495843728066664,0.08843245651425291,0.00653831560447804,-0.00023881500013633872,False,147.13453259896852,False,True,0.6917495972965734,1.1125176948932693,0.001128367720736989,False,1.1340435741189678
NDAQ,77,0.7028682818156502,"Nasdaq, Inc.",Financials,SP500,92.01000213623047,0.001742010503728686,-0.0359388120016193,-0.06377598569355047,0.11593188263257348,0.09143811955963588,0.4619883040935672,0.8460038986354775,0.6198830409356725,0.2962962962962963,-0.0795644499925281,0.20131497881500504,False,-0.013541340686912373,False,-0.028160024136057893,0.021111674709653583,0.02897598867655571,-0.010040338043967534,False,297.23589993475343,False,True,0.8596384896162602,1.0213875357474844,0.000871005251864343,False,1.0868976900001464
EXPD,78,0.7022142494745235,Expeditors International,Industrials,SP500,184.63999938964844,-0.01870750533562926,-0.01802903479049378,-0.026417055987729254,0.10688808879570733,0.2957586986309291,0.6803118908382066,0.8304093567251462,0.8674463937621832,-0.015594541910331383,-0.04775654872779156,0.6491597481864693,False,-0.021785209028824415,False,0.0015915636793359944,0.14054034295634343,-0.0015890346295343027,-0.015513817495289017,False,181.9498492069397,True,True,0.8800376060585872,0.9557355236404973,0.0006908462026651296,False,1.1598342865258782
MPWR,79,0.7014173561758276,Monolithic Power Systems,Information Technology,SP500,1347.219970703125,-0.005000051388916238,-0.0046183887940735024,0.06423873513609224,0.013125788261027838,0.23589747150244222,0.9122807017543859,0.6510721247563352,0.8187134502923976,0.5906432748538011,-0.20038072464474788,0.5826411218708516,False,0.07534616155091256,True,0.03429661542515161,0.0568542873182738,-0.03315936155418431,0.019207509743906392,True,967.5209880629883,True,True,0.7901098670481641,0.7009934577174703,-0.0001624610999427789,False,0.617562566044148
ZS,80,0.7002223976989657,Zscaler,Information Technology,NDX,199.4199981689453,0.005369173776037073,-0.07008626250027128,0.0585768717460613,0.3616934265927201,0.4214841236909326,0.9005847953216374,0.9668615984405458,0.9200779727095516,0.07602339181286544,-0.40696462757835516,0.6892841424282865,False,0.05374261161261895,True,0.12781295083064514,0.1957241165305259,-0.11332814606935449,-0.0007401228007601901,False,520.7805777785339,True,True,1.5612497003314882,1.1544070377844318,0.002545965030828823,False,0.7187517214785435
NUE,81,0.6970010643045971,Nucor,Materials,SP500,233.75,-0.008189103316332713,-0.051318230099719364,-0.06142678808023094,0.06979001611070657,0.3890056037012972,0.47368421052631576,0.7621832358674464,0.9064327485380117,0.44054580896686163,-0.14717393475516294,0.7945481444064517,False,-0.07199260707345745,False,-0.08413523782916632,0.09824796863692442,0.09186425911806473,-0.03956358558776696,False,356.9581969165039,False,True,0.9894156368788402,0.886997798843325,0.007807180396911084,False,1.0735260112286125
JCI,82,0.6965673315709365,Johnson Controls,Industrials,SP500,148.64999389648438,-0.005153287925959593,0.018848527176437813,0.07831418652519861,0.029462376045109817,0.14149394829023598,0.9317738791423001,0.6842105263157895,0.6920077972709552,0.21832358674463942,-0.03679144507692078,0.42055322233773484,False,0.031337887564916844,True,0.023742205975537223,0.088727114306836,-0.023191586550749932,0.010986429636283601,True,478.89355278897096,True,True,0.932833864858992,0.8724425485336088,0.005153287925959704,False,0.9664172372091209
PYPL,83,0.6954017463750701,PayPal,Financials,SP500,52.529998779296875,-0.02523660467164157,0.000380888562235393,-9.969650293273347e-05,0.19491148252016344,0.1681037916058421,0.7738791423001949,0.9142300194931774,0.7290448343079922,0.09941520467836262,-0.3023012002177847,0.3560208227966768,False,-0.018878427896350303,False,-0.07072733083548577,0.048748451928919634,0.0761104175151035,-0.0165498216877501,False,694.7251388044128,False,True,0.7089815689425943,0.897458729939204,0.0,False,0.6884707309419457
ELV,84,0.6934087501859673,Elevance Health,Health Care,SP500,388.82000732421875,-0.009955958426221434,-0.02443795236360391,-0.005165530843306176,-0.06169694946015469,0.33937272149758324,0.7563352826510721,0.44834307992202727,0.884990253411306,0.1695906432748538,-0.0850012090245007,0.40528041185853625,False,-0.04157943621289206,False,-0.018209888519610917,0.07215661982172139,0.018547638957325807,-0.02258371410199811,False,429.118710105896,False,True,0.7381654362604579,1.1024338463871408,-0.0020879670544130535,False,1.2029993319233594
ULTA,85,0.6913577703772368,Ulta Beauty,Consumer Discretionary,SP500,546.1699829101562,-0.00313937413038079,0.004339724098779918,0.016887000067955737,0.20095427322257997,0.04488140642294258,0.8167641325536062,0.9161793372319688,0.5165692007797271,0.3391812865497076,-0.22728562116150208,0.21169158715508885,False,-0.002189597768665341,False,0.02633281768966933,-0.01808024627980409,-0.025657191542355573,-0.0015122700756758922,False,319.69947158770754,True,False,0.6921599552411187,0.5986562001064396,0.0009855591686411813,False,0.534062913136045
PANW,86,0.6911283154614084,Palo Alto Networks,Information Technology,SP500,397.30999755859375,0.022913915225074355,0.010195804449746992,0.03972468134355611,0.1285933073368144,1.4782309094778472,0.8771929824561403,0.8557504873294347,0.9824561403508771,-0.09161793372319682,0.0,1.804475207833283,True,0.09146300480992053,True,0.10643817120560106,0.6005688166114236,-0.09619893273351499,0.035307656143684474,False,2238.3080634962157,True,True,1.2030399612332385,0.8359268875905526,0.007595019854379048,False,0.973834236445397
SHOP,87,0.6892623491758315,Shopify,Information Technology,NDX,148.3000030517578,0.0002698539484973228,0.0418716233469556,0.006310700721885665,0.21927161391587036,0.2502107538185081,0.7953216374269005,0.9337231968810916,0.8304093567251462,0.08382066276803124,-0.17155461928079885,0.5545073446516546,False,0.07623255370961846,True,0.0642726116081469,0.1437024107200633,-0.06039111681266429,0.03539324874740646,False,1406.354921649109,True,True,0.9630447095013036,0.7742422419528913,0.0028328489444666705,False,0.6904128314775384
PFG,88,0.6891469541433493,Principal Financial Group,Financials,SP500,111.95999908447266,-0.017636238612809163,-0.01720504841973347,0.02406794897588127,0.03563137622374479,0.261915334810215,0.8362573099415205,0.7076023391812866,0.8460038986354775,0.1364522417153996,-0.05526962225710208,0.47747455591657495,False,-0.028479206692322068,False,-0.009546951314515773,0.1190303493128213,0.009638974131268796,-0.019598406158808923,False,156.37406465718078,False,True,1.5787036325914645,0.8862058469699825,-0.0012283880683420234,False,0.8813119834415408
MET,89,0.688853793540167,MetLife,Financials,SP500,94.16000366210938,-0.010924299574276541,-0.03127565207385319,-0.01061253048511146,0.08650647093291863,0.34996273359321006,0.732943469785575,0.7933723196881092,0.8888888888888888,-0.02729044834307992,-0.05792889907871723,0.41018255061715925,False,-0.02720234280968714,False,-0.02190035646673949,0.13658918337125692,0.02239072124351993,-0.01966166864734009,False,326.23319551681516,False,True,0.9076802637607762,0.9401526411399722,-0.00378151913751934,False,0.8812349651349315
LLY,90,0.6868617510290185,Lilly (Eli),Health Care,SP500,1157.0799560546875,-0.023256247701450294,0.005291067578330866,0.0003025559913263365,-0.02769222847121955,0.2619813887415132,0.7758284600389863,0.5653021442495126,0.847953216374269,-0.003898635477582846,-0.0962713131325651,0.4562547035650728,False,0.003917319941667108,True,-0.017205552821976222,0.08110617168045198,0.017506766416293784,-0.009571393877719325,False,2967.2564418410643,False,True,0.5729077887639722,0.9030760255733568,0.0015700981267534608,False,1.3666354387574715
XOM,91,0.6854554575174617,ExxonMobil,Energy,SP500,162.75,0.008676751431829555,0.009427552643675341,0.011183616563451348,0.2019652939607408,-0.027963896633019014,0.8070175438596491,0.9181286549707602,0.35282651072124754,0.3157894736842105,-0.03880230947331764,0.5136201538556182,False,0.00028886127352234503,True,0.01815726893147196,0.10587228530562354,-0.017833461966565878,0.004962177916066013,False,2270.7028488437804,True,True,0.9393994683526614,0.8241852696028982,0.005453917513079443,False,0.921281473937734
FCX,92,0.6852549944114471,Freeport-McMoRan,Materials,SP500,70.0,-0.011159781117534351,-0.03554700697115143,-0.07578555618781291,0.15925826999241144,0.19640043471851554,0.3684210526315789,0.8888888888888888,0.7621832358674464,0.15984405458089668,-0.12401455647546622,0.8240529205643823,False,-0.028405266249232897,False,-0.0039727289117512665,0.10750727401118221,0.003988574436732728,-0.0210242594684924,False,932.0022868807068,False,True,0.7847381271186,0.797005673696173,0.012148617025415698,False,1.2621558288952714
ADM,93,0.6830575296689211,Archer Daniels Midland,Consumer Staples,SP500,79.37999725341797,-0.00025194297325570325,-0.033718858441996846,-0.023496169769934627,0.04273350346599192,0.1062112122845269,0.6998050682261209,0.7115009746588694,0.6432748538011696,0.4035087719298246,-0.09887614311009085,0.45891609261853583,False,-0.05522497569935225,False,-0.031402595533219,0.08032246306255386,0.03242068932706488,-0.025711687311179898,False,314.11798504600523,False,True,0.8575657818797849,0.782261908611207,-0.002644824690641978,False,0.8150226489081198
IT,94,0.6823573393148015,Gartner,Information Technology,SP500,186.5399932861328,0.0037126024210776265,0.04492487576592041,-0.05840193472602617,0.39458732765273474,0.17809774915028176,0.49707602339181284,0.9727095516569201,0.7426900584795322,0.3313840155945419,-0.2774529047373345,0.48365535914738156,False,0.012458947456156055,True,0.03625039234837146,0.07453356202907946,-0.03498227128891129,0.00874520706572568,False,233.61083560198975,True,True,0.8357254645400315,0.6744248976792957,0.00269034158503878,False,0.5955226991307759
GOOGL,95,0.6820948871417509,Alphabet Inc. (Class A),Communication Services,SP500,344.0799865722656,0.00926895758556312,0.01850042994529466,0.014590092505154972,-0.046811665291178306,0.198034510766657,0.8109161793372319,0.49902534113060426,0.7660818713450293,0.3469785575048733,-0.14433757994315277,0.45823569566691824,False,0.004637528297277038,True,0.0008564561728809927,0.017335220858479605,-0.0008557232833927841,0.0013090109950815165,False,9493.952914110656,True,True,0.6904177198513303,0.8923501476498928,0.009474305824039408,False,1.3602800436088887
GOOG,96,0.6819943694853573,Alphabet Inc. (Class C),Communication Services,SP500,340.739990234375,0.010138689777950516,0.017194993907508005,0.01655051757240633,-0.04730168294818371,0.18931338349410987,0.8128654970760234,0.4951267056530214,0.7504873294346979,0.3469785575048733,-0.1450320841692574,0.43850046326176084,False,0.004763199000291207,True,-0.0017336378172184697,0.011910244630872757,0.001736648536797114,0.001614742246067502,False,6280.448214746216,False,True,0.6662628828123581,0.8892788053991784,0.009871891675446776,False,1.320806997622807
MAR,97,0.680398484796466,Marriott International,Consumer Discretionary,SP500,355.6700134277344,-0.016453685553325048,0.01140308742497198,0.040701086331454306,-0.03238272183137503,0.09180379561846852,0.8810916179337231,0.5419103313840156,0.621832358674464,0.3820662768031189,-0.11464005506059094,0.3844644739772811,False,0.04040276975286128,True,0.010434086748185134,0.022864074780244437,-0.010326340812357726,0.010782048467989469,False,573.528314765625,True,True,0.6979513103115319,0.8273190262573756,0.0057242612470804755,False,0.687515545987328
IFF,98,0.6801877219685439,International Flavors & Fragrances,Materials,SP500,83.4800033569336,-0.02076242396558836,-0.026017917995090123,-0.028435978558606245,0.03358133738936031,0.16221382376936822,0.672514619883041,0.6998050682261209,0.7251461988304093,-0.11306042884990253,-0.04763110456308661,0.4330554921626133,False,-0.014385440906526603,False,0.0018849083840375425,0.1067624510295282,-0.00188136218867474,-0.015896608821493685,True,138.61287662094117,True,True,0.476578200138836,1.0772896378881547,0.005043991849569274,False,1.1499461642479853
NWSA,99,0.6793812918903042,News Corp (Class A),Communication Services,SP500,28.649999618530273,0.0045581752692858135,0.018847751190583573,-0.06394005318164453,0.11506590653471038,0.15308465679788563,0.4580896686159844,0.8421052631578947,0.7095516569200779,0.07992202729044828,-0.07834563209973433,0.2886843792676672,False,-0.03086930911051633,False,-0.018888126504081115,0.08431982415136452,0.019251756108891627,-0.009753510281993782,False,121.06632013925933,False,True,0.9243307229330147,1.051877989893779,0.0007012783114535015,False,0.8922927362467021
DE,100,0.6772599306485392,Deere & Company,Industrials,SP500,671.5499877929688,-0.01079722047655396,-0.05120300629986008,0.02785501164416715,0.07253078146064618,0.19811334314966667,0.8538011695906432,0.7660818713450293,0.7680311890838206,-0.12670565302144243,-0.05120300629986008,0.5467938646857711,False,-0.019335158762544657,False,0.04152281566614646,0.15202939555739126,-0.039867408607452304,-0.017801635554087647,True,817.2389329107666,True,True,0.6741108169565012,0.9489646202285688,-0.005553292929728837,False,1.3948318620459248
FAST,101,0.675697424688052,Fastenal,Industrials,SP500,49.529998779296875,-0.00860689177453211,-0.028633121222007785,0.0044615169312289815,0.04296958622019775,0.07903378880377088,0.7914230019493177,0.7134502923976608,0.5906432748538012,-0.003898635477582846,-0.05441012277018098,0.2859300506706668,False,-0.0005952673469153957,False,-0.002900582729863377,0.0810712147767012,0.0029090205847321915,-0.009191166513778493,False,351.28747769148254,False,True,0.721500976926805,1.1841795553219656,0.007606106386685907,False,1.489472035231671
TECH,102,0.6742636652514086,Bio-Techne,Health Care,SP500,72.47000122070312,0.0012434922727342368,-0.0006894018846878014,0.002212746058796622,0.02183454968675158,0.3908256899540361,0.7855750487329435,0.6666666666666666,0.9083820662768031,-0.3235867446393762,-0.001928100653789011,0.6786268776622333,False,0.0011466277885530118,True,0.00360458988300838,0.1732160396760556,-0.0035916434812525155,6.544909072792038e-05,True,224.81803927272034,True,True,0.04507792775761233,0.984128125854958,0.0,False,0.9571682306964224
GDDY,103,0.6739577253636374,GoDaddy,Information Technology,SP500,95.51000213623047,0.015415741178745446,-0.009026718634365216,-0.024213273229375165,0.0989529180962454,0.15531636931992154,0.6978557504873294,0.8128654970760234,0.7134502923976608,0.3001949317738791,-0.30381222803008023,0.2736365496334401,False,-0.030306074704550268,False,-0.008409441547502117,0.019414911388353717,0.008480760003025889,-0.013328133001739184,False,222.70260622099303,False,True,0.9850358601523117,1.5925893974032697,0.004252621053171257,False,0.7428465822029178
APH,104,0.6715163098003761,Amphenol,Information Technology,SP500,84.30000305175781,-0.000474191224441034,0.02567222956168913,0.06503626823942454,-0.019501235765097102,0.33847458013110776,0.9142300194931774,0.5828460038986355,0.8830409356725146,-0.021442495126705596,-0.04230098703227603,0.41935591608109535,False,0.036832822672654864,True,0.04410852966790757,0.14383018331985653,-0.04224515786872929,0.016218275832831086,False,1018.1834848656464,True,True,0.8479046248353378,0.9833027960285066,0.01316102274779074,False,1.2537840400870495
ACN,105,0.6704191986816357,Accenture,Information Technology,SP500,183.3699951171875,0.0352868121742258,-0.0008173994757035841,-0.033674112429520786,0.41519762222357515,-0.056187364306674814,0.6530214424951267,0.9785575048732943,0.29434697855750486,0.7076023391812865,-0.3513946110208991,0.49127991100967394,False,-0.0022336613013420603,False,0.03338944179282022,-0.055172072035130526,-0.032310608607431734,0.014803594979405421,False,1020.6170946983337,True,False,0.7529870437901802,1.1002907931776955,0.00553303417651807,False,1.8480126712846803
ABBV,106,0.6691885726492792,AbbVie,Health Care,SP500,261.5899963378906,-0.0064568048610215145,-0.013165800555160256,0.02016216613144084,0.04935857358998641,0.2213784303076587,0.8265107212475633,0.7309941520467836,0.797270955165692,-0.1656920077972709,-0.017613048155725397,0.3347448792338008,False,0.0020896769021114814,True,0.015520658458240133,0.14196976643795867,-0.01528344926217795,-0.007071364404146796,True,1193.2335667532654,True,True,0.5887492384285058,0.810193660773592,0.00497549286368093,False,0.9430267059762861
NOW,107,0.6682156304002015,ServiceNow,Information Technology,SP500,134.00999450683594,0.03132208703216666,-0.0480892479838303,-0.09446591301717255,0.2666350722246924,0.2817789631291916,0.2553606237816764,0.9454191033138402,0.8596491228070176,0.3313840155945419,-0.29191898034154373,0.6145782470703125,False,-0.019986432763510198,False,0.05110329972436123,0.15493031455345663,-0.04861872257252198,-0.006249407707685228,True,2311.5387404164126,True,True,0.8503823363813722,0.5211433366665945,-0.0014622320904752462,False,0.47519413560567353
AMGN,108,0.6658571848189728,Amgen,Health Care,SP500,421.510009765625,-0.005027865190166514,0.03797191156342605,-0.01947053834120338,0.17336881860400943,0.2140825076198576,0.7115009746588694,0.9044834307992202,0.7875243664717348,-0.06237816764132553,-0.050909631631416485,0.49313346533523195,False,0.045826738805433864,True,0.035650926189343846,0.17059599504174017,-0.03442368976631993,0.025132718220618244,False,1148.7330505075074,True,True,1.641816226614964,1.0218285308220263,0.0008733715050373014,False,1.1028468567014464
APA,109,0.6643021175465299,APA Corporation,Energy,SP500,41.540000915527344,-0.015406440681184352,-0.0494279132654829,-0.03731171618582618,0.3125940460130938,-0.007719666318546481,0.6237816764132553,0.9551656920077972,0.40350877192982454,0.17543859649122806,-0.12381351931611917,0.9627346768906944,False,-0.054996284060074396,False,0.0060352625851736175,0.19144002601717158,-0.005999056702709504,-0.031443143543500085,False,239.25317018888856,True,True,0.9136758311712984,1.085953866805108,-0.00023698321542187095,False,1.039298988381508
BDX,110,0.6590246544824772,Becton Dickinson,Health Care,SP500,179.0,-0.01632137825344604,-0.01928558070383546,-0.04281745753935595,0.17760368001149995,0.15324656531234826,0.5984405458089669,0.9064327485380117,0.7115009746588694,-0.05653021442495121,-0.06221041681272654,0.32310082356116476,False,-0.015344036541310335,False,0.0033134132490977297,0.1154488288421236,-0.003302470798598911,-0.014330721595051887,True,323.1965915527649,True,True,0.8566620740026801,0.893024508662097,-0.004286414101579594,False,0.9979116316127042
TER,111,0.6587562895061093,Teradyne,Information Technology,SP500,400.9100036621094,-0.0052354359810449225,0.03024615452179935,0.14645408295281892,-0.06148731577330557,0.35335451047980304,0.9766081871345029,0.4522417153996101,0.8908382066276803,0.23391812865497075,-0.17108132370114015,2.041236744670638,False,0.07900307044799382,True,0.07653777528058314,0.2058109065184044,-0.07109622814734451,0.026102941179713568,False,1059.2514164801635,True,True,0.7127502166010697,0.6291325177178604,-0.001042089528075496,False,0.5202848967829609
BAX,112,0.6576156906726481,Baxter International,Health Care,SP500,24.0,0.022146527593762677,0.02171137649430288,-0.07692307692307687,0.10692749860082618,0.42986547716057166,0.3567251461988304,0.8323586744639376,0.9220272904483431,-0.15399610136452235,-0.15311257031896908,0.520363106281954,False,0.0017321617037249215,True,-0.046574242737300264,0.15531944620052185,0.04884936491648362,0.016275828998933095,False,172.1291355456047,False,True,0.5668777512400546,1.0418669737748836,0.0008518082688926398,False,1.2988083764285105
EBAY,113,0.6558531030773281,eBay Inc.,Consumer Discretionary,SP500,106.05000305175781,0.007984069713856012,-0.027866838282007755,0.024044086055093228,-0.04410101310183012,0.17191106713552595,0.834307992202729,0.5087719298245614,0.7368421052631579,0.30604288499025345,-0.10333442243414359,0.3477386895695147,False,-0.01291904798239274,False,-0.011674622873378615,0.05705554978137184,0.011812529702839969,-0.012106936348966424,False,507.51014366174314,False,True,0.8103061945156628,0.7255116920342627,-0.005702865500828991,False,0.7355108106852889
INCY,114,0.6533655295010738,Incyte,Health Care,SP500,121.3499984741211,-0.01501622175281625,-0.026396028013785267,-0.0151761299144334,0.06625077829076886,0.28931146337570546,0.7173489278752436,0.7543859649122807,0.8654970760233918,-0.2007797270955165,-0.06603551670375374,0.4480906211801816,False,-0.026969828717344768,False,-0.018410378367104796,0.1376889437800506,0.018755677486156364,-0.020019439000998118,False,196.68940299732972,False,True,0.6818871045002427,0.9302457452626433,-0.0016233518928268076,False,1.0169438323571325
PWR,115,0.6526052574358271,Quanta Services,Industrials,SP500,642.510009765625,-0.014237666387269088,0.011986116016589499,0.0583438721496059,-0.07071161834260864,0.17069387424649718,0.898635477582846,0.41325536062378165,0.732943469785575,0.30409356725146197,-0.18164106911955746,0.5596468524736646,False,0.015832528005941482,True,0.0004917603772278678,0.0651307997299182,-0.0004915186678223771,0.0014094180757442398,True,666.9825986315918,True,True,0.5859875690292627,0.7915471744627907,0.0013808503419865392,False,0.8865926776374538
EL,116,0.6483821807181577,Estée Lauder Companies (The),Consumer Staples,SP500,92.7699966430664,-0.01695460482090083,-0.06131746509878222,-0.09315744012118732,0.12871483716338616,0.3020068781920964,0.26705653021442494,0.8576998050682261,0.8693957115009746,-0.011695906432748537,-0.21630111601313462,0.3899305626204088,False,-0.04620908722542172,False,-0.004534136960379187,0.012125860707630887,0.004554788997519488,-0.026804456347315875,False,297.9196131473694,False,True,0.7126591494650422,1.0262323161229656,0.011868126359973585,False,1.1170209347019842
MO,117,0.6469144703463376,Altria,Consumer Staples,SP500,67.33999633789062,-0.020081560801788023,-0.02335026369268911,-0.0009419664029719499,-0.04367491793962497,0.05226007206222105,0.7699805068226121,0.5107212475633528,0.543859649122807,0.12475633528265107,-0.08681932439601947,0.29024434115829356,False,-0.018243353293024178,False,-0.0069502159706764655,0.03126593054393423,0.006998859556140102,-0.01793342169221024,False,599.2028537990494,False,True,0.4704483485925926,0.7432506669524362,0.0026193291906047023,False,0.8566725458807257
STLD,118,0.6452670870479091,Steel Dynamics,Materials,SP500,221.61000061035156,0.001084182583267479,-0.05185629356260102,-0.045049528647396975,0.0017161714987932175,0.2369133225807496,0.5886939571150097,0.631578947368421,0.8206627680311891,0.5029239766081871,-0.21260303950128567,0.5885693141048127,False,-0.060269467250628095,False,-0.08700225622469027,0.029666135477321554,0.09529295862761922,-0.03412296056832953,False,271.37621545770264,False,True,0.8888797626761235,0.7959849319285459,0.0022586620184696926,False,1.0750908527481196
NEM,119,0.6436918018028328,Newmont,Materials,SP500,115.33999633789062,-0.01494576867993036,-0.06645088232355478,-0.08313422621625155,0.2388005716994981,0.07020763360832105,0.31189083820662766,0.9395711500974658,0.5769980506822612,0.13060428849902528,-0.14473808224516094,0.48062827943009223,False,-0.06760550596163362,False,-0.013296397055798992,0.039809305424258534,0.013475573633383142,-0.03775936566571614,False,881.328972155777,False,True,0.7441770674597964,0.6950208299417402,0.0026475804738577136,False,0.7748491930074799
JNJ,120,0.6423694319512632,Johnson & Johnson,Health Care,SP500,264.739990234375,-0.010576735106242907,-0.016458085865306615,-0.004175346412098269,0.047506376355456625,0.09464779060643291,0.7641325536062378,0.7290448343079922,0.6276803118908382,-0.13450292397660824,-0.04916856230121591,0.4555656088857456,False,-0.018026742454098743,False,-0.0024394432100171004,0.10655393579033734,0.0024454086455332202,-0.014590730877276359,False,1771.0563742880859,False,True,0.5686529047943604,0.8849271868062505,0.0012706817976002593,False,0.9452432693342572
DVN,121,0.6408418306039071,Devon Energy,Energy,SP500,46.040000915527344,-0.012017115384772792,-0.04163197256213136,-0.04477063584106,0.15125902366989497,-0.07258021447184315,0.5925925925925926,0.8752436647173489,0.2631578947368421,0.3528265107212476,-0.10374949948849799,0.48750841407030365,False,-0.046484496065328784,False,-0.012140897888704205,0.047141527026315355,0.012290110869815463,-0.02645542412554014,False,537.2330350155411,False,True,0.9387234790073262,1.0127132131027639,0.004077305743084292,False,0.8440803617192776
TEL,122,0.6396012863208249,TE Connectivity,Information Technology,SP500,211.0800018310547,-0.0071028483599762104,-0.01543914160183335,0.028404393817562434,0.051947023868186504,0.017717473014925655,0.8557504873294347,0.7407407407407407,0.4756335282651072,0.47173489278752434,-0.14307157546453453,0.08620970706742193,False,0.011389400030259678,True,0.014193848239593354,-0.00960126801437533,-0.013995202459796685,-0.004603942155694485,True,462.1636584017944,True,False,0.9484961981718582,0.7555074707270659,0.0007526396578654282,False,0.7418804446948583
ALLE,123,0.6385467092388507,Allegion,Industrials,SP500,153.77000427246094,-0.010679974789569502,-0.0020766569734221862,-0.006014725523652453,0.10281010283111391,0.06650389228740061,0.7524366471734892,0.8187134502923976,0.5633528265107213,-0.04678362573099415,-0.13478956974341616,0.23320609236767753,False,-5.442804197786089e-06,False,-0.024173745900220367,0.030018136964682807,0.024772592250575487,-0.0021927872997835607,False,207.92853655859375,False,True,0.5608466589713095,0.6905878055921976,0.0033455851313435314,False,0.5041701104515741
BMY,124,0.6384395158367762,Bristol Myers Squibb,Health Care,SP500,62.400001525878906,-0.0073178345530735545,0.020441536693519113,-0.06600802565285513,0.11807919710501324,0.05119626710553837,0.43664717348927873,0.847953216374269,0.5360623781676414,-0.06237816764132553,-0.08356579700453526,0.5142839633397407,False,-0.02187456544401767,False,-0.03255511655226173,0.0645017666940424,0.03365061628755872,-0.006681453440832041,False,718.8150106423722,False,True,0.7052015680751383,1.2751492518627419,0.006681485282648003,False,1.4398662357161744
TRGP,125,0.6379148022262658,Targa Resources,Energy,SP500,270.30999755859375,-0.011627455443821044,-0.04487478099290121,-0.07948236616043758,0.053392344591496776,0.0885773898603417,0.3391812865497076,0.7446393762183235,0.6120857699805068,-0.007797270955165692,-0.10567411891284118,0.8873720100156763,False,-0.054294701949209156,False,-0.03895352840504829,0.10012748026527762,0.040532408740236114,-0.030853580327007468,False,339.4200162904663,False,True,0.5218178377665901,0.8746584989083604,0.0034370634208611417,False,1.0144332910860432
TT,126,0.6370498163216259,Trane Technologies,Industrials,SP500,451.9800109863281,-0.007923759039004774,0.03406624441920836,0.019461233956827417,-0.06506960996677913,0.08959217249456941,0.8245614035087719,0.4327485380116959,0.6159844054580896,0.11695906432748537,-0.1001299817291611,0.20918073929897552,False,0.0288354953807064,True,-0.005173805450662594,0.015246231434811852,0.005200712927554418,0.013925771897916883,False,506.151409321106,False,True,0.7156767643646853,1.1881104974744812,0.0026998200053012233,False,1.6018210942201714
DAL,127,0.6349885367909882,Delta Air Lines,Industrials,SP500,83.45999908447266,-0.01661368700929089,0.020917419993549347,0.06999998826247,-0.10094483533493315,0.26185376859815856,0.9200779727095516,0.2962962962962963,0.8440545808966862,0.05458089668615984,-0.1067043541763586,0.5115178726133625,False,0.03243522329045612,True,-0.006778573629499074,0.10693693849575348,0.006824836284764713,0.005319986859832149,False,493.4062802537079,False,True,0.736702806733352,1.1201381162218924,-0.00023570486406920832,False,1.1212883260207935
EQIX,128,0.6331664396913136,Equinix,Real Estate,SP500,1011.5800170898438,-0.0036345035019451633,-0.02513348903377688,-0.03357149437941487,0.0027558998188366157,0.042031190781990135,0.6549707602339181,0.6374269005847953,0.5146198830409356,0.2943469785575049,-0.089186207939565,0.4144359675126681,False,-0.015298873834845739,False,-0.029483711777131605,0.034959881787949953,0.030379409531724466,-0.010053791422616865,False,585.0123241713867,False,True,0.9240359675547567,0.978917378917379,0.00788953639084422,False,1.100453180297192
EME,129,0.6315350781825189,Emcor,Industrials,SP500,754.489990234375,-0.009894674451946694,0.003578082581915387,0.027159872578492283,-0.061480081865632696,0.02295193859622402,0.847953216374269,0.45419103313840153,0.4834307992202729,0.34307992202729043,-0.2001274457651816,0.2994024766252774,False,0.002482635006874956,True,-0.02178094445571266,-0.02102353139216162,0.022265917160644078,-0.0026574517058631786,False,298.000107626709,False,False,0.5340167027329417,0.9334103950790571,-0.0005118100776124734,False,1.0515418982238205
CSCO,130,0.6293246434198128,Cisco,Information Technology,SP500,107.62999725341797,0.0064521675356215,0.011274987736553,-0.025884701472054017,-0.07672307639446774,0.39989731444731547,0.6842105263157895,0.3898635477582846,0.9142300194931774,0.2222222222222222,-0.16897971671999534,0.6187259259871227,False,-0.009100679227435071,False,-0.04053075676132156,0.10984525929955424,0.042242893190104214,0.00016189125670185156,False,2178.1005595040892,False,True,0.8132976270704293,1.0375586476068015,0.000841559153132998,False,0.8783617553058648
CI,131,0.6280699847030057,Cigna,Health Care,SP500,271.8299865722656,-0.012461029832411596,0.013270204288159615,-0.009927154994377907,-0.013464876887522736,0.030640863517558792,0.7387914230019493,0.5964912280701754,0.4951267056530214,0.20857699805068225,-0.10613889675252353,0.1373955486130749,False,-0.01975735879554319,False,-0.024279742345726496,-0.019536877910069306,0.024883917449963988,-0.005156972683975525,False,464.1286573588257,False,False,0.8676243959466798,1.2267675352573082,-0.004468542260735342,False,1.8829710361995542
ROK,132,0.6271767699309155,Rockwell Automation,Industrials,SP500,435.3299865722656,0.00880584850118904,0.005636470792262704,0.025681488312751632,-0.09558223637910634,0.22051390823035533,0.8440545808966862,0.3079922027290448,0.7953216374269005,0.12085769980506822,-0.11797894535336195,0.3218075606106361,False,0.022022533355010587,True,-0.0054936926549522536,0.03333449553247658,0.005524040033107802,0.01215377603417589,False,337.46898390216063,False,True,0.5712106366651164,0.6744291940415014,0.012536796230651515,False,1.0773966001276332
HLT,133,0.6270222741023029,Hilton Worldwide,Consumer Discretionary,SP500,318.1199951171875,-0.016448204563634716,0.035479440964697906,0.005817618391906532,-0.041717308078586424,0.04713503761452875,0.7933723196881092,0.52046783625731,0.5263157894736842,0.2923976608187135,-0.09124309354215132,0.2414568940794921,False,0.025550080243370354,True,0.001202698834031457,0.008258176830285624,-0.0012012540871414457,0.010373038884831987,False,592.7984900108643,True,True,0.7867472005402296,0.8468087525596593,0.004730394409312666,False,0.7130889515289712
MDLZ,134,0.6253493322346964,Mondelez International,Consumer Staples,SP500,57.81999969482422,-0.016666659097822834,-0.05059680458574822,-0.06023308593084453,-0.017163686200797335,0.02047670424038195,0.4834307992202729,0.5867446393762183,0.4775828460038986,0.15399610136452246,-0.10245677929939934,0.15180628406528385,False,-0.048049081742794764,False,-0.059666899509626004,-0.011800320934493236,0.06345293968542665,-0.030403481081003103,False,506.10861972760773,False,False,0.593522166710244,0.9232778926063893,0.0039115568915069066,False,1.3419260259958934
ADP,135,0.6250676157669669,Automatic Data Processing,Industrials,SP500,258.05999755859375,-0.014285677649964579,-0.021313695666314025,-0.09242543571276629,0.10173309638215144,0.28793169176978806,0.27485380116959063,0.8148148148148148,0.8615984405458089,-0.09941520467836262,-0.09659270525192676,0.38610086424461154,False,-0.041051130372925626,False,-0.042060467236428534,0.0981753312679221,0.04390722566286387,-0.022755758855056096,False,613.99567538797,False,True,0.7332985088969854,0.8418932244966714,-0.0007638720350562345,False,1.1045619941434155
NWS,136,0.6244790057335119,News Corp (Class B),Communication Services,SP500,31.719999313354492,0.006984105185856793,0.01601537511200779,-0.07540169541411801,0.08770688397936688,0.11593923402849304,0.3742690058479532,0.7992202729044834,0.6569200779727096,0.09941520467836251,-0.09922349911793271,0.24494119577548013,False,-0.03423852861160004,False,-0.03495284441734703,0.055842292613599076,0.03621879429948072,-0.010768640046954991,False,38.157912986675264,False,True,0.8618302488638848,0.7171836802342444,-0.0003174675835503349,False,0.5897814733369984
WSM,137,0.6229248921390234,"Williams-Sonoma, Inc.",Consumer Discretionary,SP500,227.94000244140625,-0.008784154694230661,0.00048281880993505943,-0.0013581492161829356,0.00241540204482793,0.2593228040447979,0.7680311890838206,0.6354775828460039,0.8401559454191033,-0.09551656920077978,-0.09468582275587378,0.3561496592167268,False,0.007111292603832142,True,-0.02240146784970609,0.09850253082460614,0.02291479284490383,-0.0030062823675799377,False,247.53903447842407,False,True,0.7292671213048942,0.7916167169608532,0.0113062739990335,False,1.1398340406183691
SNPS,138,0.6220915683424696,Synopsys,Information Technology,SP500,434.94000244140625,0.04782096961777271,0.05297052489259446,-0.010578024830460775,-0.04309945744065802,0.09700360772135963,0.7348927875243665,0.5146198830409356,0.631578947368421,0.38011695906432746,-0.1863588663053075,0.18286643459918062,False,0.08165508859606052,True,0.07919881593179423,-0.021585120815838965,-0.07338667793423492,0.046357319043962786,False,766.532434026123,True,False,0.9053792961483894,1.2148647026490862,0.014864278788139895,False,2.4302070645554203
FDS,139,0.6211893889976081,FactSet,Financials,SP500,269.95001220703125,0.03838908696952137,-0.03392613791372601,-0.13905271020047294,0.10351167512373727,0.25484770378421673,0.09941520467836257,0.8226120857699805,0.8362573099415205,0.01949317738791423,-0.13905271020047294,0.4400425481967889,False,-0.03361144607084965,False,-0.03907780794797011,0.09076906460948453,0.04066698456044637,-0.007065392328407527,False,246.50435915032958,False,True,0.9159293347674953,1.053866516012338,0.007770085025914142,False,1.7261061250196819
TRV,140,0.6189226872355927,Travelers Companies (The),Financials,SP500,356.510009765625,-0.018446578692981164,-0.01076612759817297,-0.022411582588259704,0.06906019482831649,0.23157038475794978,0.7037037037037037,0.7602339181286549,0.8148148148148148,-0.18908382066276808,-0.09941862912293897,0.38379296812487795,False,-0.03250478071646312,False,-0.03971781191871504,0.12336015352831087,0.04136056298000712,-0.01996112997174404,False,615.9097789940186,False,True,0.658665939043641,0.605215435949514,-0.0025604820838093234,False,0.7000642490431184
ICE,141,0.6168377564916859,Intercontinental Exchange,Financials,SP500,152.02999877929688,-0.0010513414780380925,-0.02763036236377614,-0.05080562700901836,0.20362601312514417,-0.02656378247612412,0.5536062378167641,0.9200779727095516,0.3567251461988304,0.24561403508771928,-0.12280622053863832,0.24103431670879671,False,-0.02450590833577393,False,-0.016596325123097166,-0.013411953316069258,0.016876411535857505,-0.012390526416353853,False,544.2768281089477,False,False,0.9248406510140527,0.6941897082742153,0.0005256707390191018,False,0.7926872284791647
COIN,142,0.6166781108021195,Coinbase,Financials,SP500,186.41000366210938,-0.018998002995386454,-0.059153086013575384,-0.009089897403053326,0.17062294167097147,0.06757919369171717,0.7426900584795322,0.9005847953216374,0.5692007797270955,0.4580896686159844,-0.518656211557027,0.32121347012926216,False,0.004207331850206941,True,0.08418124696863072,0.0014672212747117719,-0.0776449945099138,-0.021815659607968163,True,1625.4430253027344,True,True,1.1987383413088804,0.7397952151036394,0.028839046438929428,False,0.8820675011425991
AVY,143,0.6156727435025922,Avery Dennison,Materials,SP500,170.6699981689453,-0.0006441071035122592,-0.011525573097162956,-0.014060857277371164,0.05236551584499893,0.00047478823487634436,0.7192982456140351,0.7426900584795322,0.43079922027290446,0.031189083820662766,-0.12069863751486887,0.12189967564795934,False,-0.0023498947325777397,False,-0.011442731506625892,-0.0024699707005186866,0.011575183220356333,-0.001098440568044201,False,166.08081898876952,False,False,0.647296378409127,0.6623389017518527,-0.0027520858652219093,False,0.8513277855329161
MA,144,0.6148550600244904,Mastercard,Financials,SP500,551.469970703125,-0.02148771428989149,-0.015091463896524493,-0.06421073291176671,0.05733563072798109,0.10744040509350183,0.45419103313840153,0.7485380116959064,0.645224171539961,-0.10721247563352831,-0.08066884911497696,0.17144403522623097,False,-0.030205144127191552,False,-0.03234278493484133,0.037939758750479946,0.03342380383394716,-0.02058517269915916,False,1640.3325680078126,False,True,0.6948081375881974,1.0907161058831871,-0.00234218262569863,False,1.7756813550283461
BRK-B,145,0.6139002376565461,Berkshire Hathaway,Financials,SP500,497.95001220703125,-0.008758821226286018,-0.018179310638634316,-0.012062747429697929,-0.003581818670353454,0.03912771185802755,0.7251461988304093,0.6237816764132553,0.5087719298245614,0.050682261208576995,-0.05944235525477992,0.06993987696051995,False,-0.01848119109109969,False,-0.01769894917518,0.010491727877069756,0.018017846117866387,-0.011899108528309,False,2228.5930001622924,False,True,0.8029483816255893,0.9038605523038162,-0.0018314191630461885,False,1.6228219941780062
HAS,146,0.6129755515119611,Hasbro,Consumer Discretionary,SP500,87.68000030517578,-0.006571513902293491,0.013407347516377177,-0.0682252738899981,0.08443293702370136,-0.04848936707498308,0.42105263157894735,0.783625730994152,0.3060428849902534,0.10526315789473684,-0.15352624693355266,0.2756678018005039,False,-0.019266797287237236,False,-0.043364524609997734,-0.016546688631275064,0.045330249322312444,-0.006158424372961324,False,154.69248620967102,False,False,0.546616797770968,0.9580346987564348,0.0,False,0.6894125191929075
AMT,147,0.612709093891502,American Tower,Real Estate,SP500,163.69000244140625,-0.01129496946583175,-0.031152427395957805,-0.058282342150892674,-0.0037344675792641002,-0.022434834003916437,0.5009746588693957,0.621832358674464,0.3684210526315789,0.40740740740740744,-0.13950542121174936,0.020663715685905082,False,-0.04547196346145588,False,-0.044008301335165756,-0.05572961182409808,0.046034187740990884,-0.024217359548087236,False,447.78354705773927,False,False,0.7562741229767737,1.0792207950771635,0.01214067283924436,False,1.0602808895293017
CBOE,148,0.6107435636274858,Cboe Global Markets,Financials,SP500,275.2900085449219,0.05172878145146842,0.023877760792669234,-0.08297802348165906,0.11438209888382089,-0.015784946349184925,0.3157894736842105,0.8401559454191033,0.38011695906432746,0.4990253411306043,-0.24561403068623033,0.19240956949107568,False,-0.004854769169216788,False,-0.042798592784624834,-0.036202200346589164,0.044712212562590725,0.029246566210494818,False,307.11418861782835,False,False,0.9095564163742885,1.4062400735445246,0.0052339832557306565,False,2.19563406610701
BLK,149,0.6106357980186388,BlackRock,Financials,SP500,1058.2900390625,-0.009035997221944037,-0.0024507494179771827,-0.07951554097750757,0.08500884544743403,0.11230542059379411,0.33723196881091616,0.7875243664717348,0.6510721247563352,0.03898635477582846,-0.10118481292135628,0.15908029088269204,False,-0.015916645105287786,False,-0.04247493363105237,0.006948953589071216,0.04435908272576361,-0.010678910956186227,False,646.3020833564453,False,True,0.8621048693574163,0.8324504623965332,-0.0005618064861844241,False,0.9271721501779983
CHD,150,0.6099573515218794,Church & Dwight,Consumer Staples,SP500,94.22000122070312,-0.0076882122275052645,-0.01874604754522513,-0.0557225659111491,-0.02780274169992447,0.01602909276634845,0.52046783625731,0.5633528265107213,0.4678362573099415,0.05653021442495132,-0.09922254212801385,0.16675108168851582,False,-0.015881465106074022,False,-0.04284314865346528,-0.012833584499436945,0.04476084415338333,-0.011515191613678866,False,180.70466975202942,False,False,0.5597323808749305,0.9161420214936743,0.0051606688669108,False,1.3100004726069328
VRTX,151,0.6099003215802061,Vertex Pharmaceuticals,Health Care,SP500,522.8099975585938,-0.007442110864218865,0.012530445765607912,-0.03987001614990271,0.04979817133523112,0.17080213990724435,0.6101364522417154,0.7368421052631579,0.7348927875243665,-0.18908382066276808,-0.06299738875518412,0.297617288355972,False,-0.0023433529117159457,False,0.011457412314478388,0.10507396989830387,-0.011327627021152531,0.0007704022499286367,True,589.7521185458374,True,True,0.6413802190179848,0.7590515776540402,-0.002790748120729436,False,0.9992867220430792
AVGO,152,0.6097498311990023,Broadcom,Information Technology,SP500,351.19000244140625,-0.011010992945377662,-0.010704492795585274,-0.049982403556174004,-0.04741023472884276,0.13852973091909537,0.5614035087719298,0.49122807017543857,0.6842105263157895,0.442495126705653,-0.2682552069870797,0.20100319166988978,False,-0.010723334642778748,False,-0.062128312894017546,-0.04108888322954363,0.0662439369352632,-0.00598983035134204,False,8403.50589226123,False,False,0.6942362708099221,0.8615223004435814,0.005068960185948379,False,0.8710995425690178
COP,153,0.6088600496675478,ConocoPhillips,Energy,SP500,125.1500015258789,-0.002311869498430541,-0.022952571598614635,-0.05540043522500926,0.22054572706414444,-0.03847723862587793,0.5243664717348928,0.935672514619883,0.32748538011695905,0.1500974658869395,-0.11379407701398836,0.5070691492968245,False,-0.052880502432911536,False,-0.017809671332265742,0.0882286437655988,0.01813260710520659,-0.02050792701647086,False,865.3947667992401,False,True,0.9987831481222115,0.9019449917441399,0.0039062328940755453,False,0.9594122557865088
PKG,154,0.6077041919868164,Packaging Corporation of America,Materials,SP500,229.25999450683594,-0.01723252869297298,-0.04863474740017093,-0.013662465628676679,-0.030202918689231084,0.09447913441002487,0.7212475633528265,0.5497076023391813,0.6257309941520468,0.011695906432748537,-0.10366383370632992,0.22635462312986387,False,-0.018910353256534007,False,-0.05199572470838831,0.025408649521883486,0.054847563522215204,-0.021687657599202437,False,153.53773179205322,False,True,0.7212552560748121,0.9035178308540792,-4.2843393725289225e-05,False,0.9151861491456377
EOG,155,0.6077026661020893,EOG Resources,Energy,SP500,137.75999450683594,-0.013604533190979207,-0.028764819066515845,-0.04966895608140509,0.07926261584910432,-0.032579912913066056,0.5653021442495126,0.7758284600389863,0.34502923976608185,0.21442495126705652,-0.10394178753323036,0.38723892291462736,False,-0.04605279076799651,False,-0.0465037508734113,0.05577390709621044,0.0487718236081256,-0.02380688293100941,False,439.1048370126648,False,True,0.8641626033650643,0.9193570844969406,0.0017900615311801094,False,1.183529107052479
T,156,0.6071474347970383,AT&T,Communication Services,SP500,24.399999618530273,-0.00326797080073582,-0.03557310852452178,-0.05755117057723491,0.2073590362742077,-0.13813371302458533,0.5087719298245614,0.9220272904483431,0.16374269005847952,0.36257309941520466,-0.14139161436036707,0.2073590362742077,False,-0.044111898150422046,False,-0.020654569414900736,-0.015335945182208377,0.021090177959538714,-0.02534501218679741,False,1106.2204056098176,False,False,0.7730350451619141,0.7139302510424143,0.0024510365364791564,False,0.8442730656969633
VLTO,157,0.605056591249814,Veralto,Industrials,SP500,94.31999969482422,-0.02279324989902043,-0.014945403608525032,-0.04182775763465196,0.04546204489985173,0.06973830559113359,0.6003898635477583,0.723196881091618,0.5750487329434698,-0.1150097465886939,-0.11469953934369226,0.1502645540059646,False,-0.013070479882766106,False,-0.020538796781291113,0.016826026528396376,0.020969484767540125,-0.014122325343754127,False,158.7178298788452,False,True,0.6469386959821404,1.0719806634325804,-0.0055947046376314535,False,1.3641683745552755
BF-B,158,0.6046430764887867,Brown–Forman,Consumer Staples,SP500,26.200000762939453,-0.0034233605726021743,-0.0034233605726021743,-0.005535370983663301,0.022954914338247923,0.008065864906578346,0.7543859649122807,0.6686159844054581,0.4522417153996101,0.1228070175438597,-0.12891018222288453,0.16900276941830983,False,-0.005728419169938936,False,-0.03393425806901629,-0.013867891927825116,0.03512624099596784,-0.00035727089384196553,False,62.336993290557864,False,False,0.7607609346333818,0.7859334907068146,0.011791534999882503,False,0.9553948739030312
DGX,159,0.6026931865432227,Quest Diagnostics,Health Care,SP500,233.07000732421875,0.004742018785735436,0.00030046061896449316,-0.03008737259974903,0.08331460961037629,0.19929787435512458,0.6666666666666666,0.7816764132553606,0.7699805068226121,-0.15594541910331383,-0.05811270883560049,0.3609544239708693,False,-0.022484463777424857,False,-0.017635904898192556,0.13889899833640307,0.017952513722893082,-0.013700402464331574,False,251.93962898205567,False,True,1.0159215412948115,0.9977772567409144,0.005862829690023608,False,1.0233119745735648
VZ,160,0.599996757494955,Verizon,Communication Services,SP500,45.869998931884766,-0.0023923577957088993,-0.013972517615709279,-0.08296684302078572,0.11102513109206669,-0.05670059744294609,0.31773879142300193,0.834307992202729,0.29239766081871343,0.2865497076023391,-0.10845484447638887,0.2545626335272928,False,-0.05828494614384294,False,-0.04916880315516525,0.008392349457473802,0.0517113903270352,-0.024286559461939694,False,1038.23489613488,False,True,0.7952519364797759,0.8369686613861324,0.0023923577957090103,False,0.9229370006616616
MCHP,161,0.5976877124317643,Microchip Technology,Information Technology,SP500,77.7699966430664,-0.012820540135574321,0.02965706209416119,0.05881551905125848,-0.11784977793216644,0.21700333194999555,0.9025341130604289,0.23391812865497075,0.7914230019493177,0.18323586744639375,-0.23826399136983023,0.6280490375898635,False,0.048897721006938566,True,0.027196901014664432,-0.003528493996301507,-0.026476813732400628,0.016931830867347397,True,712.1914446926575,True,False,0.5763318492910183,0.8797174218924303,0.0036811490228603194,False,0.6025317190904196
PSKY,162,0.5966077675162029,Paramount Skydance Corporation,Communication Services,SP500,10.329999923706055,0.03403405008785443,0.037148582745178294,-0.04878680204739616,0.02042625478027915,0.15604571762779762,0.5730994152046783,0.6627680311890838,0.7173489278752436,0.3313840155945419,-0.44999431297717674,0.32877535250583656,False,-0.011698953048006389,False,0.05031084650073692,-0.01661180919896199,-0.04790091111441408,0.011007644460794497,False,163.55804238816071,True,False,1.2689623138458346,1.2933428897742145,0.013013024766703074,False,1.9805832003927621
ISRG,163,0.5955882857829506,Intuitive Surgical,Health Care,SP500,406.6300048828125,-0.013464961646826756,0.020913927554960354,0.07899490709653967,0.010562155048528643,-0.11792009914125245,0.9337231968810916,0.6491228070175439,0.18908382066276802,0.4795321637426901,-0.3141097720702043,0.22471543382307724,False,0.056728041444096045,True,0.07679761509735172,-0.09387858265276872,-0.07132038000512142,0.011375456512231708,False,1008.4531564368897,True,False,0.5763080839867393,0.7567444123252434,-0.01001990624533089,False,0.6012007339832657
MMM,164,0.5951326184563387,3M,Industrials,SP500,164.14999389648438,-0.025758273222062256,-0.03611279533215461,-0.044695384116455905,0.03068623671226911,0.14109504343279755,0.594541910331384,0.6900584795321637,0.6900584795321637,-0.06822612085769986,-0.10290249656616979,0.1736631250431624,False,-0.013838738534537653,False,-0.052928330589155026,0.029228356940803613,0.05588629910351006,-0.018731249162013075,False,527.9874048952331,False,True,0.8511809518969842,1.0217200325177667,0.004154530983563776,False,1.2331186708721962
PG,165,0.594719866637675,Procter & Gamble,Consumer Staples,SP500,145.27999877929688,-0.02049628097898215,-0.014315765106786116,0.0011025611045547556,-0.007227033756743717,0.020954341340240212,0.7777777777777778,0.6120857699805068,0.48148148148148145,0.12475633528265107,-0.11802239119129376,0.07587416534485736,False,-0.007463846190364332,False,-0.003806502597346495,-0.006110991405483879,0.003821047424291679,-0.01068814819117836,False,1258.8164098626403,False,False,0.8616083106194442,0.8868826685102066,0.003910373136631673,False,0.996291663618003
GPC,166,0.5946893489431341,Genuine Parts Company,Consumer Discretionary,SP500,125.73999786376953,-0.009531304557383935,-0.023454463901099953,-0.06597772695118698,0.07937640951483704,0.21134196107681213,0.43859649122807015,0.7777777777777778,0.7855750487329435,-0.20662768031189083,-0.13390853826443205,0.3853077963417637,False,-0.04236679800083909,False,-0.04091439066465086,0.06494037223894789,0.04265978997746056,-0.020484817974728897,False,144.35215442549134,False,True,0.5142149137799585,0.6242319046231423,0.007325721366932658,False,0.7089807068465085
SJM,167,0.592603083050091,J.M. Smucker Company (The),Consumer Staples,SP500,118.91000366210938,-0.014830102165622971,-0.028592434403164613,-0.09339737464141962,0.044962400984073225,0.25836421562215905,0.2651072124756335,0.7212475633528265,0.8382066276803118,-0.24756335282651076,-0.10148098116529924,0.3554858408535806,False,-0.031586803123628715,False,-0.026518077948663454,0.11259782518586614,0.027240442116053032,-0.017347241426019844,False,164.9445570942383,False,True,0.46975809769382554,0.828161506737875,0.0024855265894203615,False,0.877303971187119
GPN,168,0.5925397588339189,Global Payments,Financials,SP500,81.66999816894531,-0.01992084034121233,-0.027738117036365306,-0.1004807984395163,0.09128886499290823,0.22162426675896763,0.2222222222222222,0.8070175438596491,0.7992202729044834,-0.08771929824561409,-0.13633632945541985,0.31607677533558287,False,-0.061566120094998844,False,-0.06995682316048624,0.07370376890203767,0.07521889832923079,-0.03438922590185667,False,244.02159109588624,False,True,0.6858373293412398,0.7539813609486616,0.0008400299206297035,False,0.8477990751806074
SNDK,169,0.5909488332703906,Sandisk,Information Technology,SP500,1739.8900146484375,0.00585630655444791,-0.042211384041263456,0.11054450046227315,-0.14384759537302683,1.7385178661885865,0.9551656920077972,0.18128654970760233,0.9922027290448343,0.05847953216374269,-0.2548650900863223,13.882302285072438,False,0.027400109741503753,True,0.1344349428228011,0.5392426226953535,-0.11850388043256876,0.002224066212275666,False,19529.10361560962,True,True,0.552212062064103,0.5226715601063431,1.1573588900803955e-05,False,0.4529814532257697
HOOD,170,0.5900670626337534,Robinhood Markets,Financials,SP500,112.5,-0.032008270363367175,-0.08312956154795015,0.07337088656172486,0.03543486810908214,0.6233765518881373,0.9259259259259259,0.7056530214424951,0.9473684210526315,-0.08187134502923976,-0.2621015673235739,0.7265192399830833,False,-0.033015012904904384,False,0.0710287224487347,0.1919907760239603,-0.06631822374131946,-0.03638426764855218,False,2217.3864768338926,True,True,1.1777673178920538,0.8807543613057863,0.05498192499166943,True,1.699087959417242
OXY,171,0.5900626757151631,Occidental Petroleum,Energy,SP500,55.31999969482422,0.006916655944918304,-0.03556486913912604,-0.07653966083424446,0.1592374925858009,-0.14106870677522365,0.36257309941520466,0.8869395711500975,0.15984405458089668,0.45029239766081874,-0.1571477293016612,0.4413059030326667,False,-0.06215325818473327,False,-0.049167108025482076,0.035674633867720074,0.05170951535277735,-0.02668047282424213,False,486.40536411006167,False,True,0.9397524016678409,1.1554341087270723,0.0029122652240898272,False,1.2217025805770978
WELL,172,0.5888301423268979,Welltower,Real Estate,SP500,230.24000549316406,-0.011421161326876539,0.0016096506018017376,-0.02539789984966634,0.003993147646057071,0.17292069827956436,0.6881091617933723,0.6393762183235867,0.7387914230019493,-0.23391812865497075,-0.08315481324903395,0.4079166689993525,False,-0.015449846204013906,False,-0.02499046993208487,0.08331477242207241,0.02563100068400792,-0.007863532007082008,False,671.7360555956116,False,True,0.6348586168002547,0.8628045869859436,0.0012881196205232204,False,1.0537186158362393
ESS,173,0.5884311234707775,Essex Property Trust,Real Estate,SP500,269.3900146484375,-0.007186488227945875,-0.005516464109410868,-0.038869748875425936,-0.07865907595288801,0.1337299272951027,0.6140350877192983,0.38011695906432746,0.6744639376218323,-0.07017543859649122,-0.08838728492753667,0.15739411509495893,False,-0.006780666908718258,False,-0.035027191999847385,0.023825725505614237,0.036298631121470804,-0.003256479904058196,False,139.6096639091797,False,True,0.5600262542822736,1.2089927053852594,0.004311982912675427,False,1.4356105737191784
STT,174,0.587925483419355,State Street Corporation,Financials,SP500,174.58999633789062,-0.01794353956187411,-0.029786055577946002,-0.08773125779363877,0.028997455189728516,0.39563329504730715,0.2884990253411306,0.682261208576998,0.9122807017543859,-0.19298245614035092,-0.1012560420321289,0.6017023896406373,False,-0.05829875798706141,False,-0.06421184054751361,0.13653950800450776,0.06861792372440667,-0.030340761290217788,False,323.4545514818115,False,True,0.8110722279290608,1.299418254764293,-0.0017437144826319972,False,1.3458098902987063
UHS,175,0.586642023628325,Universal Health Services,Health Care,SP500,174.25999450683594,-0.008365112709513123,-0.0393075963768893,0.0242754923028905,0.15861906011703764,-0.023827799586736198,0.8401559454191033,0.884990253411306,0.3645224171539961,0.050682261208576995,-0.28323804376123596,0.23584930570269802,False,-0.006799576693904075,False,0.016175497301759156,-0.036607265924768484,-0.01591801548522842,-0.013807329859567119,True,140.2878292220459,True,False,0.8224337447982368,0.8600235082826543,0.0007397990438358093,False,0.7261226270044517
DLR,176,0.5829119984130798,Digital Realty,Real Estate,SP500,175.52999877929688,-0.0058337040866521805,-0.03262605824476239,-0.04772014354644083,0.0023457269143780657,-0.012752096763825826,0.5769980506822612,0.6335282651072125,0.38791423001949316,0.25536062378167645,-0.12749767132406908,0.21086555868962287,False,-0.03831869227645923,False,-0.06248414098426702,-0.017096771243953035,0.06664862293622109,-0.021160299575541996,False,424.45321654904177,False,False,0.7558427182167072,0.704917118315254,0.005890397368049083,False,0.8977564020658619
FIX,177,0.5828036605974601,Comfort Systems USA,Industrials,SP500,1654.0899658203125,-0.006582434573378926,0.01733805337533534,0.07017893857856117,-0.11270053826106319,0.20058528765907613,0.9220272904483431,0.25925925925925924,0.7719298245614035,0.16569200779727095,-0.19915871595939694,1.0961618516102414,False,0.020050842405270553,True,-0.004023924732599382,0.06892136566903795,0.004040182121361813,0.0062038279411478214,False,666.0569803845215,False,True,0.6334681464959245,0.6777428273761821,0.00764540409923975,False,0.7470488195278111
MDT,178,0.5819798735804504,Medtronic,Health Care,SP500,86.29000091552734,-0.009185847468169195,-0.02578169494748961,-0.04029020220917667,0.09845580863397974,0.013071432346225986,0.6081871345029239,0.8109161793372319,0.4619883040935672,-0.10526315789473684,-0.15377236421283014,0.19027304436702597,False,-0.04717118479352267,False,-0.031208828987966064,-0.010854795280765939,0.03221419633228506,-0.026666992500304465,False,806.3674668175964,False,False,0.7350932791288738,2.0489971372692763,-0.005970796474131568,False,3.0854995745193925
REGN,179,0.581474424264619,Regeneron Pharmaceuticals,Health Care,SP500,758.27001953125,0.010339648591826789,-0.05431392007577973,-0.05107122776917761,0.21519319166850726,-0.01598503070656787,0.5516569200779727,0.9298245614035088,0.37816764132553604,-0.04483430799220267,-0.11004308127848383,0.3665364715815651,False,-0.045100395176068786,False,-0.029346031860762012,0.03217772235577554,0.03023325801368637,-0.021427167078119203,False,594.5360413708496,False,True,0.9610149302064752,1.0493928646922046,-0.000892703496873426,False,1.1486111074538594
AIG,180,0.5796027359113156,American International Group,Financials,SP500,74.41999816894531,-0.01129265991802586,-0.015348023736521665,-0.018950104070334373,-0.021896084346712308,0.0021368296286494726,0.7134502923976608,0.5769980506822612,0.4405458089668616,0.07602339181286544,-0.12396792485347863,0.055162273861222966,False,-0.008325075075620858,False,-0.024750286659714793,-0.02421389461336143,0.025378409571578997,-0.0030852428736385384,False,293.80738745751955,False,False,0.9233657039783326,1.590930747543714,-0.0030556096425738977,False,2.5063716573766084
KR,181,0.5791821639334257,Kroger,Consumer Staples,SP500,58.619998931884766,-0.035696692728430346,0.01700207412584276,0.018769516843472722,0.04947026848945035,-0.18002858156385615,0.8206627680311891,0.732943469785575,0.10916179337231968,0.5282651072124755,-0.2151701276330079,0.06288875161445584,False,-0.008205752346626127,False,0.011812440402389823,-0.06849917016178297,-0.011674535645847639,-0.011756267008256938,False,407.28938574603274,True,False,0.9716769557054312,1.3893219718745664,0.0027964824212050043,False,1.080864163155547
MSI,182,0.5780966876857286,Motorola Solutions,Information Technology,SP500,445.9700012207031,-0.00033621872618594395,-0.03142646412991568,-0.07866633840427284,0.06727270031686872,0.03339700277252344,0.35282651072124754,0.7582846003898636,0.49707602339181284,-0.08382066276803113,-0.08980697190702092,0.23703051964602584,False,-0.03237715272535302,False,-0.02758981409938066,0.04212726133177491,0.02837260911024675,-0.017391402694553082,False,431.16195826574705,False,True,0.6196477281847246,0.8113635296277479,-0.00011205010650916503,False,0.8473274462406312
MCK,183,0.5744994144417359,McKesson Corporation,Health Care,SP500,853.8099975585938,-0.012730984103490273,-0.03031232531675898,-0.03456659711372545,0.11282647181098282,-0.011206258806412128,0.6471734892787524,0.8382066276803118,0.39571150097465885,-0.040935672514619936,-0.14063354581763865,0.17994762076312343,False,-0.03624807185170531,False,-0.02343417227833544,0.0103402960537331,0.02399651064281816,-0.017837815256953826,False,821.7286667208252,False,True,0.6712461880892213,0.5880688165636404,-0.0029601507098736546,False,0.7329829606912437
V,184,0.5735447828093827,Visa Inc.,Financials,SP500,359.3299865722656,-0.017902094192451923,-0.006057763078000766,-0.05282444263609065,0.025400298897739537,0.19356757192915874,0.5399610136452242,0.6783625730994152,0.7563352826510721,-0.15399610136452246,-0.06458589870903675,0.22070880478093424,False,-0.027231495395608096,False,-0.02400715487069327,0.0682862330015006,0.02459767506544841,-0.01753524129090589,False,2420.040025573059,False,True,0.8117179979681118,0.8594326430086453,-0.003771741730610567,False,1.1322175221049737
EG,185,0.5726553827491102,Everest Group,Financials,SP500,365.1700134277344,-0.009869537580203702,-0.019309195957346814,-0.020003864001242877,0.020074839700760627,0.1300365041191085,0.7095516569200779,0.6608187134502924,0.6686159844054581,-0.1364522417153996,-0.07911828196968584,0.21891188661795535,False,-0.022091186659554674,False,-0.02064869001173253,0.060569604754946216,0.021084047982720122,-0.013713866190577129,False,135.1234888925171,False,True,0.8222563821652799,0.8963825331660985,0.0005693757123401699,False,1.2249751133724145
CTSH,186,0.5707253293049978,Cognizant,Information Technology,SP500,57.439998626708984,0.010555919643039813,-0.028745363214139896,-0.11056059154387143,0.4067883814388087,-0.05160223724747082,0.17153996101364521,0.9746588693957114,0.3001949317738791,0.23586744639376211,-0.32548696920943,0.4917840944205234,False,-0.04306540925897928,False,-0.011292046020076829,-0.05171496921250118,0.011421012620179694,-0.012164141350657465,False,436.9721949265976,False,False,0.755676025968271,0.8832649157488072,0.0007037458729761692,False,1.452981805191649
HON,187,0.5691714064461,Honeywell Technologies,Industrials,SP500,210.94000244140625,0.0038547448711356846,-0.007668084991531154,-0.012129426088592021,-0.04589432645831881,-0.10258161174923819,0.723196881091618,0.5048732943469786,0.21637426900584794,0.41520467836257313,-0.18221465758721167,0.08350457529146671,False,0.01553097133088488,True,-0.05116970115066388,-0.07812010574917261,0.05392924447366232,0.003039010168585543,False,701.7087358181152,False,False,0.49371972458030106,0.642339388117949,0.003236057012231397,False,0.6026968862668809
FERG,188,0.5680292817279119,Ferguson Enterprises,Industrials,SP500,222.6199951171875,-0.0055835977454042895,0.006556029118988338,-0.008418330746477687,-0.025084767689554366,-0.03836457388796588,0.746588693957115,0.571150097465887,0.32943469785575047,0.216374269005848,-0.162111725833594,0.03901801934417981,False,0.0069794516095667,True,-0.03980583481187305,-0.05771017649808696,0.041456026556955905,0.0023108579149719866,False,628.2899912211609,False,False,0.6463106836366084,0.5835476568154867,0.004422233951655086,False,0.5849453221705369
TRMB,189,0.5658596643816544,Trimble Inc.,Information Technology,SP500,57.11000061035156,-0.004011153498853726,-0.03725554780583529,-0.04721384853513144,0.08615440512634942,-0.1244826357305241,0.5789473684210527,0.7914230019493177,0.18518518518518517,0.34307992202729043,-0.316211651032284,0.1686106375805687,False,-0.017867880224409993,False,-0.014525852820277518,-0.09201044480162424,0.014739963358600727,-0.011202621067971097,False,179.81200206828308,False,False,0.6566500561443371,0.6746245468669083,-0.0010464139018372398,False,0.7308038127312794
CME,190,0.5629488485292379,CME Group,Financials,SP500,261.9800109863281,-0.0047108511079114734,-0.032570078302158745,-0.07807409548913002,0.13943653475183737,-0.10420006087785783,0.35477582846003897,0.8674463937621832,0.21442495126705652,0.19103313840155944,-0.17019114225333098,0.2041808041239095,False,-0.03842196897331396,False,-0.026684391871360735,-0.045484371284723046,0.027415970368199316,-0.01815249939458019,False,525.2538349290467,False,False,0.7510581297630243,0.8321058347723813,-0.00516684090431363,False,0.9574242255040147
ARM,191,0.5617477865134679,Arm Holdings,Information Technology,NDX,289.6600036621094,-0.013654815208471338,-0.12899926091960545,0.19738745515747813,-0.14167184456590065,0.9147276969819107,0.98635477582846,0.18518518518518517,0.9707602339181286,0.1793372319688109,-0.34087286830587715,1.7705403654432441,False,0.05109607178994513,True,0.09256764389815975,0.3531329917621675,-0.08472486295483617,-0.01442021386593384,True,1392.0224431188049,True,True,1.0891331938483584,1.3856213497584455,0.0011236645117900235,False,0.7992651268076162
SLB,192,0.5603964248520845,Schlumberger,Energy,SP500,48.720001220703125,-0.023059910483502755,-0.06072870206375347,-0.18514483879157018,0.08611207750552152,-0.042040062585601445,0.03313840155945419,0.7894736842105263,0.3216374269005848,0.1442495126705653,-0.18514483879157018,0.5734894627143978,False,-0.0902725002141892,False,-0.07558999007231315,-0.024816629292137793,0.08177106398731704,-0.04684177993813332,False,689.734675482811,False,False,0.6751982304322219,1.1109701786806792,0.0008021037975554091,False,1.005633804957718
BNY,193,0.5595293408559451,BNY Mellon,Financials,SP500,144.6300048828125,-0.01598850804896479,-0.032639888992841315,-0.10323657008001974,-0.005576906109123647,0.22888017614714307,0.21442495126705652,0.6179337231968811,0.8128654970760234,-0.11890838206627674,-0.12260368784315845,0.4087832623242147,False,-0.06942175453410715,False,-0.0846804026912108,0.06505878380995078,0.09251457407902874,-0.03308098731891007,False,490.6767075357971,False,True,0.7835270097399574,1.203973525182801,-0.0008164044133593951,False,1.4158505547681353
ABNB,194,0.5594591501585013,Airbnb,Consumer Discretionary,SP500,160.64999389648438,0.023509091646153557,0.07400716626499881,-0.12318528094010528,0.09055730472457935,0.2721729129666599,0.13450292397660818,0.8050682261208577,0.8538011695906432,-0.16764132553606237,-0.1566929454252789,0.44029041220960297,False,-0.03567669286235564,False,-0.048112852423509156,0.12203830339914634,0.05054470222232199,0.006782917166110236,False,857.403186823822,False,True,0.8294236049075089,1.0694730417171179,0.007262992742645746,False,0.9205487779273055
COST,195,0.5590555536481997,Costco,Consumer Staples,SP500,910.3400268554688,-0.015412236327558393,0.006234126862316058,-0.03554438257879533,-0.013932075010657297,-0.08361808326467901,0.6393762183235867,0.594541910331384,0.24561403508771928,0.2592592592592593,-0.16680003070240468,0.07571514449299532,False,0.0018880554725426713,True,-0.024732262852093845,-0.050676995055720764,0.025359459674551887,-0.0017751340437084373,False,1917.476120708252,False,False,0.8356271130779878,1.4169524495467434,2.158631989757076e-05,False,1.0806605460251393
WRB,196,0.5574924754809398,W. R. Berkley Corporation,Financials,SP500,67.54000091552734,-0.009967755687600555,-0.0019210470952492065,0.0011343984533007667,-0.0427874699337123,0.02967008835344731,0.7797270955165692,0.5165692007797271,0.49317738791423,-0.01754385964912275,-0.11516017588441974,0.07407181377164251,False,-0.020834334563050838,False,-0.03742989018282006,-0.012308844150774823,0.03888536512932972,-0.007705833711082688,False,176.20698729216002,False,False,0.7218914397307012,0.8705581517683958,-0.0011727034538722148,False,0.9131423953410124
MSCI,197,0.5569219853286184,MSCI,Financials,SP500,538.6599731445312,-0.0020380105995095876,-0.030664096973515242,-0.05604240972061636,-0.07120524243482718,0.006546758708910083,0.5165692007797271,0.4074074074074074,0.4502923976608187,0.2826510721247563,-0.1603583854085452,0.06415466950138837,False,-0.025028636605276655,False,-0.039321435060901355,-0.0544061166862958,0.04093089665573424,-0.014912395438600012,False,348.95889821533206,False,False,0.6618914602534507,0.9225451114063974,-0.0013524167325159597,False,1.0263297978725696
PRU,198,0.5548153107273511,Prudential Financial,Financials,SP500,113.58000183105469,-0.012862817303514906,-0.03410149359400749,-0.034183645367572346,0.0344037924355014,0.19210886279931128,0.6510721247563352,0.7017543859649122,0.7524366471734892,-0.14230019493177393,-0.08182506594050598,0.26583815673744926,False,-0.04096863214463731,False,-0.050755980893412156,0.06538441554905661,0.05346989801545732,-0.026762660554545348,False,205.51700161117554,False,True,1.1413783675465543,0.8440309954819593,-0.0011298214512108773,False,0.9190756698061768
HUM,199,0.5541429677694998,Humana,Health Care,SP500,381.57000732421875,-0.013699661022725018,0.018117318338859434,-0.004331611863687246,-0.06802306968423599,1.2058379182856571,0.7621832358674464,0.42300194931773877,0.9766081871345029,-0.39571150097465885,-0.06888721647061591,1.3487060199454173,False,-0.02703527223448632,False,-0.011084682761111186,0.3098153802977077,0.01120893019642999,-0.011210321442865268,False,455.83108999139404,False,True,0.85321154675293,1.2668080904259704,-0.003437812673641849,False,1.1151926844311388
DOC,200,0.5537864829501455,Healthpeak Properties,Real Estate,SP500,19.969999313354492,-0.007948328568435747,-0.024902355482481875,-0.03598233615500257,-0.06369610902944833,0.25332330198837294,0.631578947368421,0.43664717348927873,0.8323586744639376,-0.23586744639376223,-0.11613473949942477,0.3286604471075103,False,-0.02070655149025069,False,-0.04474008689168074,0.08381868471312659,0.04683551175731959,-0.013478822112817368,False,109.96448723209382,False,True,0.6222894762010617,1.0245763500292067,0.0054645114226310465,False,0.8950013616894853
HCA,201,0.5531610609476506,HCA Healthcare,Health Care,SP500,426.739990234375,-0.011329181458932913,-0.022314929680154805,0.03155217906794072,0.08719058887777176,-0.09478561402529795,0.8615984405458089,0.7953216374269005,0.2300194931773879,0.09746588693957114,-0.21299353315262493,0.1856072595024023,False,0.007828830536897646,True,0.03096388557414853,-0.04083569582593227,-0.030033918750611344,-0.006650473667955903,True,587.1797049362793,True,False,0.812951692861871,0.7473843662818086,-0.0031971940486091865,False,0.8715662850763016
PLD,202,0.5521112522554484,Prologis,Real Estate,SP500,129.83999633789062,-0.020888351253387394,-0.030755525302239906,-0.06467366494800209,-0.04334173608436298,-0.0027183480169912233,0.4502923976608187,0.5126705653021443,0.4191033138401559,0.11890838206627685,-0.12787648659385364,0.20395900916531629,False,-0.03433104121463204,False,-0.06238331227470095,-0.04497859889633671,0.0665339184886371,-0.023721948454773933,False,572.3260229389954,False,False,0.7014145991501713,0.9032101905761133,0.0034688689521902294,False,1.5054465823716268
BR,203,0.5512474107643538,Broadridge Financial Solutions,Industrials,SP500,161.10000610351562,0.0009320233495977437,-0.014377429725316637,-0.11123889653665298,0.1501615020507765,0.004373720613469967,0.1695906432748538,0.8732943469785575,0.44639376218323584,0.10136452241715399,-0.30442457610011575,0.19678276463240185,False,-0.0362296006831091,False,-0.03664011006379786,-0.051145264075875496,0.03803366783956963,-0.013702644444478329,False,195.9212989500427,False,False,0.7401005874722548,0.7918444760550024,-0.0009319285450661852,False,0.9029525578648464
TDY,204,0.551245503408445,Teledyne Technologies,Information Technology,SP500,606.8099975585938,0.002014515842441611,-0.02292889544202359,-0.010017153970401815,-0.0822595487663228,0.002975137210814216,0.7368421052631579,0.3684210526315789,0.442495126705653,0.009746588693957114,-0.12221899569840311,0.25252336786516105,False,0.0013440625339831147,True,-0.04477489342199448,-0.02521492153716709,0.046873656391209995,-0.003679428067340562,False,199.8254430793457,False,False,0.5375807077947389,0.884053434187914,0.0028236279688735877,False,0.63602565971716
LH,205,0.5511953399480437,Labcorp,Health Care,SP500,308.1099853515625,-0.002266805519787085,0.013586335337753885,-0.07379912836014668,0.08767986827372898,0.16044757034276946,0.38596491228070173,0.797270955165692,0.723196881091618,-0.16374269005847952,-0.09008495540255945,0.26186534109422466,False,-0.02855445628979847,False,-0.03162483535273808,0.10506835001076253,0.032657627443654746,-0.010386309401666738,False,242.0186198776245,False,True,1.0838453585958145,0.9508286643419661,0.007091747219067024,False,0.8407012869416791
BEN,206,0.54963359692992,Franklin Resources,Financials,SP500,32.119998931884766,-0.006802641648666619,-0.008017209001385028,-0.04984613155512241,-0.04733551871218855,0.38752819527809024,0.5633528265107213,0.49317738791423,0.9044834307992202,-0.18908382066276802,-0.0928780161977123,0.5915325451716735,False,-0.0252676853871997,False,-0.035795436749787135,0.1147250322849993,0.037124317923911576,-0.011853152892618235,False,129.92963328144455,False,True,0.8621903202275003,1.028155715057561,0.0006185613706299886,False,1.1555123286132576
PTC,207,0.5492897006595636,PTC Inc.,Information Technology,SP500,140.3000030517578,0.019918621269217063,-0.000712185534710863,-0.0991396038064476,0.1713141132207765,-0.015369516155372187,0.23391812865497075,0.9025341130604289,0.3820662768031189,0.3235867446393762,-0.3185019362734489,0.24899849341024893,False,0.02351608856535048,True,-0.00484171020804347,-0.03517284882776883,0.004865266418125014,0.014350557166883826,False,212.3685672897644,False,False,0.9177718501858054,0.7179318660572728,0.0010904998396030763,False,0.6773284988183496
FANG,208,0.549179646223626,Diamondback Energy,Energy,SP500,183.80999755859375,-0.0007610730740476024,-0.009911103681029876,-0.08315043158520696,0.07479804105106003,-0.06042366129248011,0.30994152046783624,0.7699805068226121,0.28460038986354774,0.3801169590643275,-0.13104524833673936,0.3710936028344787,False,-0.059184233858623814,False,-0.07195150039409293,0.005759022847541262,0.07752989248368691,-0.02132873713987149,False,479.4014246407776,False,True,1.063479090988763,0.7869052376915521,0.005599341105652078,False,0.5745275442133386
C,209,0.548342126244073,Citigroup,Financials,SP500,129.47999572753906,-0.010091798879365621,-0.018570431927962483,-0.01625892318065425,-0.07130310968299036,0.15293092394856522,0.7153996101364523,0.40350877192982454,0.7076023391812866,-0.025341130604288498,-0.10662245401484494,0.4076346453986506,False,-0.03705497274303948,False,-0.033713976829189085,0.03698998226746242,0.0348902664643318,-0.019318345761607958,False,1262.3142625657044,False,True,0.8245913328437402,0.9109299470834881,-0.002905236039345782,False,1.0352706858157215
PH,210,0.5423936553713049,Parker Hannifin,Industrials,SP500,955.4199829101562,-0.015406507087253662,-0.016258109683040867,-0.024524237800555793,-0.006708536908596852,0.07178866533028594,0.695906432748538,0.6140350877192983,0.580896686159844,-0.2436647173489278,-0.10851013518939256,0.3442570961091036,False,0.0030292717468172192,True,-0.03241345608778523,0.015324345156807695,0.03349928364725785,-0.007434512151957784,False,624.4828994422608,False,True,0.6433514282243106,0.9140834447747194,0.0020920157332666722,False,1.075412719503685
TRI,211,0.5407765990318263,Thomson Reuters,Industrials,NDX,97.33000183105469,0.01132589351080493,-0.011376283919808716,-0.09308607801134128,0.15376297699119212,0.11392205450301374,0.26900584795321636,0.8771929824561403,0.6530214424951267,0.09941520467836251,-0.37943045650047724,0.2797650420497848,False,-0.024514897142914327,False,-0.03429689376978473,0.003698797490645722,0.03551494610353734,-0.006099743040355432,False,188.14559317951966,False,True,1.0373068394461422,0.63645281285484,-0.0024937434444798345,False,0.5067454263017859
URI,212,0.5396051010326426,United Rentals,Industrials,SP500,1000.780029296875,-0.01356274669158275,-0.030242503544450017,-0.03585738988740361,-0.0982703298305988,0.378853633105646,0.6335282651072125,0.30214424951267055,0.9005847953216374,-0.18323586744639375,-0.1408285611134953,0.4139621342465414,False,-0.011293567391270631,False,-0.06073358640909998,0.06152381506121807,0.06466066020279593,-0.020101182151280317,False,510.02801642663576,False,True,0.6597736285844801,1.2866135018557527,0.001439097526245492,False,1.4196882958304236
GM,213,0.5387187527418242,General Motors,Consumer Discretionary,SP500,77.0,-0.04312167476158024,-0.080816484593076,-0.10612557054270366,0.021706033602112207,0.0379395193196288,0.1949317738791423,0.6647173489278753,0.50682261208577,0.165692007797271,-0.14552343435684378,0.4031491715894848,False,-0.08273539772242533,False,-0.09847157220502067,-0.04222865713328816,0.10922736229834618,-0.05310662359564389,False,573.0416754428559,False,False,1.2671922089436445,1.1815694568306154,0.0023611586743379487,False,1.4403565316044806
J,214,0.5382930309029804,Jacobs Solutions,Industrials,SP500,135.27000427246094,-0.008865705546281522,-0.041454018191176,-0.0924521871664219,0.08802036260738388,0.06874127772682259,0.2729044834307992,0.8011695906432749,0.571150097465887,-0.09746588693957114,-0.16862598689297525,0.26810289693555855,False,-0.04776315716898116,False,-0.052460424889714696,0.020951270258178,0.05536489057315497,-0.025480866227543864,False,121.51990516482545,False,True,0.7654625067733869,0.9796244694484616,0.0038101134872472464,False,1.235960397922436
ECL,215,0.5375333310445063,Ecolab,Materials,SP500,274.5799865722656,-0.011840100056626723,-0.007733501875531901,-0.027862167771798063,-0.010994498573722589,0.03774069322601736,0.6764132553606238,0.6042884990253411,0.5029239766081871,-0.1286549707602339,-0.10231997660578096,0.12342728443467643,False,-0.0026479148899273275,False,-0.012436865050082124,0.0082096599840209,0.012593488567910871,-0.006185325957092536,False,368.3781417659912,False,True,0.6817319353450184,0.8387850079075085,0.0009357245121601743,False,1.1453527197668771
IRM,216,0.5358708796343981,Iron Mountain,Real Estate,SP500,110.94999694824219,-0.0049327627960341625,-0.03597184396021602,-0.03067111638901676,-0.08275568928846455,0.10217854466640697,0.6647173489278753,0.3645224171539961,0.6393762183235867,0.19103313840155944,-0.15968672548412766,0.4391875950555666,False,-0.02232669785298136,False,-0.0660627373902194,0.004265815492196845,0.07073573358194829,-0.015568315007137401,False,197.0361225895233,False,True,0.8701072063848364,0.8447196591448273,0.004484304932735439,False,1.1161167574049182
REG,217,0.5309741248097413,Regency Centers,Real Estate,SP500,71.87999725341797,-0.010735017470115626,-0.011687145115944708,-0.028916503117964454,-0.08519713433223053,-0.03127550927554401,0.6705653021442495,0.3489278752436647,0.3469785575048733,0.037037037037037035,-0.12182023584153823,0.11372799397024802,False,-0.025192643712526164,False,-0.05151117939274408,-0.04060530728834,0.054308683743646835,-0.014454342496728056,False,100.29612384307862,False,False,0.5463355053120688,0.8806410273867936,0.006193186423920416,False,0.9342866870956759
AFL,218,0.529584425294591,Aflac,Financials,SP500,111.77999877929688,-0.016540601990489234,-0.02994015861433308,-0.03513163356435767,-0.051878110865310356,0.029301801260658955,0.6432748538011696,0.48927875243664715,0.49122807017543857,0.011695906432748537,-0.13282164826074583,0.07963024179185019,False,-0.03157476840804141,False,-0.06104916296735452,-0.020373071640109264,0.06501848718755854,-0.019406713124318742,False,248.35458904704285,False,False,0.7345244729539353,0.7684750384936533,-0.0031673464609571766,False,0.8472617634390528
ADBE,219,0.5267621107563428,Adobe Inc.,Information Technology,SP500,239.94000244140625,0.02903462849262306,-0.0031160413494224493,-0.18050481423927078,0.13726423026032442,-0.012917555397382263,0.03898635477582846,0.8654970760233918,0.38596491228070173,0.3099415204678362,-0.33333333333333337,0.24057700169731433,False,-0.045520179128202165,False,-0.06825712099540371,-0.0807430046985751,0.0732574646219184,-0.0017581225455880478,False,1315.642958761322,False,False,0.8827428979835281,0.8051651307631499,0.0022730144678084763,False,0.8792716169603543
ARES,220,0.5253092777606116,Ares Management,Financials,SP500,116.16999816894531,-0.02353537045497278,-0.043710940412031274,-0.1800123709257181,0.03315701548252892,0.08689532633055252,0.04093567251461988,0.6978557504873294,0.6101364522417154,-0.007797270955165692,-0.321431955150953,0.24554058431466208,False,-0.08696448118314304,False,-0.12159865240821921,-0.09027808050251906,0.13843176896482823,-0.04107487562399159,False,296.1193518392334,False,False,0.6724457911123958,1.0160691046272115,0.0,False,0.9267678941666846
RSG,221,0.5244889239842376,Republic Services,Industrials,SP500,209.8699951171875,-0.009673476167754269,-0.015157254311663926,-0.050018120330181604,-0.019688495058008515,-0.03624976824235704,0.5594541910331384,0.580896686159844,0.33723196881091616,-0.06237816764132553,-0.09122756338296001,0.06449551696531897,False,-0.03826636724164645,False,-0.03349586099495416,-0.021749124101098194,0.03465671758988642,-0.01696679181731653,False,326.73319617037964,False,False,0.5934870467287966,0.7079280974349216,0.0015572000467440894,False,0.7554901252152469
EW,222,0.5243891692702075,Edwards Lifesciences,Health Care,SP500,86.31999969482422,-0.01998185853363521,-0.005759041715705182,-0.04881543036006375,-0.06163711599756927,0.07792204946416081,0.571150097465887,0.4502923976608187,0.5886939571150097,0.009746588693957114,-0.09308678905173073,0.18816239341820085,False,-0.012797495910540135,False,-0.02394677720681737,0.01422165848999657,0.024534294490917707,-0.008910006963370964,False,320.56571310510253,False,True,1.170752258307949,1.0386396343776532,-0.010445028948908863,False,1.3345248132881464
BG,223,0.5216126312737706,Bunge Global,Consumer Staples,SP500,106.94999694824219,-0.011004276383602019,-0.04063514775997412,-0.07968335090941192,0.026068732694241925,-0.14880897985380293,0.33528265107212474,0.6803118908382066,0.15204678362573099,0.5360623781676414,-0.1810034324107208,0.35809506776887745,False,-0.08139867121722666,False,-0.06311463313148591,-0.06912811412766695,0.06736644136351799,-0.03343785755840323,False,187.91766950935363,False,False,0.878154911232294,0.8944519933310747,0.0012021199755103407,False,0.6757889061327388
APO,224,0.5203036129135624,Apollo Global Management,Financials,SP500,116.05999755859375,-0.024705902868960128,-0.06674174180622294,-0.15024164590247668,-0.015955563637215175,0.050455248355389726,0.07017543859649122,0.5886939571150097,0.530214424951267,0.023391812865497075,-0.23038750440654066,0.16691647008024013,False,-0.0806182208322892,False,-0.09795642058796405,-0.0796405277110308,0.10859388927951064,-0.04319416026220746,False,409.41916329563907,False,False,0.6304447919116508,0.9727028114390729,0.002352930918461116,False,1.3246505356282263
GWW,225,0.5193894172264756,W. W. Grainger,Industrials,SP500,1245.760009765625,-0.002330506921182307,-0.019603857270723224,-0.04866778741649147,-0.06728778836895688,0.14659481451545586,0.5750487329434698,0.4249512670565302,0.6998050682261209,-0.10136452241715399,-0.1097246071811292,0.3647451453348831,False,-0.021626138837516407,False,-0.045422582166549486,0.037590578867597424,0.04758396890389727,-0.010503757583400164,False,346.12195434594724,False,True,0.8505066994313899,1.1414373376501148,0.002875031588785104,False,1.023926601103382
LRCX,226,0.519225384618319,Lam Research,Information Technology,SP500,328.510009765625,0.014358131984149702,0.06909011673609289,0.09077916735064462,-0.15948736035495026,0.5402538197046056,0.9454191033138402,0.15009746588693956,0.9395711500974658,-0.07992202729044834,-0.2410887849225294,1.5121976037004017,False,0.09548920680749973,True,0.07780324732666588,0.204238867639988,-0.07218687410679592,0.05266448537448243,False,2837.4804582426145,True,True,0.6620899477810118,0.8694012252350686,0.0024393521294836518,False,0.8102096600258688
CNC,227,0.5170578653635611,Centene Corporation,Health Care,SP500,62.119998931884766,-0.001446715221224859,0.0006442831773576518,-0.034504158103261684,-0.09114849570326111,0.8973731138426082,0.6491228070175439,0.32748538011695905,0.9688109161793372,-0.14814814814814814,-0.10502815654228514,0.9534591327753399,False,-0.043660336760790064,False,-0.04168634912842828,0.18152767498586542,0.0434996924968305,-0.014406350166802473,False,305.4134642826157,False,True,0.9055231274962096,0.8978875623844575,0.00032149908468115385,False,0.758550186031102
WMT,228,0.5158255227108869,Walmart,Consumer Staples,SP500,103.91999816894531,-0.026966337083499714,-0.0598027746616574,-0.009058878161111505,-0.04274227837283784,-0.1602222472945054,0.7446393762183235,0.5185185185185185,0.13060428849902533,0.3469785575048733,-0.2237795258359827,0.041595846035929585,False,-0.03227160580407751,False,-0.045888879944190886,-0.11932543995528644,0.04809594918200588,-0.030102448030578266,False,2682.266371607666,False,False,0.7921825331444396,0.9565909643999725,0.0015917431094354395,False,1.1401244624950164
RL,229,0.5148556322312632,Ralph Lauren Corporation,Consumer Discretionary,SP500,355.07000732421875,-0.0023881941769150483,0.05515159490219679,0.026468751899551446,-0.10536650885350007,0.037682491793476824,0.8460038986354775,0.29239766081871343,0.5009746588693957,0.06627680311890838,-0.13831643777180036,0.16019947766296716,False,0.03538967754507727,True,-0.02107995580065536,-0.022736086564238756,0.021533889233922743,0.014461208074728393,False,232.32203454370116,False,False,0.858287208617618,1.0018323735926655,0.006462091779606327,False,0.8310844920319346
CL,230,0.5136084122025002,Colgate-Palmolive,Consumer Staples,SP500,85.31999969482422,-0.013185281074715727,-0.0070988084276175645,-0.050100200571023934,-0.07493397888234155,0.013051835205123874,0.557504873294347,0.391812865497076,0.4600389863547758,-0.031189083820662766,-0.12908604157778847,0.158590491385473,False,-0.022753176120579366,False,-0.05088848584066252,-0.027770368453024163,0.053616972380465144,-0.011628908229406432,False,429.69287515859986,False,False,0.5984161275058084,0.916879389295138,0.005089086815468935,False,0.981153162859612
AIZ,231,0.5133282216194978,Assurant,Financials,SP500,263.5,-0.0005689129526141867,-0.012997719612079184,-0.0651386727657074,-0.03584205456718259,0.217672191768004,0.4444444444444444,0.530214424951267,0.7933723196881092,-0.2241715399610137,-0.12353925628664264,0.28709576030033346,False,-0.0477653107758248,False,-0.059021589943842545,0.0593972159581766,0.06272363883494436,-0.01705199771976007,False,106.61207317419434,False,True,0.7777070226211744,0.9735703887449482,-0.00011378259052285955,False,0.8097251474027036
CSX,232,0.5124495027523146,CSX Corporation,Industrials,SP500,46.5099983215332,-0.008949541464125188,-0.014409839477954711,-0.07919224179215101,-0.03502334142815211,0.13959295568162333,0.3469785575048733,0.5341130604288499,0.6881091617933723,-0.115009746588694,-0.12385262854264734,0.39868878629963045,False,-0.027577448148502826,False,-0.061094419248591825,0.057207450214267874,0.06506982224953628,-0.01058040307582564,False,558.1263184416886,False,True,0.7191729825395047,0.8313164550077502,0.0010654003139871637,False,0.975254160635476
FRT,233,0.5120085220662005,Federal Realty Investment Trust,Real Estate,SP500,108.29000091552734,-0.010055749888094323,-0.010055749888094323,-0.06670686844091023,-0.10065611143566433,0.040069281348531494,0.43079922027290446,0.3001949317738791,0.5107212475633528,0.003898635477582846,-0.14819473566364838,0.17759188386914682,False,-0.04007161603335341,False,-0.07591191902422101,-0.026596350289424975,0.08214792570862173,-0.017519810121363277,False,101.57523017700196,False,False,0.6437272847215041,1.3852508215835577,0.002559637817525884,False,1.5183517965222293
NXPI,234,0.5119854430597042,NXP Semiconductors,Information Technology,SP500,237.52999877929688,0.0044825878678980136,0.008876980615945884,0.06213881824687362,-0.14535825987121387,0.21613440162897435,0.9103313840155945,0.17543859649122806,0.7894736842105263,0.15204678362573099,-0.2803432324803221,0.3123703322453657,False,0.0345515024220413,True,0.018180400722009882,-0.024957903911823065,-0.017855775566999577,0.013668960392293705,False,885.0300592264099,True,False,0.8288460613884617,0.7743482068076825,4.2265432335319986e-05,False,0.7035575524642589
WDC,235,0.5110464517458029,Western Digital,Information Technology,SP500,454.4599914550781,0.0021610224155603763,-0.040596193475092024,0.009002103411070994,-0.24025957528089248,0.6811136315453303,0.8011695906432749,0.03898635477582846,0.9590643274853801,-0.025341130604288498,-0.3907965255007483,3.024643118281589,False,0.00979505430570704,True,-0.03470349618075186,0.14421320514930436,0.03595112594259442,0.003774804014502031,False,3404.0166496054076,False,True,0.47121675973541244,0.931257401224278,-0.0005733654391060217,False,0.9600686199658006
DD,236,0.5103485502187738,DuPont,Industrials,SP500,129.88999938964844,-0.001767566370809659,-0.007564222617889582,-0.03492084906847581,-0.05783595387724649,-0.04673110804993952,0.645224171539961,0.46393762183235865,0.30994152046783624,0.24366471734892786,-0.14933211975965566,0.4287574224305861,False,0.0022531197846971107,True,-0.04133601120940544,-0.049166818625964614,0.04311835188630897,-0.0027446579459766696,False,187.6672968289032,False,False,0.7699068190967226,0.6116646052614408,0.0027666817081213324,False,0.5586969194850396
GL,237,0.5099359891357008,Globe Life,Financials,SP500,165.64999389648438,-0.002589161427200226,-0.018370406539351847,-0.04065561097413328,-0.07839498328068673,0.19525993454499413,0.6062378167641326,0.38596491228070173,0.7582846003898636,-0.3606237816764133,-0.1095044076342504,0.27843380630665115,False,-0.02975177216366942,False,-0.05366437662441548,0.056426455960487676,0.05670755205536304,-0.013930517696102207,False,95.07341463259888,False,True,0.6120664211946684,1.0034894669793033,-0.00012044961609092297,False,0.7853712596970817
CDNS,238,0.5093067524213883,Cadence Design Systems,Information Technology,SP500,330.19000244140625,0.018570468471211354,0.06826492721702171,-0.025355677338810945,-0.1258571126524617,0.1882895175571353,0.6900584795321637,0.21052631578947367,0.7485380116959064,0.1539961013645224,-0.20701748162671685,0.24290445640952418,False,0.1043162266509392,True,0.03865146653733853,0.014746233525541275,-0.03721312469349791,0.044996512196110894,False,789.2154993706055,True,True,0.9566281442064527,1.0250406561493128,-0.005182537322298897,False,1.1946339826845052
RMD,239,0.5092069977073582,ResMed|,Health Care,SP500,221.10000610351562,-0.007763746862286092,-0.005398096859057566,-0.07913369228240852,0.10260815730106065,-0.009293152005161232,0.3489278752436647,0.8167641325536062,0.39766081871345027,-0.14035087719298245,-0.21124258873378665,0.21285680900188564,False,-0.012759098734436036,False,-0.003608423072968159,-0.017296976664285535,0.003621490944450745,-0.007294122198046371,False,304.4451636150818,False,False,0.5168529956522585,0.6770797565733239,-0.0008975315110117954,False,0.9240724497401527
UNP,240,0.5076813037159109,Union Pacific Corporation,Industrials,SP500,272.1300048828125,-0.007368189161567562,-0.012339832002132733,-0.09492136651592431,-0.015616398040363522,0.13269009381588948,0.2475633528265107,0.5925925925925926,0.672514619883041,-0.17153996101364521,-0.11984783909003516,0.28421404940443584,False,-0.030102346830638393,False,-0.06390802967114206,0.03751719256233499,0.06827110123451918,-0.011602075163737235,False,783.1187817788086,False,True,0.686224121154679,0.8491807955354211,0.003465300850562736,False,1.209133990373118
SW,241,0.5069753912940647,Smurfit Westrock,Materials,SP500,44.099998474121094,-0.006309206562757574,-0.05140897221031293,-0.05970155566440227,-0.03445140656865864,0.12949823744128053,0.4853801169590643,0.5360623781676414,0.6666666666666666,-0.23391812865497075,-0.131741907990501,0.3848299456426201,False,-0.013974325633278384,False,-0.05352442800845003,0.03608315728506217,0.0565513042199548,-0.021272991875902925,False,221.9647371113434,False,True,0.6637640118472569,0.9311980245373697,0.001577280151858984,False,1.1102860525260583
XYZ,242,0.5067766448083679,"Block, Inc.",Financials,SP500,73.52999877929688,-0.007022339649297216,-0.015399056255750998,-0.10351131688917514,-0.046674427619813774,0.22183447003028567,0.21052631578947367,0.5009746588693957,0.8011695906432749,-0.08576998050682261,-0.1334119021613981,0.4978610419788434,False,-0.055927906404100725,False,-0.07828036520438464,0.04987137680631237,0.08492860762561794,-0.024789257330014913,False,355.0689989566193,False,True,0.8840749329667799,1.021478696606668,0.0037812122587106423,False,1.1606783358009505
LDOS,243,0.5061754462259149,Leidos,Industrials,SP500,121.83000183105469,-0.010316788454984405,-0.022936887916860216,-0.12826713492447972,0.18585114931786362,-0.21130767872150513,0.12085769980506822,0.9103313840155945,0.09161793372319688,0.27095516569200784,-0.3824061840360885,0.22225674254171657,False,-0.04526731561177655,False,-0.060778800979633396,-0.17100372004564846,0.06471191349069572,-0.020261441919968037,False,177.75236025331117,False,False,0.6942453756359,0.7633556566637697,-0.00016244226900308245,False,0.778415314420015
SWK,244,0.5061750647547332,Stanley Black & Decker,Industrials,SP500,88.58999633789062,-0.002252557445370451,-0.034546705803619404,-0.07273030437867156,-0.021666428086424383,0.2709845694427615,0.39766081871345027,0.5789473684210527,0.8518518518518519,-0.3508771929824561,-0.14075980701025959,0.487293631628001,False,-0.025236440962450035,False,-0.06463363243245013,0.07698770987678105,0.0690998037491255,-0.013016506208817558,False,175.70761287432862,False,True,0.7030932176848305,0.8315179136381227,0.00799638559693383,False,1.0298296997692538
Q,245,0.506140350877193,Qnity Electronics,Information Technology,SP500,125.73999786376953,0.0010349275757208787,0.009959822198952084,0.052834275663317554,-0.17960676062855463,0.09106486281083215,0.8908382066276803,0.10721247563352826,0.6179337231968811,0.0682261208576998,,,False,0.03345111687920732,True,-0.016774389664367173,0.005489551882309263,0.017060570318790935,0.015312820452932696,False,222.5555850793457,False,True,0.6250179854796453,0.6500826298526415,0.006130058429463459,False,0.8321217007416799
HUBB,246,0.5046505151768309,Hubbell Incorporated,Industrials,SP500,453.6000061035156,-0.011958418345352828,-0.021781336721220956,0.0013245167848026096,-0.07164442791099268,-0.07003089997853329,0.7816764132553606,0.3996101364522417,0.26705653021442494,0.11500974658869395,-0.18190719174380177,0.12709719844755707,False,-0.003574028610349278,False,-0.03919687653620929,-0.06478665203356382,0.04079595036587791,-0.010751913397674562,False,251.41364584121763,False,False,0.6451632198519733,0.8033465122851958,0.005750538390068671,False,0.9061363925107873
DG,247,0.5046146568857456,Dollar General,Consumer Staples,SP500,119.58000183105469,-0.0249510565380191,-0.008457683714525821,-0.05656803289108725,0.04331508360617842,0.017096150222165374,0.5146198830409356,0.7173489278752436,0.47173489278752434,-0.07407407407407407,-0.2270876330194591,0.2640697367949889,False,-0.042866103910667475,False,-0.03746154925541012,-0.052775809487745184,0.0389195353457632,-0.02534895117317848,False,295.15167434938047,False,False,0.8774491596274296,1.0591056856463397,0.011252423844470893,False,1.0953939717040555
LYV,248,0.5030311700102615,Live Nation Entertainment,Communication Services,SP500,169.3000030517578,-0.010462290750171688,0.0015973748707971414,-0.058869288864425995,-0.07979124370413204,0.11009120155839547,0.49317738791423,0.3762183235867446,0.6491228070175439,-0.1481481481481482,-0.10166615186000394,0.34782264333343016,False,-0.010470983560758707,False,-0.04676534674117827,0.03521031132092611,0.04905963770966748,-0.006795264117631761,False,349.02849427728273,False,True,0.6248157660162041,0.8791439830990493,0.0017534809642834048,False,0.9396008573933942
JPM,249,0.5022636499925613,JPMorgan Chase,Financials,SP500,330.8299865722656,-0.01238887180713566,-0.01985012363719474,-0.07075446103796967,-0.0052374291743597645,0.13550812259582856,0.40545808966861596,0.6198830409356725,0.6803118908382066,-0.2651072124756335,-0.09406322030904002,0.18095413744321887,False,-0.049207980654659256,False,-0.06250659028220895,0.033911275676800745,0.06667416499602385,-0.025417651922819195,False,2470.3440550358887,False,True,0.9609935506907117,1.2872198906646153,-0.0002686618154487119,False,1.307850345400043
IDXX,250,0.5014331872298707,Idexx Laboratories,Health Care,SP500,522.1900024414062,-0.021089531997060318,0.00032562527067225844,-0.06197344994287235,-0.028628323522422616,-0.07065441843075049,0.4697855750487329,0.5555555555555556,0.2651072124756335,0.2690058479532164,-0.31889444431839575,0.03465422986199673,False,0.006296698941051115,True,-0.04143285221422288,-0.11462374236151229,0.04322373483164932,-0.00017240427568643302,False,301.15123459967043,False,False,0.6784895282240415,0.801410336646921,-0.004405323138839123,False,0.916099045228514
NTRS,251,0.5010643045971093,Northern Trust,Financials,SP500,169.36000061035156,-0.020700831389589114,-0.026610751977902636,-0.0829983550579696,-0.030986207903268892,0.2248267845118328,0.3138401559454191,0.5477582846003899,0.8089668615984406,-0.11890838206627674,-0.11130298248016102,0.4092738108434011,False,-0.05586072678331755,False,-0.07029005239706088,0.050863952022613734,0.07560428129040564,-0.029416588042100345,False,192.90955879144286,False,True,1.0725995470880074,0.9205989093608794,-0.01503415095877847,False,1.4636061658747317
AKAM,252,0.49839724882983716,Akamai Technologies,Information Technology,SP500,106.3499984741211,-0.019363748577358786,-0.10207703240521493,-0.02089858419316204,-0.05726442003615251,-0.07400957869333613,0.7076023391812866,0.46588693957115007,0.26120857699805067,0.4444444444444444,-0.34001490085053976,0.4776989950019357,False,-0.022729480172267724,False,-0.05369598187845992,-0.04586146710694328,0.05674284463575363,-0.03295923297562997,False,480.80436504266356,False,False,1.154546112071832,2.7881344266808252,0.0035961217208200225,False,1.4712924461537664
ON,253,0.4973943610929912,ON Semiconductor,Information Technology,SP500,76.87000274658203,0.012113309220628476,0.0373819747571027,0.03752202113782088,-0.18767827351061728,0.24144064954340694,0.8732943469785575,0.08966861598440545,0.8265107212475633,0.07992202729044834,-0.42604340364096394,0.7120267290475848,False,0.055391983234741815,True,-0.0016234463720757875,-0.04128566749117757,0.001626086235876123,0.029000980788691955,False,754.7779383385467,False,False,0.7639014136844018,0.9793285926235723,0.007241646792067957,False,0.6940940578592034
LUV,254,0.49730242653818724,Southwest Airlines,Industrials,SP500,41.63999938964844,-0.0104563313274747,0.014619845534508347,0.08577823047510669,-0.17109108791676764,0.11838478967932575,0.9415204678362573,0.12085769980506822,0.6588693957115009,-0.03508771929824561,-0.22994124706237073,0.4284846274015852,False,0.03267404923442374,True,-0.014596995997343098,-0.03489124572978308,0.014813224577204354,0.0019313367747029186,False,229.10117729122925,False,False,0.6221063878392967,1.0314598696293604,0.00118819474536358,False,0.8933553064238057
HSIC,255,0.49673250859263834,Henry Schein,Health Care,SP500,83.97000122070312,-0.0117688594284302,-0.012698433771924034,-0.06492206718182925,-0.006507281639940743,0.13934877473161,0.44639376218323584,0.6159844054580896,0.6861598440545809,-0.21442495126705652,-0.07583094148541603,0.35369986898547134,False,-0.03547058958359617,False,-0.04256627531533441,0.04721902939892608,0.04445871731680828,-0.01879547221726008,False,101.86607135102844,False,True,1.0463535574324614,0.9323443817765072,0.00011771373528035589,False,0.7549939839754983
NSC,256,0.49441602484140335,Norfolk Southern,Industrials,SP500,309.0,-0.012779552715655007,-0.019078789814001795,-0.09857349310837271,-0.027483852167117018,0.08559255605585991,0.23586744639376217,0.5672514619883041,0.6062378167641326,-0.15204678362573099,-0.12459632165412216,0.12491117641752214,False,-0.030107467677998212,False,-0.06918109843189035,-0.0013165925636575704,0.07432283370626025,-0.014688433830197245,False,393.4725186350708,False,False,0.5856455114511766,0.590692245229395,-0.0008945647900858722,False,0.7190928757118622
DOW,257,0.4940173874564646,Dow Inc.,Materials,SP500,27.540000915527344,-0.0025353021831507894,-0.038743410742840045,-0.09764087475556626,0.031073100980365753,-0.3243004779958225,0.23976608187134502,0.6939571150097466,0.025341130604288498,0.567251461988304,-0.32785083176463214,0.39947965214640346,False,-0.05117910753708499,False,-0.07444700051003028,-0.12192765408887152,0.08043515665883505,-0.023220749843548494,False,273.71921416804884,False,False,0.7528091379789217,0.9610677709976241,-0.0048895409597065065,False,1.2855739075024226
EVRG,258,0.49279496305451603,Evergy,Utilities,SP500,78.44000244140625,-0.0036834866399355626,0.0002550914680952143,-0.031843918891114265,-0.08231856551156835,-0.02639622432998079,0.6608187134502924,0.3664717348927875,0.3586744639376218,-0.03508771929824561,-0.10251942217173216,0.11229505447723809,False,-0.019794033328977112,False,-0.04002918543253864,-0.01861058860408482,0.041698335850527624,-0.004269609270195485,False,171.51822242974853,False,False,0.7731868641294396,1.3109158136782708,-0.001016154294976812,False,1.878371115419314
ORCL,259,0.4892871448026459,Oracle Corporation,Information Technology,SP500,137.3000030517578,-0.003556065449234036,-0.050221324221407015,-0.07926497084539752,-0.0331391930997067,-0.06016677428296935,0.34307992202729043,0.5380116959064327,0.28654970760233917,0.530214424951267,-0.5571107162545283,0.194016919753484,False,-0.06569718366682353,False,-0.039203013063232706,-0.15592642472895535,0.04080259783934226,-0.021926404535178246,False,4352.439298360672,False,False,0.9105002331312233,1.206812977024272,-0.009071776332873926,False,0.72616167112362
AWK,260,0.4885346928966251,American Water Works,Utilities,SP500,129.47000122070312,-0.002542386928319984,-0.026980282607548922,-0.06337260202266448,-0.011069218718731455,-0.03546553833415145,0.46393762183235865,0.6023391812865497,0.3391812865497076,-0.17153996101364521,-0.08545632409090442,0.07596118754408177,False,-0.0478921862382089,False,-0.04632812569053135,-0.008950678613705354,0.048578685120683085,-0.018124109542713263,False,291.72691562246706,False,False,0.5826659498334026,0.7033895226500666,0.005238772417517579,False,0.7842315710458155
LYB,261,0.4880042572183884,LyondellBasell,Materials,SP500,57.470001220703125,-0.01220349055944392,-0.04168750957331879,-0.11693301162017244,0.10428437311804051,-0.27171463178444466,0.15204678362573099,0.8265107212475633,0.05458089668615984,0.5458089668615984,-0.2878045053949505,0.4415156920414265,False,-0.07521983892763273,False,-0.07572837019778755,-0.05515805397832829,0.08193302461744167,-0.032912745854164704,False,245.07441387773133,False,False,0.8972982836598413,0.7961082794714475,-0.00498454647655866,False,0.7832310611188452
LEN,262,0.4843453763785414,Lennar,Consumer Discretionary,SP500,81.58999633789062,-0.01710644213705026,0.0008586812770701169,-0.02996081624270963,-0.05724183906076141,-0.04984260538509033,0.6686159844054581,0.4678362573099415,0.30409356725146197,0.2729044834307992,-0.3774511538923667,0.06751270459389769,False,0.008716035010304601,True,-0.02597716941163386,-0.1311633381802082,0.026669980000306737,0.0010219431234061993,False,285.5154609319763,False,False,0.9991873693737545,1.476985880851772,0.011203472849567353,False,1.5871538940362329
PPL,263,0.4827512083099683,PPL Corporation,Utilities,SP500,32.88999938964844,0.009514964431287076,0.01984494231468026,-0.02831636758534606,-0.0689622553491458,-0.12486737632744205,0.6744639376218323,0.4191033138401559,0.18323586744639375,0.09161793372319688,-0.16025961496038077,0.028776981421755776,False,-0.015816781447924422,False,-0.043213773044178616,-0.07580373898243198,0.04516554672998452,0.0062218385654888575,False,265.36147475559613,False,False,0.7808992267840721,1.1174997064871026,0.006445643728371087,False,1.9685001788497034
LIN,264,0.4826165489828071,Linde plc,Materials,SP500,474.6499938964844,0.002704013335234734,0.010495598788574645,-0.02730273655887383,-0.1074630522931852,-0.03639061277450095,0.6783625730994152,0.2826510721247563,0.33528265107212474,-0.023391812865497075,-0.1288360392631005,0.230991857723702,False,0.013447130300922927,True,-0.012945452907889177,-0.017014930886991464,0.013115235572367157,0.010078339218209331,False,994.8879123151855,False,False,0.6026628344571343,0.9765839489314889,0.00595730053300203,False,1.2845639216640312
VTR,265,0.4824740694964199,Ventas,Real Estate,SP500,85.0199966430664,-0.0158584357525815,-0.012791486422068177,-0.061843258180270366,-0.04593700897554076,0.05200195602899682,0.47173489278752434,0.5029239766081871,0.5399610136452242,-0.2007797270955166,-0.14919181268958293,0.29154426805961364,False,-0.03234872860983695,False,-0.06279554395818643,0.0025163556441669677,0.06700303605405056,-0.015813214235570472,False,313.52593889546205,False,True,0.3968239398857384,0.7501492545922827,0.005440369870614692,False,0.8397167814347095
CEG,266,0.48239758452447706,Constellation Energy,Utilities,SP500,254.02000427246094,-0.03991224898229562,-0.037365470774226806,-0.07551765320403481,0.07573143958424544,-0.08753529558400419,0.3723196881091618,0.7719298245614035,0.2378167641325536,0.2982456140350877,-0.36764451493806416,0.07573143958424544,False,-0.06482994933620057,False,-0.06609752924557366,-0.11800508515271202,0.07077562306070218,-0.030609800454524105,False,751.872172026001,False,False,1.234038512511513,0.8666926579819161,-0.010752896534470313,False,1.6101712873551628
FLEX,267,0.47803908553728314,Flex Ltd.,Information Technology,SP500,109.98999786376953,-0.03373455069415221,-0.020569947686676637,0.006773435823977492,-0.2835927913874158,0.6802627467475713,0.797270955165692,0.025341130604288498,0.9571150097465887,-0.001949317738791423,-0.3213426735784858,1.0177949229603982,False,-0.008286091763182624,False,-0.04030561332369331,0.10935053505873915,0.04199838394729305,-0.018223144004515635,False,425.854415159256,False,True,0.6794673293032154,0.7457971716202233,-0.0010542277488507779,False,0.8747139925303155
MCO,268,0.47632990390740937,Moody's Corporation,Financials,SP500,454.1300048828125,-0.0015170890248774604,-0.041616547360337375,-0.10009117053631444,-0.028375026362164935,0.04567478585563278,0.22612085769980506,0.5594541910331384,0.52046783625731,-0.05653021442495121,-0.15279259760180175,0.10899641588546816,False,-0.03808840835967764,False,-0.058002558861872666,-0.033741247196467095,0.061574008939762725,-0.019928552944357025,False,363.9618785767212,False,False,0.8304675426260714,1.0229805732054607,-0.00037380375752282813,False,1.3605246354662788
KDP,269,0.4759577787696029,Keurig Dr Pepper,Consumer Staples,SP500,30.34000015258789,-0.02223656199771129,-0.03778358406045956,-0.04080370154337709,-0.08420750711705505,0.16892023469970097,0.6042884990253411,0.35282651072124754,0.7309941520467836,-0.18713450292397665,-0.08776139213080625,0.2374146106875905,False,-0.03447461245882932,False,-0.021675158033779063,0.04719383745983774,0.02215537938320833,-0.023179203902195744,False,342.5269250027008,False,True,0.8743119016441271,0.9181254315329855,0.0003222761411714181,False,1.1203371322217768
ABT,270,0.474872302521906,Abbott Laboratories,Health Care,SP500,98.83000183105469,-0.021000447560929003,-0.045028467764093416,-0.10447624787540444,0.07978833763050419,-0.024453713189898085,0.20272904483430798,0.7797270955165692,0.36062378167641324,-0.16374269005847952,-0.24872323769452143,0.20560668685031747,False,-0.0447746626394574,False,-0.0761893540233245,-0.04438214478190805,0.08247291190585404,-0.025746998748221728,False,911.9349700715942,False,False,0.5520997754625605,0.8519352329939829,-0.003764212629078112,False,0.8770722616166432
TROW,271,0.47451238446191585,T. Rowe Price,Financials,SP500,104.05000305175781,-0.004401483829969077,-0.00497271344156025,-0.05333928713849667,-0.09271894225111987,0.18269872668192377,0.5360623781676414,0.31773879142300193,0.746588693957115,-0.28070175438596495,-0.1342504951319039,0.23690044115798492,False,-0.011560513602099087,False,-0.04937373794871813,0.025187348069749538,0.0519381169232358,-0.003905626739609813,False,176.58754600386047,False,True,0.5602716425572795,0.8652811097714079,0.005071273260582432,False,1.176969133608552
KMI,272,0.47309083210308883,Kinder Morgan,Energy,SP500,30.149999618530273,-0.009852254085139789,-0.03889069773875531,-0.06482636324837543,-0.04061121324366168,-0.08400927992608698,0.44834307992202727,0.5243664717348928,0.24366471734892786,0.003898635477582846,-0.11303378760617233,0.212762464158474,False,-0.0326772327769741,False,-0.042831936611130716,-0.0277772113789434,0.0447486060697464,-0.021315609961018,False,368.8077972536316,False,False,0.7864218213977219,0.8653968136729411,0.0055829251899675025,False,1.0133859060915218
HII,273,0.4703011333508811,Huntington Ingalls Industries,Industrials,SP500,267.07000732421875,0.02861651616312577,-0.010118534441316829,-0.08286402428327189,-0.03819227384189838,-0.2906702594011814,0.31968810916179335,0.5263157894736842,0.04483430799220273,0.22417153996101363,-0.40609092478619857,0.03898082087955679,False,-0.031205487472815152,False,-0.09147875014542661,-0.21898545629341104,0.10068971987179132,-0.00013744485029132392,False,146.69547401922608,False,False,0.49964318203882263,1.0385857896743382,0.028809043470738427,False,1.5687105834967408
PGR,274,0.4699665831244779,Progressive Corporation,Financials,SP500,207.30999755859375,-0.015247989021094144,0.02057791845273038,-0.04938556576500952,-0.07944049570196088,0.04675834134989865,0.5672514619883041,0.37816764132553604,0.5224171539961013,-0.34892787524366475,-0.11587341634258763,0.08929658533182772,False,-0.030078752039669587,False,-0.03201798343730089,-0.005371945239250553,0.033077043673803486,-0.008407022712981882,False,535.8890955460205,False,False,0.6284750456160505,1.3689561319880825,-0.005177710310460437,False,1.1730660979457865
INSM,275,0.4699005886100335,Insmed,Health Care,NDX,114.13999938964844,-0.012885911088486912,-0.035490933566113436,-0.06304383782970968,0.06672896625839653,-0.3019814309724109,0.46588693957115007,0.7563352826510721,0.03898635477582846,-0.01949317738791423,-0.4601012373469556,0.24227255987866703,False,-0.06776547013074008,False,-0.04647017930653241,-0.1479403076967697,0.048734898791876535,-0.03519642475135676,False,294.3979590289002,False,False,0.46440352800623913,0.9090938640450708,0.0001730024469090985,False,1.169450451243815
COHR,276,0.4696524416062989,Coherent Corp.,Information Technology,SP500,287.80999755859375,-0.015057643561653511,-0.04254826442191573,0.035921288085050795,-0.21928657988962352,0.208219593832198,0.8713450292397661,0.06627680311890838,0.7797270955165692,0.03508771929824561,-0.3257982438506607,1.6315259242104045,False,-0.014546753828518777,False,-0.02901977636587827,0.0009880744110231099,0.0298870931245796,-0.018535662703499045,False,1991.3651209212037,False,True,0.7451092537400174,0.8335068836241775,0.008384423115825879,False,0.8089152327496664
MOS,277,0.46758429559438935,Mosaic Company (The),Materials,SP500,21.649999618530273,-0.034344355715584585,-0.11161268473672681,-0.09480671796993878,0.02503585555480692,-0.13508907241431234,0.25146198830409355,0.6764132553606238,0.16764132553606237,0.21832358674463942,-0.36613477652617377,0.10157737186855997,False,-0.11762307475242795,False,-0.07738239552199855,-0.10316538416596399,0.08387266311244934,-0.06547120598376643,False,189.2463627223091,False,False,0.7944899888368392,0.9564691473081905,0.008474600062937432,False,0.977829875543488
MRSH,278,0.46744372346391094,Marsh McLennan,Financials,SP500,170.72999572753906,0.0018190210182165156,0.0020541779240310643,-0.1004742203245298,-0.002580249825591352,-0.005019913899108386,0.22417153996101363,0.6276803118908382,0.4171539961013645,-0.19883040935672514,-0.1621320246102953,0.09137958312256411,False,-0.031176244933664665,False,-0.07235855029463134,-0.030273482347803804,0.07800271356741706,-0.005976056934477114,False,455.25863305874634,False,False,0.6586388719203629,1.2004216608125018,-0.002405842427617655,False,1.2431638871239081
ITW,279,0.46711794707468823,Illinois Tool Works,Industrials,SP500,257.2799987792969,-0.030412689423758854,-0.05293074623954952,-0.059637190914971216,-0.037261813527174836,0.00086759933199132,0.4873294346978557,0.5282651072124757,0.4327485380116959,-0.1871345029239766,-0.12906064430630393,0.0945243732569736,False,-0.03672059878927236,False,-0.07299296031121205,-0.029732502592346832,0.07874045955003428,-0.03515473742790509,False,353.741676248291,False,False,0.7913905211319658,1.2872431613985034,0.0011305362203448688,False,2.2039175444998063
HAL,280,0.46551099972152604,Halliburton,Energy,SP500,31.799999237060547,0.008243446860688008,-0.036655533050522604,-0.13303705802193377,-0.03218462678724476,-0.1771353771775066,0.10916179337231968,0.543859649122807,0.11500974658869395,0.3450292397660819,-0.25352499491376324,0.48688763073753116,False,-0.07990105219377674,False,-0.06260833157684875,-0.09450171542143637,0.06678993817191325,-0.029228418097453357,False,375.6842854319229,False,False,0.6994206601887419,0.9312975473811418,0.0019023292390851765,False,1.2076338392358779
CAT,281,0.46445337087009764,Caterpillar Inc.,Industrials,SP500,810.7899780273438,-0.01917404957445068,-0.00151479209172245,0.016702832474650542,-0.18066784414461712,0.14874582547878945,0.8148148148148148,0.10526315789473684,0.7017543859649122,-0.07407407407407407,-0.23721097930659385,0.7014440839423703,False,0.004290056818667232,True,-0.018045541512348606,0.025176270001201928,0.018377167450455145,-0.0033602081563802733,False,2186.2136387364503,False,True,0.5465336020411731,0.8029254452824285,0.0022500548226589423,False,0.7335970060198526
AMP,282,0.4642731257367163,Ameriprise Financial,Financials,SP500,492.3500061035156,-0.009993567818523341,-0.020764140623278693,-0.10985153198676612,0.029620210348964893,0.115418418323882,0.17543859649122806,0.6861598440545809,0.6549707602339181,-0.23586744639376223,-0.13725728530449288,0.15170052477594664,False,-0.0763365894031176,False,-0.09565953370147073,0.003105049658360892,0.10577822984412699,-0.02781228371928357,False,289.01380570507814,False,True,1.2168761144567903,1.4079843698149508,0.0009249405781059927,False,1.4456395916956057
GEHC,283,0.46355786727091697,GE HealthCare,Health Care,SP500,65.37000274658203,-0.016400787735570188,-0.010894138768408501,-0.0822687116970513,0.00843250126816475,-0.08065813560505941,0.3235867446393762,0.6432748538011696,0.253411306042885,-0.09941520467836262,-0.25743260547112146,0.09955340548768232,False,-0.00836595530825579,False,-0.047349838760119556,-0.08483435143007989,0.04970328110635425,-0.009075593909269375,False,260.9483361013031,False,False,0.5029474098864667,0.9517056243724541,-0.001730332009534985,False,0.6980673256842996
VST,284,0.4632113007022885,Vistra Corp.,Utilities,SP500,138.35000610351562,-0.017609853690935595,0.002754257298328344,0.008783528186596223,-0.0952169540956801,-0.0768931446159059,0.7992202729044834,0.30994152046783624,0.2573099415204678,0.18908382066276802,-0.34003461960830095,0.03014351376085811,False,-0.029810969382065178,False,-0.04078041162861423,-0.10590907901869784,0.042514156427782446,-0.009100833521072937,False,655.0328164227906,False,False,0.7717311764952066,1.1351378359117577,-0.005751598012229353,False,1.7960555442132957
BKR,285,0.4618416284241807,Baker Hughes,Energy,SP500,54.900001525878906,-0.018240283913901312,-0.05393757227743812,-0.13611326223489884,0.023819586669215465,-0.09441062747701878,0.10331384015594541,0.6744639376218323,0.23196881091617932,0.2826510721247563,-0.2064557401462198,0.2538441580663502,False,-0.06760299801691527,False,-0.09390958140722805,-0.06879771559870074,0.10364261610124603,-0.03505592058101348,False,481.3416836316605,False,False,1.0076957639373185,0.863506916192026,0.004828334524403122,False,1.035018805384346
DUK,286,0.461363645033436,Duke Energy,Utilities,SP500,114.01000213623047,-0.001751133437049246,-0.0014013842102202911,-0.04920358056617469,-0.08553385362404065,-0.11405030772091118,0.5692007797270955,0.3469785575048733,0.1968810916179337,-0.02729044834307992,-0.13077888650726943,0.02626559432744746,False,-0.029160916186763197,False,-0.05840548799209133,-0.06819791606362635,0.06202827995199778,-0.0075786067607986896,False,505.8594610912018,False,False,0.5921896822790316,1.0193920673638805,0.00516595720177504,False,1.064243866917092
MELI,287,0.46082271889770077,MercadoLibre,Consumer Discretionary,NDX,1728.530029296875,0.0021044726253311996,-0.03929990513844073,-0.10725644412360869,-0.007840656052892303,-0.00028339188027903806,0.18323586744639375,0.6081871345029239,0.42884990253411304,-0.08576998050682261,-0.2678078152177431,0.11748046871917284,False,-0.06268409399547992,False,-0.07296785815574258,-0.060897329841353764,0.07871124944015295,-0.021202988753457275,False,961.940566133789,False,False,0.7198156791911087,1.2183065762048413,0.0035364226909380125,False,1.3456770296789256
ED,288,0.45751841552129946,Consolidated Edison,Utilities,SP500,102.20999908447266,-0.010839085713104324,-0.0038982703781268446,-0.044944848714918884,-0.07121874457939881,-0.0818920924484835,0.5906432748538012,0.40545808966861596,0.24951267056530213,-0.07602339181286549,-0.10002206804818692,0.09874128633951962,False,-0.02939082162497242,False,-0.0453640036282309,-0.04000431049946884,0.047519686876090095,-0.01218188114508667,False,238.16368777978516,False,False,0.7704154397060056,1.1615854536035,0.003483989199382531,False,1.9531939865779715
SYY,289,0.457460431901672,Sysco,Consumer Staples,SP500,77.95999908447266,-0.006752437173163983,0.010630019462176232,-0.03848054607945295,-0.060496467842072854,0.10848658810562894,0.6179337231968811,0.45614035087719296,0.6471734892787524,-0.20662768031189083,-0.1326421659896605,0.14095735534443854,False,-0.02289847733542616,False,-0.048999239368625824,-0.015691150192570613,0.051523869798058675,-0.008144116438682514,False,308.8929074738159,False,False,1.2554418573222257,1.305260800770646,0.007007301143165057,False,1.2314003478015274
STE,290,0.4573543829131429,Steris,Health Care,SP500,210.00999450683594,-0.0030382122392225153,0.00014286493907644804,-0.09452038455209988,-0.007768382456309841,-0.04455485650185087,0.253411306042885,0.6101364522417154,0.31773879142300193,-0.04678362573099415,-0.21155811510166578,0.05642315276785381,False,-0.013838323436122235,False,-0.060766665407095966,-0.07657075328519813,0.06469815664435963,-0.0010139954204394508,False,152.43093713665772,False,False,0.6070152514706748,0.7276642686977034,0.00018992901059156075,False,0.8221499632026318
SHW,291,0.45718176720339665,Sherwin-Williams,Materials,SP500,323.2699890136719,-0.021698382080740264,-0.009771495818485909,-0.04586644035565801,-0.06366942311811041,0.013437220849179976,0.5867446393762183,0.43859649122807015,0.46588693957115007,-0.3430799220272905,-0.1262060136965657,0.10586066184745535,False,-0.006495448150732663,False,-0.04485869770798412,-0.026274679970404002,0.04696550929201626,-0.009884453440026975,False,623.7074760901489,False,False,0.6303084839058738,1.0222480417669673,0.0019973479519217463,False,0.7614505162974177
SPG,292,0.456756045364553,Simon Property Group,Real Estate,SP500,200.75999450683594,-0.017231272241507778,-0.016653649560569916,-0.04429737771378506,-0.09006819332537674,0.09977440301306428,0.5964912280701754,0.3313840155945419,0.6354775828460039,-0.2007797270955166,-0.14273430407094456,0.2117733243676092,False,-0.02166071544046655,False,-0.0634895827589288,0.004775129979281978,0.06779378167086181,-0.01595345248705149,False,272.6513496546631,False,True,0.652573145020024,0.8436427036094073,0.0005384795917804386,False,1.162074539093788
L,293,0.45669596365342585,Loews Corporation,Financials,SP500,104.43000030517578,-0.014160294493331671,-0.0058073172604227175,-0.03564503257657736,-0.08439768482771759,-0.02052729244080309,0.6374269005847953,0.3508771929824561,0.37037037037037035,-0.1442495126705653,-0.12488660577758948,0.07024808089375778,False,-0.02824627389158918,False,-0.06039581092867807,-0.040883795924416155,0.06427792854815984,-0.01260112149248016,False,91.8627868384552,False,False,0.6553625235393792,1.0627319416433623,-0.0021712768457563536,False,1.2923221219499157
LMT,294,0.4566553369725684,Lockheed Martin,Industrials,SP500,509.25,-0.005778922406196596,-0.029408387762397514,-0.08700557750928006,-0.0180524925258414,-0.1466532262106075,0.2982456140350877,0.5847953216374269,0.1539961013645224,-0.025341130604288553,-0.23783911768746657,0.18051953288872813,False,-0.033818733283979774,False,-0.08330440580812337,-0.08510106624646385,0.09087466584974835,-0.02103953903363076,False,659.0369030015869,False,False,0.5370663495585781,0.9515261531317978,-0.0023623551292419886,False,1.1624166544564076
KIM,295,0.45528413880973356,Kimco Realty,Real Estate,SP500,22.209999084472656,-0.009366681137674804,0.0,-0.05216942838286498,-0.10394488805617264,0.011085138360396263,0.543859649122807,0.29434697855750486,0.45614035087719296,-0.10136452241715399,-0.14810226106586089,0.17112769420188778,False,-0.029830515679304392,False,-0.06745452244741512,-0.025729688694447472,0.07233376180692641,-0.011388511288858316,False,118.00905345597839,False,False,0.5505988708845674,0.8929557418623674,0.004014279762784456,False,1.017480915627133
AMCR,296,0.4531650663950592,Amcor,Materials,SP500,41.86000061035156,-0.014130911141270075,-0.02196258512768945,-0.07471258649472312,-0.0270064750386263,0.08600666448278016,0.37816764132553604,0.5692007797270955,0.6081871345029239,-0.33528265107212474,-0.13532461609331048,0.17658131674284405,False,-0.026589501633666357,False,-0.06157845424137054,0.003205062187919161,0.06561918203997541,-0.014239571333602319,False,162.87020383926392,False,True,0.7138149925700964,0.8052515355719827,0.001648603305076879,False,0.7568823487995494
ZBH,297,0.4516033233769355,Zimmer Biomet,Health Care,SP500,88.83000183105469,-0.024917636455408343,-0.01998211526696969,-0.10971587451251108,0.05814451645690921,-0.012379016042241897,0.17738791423001948,0.7504873294346979,0.391812865497076,-0.13840155945419097,-0.1365531304041322,0.12214983964504866,False,-0.05478496133929267,False,-0.073474337187998,-0.02253257566141864,0.07930091970146158,-0.02942188383826949,False,204.33968469371032,False,False,0.9168933395516672,0.9460153518843079,-0.0030735322062207526,False,1.210687067502377
CB,298,0.4489345509893455,Chubb Limited,Financials,SP500,325.25,-0.020567293569133227,-0.029712692667196006,-0.036525334101620954,-0.07249161653733249,0.0040512345558634255,0.6276803118908382,0.39571150097465885,0.4444444444444444,-0.2339181286549708,-0.10252394593346492,0.2237750442160229,False,-0.03589914257077975,False,-0.0510113406037469,-0.008113104458624676,0.053753372180654235,-0.02334115134019743,False,594.3167121652222,False,False,0.6848799270698206,0.9268678517611875,-0.003493053455297046,False,0.8167853385318198
DRI,299,0.4478713908057816,Darden Restaurants,Consumer Discretionary,SP500,193.25,-0.00953308699981048,-0.0956525911735665,-0.09805841055487197,-0.035340519411849236,0.001391450494234503,0.2378167641325536,0.5321637426900585,0.43664717348927873,-0.03508771929824561,-0.15122098464229106,0.1688304544868089,False,-0.07478557368997452,False,-0.0867607961758593,-0.04340929817038375,0.09500336364509221,-0.04294245116032103,False,250.68502128295899,False,False,1.0942101183975783,1.363607352565739,0.0010250471406720862,False,1.2707856700897096
UBER,300,0.4474393746924389,Uber,Industrials,SP500,68.51000213623047,-0.012254879853536793,-0.013108557428944567,-0.09438201250010458,-0.05711534980341659,-0.0475461998392237,0.2573099415204678,0.4697855750487329,0.3079922027290448,0.03508771929824561,-0.3155843838105312,0.03897481952791715,False,-0.040496317377171076,False,-0.06277015405873665,-0.08517020902006822,0.06697413055139778,-0.01548638023908444,False,1371.2494960127106,False,False,0.5556387824420665,0.7680548224561149,0.007785480259161925,False,0.8292199649659072
AMAT,301,0.44628504289643445,Applied Materials,Information Technology,SP500,511.3800048828125,-0.0012304542309649058,0.07799654205311679,0.11560022806128467,-0.21352126330725552,0.49964367924204933,0.9649122807017544,0.07212475633528265,0.9337231968810916,-0.27485380116959063,-0.29194076994474516,1.449194835364585,False,0.11358027355302203,True,0.048303265027786146,0.20550394133626715,-0.046077568046595685,0.05707498956404167,False,3418.1002962732546,True,True,0.5869672634702098,0.8248236202322322,0.0035350823696245204,False,0.8900286061312512
KLAC,302,0.4447833815894378,KLA Corporation,Information Technology,SP500,194.92999267578125,-0.008141281806613332,0.03763436624326366,0.11102876070887402,-0.2668759175577352,0.32707180644572853,0.9590643274853801,0.031189083820662766,0.8771929824561403,-0.1267056530214425,-0.35318575054801027,0.994215884579946,False,0.07495391462917955,True,0.03872539469230096,0.10332129598641959,-0.037281648152804214,0.03504681419040789,False,1914.2685618774415,True,True,0.5764172709867688,0.7494439446463003,-0.0026459282333018974,False,0.6668763682590946
INVH,303,0.4446002754221932,Invitation Homes,Real Estate,SP500,26.329999923706055,-0.009032735185349527,-0.01126553257139662,-0.08625186148548958,-0.12268139318507676,0.08244972563361452,0.30214424951267055,0.2222222222222222,0.5984405458089669,-0.1617933723196881,-0.12956455159106262,0.11631995617690039,False,-0.029789476731867603,False,-0.07950666086025726,-0.033839902124605414,0.0863739665238219,-0.012443794034918687,False,128.9055705312195,False,False,0.5945668366072421,1.1170926892571618,0.004140030546292861,False,1.0772896496420166
UAL,304,0.4437305211277814,United Airlines Holdings,Industrials,SP500,110.94999694824219,-0.015091030222899593,0.0020772735278480337,0.02740993742963793,-0.1789388519266295,0.20506133719993191,0.8518518518518519,0.10916179337231968,0.7758284600389863,-0.14619883040935672,-0.18485051465201363,0.3020771991588953,False,0.009003247564604022,True,-0.04371916435708545,0.017199306220880617,0.045717913323749526,-0.005105419632102204,False,411.6843933292694,False,True,0.7840986012380136,1.0425632299785526,-0.0007989699606393286,False,1.1488792302348452
OKE,305,0.4432449083134014,Oneok,Energy,SP500,85.2699966430664,-0.01830536444983244,-0.05820636424973957,-0.11186340229349079,0.0064935509359260735,-0.03395607310655668,0.16764132553606237,0.6413255360623782,0.341130604288499,-0.11890838206627674,-0.12552564070364436,0.37640702452851027,False,-0.08159752302946888,False,-0.07540588126958325,0.0009871055800123596,0.08155565749555604,-0.044131033011828524,False,344.9468636835785,False,True,0.7936494183851425,0.9139412568561348,0.008519431943008193,False,0.997303762081959
CF,306,0.4422822657862312,CF Industries,Materials,SP500,115.19999694824219,-0.004407589147573554,-0.045092858661544666,-0.11405061885931422,0.07057646731675771,-0.1045416795850248,0.15984405458089668,0.7641325536062378,0.21052631578947367,-0.01949317738791423,-0.17282980243993806,0.5361674775732379,False,-0.09836934661882646,False,-0.0761735281876158,0.03459544092091438,0.08245436833843578,-0.03500638807627643,False,313.468494592865,False,True,0.9419031783889589,0.941785746239088,-0.00043207521181276576,False,0.8459946128096478
IBKR,307,0.4398259728468813,Interactive Brokers,Financials,SP500,85.41999816894531,-0.00881877620723126,-0.06705984658550423,-0.12121154799657563,-0.08313856328946156,0.27603881442339606,0.14035087719298245,0.36062378167641324,0.8557504873294347,-0.2709551656920078,-0.12926643054974762,0.40510081752760096,False,-0.049029230805858304,False,-0.059461838418272905,0.055613763629811075,0.06322108006577265,-0.03290540715100565,False,381.5337502966003,False,True,0.7156989854736324,0.8340706639967536,0.0052215937183648364,False,0.9494749430981548
RJF,308,0.43934398400872804,Raymond James Financial,Financials,SP500,158.02000427246094,-0.011448243735878383,-0.0013271279829881744,-0.11309420274774684,-0.0010746454663485006,0.09936423492638902,0.1617933723196881,0.6296296296296297,0.6335282651072125,-0.2787524366471734,-0.12782861982318738,0.12979596031356744,False,-0.05588115624849288,False,-0.08564456190520564,-0.01424792771081096,0.09366659653018505,-0.019757155073370947,False,205.74434272564696,False,False,0.9611534947361102,0.9961868048428413,0.0008758172305465273,False,0.7759978709441735
COR,309,0.4392379350201989,Cencora,Health Care,SP500,300.25,-0.02389468776877124,-0.03852311651825979,-0.07215700143110082,0.04303528539949775,-0.04015693728781533,0.4015594541910331,0.7153996101364523,0.3255360623781676,-0.19103313840155944,-0.1940192255562616,0.19302485023819038,False,-0.0547653742749209,False,-0.053504816140173994,-0.05442856508562233,0.056529411932113804,-0.02707369115733549,False,420.6880006533813,False,False,0.8036462270594152,1.0145316046210773,-0.0039012099584530002,False,1.3505480440861586
USB,310,0.4371297345342047,U.S. Bancorp,Financials,SP500,57.7599983215332,0.0027777752022684066,-0.0030523193129746717,-0.0532397075851313,-0.0590461485361633,0.13056064139264678,0.5380116959064327,0.4600389863547758,0.6705653021442495,-0.33333333333333337,-0.1088122336107642,0.3246889398008763,False,-0.04091353272677101,False,-0.06568453670689434,0.021407301023659286,0.0703023114648893,-0.0138087588065966,False,439.59269822302247,False,True,1.1132032038774908,1.0301373423106286,0.0006944603574132735,False,1.3854940661722066
CCEP,311,0.43696684633959326,Coca-Cola Europacific Partners,Consumer Staples,NDX,101.70999908447266,-0.00567017133506198,0.020262780555689863,-0.05841508752721092,-0.04137605516289622,0.1337430445058081,0.4951267056530214,0.5224171539961013,0.6764132553606238,-0.35477582846003897,-0.08951750140502834,0.21143639727033325,False,-0.012912409892976817,False,-0.04004062977130596,0.03609250467113356,0.04171075465596741,-0.001627642564514753,False,194.39199714509581,False,True,1.0412351375678417,0.8098213089778926,0.006549986928816365,False,0.907200814669269
ECHO,312,0.4368802523813338,EchoStar,Communication Services,SP500,89.41000366210938,-0.005339812335056426,-0.03569885154245089,0.03435910616402804,-0.11369938445274863,-0.23626886567710237,0.8654970760233918,0.2553606237816764,0.06627680311890838,0.2378167641325536,-0.3694640215947371,0.3358733490876018,False,-0.025796044635584492,False,-0.0014741273080568496,-0.17875619564484657,0.0014763035674607572,-0.016576883461692393,False,332.7773538498383,False,False,0.5592053903973773,0.7965969779581867,0.004004901688685836,False,0.8028579166558033
WTW,313,0.43584875430585596,Willis Towers Watson,Financials,SP500,288.2300109863281,0.0021557861908296783,-0.03277004306630271,-0.14579205368690473,0.05145466844077751,-0.001566144470511066,0.07797270955165692,0.7387914230019493,0.4249512670565302,-0.23196881091617927,-0.1755036603655652,0.19876398641606063,False,-0.07149556258357126,False,-0.10582684768825645,-0.02967924274146949,0.11835162732705395,-0.02695262137472798,False,176.14001932940673,False,False,0.7997232637270658,1.0991686070701245,0.0006954285915585778,False,1.216250566404739
UNH,314,0.4334426248269074,UnitedHealth Group,Health Care,SP500,367.0799865722656,-0.020963396324639838,-0.011338904564535013,-0.05153872041340801,-0.13410159692458445,0.37274022686063524,0.5477582846003899,0.1949317738791423,0.8927875243664717,-0.2573099415204678,-0.15356869448637456,0.4340583457860647,False,-0.0368167251183944,False,-0.06896113885358768,0.042192326612486175,0.07406902303591711,-0.020320660822274683,False,1807.9971842508544,False,True,0.7849659857484124,0.9352307477274003,-2.6696979676277266e-05,False,1.0332741777051184
KVUE,315,0.43199761199040226,Kenvue,Consumer Staples,SP500,17.65999984741211,-0.013958682419314639,-0.0005659439071113992,-0.05345782522351106,-0.06518817340004446,0.060768461230716664,0.5341130604288499,0.43079922027290446,0.5536062378167641,-0.20662768031189088,-0.08875888144873834,0.32747541950078274,False,-0.011643897200280362,False,-0.043428651200703494,0.007661471434742495,0.04540032612853806,-0.006378871737416136,False,422.81747436680604,False,True,0.8799340916567507,0.787430171797432,0.009491908304985808,False,1.1118344664598705
FDX,316,0.43061001056675174,FedEx,Industrials,SP500,285.0899963378906,-0.008279141728549488,-0.021989720967785176,-0.12581192802891783,-0.08818643971183748,0.0009516822499902045,0.1267056530214425,0.33528265107212474,0.4346978557504873,0.07602339181286549,-0.15659588936343405,0.601741509988778,False,-0.056734609792403856,False,-0.0909241831779457,-0.03794176496671087,0.10001826194848995,-0.020753660703738408,False,488.3351091485596,False,False,0.9646451600194618,1.203025622504156,-0.0025046134123412056,False,1.1046988817071919
SNA,317,0.4299857329778021,Snap-on,Industrials,SP500,363.3500061035156,-0.01016121991171448,-0.018636040233583673,-0.059434111465354045,-0.09342296371903414,0.013434315981696532,0.49122807017543857,0.3157894736842105,0.46393762183235865,-0.22027290448343084,-0.12808091729269677,0.14011665024260722,False,-0.02757239227079078,False,-0.06946598322143549,-0.031927227536798886,0.0746517397202966,-0.01503810611780465,False,122.97315233642578,False,False,0.4349780283360442,0.7629332313965341,0.0008990331859968226,False,0.9963148279520614
DOV,318,0.42939616926639274,Dover Corporation,Industrials,SP500,187.0500030517578,-0.013969393458700963,-0.01047450531833738,-0.03696644613972577,-0.13641115041489715,-0.09807806193572899,0.6257309941520468,0.19103313840155944,0.22612085769980506,-0.001949317738791423,-0.1923319258038313,0.1725289724489132,False,-0.012467546781913974,False,-0.055328231611705414,-0.10605164090523689,0.058568736214167805,-0.010857065350479811,False,252.3601893643799,False,False,0.5961653733706521,1.1488380222345678,0.0004744140186527801,False,1.3245714738133882
GEV,319,0.42920428926196774,GE Vernova,Industrials,SP500,950.489990234375,-0.012467662128182622,-0.0013973409674196136,0.057827740023513874,-0.16208400344575435,0.08944396678673794,0.8966861598440545,0.14814814814814814,0.6140350877192983,-0.06237816764132553,-0.1909759442952238,0.7378117212583044,False,0.012186823659684043,True,-0.01589597258564912,0.039998531871557,0.01615273603484213,0.0013773775020400336,False,2207.4781108717043,False,True,0.7650161258045123,0.6932511805680334,0.0072312668633172095,False,0.7525403174205096
TKO,320,0.42881366277184585,TKO Group Holdings,Communication Services,SP500,179.72000122070312,0.01205090307231993,-0.0495028586826165,-0.011796144302347766,-0.10855153636169668,-0.10161329493912885,0.7290448343079922,0.27680311890838205,0.2202729044834308,0.17348927875243664,-0.19146154926558911,0.03446128594643039,False,-0.04299130866455203,False,-0.042831549268399494,-0.08037873194630107,0.04474818328546215,-0.02137174748667936,False,208.64957946914672,False,False,0.9589475041465928,1.0081625000901335,0.00022521278139664425,False,0.9950677749801676
ADSK,321,0.42801848609346804,Autodesk,Information Technology,SP500,209.0,0.028644588709607177,-0.03753163309030294,-0.19158317801865565,0.04625553537872107,-0.12698410472654065,0.029239766081871343,0.7270955165692008,0.1793372319688109,0.24366471734892792,-0.35380142617289767,0.11336031664669499,False,-0.03843056417616686,False,-0.1034660237336954,-0.1284747113358382,0.11540669564425077,-0.012969895054744995,False,499.91358804330446,False,False,1.0899022041205289,0.9115143104556409,-0.00034448305912371247,False,0.8996106578693177
PDD,322,0.4278021919334104,PDD Holdings,Consumer Discretionary,NDX,77.94000244140625,0.005677450856854893,-0.015909022163969944,-0.07214282807849703,-0.055501628550356785,-0.23722839881946733,0.40350877192982454,0.4756335282651072,0.06432748538011696,0.2300194931773879,-0.435748934436588,0.0633014897198858,False,-0.014353426273783332,False,-0.07293303933344408,-0.17833777906403236,0.07867073515488632,-0.005900341913800955,False,532.5977600082092,False,False,0.6144148623983281,0.7288435858266074,0.0019355035597277137,False,0.9792119888285455
ATO,323,0.42736769625738624,Atmos Energy,Utilities,SP500,156.44000244140625,-0.007360429043051231,0.0012800623477380313,-0.058327828547537486,-0.0904278225259122,-0.143171329764207,0.49902534113060426,0.32943469785575047,0.15789473684210525,-0.007797270955165692,-0.17690258623596455,0.0012800623477380313,False,-0.03245756043136527,False,-0.06392008678360128,-0.0953314601661075,0.06828486102641596,-0.010061079460695121,False,167.19967759576417,False,False,0.6362344142828428,1.0292056237824343,0.0033629362866189894,False,0.942522805712526
FE,324,0.42477579031292084,FirstEnergy,Utilities,SP500,43.33000183105469,-0.0071035188572271535,-0.007331035134889974,-0.05516787495911635,-0.07033012705114494,-0.127301822403881,0.5263157894736842,0.4152046783625731,0.17738791423001948,-0.003898635477582846,-0.14831651040934823,0.013708315064117738,False,-0.03977836089176279,False,-0.06775109843513127,-0.07297049494102581,0.07267490293783618,-0.012918688944816403,False,196.892002994133,False,False,0.8100083056508003,0.9648646398280227,0.005041274605409596,False,1.0933944677304903
CAH,325,0.4245635016002716,Cardinal Health,Health Care,SP500,222.5,-0.006297189223564703,0.005558800125589958,-0.05165798043399428,-0.06402490805379324,0.05780550276838836,0.5458089668615984,0.4346978557504873,0.5458089668615984,-0.44639376218323584,-0.10502393526507392,0.4620088022760469,False,-0.03737161235108988,False,-0.04273407064829171,0.02441211185634007,0.04464179632636944,-0.0062956160676368444,False,430.32449494708254,False,True,0.8793721796071111,1.1723095845059122,-0.0011165200121083796,False,1.0512284692215137
TYL,326,0.4240109405934928,Tyler Technologies,Information Technology,SP500,318.6000061035156,0.007398963718570517,-0.04189093533491006,-0.1440545777801827,0.05612090006366133,-0.06945498697400898,0.08382066276803118,0.746588693957115,0.26900584795321636,0.025341130604288553,-0.38576027183113826,0.15740915762412322,False,-0.06655825032606677,False,-0.04759341263829364,-0.0811164064165808,0.04997173819443401,-0.02636209839016712,False,301.28224568334963,False,False,0.8215418809569144,0.7219995771993505,-0.0007272844470553874,False,0.7806611149987287
AEP,327,0.42197216786257874,American Electric Power,Utilities,SP500,118.63999938964844,-0.005532302139364065,0.002027008958416898,-0.030956472319531025,-0.11482221398985992,-0.08138970803678602,0.6627680311890838,0.25146198830409355,0.25146198830409355,-0.07212475633528265,-0.13805426322300363,0.08488224084422002,False,-0.02175974983230511,False,-0.04453200005659674,-0.05530033958457625,0.046607526426038826,-0.005046661336044034,False,471.0759150993042,False,False,0.6481835980462087,0.9356613499487998,0.006286672094003354,False,1.0821653733408667
SCHW,328,0.4200182724696063,Charles Schwab Corporation,Financials,SP500,97.73999786376953,-0.013723517974692068,-0.0176884636807082,-0.10999819581700487,0.02343920447850323,0.04678382833335393,0.17348927875243664,0.672514619883041,0.5243664717348928,-0.2514619883040935,-0.13999123139902958,0.14850621755280335,False,-0.06308864225613398,False,-0.08109717392380955,-0.001037037469838964,0.08825435249786184,-0.026586801924369574,False,834.518849497757,False,False,1.1688427211861627,1.037803015134622,-0.0017154205001295164,False,1.293026029581365
ZTS,329,0.418043396161637,Zoetis,Health Care,SP500,69.83000183105469,-0.006685650075393124,-0.024856846308133784,-0.09429308413678639,-0.029443947766097933,-0.4025663628723656,0.25925925925925924,0.5516569200779727,0.011695906432748537,0.20662768031189088,-0.5175818727847736,0.0,False,-0.03958956767114041,False,-0.06389581638732522,-0.2875467798368191,0.06825716357845368,-0.019024427105925446,False,409.2058267949524,False,False,0.5733842274584855,0.7085387838788041,0.003556187612338224,False,0.81013674418469
CCL,330,0.41686636683031775,Carnival Corporation,Consumer Discretionary,SP500,24.540000915527344,-0.022700106768983375,0.1256881547871216,0.027208101401649865,-0.13504461374508325,-0.04097286553941093,0.8499025341130604,0.19298245614035087,0.3235867446393762,0.09746588693957114,-0.26642107657860814,0.1262046757437434,False,0.0784443327668285,True,-0.027990835470897646,-0.0999918321603449,0.028796884322030092,0.06057019696417809,False,543.2924450881424,False,False,1.2429285855740926,1.7752994994914904,0.011150886996850407,False,1.6818792542241394
WMB,331,0.4168202088173249,Williams Companies,Energy,SP500,67.97000122070312,-0.009616728240244399,-0.04415693098997586,-0.08776029245853534,-0.05917833378954229,-0.05236106540192331,0.28654970760233917,0.4580896686159844,0.2962962962962963,-0.1325536062378168,-0.1313707374203762,0.23942767675862675,False,-0.05221146029702395,False,-0.05505727182177711,-0.03078243903854272,0.05826519447154577,-0.02613595477793662,False,515.1642888074952,False,False,0.6733620508101814,0.9131769079195606,0.00553700856797823,False,1.352964123628928
ACGL,332,0.41672045410329484,Arch Capital Group,Financials,SP500,92.36000061035156,-0.02901600143540417,-0.029424158722187066,-0.05822370859835957,-0.06281077878968,-0.0378164114408015,0.5029239766081871,0.442495126705653,0.3313840155945419,-0.21052631578947373,-0.13260708397284804,0.09017940603831631,False,-0.03979705499564212,False,-0.061595725717095484,-0.041681054160957354,0.0656387949257422,-0.026094189268915158,False,286.1943715835724,False,False,0.8145117858321498,1.4761098964558537,-0.0037846993267091067,False,1.983168489485033
NVR,333,0.4154204003158582,"NVR, Inc.",Consumer Discretionary,SP500,6154.39013671875,-0.012870009543782701,-0.013973915139362525,-0.02546856476287207,-0.07365438468880614,-0.06607756744012216,0.6861598440545809,0.3937621832358674,0.2729044834307992,-0.06042884990253411,-0.24744556899990833,0.10618446390798764,False,-0.012521347468161026,False,-0.021796172844991246,-0.08216241377505229,0.022281831495571724,-0.012169223780825744,False,227.9204059169922,False,False,0.7240070156372527,0.8813970142676142,0.004603351899303609,False,0.9041790715624656
AEE,334,0.415117512197541,Ameren,Utilities,SP500,99.37999725341797,-0.008678331636728487,-0.003609390596170603,-0.05589073558626212,-0.10789711549221848,-0.0830557414927936,0.5185185185185185,0.2807017543859649,0.2475633528265107,-0.1189083820662768,-0.15411579333307968,0.04344638940995149,False,-0.0334351699227744,False,-0.06296255079998792,-0.06667802569935377,0.0671932064761569,-0.011332269425904928,False,167.4098812464142,False,False,0.625829129942757,1.551450582161009,0.00488775923959639,False,1.457841821777645
SPGI,335,0.414844760302583,S&P Global,Financials,SP500,394.4700012207031,0.005147124349192955,-0.02959409293799964,-0.09492014377935809,-0.04726682403061777,-0.015226063870311446,0.24951267056530213,0.49707602339181284,0.3840155945419103,-0.08771929824561403,-0.2315595900713593,0.07441227513779891,False,-0.04308854466173995,False,-0.05668475318580346,-0.06811719400994098,0.06009099649055982,-0.015748856021852276,False,824.2222245812378,False,False,0.8022506692908666,1.1278193199223314,0.0031341073525081864,False,1.5572683505413631
INTU,336,0.4148201554113594,Intuit,Information Technology,SP500,275.7099914550781,0.028653481739949527,-0.03866805024376818,-0.23264681095969253,0.036885230379472,-0.35753947010614484,0.01364522417153996,0.7095516569200779,0.021442495126705652,0.29434697855750486,-0.5927673634941628,0.08570701347576182,False,-0.10182676488070885,False,-0.14750664264227376,-0.3028188316226512,0.17302966805450026,-0.02968991941597865,False,1255.3111757841798,False,False,0.8693842605143668,0.9897417208786607,0.003805503183663239,False,0.94717177658188
IR,337,0.4147427167614623,Ingersoll Rand,Industrials,SP500,75.11000061035156,-0.017913215042475894,-0.014563114570641855,-0.025178486237087738,-0.07089131247026581,-0.06204722338932567,0.6920077972709552,0.41130604288499023,0.2807017543859649,-0.1968810916179337,-0.2389104614367471,0.09611509365583126,False,0.013192686758342065,True,-0.05553983909831284,-0.07941640706267095,0.05880590987055334,0.00019166900624045802,False,344.1416887481537,False,False,0.6703347862415348,1.2460388559814946,0.0,False,1.560178584300946
RCL,338,0.4146566950099755,Royal Caribbean Group,Consumer Discretionary,SP500,265.8599853515625,0.019910122593625124,0.15440721592961903,-0.004837874488051286,-0.12686956022357,-0.023088514682323535,0.7582846003898636,0.20857699805068225,0.3664717348927875,0.01949317738791423,-0.22346153938719626,0.15440721592961903,False,0.05400639439861976,True,-0.054350599298753965,-0.06397733125802296,0.057474365508454195,0.059524263089833385,False,670.1954820242005,False,False,1.0578764018018993,1.6171258335532253,-0.0018030505869192082,False,1.788517141676993
EXPE,339,0.4128056061004872,Expedia Group,Consumer Discretionary,SP500,263.3599853515625,-0.011151584013981308,0.016676871001150673,-0.1695257649892392,-0.0030255422587580627,0.14469916824144202,0.05263157894736842,0.6257309941520468,0.695906432748538,-0.3528265107212475,-0.22230518045367886,0.4050873109810209,False,-0.057157379724179114,False,-0.11508725180141,0.01505986440224727,0.1300549144937646,-0.021889809594126564,False,559.8695005705566,False,True,0.9425454861266541,1.1803923168579502,-0.006871124787028338,False,1.266606975087173
GS,340,0.41251702315148603,Goldman Sachs,Financials,SP500,900.3599853515625,-0.01733170899771619,-0.03844675185098134,-0.11807232459582218,-0.11263169539372686,0.0741936865088566,0.14814814814814814,0.26120857699805067,0.5828460038986355,-0.015594541910331383,-0.214657423102805,0.2329688295340855,False,-0.07316259092455124,False,-0.10706736335570743,-0.05414958061747177,0.11990530859984516,-0.032819223134453734,False,1989.3322745511475,False,False,0.7795242961727358,0.9893022252419903,-0.0013533465550416013,False,0.9199897066911553
MS,341,0.4120686037773276,Morgan Stanley,Financials,SP500,188.0800018310547,-0.02427885873183755,-0.051968333032474945,-0.11831991668180719,-0.10735705577275356,0.15532380156117598,0.14619883040935672,0.28460038986354774,0.7153996101364523,-0.12085769980506822,-0.17254285356189913,0.26658535838497044,False,-0.08220079965436389,False,-0.10601791661794047,-0.022233828026795743,0.11859065029229643,-0.04216470440295095,False,993.3655410879517,False,False,0.8140708783774459,1.0815354169441012,-0.003994547808749638,False,1.4548704343232566
EXR,342,0.40834372842303635,Extra Space Storage,Real Estate,SP500,131.50999450683594,-0.014832653418607622,-0.01740886054100299,-0.057007328603985274,-0.09663743027182725,0.025723543846549513,0.5107212475633528,0.3060428849902534,0.4873294346978557,-0.09746588693957114,-0.12949775805225572,0.08707345021848956,False,-0.030726454279504822,False,-0.07046795759136504,-0.0523559977011947,0.07581014357371263,-0.01618054108664646,False,182.93604895288087,False,False,0.974694773129633,0.9973354456617387,0.007041629664666704,False,0.9673811599009634
F,343,0.40514909801139076,Ford Motor Company,Consumer Discretionary,SP500,12.0600004196167,-0.019512176211098575,-0.06800611972976078,-0.13486364543455087,-0.10625997617555882,0.06969479192096162,0.10526315789473684,0.2884990253411306,0.5730994152046783,0.2124756335282651,-0.3009969138641304,0.10624710115729763,False,-0.09750801719267177,False,-0.12786410576864815,-0.0918206841408522,0.146610300773528,-0.04828417461751122,False,675.0821509944515,False,False,1.1405609540389288,0.8964147052197468,0.00569103201127974,False,1.0379192655728386
VICI,344,0.40449888038208154,Vici Properties,Real Estate,SP500,22.969999313354492,-0.009913855259538362,-0.030801747936079815,-0.0873692946158714,-0.10890835993756753,-0.12875793786354217,0.2962962962962963,0.2729044834307992,0.17543859649122806,0.07602339181286549,-0.2531015966201172,0.0,False,-0.046971378337594905,False,-0.08656763984491112,-0.13481933824622827,0.09477181192728157,-0.02198024622604522,False,250.71017921526337,False,False,0.6710245558443811,1.0887277894412923,0.004310278915198751,False,0.9883915152022223
RTX,345,0.40397664633425273,RTX Corporation,Industrials,SP500,185.64999389648438,-0.006900655440647108,-0.034028869669824546,-0.10629183211467963,-0.02874794042890172,-0.03036491743154357,0.19103313840155944,0.5536062378167641,0.3489278752436647,-0.3079922027290448,-0.17668193989151093,0.20003527090888773,False,-0.04472776123293576,False,-0.10301119226757527,-0.04180868963535744,0.11484111215165127,-0.021396621507330904,False,950.4857915558472,False,False,0.4906770636337439,0.8191181816153766,-0.002995600466889181,False,1.0425347310021165
TMUS,346,0.40379525678732603,T-Mobile US,Communication Services,SP500,163.0800018310547,0.0006136096830116067,-0.015574078075701547,-0.09620926831891852,-0.05222914719599747,-0.21482086898132013,0.24366471734892786,0.4873294346978557,0.08576998050682261,0.22417153996101363,-0.28609672873046244,0.004125350371515513,False,-0.05904073952510813,False,-0.07623709337489837,-0.14046789072311383,0.0825288532675823,-0.01904739794699284,False,856.9167052341919,False,False,0.8359874097742231,0.894811840410155,-0.0015952541026604816,False,0.80401464637363
DHI,347,0.40043583082516027,D. R. Horton,Consumer Discretionary,SP500,136.64999389648438,-0.019727404020132844,-0.02511239436714774,-0.054717790507040176,-0.12735746650426305,0.0018359827105289828,0.5282651072124757,0.2046783625730994,0.43859649122807015,-0.09551656920077972,-0.20954443408312873,0.03728927423292028,False,-0.023052853606927437,False,-0.053059613017988894,-0.07713557618763578,0.05603268563409247,-0.020212917116994134,False,350.708281163208,False,False,0.7137583289037228,1.1366418737400792,0.01147780612317506,False,1.2706412356084889
ORLY,348,0.3993782019737319,O'Reilly Automotive,Consumer Discretionary,SP500,85.41000366210938,-0.0076681309986635915,-0.005704282363975355,-0.03817566749037782,-0.0785413592355757,-0.07474806715388116,0.6198830409356725,0.3820662768031189,0.25925925925925924,-0.04873294346978557,-0.1918054180973887,0.03239453881819743,False,-0.004632424829225101,False,-0.0341971421654238,-0.06193003799217023,0.035407994383136465,-0.004183330287245823,False,532.1299516145325,False,False,0.7342142627524699,0.6886230518867769,0.0026722825345546486,False,0.6695919282743744
TAP,349,0.39822367944213655,Molson Coors Beverage Company,Consumer Staples,SP500,36.470001220703125,0.012774310486286522,-0.0040960599551257415,-0.08274640944962719,-0.05494115520007692,-0.1329111134288966,0.3216374269005848,0.4775828460038986,0.17153996101364521,0.03313840155945419,-0.3063393341711095,0.014464546501476994,False,-0.043384716710250126,False,-0.08980892308193111,-0.14132220503799375,0.09867040598335297,-0.008946090630313375,False,153.76888726088714,False,False,0.7636379330366785,0.8701796725603084,0.0052763801794635246,False,0.9602143533015727
TSLA,350,0.39483373578543013,"Tesla, Inc.",Consumer Discretionary,SP500,354.80999755859375,0.005583270720864064,-0.0665842309894561,-0.03571141245415732,-0.16574181109238295,-0.045568264805396774,0.6354775828460039,0.13840155945419103,0.3157894736842105,0.025341130604288498,-0.2757205968358103,0.1893603809582265,False,-0.028716122302992364,False,0.022613884737034073,-0.09999239502849899,-0.022113805684194632,-0.023849358111040053,True,13458.243734267457,True,False,0.7048750845594154,0.9433054525859929,-0.0020689575839045737,False,1.0110997596430056
FTV,351,0.3926219658735881,Fortive,Industrials,SP500,54.810001373291016,-0.010828342822114534,-0.0257731424013784,-0.06735678346554974,-0.11202703203797093,-0.00631821177967018,0.42300194931773877,0.2631578947368421,0.4093567251461988,-0.08771929824561403,-0.1437552069738588,0.15173426505936027,False,-0.0162532169774805,False,-0.06331575938982936,-0.05741643365785187,0.06759562790186857,-0.012799480829912668,False,143.35124523655702,False,False,0.7069660841556044,0.773583269382125,0.001804700855377428,False,0.8383176419661803
BXP,352,0.3897664633425268,"BXP, Inc.",Real Estate,SP500,61.11000061035156,0.001639050493684735,-0.0088013965218251,-0.09087885838008247,-0.08779306054851699,0.2035272147473295,0.2807017543859649,0.33723196881091616,0.7738791423001949,-0.4639376218323587,-0.16188707745707365,0.23115668838662007,False,-0.03673778618728707,False,-0.07869720507828637,-0.006335392957187436,0.08541947936343064,-0.015639660305550196,False,92.99154197051239,False,False,0.7663859678328758,0.8649531328353027,0.0050810940458836384,False,0.8736004840334599
SYF,353,0.38953719916228924,Synchrony Financial,Financials,SP500,70.97000122070312,-0.01045733389897796,0.004245126072320193,-0.07926829871830532,-0.0715584800043596,0.05212653369471254,0.341130604288499,0.4015594541910331,0.5419103313840156,-0.2222222222222222,-0.18778115395361827,0.12207037881989002,False,-0.05301992231615238,False,-0.07432645173149788,-0.04513690890068989,0.0802944535581982,-0.020810174753568056,False,244.14428186341857,False,False,0.7240678846647592,0.8272183422118904,-0.0011154744798246297,False,0.9396656832390629
BSX,354,0.3893823218624949,Boston Scientific,Health Care,SP500,43.650001525878906,-0.005241557352728798,-0.021739072819939365,-0.09627324605863974,0.013701814532543155,-0.30438244580272655,0.24171539961013644,0.6530214424951267,0.037037037037037035,0.2865497076023392,-0.5842065142875996,0.023926822242718027,False,-0.02169523803807738,False,-0.06911373399692844,-0.2985342902160989,0.07424508935305352,-0.010445523737412588,False,969.8935997584763,False,False,1.1043017409849276,0.8364799693654444,-0.003190505611682104,False,0.8593988407677068
TFC,355,0.38589376790530355,Truist Financial,Financials,SP500,46.29999923706055,-0.003014629495874277,-0.014893633254030925,-0.06615575782289895,-0.08117796192843152,0.02790623147139626,0.4346978557504873,0.3742690058479532,0.48927875243664715,-0.1793372319688109,-0.1447858344080526,0.17506415174713963,False,-0.05534304398099399,False,-0.08167147888120041,-0.05632821972937274,0.088934925795074,-0.02370338267453964,False,342.75963779142,False,False,1.0050123500231867,1.0327757013673051,0.0012920192735859093,False,1.0681932943134258
TJX,356,0.3852288636354966,TJX Companies,Consumer Discretionary,SP500,132.30999755859375,-0.011136064717335525,0.005471549819443311,-0.011948368753337268,-0.12304286669587472,-0.16617282675580503,0.7270955165692008,0.21832358674463936,0.12280701754385964,0.11306042884990253,-0.21187900169820517,0.07709216462897306,False,0.02499543352511835,True,-0.06622606738598946,-0.12971455267921062,0.07092302009394924,0.010434974587205659,False,1050.9515360102691,False,False,0.9853402601112221,1.1192103933457198,0.004260030287213112,False,1.0313856902890988
SBAC,357,0.3851861388631397,SBA Communications,Real Estate,SP500,160.1199951171875,-0.016522341881604286,-0.06104499933517382,-0.155752441076344,-0.1080237726047234,-0.05758451171671708,0.06432748538011696,0.2787524366471735,0.290448343079922,0.08771929824561403,-0.27508768996902744,0.0,False,-0.09967305824462624,False,-0.11124720660002019,-0.15473472760002827,0.12517227222930805,-0.04709943111867554,False,179.2302797477417,False,False,0.7089397370667864,0.9534325781226473,0.009336062252036426,False,0.9478538890303596
CTVA,358,0.3851247220028763,Corteva,Materials,SP500,77.6500015258789,-0.0028252370995682785,-0.03444412715910827,-0.08052096705854084,-0.06852398570589979,-0.06827319935643483,0.32748538011695905,0.42105263157894735,0.2709551656920078,-0.19688109161793377,-0.14025516774447244,0.2849111822626236,False,-0.05626551329697127,False,-0.05090872207332997,-0.009514379090347247,0.05363943727787923,-0.019152624631353254,False,389.66495242652894,False,False,0.6112260541333426,0.7801848510185115,0.000513688379561561,False,0.8530059432197571
WM,359,0.3832324342057579,Waste Management,Industrials,SP500,203.9199981689453,-0.015307345719264509,-0.0190494834560907,-0.0644015095757754,-0.08594600624553239,-0.10479637687760912,0.4522417153996101,0.34502923976608185,0.20857699805068225,-0.11695906432748537,-0.1621971858463801,0.053643067153548385,False,-0.03925782552159662,False,-0.07503299322826695,-0.08638479076741412,0.08111964284017303,-0.018664592430887028,False,460.24435985784913,False,False,0.6459808498866976,0.8900808338814028,4.833534116577276e-05,False,1.120931534907627
DASH,360,0.382700663378385,DoorDash,Consumer Discretionary,SP500,183.5500030517578,-0.018973826488245638,-0.030221382636357874,-0.2079485686506889,-0.02816748135207403,0.2224442924606438,0.023391812865497075,0.5614035087719298,0.8031189083820662,-0.42105263157894735,-0.34851277981849327,0.2520463534097772,False,-0.07108794468962465,False,-0.10615193030371595,-0.019191868932349476,0.11875835939298374,-0.028446697620630457,False,876.4089700701904,False,False,0.993025561057381,1.1798882472762608,0.0032335419978786195,False,0.9997610545209613
SBUX,361,0.38270028190720334,Starbucks,Consumer Discretionary,SP500,93.95999908447266,-0.015403973760894973,-0.0019120491432207398,-0.11567059685202208,-0.08598750554024559,0.060984951799824216,0.15594541910331383,0.34307992202729043,0.5555555555555556,-0.32163742690058483,-0.13392938579962121,0.22811316907001933,False,-0.04114133372091944,False,-0.08285354729841898,-0.03906555067771611,0.09033840457471376,-0.014320784360995042,False,720.4830735579529,False,False,0.7203052342695339,0.9806213240838486,0.001257494982691787,False,0.8121670970351595
CPT,362,0.38176357942039274,Camden Property Trust,Real Estate,SP500,96.7300033569336,-0.006878831195575419,0.0010515364172454245,-0.07577778127679846,-0.15456763111538552,0.010431148063056561,0.37037037037037035,0.1539961013645224,0.45419103313840153,-0.21052631578947367,-0.1683729591558969,0.03262175800857192,False,-0.03432241190263108,False,-0.08157525328441328,-0.07676204848757684,0.08882083543168617,-0.010703048722126018,False,106.18794586845398,False,False,0.6198953243018406,1.4786620803240385,0.0035934134357082925,False,1.2664516500833636
KHC,363,0.3815732253006947,Kraft Heinz,Consumer Staples,SP500,22.719999313354492,-0.031130124769064405,-0.04497694665805918,-0.10077019211207017,-0.07704002212905359,0.04497961943648865,0.2202729044834308,0.38791423001949316,0.5185185185185185,-0.27290448343079926,-0.16425678297225066,0.10804305916332768,False,-0.06595615496815888,False,-0.08635139962736815,-0.023686049670510245,0.0945127038909157,-0.03984762924109475,False,448.2993568449593,False,False,0.6005098282287379,0.6294325729809207,0.005543674052755465,False,0.6954670518671432
PNW,364,0.3811232800418093,Pinnacle West Capital,Utilities,SP500,93.04000091552734,-0.0038543961934712767,0.010755000879390186,-0.04711182407697534,-0.11678282533425721,-0.05986641787500835,0.580896686159844,0.23586744639376217,0.2884990253411306,-0.1442495126705653,-0.14157459166339814,0.10512736350725227,False,-0.018047479787730802,False,-0.05248661319274761,-0.04800025461729418,0.05539405978168488,0.0006184077850179825,False,114.67033838687134,False,False,0.7712374078649057,1.3157984944673733,0.0052462297191051555,False,1.8781962768652676
CINF,365,0.3803038799433897,Cincinnati Financial,Financials,SP500,159.3699951171875,-0.010922917596291493,-0.01968390270567777,-0.05663016136097798,-0.14385707092180966,0.024193969099844503,0.5126705653021443,0.1793372319688109,0.4853801169590643,-0.4327485380116959,-0.1653464035479646,0.07639636638859981,False,-0.045017232961445,False,-0.06840687272517121,-0.037955156925261746,0.07342998861024297,-0.022270467330890886,False,107.60864910708618,False,False,0.569693317555491,1.185849161744336,0.0021721022411753665,False,1.457452638798527
TXT,366,0.3784831179928513,Textron,Industrials,SP500,76.19999694824219,-0.018420718224523958,-0.007941682459841615,-0.05388219364139213,-0.17089910467902214,-0.1293340486245783,0.5321637426900585,0.12475633528265107,0.17348927875243664,-0.017543859649122806,-0.24330478312628745,0.002367802066881586,False,-0.0340428723297761,False,-0.09014721141230453,-0.1502219583588471,0.09907889775469503,-0.01770279769859129,False,148.857107966156,False,False,0.5553680842842251,1.0404526910253489,0.004250957654647669,False,1.0812601240522526
PEP,367,0.37751456266236366,PepsiCo,Consumer Staples,SP500,126.72000122070312,-0.01530811394303988,-0.026578519355853536,-0.08740391733855435,-0.09270524803188018,-0.16658375712203355,0.29434697855750486,0.31968810916179335,0.12085769980506822,-0.029239766081871343,-0.23410479069887113,0.0,False,-0.048846695743726576,False,-0.07111498942066896,-0.1246370272362195,0.07655951878943079,-0.021427058753580752,False,1075.7967055937195,False,False,0.625200285703334,1.063235670128723,0.0016317619946719653,False,1.2446773623678098
GNRC,368,0.37659464490755046,Generac,Industrials,SP500,206.9499969482422,-0.02483274075086006,0.037759496782853175,0.11635554804880432,-0.2341425652677166,0.059489044223927756,0.9668615984405458,0.04873294346978557,0.5497076023391813,0.029239766081871343,-0.2997564087273621,0.5175625457081143,False,0.06692029502992192,True,0.03069625617694105,-0.024089376415045494,-0.029782058480351425,0.01617775377418118,True,257.76764581063844,True,False,1.313175853617741,0.7955410396546131,0.0014607367675554261,False,0.6391903536816865
D,369,0.3761426015571654,Dominion Energy,Utilities,SP500,60.52000045776367,-0.001978874226460703,-0.010626086817698055,-0.07390698532373363,-0.09822385120270505,-0.0012370468135657342,0.3840155945419103,0.30409356725146197,0.4269005847953216,-0.12085769980506822,-0.14728134893432177,0.09322918145326775,False,-0.04446988054969314,False,-0.08188456747353956,-0.04305276705821515,0.08918766047555748,-0.014356284313892576,False,274.39629717269133,False,False,0.9156962520568932,1.04437458508744,0.005112159901240698,False,1.0477330800540654
GD,370,0.3757298497385015,General Dynamics,Industrials,SP500,331.8299865722656,-0.0015346024289729643,-0.033495472139831395,-0.10642256330065492,-0.08149030735097162,-0.024420169354996468,0.18908382066276802,0.3723196881091618,0.36257309941520466,-0.2631578947368421,-0.1619820048253796,0.06642690853932609,False,-0.05260457014705433,False,-0.10642688268395262,-0.06113385933710502,0.11910260125508065,-0.023325590680864594,False,415.5868731416016,False,False,0.6746317057144161,1.3587007569111786,-0.0008425070180605454,False,0.9225929372147637
COF,371,0.3739029842490549,Capital One,Financials,SP500,193.07000732421875,-0.017255417254392058,-0.015451293651145614,-0.09994866314694695,-0.05403866326541218,0.06662011193199135,0.22807017543859648,0.47953216374269003,0.5653021442495126,-0.3313840155945419,-0.24273855792168741,0.10496017683504255,False,-0.05876672153012774,False,-0.08523979286527528,-0.057344376654464235,0.09318266382866525,-0.02700888281013003,False,743.6676317343445,False,False,0.7940127163207213,0.9252502926524756,-0.0006108641549186222,False,0.9061355527528041
VMRK,372,0.3733450826457316,Vivmark Residential,Real Estate,SP500,60.7599983215332,-0.009616954641600617,-0.008647456127870101,-0.06723980824616449,-0.11467287260444725,0.03788919698853266,0.4249512670565302,0.253411306042885,0.5048732943469786,-0.08576998050682261,-0.13385606557516116,0.07165651753576996,False,-0.04100510572045335,False,-0.0685010684236752,-0.040555085517416156,0.07353853676219968,-0.015491308783399882,False,347.9694482120056,False,False,1.0241725389178018,0.830900075624085,-0.00016297183018543215,False,0.8973687847171109
EQT,373,0.3729008594545725,EQT Corporation,Energy,SP500,48.560001373291016,-0.006546638458094445,-0.04896200416688057,-0.10372829273217798,-0.07179279498094726,-0.23240761292741552,0.20662768031189083,0.39766081871345027,0.07212475633528265,0.10721247563352826,-0.28088355587090186,0.0,False,-0.07007915813690391,False,-0.08250844370010968,-0.12191251677356485,0.08992828667857622,-0.033570938856146704,False,374.7827855114212,False,False,0.8200827934179833,1.0312876936234165,0.0030686928785581546,False,0.9906200018551989
GLW,374,0.3727408322938243,Corning Inc.,Information Technology,SP500,153.75999450683594,-0.03118903659273009,-0.004660805545159463,0.0338196659973784,-0.3017743931156477,0.13470337271067678,0.8635477582846004,0.017543859649122806,0.6783625730994152,-0.05458089668615984,-0.39751447588178124,0.980950716532681,False,-0.0034125267015702176,False,0.008285130058812262,0.029538376582401105,-0.0082170507248569,-0.005968728225155373,True,1577.2197616098938,True,True,0.7691511354057402,0.61019716130379,-0.0013232102891016506,False,0.5928471661836004
FITB,375,0.371865546667277,Fifth Third Bancorp,Financials,SP500,50.58000183105469,0.000593523134460261,-0.013343907873510585,-0.051511037650291525,-0.11288481818521212,0.10551195834433558,0.5497076023391813,0.2573099415204678,0.6413255360623782,-0.42690058479532167,-0.14097601184510022,0.29499297479971887,False,-0.04188015856096594,False,-0.07493283971353837,-0.00465050009782475,0.08100259411471722,-0.017596516834281983,False,302.02878880363465,False,False,1.042280340906311,1.2750440593689853,0.004549941557025816,False,1.7648227009712636
NI,376,0.37003486646601286,NiSource,Utilities,SP500,39.0,-0.008138344285550492,-0.006369426751592355,-0.04692077846676013,-0.1623354708619199,-0.15329336447427055,0.5828460038986355,0.14619883040935672,0.1442495126705653,-0.01949317738791423,-0.20005433324872457,0.0,False,-0.037060809322581045,False,-0.06985642274316384,-0.122564570466699,0.07510283836951626,-0.01446310045786825,False,236.8241759278717,False,False,0.6726776785346392,1.0908365134587894,0.0,False,1.2161827409172694
JBL,377,0.36930988048507873,Jabil,Information Technology,SP500,286.8599853515625,-0.10030112706574401,-0.07089883286943321,-0.060276563668427485,-0.23556782572969637,0.08040038531920501,0.48148148148148145,0.04678362573099415,0.594541910331384,-0.031189083820662766,-0.2559656420809471,0.4913862538158966,False,-0.06276958798173438,False,-0.09666060084943628,-0.04618754776656819,0.10700363666228774,-0.06528877196887695,False,363.8273534478149,False,False,0.9640069652016423,1.8294356576321815,-0.04027097128769075,False,4.573945545878786
ROP,378,0.36829020801623535,Roper Technologies,Information Technology,SP500,349.4100036621094,-0.00011449003727082019,-0.04626591977065331,-0.1771618509588918,-0.012387735820656443,-0.007575627557778741,0.04678362573099415,0.5984405458089669,0.40545808966861596,-0.31968810916179335,-0.3232717980459199,0.1129821855263391,False,-0.07824897392560937,False,-0.10489994917346235,-0.05296748557739017,0.11719354621485878,-0.03138869302263769,False,317.779754197876,False,False,0.6636653106602336,0.9391430618022698,-0.0030619753522423965,False,0.9352146837262865
CCI,379,0.36695009975471404,Crown Castle,Real Estate,SP500,66.6500015258789,-0.0062620869368771315,-0.05097539028810605,-0.11191077334968558,-0.11643647119900857,-0.15867480106529963,0.16569200779727095,0.23976608187134502,0.1364522417153996,0.16569200779727095,-0.2911682833603785,0.0,False,-0.07431442124191234,False,-0.09279489637324823,-0.17870055803669604,0.10228656783596146,-0.03349800642834955,False,263.369192369812,False,False,0.7272148724929712,1.0296278902963236,0.006411216745673576,False,1.0784546167084597
FISV,380,0.3666666666666667,Fiserv,Financials,SP500,45.18000030517578,-0.003968260642719268,-0.016757354624131082,-0.1525042367038555,-0.10940270623183779,-0.19032256410554405,0.0682261208576998,0.2709551656920078,0.10331384015594541,0.11695906432748537,,,False,-0.0705807312917679,False,-0.11733677081083271,-0.2072557634404033,0.13293492572316712,-0.026872751548762563,False,384.08059470253755,False,False,0.7962558698663312,1.0531296323499952,-0.0024250575148021536,False,0.8833476033142142
MNST,381,0.36607233456548527,Monster Beverage,Consumer Staples,SP500,41.619998931884766,-0.0028750057919604277,-0.052152150386816865,-0.09364110210197141,-0.1449409433129316,0.14877172116342052,0.2631578947368421,0.17738791423001948,0.7037037037037037,-0.26900584795321636,-0.1671003018778967,0.25531595428300036,False,-0.04387781248643996,False,-0.0887774508031971,-0.0170887961605678,0.09742674924084138,-0.026749067963076967,False,474.26557525468445,False,False,0.7885975253924057,1.0832592614273566,0.0033540820320729914,False,1.1290193207943144
HSY,382,0.36565939201123054,Hershey Company (The),Consumer Staples,SP500,157.61000061035156,-0.023542549814400737,-0.06435141902211683,-0.10555590145183202,-0.11093497589251411,-0.2300232324486774,0.1968810916179337,0.2651072124756335,0.07602339181286549,0.031189083820662766,-0.3225390204190053,0.00032549636985845787,False,-0.07104081871570456,False,-0.10571263891425686,-0.1654428900789533,0.11820880347219997,-0.043899314832840264,False,250.43433851074218,False,False,0.5294355843197472,0.9929409787389003,0.009726733348673022,False,1.4468480217739534
WEC,383,0.3653299916457811,WEC Energy Group,Utilities,SP500,100.77999877929688,-0.017547309608381023,-0.0038548917337842825,-0.0507676319356386,-0.12529258589914094,-0.11437019511907975,0.5555555555555556,0.2124756335282651,0.19298245614035087,-0.08576998050682261,-0.14464873024449199,0.0,False,-0.02949646341419776,False,-0.05635327255134548,-0.08226571403563665,0.059718611756020445,-0.013127657256884362,False,269.72246118171694,False,False,0.825096299936759,1.341746194494834,0.004971675743151938,False,1.3420049420674556
DPZ,384,0.36528097259892495,Domino's,Consumer Discretionary,SP500,299.6099853515625,-0.007289394734527055,0.010727634700781863,-0.11868420509294209,-0.008932570584993638,-0.15458464413809037,0.1442495126705653,0.6062378167641326,0.14230019493177387,-0.02729044834307992,-0.30464253007158537,0.06512692837964695,False,-0.03357806847234479,False,-0.09334214909522098,-0.1465293102787072,0.10295190076617344,0.0018798212409776305,False,269.6169692890015,False,False,0.8267261441551883,0.8569704136785521,-0.0015241094026012814,False,0.9449395678183372
XEL,385,0.36494852046402154,Xcel Energy,Utilities,SP500,70.4800033569336,-0.002970704162115756,-0.0025474143199387678,-0.061327574597030865,-0.10855555381859106,-0.09889275835167,0.4756335282651072,0.27485380116959063,0.2222222222222222,-0.05458089668615984,-0.14059027353327036,0.015708372631110912,False,-0.03219155773482418,False,-0.06913136542620724,-0.08421368777192151,0.07426543645211514,-0.00628661427489452,False,403.4515004442291,False,False,0.9959994155079496,1.1991200722045656,0.007780384826258313,False,1.0110880573867587
CHRW,386,0.3638319543150113,C.H. Robinson,Industrials,SP500,147.9600067138672,-0.011689265389885906,-0.011425078345680961,-0.007094822391369271,-0.22309721569242025,-0.10214312513634471,0.7485380116959064,0.06042884990253411,0.21832358674463936,-0.009746588693957114,-0.29042973216334,0.20762040592689668,False,-0.0170489431563019,False,-0.032715158360715035,-0.1353374828193068,0.033821638624328854,-0.008858584664209634,False,270.7193357029724,False,False,0.45242042568330126,0.6546272817880519,0.013559539698483336,False,0.5919565066185333
CSGP,387,0.3634525812247514,CoStar Group,Real Estate,SP500,27.399999618530273,0.01669754518929878,-0.030431726942190096,-0.14561896229290072,-0.06675752558159842,-0.3207734379055893,0.07992202729044834,0.4269005847953216,0.02729044834307992,0.20272904483430798,-0.6768868085793978,0.01669754518929878,False,-0.06951473817551379,False,-0.0949748097541736,-0.3226548558496777,0.1049416201646014,-0.023661828917164285,False,213.86630159649278,False,False,0.6618651011638493,0.8557220436937947,0.0029684571963377593,False,0.950327396520379
CVNA,388,0.36301408010131875,Carvana,Consumer Discretionary,SP500,62.540000915527344,-0.01697576288100433,-0.02204847272229027,-0.14865230472421131,-0.07853251238188741,-0.005343828139380724,0.07407407407407407,0.3840155945419103,0.41325536062378165,-0.07992202729044834,-0.34643119113909115,0.1117036465226251,False,-0.07776474644854181,False,-0.08925158135825306,-0.13400634190022687,0.09799806349525064,-0.0263762190372957,False,601.375402530571,False,False,0.7437295489699354,0.9908073432414667,0.006994711049868707,False,0.8112453903837572
PSA,389,0.36037677908622395,Public Storage,Real Estate,SP500,282.8399963378906,-0.00959447567479188,-0.013566820700268378,-0.06921423476093436,-0.11545969301212178,0.06466469458482371,0.4152046783625731,0.24366471734892786,0.5594541910331384,-0.2612085769980507,-0.13534687344724716,0.12727121907130434,False,-0.03381178831639109,False,-0.08245950697756199,-0.038432261938423085,0.08987015570935175,-0.017231619458582426,False,285.9134136802979,False,False,0.8563513944071633,0.9219738798160843,0.004166967215348372,False,1.0081348231201095
SO,390,0.3598604578417124,Southern Company,Utilities,SP500,82.88999938964844,-0.006710576142274438,-0.006948626124026358,-0.058068188753995,-0.12137886617113602,-0.12695372642397917,0.5048732943469786,0.22417153996101363,0.18128654970760233,-0.10136452241715399,-0.14976871829208704,0.010089498593115476,False,-0.03472609958443429,False,-0.07443304383346017,-0.08909176323922408,0.08041886471589543,-0.011364435073273338,False,527.5733538594666,False,False,0.7415067401125021,1.1263850847719068,0.0037148615856816836,False,1.4662423823550386
KKR,391,0.35930350991634336,KKR & Co.,Financials,SP500,91.30000305175781,-0.02017597389204495,-0.060796174142324855,-0.16788186259580207,-0.011738281229031644,-0.009156805670726409,0.05458089668615984,0.6003898635477583,0.3996101364522417,-0.18908382066276808,-0.35686794022522483,0.09266812606858577,False,-0.08622783437278647,False,-0.11765952255234902,-0.11449260383111326,0.1333493425267116,-0.04412815511575907,False,441.62353180072023,False,False,0.8282386680300838,1.0128310989382425,-0.000751230892841348,False,1.1911487758945387
PAYX,392,0.3592937824012085,Paychex,Industrials,SP500,98.5,-0.008156253937231739,-0.057326040637679876,-0.2264802667448259,-0.031003828747874884,0.09428674592182862,0.015594541910331383,0.5458089668615984,0.6237816764132553,-0.3957115009746589,-0.2264802667448259,0.17804960794007352,False,-0.1258935230055156,False,-0.16091208955277703,-0.037746425865167854,0.19177023950567107,-0.0567306781489586,False,349.9139537275238,False,False,1.1708323108609942,1.276798844199066,0.00010071630728392122,False,1.1358148839973679
APD,393,0.3579820937427282,Air Products,Materials,SP500,278.2300109863281,-0.0034384879353965836,-0.03045611108198465,-0.10091766732722673,-0.09193858835282265,-0.03021199936262542,0.21832358674463936,0.3216374269005848,0.3508771929824561,-0.3645224171539961,-0.11445300988462981,0.22971919986738465,False,-0.038056911977370045,False,-0.06185172156607088,-0.018463602501039844,0.06592957956424672,-0.015138376941015608,False,321.853259404541,False,False,0.6483388017091697,0.9289965362374145,0.006876975870793167,False,0.9056603081975866
WFC,394,0.3577078159630431,Wells Fargo,Financials,SP500,80.05000305175781,-0.005342945915008279,-0.022588503536676074,-0.07338808175348022,-0.06318850838484591,0.01708165238445769,0.3898635477582846,0.4405458089668616,0.4697855750487329,-0.26900584795321636,-0.155847919434966,0.09656209018629291,False,-0.0704668268778823,False,-0.07233634002419931,-0.04880485285530767,0.07797690385552691,-0.030276137669957848,False,1135.4422163635559,False,False,1.1775011778672047,0.994924558017898,-0.0028578944748984814,False,1.3539286206509331
SRE,395,0.35687163113262615,Sempra,Utilities,SP500,77.95999908447266,-0.002814034533695997,-0.004876104390899361,-0.03776262457284496,-0.13959955033129423,-0.18517423700787894,0.621832358674464,0.1871345029239766,0.10526315789473684,-0.021442495126705652,-0.20624945819065044,0.01391598001453831,False,-0.03702288501596529,False,-0.07178394674726207,-0.12192923775614217,0.07733538597583012,-0.01007397395493237,False,324.6095694076996,False,False,0.7368982884041286,1.0317935640421017,0.00613972058147727,False,1.2042343086828098
MAS,396,0.3557218769908027,Masco,Industrials,SP500,67.4000015258789,-0.014187526425858077,-0.011150265484110577,-0.06596454953798603,-0.17080379981370375,0.1267139361110019,0.4405458089668616,0.1267056530214425,0.6608187134502924,-0.38206627680311894,-0.1821242515248631,0.16074612000777844,False,-0.023570460056792086,False,-0.0691548942104181,-0.031283019818475144,0.07429259044313063,-0.013037294746716888,False,178.8380647307129,False,False,0.6393703421333453,0.8433958623507646,0.004387822295038202,False,0.6899861345604802
EXC,397,0.355237599325559,Exelon,Utilities,SP500,40.400001525878906,-0.006150061269760143,-0.007126987235623106,-0.06713915938904436,-0.11835974866977073,-0.16017481618298657,0.4269005847953216,0.23196881091617932,0.13450292397660818,-0.07212475633528265,-0.18138334740256656,0.004975143262281545,False,-0.042603268535278405,False,-0.07899972245332565,-0.10084402221198452,0.08577600287348686,-0.013783863906894345,False,336.4841612910614,False,False,0.7417380975972602,1.437679075080866,0.005411990104497333,False,2.4097274873645373
RDDT,398,0.35499059673536965,Reddit,Communication Services,SP500,142.44000244140625,-0.02008804455616775,-0.06277137488038598,-0.03633039175891173,-0.2797329773566385,0.05785376084688609,0.6296296296296297,0.029239766081871343,0.5477582846003899,-0.03898635477582846,-0.44988990665225004,0.1690742508427776,False,-0.06919907284930849,False,-0.09365096097272307,-0.15855510395117178,0.10332769930801966,-0.041824053936555194,False,1020.2168257634887,False,False,0.6472820787408562,0.6296887514564514,0.014584446259533923,False,0.7619202392578963
OMC,399,0.3548683352216157,Omnicom Group,Communication Services,SP500,73.62999725341797,-0.006878906668856488,-0.02463903381886634,-0.15015293288230447,-0.022636820329024032,-0.001694490614253641,0.07212475633528265,0.5750487329434698,0.42300194931773877,-0.23196881091617927,-0.16362584899832666,0.12877236282707738,False,-0.052102685900469625,False,-0.09442776907701544,-0.042121315837953976,0.10427414385351907,-0.023988786045273103,False,237.71785129833984,False,False,0.9125731650765936,0.8112290801954332,0.0009441555894320608,False,0.6581011930961028
PPG,400,0.35347100628283035,PPG Industries,Materials,SP500,104.33000183105469,-0.01594034017659296,-0.026772343273229526,-0.06989387952099613,-0.1437983786522462,-0.011383581587371294,0.4093567251461988,0.18323586744639375,0.3937621832358674,-0.1871345029239766,-0.1922272065845092,0.12790065642994675,False,-0.024136990772764655,False,-0.0631111191401511,-0.05917180174652137,0.06736243798968933,-0.017111757522845217,False,189.73631936131287,False,False,0.656100596541951,0.9904226644491598,0.0013205718116962029,False,1.1305382050245356
BAC,401,0.3523464292390031,Bank of America,Financials,SP500,54.43000030517578,-0.009643354951339722,-0.02803570883614681,-0.11676286938302327,-0.06258215177453086,0.12804009952463957,0.1539961013645224,0.4444444444444444,0.6647173489278753,-0.44249512670565305,-0.15587550603994127,0.1770537956185232,False,-0.0763165039020478,False,-0.10733915103839198,-0.007114701751152586,0.12024628520815583,-0.032162629311198176,False,1980.4863758767242,False,False,1.361363916553791,1.0066642467030649,-0.0007278187080363985,False,1.0421743453485632
UDR,402,0.351635939162976,"UDR, Inc.",Real Estate,SP500,33.54999923706055,-0.011782077080703779,-0.0071027425854999215,-0.08827864413582853,-0.16448427042612113,0.017296842376049337,0.28460038986354774,0.14035087719298245,0.47368421052631576,-0.26900584795321636,-0.17704544176444337,0.03606524894445973,False,-0.03206111139747192,False,-0.08290707885940451,-0.07916171401155558,0.09040204863460555,-0.012029029352524923,False,131.1922713694153,False,False,0.5717479992299924,1.0428707853765502,0.005596424814116485,False,1.1445221615071293
MTB,403,0.3501390462457514,M&T Bank,Financials,SP500,217.60000610351562,0.00045979817708330373,-0.009017195149959356,-0.06384441654629358,-0.0948367684316459,0.06682932222842797,0.4600389863547758,0.31189083820662766,0.5672514619883041,-0.34307992202729043,-0.13808398786577747,0.25306620719433637,False,-0.051622482086503774,False,-0.0892454509986047,-0.016534816043433098,0.09799067278495466,-0.018529632809851426,False,243.30144063153077,False,False,1.0222174966534188,0.8973906911142454,0.0023448023302801158,False,1.3627205964893623
IBM,404,0.3500610353890815,IBM,Information Technology,SP500,219.92999267578125,-0.0002727979266525793,-0.05512116400517397,-0.05960577556954749,-0.22617411534996168,-0.07942590149579465,0.48927875243664715,0.05458089668615984,0.2553606237816764,0.029239766081871343,-0.32719481007613316,0.07648177144502388,False,-0.0565236689491585,False,-0.04682626572997861,-0.1325481782021557,0.04912668493308847,-0.027310688364964975,False,1440.0750315636901,False,False,0.5327270462751518,0.6941653344426568,0.0032273805052482896,False,0.7062495643351173
NOC,405,0.349358937679053,Northrop Grumman,Industrials,SP500,483.4800109863281,-0.04187387284956934,-0.060145353897015696,-0.10416898267390973,-0.06591240420584521,-0.2849782302676682,0.2046783625730994,0.42884990253411304,0.04873294346978557,0.07212475633528265,-0.3648389168097008,0.0,False,-0.06521978410674611,False,-0.10248291796216702,-0.187020127834284,0.11418492195098628,-0.04650583603289549,False,408.83291092370604,False,False,0.8331656844559061,0.9957021934537068,-0.04282512431161423,False,1.8853579688478297
DVA,406,0.3491245236378618,DaVita,Health Care,SP500,174.9199981689453,-0.001541208223632795,-0.044883702348465504,-0.006192809339859884,-0.23290795463168457,0.13813517724181779,0.7504873294346979,0.050682261208576995,0.682261208576998,-0.13450292397660818,-0.27407041295173273,0.6840280499049209,False,-0.03957130047381274,False,-0.08749167944766323,0.03193103418149201,0.09588041826808213,-0.021436269210946213,False,158.91339556393433,False,True,0.833246518337326,0.7136203533898059,0.005080195086737849,False,0.6471847705237196
PNC,407,0.3485849326512629,PNC Financial Services,Financials,SP500,222.25999450683594,0.0027520894525105977,-0.00790074669510965,-0.07248679222984244,-0.10964154804924142,0.08488139879242218,0.3996101364522417,0.26900584795321636,0.6042884990253411,-0.42105263157894735,-0.13507415865269,0.2753590233954246,False,-0.05139320676677572,False,-0.08629886243233542,-0.015764780421530955,0.09444977015358536,-0.017554888344219144,False,383.77485727804566,False,False,1.1498329457459768,1.1591387262203499,0.0040604970902626825,False,1.418995375069931
CDW,408,0.3480281754614848,CDW Corporation,Information Technology,SP500,128.16000366210938,-0.011949756931067257,-0.12315270627395536,-0.15450585754081436,-0.06963203965744591,0.07036674592907732,0.06627680311890838,0.4171539961013645,0.5789473684210527,-0.17738791423001954,-0.17971613749557702,0.30448920826436465,False,-0.11372050559827396,False,-0.09692958031373511,-0.018857056118088522,0.10733335762166729,-0.0629306385283972,False,246.1254425847168,False,False,0.9414276386266774,0.7753190693075482,-0.0007709975972496341,False,0.6054267786023323
AJG,409,0.34679449765967435,Arthur J. Gallagher & Co.,Financials,SP500,228.11000061035156,0.0015806832507203605,-0.006662597036071194,-0.12752432522025758,-0.04568999559404385,0.05956594658969827,0.12475633528265107,0.50682261208577,0.5516569200779727,-0.4444444444444444,-0.2566551598696276,0.19521242391416704,False,-0.05687343426407143,False,-0.08684679614740942,-0.016794995023021064,0.0951064901059353,-0.017134030248755483,False,346.10770619174195,False,False,0.9253778128761232,1.1393846664597753,-0.0013611308829583058,False,1.1555505122363532
GE,410,0.34617479772490584,GE Aerospace,Industrials,SP500,312.2900085449219,-0.017616174920463634,-0.0234833631479332,-0.06976254358306788,-0.16605513050641285,0.10187575125183068,0.41130604288499023,0.1364522417153996,0.6374269005847953,-0.3333333333333333,-0.18081420821326477,0.14429743828184494,False,-0.028164801313391608,False,-0.08977127740123725,-0.03411772578330152,0.09862496664018083,-0.019068971981931693,False,1319.1567049598998,False,False,0.7780461038909329,1.0373883761562286,0.0,False,1.0814754193223057
NFLX,411,0.3438825373937126,Netflix,Communication Services,SP500,69.58000183105469,-0.010241837687731348,-0.024943928868726317,-0.14151759147224807,-0.06213776059641518,-0.27633904600274883,0.09161793372319688,0.44639376218323584,0.05263157894736842,0.23976608187134502,-0.4394812048684307,0.02928999114832198,False,-0.07254489105021877,False,-0.0798097498114183,-0.17501275270439243,0.0867317924690707,-0.027384272572856583,False,2492.476749240051,False,False,1.0128642695113306,0.9959189482862023,-0.0014225618659219341,False,1.0793265061035853
CFG,412,0.34193436406846645,Citizens Financial Group,Financials,SP500,63.7599983215332,-0.0020347639592604994,-0.01315589352714197,-0.07419782519614371,-0.10646109904054024,0.07779969291580313,0.3820662768031189,0.28654970760233917,0.5867446393762183,-0.4697855750487329,-0.14679518991862284,0.3572657069778311,False,-0.05755759578137798,False,-0.09023634484068632,-0.011336844859184403,0.09918657920543605,-0.023509503842811363,False,243.91313000037385,False,False,1.0454710156072353,1.1793341223691658,0.0014086735552931717,False,1.2720703971530898
ALL,413,0.34041362920238194,Allstate,Financials,SP500,221.86000061035156,-0.015792731734145637,-0.0168395062930502,-0.13941035253841627,-0.08364856156537992,0.08014365645710053,0.09551656920077972,0.3586744639376218,0.5925925925925926,-0.5750487329434698,-0.1902025866836663,0.1902739965000264,False,-0.09347955987180412,False,-0.127267797959842,-0.004573629939661261,0.14582686150726665,-0.040157901228913384,False,479.78794966448976,False,False,0.8692813746616561,1.5017154288363275,-0.0040369251597072164,False,2.0862511483013746
TTWO,414,0.3386432214478357,Take-Two Interactive,Communication Services,SP500,207.5,0.02327646340426459,0.00571923533294072,-0.05553025542879875,-0.17106106612068583,0.05063291139240511,0.5224171539961013,0.12280701754385964,0.5341130604288499,-0.13450292397660818,-0.20889094803448494,0.09389001702446143,False,-0.012689911225244432,False,-0.08733600206371683,-0.07764475385466418,0.09569348879894579,0.0073923112555085435,False,560.7057276174011,False,False,0.8374956543884933,0.8790138767442818,0.004487640139991367,False,0.9983491350903408
DLTR,415,0.3380698702616511,Dollar Tree,Consumer Staples,SP500,114.0199966430664,0.006354753503225341,0.00759979633373753,-0.09929694334829364,-0.05885270155188116,0.04118340260121167,0.23196881091617932,0.4619883040935672,0.5126705653021443,-0.2787524366471735,-0.19255016484699772,0.3407807551216482,False,-0.03200203244979405,False,-0.08287876144443251,-0.029261385194534917,0.09036838092961785,-0.004674817995660163,False,311.3739394205933,False,False,1.0005401015373425,0.8817972148286647,0.0030008502094682754,False,1.0683813194592533
ES,416,0.33756442094581973,Eversource Energy,Utilities,SP500,64.16000366210938,0.004068890923659474,-0.011554459369685799,-0.07448857161912281,-0.10089518319828095,-0.05187698273022101,0.38011695906432746,0.2982456140350877,0.2982456140350877,-0.21637426900584794,-0.1389392450853859,0.056254184878332,False,-0.04225420204551289,False,-0.07911447680152106,-0.0668660272520385,0.0859113047262765,-0.010486430346909326,False,161.34480957515717,False,False,0.9288832086427161,1.3371611990848176,0.006103276687567716,False,1.7066931956066398
MAA,417,0.33625311375852107,Mid-America Apartment Communities,Real Estate,SP500,117.73999786376953,-0.0058262470626380125,-0.0003396240103746839,-0.08622435167616926,-0.14889843453825957,-0.01274814012456238,0.30409356725146197,0.17153996101364521,0.3898635477582846,-0.23976608187134502,-0.16236614748014822,0.0040934309977362915,False,-0.03812299486598936,False,-0.08327599943579034,-0.08944433430032983,0.09084086310005746,-0.010962425814426968,False,134.81654999160767,False,False,0.6915934745691682,1.1838344889235681,0.0012665838511558558,False,1.2744159087026867
AOS,418,0.33507799178311076,A. O. Smith,Industrials,SP500,56.369998931884766,-0.028438495568093747,-0.02372709918179572,-0.04667684908463077,-0.08736164105047195,-0.13506557192624613,0.5847953216374269,0.3391812865497076,0.1695906432748538,-0.21247563352826515,-0.2912418026917264,0.016696826193950187,False,-0.026735865082361032,False,-0.06371594646592116,-0.11827388216081391,0.06805194024764205,-0.022162695335145588,False,89.79710803063202,False,False,0.6975673716750841,1.0408088712493961,0.002929992547467508,False,1.5288607142521233
CMI,419,0.3348861117786857,Cummins,Industrials,SP500,516.5700073242188,-0.00920649028122511,-0.015400775209850837,-0.08474488841402683,-0.24010318491993932,-0.033267829725037945,0.3060428849902534,0.04093567251461988,0.34307992202729043,-0.06627680311890838,-0.28738333809899574,0.2846787689463366,False,-0.03718766177314681,False,-0.11743415980954341,-0.1388605945453263,0.13305994234288665,-0.015175034273523846,False,604.1947765213623,False,False,0.5361210436194545,0.9327694876905672,0.003797649437622397,False,1.0582374528671135
ETR,420,0.33266976421266253,Entergy,Utilities,SP500,99.26000213623047,-0.005012028761960274,0.0003023156130406157,-0.06631545089141411,-0.11525301966956414,-0.10646588361082587,0.4327485380116959,0.24561403508771928,0.2046783625730994,-0.16764132553606237,-0.1491773735529951,0.10821066263980605,False,-0.0356459143674831,False,-0.06322138231246877,-0.057089077546385925,0.06748807148110703,-0.007596692386175996,False,279.07736431988525,False,False,0.8135097093969106,1.2101978792382693,0.006916547686812047,False,1.4461746958696549
CVS,421,0.33200714876994614,CVS Health,Health Care,SP500,85.69000244140625,-0.016188244057590673,-0.001979946048647263,-0.0875306240033692,-0.17736372538751188,0.21104544315519025,0.290448343079922,0.1111111111111111,0.783625730994152,-0.38011695906432746,-0.22042943582755714,0.24111408939576084,False,-0.06289298221603734,False,-0.10511665073395327,-0.013319319482445802,0.1174640815701471,-0.024466366869913214,False,729.896614928543,False,False,0.8874779498183296,1.2166013849287594,-0.000688835357575579,False,1.0900178246162868
BX,422,0.33184864749392506,Blackstone Inc.,Financials,SP500,112.08999633789062,-0.016754418088678724,-0.0601995514987983,-0.21746724351221858,-0.0528363990729932,-0.006151676688562202,0.01949317738791423,0.4834307992202729,0.41130604288499023,-0.43664717348927873,-0.30758726076610265,0.11910124923571397,False,-0.10413646914573793,False,-0.15533553805430234,-0.11651756227548038,0.18390206413619503,-0.051175680011487756,False,572.2228106509247,False,False,0.7543616055382163,1.3495417045634974,0.0,False,1.3153161358939964
UPS,423,0.33007690459024275,United Parcel Service,Industrials,SP500,93.44000244140625,-0.005216627937586926,-0.024838209778730858,-0.10352106464562993,-0.13337770449570074,-0.018804388945886097,0.20857699805068225,0.19883040935672514,0.3723196881091618,-0.06237816764132553,-0.19359658417065873,0.20161284230146626,False,-0.04926153742777262,False,-0.08568987304817677,-0.0879905388045884,0.09372079617432916,-0.017442950236212118,False,500.9312753599243,False,False,0.9170338185964494,1.0733303738437545,0.0008517175640878616,False,0.783273436072364
O,424,0.32951728636660144,Realty Income,Real Estate,SP500,54.29999923706055,-0.010352132265457281,-0.018716362433343625,-0.1095106950973419,-0.10966787536192524,-0.08858076019501004,0.1793372319688109,0.26705653021442494,0.23586744639376217,-0.2222222222222222,-0.1709761552876583,0.016142802909649312,False,-0.05801448772631124,False,-0.1034774332173457,-0.10168652330450312,0.11542089072971651,-0.023030638561871597,False,388.83395705643466,False,False,0.6727460378369797,1.538528295973463,0.002587998303868355,False,1.3841361707216504
NKE,425,0.32876616960971683,"Nike, Inc.",Consumer Discretionary,SP500,35.400001525878906,-0.012276747344746153,-0.018030450067622272,-0.08408796563239185,-0.16917032956456612,-0.3166291508147556,0.3079922027290448,0.13255360623781676,0.029239766081871343,0.05263157894736842,-0.5096257610792241,0.0,False,-0.03386911588396235,False,-0.09187102251160428,-0.26538109010524813,0.10116517013441317,-0.016513154781051753,False,1100.4065434031602,False,False,0.6180130468824209,1.251417112834283,-0.002790135984803377,False,1.352465369477724
EIX,426,0.32861472555055826,Edison International,Utilities,SP500,53.72999954223633,0.0031739761872016103,0.004111403991851725,-0.004631344981846253,-0.2603016604432561,-0.24809621765358347,0.7602339181286549,0.03313840155945419,0.06042884990253411,-0.007797270955165692,-0.33155011970404635,0.07126780788212939,False,-0.024465540242146977,False,-0.1785860753524927,-0.20166431481798197,0.217413011873556,-0.0007645927454823509,False,322.74564909350585,False,False,0.6566693461019552,1.091367782484743,0.009895421316422404,False,1.3940509190074055
ALNY,427,0.3277937995674116,Alnylam Pharmaceuticals,Health Care,NDX,246.74000549316406,-0.0288503232170213,0.0009330696176772513,0.025136079564545444,-0.18208640398303588,-0.25426902065938706,0.8421052631578947,0.10331384015594541,0.05847953216374269,0.050682261208576995,-0.49769959513048245,0.20079818290601215,False,-0.018768405560318446,False,0.014616024783046022,-0.1898782205734615,-0.014405474017790465,-0.013431806684056857,True,435.2505692182617,True,False,0.6597514499016741,0.5423828025124278,-0.0015350676474763514,False,0.5617677859567306
CARR,428,0.3242691965835441,Carrier Global,Industrials,SP500,54.86000061035156,-0.009389679446269672,-0.004355678228961324,-0.057712135690521804,-0.23605826330508406,-0.018764301934589778,0.50682261208577,0.04483430799220273,0.3742690058479532,-0.09551656920077972,-0.2755621498322701,0.10187443742512414,False,-0.02487578340905605,False,-0.08612054930390067,-0.1051702720869202,0.09423622474310256,-0.01017794671364558,False,399.9165779356232,False,False,0.6763216358560197,0.9110305601689006,0.003069667130129128,False,0.9528318793964856
CMG,429,0.32321843421338736,Chipotle Mexican Grill,Consumer Discretionary,SP500,31.950000762939453,0.002195784316675775,-0.023234434203759147,-0.1598737368266051,-0.087142835344587,-0.001874338073719617,0.05847953216374269,0.341130604288499,0.42105263157894735,-0.5867446393762183,-0.24575070107218566,0.13378283949383918,False,-0.07169315254466802,False,-0.0785921687828931,-0.08478681680734856,0.08529574648728477,-0.017266178824250966,False,559.2511770234413,False,False,0.6362976759567736,1.0899715136285317,0.002195784316675775,False,0.8738673586380473
PHM,430,0.3212242936107392,PulteGroup,Consumer Discretionary,SP500,116.05999755859375,-0.02059073790216248,-0.022323321930052376,-0.0792094412257115,-0.1227523732117799,-0.008919532405857966,0.34502923976608185,0.2202729044834308,0.4015594541910331,-0.36062378167641324,-0.18062872655934992,0.05858656205652912,False,-0.0278797347102806,False,-0.07274413084322517,-0.06609589577274766,0.0784509791341379,-0.02095768097707318,False,195.4116983466034,False,False,0.6963139997641059,0.9803651359945286,0.007679355798391407,False,1.2675252484528394
CPRT,431,0.32108162338876106,Copart,Industrials,SP500,27.280000686645508,0.005158485635429644,-0.05507447545436617,-0.1730827736073841,-0.05244877321512853,-0.1783132512124015,0.04873294346978557,0.4853801169590643,0.11306042884990253,0.06432748538011696,-0.40384611697399464,0.005158485635429644,False,-0.09243639580712892,False,-0.1052451859472352,-0.18833920277124572,0.11762460988673573,-0.03195282516958453,False,327.8540542787476,False,False,0.948045623417055,0.8169972399695798,0.003316144237726748,False,0.7247061873439861
PCAR,432,0.32051990707362016,Paccar,Industrials,SP500,109.80999755859375,-0.017799690866222906,-0.020340787347551625,-0.11536292605879284,-0.0918775595137219,-0.04378570353257438,0.15789473684210525,0.3235867446393762,0.31968810916179335,-0.42105263157894735,-0.20338063342045054,0.20986172808041137,False,-0.06701107249453653,False,-0.12442661641480035,-0.08663889524230539,0.14210872412008713,-0.02742508564600632,False,426.0362934710541,False,False,0.6212576580720404,0.9955485203060569,-0.002057275050583951,False,0.9446592494761453
CMS,433,0.3192566652552233,CMS Energy,Utilities,SP500,63.08000183105469,-0.0058313463740866656,-0.0011084670329822854,-0.07317067155713186,-0.16241998792056422,-0.1739759146883636,0.3937621832358674,0.1442495126705653,0.11695906432748537,-0.12085769980506822,-0.19836186244825915,0.007667785441433095,False,-0.03998047733273291,False,-0.08179271348640471,-0.1241182623615209,0.08907870225792824,-0.010859289684948314,False,252.6709332090683,False,False,0.6520627282179527,1.3285829408635368,0.004255326312326391,False,1.2864276809433768
MLM,434,0.3191712157105091,Martin Marietta Materials,Materials,SP500,479.80999755859375,0.001502851710966091,-0.02169439164769782,-0.0734754351934288,-0.17031231678564596,-0.18245040440651894,0.38791423001949316,0.1286549707602339,0.10721247563352826,-0.03313840155945419,-0.3195037502917202,0.001502851710966091,False,-0.036649919131917064,False,-0.08429642404955917,-0.18590063421341185,0.09205645392622275,-0.016315501929486165,False,379.03616707958986,False,False,0.6766456152411329,1.4088869431979862,0.004905145424614954,False,1.0809764728650024
BA,435,0.3176491456952884,Boeing,Industrials,SP500,186.0500030517578,-0.008684940790887885,-0.06942424914971157,-0.10458174923092856,-0.14882422228379355,-0.06521627798396612,0.20077972709551656,0.17348927875243664,0.27680311890838205,-0.009746588693957114,-0.26214551832137944,0.038689192292777896,False,-0.07734802083315406,False,-0.12639620079620795,-0.15765957969679523,0.14468366656762055,-0.03815119160682667,False,1372.347922259552,False,False,0.9836188356130809,1.6876195732043446,0.02328436991963123,False,1.7744517063318153
ARE,436,0.31708628496660224,Alexandria Real Estate Equities,Real Estate,SP500,47.459999084472656,-0.006073317602666939,-0.07104465638515611,-0.06072088168477463,-0.0911973340793859,0.05143874662534609,0.4775828460038986,0.3255360623781676,0.5380116959064327,-0.23196881091617932,-0.3996279449532253,0.2078144859056399,False,-0.06698368570539237,False,-0.05694631058172683,-0.027340482120563836,0.06038501436419219,-0.0405657793569576,False,98.47082646662903,False,False,0.8923588696647053,0.826280888885238,0.004816744340027768,False,0.8287454459036487
HRL,437,0.3166927974426172,Hormel Foods,Consumer Staples,SP500,19.940000534057617,0.004534012637697815,0.001004039040515492,-0.08741417913346661,-0.18894365338873864,-0.0964054852319216,0.29239766081871343,0.08771929824561403,0.22807017543859648,-0.13450292397660818,-0.23881249161764184,0.022243267094137265,False,-0.034382536264112695,False,-0.12819927291958644,-0.1271639333086394,0.14705111952465888,-0.008835679875865088,False,104.57973100140381,False,False,0.500611679384741,1.040176917346911,0.011586878479409757,False,1.0731549804673495
KEY,438,0.3165787375592711,KeyCorp,Financials,SP500,20.06999969482422,-0.002485146238745628,-0.008399213350611334,-0.06236864980126777,-0.12850689825957462,0.020595001630921317,0.4678362573099415,0.20272904483430798,0.47953216374269003,-0.29434697855750486,-0.1553890915909263,0.2452672858490117,False,-0.04958092546601933,False,-0.07964953550835352,-0.05576806946756829,0.08654261455971324,-0.01946383000133567,False,254.85471979444884,False,False,1.2996155557386246,1.3100554908738213,0.0014909929446116355,False,1.0640064053503515
AXP,439,0.3160357133320363,American Express,Financials,SP500,304.1000061035156,-0.004256672622624191,0.007087080106623622,-0.07895934295657892,-0.12375733525475519,0.01129481879251304,0.3508771929824561,0.21637426900584794,0.4580896686159844,-0.3118908382066277,-0.20347119450676243,0.04662278407622833,False,-0.03729719572535661,False,-0.07610004672742865,-0.08391429680016727,0.08236827641117705,-0.012761797654752494,False,948.216719175293,False,False,0.8585852880599381,1.2361602643285312,0.0025867994784232184,False,1.467641933304091
VMC,440,0.3146322808543429,Vulcan Materials Company,Materials,SP500,244.6300048828125,0.007744613317456128,0.0009411251721451741,-0.09255131290232055,-0.16928946587915328,-0.09815720457890176,0.2709551656920078,0.13060428849902533,0.22417153996101363,-0.10916179337231968,-0.2552682151183775,0.01577877765588176,False,-0.01880917593150444,False,-0.08145412996066248,-0.13762420001441789,0.08867725893446576,-0.002805808139830668,False,289.219309081543,False,False,0.671141177821558,1.3443632756627009,0.002512875840789075,False,1.3924085627136762
LNT,441,0.31381001972206013,Alliant Energy,Utilities,SP500,63.29999923706055,-0.016164083929510742,-0.0061234008173598475,-0.06884383478624401,-0.1584463234315613,-0.10453133060921405,0.4171539961013645,0.15204678362573099,0.2124756335282651,-0.14035087719298245,-0.18260476818462235,0.0028071710223513957,False,-0.038724382377990696,False,-0.07519983374935102,-0.09010313637108214,0.08131468450554924,-0.014405427598750298,False,169.75947296566773,False,False,0.7818209840330111,1.424534589167466,0.0031085574917717462,False,1.8792427748710197
JKHY,442,0.3133728537477636,Jack Henry & Associates,Financials,SP500,143.24000549316406,-0.020380219550409362,-0.03431535276112274,-0.14382208120676931,0.009414696324295146,-0.08626278969012535,0.08576998050682261,0.6471734892787524,0.24171539961013644,-0.22027290448343084,-0.24749779216366197,0.16480995698181045,False,-0.07918138422210697,False,-0.08863159898273887,-0.08753610808782097,0.09725112137288194,-0.03715480273420868,False,154.39024733712768,False,False,0.9803847925389069,0.8119606768918696,-0.0023252382372602742,False,0.8699543871695522
HIG,443,0.31150745966895926,Hartford (The),Financials,SP500,122.36000061035156,-0.027731409662966278,-0.03341492890361153,-0.10542475725718414,-0.08210657336087213,-0.08689259712075137,0.19883040935672514,0.37037037037037035,0.23976608187134502,-0.23586744639376223,-0.15639244583211953,0.017924336815151376,False,-0.07470214222287952,False,-0.10410786083364909,-0.09332683503325989,0.11620579786593943,-0.03614387362240701,False,218.35834237242128,False,False,0.8863595528388117,1.1782420853453928,-0.011839474627216018,False,1.7403200481495051
CNP,444,0.31138176491456954,CenterPoint Energy,Utilities,SP500,36.79999923706055,-0.0037899132337058106,-0.009687852847949707,-0.070707054165428,-0.15344335496534756,-0.13756720421696234,0.4074074074074074,0.15789473684210525,0.16569200779727095,-0.09161793372319688,-0.17806570345898487,0.00491535528197562,False,-0.03921467870256001,False,-0.07623157608281117,-0.10255773639244414,0.08252238776419252,-0.012242402461157265,False,249.40164514381408,False,False,0.7618498947673509,0.9920741907560835,0.0056849731179491325,False,0.9269930740672189
AZO,445,0.3088276246170983,AutoZone,Consumer Discretionary,SP500,2830.02001953125,-0.01597720130597924,-0.004684655351677169,-0.05389737073236067,-0.1206065269146811,-0.1621656842703424,0.530214424951267,0.22612085769980506,0.1267056530214425,-0.08382066276803118,-0.33469370372691665,0.009549636861232447,False,-0.020340426268080747,False,-0.046923430579829395,-0.14327478417519213,0.049233641960557906,-0.013111923619735677,False,854.526605934082,False,False,0.854669930935185,1.556173549110984,0.0044888897453330134,False,1.739504146205711
KMB,446,0.30846770655710815,Kimberly-Clark,Consumer Staples,SP500,97.43000030517578,-0.015759143269612252,-0.0027635276509726525,-0.08662227451373072,-0.11522684638231084,0.03610883733149395,0.3001949317738791,0.2475633528265107,0.49902534113060426,-0.44054580896686163,-0.16888962618745673,0.07419040027778467,False,-0.023255254898690958,False,-0.07145125933641983,-0.029994226980886718,0.07694939016917712,-0.009973627975102928,False,404.3839566288147,False,False,0.7973961867440286,0.8809263372462623,0.00808165540986061,False,1.0755233163852522
TDG,447,0.30839675291730084,TransDigm Group,Industrials,SP500,1082.5999755859375,-0.015630313847192046,-0.020519735370017944,-0.07607491029695712,-0.1730702186324541,-0.06588664658423038,0.3645224171539961,0.11695906432748537,0.27485380116959063,-0.09941520467836257,-0.2533793271821121,0.006124446576243114,False,-0.028643644635881316,False,-0.08532749421522423,-0.13353412914022889,0.09328748123025132,-0.017863068654314973,False,482.88246231420896,False,False,0.6511487861420225,0.8333251519286843,-0.00039103255681793847,False,0.9418089599387824
RF,448,0.30721209416234646,Regions Financial Corporation,Financials,SP500,26.8799991607666,-0.00037189397950254666,-0.01861994305390824,-0.091277916494368,-0.11842155554058409,0.049465904979095754,0.2787524366471735,0.2300194931773879,0.5282651072124757,-0.39181286549707606,-0.161956318779666,0.1977209168005365,False,-0.0662614242356977,False,-0.10200476123262647,-0.047640825568650125,0.1135916504108001,-0.0258451061488022,False,244.90936691027832,False,False,1.1182893161429708,1.3120155929156083,0.004462656822506128,False,1.1280846747634843
TPR,449,0.30369092441911477,"Tapestry, Inc.",Consumer Discretionary,SP500,115.04000091552734,0.008061673210683962,0.04099175361260565,-0.06413732659785498,-0.19802700637343773,-0.17932203836315963,0.45614035087719296,0.08187134502923976,0.1111111111111111,-0.04873294346978557,-0.2992105121283779,0.17924726623238807,False,-0.008866250876882753,False,-0.12257033048216914,-0.16546169942483058,0.13969248446946692,0.006880443991914564,False,404.69476253056337,False,False,0.541172833193829,0.8097235293705898,0.0030669336286146542,False,1.2558605210513982
ODFL,450,0.303397000873569,Old Dominion,Industrials,SP500,173.83999633789062,-0.02039902084424794,-0.021832122755806704,-0.12927589239495985,-0.20118375473528538,-0.10782657997179257,0.1189083820662768,0.07797270955165692,0.20272904483430798,-0.01949317738791423,-0.300004036744575,0.3850692028365963,False,-0.028997712129823494,False,-0.12414067823617703,-0.1268774118984659,0.14173586459773024,-0.013773211802640462,False,348.25329082818604,False,False,0.6411351044409564,1.0174755785925296,0.008621654014494773,False,1.2957413365899961
TSCO,451,0.29914798411554,Tractor Supply,Consumer Discretionary,SP500,31.290000915527344,-0.006981888662534574,-0.03096933947496816,-0.10343840838157814,-0.023367309056522956,-0.2988527578875674,0.2124756335282651,0.5730994152046783,0.04093567251461988,-0.08576998050682261,-0.43155363984050343,0.08120000553617523,False,-0.05322397783248711,False,-0.06176987034028658,-0.21010561372781067,0.06583658783446866,-0.023929448388607777,False,349.57593793356324,False,False,0.8921794714559996,0.8540890452778535,0.0015867736178154512,False,0.769395427673202
LHX,452,0.29867515058574906,L3Harris,Industrials,SP500,236.77999877929688,0.001310938203550105,-0.010158471077161058,-0.10642450579174323,-0.18586565074498973,-0.30789976383800044,0.1871345029239766,0.09161793372319688,0.03313840155945419,0.0,-0.3666495597660063,0.001310938203550105,False,-0.04084335293889507,False,-0.11147231752233899,-0.23274965432510897,0.1254573377066861,-0.014128303742215742,False,445.84896589309693,False,False,0.4446960057309616,0.9966267504759818,0.0010572165547826362,False,0.8553174071151872
EXE,453,0.29432885867637126,Expand Energy,Energy,SP500,84.08999633789062,-0.0010691846870856114,-0.03389251547113048,-0.14333747758049342,-0.05554076454980095,-0.22475103513941985,0.08771929824561403,0.47368421052631576,0.07797270955165692,-0.10136452241715405,-0.30367365675249947,0.0,False,-0.0788393119119768,False,-0.09692664399924278,-0.13920795481699055,0.10732975716223159,-0.030685710985706716,False,293.6475509462433,False,False,0.9002165762167122,1.0871093965833345,0.0009503662480951913,False,0.8990569785098702
FER,454,0.29269558981166766,Ferrovial,Industrials,NDX,54.099998474121094,-0.008612813328413904,-0.021345881534601374,-0.07600342990479025,-0.1956586863535137,-0.16018377669565775,0.3664717348927875,0.08382066276803118,0.13255360623781676,-0.017543859649122806,-0.2655277142037987,0.0,False,-0.03136864848118415,False,-0.10407771739986771,-0.17509707877338987,0.11616824296167172,-0.020040227823708068,False,90.95865405670929,False,False,0.8260847473868443,1.172458250823335,-0.008612813328413904,False,1.4447477531873079
BALL,455,0.2881993797278585,Ball Corporation,Materials,SP500,56.029998779296875,-0.010944443598978615,-0.04743286178175288,-0.10737621530035646,-0.08974051094141855,-0.045594589752788406,0.18128654970760233,0.3333333333333333,0.3138401559454191,-0.4912280701754386,-0.16494270380461196,0.22415201762294146,False,-0.0626751539864977,False,-0.09429011494950312,-0.060882473743290144,0.10410631097864864,-0.03003007432473903,False,117.09008553047943,False,False,0.8370315591224653,1.0547007789059843,0.0008825990417264951,False,1.0339550981393684
VRT,456,0.28688559297787847,Vertiv,Industrials,SP500,241.30999755859375,-0.02830796038883676,-0.030026534517873626,-0.06706416574805574,-0.22494013493287168,-0.036557702299987005,0.42884990253411304,0.056530214424951264,0.3333333333333333,0.009746588693957114,-0.3583197020073249,0.6116722449404706,False,-0.04472786980622201,False,-0.08197019349219736,-0.08464882568582255,0.08928925064428261,-0.023619163839138646,False,1415.5507319321289,False,False,0.861848239334392,0.7249239790697506,0.004590478402429321,False,0.7572282532186703
LII,457,0.28502687464475496,Lennox International,Industrials,SP500,355.0199890136719,-0.010535198171599092,-0.04290259475172131,-0.06866598852517991,-0.37597948299604644,-0.23034552924328333,0.4191033138401559,0.005847953216374269,0.07407407407407407,-0.02729044834307992,-0.37801614155016283,0.0,False,-0.03573229533800193,False,-0.12908365913834563,-0.2675174749556216,0.1482159113131749,-0.024102268414086248,False,221.6799158262329,False,False,0.43687938339338817,0.9001575081981726,0.005100296763869583,False,1.007242464299678
LVS,458,0.2845242863627867,Las Vegas Sands,Consumer Discretionary,SP500,37.810001373291016,-0.013308933340155704,-0.03521299570746772,-0.1369550288044029,-0.177266060330881,-0.28966510935241385,0.10136452241715399,0.11306042884990253,0.04678362573099415,0.04678362573099415,-0.4463587754373841,0.0,False,-0.08143430114664219,False,-0.14417299199779365,-0.2661320422270137,0.16846043727264792,-0.03466467157820008,False,242.94013365966035,False,False,0.64633397479222,0.960685174426717,0.0033925122429683263,False,1.153028692879915
DECK,459,0.2828910174980831,Deckers Brands,Consumer Discretionary,SP500,78.13999938964844,0.005921718365930584,-0.005725880763595703,-0.10266424268973828,-0.22117015884014346,-0.21930260516887112,0.21637426900584794,0.06237816764132553,0.08187134502923976,0.025341130604288498,-0.3538945112267037,0.008127947826793935,False,-0.024700763569373008,False,-0.11796512110758017,-0.230245999697423,0.13374201398442453,-0.007723011953908787,False,257.30942450346373,False,False,0.7117893531391707,1.0675973852875282,0.007981497736177623,False,1.4103594793004706
TSN,460,0.28198578638376764,Tyson Foods,Consumer Staples,SP500,50.529998779296875,-0.008827006021579709,-0.016160471596400328,-0.07505031448385391,-0.12713118722448424,-0.1972594381649464,0.3762183235867446,0.20662768031189083,0.10136452241715399,0.031189083820662766,-0.2519042754536307,0.031285884133269715,False,-0.029230680981969126,False,-0.08458387962875147,-0.1459522618006106,0.09239937744863869,-0.015071444935275125,False,187.1241609134903,False,False,1.1610450885324481,0.8061198970209635,0.0007846393857693368,False,0.8297960268028456
CBRE,461,0.2816941516653125,CBRE Group,Real Estate,SP500,128.47000122070312,-0.018113689877115702,-0.058206892663633436,-0.11892186151997253,-0.07107737971181305,-0.05160198690916262,0.14230019493177387,0.4093567251461988,0.30214424951267055,-0.40740740740740744,-0.25138394753345294,0.030728512915676243,False,-0.07538621144776692,False,-0.10937488962271258,-0.11670592067987717,0.12280687839171645,-0.04285211689900548,False,255.87845474917603,False,False,0.9639759522910597,1.347153449412755,0.0009172300468935912,False,1.4796050907581118
PEG,462,0.28133633169682193,Public Service Enterprise Group,Utilities,SP500,67.33999633789062,-0.005023699257565628,0.00044568088523200267,-0.07332252082150448,-0.1534413599281349,-0.15325497560750523,0.391812865497076,0.15984405458089668,0.14619883040935672,-0.08771929824561403,-0.20534951110346045,0.01171873208994989,False,-0.04034916273003508,False,-0.07927102342071113,-0.13362277475991968,0.08609593641249402,-0.010307780024392366,False,220.07278027487183,False,False,0.9620324032967823,1.2018492634631552,0.008569766968667292,False,1.3421613803368995
OTIS,463,0.27990161858222423,Otis Worldwide,Industrials,SP500,64.31999969482422,-0.01996034760652876,-0.05854800962920714,-0.09574016338467539,-0.08394861233261419,-0.15539775761239438,0.24561403508771928,0.35477582846003897,0.14035087719298245,-0.10136452241715399,-0.3046150417360425,0.0,False,-0.05893369611542676,False,-0.08786394573715162,-0.17073734002317476,0.09632767537969955,-0.033198041091431874,False,279.31106411151126,False,False,1.0312860323042885,1.0909332811189936,0.0010665807977094932,False,1.4008556501995466
NEE,464,0.2790854609888496,NextEra Energy,Utilities,SP500,75.73999786376953,-0.0019765651216933078,-0.016619044859593646,-0.08015543803326541,-0.11648081191905368,-0.1723893092637958,0.3313840155945419,0.2378167641325536,0.1189083820662768,-0.09551656920077972,-0.2146660588025472,0.0033116970072135654,False,-0.05405998495398423,False,-0.09006894974993762,-0.12284852696894366,0.09898436779928033,-0.018468526243373695,False,934.5835145300293,False,False,1.0542008278215587,1.2480080784667957,0.005797897548359465,False,1.2085871592316613
WYNN,465,0.2745919212033127,Wynn Resorts,Consumer Discretionary,SP500,79.43000030517578,0.015339344199783111,-0.024800450813399322,-0.1298203180608366,-0.171527925767469,-0.21384922180802657,0.11695906432748537,0.1189083820662768,0.08771929824561403,0.031189083820662766,-0.3988447780753931,0.015339344199783111,False,-0.0673398677524436,False,-0.1498246769693995,-0.23011824025200023,0.17622797664289158,-0.0220028703849513,False,173.67407512406922,False,False,0.8386101656291729,1.573386244836595,0.005624374193162085,False,1.789072035122675
HWM,466,0.2733273442357797,Howmet Aerospace,Industrials,SP500,226.17999267578125,-0.02061145628866401,-0.011364656514505134,-0.07662790163833733,-0.15377386162566364,-0.0176646222845821,0.36062378167641324,0.15594541910331383,0.3762183235867446,-0.08187134502923976,-0.22713139452247788,0.2311960580946466,False,-0.028886968331847562,False,-0.13112548149808245,-0.08794404718847415,0.15091417541414875,-0.013763229272062638,False,748.3833394402772,False,False,1.2399891183331992,0.735453543845483,0.0032475967440517284,False,0.9355177745976035
GEN,467,0.2663622526636225,Gen Digital,Information Technology,SP500,22.020000457763672,0.05611511054617413,-0.1605032084615019,-0.2896774045882686,-0.1529271459155197,0.18086037719174697,0.003898635477582846,0.1617933723196881,0.7446393762183235,-0.5399610136452242,-0.2989493611991242,0.24290681683265203,False,-0.20794214182326431,False,-0.21578749734742564,-0.10027462933012998,0.2751645716148763,-0.08069217310761512,False,206.6631810348587,False,False,1.813981914693974,3.167212847535841,0.004316554001978723,False,2.6201281356025166
DTE,468,0.2647678938594584,DTE Energy,Utilities,SP500,121.80000305175781,-0.0048206253846956315,-0.008869691132754931,-0.09375374301422279,-0.18367412681970408,-0.1526992285189006,0.26120857699805067,0.09746588693957114,0.14814814814814814,-0.17543859649122806,-0.2040782404435465,0.008027817644655766,False,-0.051472287600588085,False,-0.09646418683797875,-0.12197942971350784,0.10676299205052198,-0.014539937938097158,False,208.43955563073732,False,False,0.7591198729264206,1.452934985519048,0.0047389642450128555,False,1.4515561019286074
HBAN,469,0.26283459791030084,Huntington Bancshares,Financials,SP500,15.260000228881836,-0.0006548938167680873,-0.0078023332032624015,-0.07663313610628397,-0.14903410272980955,-0.00637983915932494,0.3586744639376218,0.1695906432748538,0.4074074074074074,-0.37426900584795325,-0.18482818713758942,0.04529948817706586,False,-0.050111681823687304,False,-0.08703740663286375,-0.08266827023705992,0.09533512902413377,-0.017878594394340253,False,455.42382362797355,False,False,1.263432706297139,1.2676028924510108,0.0013097251794245146,False,1.2740855895692922
CIEN,470,0.2598677057941658,Ciena,Information Technology,SP500,351.82000732421875,-0.008734379539706683,-0.011491658834556273,-0.08092994110936347,-0.23920939912892525,-0.09378461899327917,0.3255360623781676,0.042884990253411304,0.23391812865497075,0.02729044834307992,-0.43888356088641345,1.3230109898546432,False,0.0197341444098591,True,-0.0609308409840329,-0.0970743652494791,0.0648842956868918,-0.0023673000966267788,False,868.0054770027466,False,False,0.8862596535840582,0.828591027202633,0.0,False,1.1348235877190733
MKC,471,0.2568752551088528,McCormick & Company,Consumer Staples,SP500,46.400001525878906,-0.04132231274684206,-0.05479728291602326,-0.14422721355156043,-0.11509229833426704,-0.06348515236607499,0.08187134502923976,0.24951267056530213,0.2787524366471735,-0.5789473684210527,-0.34071453024289233,0.02676463271552909,False,-0.07145212963935299,False,-0.1068334656836245,-0.1582544232451255,0.11961203379098184,-0.04098509904227565,False,153.93262193595123,False,False,0.6523591589172059,1.166880633341357,0.012396662297629923,False,1.9279388429774618
NCLH,472,0.25655691740767445,Norwegian Cruise Line Holdings,Consumer Discretionary,SP500,14.65999984741211,-0.009459482535033814,0.03385046064217123,-0.09169762070657461,-0.29075956491043253,-0.21604282089303484,0.27680311890838205,0.01949317738791423,0.08382066276803118,-0.11695906432748537,-0.41406876182277885,0.038243623670656035,False,-0.001396419430245821,False,-0.13490930868557127,-0.24836317427011867,0.15594816825573354,0.009087364723916025,False,279.91010637456895,False,False,0.568484467198821,1.3710193114740465,0.012162118187954318,False,1.456748782207417
IP,473,0.2553447927276334,International Paper,Materials,SP500,33.16999816894531,-0.004501846556205336,-0.07086841848531733,-0.125494386974232,-0.12499383643705209,-0.046269128354567424,0.13060428849902533,0.21442495126705652,0.31189083820662766,-0.5360623781676414,-0.300917111962397,0.15889004625595815,False,-0.051296410076784094,False,-0.13488865182902565,-0.11100928922144626,0.15592056688911593,-0.034021116412044416,False,188.39111766971587,False,False,0.6864863467774495,1.0666285596142269,0.006002423912702559,False,1.244780626073384
LOW,474,0.253849234959545,Lowe's,Consumer Discretionary,SP500,184.2899932861328,-0.0158603081695311,-0.036946108390826904,-0.09970690750557254,-0.1644333933057699,-0.21144814247176225,0.2300194931773879,0.14230019493177387,0.08966861598440545,-0.17153996101364521,-0.3516858189504224,0.0,False,-0.051996455890007454,False,-0.10505908051191548,-0.2004271380848388,0.11739219676312307,-0.027259957626523668,False,643.4394099436951,False,False,0.6433045718731628,1.141780761675804,0.00961232032767212,False,1.1795883701475762
APTV,475,0.2494281746985424,Aptiv,Consumer Discretionary,SP500,43.02000045776367,-0.008070059551322228,-0.047597914508213934,-0.03887394836948532,-0.2863304358171477,-0.3804723654198584,0.6120857699805068,0.023391812865497075,0.015594541910331383,0.011695906432748537,-0.5148302543573249,0.0,False,-0.03523130998407986,False,-0.10762808593145645,-0.3242224226552217,0.12060900195833546,-0.0192281149574256,False,212.83467831022645,False,False,0.746264512904539,0.7149686660221428,0.0066866710322683875,False,0.83372931198336
VRSK,476,0.24909248005859397,Verisk Analytics,Industrials,SP500,167.85000610351562,0.011510206303533055,-0.022991832817675695,-0.13148962762566208,-0.08393244352180684,-0.11062440771791315,0.11306042884990253,0.3567251461988304,0.20077972709551656,-0.17348927875243664,-0.32062708829690334,0.0759948353271449,False,-0.046882066877417694,False,-0.09173717149715499,-0.11458578219715099,0.10100289103361404,-0.014791533195371076,False,261.3396640771179,False,False,1.0647128159043888,1.027509845328463,0.0015667982584715023,False,1.0787291296205959
JBHT,477,0.24806994655588743,J.B. Hunt,Industrials,SP500,224.0500030517578,-0.022810518821458237,-0.04509227980598196,-0.15602515530374395,-0.22629744581336153,0.0610933640026492,0.06237816764132553,0.05263157894736842,0.557504873294347,-0.1793372319688109,-0.24792098492967607,0.7024704321041619,False,-0.10005079357658353,False,-0.14812852290467693,-0.07606758772148714,0.17388599910606195,-0.03651449903483839,False,259.5568359753113,False,False,1.5676222590669093,1.1211146111169852,0.0027040959546771326,False,1.06664511223274
MCD,478,0.24666269936637633,McDonald's,Consumer Discretionary,SP500,230.94000244140625,-0.012992535010013295,-0.030966786908379396,-0.11747179007714648,-0.13676467300269712,-0.2465687877266085,0.15009746588693956,0.18908382066276802,0.06237816764132553,-0.05458089668615984,-0.30960245204083714,0.0,False,-0.06790332301694246,False,-0.10970642355191584,-0.19574793141355085,0.12322499729763359,-0.03221113144214094,False,1308.2016573877258,False,False,0.9219422510357732,1.182369211406659,0.0010684674098853097,False,1.1013231567486699
CRH,479,0.24653318990016898,CRH plc,Materials,SP500,82.80000305175781,-0.020466056459505944,-0.028511090102850467,-0.12185807352004596,-0.20969818372236748,-0.20629591616288423,0.13840155945419103,0.07407407407407407,0.09746588693957114,-0.04093567251461988,-0.36270288489996105,0.0,False,-0.054713561061950244,False,-0.11320769363329952,-0.2338981285175712,0.12765976071344798,-0.02651853774926971,False,456.4605811885376,False,False,0.7956773817537396,1.5726635123671358,0.006033386295935639,False,1.7877032424598474
APP,480,0.243669295003109,AppLovin,Communication Services,SP500,290.42999267578125,-0.049826640070200656,-0.07873118897452414,-0.06931360972901102,-0.4856095354124125,-0.2702764003121074,0.41325536062378165,0.003898635477582846,0.056530214424951264,0.001949317738791423,-0.604103050243683,0.0,False,-0.08270732987283702,False,-0.13549688901931356,-0.3689016519441791,0.15673383623293957,-0.06074193892374358,False,2003.996526159668,False,False,0.6661440803921794,0.7314086651644467,-0.020153123039672982,False,1.1266388479156675
ALGN,481,0.2433786139626082,Align Technology,Health Care,SP500,145.35000610351562,0.009304990263131252,-0.019032139436313544,-0.0903685323821235,-0.19912941922859584,-0.1521319937380483,0.2826510721247563,0.07992202729044834,0.15009746588693956,-0.12085769980506822,-0.26408784291427356,0.15549729744515672,False,-0.03373128242349388,False,-0.0983160810786714,-0.14754229407301056,0.10903608128698306,-0.010474129747337524,False,147.21161956707763,False,False,0.7621777493393326,0.95386152541593,0.004166419876414418,False,1.0107039027398468
BKNG,482,0.2429012027786361,Booking Holdings,Consumer Discretionary,SP500,162.91000366210938,0.0035111946351924495,0.044964785375678495,-0.17975069083524686,-0.10587255744197677,-0.027900645548989744,0.042884990253411304,0.290448343079922,0.35477582846003897,-0.5458089668615984,-0.25307649885157524,0.062181122163458946,False,-0.053652416888461896,False,-0.14201159009344166,-0.10678195889420194,0.16551690961525667,-0.009788030393592329,False,1288.9993316352845,False,False,0.9417308116204963,1.1895865899433773,0.001909557506386328,False,1.219350324092779
FSLR,483,0.23725256825473123,First Solar,Information Technology,SP500,175.16000366210938,-0.010003894686839931,-0.08756575220973051,-0.13244175850785211,-0.2452602452596535,-0.11203483453387553,0.1111111111111111,0.037037037037037035,0.19883040935672514,0.023391812865497075,-0.4496150709753044,0.017425650186950303,False,-0.10452414195108128,False,-0.16141552413979543,-0.22169305000075,0.1924857051213813,-0.043197349331835055,False,500.91232336019897,False,False,1.2166153601062315,1.353083770165438,0.008873607580461185,False,0.8077903075254169
PCG,484,0.2370843394635752,PG&E Corporation,Utilities,SP500,12.25,0.00989281817204768,-0.008823936338454907,-0.07305994890991385,-0.25766474425116004,-0.2978786461913048,0.39571150097465885,0.03508771929824561,0.042884990253411304,-0.02729044834307992,-0.35260800815110593,0.02933013137865359,False,-0.06966141099358969,False,-0.21636978316120958,-0.2547961156413683,0.276112097915338,-0.01934100296605834,False,615.167397565073,False,False,0.8030093010627184,0.9904660249553119,0.005770790945078597,False,1.1917477914210275
XYL,485,0.23407510404626483,Xylem Inc.,Industrials,SP500,101.2699966430664,0.0033686350625443673,-0.06783875909414139,-0.08028338859580475,-0.13315087719939844,-0.14599189166983695,0.32943469785575047,0.20077972709551656,0.15594541910331383,-0.21637426900584794,-0.3286068048252523,0.0035674657406856713,False,-0.04454605053664218,False,-0.10041312450935802,-0.1600088798833994,0.11162137559487184,-0.022298395825407713,False,245.86044419622803,False,False,0.9136337820791941,1.210331393565924,0.01327649196313252,False,1.2183252696282456
BRO,486,0.22694330956767872,Brown & Brown,Financials,SP500,60.900001525878906,0.0049505455331970705,-0.012965951817962895,-0.1561590263129018,-0.09380960781816172,-0.061188075703034084,0.06042884990253411,0.3138401559454191,0.2826510721247563,-0.631578947368421,-0.35922194564803456,0.12248958795190656,False,-0.06749554147621839,False,-0.11460339400155894,-0.1027524380460596,0.12943735409096524,-0.017694001517523428,False,151.47003560207366,False,False,0.7629773258410429,0.9124412710327706,-0.0013200993130648708,False,0.8867704828289636
CMCSA,487,0.22629080311127897,Comcast,Communication Services,SP500,21.760000228881836,0.007407400212333881,-0.03503321662558467,-0.18256951379162767,-0.08301725037323104,-0.22281594622517742,0.037037037037037035,0.36257309941520466,0.07992202729044834,-0.22027290448343084,-0.3130248091919072,0.007407400212333881,False,-0.08765014127799076,False,-0.12028913133291386,-0.17385271584588435,0.13673712081694833,-0.02581199373855625,False,703.0438227090721,False,False,0.9351245536422229,1.1518623577158678,0.005555506007662414,False,1.2133005438540767
HD,488,0.21735598509210624,Home Depot (The),Consumer Discretionary,SP500,284.489990234375,-0.012324740332012696,-0.04121734610411831,-0.12580763106858572,-0.18314200928022284,-0.12208934825961726,0.1286549707602339,0.10136452241715399,0.1871345029239766,-0.4405458089668616,-0.2631443991209744,0.0,False,-0.06143917643970065,False,-0.11886429177846247,-0.1515263719523302,0.13489896127166978,-0.030685637902440166,False,1354.0056612940064,False,False,0.719984256921932,1.4272440365377648,0.008193255386584442,False,1.3793100149110717
AON,489,0.21140598833461127,Aon plc,Financials,SP500,276.7699890136719,0.003153298790988357,-0.017152048952968624,-0.13918263725151192,-0.1925693617022034,-0.1383212502381227,0.09746588693957114,0.08576998050682261,0.1617933723196881,-0.27485380116959063,-0.2724102396244118,0.01716274459905609,False,-0.07089089808748639,False,-0.16696785076610798,-0.1653687887003128,0.20043386190996593,-0.019934284994211793,False,520.6250183068237,False,False,0.7512243705854008,1.298653149388573,-0.00043492250758270234,False,1.434186696366309
ERIE,490,0.20883525404073347,Erie Indemnity,Financials,SP500,219.14999389648438,-0.014746207289040747,-0.029321921649022475,-0.14247145097018343,-0.1158019874150491,-0.11790529151284845,0.08966861598440545,0.24171539961013644,0.19103313840155944,-0.6588693957115009,-0.3246793073857692,0.06352068084450968,False,-0.08250161846264148,False,-0.10575843177754585,-0.11610202181498486,0.1182660653851837,-0.03415481110286667,False,66.44667511260987,False,False,0.6038816562188254,0.5177486218629738,-0.0008541437255457085,False,0.5022979024275277
PNR,491,0.20751555448743628,Pentair,Industrials,SP500,52.9900016784668,-0.0089769876805329,-0.04090494699607605,-0.12355272112341642,-0.30320087923729877,-0.38716639837479006,0.13255360623781676,0.015594541910331383,0.01364522417153996,-0.07017543859649122,-0.5226175193011382,0.0,False,-0.056345022757548824,False,-0.13682047642401385,-0.3466591833467315,0.15850755571354735,-0.022538457254826172,False,199.9334512413101,False,False,0.4536133586035619,0.6946915676566234,0.0037403580264880887,False,0.71705138300107
YUM,492,0.2018247673979469,Yum! Brands,Consumer Discretionary,SP500,136.33999633789062,-0.010092205276751587,-0.030505641726292776,-0.10620717994927042,-0.15200583400771328,-0.11436874631407323,0.19298245614035087,0.16374269005847952,0.1949317738791423,-0.3157894736842105,-0.181877280923736,0.0056264438358408775,False,-0.03908434466750288,False,-0.06994867534642879,-0.10789104344324518,0.07520947875912487,-0.01617620414167753,False,348.4856040829468,False,False,0.9337325308753929,0.8561184909514119,0.006026296789383601,False,0.7975037856192355
TTD,493,0.1988311722990887,Trade Desk (The),Communication Services,SP500,12.170000076293945,0.009958496569265618,-0.04022083727187775,-0.11297377263612329,-0.3644908449753813,-0.4636403794690611,0.16374269005847952,0.007797270955165692,0.003898635477582846,0.003898635477582846,-0.7751708879336681,0.009958496569265618,False,-0.1131353677831487,False,-0.17370522388914034,-0.4672579198664698,0.21022185896747714,-0.047019297447575936,False,383.22721159765433,False,False,0.7173545497812724,0.7463082268257466,0.0029045516064820642,False,0.7098074810504562
GIS,494,0.19703730406686426,General Mills,Consumer Staples,SP500,32.15999984741211,-0.04908337854497835,-0.10217755104953163,-0.2194174938865311,-0.13379176009305527,-0.10615520881309415,0.017543859649122806,0.1968810916179337,0.20662768031189083,-0.7348927875243665,-0.32925707943567395,0.016993722977314496,False,-0.10949896006733562,False,-0.13936137470192345,-0.1566847070836136,0.16192786450138308,-0.06340575824377004,False,343.4864323496094,False,False,0.7809264457436823,1.209542953460143,-0.0005913795962195767,False,1.399205624760049
WY,495,0.19522207344846135,Weyerhaeuser,Real Estate,SP500,19.049999237060547,-0.025575448568415315,-0.10014174924861541,-0.17735439464542024,-0.18398858136350416,-0.20630030462401827,0.04483430799220273,0.09551656920077972,0.09551656920077972,-0.2222222222222222,-0.2783000816815414,0.0,False,-0.1130431220368171,False,-0.17639569394191412,-0.2000955978281882,0.2141752934563621,-0.059572853300681294,False,134.0532199557228,False,False,0.8021018529525992,1.3633929315519902,0.005115109226201842,False,1.9309044692880493
NRG,496,0.19173218434213388,NRG Energy,Utilities,SP500,95.6500015258789,-0.015642653820201358,-0.050337565859580935,-0.13140211460040352,-0.31825618309419534,-0.3411557954628224,0.11500974658869395,0.01364522417153996,0.023391812865497075,-0.0682261208576998,-0.4768054436444714,0.0,False,-0.1012829930570105,False,-0.17511215671545266,-0.3205713605141841,0.2122860194159113,-0.042857906863291495,False,342.77898241531375,False,False,0.7249825217657835,0.9567939110417658,-0.001852426763071735,False,1.2551121043156133
AXON,497,0.18725409413945823,Axon Enterprise,Industrials,SP500,422.5199890136719,0.007007013049941779,-0.06233771387905451,-0.25423610767723714,-0.2886390103993849,-0.0051096409504807205,0.009746588693957114,0.021442495126705652,0.4152046783625731,-0.8304093567251463,-0.44364270033791,0.22136782688274503,False,-0.09333489871515022,False,-0.20690251564528928,-0.1521865708955582,0.2608790466831852,-0.03731009517544048,False,501.8641767353516,False,False,0.7493847424732293,1.109721572688402,0.005958339482356134,False,1.1678946047361216
ROL,498,0.18655962585306493,"Rollins, Inc.",Industrials,SP500,30.1200008392334,-0.012458988877593447,-0.07294554376105644,-0.1649569976693014,-0.28175693063601326,-0.43137972870661956,0.056530214424951264,0.02729044834307992,0.007797270955165692,-0.007797270955165692,-0.5356382131588877,0.002997008009657298,False,-0.0920052863318136,False,-0.15570280416632853,-0.39251893713963903,0.18441705709159106,-0.037439082836394966,False,228.65901970960618,False,False,1.0295812515090306,1.764971454035234,0.0032787010317942844,False,1.7814902424600827
BLDR,499,0.18402322396554555,Builders FirstSource,Industrials,SP500,57.0099983215332,-0.009038770533588147,-0.03634214894226295,-0.1414157076590732,-0.32747433550599037,-0.3075428512862104,0.0935672514619883,0.011695906432748537,0.03508771929824561,-0.08771929824561403,-0.5599042668189169,0.0,False,-0.05047428923073427,False,-0.14183185582784785,-0.337661809542362,0.1652728043927436,-0.025211653390726396,False,179.4447104636917,False,False,0.6104428141427048,0.713121495756006,0.006431474959724515,False,0.7578347416694918
STZ,500,0.1836989734610499,Constellation Brands,Consumer Staples,SP500,113.05999755859375,0.002571614118649368,-0.030110681525431282,-0.13443575421082787,-0.16751278616993748,-0.23525858880103578,0.10721247563352826,0.13450292397660818,0.0682261208576998,-0.1189083820662768,-0.3117877718633354,0.002571614118649368,False,-0.06081525735433346,False,-0.11408220139215464,-0.20411393619167506,0.12877289695660976,-0.021523572348418063,False,252.27505441400146,False,False,0.8437349262820202,0.7821736970308939,0.0020395793542637985,False,0.8273868819929114
ALB,501,0.1813010456125092,Albemarle Corporation,Materials,SP500,105.77999877929688,-0.017097230257630658,-0.06777123784857397,-0.21362991955029287,-0.2200443397112687,-0.4073007261431719,0.021442495126705652,0.06432748538011696,0.009746588693957114,0.021442495126705652,-0.5065053974475009,0.26663722555865776,False,-0.09379534603043327,False,-0.1401738924014162,-0.3164028530195093,0.16302586204658187,-0.03992113038966505,False,290.39196452362063,False,False,0.9698134533406869,0.8970310711275822,-0.00018587875813425025,False,0.7097343356719376
MGM,502,0.17976066498056403,MGM Resorts,Consumer Discretionary,SP500,31.049999237060547,-0.014911206024026513,-0.17965652605534088,-0.2492746910335063,-0.3465909314403701,-0.16103753998294568,0.011695906432748537,0.009746588693957114,0.1286549707602339,-0.04483430799220273,-0.3874531450332287,0.010742185256579662,False,-0.17808221944603353,False,-0.2531641533386113,-0.22020487671386657,0.33898232720127397,-0.091294902373392,False,125.9529319570465,False,False,1.928902654909603,3.2411885026371583,0.007296939685788484,False,1.9786898993067337
SYK,503,0.17699366376367098,Stryker Corporation,Health Care,SP500,275.3900146484375,-0.00899625616317512,0.010468517352517415,-0.14681249045078348,-0.11847191300126891,-0.15700538577972178,0.07602339181286549,0.22807017543859648,0.13840155945419103,-0.3723196881091618,-0.2831541161693273,0.024141255540492734,False,-0.01672301362598927,False,-0.11688719143653004,-0.16283403479613268,0.13235816568742398,-0.0010034678638355388,False,821.747587508606,False,False,0.9447246644648007,0.9544590768366235,-0.005865538372433088,False,1.0822110194390029
PODD,504,0.17641630713007786,Insulet Corporation,Health Care,SP500,130.47000122070312,-0.017840975478192633,-0.044105824823653106,-0.1223597604823855,-0.1834907897700887,-0.3782405475712245,0.1364522417153996,0.09941520467836257,0.017543859649122806,-0.253411306042885,-0.6233109864343209,0.0,False,-0.060542347226454796,False,-0.10839611935468363,-0.33091998534489064,0.12157430189315654,-0.034608559471336786,False,243.22382621923828,False,False,0.5157996294371501,0.7915688858884924,0.0006774792259232054,False,0.8456942456956791
FIS,505,0.17252987873031134,Fidelity National Information Services,Financials,SP500,32.900001525878906,-0.0134931624836917,-0.05105268925718698,-0.18370985648613936,-0.1843101092799272,-0.28245158618309607,0.03508771929824561,0.0935672514619883,0.050682261208576995,-0.1189083820662768,-0.5018671884259269,0.0,False,-0.10794794400387031,False,-0.17476655708427513,-0.2866693536893654,0.2117783259810555,-0.051172676050066146,False,251.47174385850525,False,False,0.8584368541212086,1.0851442365552098,0.0002999141435713337,False,0.9400151177887586
EFX,506,0.1704861468740344,Equifax,Industrials,SP500,137.24000549316406,-0.025491701279655832,-0.11640484791707517,-0.2744766185439941,-0.1512819857117096,-0.23301609614057261,0.005847953216374269,0.16569200779727095,0.07017543859649122,-0.45419103313840153,-0.453164705496101,0.0,False,-0.15442101352710835,False,-0.21225604030800194,-0.24731150050040296,0.2694480074350458,-0.08075277625718491,False,250.05407117492675,False,False,0.7463820096807747,1.652974513909254,0.0012071161452462675,False,1.2858071868702152
LULU,507,0.14815730345651038,Lululemon Athletica,Consumer Discretionary,SP500,96.19000244140625,-0.007019720098023541,-0.05954239744401857,-0.20014966960966574,-0.1736254194118667,-0.37171784058343393,0.025341130604288498,0.11500974658869395,0.01949317738791423,-0.04873294346978557,-0.5544283849093774,0.002187946208875413,False,-0.055664622964909594,False,-0.14579931250583889,-0.3414329802128022,0.17068507979494618,-0.03443997181164171,False,549.1316694884033,False,False,1.8010330348867176,0.8924242261630063,0.00020642760916111946,False,0.8285402111045399
CLX,508,0.13991390195427686,Clorox,Consumer Staples,SP500,81.01000213623047,-0.007230347413275218,-0.03490588777646331,-0.17065927638067402,-0.15000640008222843,-0.19917509659660038,0.050682261208576995,0.16764132553606237,0.09941520467836257,-0.5009746588693957,-0.3473617925980834,0.0,False,-0.065844072129151,False,-0.15481133596599772,-0.1887535480547633,0.18316778555346258,-0.027530909523538538,False,282.1818842116394,False,False,0.8869914485981616,0.9666562082983786,0.010294166458245213,False,0.935156050309809
CASY,509,0.13104908389695702,Casey's,Consumer Staples,SP500,608.4600219726562,0.01426904019041264,0.01866706477312685,-0.19110354262898333,-0.22359839738517462,-0.16283524244627234,0.031189083820662766,0.05847953216374269,0.12475633528265107,-0.31773879142300193,-0.3354473806991135,0.18846322628193035,False,-0.03844874809858323,False,-0.19439541045548292,-0.167471071928869,0.2413037524592463,0.004272486306225121,False,349.4223867241211,False,False,1.0824771759382592,1.2232150742230465,0.004950776099777343,False,1.2363541776740934
FICO,510,0.11218476175217343,Fair Isaac,Information Technology,SP500,592.469970703125,-0.04110901098093467,-0.3264478138378458,-0.48355576496305996,-0.5089960148214288,-0.4450138177267575,0.001949317738791423,0.001949317738791423,0.005847953216374269,-0.13060428849902533,-0.684780955382102,0.0,False,-0.3559198888076892,False,-0.43602282992055974,-0.5184365469405321,0.7731214188317992,-0.2534636988628022,False,473.421635328125,False,False,1.9254600972817952,3.2135919288131345,-0.02565260606793396,False,4.225141581928041
COO,511,0.10298196022781458,Cooper Companies (The),Health Care,SP500,56.529998779296875,-0.001765888873957011,0.008204014392301007,-0.1934655195760543,-0.21431548051402716,-0.2093706464434003,0.02729044834307992,0.0682261208576998,0.0935672514619883,-0.736842105263158,-0.32957781091207905,0.06119764020122287,False,-0.030651199582223065,False,-0.1624465716619774,-0.2107454940371627,0.19395368243471234,0.00430616318272925,False,200.64964325065614,False,False,2.210737417334148,1.590500862166712,-0.0001766225682821032,False,1.520528073418525
TPL,512,0.08638681940772784,Texas Pacific Land Corporation,Energy,SP500,325.8299865722656,-0.008731443651294857,-0.02951689983427752,-0.12819073397006475,-0.2136449519936472,-0.3112523266721946,0.12280701754385964,0.07017543859649122,0.031189083820662766,-0.33723196881091616,-0.3944828438080852,0.19616397919573947,False,-0.08249470420001814,False,-0.11581376177170566,-0.1759088257711141,0.1309834475639089,-0.04186181329517602,False,139.5345497258301,False,False,0.9960374632699928,0.7812958691549591,0.003498612271909618,False,0.8844426640804537
CHTR,513,0.05887321042331857,Charter Communications,Communication Services,SP500,110.9000015258789,0.0020782810223098913,-0.048966632832396884,-0.2725006576373822,-0.20695076923546962,-0.4862886834467164,0.007797270955165692,0.07602339181286549,0.001949317738791423,-0.4873294346978558,-0.6077668339949037,0.0020782810223098913,False,-0.15666681478490108,False,-0.21324416757309572,-0.36941574706608626,0.27104237272102805,-0.05620113374463642,False,431.631500958725,False,False,1.1778638545029545,0.9471207281025069,0.01246954825738622,False,0.7734087851247764
