Ticker,rank,score,name,sector,index,price,ret_1d,ret_1w,ret_1m,ret_3m,ret_6m,rs_1m,rs_3m,rs_6m,rs_3m_chg,pct_from_52w_high,pct_from_52w_low,new_52w_high,pct_vs_20dma,above_20dma,pct_vs_50dma,pct_vs_200dma,dist_to_50dma,pct_vs_9ema,pullback_9ema,avg_dollar_vol_m,above_50dma,above_200dma,vol_ratio_20_60,volume_x,gap_pct,gap_up,rvol
CRM,1,0.8661979928118909,Salesforce,Information Technology,SP500,257.19000244140625,-0.003564305770283105,0.25080249269934973,0.34661498007345526,0.3527821267018625,0.33881657672358734,0.998046875,0.9668615984405458,0.9122807017543859,0.5645178484405458,-0.029039965740589535,0.7132294884544672,False,0.20338290364855327,True,0.373574448062131,0.28697495178483634,-0.27197247924142587,0.07528645967270142,False,2745.763252675226,True,True,1.7017901882754547,1.9681477915420063,0.004920458732040833,False,0.7649596105297095
DASH,2,0.8330245644493178,DoorDash,Consumer Discretionary,SP500,226.24000549316406,0.0025702464842780604,-0.045118758760295696,0.11795231977030007,0.4635787476599258,0.27279890572806775,0.91015625,0.9941520467836257,0.8654970760233918,0.23829267178362568,,,False,,False,,,,-0.0039502287995035745,False,857.8527397271588,False,False,0.5563953425861579,0.8031220517233824,0.00031016602097766466,False,0.7781870223408435
MRNA,3,0.8267349689327486,Moderna,Health Care,SP500,150.80999755859375,-0.022428253179771485,0.007684042952990522,1.6462536079477967,2.07399089557908,1.6091695423742585,1.0,1.0,0.9961013645224172,0.189453125,-0.13516462131113227,5.744632980411291,False,0.3849374676722821,True,0.8388996183996633,1.8136495351093251,-0.45619652644755637,0.07649470543325632,False,2196.9398888899314,True,True,8.600575682372009,1.284634793757064,-0.01808523023046238,False,0.9439995687105319
CRL,4,0.8186209338450293,Charles River Laboratories,Health Care,SP500,291.6000061035156,0.03279737155816598,-0.011860386064418638,0.24551517249757682,0.621170923552506,0.6237888580591904,0.982421875,0.9980506822612085,0.9590643274853801,0.05273818226120852,,,False,,False,,,,0.00747543444337051,False,234.18201728909364,False,False,0.5557790586874667,0.8545050068960653,0.011156739878662503,False,0.533004106798549
PSX,5,0.8082446241471737,Phillips 66,Energy,SP500,256.0050048828125,0.015812239277812834,0.05686747883514642,0.2500061652653198,0.3935660154017402,0.5737750804356188,0.986328125,0.9805068226120858,0.9571150097465887,0.26370994761208577,,,False,,False,,,,0.044547260142587364,False,572.0199608992584,False,False,1.0462317226907019,1.1342945857512994,-0.0076581537253040954,False,0.8817896100248124
ABNB,6,0.8056282742446395,Airbnb,Consumer Discretionary,SP500,183.25999450683594,0.003916822400298781,-0.0255756507154844,0.22238525043416613,0.3718092636466166,0.35207321517246526,0.978515625,0.9727095516569201,0.9161793372319688,0.4609908016569201,,,False,,False,,,,-0.004515263971511918,False,732.9961247895467,False,False,2.208636761792185,1.1285218458585695,0.004026407832173673,False,0.7553112959120598
IQV,7,0.8051538894980507,IQVIA,Health Care,SP500,263.8949890136719,0.02146306475384585,0.009120030434721649,0.15641977450826006,0.4495742081292089,0.4835562276239318,0.947265625,0.9902534113060428,0.9454191033138402,0.02736278630604283,,,False,,False,,,,0.02112036854675936,False,309.6132905767037,False,False,0.517720195896348,0.849154104527632,-0.0013547748993486541,False,0.6297598475484745
CF,8,0.7967996162280702,CF Industries,Materials,SP500,139.25,0.02691735790703431,0.10779636738843457,0.1850602916237245,0.20040719111398397,0.34217282003441807,0.96875,0.8401559454191033,0.9142300194931774,0.6741403204191033,,,False,,False,,,,0.06971905540039391,False,299.32764846691026,False,False,1.0780915061210201,1.2783764164756506,-0.014970491798851349,False,1.4289900879059259
VLO,9,0.7930243360136452,Valero Energy,Energy,SP500,365.9599914550781,0.010967157456847731,0.0515185263875817,0.1853722619511855,0.40514168150498264,0.6361689847977536,0.97265625,0.9824561403508771,0.9610136452241715,0.12698739035087714,,,False,,False,,,,0.036656246083539124,False,842.218683971453,False,False,0.8605009021298944,0.9600243126022161,-0.0057183260932170965,False,0.8628682399350204
MPC,10,0.7840144523635478,Marathon Petroleum,Energy,SP500,386.9599914550781,0.010339403276966364,0.06815359590958137,0.2412257019438444,0.4521147266264751,0.7642814645538172,0.98046875,0.9922027290448343,0.9688109161793372,0.12306210404483431,,,False,,False,,,,0.046778538692717975,False,741.3886655587363,False,False,1.0734461797642492,1.150444385365713,-0.006866853479928214,False,0.7641110587751826
SHOP,11,0.7834616380360624,Shopify,Information Technology,NDX,141.8699951171875,0.014661619836817685,-0.056025008617271777,0.15060820442668232,0.2561536395467163,0.09425377397595458,0.943359375,0.9181286549707602,0.6042884990253411,0.6935192799707602,,,False,,False,,,,-0.03217871292372787,False,1218.435851629235,False,False,0.6494017463192326,0.7824322582630618,-0.00042921480645941035,False,0.6421283947760489
ROP,12,0.7810725816276803,Roper Technologies,Information Technology,SP500,415.7900085449219,-0.006024214167434261,0.006073387952571618,0.05863631277797299,0.2566559259838286,0.15673984038991873,0.79296875,0.9200779727095516,0.7270955165692008,0.3399998477095516,,,False,,False,,,,0.0015079612898931671,False,324.79745379626155,False,False,0.5938589581958896,0.7690579249922532,0.011355215098187266,False,0.6300173993495958
REGN,13,0.779495233308967,Regeneron Pharmaceuticals,Health Care,SP500,852.030029296875,0.03424294350932655,0.04570509244565302,0.1214274415961869,0.3781807156821928,0.08482412210257095,0.912109375,0.9766081871345029,0.5906432748538012,0.4824675621345029,,,False,,False,,,,0.03652550776364705,False,565.066061195716,False,False,0.7815812861264326,0.9888587721216141,0.0029375141276508643,False,0.9390539808629716
INCY,14,0.7772637975146198,Incyte,Health Care,SP500,128.8300018310547,0.030557552432175283,0.005541732289466417,0.0682421514184317,0.31486014918510397,0.3031559886270625,0.818359375,0.9551656920077972,0.898635477582846,0.08797819200779722,,,False,,False,,,,0.01945895323422997,False,204.62926914432197,False,False,0.6117778663978517,0.8267184723201619,0.007039414753861051,False,1.3360426511425447
VEEV,15,0.7756133497807018,Veeva Systems,Health Care,SP500,280.82501220703125,0.005712141094967205,0.14664573928336577,0.3255216246483388,0.5713127254304213,0.4899459813920164,0.99609375,0.9961013645224172,0.9473684210526315,0.11914823952241715,,,False,,False,,,,0.050838470437935435,False,417.4326678864596,False,False,1.4186857223662341,1.5048977135922768,-0.0034022568121366836,False,0.6329320494331714
TGT,16,0.7728538468567252,Target Corporation,Consumer Staples,SP500,163.39999389648438,-0.002137441853530486,-0.0039014838810197405,0.11170190567408467,0.3193442963883619,0.3841591670679019,0.8984375,0.9590643274853801,0.9317738791423001,0.20906432748538006,,,False,,False,,,,0.007051638112988368,False,648.471488970056,False,False,0.919518978255462,0.8309546538690479,0.0015877527135019776,False,0.4708004699110266
CTVA,17,0.7721110501949319,Corteva,Materials,SP500,89.95999908447266,0.025418849221585216,0.08773824180531942,0.15121626077126127,0.1587627324001768,0.15845535055415816,0.9453125,0.7504873294346979,0.7309941520467836,0.5415029544346979,,,False,,False,,,,0.06638225495128669,False,361.1977792110965,False,False,0.7538124660158128,1.2445544387389031,0.00615517229534146,False,1.500040871934605
TYL,18,0.7703894066764133,Tyler Technologies,Information Technology,SP500,374.8699951171875,-0.004144190391166203,0.06300865335396977,0.19640638043664693,0.23405869136175794,0.018225748012639764,0.974609375,0.8830409356725146,0.4522417153996101,0.6838221856725146,,,False,,False,,,,0.035227423499316846,False,286.78792206126934,False,False,0.7064183878018654,2.2284092634722255,-0.00945726331020591,False,0.7710030031272044
CVX,19,0.767859100877193,Chevron Corporation,Energy,SP500,211.74000549316406,0.0032693789691016217,0.05758952296412989,0.12178521140252885,0.12586523459526644,0.1586528405779022,0.916015625,0.7017543859649122,0.732943469785575,0.38144188596491224,0.0,0.48315331255126304,True,0.057289680051383796,True,0.12402484724251117,0.19203068696021974,-0.11033995160051169,0.030968979303557687,False,1550.2831907812717,True,True,0.8466135518604726,0.9697172431482388,-0.0026533880620528416,False,0.7410994961323857
APA,20,0.7656124360380117,APA Corporation,Energy,SP500,44.69499969482422,0.00891648904213116,0.08509349805713451,0.248463705232582,0.1742649873172848,0.45694039713770573,0.984375,0.7953216374269005,0.9434697855750487,0.7289153874269005,,,False,,False,,,,0.038501619446030144,False,204.84880254905093,False,False,1.1347566734869825,0.7990508755858989,-0.00957110143745199,False,0.7539547072996973
MRK,21,0.7619308144493179,Merck & Co.,Health Care,SP500,151.72000122070312,0.012411588167463794,-0.009013748058765203,0.18531250953674316,0.3322672289195048,0.2798710027369571,0.970703125,0.9610136452241715,0.8771929824561403,0.30281052022417154,,,False,,False,,,,0.018011602271221117,False,1369.4034725619395,False,False,1.7640370797846394,0.864395891964964,0.010943543193440819,False,0.5476690349340322
RVTY,22,0.76110616167154,Revvity,Health Care,SP500,130.97000122070312,0.03459992897955,0.03656511913237814,0.1757788126253843,0.29664717774448435,0.33165475974749725,0.966796875,0.9434697855750487,0.9083820662768031,0.03331353557504868,,,False,,False,,,,0.03694184607442219,False,180.73396707637554,False,False,0.8225134619301993,1.296297565336239,-0.005134638717813278,False,0.9520651350801557
AJG,23,0.760691550925926,Arthur J. Gallagher & Co.,Financials,SP500,264.5299987792969,0.009656483890446044,-0.0018865788865523037,0.06639523253568025,0.31066915863770594,0.1801666111514002,0.8125,0.9532163742690059,0.7719298245614035,0.15048199926900585,,,False,,False,,,,0.008752926720903886,False,380.36062398634,False,False,0.7190129378128594,0.9515230829118899,0.005725190839694694,False,0.8320853371438873
GDDY,24,0.7602849354288499,GoDaddy,Information Technology,SP500,101.86000061035156,0.013028319431471758,0.06615029970966946,0.14333825117725096,0.21290779398309878,0.14888333411927746,0.9375,0.8557504873294347,0.7173489278752436,0.5041879873294347,,,False,,False,,,,0.03280801167374392,False,183.20728163904963,False,False,0.8288017774527656,0.8745553834855837,-0.0017901571328956534,False,0.7471129711715081
EG,25,0.7575524640594541,Everest Group,Financials,SP500,378.2200012207031,-0.0010300418529565203,-0.004107634850723962,0.024403483042579666,0.19603636464001606,0.14590588371917557,0.6796875,0.8304093567251462,0.7095516569200779,0.35970623172514615,,,False,,False,,,,0.007060232577915437,False,127.19166048056155,False,False,0.6363878517472829,0.9578045065947804,0.004252439004337472,False,0.6605613868523305
NWSA,26,0.7569977461013645,News Corp (Class A),Communication Services,SP500,30.649999618530273,0.0006529695824899484,-0.010012902942812318,0.07205314637803228,0.17658351309759146,0.2808190233036074,0.828125,0.8031189083820662,0.8791423001949318,0.22499390838206623,,,False,,False,,,,0.004970113158487832,False,114.04632246961134,False,False,0.7974708981035916,1.0938136465026902,0.0022853935387145974,False,0.8683506022924162
ZS,27,0.7541914138645224,Zscaler,Information Technology,NDX,172.72999572753906,-0.031619664428106375,0.01420937234241193,0.058264884424162444,0.2854804048842663,0.10575499842293623,0.791015625,0.9376218323586745,0.6276803118908382,0.25012183235867447,,,False,,False,,,,-0.03197909464562865,False,381.4256845479693,False,False,0.7434512760079723,1.176124187507944,-0.008241303251353194,False,1.0503645013550458
COP,28,0.7533549585769981,ConocoPhillips,Energy,SP500,137.19500732421875,0.00737943215211323,0.050417323965201044,0.17101982468588606,0.16010137583798456,0.20308228542243478,0.962890625,0.7543859649122807,0.797270955165692,0.5707922149122807,,,False,,False,,,,0.03232575455070874,False,802.2875883030065,False,False,0.904979784937964,0.9698451413021891,-0.009031468576911506,False,0.6482043416537451
WELL,29,0.7514726486354777,Welltower,Real Estate,SP500,238.66000366210938,-0.007320499626654042,-0.012005273744800982,0.03450775099251957,0.20026533371569966,0.16209228325833247,0.720703125,0.8382066276803118,0.7426900584795322,0.35773787768031184,,,False,,False,,,,0.00033955447652322945,False,715.6116177987752,False,False,0.7599616385547938,1.0140568051711898,0.001164623498167261,False,0.5269782557322878
AMGN,30,0.7496653417397662,Amgen,Health Care,SP500,442.8399963378906,0.010773307023891121,0.0056774311232032915,0.1420644752946283,0.3169770277919637,0.18330369430000948,0.931640625,0.9571150097465887,0.7777777777777778,0.1348493847465887,,,False,,False,,,,0.016687059891044242,False,969.3005762865589,False,False,0.8189943153012222,0.8733472204448849,0.005774670883533117,False,0.8863036386449185
CMG,31,0.7472709551656921,Chipotle Mexican Grill,Consumer Discretionary,SP500,38.51499938964844,0.02679288491298859,0.031467574511488294,0.13882317377852416,0.3401182914536247,0.049169173255012355,0.92578125,0.9629629629629629,0.5165692007797271,0.5156973379629629,,,False,,False,,,,0.0359904431388085,False,635.0419369604158,False,False,0.696542466545071,0.6236182143560228,0.004798728691823184,False,0.477614182928739
SJM,32,0.7470192951998051,J.M. Smucker Company (The),Consumer Staples,SP500,131.32000732421875,-0.0007608495367502632,0.00320865887943822,0.11228236104237932,0.3088841268948064,0.1681511879835349,0.900390625,0.949317738791423,0.7485380116959064,0.076270863791423,,,False,,False,,,,0.020979139861400542,False,167.20077783345684,False,False,0.7227090821847327,1.0514451136857847,0.003043746468168518,False,0.5999936557519996
GPC,33,0.7462688840155947,Genuine Parts Company,Consumer Discretionary,SP500,137.1699981689453,0.01727975299862816,-0.01663206848416421,0.03485473414424223,0.410912458768284,0.21008871556173303,0.72265625,0.98635477582846,0.8050682261208577,0.06643290082845998,,,False,,False,,,,0.009234574860067735,False,203.33025531317418,False,False,0.4988511641920917,0.6155026565703848,0.006303812864141722,False,0.3117497746090503
TECH,34,0.7443983765838208,Bio-Techne,Health Care,SP500,72.30000305175781,0.00166254843550373,-0.001105197633264332,0.004023720647965412,0.42340361551649397,0.2534839497212582,0.603515625,0.9883040935672515,0.8538011695906432,0.05275721856725146,,,False,,False,,,,0.00012114244206706815,False,376.85402041248176,False,False,0.06818512487563216,0.3926135225975548,0.00027703855613547823,False,0.2891609192005223
LH,35,0.7440005177875244,Labcorp,Health Care,SP500,331.739990234375,0.012606468262499781,-0.009736604630375734,0.0643889111973619,0.28399199635252903,0.1869849880542125,0.80859375,0.9337231968810916,0.7855750487329435,0.07630132188109162,,,False,,False,,,,0.001204027441454425,False,210.12157446262654,False,False,0.6603973125829004,0.9210397542278529,0.004731291413122118,False,0.6727073756069476
J,36,0.743233735380117,Jacobs Solutions,Industrials,SP500,147.1300048828125,0.005467115709336667,-0.02897306801651356,0.033704184061573494,0.2161025074901961,0.07098066199391218,0.716796875,0.8635477582846004,0.5633528265107213,0.3127665082846004,,,False,,False,,,,-0.006979027970425933,False,126.14579437954089,False,False,0.5814519809482287,0.9872231751918608,-0.003006918853963092,False,0.49761286492739504
FDS,37,0.7403801931042886,FactSet,Financials,SP500,306.0,0.0018334126313437338,0.03570819887316845,0.11479474985124227,0.2073863520055217,0.3642106088072399,0.90625,0.8518518518518519,0.9200779727095516,0.01005497685185186,,,False,,False,,,,0.012574128374470472,False,246.49982182733902,False,False,0.6394625189924764,0.8909300215261238,-0.012932203298384293,False,0.43056084497040903
NWS,38,0.7343670047514621,News Corp (Class B),Communication Services,SP500,34.40999984741211,0.005258554121617243,-0.02355283176850287,0.05165032285022231,0.15392354793969254,0.2940007412221588,0.77734375,0.7426900584795322,0.8947368421052632,0.18604943347953218,,,False,,False,,,,-0.0002183818622248923,False,40.58041453635546,False,False,0.7779450395287246,1.054166129990265,0.006427146469332179,False,0.9260656839575158
DGX,39,0.7342550712719299,Quest Diagnostics,Health Care,SP500,240.77000427246094,0.019261718009673023,-0.017265288683832924,0.030164312061167875,0.2482518536367606,0.1648041290446025,0.705078125,0.8966861598440545,0.7446393762183235,0.05684240984405453,,,False,,False,,,,0.0002011876058949369,False,217.2391362059233,False,False,0.5686437093419181,1.0245568337930502,0.007662338283127124,False,0.969602942048255
WDAY,40,0.7312145924707603,"Workday, Inc.",Information Technology,SP500,200.8699951171875,0.012551618979170343,0.05305370965760159,0.17275803683312052,0.3673928077814219,0.40429253737011384,0.96484375,0.9688109161793372,0.9395711500974658,0.029357791179337234,,,False,,False,,,,0.02365504445432043,False,761.56221610369,False,False,1.170573061961129,1.0191649552102628,-0.0008065513568461524,False,0.5510833579874288
VRTX,41,0.7308631822612087,Vertex Pharmaceuticals,Health Care,SP500,556.75,0.016616406793140692,0.017285209582594607,0.1630214742493945,0.2997852284632667,0.16501701842332128,0.958984375,0.9473684210526315,0.746588693957115,0.3477590460526315,,,False,,False,,,,0.02048609241721122,False,765.5031190757259,False,False,1.2075536200448012,0.7358730012937517,0.008709866307770486,False,1.1288974621013972
TMO,42,0.7263709947612087,Thermo Fisher Scientific,Health Care,SP500,608.3049926757812,0.012997489884731372,-0.04008936014266029,0.07712260765963919,0.28476577460473007,0.18886021452274826,0.84765625,0.935672514619883,0.7875243664717348,0.09973501461988299,,,False,,False,,,,-0.009958556756623382,False,1146.2438592662106,False,False,0.6977241994254686,0.6776816331123885,0.0018817733269149706,False,0.6115163394147712
ZBRA,43,0.7244205348440547,Zebra Technologies,Information Technology,SP500,351.1099853515625,0.021559420661491746,-0.024260813348082166,-0.04804381928211576,0.4083833977277074,0.5171981165397772,0.33203125,0.9844054580896686,0.9532163742690059,3.045808966861685e-05,,,False,,False,,,,-0.012935370354785203,False,236.0677403094059,False,False,0.3881584531992563,0.7102776810948567,0.005324371566106656,False,0.6711036437030502
JNJ,44,0.7228744060672516,Johnson & Johnson,Health Care,SP500,275.3399963378906,0.015302901504936628,0.019777764214409688,0.08538800793835932,0.23946399261020535,0.13448537968678975,0.85546875,0.8869395711500975,0.6900584795321637,0.21506457115009747,,,False,,False,,,,0.02172831207360204,False,1957.4345274164073,False,False,0.8274859523929555,0.8936018059512146,0.013090408057117697,False,0.7595387667475053
BDX,45,0.7218167489035088,Becton Dickinson,Health Care,SP500,187.6199951171875,0.0026720821560883845,-0.013616589586560757,0.10286856631958563,0.2975940845264837,0.10880714261495261,0.88671875,0.9454191033138402,0.6354775828460039,0.19151285331384016,,,False,,False,,,,0.000697582021097487,False,338.7181940334173,False,False,0.7807505432317482,0.7764207089445008,0.0016566778894986367,False,0.5094676293849671
DE,46,0.7199367233187134,Deere & Company,Industrials,SP500,698.1599731445312,0.032658791114296815,0.10026160261008177,0.13086152334307788,0.18983765229036909,0.14327548417771263,0.919921875,0.8167641325536062,0.7076023391812866,0.33434225755360625,,,False,,False,,,,0.07061512899139166,False,763.497046232488,False,False,1.204398540984017,1.3575613782234521,0.0029286185343455617,False,1.463643881403773
HOOD,47,0.7183243481968812,Robinhood Markets,Financials,SP500,106.98999786376953,0.03361989813273314,-0.014280477599812436,0.14415565628905314,0.29136994368429314,0.3014231730356165,0.939453125,0.9415204678362573,0.8966861598440545,0.10753609283625731,-0.29824220679351365,0.6419581315337517,False,0.06824420500996387,True,0.05585707789063976,0.1255668569826245,-0.0529021200504044,0.021549807644078545,False,2155.3703123101227,True,True,1.0212791455139627,0.8037633688189665,0.0020287806022483146,False,0.7410586354038096
GPN,48,0.7182402077241716,Global Payments,Financials,SP500,92.77999877929688,0.030202101870294484,-0.001936319997294933,0.051331430926876864,0.3726722096427919,0.20460968354486808,0.7734375,0.9746588693957114,0.8011695906432749,0.12700261939571145,,,False,,False,,,,0.009676454037588433,False,267.0857839569496,False,False,0.8303139586519619,0.6856246850397533,0.002553890330542652,False,0.44325998416004003
EXPE,49,0.7136311373050682,Expedia Group,Consumer Discretionary,SP500,308.05999755859375,0.01258911492606729,-0.07478382619793122,-0.011394924346250113,0.3686353080985587,0.39732917911681187,0.546875,0.9707602339181286,0.9376218323586745,0.0723227339181286,,,False,,False,,,,-0.03042711353403993,False,457.96729897417345,False,False,1.002112163273928,1.0956052637359024,0.008020255574049617,False,0.9582949873390149
SCHW,50,0.7130981207358675,Charles Schwab Corporation,Financials,SP500,108.25599670410156,-0.00022166674793033803,-0.01036660290587943,0.020890169046961615,0.25385928984383455,0.1345402831991036,0.66796875,0.9083820662768031,0.6920077972709552,0.17400706627680307,,,False,,False,,,,-0.011087477537801926,False,855.9925021085778,False,False,0.7578918760902927,0.8906321253482686,0.002031780783000814,False,0.6169126853345459
PLTR,51,0.7130318743908383,Palantir Technologies,Information Technology,SP500,169.4600067138672,-0.0581369028542128,-0.04529573682328347,0.04180500982825097,0.19170190120008979,0.10620800321929669,0.73828125,0.8226120857699805,0.6296296296296297,0.21909646076998046,-0.1820638444608046,0.5797521396195602,False,-0.03427008563395251,False,0.151479458425668,0.11992359548138753,-0.13155202840767521,-0.047027713343408495,False,6104.587709994648,True,True,0.696042362303881,0.7438883942386882,-0.01625724256072536,False,0.9267882285699688
OKE,52,0.70486948708577,Oneok,Energy,SP500,96.0,0.0032396023689473807,0.011591132312270158,0.09526524048782514,0.11982296296566575,0.15984848030949173,0.873046875,0.6920077972709552,0.7387914230019493,0.4302890472709552,,,False,,False,,,,0.011856263803675438,False,329.58853927881796,False,False,0.9493696040596242,0.988738472136063,-0.0055387058812272905,False,0.6144028582908608
HPQ,53,0.7027092470760234,HP Inc.,Information Technology,SP500,31.9950008392334,0.02155176088717292,0.04832897638749922,0.110166591881657,0.24364631520385616,0.7158492242026198,0.89453125,0.8908382066276803,0.9649122807017544,-0.07009929337231968,,,False,,False,,,,0.05122448676463942,False,405.13730224684286,False,False,0.904665883996562,1.4598576077384644,0.00989781190814032,False,0.8564360656002739
BX,54,0.6998004995126706,Blackstone Inc.,Financials,SP500,136.85000610351562,0.0013903295500856672,-0.04434351243053225,-0.0025509537355062895,0.25359085012788407,0.22241964506958256,0.576171875,0.9064327485380117,0.8284600389863548,0.2775264985380117,,,False,,False,,,,-0.027812364798108002,False,591.1958276076355,False,False,0.9746092915622679,0.7101743657744756,-0.003658714961227716,False,0.3929443797112121
MA,55,0.69768290082846,Mastercard,Financials,SP500,588.3499755859375,0.012476338503868645,-0.01690977929151205,0.030204869090218134,0.24978531223901435,0.12894708795796928,0.70703125,0.898635477582846,0.6744639376218323,0.256057352582846,,,False,,False,,,,0.0034184141944246793,False,1784.8324526761273,False,False,0.9306475651788048,0.8746360227543988,0.004990577415079578,False,0.5162898610393741
DELL,56,0.6973436738547758,Dell Technologies,Information Technology,SP500,492.0,0.15764705882352947,0.06075631113532998,0.052924458167170174,0.17035486852954285,2.3605564040516307,0.78125,0.7777777777777778,1.0,-0.2222222222222222,-0.0050757511800714195,3.4506873270363725,False,0.07271573915472174,True,0.13035933673029088,0.9767795289318302,-0.11532557169596358,0.07301505505113237,False,3105.6920107373753,True,True,0.8250973561497954,1.8933498966391185,0.08717644186580875,True,5.355589039812904
MELI,57,0.697115999634503,MercadoLibre,Consumer Discretionary,NDX,2006.5799560546875,0.02194559994429568,0.028783257282949837,0.06252579086824861,0.22461453990636904,0.13428258583729646,0.8046875,0.8693957115009746,0.6881091617933723,0.4514269615009746,,,False,,False,,,,0.030719944489415507,False,784.7342462293676,False,False,1.6478361522024991,0.8188970838113501,-0.0068704145686857565,False,0.856244247229351
NEM,58,0.6962182474415205,Newmont,Materials,SP500,125.18000030517578,0.0207942845051865,-0.04878423632662987,0.2808758416592718,0.16479016361135934,0.0511207930341917,0.990234375,0.7602339181286549,0.5185185185185185,0.6430464181286549,,,False,,False,,,,-0.00836291484820928,False,836.2048528288418,False,False,1.0699718451037024,1.140833658549698,0.019081823531720943,False,0.6149675487179909
BKNG,59,0.6948461105019494,Booking Holdings,Consumer Discretionary,SP500,199.60000610351562,0.019980599996569204,-0.04447313568517908,0.027436051443018528,0.21435726259944587,0.17876157901775103,0.6953125,0.8615984405458089,0.7699805068226121,0.09597344054580892,,,False,,False,,,,-0.018692905170729746,False,1205.9692178625153,False,False,0.7189920896047477,0.801430439096071,0.00850832063651974,False,0.6834015802345269
PFE,60,0.6945221125730996,Pfizer,Health Care,SP500,29.024999618530273,0.016637491914645475,0.02561838872844535,0.14226681593177326,0.16546017822264303,0.12773284661287576,0.93359375,0.7660818713450293,0.672514619883041,0.44772249634502925,,,False,,False,,,,0.02622852110992513,False,1060.6962110904485,False,False,1.1950693815384072,0.8945993321510323,0.008406363743619805,False,0.6970721073025506
MSFT,61,0.693950642665692,Microsoft,Information Technology,SP500,496.82000732421875,-0.008382862523551915,0.0009066063852731787,0.01003483298482144,0.1647757428292067,0.23107933119197477,0.638671875,0.7582846003898636,0.8460038986354775,-0.03468414961013644,-0.07593543682856196,0.4107510791556428,False,0.004190394171764478,True,0.13505805304132967,0.15708891238632217,-0.11898779333748488,-0.003010003097035807,True,15703.65022551076,True,True,0.463284680951868,0.6532016470459698,-0.0016964903687990418,False,0.37685458343433575
CVNA,62,0.6938611720272905,Carvana,Consumer Discretionary,SP500,74.16500091552734,0.02750070105235536,0.0029074236126829245,0.0901808356065632,0.1652003006688576,0.17253212868699186,0.8671875,0.7621832358674464,0.7582846003898636,0.6469488608674464,,,False,,False,,,,0.016540282401479534,False,685.928509926673,False,False,1.0352306537818132,0.5312253829950824,-0.003324991171443914,False,0.5631313644669897
SYF,63,0.6934499878167643,Synchrony Financial,Financials,SP500,78.36000061035156,0.02270944663790364,-0.017798924425576734,-0.004825974901287333,0.14520308875177257,0.14071997911101652,0.564453125,0.7309941520467836,0.7017543859649122,0.25247852704678364,,,False,,False,,,,-0.002187522258629615,False,273.7057194958636,False,False,0.669857149331156,0.9122631048616725,0.0066561535963751695,False,0.5423899043016361
AMP,64,0.6928853709795322,Ameriprise Financial,Financials,SP500,551.8060302734375,0.016891521777910867,-0.015124578033009595,-0.003204571627661079,0.255369307027961,0.18477213344924914,0.5703125,0.9142300194931774,0.7816764132553606,0.1310268944931774,,,False,,False,,,,-0.003494675382333279,False,295.3418497221156,False,False,0.7678649482910415,0.69340117360478,0.0028932759874626957,False,0.5709679520629262
APD,65,0.6928202668128655,Air Products,Materials,SP500,309.4100036621094,0.013395769159495252,0.008967586144784878,0.04987958546791216,0.10295844792174336,0.14253847077906645,0.759765625,0.6432748538011696,0.7056530214424951,0.33858735380116955,,,False,,False,,,,0.00975886991820718,False,351.15546482348816,False,False,0.7084408271013899,0.8452796759133472,0.0028494533483476303,False,0.4736291574082379
ERIE,66,0.6908389680799221,Erie Indemnity,Financials,SP500,258.4100036621094,0.009059343814264764,0.004431199506822026,0.05676197175030473,0.2540469572706092,-0.03966958363954742,0.783203125,0.9103313840155945,0.31773879142300193,0.16814388401559455,,,False,,False,,,,0.0011906461808979252,False,73.86412996352401,False,False,0.6408951718758841,2.207790097025396,0.003982931892138719,False,0.691230058660913
TRGP,67,0.6900961714181287,Targa Resources,Energy,SP500,293.6400146484375,-0.008173961123124407,-0.001326341300134204,0.11658682174023993,0.12305105857702303,0.2198968272653521,0.908203125,0.6978557504873294,0.8206627680311891,0.3267620004873294,,,False,,False,,,,0.005802086504103299,False,353.14114305886784,False,False,1.4629962323714014,0.9356696715252082,-0.005032730685205489,False,0.5542411229207378
EL,68,0.6896343506335283,Estée Lauder Companies (The),Consumer Staples,SP500,101.1449966430664,0.011449966430663983,-0.03726442991152634,0.162987182055931,0.23272386204865003,0.023446051577916682,0.95703125,0.8810916179337231,0.4678362573099415,0.39281036793372315,,,False,,False,,,,0.006036619932657139,False,268.82522040382435,False,False,1.5864158289550867,1.159964515805308,0.0,False,0.7783873077187825
ADP,69,0.6893301504629631,Automatic Data Processing,Industrials,SP500,281.1600036621094,-0.008218937713953545,-0.0008174099092161935,0.03894763408135349,0.2438776526931361,0.31531519955868004,0.732421875,0.8927875243664717,0.9025341130604289,-0.021274975633528315,,,False,,False,,,,-0.0012883349417960321,False,624.8028958695517,False,False,0.665780074512025,0.7040718725112686,-0.002680797468081919,False,0.7106388396534937
CTSH,70,0.6891809058235868,Cognizant,Information Technology,SP500,63.400001525878906,0.00015778729021564963,0.021098427606243364,0.13614374917668548,0.19177257556260763,-0.013798804852035329,0.921875,0.8245614035087719,0.38791423001949316,0.28745202850877194,,,False,,False,,,,0.013167058010435495,False,460.2709812130636,False,False,0.5558642363758051,0.6588753647506586,0.0009465432066373403,False,0.5993902450675357
TRV,71,0.6876934088693958,Travelers Companies (The),Financials,SP500,366.19000244140625,0.006237604225969973,-0.013363846252578693,-0.029060033494488935,0.26822171516289073,0.1827704650456068,0.44140625,0.9220272904483431,0.7738791423001949,0.033355415448343084,,,False,,False,,,,-0.0027765958116725553,False,672.6166357655466,False,False,0.5855738869470565,0.7727547103537443,0.00629253116852424,False,0.48890577520502915
BALL,72,0.6874771564327486,Ball Corporation,Materials,SP500,63.310001373291016,0.00860285027225216,-0.008404076812828287,-0.0037377086024384942,0.20219039626131874,-0.01597840508967663,0.568359375,0.8440545808966862,0.3820662768031189,0.41241395589668617,,,False,,False,,,,0.0037189977490237336,False,123.63379910841198,False,False,0.5794536597894222,0.8457056507086923,0.008284219435581663,False,0.6213870330085128
GIS,73,0.687160773026316,General Mills,Consumer Staples,SP500,40.59000015258789,-0.012168410760361348,0.012724508438970439,0.12158059388904241,0.28357511090448195,-0.03605193878087187,0.9140625,0.9317738791423001,0.32943469785575047,0.45521137914230014,,,False,,False,,,,0.006497050744438626,False,358.2051202112607,False,False,0.8717682995146072,0.8552368817827899,0.0031638127922237747,False,0.41836224415175743
JPM,74,0.6870648300438598,JPMorgan Chase,Financials,SP500,356.4599914550781,0.00425406168789233,-0.00011222593245963086,-0.0029648623606139957,0.1901804577563455,0.20210518234196684,0.572265625,0.8187134502923976,0.7953216374269005,0.07847907529239762,,,False,,False,,,,0.0010995749013205103,False,2724.5599338417296,False,False,0.5697385658222217,0.7034510427742475,0.007324906315036239,False,0.49673358098959014
NDAQ,75,0.6870016295077974,"Nasdaq, Inc.",Financials,SP500,95.72000122070312,-0.018659008383651643,-0.03769980852497967,0.022431087508142156,0.10659283037689771,0.08120201848543274,0.673828125,0.6569200779727096,0.5828460038986355,0.26629507797270957,,,False,,False,,,,-0.019723966549943017,False,340.4998307621952,False,False,0.43228694367972076,0.8464933167004773,5.123286211872191e-05,False,0.9892255302147996
MDT,76,0.686368481968811,Medtronic,Health Care,SP500,92.20999908447266,0.0018470031209727455,0.002064795135162223,0.06972160497684365,0.19361097136771366,-0.018811376809211633,0.8203125,0.8284600389863548,0.3742690058479532,0.23666316398635479,,,False,,False,,,,0.0072518466797688586,False,670.7285470286606,False,False,0.711681562450941,1.5037262699943297,0.002281606718641749,False,0.9785488585660644
PAYX,77,0.6851059941520468,Paychex,Industrials,SP500,124.0,-0.013053162986433109,-0.007046743055512672,0.04500249598084083,0.27263695491620754,0.3248001685005255,0.7421875,0.9239766081871345,0.9044834307992202,-0.007664016812865548,,,False,,False,,,,-0.00651129626089908,False,337.22053966022537,False,False,0.8217677496762491,0.751770913854023,-0.004855146556151824,False,1.0226168702859904
IFF,78,0.683285742568226,International Flavors & Fragrances,Materials,SP500,86.91999816894531,0.013289804218598045,-0.0022957365855290623,0.0745456647891698,0.1878682640624323,0.12412881525979591,0.83984375,0.8148148148148148,0.6666666666666666,0.10387731481481477,,,False,,False,,,,0.011967798235158034,False,141.7175086780252,False,False,0.7146147174731597,0.8098616975392586,0.006878106501297276,False,0.49707584071589195
BAX,79,0.6819657651072126,Baxter International,Health Care,SP500,25.709999084472656,0.009026669794678588,-0.029437063237663708,-0.09277187326038727,0.3872663252629456,0.3522483360038331,0.166015625,0.9785575048732943,0.9181286549707602,-0.007770620126705707,,,False,,False,,,,-0.012248788963249213,False,160.73806173997653,False,False,0.5446876318301749,0.6554385750035268,0.0027472408195370335,False,0.49660707397912496
TRI,80,0.6808700353313841,Thomson Reuters,Industrials,NDX,105.87000274658203,-0.00451335904490735,0.033382195219270105,-0.023712102216267406,0.2772602080033739,0.040118479692996756,0.474609375,0.9259259259259259,0.49707602339181284,0.23647280092592593,,,False,,False,,,,0.0050889103365665544,False,197.24298235728986,False,False,0.6300667592207487,0.7488841407179516,-0.00799246343504112,False,0.8474584767905161
HUM,81,0.6791442038255361,Humana,Health Care,SP500,401.1499938964844,0.015878213472805713,0.025801658059845023,0.1076595699141647,0.2276253368061416,1.2070809394743174,0.892578125,0.8713450292397661,0.98635477582846,-0.10717059576023391,,,False,,False,,,,0.027857992078446303,False,510.78463798176915,False,False,0.7769989426490146,0.744302474196793,0.0020006293941277065,False,0.7237778957258075
BIIB,82,0.6784417641325536,Biogen,Health Care,SP500,222.6699981689453,0.030688784895634758,0.00723748492205023,0.06821780488792206,0.13630327893425198,0.17231754926209297,0.81640625,0.7153996101364523,0.7563352826510721,0.11774336013645226,,,False,,False,,,,0.020628269218997852,False,238.25628880746802,False,False,0.6461924059799846,0.6914654192687969,0.009998165752803878,False,0.930480086514852
V,83,0.676690804702729,Visa Inc.,Financials,SP500,378.4949951171875,0.015630400836053937,-0.014079184332454808,0.025996776378551578,0.21382250734286568,0.1857092980079167,0.6875,0.8576998050682261,0.783625730994152,0.21902793006822607,,,False,,False,,,,0.006226398230250396,False,2752.3726842537967,False,False,1.0460123562303423,0.7444479932968437,0.003595664501057305,False,0.4571983431953281
BMY,84,0.6751831292641327,Bristol Myers Squibb,Health Care,SP500,67.63999938964844,0.010759133897245698,0.0010359581935823758,0.026559417456527346,0.25006468372794277,0.10875731827528456,0.693359375,0.9005847953216374,0.6335282651072125,0.18574104532163738,,,False,,False,,,,0.010822223190148916,False,699.5226140162285,False,False,0.7931135283501851,0.6394450223703829,-0.0015689738555281219,False,0.4016036904532526
KO,85,0.6741216648391813,Coca-Cola Company (The),Consumer Staples,SP500,88.42500305175781,0.004829580133611566,-0.018372543801684516,0.021545812682141285,0.12996313057734477,0.14734738008778403,0.669921875,0.7056530214424951,0.7153996101364523,0.09823114644249509,,,False,,False,,,,-0.007301976790671905,False,1442.7275106267377,False,False,0.6139895403492832,0.9108973789942982,-0.001193219965154424,False,0.5567993777256248
RJF,86,0.6724925377680312,Raymond James Financial,Financials,SP500,176.00999450683594,0.01446682712873737,-0.0038485931584941735,-0.014336185878823127,0.20522242561781412,0.13565623703187368,0.529296875,0.8499025341130604,0.6939571150097466,0.17998065911306038,,,False,,False,,,,-0.0010231704646550543,False,208.03853714749738,False,False,0.854995544672754,0.9400557075579324,0.002017326245046913,False,0.9754928213618124
WTW,87,0.6720977247807017,Willis Towers Watson,Financials,SP500,337.7300109863281,0.009746792698080764,-0.015708743901731825,-0.005594305182605841,0.35054325358812544,0.11690443291505859,0.5625,0.9649122807017544,0.6549707602339181,0.03717790570175439,,,False,,False,,,,-0.0032268147379739265,False,174.29466989125154,False,False,0.6642083270418083,0.7509497295676033,0.009507557222397711,False,0.45986963848754775
GILD,88,0.6720665052387915,Gilead Sciences,Health Care,SP500,149.61000061035156,-0.0020677532175821245,0.010264057735492216,0.10617375682330166,0.16748008583648066,0.021781759925434185,0.890625,0.7719298245614035,0.4600389863547758,0.38716419956140347,,,False,,False,,,,0.01674748247814395,False,917.7317742419383,False,False,0.7972686287498463,0.7799673195563243,0.0005336301496250417,False,0.6987300400714076
DXCM,89,0.6718982242933723,Dexcom,Health Care,SP500,89.69000244140625,-0.004992200480243847,0.008205973071564676,0.03163100900363314,0.23251348878483147,0.2303155084237829,0.7109375,0.8771929824561403,0.8401559454191033,-0.0915570175438597,,,False,,False,,,,-0.0019663686339669306,False,382.72539486588335,False,False,0.4802718177364164,0.521669882588661,-0.0012203307199510904,False,0.3593661484105188
BAC,90,0.6713419834307993,Bank of America,Financials,SP500,62.61000061035156,0.010001595662161966,0.006106396768608802,-0.004610507289225296,0.20105545824532478,0.25827211209366974,0.56640625,0.8421052631578947,0.8557504873294347,0.02374588815789469,,,False,,False,,,,0.005065173946424251,False,1921.2862415454044,False,False,0.844162311975194,1.1153862238311552,0.0046781270040006095,False,0.6994409961394092
ICE,91,0.6709867659600391,Intercontinental Exchange,Financials,SP500,157.86000061035156,-0.010902289640487228,-0.025074095877629654,0.05804292117454635,0.144429713431089,-0.044090778137125586,0.7890625,0.7270955165692008,0.3060428849902534,0.5298298915692008,,,False,,False,,,,-0.009605353555507956,False,593.8565896653066,False,False,0.5186722386029287,0.7327807577673969,-0.004574003498813428,False,0.5095212876478717
PYPL,92,0.6704484192251462,PayPal,Financials,SP500,54.66999816894531,0.04332054536191787,-0.11551533806357428,-0.06610868954659577,0.2872615163075385,0.17326663045971635,0.23828125,0.9395711500974658,0.7602339181286549,0.21300865009746583,-0.2756670131127238,0.4077861271778507,False,-0.07729571783457045,False,0.003393552933878441,0.07387588476036777,-0.0033820756810284403,-0.03555919613389469,False,838.593699353743,True,True,1.198467630873886,1.1608700618741823,0.0032442397708969395,False,0.9420274871189157
SPGI,93,0.6692453246832359,S&P Global,Financials,SP500,431.94000244140625,-0.018786463674611564,-0.010424036964800987,0.04940203892493056,0.10986362389216997,0.029519320621598233,0.7578125,0.6666666666666666,0.47953216374269003,0.27994791666666663,,,False,,False,,,,-0.001523993635660248,False,927.0177220156754,False,False,0.6182716469512392,0.9604739901887291,-0.0050203118919976975,False,0.6104341565288616
ABT,94,0.6683985897904484,Abbott Laboratories,Health Care,SP500,110.4800033569336,0.014229349558573023,-0.0317265132830703,0.047601027081746405,0.2790893232497207,-0.010026188356405341,0.748046875,0.9298245614035088,0.39766081871345027,0.10951206140350878,,,False,,False,,,,-0.010777711518457633,False,1068.5389199651788,False,False,0.6108295540796053,0.7864495842853555,0.0035802753011642263,False,0.6419246951568353
MCK,95,0.667061860380117,McKesson Corporation,Health Care,SP500,924.5399780273438,0.019596985027449332,0.03220056318464537,0.11451015166372014,0.2515011449077733,-0.05329875351145974,0.904296875,0.9025341130604289,0.28460038986354774,0.5138622380604289,,,False,,False,,,,0.03545507658684488,False,861.1073783901504,False,False,0.9949986639687929,0.9263531619159373,0.008293126519534955,False,0.5159116210471353
MRSH,96,0.6650721856725146,Marsh McLennan,Financials,SP500,187.74000549316406,0.0008529889143165104,-0.028562502176189497,-0.019378383464174753,0.20011488348855644,0.026690964887129853,0.5078125,0.8362573099415205,0.47368421052631576,0.15071043494152048,,,False,,False,,,,-0.01032116406738981,False,439.18822216735373,False,False,0.5590769403768037,0.9013034645962403,0.00495784554165235,False,0.640009184843069
ABBV,97,0.6645490679824563,AbbVie,Health Care,SP500,261.7049865722656,0.006596393716329585,-0.00454548251031639,0.07344127685144719,0.21387075984577253,0.12517192215148487,0.8359375,0.8596491228070176,0.6686159844054581,0.08425849780701755,,,False,,False,,,,0.006728753581236369,False,1669.830416963129,False,False,0.7444969186182809,0.6058085844437041,0.010423562731062264,False,0.46151995675779645
JKHY,98,0.6644127680311892,Jack Henry & Associates,Financials,SP500,167.02999877929688,-0.006365302114027527,-0.031092294386732333,0.06639847776462404,0.25463826825759384,-0.0002337191846186748,0.814453125,0.9122807017543859,0.4191033138401559,0.5157963267543859,,,False,,False,,,,0.00015251225023571457,False,168.69358123869603,False,False,0.9994568621922323,0.7016939412132996,-0.0035693401649619094,False,0.6397197842657273
FOXA,99,0.6606500517787526,Fox Corporation (Class A),Communication Services,SP500,67.5199966430664,0.02411643152632914,-0.029885084434708387,0.14285705061666643,0.05040444812225253,0.15576855116983612,0.935546875,0.49122807017543857,0.7251461988304093,0.31349369517543857,,,False,,False,,,,0.00035511093030904384,False,342.570980228475,False,False,0.8020813982722903,0.9013563434589684,0.0018201538908928505,False,0.7534854022782703
IVZ,100,0.6590982121101365,Invesco,Financials,SP500,31.719999313354492,-0.008440151912956217,-0.03820498018103968,-0.002120096859738907,0.185306458219489,0.2740170740074368,0.580078125,0.8128654970760234,0.8693957115009746,-0.0484626279239766,,,False,,False,,,,-0.018057946005021197,False,139.3192678237049,False,False,0.5858384932027831,0.7619104139705043,0.0,False,0.501076215037531
DVN,101,0.6583032559697857,Devon Energy,Energy,SP500,49.04999923706055,0.0,0.04740545204364466,0.11350737994549953,0.06970275485315947,0.1418000340812955,0.90234375,0.5555555555555556,0.7037037037037037,0.4813368055555556,,,False,,False,,,,0.02013509675785885,False,488.97627330573687,False,False,0.894454763944594,0.8008867809372068,-0.012844058673077918,False,0.5425057928263399
FOX,102,0.6557619091130605,Fox Corporation (Class B),Communication Services,SP500,60.27000045776367,0.02100629686785105,-0.03149604851181753,0.14104507394893973,0.049268835284037804,0.13204354916728334,0.9296875,0.48927875243664715,0.6842105263157895,0.32131000243664715,,,False,,False,,,,-0.00021573473393066145,False,72.75234582526576,False,False,0.8406509852613744,1.0964039416120863,0.0013552741438094262,False,0.9428423157425323
ELV,103,0.654181895711501,Elevance Health,Health Care,SP500,405.7099914550781,0.006624610097135442,0.007874951167251565,0.07330685570126483,0.04112465509719221,0.4063200651373384,0.833984375,0.46393762183235865,0.9415204678362573,0.09089074683235865,,,False,,False,,,,0.014418075281921183,False,514.7064846787371,False,False,0.5618791043180145,0.6428687347409748,0.0044411919149318635,False,0.45014385281559527
VTR,104,0.6538514254385966,Ventas,Real Estate,SP500,92.04000091552734,-0.00032582577817219516,-0.015614963470295784,0.013098541127056107,0.1712942555849719,0.07403679720547918,0.64453125,0.7816764132553606,0.5692007797270955,0.36566078825536064,,,False,,False,,,,-0.0024015742925758143,False,319.5929706719172,False,False,0.8913231542578507,0.7981565998187341,-0.0010861135489578233,False,0.5461423657135459
SLB,105,0.6534828825536062,Schlumberger,Energy,SP500,58.13999938964844,0.01732279680379767,0.08470151202932086,0.14426289742653964,0.022691309589297104,0.22039735765375745,0.94140625,0.4171539961013645,0.8226120857699805,0.2862946211013645,,,False,,False,,,,0.03618633177851094,False,637.6248286737696,False,False,0.9605180848561168,1.5704003882861628,-0.00866146515075561,False,0.8120326236232531
DG,106,0.6533085099902534,Dollar General,Consumer Staples,SP500,130.8699951171875,-0.001678245685018287,0.0658901809604413,0.02836706679521006,0.2516649324380531,-0.12822419571079635,0.697265625,0.9044834307992202,0.15789473684210525,0.2912021807992202,,,False,,False,,,,0.03342601526175759,False,298.86621731859105,False,False,0.7439880771942128,1.6917879255668975,0.0031276502674739692,False,0.8434558140541405
USB,107,0.6529582419590645,U.S. Bancorp,Financials,SP500,62.77000045776367,0.0254860545110962,-0.00047768757422483876,-0.022730855096745328,0.19132856095640616,0.17704984499286436,0.486328125,0.8206627680311891,0.7680311890838206,0.0628502680311891,,,False,,False,,,,0.005933630446367744,False,474.5868195730917,False,False,0.7730077372450671,0.8737241521266451,0.0076785039655775655,False,0.6765569146557202
BNY,108,0.6523285209551657,BNY Mellon,Financials,SP500,162.05999755859375,0.009656738550893218,-0.006254625098162769,0.03341404151028726,0.15746619886018487,0.3797693209834241,0.71484375,0.7485380116959064,0.9278752436647173,-0.04247761330409361,,,False,,False,,,,0.0034089747244667734,False,533.6525235044057,False,False,0.8051530603984064,0.9841369411652147,0.003862752459007579,False,0.588549993880798
BRO,109,0.6518925895467836,Brown & Brown,Financials,SP500,72.0199966430664,-0.0004164664458078393,-0.010442458765836937,0.01428582326843375,0.30915348096054185,0.007631686785736891,0.6484375,0.9512670565302144,0.43859649122807015,0.09189205653021437,,,False,,False,,,,-0.00124736044016438,False,167.63612625807625,False,False,0.6095183509162561,0.6586322881431336,0.008188706632903164,False,0.5345504400673166
ACGL,110,0.6502912554824563,Arch Capital Group,Financials,SP500,98.20999908447266,-0.0040563991826698675,-0.024920592790010132,-0.013163159191937335,0.11741949899296156,-0.0021337033974759834,0.53515625,0.6783625730994152,0.4171539961013645,0.22328444809941517,,,False,,False,,,,-0.0073160624746226866,False,181.70678066770716,False,False,0.5623553432431283,1.5661903909472632,0.007402856941696845,False,2.135170772609303
KKR,111,0.6495930037768032,KKR & Co.,Financials,SP500,106.43000030517578,0.0001879207064958699,-0.019078338201144907,-0.014580472436495184,0.17786645132386347,0.13867083172803785,0.525390625,0.8050682261208577,0.6978557504873294,0.3773338511208577,,,False,,False,,,,-0.013794249862816632,False,459.439523591196,False,False,1.247868077587736,0.7856253974513143,-0.0017855693531368955,False,0.7916380610993308
MTD,112,0.6482741684941522,Mettler Toledo,Health Care,SP500,1367.5,-0.006148406332794676,-0.02213861090219915,-0.048364648573416824,0.1694831721120289,0.06282931285096782,0.328125,0.7758284600389863,0.543859649122807,0.11567221003898631,,,False,,False,,,,-0.01836305372390168,False,249.0874486044623,False,False,0.46507405083939624,0.9181342875903664,-0.01061075612693696,False,0.7625367730746301
ALL,113,0.6481340612816764,Allstate,Financials,SP500,259.3299865722656,0.005661734527953266,-0.009472560289731091,-0.012301991987973326,0.2387980849760185,0.21718250944661155,0.541015625,0.884990253411306,0.8148148148148148,0.084209003411306,,,False,,False,,,,0.002428066223451264,False,433.2203418978788,False,False,1.0459120222252087,0.812469292066687,0.005700551628874395,False,0.47919147558404035
COR,114,0.6457884076510721,Cencora,Health Care,SP500,336.3699951171875,0.016315659656669146,0.026175253511699914,0.10037308474727213,0.27834264800917063,-0.08254295945114587,0.87890625,0.9278752436647173,0.23586744639376217,0.5724064936647173,,,False,,False,,,,0.03110223243428445,False,450.5888779320691,False,False,1.3326397855175567,0.8771583345529524,-0.0010575160957932983,False,0.776134535327168
COF,115,0.644796616106238,Capital One,Financials,SP500,216.56500244140625,0.024723224160380308,-0.0029694961213762028,-0.020640056064352597,0.22356589596382337,0.11455179643368352,0.5,0.8674463937621832,0.6491228070175439,0.10572764376218324,,,False,,False,,,,0.003179044615155169,False,792.2474255357316,False,False,0.7855759279181943,0.7842948070825386,0.0018453647979859156,False,0.5851303239420373
VZ,116,0.6440420169346979,Verizon,Communication Services,SP500,50.21900177001953,-0.0016102876395540644,0.0005778669875298181,0.07122441607995755,0.09485719570364148,0.012564400503735973,0.82421875,0.621832358674464,0.442495126705653,0.29566048367446396,,,False,,False,,,,0.008791977338266976,False,1200.3140008825387,False,False,0.540210091517607,0.6770762986570752,0.003876733554312839,False,0.5217086614966322
BBY,117,0.6430700231481482,Best Buy,Consumer Discretionary,SP500,86.9749984741211,0.05258382385488214,-0.005317977519462613,0.00723798507289275,0.2286687768178821,0.3277091586879797,0.62109375,0.8732943469785575,0.9064327485380117,-0.10131502802144254,,,False,,False,,,,0.027407154351924534,False,308.4990287463099,False,False,1.001409717363273,1.720075652134178,0.002783533396814697,False,1.650197832787661
MSI,118,0.6422495583576997,Motorola Solutions,Information Technology,SP500,478.9200134277344,-0.02507934421373681,-0.017156430332674,0.08144971621788222,0.1762172863475533,0.0071403588373499804,0.853515625,0.8011695906432749,0.43664717348927873,0.43984146564327486,,,False,,False,,,,-0.006242494193888226,False,430.24535752255497,False,False,1.6491530278573692,0.9134879870714268,0.0008143156542927965,False,0.9103660080921153
SWK,119,0.6416662859405458,Stanley Black & Decker,Industrials,SP500,96.87000274658203,0.024970908443635143,-0.028969520125930903,-0.05400389352435031,0.24577487493629802,0.24081199510865625,0.291015625,0.8947368421052632,0.8499025341130604,-0.060341282894736836,,,False,,False,,,,-0.008430905107184472,False,170.7832512554854,False,False,0.6480629340532965,0.8348321256946355,0.005290445335926153,False,0.6541246834554211
CAH,120,0.6415874756335284,Cardinal Health,Health Care,SP500,245.43499755859375,0.025422984332185372,0.029509244304612103,0.050888436529808345,0.25590641495904,0.10478327162347045,0.767578125,0.9161793372319688,0.6257309941520468,0.13102308723196876,,,False,,False,,,,0.03290640731261618,False,479.05553453252554,False,False,1.0272871646819386,0.6198892964517352,0.006851887812107105,False,0.5025916666256381
T,121,0.6412764223927876,AT&T,Communication Services,SP500,25.959999084472656,-0.0015384967510516656,0.003478865184370905,0.11035072781505861,0.11709557625583122,-0.08271439120727797,0.896484375,0.6764132553606238,0.23391812865497075,0.5572726303606238,,,False,,False,,,,0.012522886387352328,False,1422.8620711727763,False,False,0.5439294553791444,0.4920235958759597,0.0034615443303034343,False,0.4305048362110233
RSG,122,0.6411804794103314,Republic Services,Industrials,SP500,222.53500366210938,-0.0033812067120086997,0.0015978530832259086,0.07163151178694771,0.09297098751331734,-0.03347302989509071,0.826171875,0.6140350877192983,0.33528265107212474,0.26637883771929827,,,False,,False,,,,0.007026882700536419,False,303.0355706275211,False,False,0.631854456399627,1.2213839916603633,0.00035828668305870615,False,0.8510223664714598
SBUX,123,0.6339520132797271,Starbucks,Consumer Discretionary,SP500,106.72000122070312,0.005369756821767435,-0.016314837108661218,0.022511698245393008,0.11933519766447276,0.11129336062785988,0.677734375,0.6861598440545809,0.6393762183235867,0.34436296905458086,,,False,,False,,,,0.0013084087580619297,False,742.4386760831649,False,False,0.9805548371529982,0.7823186806276989,0.0003768338667200499,False,0.5513095251377869
PRU,124,0.633773072002924,Prudential Financial,Financials,SP500,119.87000274658203,0.02330547525318538,-0.0030771384211658592,-0.01850544043031932,0.20303444661766612,0.2441182404781994,0.509765625,0.8460038986354775,0.8518518518518519,-0.060246101364522464,,,False,,False,,,,0.0032121102495137333,False,210.2277337898963,False,False,0.7728587154275772,0.8726183710109586,0.0022195845790096147,False,0.5744559742833477
MOS,125,0.632058281554581,Mosaic Company (The),Materials,SP500,25.80500030517578,0.041363986687969145,0.06808776772156633,0.13628363476329897,0.10751077897594197,0.010655572994208384,0.923828125,0.6627680311890838,0.4405458089668616,0.3463617811890838,,,False,,False,,,,0.0638438509981134,False,182.83625506845357,False,False,0.9559565316109238,0.9374239553254021,-0.003228406839761222,False,1.086896621538353
DHR,126,0.6309553179824561,Danaher Corporation,Health Care,SP500,209.94180297851562,0.014554730630340629,-0.025158792795691998,0.07784066276947876,0.18136427209951433,0.029774882369679956,0.849609375,0.8070175438596491,0.48148148148148145,0.18397066885964908,,,False,,False,,,,-0.007000904626565996,False,965.0567904516165,False,False,0.8164612969688859,0.61832311548868,0.0040593999246683055,False,0.4950934355455062
STT,127,0.6309442769249513,State Street Corporation,Financials,SP500,190.10000610351562,0.012301043186380367,-0.01817988380560298,0.02629169404689735,0.21007232425416045,0.519857002789895,0.69140625,0.8538011695906432,0.9551656920077972,-0.03682383040935677,,,False,,False,,,,-0.0006610024571145345,False,360.8664556353112,False,False,0.9240265996458947,0.6039888895181612,-0.0011182249458743243,False,0.4014541190504689
CNC,128,0.6306473105506822,Centene Corporation,Health Care,SP500,67.36000061035156,0.03265364316728281,0.028868174040155292,0.05135010037768306,0.13115031861210347,0.49722156250977734,0.775390625,0.7076023391812866,0.949317738791423,-0.08927266081871343,,,False,,False,,,,0.02795473985594432,False,302.2005790157209,False,False,0.9188126414425911,1.1268848719812257,0.002606134603659216,False,0.840570712936084
BLK,129,0.6299517239278754,BlackRock,Financials,SP500,1107.22998046875,-0.018500129038960034,-0.05623885124196015,-0.021129334657282506,0.12372905829320291,0.06713328112823258,0.494140625,0.6998050682261209,0.5516569200779727,0.18418006822612087,,,False,,False,,,,-0.03313249904508708,False,788.7296954763433,False,False,0.6991744383374041,0.9016541311675218,0.0006117041853530569,False,0.7056325143329569
AWK,130,0.6298713907163743,American Water Works,Utilities,SP500,139.49000549316406,0.015211147667548497,0.014546511892454816,0.04781609105813911,0.1341396541461104,0.036744386438107624,0.75,0.7134502923976608,0.4951267056530214,0.2564190423976608,,,False,,False,,,,0.01267075104341675,False,302.0753265739463,False,False,0.8673810264813807,0.8920069021469774,-0.0016011734386892629,False,0.7046552998392188
VLTO,131,0.6297575536062379,Veralto,Industrials,SP500,97.19499969482422,0.0014940405822458924,-0.01514847208023562,0.0077242381560864715,0.149619398258237,0.029415263075133646,0.623046875,0.7387914230019493,0.4775828460038986,0.19191642300194933,,,False,,False,,,,-0.008135468422306058,False,168.52133071012787,False,False,0.7818980594367214,0.9656099988127558,-0.00020612335736114318,False,0.7646127181488896
HAS,132,0.6288163986354777,Hasbro,Consumer Discretionary,SP500,93.5,0.003218916969754959,-0.028974980672966666,0.029412846795525027,0.11971444030596001,-0.022206463639455,0.701171875,0.6881091617933723,0.3645224171539961,0.41467166179337234,,,False,,False,,,,-0.00709000257351422,False,174.50304843354454,False,False,0.6267837207083271,0.5651965124320102,0.0028970416448712566,False,0.46443835202927064
XYZ,133,0.6285856786062379,"Block, Inc.",Financials,SP500,82.45999908447266,0.058808448800422575,-0.007701557176896245,-0.025756147458602108,0.1813752933983006,0.2639485252078173,0.462890625,0.8089668615984406,0.8596491228070176,0.041388736598440556,,,False,,False,,,,0.010715807646687558,False,406.0262680637998,False,False,1.2227426781198678,1.0675573315075393,-0.011813022616727675,False,0.92026937946373
WFC,134,0.6272672240497077,Wells Fargo,Financials,SP500,89.27999877929688,0.025735269303862385,0.04751842382784344,0.015867950538747122,0.14123751837841603,0.07596715930649212,0.66015625,0.7251461988304093,0.5750487329434698,0.10014619883040932,,,False,,False,,,,0.030991598772886153,False,1235.5164538253985,False,False,0.8191984958774895,1.1504956488736735,0.008157158513379503,False,1.177178610702067
CME,135,0.6247525280214425,CME Group,Financials,SP500,277.7699890136719,-0.030302052097962218,-0.01142437841534727,0.05764757967245582,0.10517015578074562,-0.10660958186781899,0.787109375,0.6491228070175439,0.19883040935672514,0.5260759320175439,,,False,,False,,,,-0.005004121289467367,False,665.403177190294,False,False,0.6343759399843778,0.8525823776408548,-0.002932542571726704,False,0.7697554464536397
GEN,136,0.6224205805311891,Gen Digital,Information Technology,SP500,30.649999618530273,0.020985981051298452,0.03407558197300675,0.08896769974104424,0.1617025426505343,0.3885193095313455,0.865234375,0.7563352826510721,0.935672514619883,-0.21046159234892792,,,False,,False,,,,0.02626990342655211,False,141.17240364835877,False,False,0.9227715837042408,1.1928007507636198,0.000666237756785204,False,0.8943139641546711
EOG,137,0.6216282894736842,EOG Resources,Energy,SP500,148.97999572753906,0.004246643735112743,0.028583260800355337,0.03804341759015539,0.06067596310668866,0.18331208752159434,0.7265625,0.5243664717348928,0.7797270955165692,0.14936647173489281,,,False,,False,,,,0.012255445562881384,False,431.8001342138155,False,False,0.8932165113250401,1.0525950596018658,-0.006471228003841922,False,0.8659411345741433
XOM,138,0.621481709917154,ExxonMobil,Energy,SP500,164.1699981689453,-0.0023093581024909993,0.03780261480022462,0.07322037584002405,0.08328208430696415,0.11036260478687199,0.83203125,0.5847953216374269,0.6374269005847953,0.23518594663742687,,,False,,False,,,,0.01400542777952829,False,2208.707750999789,False,False,0.9458363896870918,0.8868755263570928,-0.003767914703602604,False,0.5401754400984359
PGR,139,0.6207282529239766,Progressive Corporation,Financials,SP500,221.375,0.003786191798708538,-0.0051008697804856284,0.05041518386714117,0.1448015291131115,0.04819254737320633,0.76171875,0.7290448343079922,0.5146198830409356,0.27982608430799216,,,False,,False,,,,0.010050355745287565,False,614.9573228291439,False,False,0.8323353400093572,0.6014720666615034,0.0028566468758122188,False,0.4082234508235774
ZBH,140,0.6192384716130606,Zimmer Biomet,Health Care,SP500,99.51249694824219,0.001131744674410129,-0.01842079656510165,0.038644186243550704,0.1741223766718456,0.044886375743752316,0.73046875,0.7933723196881092,0.5029239766081871,0.07462231968810917,,,False,,False,,,,-0.00264861519962456,False,209.41610011023602,False,False,0.6316826690958316,0.5634587066098932,-0.0008048473825612579,False,0.4300165927944287
A,141,0.6184994822124756,Agilent Technologies,Health Care,SP500,151.3000030517578,0.009137667197377741,-0.02437450821940812,0.08692533310912842,0.10328262173570679,0.26046888907702614,0.859375,0.645224171539961,0.8576998050682261,-0.22586957846003897,,,False,,False,,,,-0.009803437572795337,False,306.47109185934886,False,False,0.6704288011967398,1.2478484434270014,-0.0058693368039201,False,0.9786441608265972
RMD,142,0.6179908321150098,ResMed|,Health Care,SP500,230.94000244140625,-0.0018153447779967191,-0.020153591373401114,0.0379256908087906,0.24210406408731622,-0.10329493498468156,0.724609375,0.8888888888888888,0.20272904483430798,0.42013888888888884,,,False,,False,,,,-0.00674777899985024,False,317.2613472059613,False,False,0.9804483479149886,0.86852568530028,0.01456602311677524,False,0.5800742036967975
CPAY,143,0.6138074134990252,Corpay,Financials,SP500,416.6300048828125,0.029198901695870028,0.02383705399360836,0.050716272637764126,0.18276793437278216,0.2674312586263543,0.763671875,0.8109161793372319,0.8615984405458089,-0.09142757066276808,,,False,,False,,,,0.01860816268111276,False,217.71257532776875,False,False,0.8294445693018659,0.6587419039016532,0.007163839613582246,False,0.6522985146209399
WBD,144,0.6132991441276804,Warner Bros. Discovery,Communication Services,SP500,28.389999389648438,0.0024717406630838656,-0.012521760360054368,0.10081420635218818,0.05148145887586808,0.01574234757418691,0.880859375,0.49902534113060426,0.44834307992202727,0.30371284113060426,,,False,,False,,,,-0.001748379433127667,False,581.5720787540938,False,False,0.7164374826904385,0.8729916721044976,0.002118625232660154,False,0.9989764600792602
NOW,145,0.612561296905458,ServiceNow,Information Technology,SP500,136.72000122070312,-0.043246976485233346,0.08680443484927824,0.15727105067754632,0.15962679772055188,0.2007728832584712,0.94921875,0.7524366471734892,0.7914230019493177,-0.15576647782651076,-0.2887686403817753,0.6472289303699172,False,0.05672395080183623,True,0.18939497832504792,0.1505014528649129,-0.15923640319363153,0.0015222043788942763,True,2420.5335842807262,True,True,0.8458252633878393,1.049523033201821,-0.018194478346933884,False,0.5648603039516359
ADBE,146,0.6118592379385965,Adobe Inc.,Information Technology,SP500,279.7900085449219,-0.021986781049274318,0.023110422700873157,0.08660537945668767,0.09190610056223614,0.024421549307924062,0.857421875,0.6081871345029239,0.4697855750487329,0.24881213450292394,,,False,,False,,,,-0.0011357565371040712,False,1273.952162417273,False,False,0.8611868783755149,0.9317128531050166,-0.009018409862144972,False,0.6531133768918853
OXY,147,0.6115893031189085,Occidental Petroleum,Energy,SP500,60.90999984741211,-0.0006562906485091391,0.03906518180234486,0.10564530184614318,0.026011756809013686,0.14683598581321888,0.888671875,0.42884990253411304,0.7115009746588694,0.29603740253411304,,,False,,False,,,,0.015253520161146561,False,474.73259336877317,False,False,0.860061780961099,0.7781193520345419,-0.008367549300189236,False,0.5099018745426978
MET,148,0.6113315515350877,MetLife,Financials,SP500,96.41999816894531,0.021181953386838703,-0.0010360389307813023,0.00301675776358179,0.19833692560512728,0.3333439539770231,0.599609375,0.834307992202729,0.9103313840155945,-0.015301382797271001,,,False,,False,,,,0.007575445812115111,False,327.2207028505464,False,False,1.0608447590711885,0.6906616928892403,0.003918690465551489,False,0.5106665636697456
NVDA,149,0.6104532163742691,Nvidia,Information Technology,SP500,224.41000366210938,0.03205482497444945,0.07035199724488828,0.05883741189514535,0.046200483273237225,0.22751157323169768,0.794921875,0.47368421052631576,0.8323586744639376,0.0010279605263157632,-0.04695196932606305,0.36024428458062263,False,0.02335275441566842,True,0.07226989028998809,0.14429032910464312,-0.06739897384458238,0.023940919858804754,False,27516.27940367887,True,True,1.097102015484368,1.3267669356896878,0.0061856199668943734,False,1.1021930474229695
AAPL,150,0.6097641020955167,Apple Inc.,Information Technology,SP500,324.9599914550781,-0.000522909067699362,0.03672030243994584,0.05126464256984975,0.04828290741761121,0.24005759450029363,0.771484375,0.48148148148148145,0.847953216374269,-0.13570601851851855,-0.043635977926625324,0.4381603770017277,False,0.04156834572682544,True,0.03695530901566957,0.14871442291605885,-0.03563828517426604,0.02213186459195149,False,16995.100319744506,True,True,0.5857747497607979,0.7215580582235557,0.0056592634031233935,False,0.5839673177534842
BR,151,0.6097165113304094,Broadridge Financial Solutions,Industrials,SP500,178.03500366210938,-0.013055023756900153,-0.01963107005279574,0.05715218686955903,0.1746602756052127,-0.045105200291189806,0.78515625,0.797270955165692,0.30409356725146197,0.23477095516569202,,,False,,False,,,,-0.00961346223411319,False,205.2497001327826,False,False,0.8082263643863429,0.7661252404948041,-0.00044349371542418137,False,0.5330639019313128
CEG,152,0.6087665996588694,Constellation Energy,Utilities,SP500,290.0400085449219,0.034711608829771645,0.037636018691799,0.08694427953407491,0.08698505480484364,-0.09763956229964821,0.861328125,0.5984405458089669,0.20857699805068225,0.5496124208089669,,,False,,False,,,,0.03705248351879997,False,772.0634515921289,False,False,0.6837766948072906,0.8053841765260451,0.0,False,0.9200494563667216
HSIC,153,0.6073289778265107,Henry Schein,Health Care,SP500,90.38999938964844,0.021125201282172767,0.00011066758723643488,0.014364255083937127,0.19342490017268377,0.12174233476888663,0.650390625,0.8265107212475633,0.6627680311890838,-0.027004903752436693,,,False,,False,,,,0.008766872529806014,False,108.83110382873753,False,False,0.7026585256809702,0.6990547255262898,0.0056484412444808285,False,0.6685697729113225
DLTR,154,0.6058235867446393,Dollar Tree,Consumer Staples,SP500,131.91000366210938,0.001518464338678971,-0.002042586084371467,0.009180605053973112,0.17253336588541668,0.11930424582123145,0.630859375,0.7855750487329435,0.6588693957115009,-0.17145620126705652,,,False,,False,,,,0.009877052123284713,False,362.4180044410525,False,False,0.6149388864103998,1.0747567715048356,0.0009110554329267995,False,0.40084615954032365
DRI,155,0.605552129020468,Darden Restaurants,Consumer Discretionary,SP500,220.08999633789062,0.021015025193000136,0.005849818534704454,0.07586639516062865,0.11902984536184058,0.09915017488778988,0.845703125,0.6842105263157895,0.6140350877192983,0.1939761513157895,,,False,,False,,,,0.010611627057920625,False,275.2188073854638,False,False,1.185251461057143,0.7471827586223364,-0.0005566669073415742,False,0.6444702244142733
DIS,156,0.6035704495614036,Walt Disney Company (The),Communication Services,SP500,107.98500061035156,0.016616450474154387,-0.015004986630291262,0.09986759293846625,0.0948026420416046,0.05602120725571069,0.876953125,0.6198830409356725,0.530214424951267,0.3679299159356725,,,False,,False,,,,0.0047943924410822625,False,1033.7625454424892,False,False,1.0895054927839836,0.7221850921147833,0.004613047054588204,False,0.510719590779969
CMCSA,157,0.6029906036793372,Comcast,Communication Services,SP500,26.809999465942383,0.01939164424625428,-0.014338282575655503,0.07541111663670086,0.15541188696097774,-0.1433069120249174,0.841796875,0.7446393762183235,0.1442495126705653,0.5922956262183235,,,False,,False,,,,0.008656825390283451,False,779.9124534183587,False,False,0.7596144730790234,0.6296547952448982,0.006083644564774282,False,0.5421844511605315
EXPD,158,0.6010957297758285,Expeditors International,Industrials,SP500,186.22000122070312,-0.007884900115087246,-0.020822334670235865,0.02611861144343619,0.1734089779562895,0.2746315493845657,0.689453125,0.7914230019493177,0.8713450292397661,-0.1343582480506823,,,False,,False,,,,-0.008241842515405273,False,194.43154919921378,False,False,0.8430551548735492,0.7790617924285039,-0.0016515586767922308,False,0.5096439312517798
KHC,159,0.6005273056773879,Kraft Heinz,Consumer Staples,SP500,26.260000228881836,0.015075352802346176,0.059298074185779814,-0.014264233088318257,0.17468983282357997,0.1308118693249667,0.53125,0.7992202729044834,0.6803118908382066,-0.015232852095516614,,,False,,False,,,,0.025135308241631904,False,360.4904346194841,False,False,0.9129428833240874,1.176781755033514,0.008890588897373375,False,1.1320726859320906
SOLV,160,0.6003205713937623,Solventum,Health Care,SP500,91.91000366210938,0.010555324310934422,0.004151697671588517,0.04514442927549722,0.17291989466840074,0.3055397964490587,0.744140625,0.7875243664717348,0.9005847953216374,-0.13630375852826515,,,False,,False,,,,0.014787054525837506,False,96.30707765325927,False,False,0.8510519123902629,0.7017249665962231,0.001869222694274475,False,0.4351773561164833
BKR,161,0.5979699683235867,Baker Hughes,Energy,SP500,64.62999725341797,0.015237156901207527,0.04241931053899939,0.05083038740826984,0.009300832110109125,0.06906494994016854,0.765625,0.3937621832358674,0.5594541910331384,0.2863403082358674,,,False,,False,,,,0.021060649180930646,False,500.2027534645155,False,False,0.7097349136171381,0.899554796264488,-0.010053399170318333,False,0.5642783593874021
TSCO,162,0.5958379020467837,Tractor Supply,Consumer Discretionary,SP500,34.86000061035156,0.004321565250228199,-0.0042844249749472985,0.05980766911293989,0.20455838127507353,-0.3005372681202366,0.798828125,0.847953216374269,0.03898635477582846,0.443656341374269,,,False,,False,,,,-0.0008915986052058233,False,356.42411253760906,False,False,0.7913999386331346,0.7276388884391438,-0.0034571862590007107,False,0.7157460765258894
INSM,163,0.5957111202485381,Insmed,Health Care,NDX,126.62999725341797,0.042136408749686716,0.018007861361529542,0.2823290861105616,0.21923740139856074,-0.15512414512911943,0.9921875,0.8654970760233918,0.13060428849902533,0.8557314510233918,,,False,,False,,,,0.02157740187298396,False,312.72990770590724,False,False,2.6731182998747687,0.6254320790057856,-0.003291922630619726,False,0.7082083451870834
NTRS,164,0.5938341404727095,Northern Trust,Financials,SP500,183.97999572753906,0.007116285876281214,-0.019609974756242377,0.008606940594869439,0.09726580690170183,0.2812479245480708,0.626953125,0.6296296296296297,0.8810916179337231,-0.01880787037037035,,,False,,False,,,,-0.007310532656111479,False,190.2706067548987,False,False,0.8469075496096524,0.8362718643268547,0.003448680250007552,False,0.8123155717967215
CCEP,165,0.5904342562134504,Coca-Cola Europacific Partners,Consumer Staples,NDX,107.77999877929688,0.0016728653134607807,-0.011101927774923692,0.015546985476113884,0.1663239314802627,0.04210576632831087,0.658203125,0.7680311890838206,0.49902534113060426,0.04732806408382062,,,False,,False,,,,-0.0017917761414992794,False,199.43940532146846,False,False,0.7038257774320381,0.6667709126774628,0.003252773969186107,False,0.5785938362162518
ACN,166,0.5893845942982456,Accenture,Information Technology,SP500,187.61349487304688,-0.002533369525871798,0.034367018538023375,0.10082440260356518,0.07010882170811827,-0.08819255500702394,0.8828125,0.557504873294347,0.22612085769980506,0.35633299829434695,,,False,,False,,,,0.011007435835556079,False,1170.197382046771,False,False,0.5675011210371916,0.48000864240745533,-0.009463548375529873,False,0.287482070654312
AVY,167,0.5887225115740741,Avery Dennison,Materials,SP500,174.43499755859375,0.007886925386314303,-0.04330063178399124,0.006549304598090222,0.1189620773722111,-0.06221751425753952,0.619140625,0.682261208576998,0.26900584795321636,0.151011208576998,,,False,,False,,,,-0.015084557313846725,False,153.88061292018722,False,False,0.7324568788429269,2.5629122610505717,-0.002369004707680533,False,0.59845165364275
FANG,168,0.5870808205409358,Diamondback Energy,Energy,SP500,203.4199981689453,0.0012797524224716916,0.017914340956059593,0.06603570806560488,-0.028727555595416066,0.17081429852533425,0.810546875,0.290448343079922,0.7543859649122807,0.177167093079922,,,False,,False,,,,0.0034540241341525224,False,383.6931876889735,False,False,0.8235017216531668,1.111989242943855,-0.011468801875638368,False,0.7105268274762556
KVUE,169,0.5860680890594543,Kenvue,Consumer Staples,SP500,19.1299991607666,0.020266621907552018,-0.00468263037477612,-0.010576372913057686,0.14933048163541462,0.0762127370357708,0.5546875,0.7368421052631579,0.5769980506822612,0.037623355263157854,,,False,,False,,,,0.0043362444276746626,False,398.3034078005421,False,False,0.8473730497510205,0.9563802758300821,0.0005333455403646603,False,0.7930829611697217
MCO,170,0.5854848166423002,Moody's Corporation,Financials,SP500,490.1000061035156,-0.009318561240300172,-0.04751721362257744,0.015435512947222563,0.09533149273011743,0.04521698721985157,0.65625,0.6237816764132553,0.50682261208577,0.11792230141325533,,,False,,False,,,,-0.018606201911704923,False,415.30158489455243,False,False,0.7628208166446755,0.8489132104354399,-0.004548119178636623,False,0.6061956251844702
AMCR,171,0.5841039230019494,Amcor,Materials,SP500,46.689998626708984,0.01898731858749958,-0.00975615873347202,-0.00954604940105852,0.23257648654105756,0.034606980043024205,0.55859375,0.8791423001949318,0.49122807017543857,-0.04273269980506822,,,False,,False,,,,0.0012798945161975883,False,162.8729543949131,False,False,0.7131613869072237,0.8102257566476336,0.003928422225548678,False,0.4897068129503801
PSKY,172,0.5827907986111112,Paramount Skydance Corporation,Communication Services,SP500,10.970000267028809,0.03981043305219978,0.021415316649182614,0.3090692263982966,0.054797987508999,-0.08052835444418105,0.994140625,0.5087719298245614,0.23976608187134502,0.49119380482456143,,,False,,False,,,,0.03222058582175902,False,98.77767646475621,False,False,0.8849732328283141,0.987703826204338,0.0,False,1.1234112954246036
CBOE,173,0.5827687164961014,Cboe Global Markets,Financials,SP500,293.9100036621094,-0.044567946403663794,-0.05855408128493089,0.019034706257478717,0.03090142886701641,-0.020271284803265677,0.662109375,0.4444444444444444,0.37037037037037035,0.3819444444444444,,,False,,False,,,,-0.026075885815631694,False,324.8401969475204,False,False,0.7172545205891097,1.0025245075747402,-0.00835448724079102,False,0.8463791277808345
KMB,174,0.5819524396929825,Kimberly-Clark,Consumer Staples,SP500,109.29000091552734,0.0206387658449938,-0.009516000155989746,-0.02043559008275808,0.1691761964646703,0.0709403876191943,0.50390625,0.7738791423001949,0.5614035087719298,-0.005417732699805056,,,False,,False,,,,0.002044592263674039,False,427.0807683651047,False,False,0.7940976668530831,0.9730934443671257,0.00028015295838534904,False,0.9466140772251789
INTU,175,0.5792127345272905,Intuit,Information Technology,SP500,342.94000244140625,-0.005769258332503191,-0.00850006476206211,0.05976512970677761,0.10602082092592324,-0.21496889972843236,0.796875,0.6530214424951267,0.06627680311890838,0.6237245674951267,,,False,,False,,,,-0.021120046752049926,False,1340.285159391076,False,False,0.7240667382073579,0.7778092076546942,0.003986316148774094,False,0.6822761376394912
WST,176,0.5789374695419104,West Pharmaceutical Services,Health Care,SP500,342.5199890136719,0.01142771353000649,-0.021147759859670767,-0.01789201908827387,0.08356905913064971,0.37840405603713534,0.513671875,0.5867446393762183,0.9259259259259259,-0.13591161062378165,,,False,,False,,,,-0.007630567695048218,False,243.46505707372236,False,False,0.5462747045159593,0.6042529992336015,0.0005906163018931654,False,0.31086875990205964
CHTR,177,0.5788133528265108,Charter Communications,Communication Services,SP500,158.97000122070312,0.08742047038694833,0.033010604010675015,0.03854441506615691,0.23223012161495493,-0.31478447749696925,0.728515625,0.8752436647173489,0.031189083820662766,0.7326655397173489,,,False,,False,,,,0.045518055429890625,False,431.9611078808612,False,False,1.199413750326447,0.8299167809055442,0.01012378208374587,False,0.894891422696792
AMZN,178,0.5773011086744639,Amazon,Consumer Discretionary,SP500,254.97999572753906,0.0002353583831189443,-0.020362698158193582,-0.08088824386868088,0.019838378411004776,0.17599846469084524,0.197265625,0.41325536062378165,0.7660818713450293,0.048020985623781653,-0.10224630099797272,0.2826601153938766,False,-0.032934038049391545,False,0.008516488034316927,0.06742643725577957,-0.008444569955337378,-0.01596554740832712,False,12129.544069600535,True,True,0.5757722737438572,0.7689818550164969,-0.0026086352224594656,False,0.46244855709493277
AIZ,179,0.5754812378167642,Assurant,Financials,SP500,284.07000732421875,0.011717389269981116,-0.015389422519562324,0.00981127506870827,0.14743056964151702,0.22890580401629235,0.63671875,0.732943469785575,0.8362573099415205,-0.11275965521442499,,,False,,False,,,,0.001723769389756935,False,101.73287336163081,False,False,0.7841863396186114,0.6200260926746252,0.0020300852151038384,False,0.4095234483140468
CB,180,0.5741098623294347,Chubb Limited,Financials,SP500,339.05999755859375,0.0009446989828314489,-0.01370099661285673,-0.02652882732762918,0.08750727757442123,0.020895225057767197,0.455078125,0.6003898635477583,0.4580896686159844,0.10429611354775825,,,False,,False,,,,-0.004997685739738911,False,631.1033191455327,False,False,0.5307316567828234,0.753761372621743,0.0013284885753226394,False,0.6456962494940864
CFG,181,0.5741037707115011,Citizens Financial Group,Financials,SP500,69.75,0.023327409807263777,-0.01049791298333791,-0.05333876613596744,0.14095334036538376,0.17455007379261955,0.30078125,0.723196881091618,0.7641325536062378,-0.013131243908382051,,,False,,False,,,,-0.0022984703622558333,False,287.8834827034688,False,False,0.8088200938354033,0.8607381989874242,0.0038144731934701692,False,0.8270028440374796
WMB,182,0.5728260538499026,Williams Companies,Energy,SP500,75.16000366210938,-0.0009304757636671157,0.010079289921899548,0.05104183214713731,0.056586880262692096,0.006461502436727828,0.76953125,0.5165692007797271,0.4346978557504873,0.3251629507797271,,,False,,False,,,,0.015519819916292255,False,528.4596005386016,False,False,1.2064559694354569,1.383702385649267,-0.0014621906877985147,False,0.6485971767369432
PFG,183,0.5721616867690059,Principal Financial Group,Financials,SP500,111.30999755859375,0.017830988820034976,-0.008020689182978935,-0.03418657215970711,0.10000983173261058,0.210772149796707,0.41015625,0.6393762183235867,0.8089668615984406,-0.10671753167641329,,,False,,False,,,,0.000779709890528224,False,155.80449994573226,False,False,0.6872882104250293,0.9262623610313638,0.0,False,0.5930537234785036
ALLE,184,0.5717969511452241,Allegion,Industrials,SP500,155.07000732421875,0.021406928225602417,-0.03250556210854605,-0.06222782564194462,0.1967508266423359,-0.0021792143890398963,0.251953125,0.8323586744639376,0.4152046783625731,-0.05240695053606237,,,False,,False,,,,-0.016714892489244182,False,214.69836255221992,False,False,0.6014203612967076,1.8683095158774208,0.00546691168637059,False,0.6758297749483926
UNP,185,0.5717501218323586,Union Pacific Corporation,Industrials,SP500,289.75,-0.0029935831388225864,-0.06718818957328831,-0.022270983524833254,0.10536754512149527,0.09207105497467993,0.490234375,0.6510721247563352,0.6003898635477583,0.016306499756335247,,,False,,False,,,,-0.031958694101341,False,829.0447195089037,False,False,0.744464412079826,0.9204049603565815,0.003509805066367555,False,0.542235812589198
EXE,186,0.5698796144005849,Expand Energy,Energy,SP500,99.31999969482422,-0.006601356670824732,0.028476752704674535,0.07356520499969577,0.09714195993928243,-0.045429897738074265,0.837890625,0.6276803118908382,0.30214424951267055,0.48119593689083817,,,False,,False,,,,0.017025729453113314,False,316.6101563440616,False,False,0.9460938465090681,0.6371228389993725,-0.0019004044311534685,False,0.5640476323408136
ULTA,187,0.5675469054580897,Ulta Beauty,Consumer Discretionary,SP500,551.739990234375,0.011142501537735772,0.015740326137337224,0.0144890322786273,0.17090044829190343,-0.1657241844898133,0.65234375,0.7797270955165692,0.1189083820662768,0.35003959551656916,,,False,,False,,,,0.023824338061334993,False,323.97697283659517,False,False,1.2242780383294105,1.4600308679226586,3.668865637074248e-05,False,0.9163225048824571
APH,188,0.5673489278752437,Amphenol,Information Technology,SP500,160.08999633789062,,,,0.08610971328646788,0.21015753438167084,,0.594541910331384,0.8070175438596491,,,,False,,False,,,,6.045891227457467e-05,False,1202.955426127477,False,False,,0.6876325621406836,,False,0.6629596348610812
UNH,189,0.5627173946150097,UnitedHealth Group,Health Care,SP500,399.6499938964844,0.008453207687873387,-0.0033914761128668314,-0.019384110251765008,0.06613415851337345,0.38737280477327074,0.505859375,0.5419103313840156,0.9337231968810916,-0.030355293615984436,,,False,,False,,,,0.009025931572512302,False,2086.5108326780264,False,False,0.8191362288249535,0.7775846349575869,0.007494325794061618,False,0.49351155476548614
AXP,190,0.5619372867933723,American Express,Financials,SP500,329.9997863769531,0.017920922581802667,-0.018296021511828964,-0.048196491275014464,0.10091862396078422,0.06664072425684364,0.330078125,0.6413255360623782,0.5497076023391813,0.10616928606237819,,,False,,False,,,,-0.007024793835414211,False,966.9491335593785,False,False,0.7345250966520508,0.786219473766975,0.005768207233736167,False,0.6289994418085403
UHS,191,0.5596278021442496,Universal Health Services,Health Care,SP500,167.52000427246094,-0.018916519634196605,-0.06140835711959691,-0.0009117622702052852,0.15048854357227692,-0.16984667035923107,0.587890625,0.7407407407407407,0.10916179337231968,0.3833188657407407,,,False,,False,,,,-0.024093044535561603,False,136.35512138278912,False,False,0.7980088070456816,0.7483678800351311,-0.003572477952278552,False,0.8030464092693743
MKC,192,0.5589325962475634,McCormick & Company,Consumer Staples,SP500,53.81999969482422,-0.008109079253958762,-0.023230468507146274,0.03380711246842494,0.17320585716907488,-0.16603073356789266,0.71875,0.7894736842105263,0.11695906432748537,0.24650493421052633,,,False,,False,,,,-0.011600754328009222,False,178.2635574748775,False,False,0.7947127923149468,0.6652771246148372,0.001474416393834277,False,0.3621040325193639
OMC,193,0.5573986507066276,Omnicom Group,Communication Services,SP500,81.75,-0.05041231876531593,-0.0698600458787988,-0.0007333768534925067,0.12047710491213448,-0.02740839987158139,0.58984375,0.695906432748538,0.34307992202729043,0.17246893274853803,,,False,,False,,,,-0.050439102993338536,False,253.90964388047198,False,False,0.8401841755339328,0.8013071949049984,-0.0022069325135758433,False,1.2898935348782283
APO,194,0.5568344145955166,Apollo Global Management,Financials,SP500,132.25999450683594,0.0043282865431131246,-0.010548392918561023,-0.0028629842264950023,0.06810339978190094,0.21485344110488724,0.57421875,0.5516569200779727,0.8109161793372319,0.14540692007797273,,,False,,False,,,,-0.00814081348083806,False,520.2979585498181,False,False,1.2407231999853756,0.5205342259122782,-0.003341198521140787,False,0.39626251682319996
TFC,195,0.5552216587475634,Truist Financial,Financials,SP500,50.79999923706055,0.0275081037242757,0.0025656418553989813,-0.025760556504455967,0.08189476509726878,0.05570071720247438,0.4609375,0.5828460038986355,0.5282651072124757,0.0828460038986355,,,False,,False,,,,0.007345697788625927,False,361.79027862636764,False,False,0.7209012055271822,0.8601412079673046,0.009101957432020358,False,0.6228065900019538
HCA,196,0.5541118421052632,HCA Healthcare,Health Care,SP500,402.02099609375,-0.027948621436728827,-0.058851501434681985,0.003221583290565988,0.1090127006616568,-0.2589667314728801,0.6015625,0.6647173489278753,0.04678362573099415,0.5026079739278753,,,False,,False,,,,-0.030010392322892154,False,591.0316080382903,False,False,0.7398528564432284,0.8010209088314405,-0.0027080495999576293,False,0.8140576528209866
ARES,197,0.5540950901559454,Ares Management,Financials,SP500,138.05999755859375,-0.007405268577293733,-0.027609510402210602,-0.03393748498518534,0.13282536755568808,0.2163267319858011,0.412109375,0.7095516569200779,0.8128654970760234,-0.09708896807992207,,,False,,False,,,,-0.01900657663002281,False,287.0872770387144,False,False,0.8053780642318812,0.7464401379713462,-0.007549091087809434,False,0.5523009597446674
GRMN,198,0.5527393244395711,Garmin,Consumer Discretionary,SP500,276.05499267578125,0.0032161180537910727,-0.044858476336310904,-0.10185123037396748,0.1653264191794468,0.10813143659920676,0.134765625,0.7641325536062378,0.631578947368421,-0.15383619639376223,,,False,,False,,,,-0.03373970660401904,False,256.842187804335,False,False,0.524651229531971,0.9097020249965232,-0.0001090190712396133,False,0.7076214655091626
NDSN,199,0.5486076845760235,Nordson Corporation,Industrials,SP500,316.6300048828125,0.007092910399554064,-0.05364929885181913,0.022475509908234326,0.09700165998794663,0.10430382656971093,0.67578125,0.6257309941520468,0.6237816764132553,0.049559119152046804,,,False,,False,,,,-0.016263598572335725,False,116.81375255424655,False,False,1.3971006164830775,0.9263014075315806,0.007379158299165356,False,0.8185615151692539
IT,200,0.5485098379629628,Gartner,Information Technology,SP500,186.7899932861328,-0.016532404100117803,-0.03197560744742123,0.005382421207475341,0.13377841144845415,0.11917315828054931,0.609375,0.7115009746588694,0.6569200779727096,-0.1810771503411306,,,False,,False,,,,-0.026391188891588535,False,227.00981936035623,False,False,0.6050008751996279,0.6290722797021563,-0.004527907043257451,False,0.39806692725192605
CI,201,0.5468411153752436,Cigna,Health Care,SP500,282.760009765625,-0.0010598028529504866,0.006729144021414335,0.031782603030934053,0.05048852271777737,0.004303921199882099,0.712890625,0.49317738791423,0.43079922027290446,0.20411488791423,,,False,,False,,,,0.010662066833035722,False,484.07670874358513,False,False,0.7614356554827206,0.6947000251100623,0.00014134298476276008,False,0.4684689220323115
PG,202,0.5468388310185186,Procter & Gamble,Consumer Staples,SP500,147.63999938964844,0.009780402230469276,0.018206892342403025,-0.0024997981955225956,0.06100379673435219,-0.05330287564681169,0.578125,0.5282651072124757,0.2826510721247563,0.11615573221247566,,,False,,False,,,,0.014524180053096858,False,1335.3894264032497,False,False,0.5688655513917541,0.9087206487359912,0.0014362317586722462,False,0.5177603470537923
CBRE,203,0.5467771533869397,CBRE Group,Real Estate,SP500,142.0800018310547,-0.016475181864878286,-0.055067828848670786,-0.059384316712853824,0.12735065625021935,0.0023987323600536126,0.263671875,0.7037037037037037,0.4249512670565302,0.19589120370370372,,,False,,False,,,,-0.03325902484186083,False,238.12538705888397,False,False,1.0428835812948907,1.0514802486245944,0.012114079459142113,False,0.8459251897847113
ANET,204,0.5458516081871345,Arista Networks,Information Technology,SP500,186.10989379882812,-0.01664430307216369,-0.07980275006759885,-0.0230964297668379,0.06732751626075739,0.3803299805041047,0.48046875,0.5458089668615984,0.9298245614035088,-0.02059728313840159,,,False,,False,,,,-0.032023065258264816,False,1377.599805730612,False,False,0.8383276626108461,0.5778597531024044,-0.006657479358589069,False,0.45463038741478895
AIG,205,0.5456224110623782,American International Group,Financials,SP500,76.13999938964844,0.0034264911128307762,-0.010783445730691232,-0.04009077555989049,0.056457324185110735,-0.015350252969714151,0.375,0.5146198830409356,0.38596491228070173,0.12204175804093564,,,False,,False,,,,-0.0031532255984558777,False,272.04557209338407,False,False,0.6155379654387695,0.9855293610822601,0.003690121492180065,False,0.7235613892458354
TMUS,206,0.5450848257797272,T-Mobile US,Communication Services,SP500,187.3000030517578,0.028216948212093085,0.04883360569066619,0.06303814880966407,0.038197896030277345,-0.13794036531982867,0.806640625,0.45614035087719296,0.14814814814814814,0.32723410087719296,,,False,,False,,,,0.031344479360123634,False,871.100392704484,False,False,0.6495246264015042,0.8339031931131938,0.00768551750295976,False,0.9155867383763084
ADM,207,0.545082160696881,Archer Daniels Midland,Consumer Staples,SP500,85.37999725341797,0.009816607589618442,0.06605070742180374,0.07577169651293314,0.02154188563567283,0.286646497461182,0.84375,0.4152046783625731,0.8869395711500975,-0.026201571637426924,,,False,,False,,,,0.04283238755026497,False,293.2816579161685,False,False,1.1398363364281374,0.9944482402149961,0.0011827140214279996,False,0.6570071884758448
UBER,208,0.5448647660818713,Uber,Industrials,SP500,76.45500183105469,0.01614837854574458,-0.025926819825461966,0.062022560074727506,0.06646672098446316,-0.002544027279091199,0.802734375,0.543859649122807,0.41325536062378165,0.30362527412280704,,,False,,False,,,,-0.003975832123892409,False,1401.241320448462,False,False,1.0797779928317035,0.7188636135944434,0.010765619497423273,False,0.5534220632634282
PANW,209,0.5445518092105263,Palo Alto Networks,Information Technology,SP500,328.4800109863281,-0.09282218700181588,-0.03191767601953854,-0.10334657894313748,0.17134407718685019,1.0716449044150793,0.12890625,0.783625730994152,0.9824561403508771,-0.214421144005848,,,False,,False,,,,-0.08099565597251412,False,2292.97964715316,False,False,1.3716908488796815,1.4488045832021061,-0.043939362652987146,False,2.0147972098873255
STE,210,0.5427049067982456,Steris,Health Care,SP500,230.2899932861328,0.0027868469699892096,-0.027368378043661767,-0.010994257033623334,0.09888792486812426,-0.04975830430518979,0.548828125,0.6354775828460039,0.29239766081871343,0.07493070784600386,,,False,,False,,,,-0.01170829644797966,False,162.69640590658693,False,False,0.5972343797397399,0.7861226875588379,-0.0018288620949610257,False,0.44942016338810076
TROW,211,0.5421600877192982,T. Rowe Price,Financials,SP500,109.37999725341797,0.0036703421193180485,-0.028165310638703978,-0.05535887046745669,0.06424838850120862,0.22123070852847904,0.2890625,0.5360623781676414,0.8265107212475633,-0.11628137183235865,,,False,,False,,,,-0.014791671376035875,False,218.27761887399402,False,False,0.5391619990052828,0.7641815803615214,0.001559902401438995,False,0.5480646766116493
CRWD,212,0.5419685824805068,CrowdStrike,Information Technology,SP500,203.4199981689453,-0.05416845100912193,0.07527225945911065,-0.03692833541652907,0.08837496638457742,0.9958791387706942,0.3984375,0.6042884990253411,0.9805068226120858,-0.3859458759746589,-0.11939394732058306,1.3231405929358493,False,-0.032475936415668705,False,0.02215685986338589,0.43573615837566315,-0.021676575028168665,-0.03194656512030147,False,1924.4707799285154,True,True,1.7103257784044552,1.6917168515916634,-0.0033710237542451393,False,1.2218349367418258
EQT,213,0.5408583851120857,EQT Corporation,Energy,SP500,55.775001525878906,0.0033279613740457847,0.017977744002417362,0.060260469750549106,0.027169936131899552,-0.0848539260804465,0.80078125,0.43664717348927873,0.23196881091617932,0.33117842348927873,,,False,,False,,,,0.020176191136704213,False,374.53853157981825,False,False,0.7588764192093455,0.8574201633159612,-0.008634638260816452,False,0.5801097353545432
WAT,214,0.5393834521198829,Waters Corporation,Health Care,SP500,411.9599914550781,0.015079822522204411,-0.0053360260303872975,0.040092924210183956,0.08476183840910978,0.29124868487167443,0.734375,0.5886939571150097,0.8888888888888888,-0.3409935428849903,,,False,,False,,,,0.0005840135073382768,False,330.6184680299097,False,False,0.7377428682371605,0.7198600531095742,-0.0031539493170880117,False,0.5997618170365
SWKS,215,0.5388397752192983,Skyworks Solutions,Information Technology,SP500,71.66999816894531,0.06319528668458507,0.07580299030567628,0.073064787940188,-0.11145555523185757,0.2845195845230508,0.830078125,0.15594541910331383,0.884990253411306,-0.10382020589668617,,,False,,False,,,,0.052639140217492164,False,370.30353071538804,False,False,0.6184025321833042,1.634872844318585,-0.008159071678955687,False,1.2952794556378764
HIG,216,0.5387780975877193,Hartford (The),Financials,SP500,137.22000122070312,0.0006562848004529886,-0.014572149194490014,-0.029764700259399035,0.09434598958948448,-0.02598665038987724,0.4375,0.6179337231968811,0.3508771929824561,0.1569962231968811,,,False,,False,,,,-0.0014438626812267596,False,213.62357832280372,False,False,0.7535892258730517,0.8108567111361631,0.005031739348335229,False,0.4620369455108559
HAL,217,0.5382115771198832,Halliburton,Energy,SP500,37.630001068115234,0.02255439805060666,0.09262492940206823,0.16285538808296152,-0.0828661421481014,0.09759192414521567,0.955078125,0.17348927875243664,0.6101364522417154,0.14809865375243664,-0.12075179914468204,0.7700131730745334,False,0.0849852634390964,True,0.1075726211044652,0.08962784722457195,-0.09712466618865534,0.04479103896525061,False,390.1461676323172,True,True,1.055431882333778,0.9949596966410937,-0.008152153350003966,False,0.6584851841947766
ED,218,0.5369662219785575,Consolidated Edison,Utilities,SP500,107.6500015258789,-0.0004642100629520529,-0.003702003836939305,0.0011336090644451513,0.0488297215601432,-0.02709561179808262,0.59375,0.4834307992202729,0.3469785575048733,0.17288392422027288,,,False,,False,,,,0.0017960765414546387,False,241.31216309767774,False,False,0.7463786166199721,0.9491571056356678,0.0006499507595887355,False,0.6864493753714757
LYB,219,0.535611217714425,LyondellBasell,Materials,SP500,66.58999633789062,0.02178913931014903,0.06339823496842034,0.1009231431734372,-0.00033558530544108844,0.09788759930406576,0.884765625,0.36062378167641324,0.6120857699805068,0.31960815667641324,,,False,,False,,,,0.028365860744413718,False,274.35695565328075,False,False,1.277848371719719,0.6407955839586919,-0.008286035456491092,False,0.4341828978188946
KDP,220,0.5352727521929824,Keurig Dr Pepper,Consumer Staples,SP500,32.59000015258789,0.021950479032203374,0.011797611888117787,0.04790995989845537,0.07437437424219762,0.14693595105077284,0.751953125,0.571150097465887,0.7134502923976608,0.04575947246588696,,,False,,False,,,,0.021199972762087738,False,420.81374492649206,False,False,1.220297673631131,0.6467618806893024,0.007839448252894954,False,0.6083253617210886
BG,221,0.534835297880117,Bunge Global,Consumer Staples,SP500,122.81999969482422,0.014705872156586697,0.08450330856356936,0.15801003923200252,-0.059474884977725795,0.08110237330933612,0.951171875,0.21832358674463936,0.580896686159844,0.16558921174463936,,,False,,False,,,,0.05472347992052473,False,161.52032454182574,False,False,0.9117111445528148,1.161498837058615,-0.006939887317675919,False,0.7519262082348711
GEHC,222,0.5348155001218323,GE HealthCare,Health Care,SP500,70.55999755859375,0.0019880629549657858,-0.037511936865119,0.004269789542300506,0.13815670335697794,-0.10612242215380996,0.60546875,0.7212475633528265,0.20077972709551656,0.02593506335282647,,,False,,False,,,,-0.019667322190420222,False,295.60326857781394,False,False,0.4923463270653773,0.6304104383158122,0.0008521043673463957,False,0.4452100015070641
CDW,223,0.5340928819444444,CDW Corporation,Information Technology,SP500,148.6699981689453,-0.010845008980147397,0.05096840882852405,-0.029998626122000327,0.0879839710795145,0.20337908730430754,0.43359375,0.6023391812865497,0.7992202729044834,-0.07539519371345027,,,False,,False,,,,0.02431313841732452,False,263.71661873430804,False,False,0.930838943531808,0.969207438955382,0.011443786997867411,False,0.7398004163692726
NSC,224,0.5337190088937621,Norfolk Southern,Industrials,SP500,330.05999755859375,-0.008709736817961278,-0.06413744920875641,-0.029020208190362662,0.08605511389744902,0.0471003187073642,0.443359375,0.5925925925925926,0.5107212475633528,0.03399884259259256,,,False,,False,,,,-0.031922083929869505,False,378.41524468076244,False,False,0.8161038559446971,0.9862374813172123,0.00279319803347855,False,0.39979149434063643
TRMB,225,0.5336702759502924,Trimble Inc.,Information Technology,SP500,59.11000061035156,0.002884322830057462,-0.009550933175427323,-0.011703740960822828,0.06466138550050893,-0.15460523228953638,0.54296875,0.5380116959064327,0.13255360623781676,0.4520741959064327,,,False,,False,,,,-0.005853565514343684,False,183.82340621056787,False,False,0.8908460200751309,2.6771986157213914,-0.0022055862987254704,False,0.9669554975015473
O,226,0.5334749634502923,Realty Income,Real Estate,SP500,61.52000045776367,0.0026075594168935012,-0.011885606869886378,-0.02193960309440468,0.038958213546573806,-0.04747043437727616,0.4921875,0.4580896686159844,0.3001949317738791,0.12605841861598438,,,False,,False,,,,-0.0069532109161145605,False,339.3757461513254,False,False,0.5773529296130309,0.9910928600548262,0.003259464813397006,False,0.7152838064409871
GL,227,0.5320392452485381,Globe Life,Financials,SP500,173.22999572753906,0.005397519787053495,-0.01321564958067667,-0.05802065537289447,0.14779960946022652,0.20176918174947134,0.2734375,0.7348927875243665,0.7933723196881092,-0.07760721247563351,,,False,,False,,,,-0.0037026135407475236,False,110.28124540573369,False,False,0.8385238439243078,0.6255524974931294,0.0030760230406825517,False,0.33039017275172067
ADSK,228,0.5286774336013645,Autodesk,Information Technology,SP500,241.72999572753906,-0.02406236285324881,-0.05118345302132343,0.019054799063026318,0.05283096385700703,-0.06266244524018583,0.6640625,0.5009746588693957,0.26705653021442494,0.29784965886939574,,,False,,False,,,,-0.040144685492265686,False,491.11058936099494,False,False,0.9681398064342421,1.0365706582103547,-0.004844753265833002,False,0.6409172488984369
MO,229,0.5284497593810916,Altria,Consumer Staples,SP500,69.58000183105469,0.00014377082469940738,0.006655079082666937,0.022183078345823448,0.004559847544657991,0.05407954079066912,0.671875,0.3742690058479532,0.5263157894736842,0.2102065058479532,,,False,,False,,,,0.018105070398771517,False,601.3073573133149,False,False,0.993779376818867,0.9822598306469523,0.00043120280909114683,False,0.8417150179159398
PNC,230,0.5267779909844055,PNC Financial Services,Financials,SP500,242.55499267578125,0.02132715931392304,-0.008644318915242089,-0.04558513709644352,0.12012083937308238,0.1520009206682411,0.34375,0.6939571150097466,0.7192982456140351,-0.06971475999025345,,,False,,False,,,,-0.0018396531683613215,False,443.6192440219652,False,False,0.8898070090238984,0.8252802969760455,0.005684411189949667,False,0.5889614165023557
EFX,231,0.5257922910575049,Equifax,Industrials,SP500,185.52499389648438,-0.0036251507133238103,-0.026422143821455468,0.04745369811994338,0.09029730784964962,-0.09634922908234667,0.74609375,0.6062378167641326,0.2124756335282651,0.20780031676413258,,,False,,False,,,,-0.013353339130387276,False,259.5646677175897,False,False,0.7743239590897982,0.47349895082611176,-0.003544595450733712,False,0.35135473797340866
CTAS,232,0.5257313748781677,Cintas,Industrials,SP500,198.08999633789062,-0.012463233688826625,-0.0373700188892212,-0.02477496325447759,0.13670202268110887,-0.004874129324097587,0.46484375,0.7173489278752436,0.40545808966861596,-0.12054169712475638,,,False,,False,,,,-0.01906029196153658,False,427.8838811044293,False,False,0.4904871657636582,0.7664638354188107,9.972716898221101e-05,False,0.9928531309476257
BEN,233,0.525015990497076,Franklin Resources,Financials,SP500,33.02009963989258,-0.002413862172561232,-0.05683801134079802,-0.07687729333741855,0.09817266845669059,0.2730973172142386,0.203125,0.631578947368421,0.8674463937621832,-0.19654605263157898,,,False,,False,,,,-0.027051871580480946,False,138.00246609841918,False,False,0.6495962277146007,0.7156284184260477,-0.0006041282171671547,False,0.5868169021769047
PM,234,0.5248705531189085,Philip Morris International,Consumer Staples,SP500,187.97000122070312,0.004381551434472941,-0.03158168310176823,0.005671165469077755,0.07723305370354105,0.06803109347802172,0.611328125,0.5750487329434698,0.5555555555555556,-0.03042001705653019,,,False,,False,,,,-0.006298597747018242,False,918.750801200358,False,False,0.6795194899253133,0.7292533343031642,0.0011221304873958449,False,0.4379507981237788
CINF,235,0.5236084460282651,Cincinnati Financial,Financials,SP500,171.69000244140625,0.0076295736628588795,-0.004002798595320378,-0.0430832449360542,0.09246255638472856,0.033815093535938257,0.359375,0.6101364522417154,0.48927875243664715,-0.02072292275828458,,,False,,False,,,,0.00308445857623596,False,131.09536259694625,False,False,0.5357095744027406,0.7364679788272378,0.0,False,0.6851414685904819
HPE,236,0.5235349658869396,Hewlett Packard Enterprise,Information Technology,SP500,51.83000183105469,0.018871690963771615,-0.061560705040048846,-0.010689016322157019,-0.05744988507858584,1.4276947795068322,0.552734375,0.2202729044834308,0.9922027290448343,-0.7719145955165692,-0.13356733374341434,1.6289444787890575,False,-0.04685715576501537,False,0.041026475284858144,0.5796035404349658,-0.03940963679490661,-0.01798851819571845,False,896.2041388212241,True,True,0.6030926960369837,1.3573173244025845,0.022016960292877474,False,2.5028300847799207
EW,237,0.5222774275097466,Edwards Lifesciences,Health Care,SP500,90.79000091552734,0.0005510585511903088,0.00011017995555140381,0.013281277474016528,0.05569768506427142,0.06536023955689707,0.646484375,0.5126705653021443,0.5477582846003899,0.014623690302144277,,,False,,False,,,,0.0013048215208473213,False,380.8878266315689,False,False,0.7132769275876151,0.6734717379021056,0.00798984451387752,False,0.4366820939142336
MDLZ,238,0.5209098592836257,Mondelez International,Consumer Staples,SP500,62.45000076293945,0.013634152641880615,-0.0088874396684816,0.005960034165135575,0.027132061147727704,0.08227455920211435,0.615234375,0.4346978557504873,0.5847953216374269,0.0675103557504873,,,False,,False,,,,-0.00294511171112255,False,534.0285895345319,False,False,0.798305804892902,0.7943975144414163,0.0011361742270856734,False,0.6566790669949402
ETR,239,0.5176725450779727,Entergy,Utilities,SP500,106.76000213623047,-0.002429401186612612,-0.004383112990667737,-0.013436360541929981,-0.011620546402512089,0.014024200641216122,0.533203125,0.33723196881091616,0.44639376218323584,0.18293509381091616,,,False,,False,,,,0.0004645177241457965,False,280.736434022313,False,False,0.7132498262970451,0.8886908786367503,0.0008410014026194457,False,0.8512238039190736
ECL,240,0.5171928301656921,Ecolab,Materials,SP500,280.0299987792969,-0.0007850177366748312,-0.036373045775001,-0.010984021008129785,0.09826411031254967,-0.054835084277165436,0.55078125,0.6335282651072125,0.2787524366471735,0.043684515107212496,,,False,,False,,,,-0.010655319734243496,False,385.6826406225754,False,False,0.7606828527400523,0.9508952372865649,0.005102560841324655,False,0.7026206579014683
LLY,241,0.5163643701267056,Lilly (Eli),Health Care,SP500,1160.06005859375,5.177464978456392e-05,-0.024676078679779723,0.0412683928567712,0.07688538559863645,0.15958253763541097,0.736328125,0.5730994152046783,0.7368421052631579,-0.13002558479532167,,,False,,False,,,,-0.02169343003959967,False,3296.4697372711853,False,False,1.0456814907243541,0.9135958935328713,0.003577607253502091,False,0.6508888709273402
VTRS,242,0.513677205165692,Viatris,Health Care,SP500,17.09000015258789,0.02766091491492806,0.014243309536188242,-0.02722179802291158,0.10656643604765259,0.18918223035589476,0.453125,0.6549707602339181,0.7894736842105263,-0.10479486476608191,,,False,,False,,,,0.025530185632165026,False,160.72302399645818,False,False,1.1984872075927244,0.8628731976129934,0.007215925754013419,False,0.7985099084652256
BF-B,243,0.5128544560185185,Brown–Forman,Consumer Staples,SP500,27.399999618530273,0.03945367921464715,-0.023868902158110328,-0.03758341133230414,0.11627028187561494,0.06222165697217652,0.39453125,0.672514619883041,0.5419103313840156,-0.052094755116959046,,,False,,False,,,,-0.0004132502062036414,False,65.01163590849453,False,False,0.8922210797251906,1.130874306128693,0.022761701829607572,False,1.449124965329891
GD,244,0.5125624390838206,General Dynamics,Industrials,SP500,364.06500244140625,-0.014469021325129172,-0.047000123262196714,-0.05623964842130713,0.08493740253605653,0.0034026602402326134,0.283203125,0.5906432748538012,0.4269005847953216,0.006658899853801192,,,False,,False,,,,-0.03127596751688777,False,400.8647655603451,False,False,0.6792573621554056,0.9830026922831744,0.0011910950895870354,False,1.0094761901142997
COIN,245,0.5125247471978559,Coinbase,Financials,SP500,174.9600067138672,-0.010519175055462182,-0.03751783535717801,0.16075108918683,0.07192749298714585,-0.16259027977198504,0.953125,0.5653021442495126,0.12280701754385964,0.5516302692495126,-0.548222140425938,0.24005961623857908,False,0.05360146873023108,True,0.08365772227000656,-0.09634420271534472,-0.07719939659061659,-0.015620744469801884,True,1386.6109627828628,True,False,1.1421971921983691,1.0191898133619888,-0.014251805045117028,False,0.5767422660748863
DLR,246,0.5109032346491228,Digital Realty,Real Estate,SP500,183.72500610351562,0.0024826857666149227,-0.050173121748149474,-0.052426599196098156,0.007901755586669168,0.01965429350382264,0.3046875,0.38791423001949316,0.45419103313840153,0.11252360501949316,,,False,,False,,,,-0.024399755806058687,False,563.63889247797,False,False,0.6180820555604363,0.9053093797578287,-0.0021826220655223327,False,0.4042734664505854
AES,247,0.5099712171052632,AES Corporation,Utilities,SP500,14.8100004196167,0.002708189614984091,0.0054311527404313775,0.008855593442670617,0.018873627584874875,0.06175164352124374,0.62890625,0.4074074074074074,0.5380116959064327,-0.006655092592592615,,,False,,False,,,,0.0034934756083968566,False,113.99921449002075,False,False,0.7240188330151102,0.9853773162930493,-0.00135412709165883,False,1.1270812891107826
LITE,248,0.5087224354288499,Lumentum,Information Technology,SP500,870.5800170898438,0.001875832740565242,-0.07289438044732721,0.02485084477941646,-0.07187631440315168,0.2787603300524546,0.685546875,0.1871345029239766,0.8752436647173489,0.1051032529239766,,,False,,False,,,,-0.021377461664756736,False,3835.018176285651,False,False,0.9561233747421835,0.7393632514511592,-0.0014224327427988515,False,0.5758275960523545
C,249,0.5057805646929825,Citigroup,Financials,SP500,134.35000610351562,0.013656352113096126,0.00591500868046424,-0.01841155186360799,0.039275648375629135,0.21875524698351656,0.51171875,0.4600389863547758,0.8167641325536062,-0.0926953886452242,,,False,,False,,,,0.00858925053278381,False,1488.4501828912041,False,False,0.7836928946590245,0.7361446379474567,0.00950663821828357,False,0.5623817413236987
NEE,250,0.5045550073099415,NextEra Energy,Utilities,SP500,83.12000274658203,0.0022911183010618785,-0.005639304989224603,-0.039620876659916315,-0.0026194421878040774,-0.08900164000868627,0.380859375,0.3586744639376218,0.22417153996101363,0.2239088389376218,,,False,,False,,,,-0.0028564529053763943,False,932.4576773515164,False,False,0.5487225014544425,0.9538043254214728,-0.004461627218382391,False,0.6770494251570102
DPZ,251,0.503309652168616,Domino's,Consumer Discretionary,SP500,346.67999267578125,0.01853864221028423,0.006152760425496062,-0.056986676628066224,0.13708395876232515,-0.13780654991697217,0.27734375,0.7192982456140351,0.15009746588693956,0.0982044956140351,,,False,,False,,,,0.011379565305368322,False,305.5596253057301,False,False,0.8190792614614967,1.2760566754228688,0.007785627213033219,False,0.7000398647068504
NTAP,252,0.5023924829434698,NetApp,Information Technology,SP500,180.77000427246094,-0.013048696996411202,-0.06747485901068262,-0.05087683555510836,0.001320055023422917,0.830715983068075,0.3125,0.36257309941520466,0.9727095516569201,-0.6257081505847953,,,False,,False,,,,-0.03668237640994687,False,454.45747553794956,False,False,0.5622447442950891,1.0646695205131236,0.016051552645903522,False,1.3166733319827926
IBKR,253,0.5019120065789474,Interactive Brokers,Financials,SP500,89.12000274658203,-0.01405018975154293,-0.08059486019121609,0.006439031972265585,0.023530498283781842,0.2912658568152082,0.6171875,0.42105263157894735,0.8908382066276803,-0.10629111842105265,,,False,,False,,,,-0.04239197589991528,False,410.17421768124814,False,False,1.2214836618020528,1.0099596454158706,-0.003982748233017364,False,0.9417421260908166
WSM,254,0.5014094480994152,"Williams-Sonoma, Inc.",Consumer Discretionary,SP500,221.72500610351562,-0.0017782686041546425,-0.06614575688300395,-0.109108800412002,0.07414093680717726,0.13757632721556967,0.1171875,0.5692007797270955,0.695906432748538,-0.3956429702729045,,,False,,False,,,,-0.04022738008834459,False,243.3724665131269,False,False,0.5334946637308938,1.376133987367923,-0.0031514359968938255,False,1.0248148972519158
HBAN,255,0.5004530640838206,Huntington Bancshares,Financials,SP500,16.8799991607666,0.028014560434550306,-0.009389773835924098,-0.03872439213307732,0.06920437130345958,0.022324023580271968,0.388671875,0.5536062378167641,0.46393762183235865,-0.0010812621832358982,,,False,,False,,,,-0.0014280961117831836,False,408.9938733835697,False,False,0.7881969155707668,0.994602888579361,0.007308211856018598,False,0.83880867742078
WAB,256,0.4995644493177388,Wabtec,Industrials,SP500,279.7900085449219,-3.566564861412491e-05,-0.06904238840100552,-0.06350085461215271,0.06583002166034091,0.07526930525296538,0.25,0.5399610136452242,0.5730994152046783,-0.1241014863547758,,,False,,False,,,,-0.03229656421746574,False,274.7959002657826,False,False,0.513778105397822,0.8372758012593216,0.0036455310069731794,False,0.5948773775986728
CL,257,0.49886200962475635,Colgate-Palmolive,Consumer Staples,SP500,90.12999725341797,0.005578489516030016,-0.020964592182911912,-0.025937550605651727,0.06806521339752236,-0.04271563153277569,0.458984375,0.5497076023391813,0.31189083820662766,0.010645102339181256,,,False,,False,,,,-0.005765070729954358,False,408.6958470341755,False,False,0.6593472038507614,0.9472343903637088,0.005132200140228305,False,0.6809302125132448
DOC,258,0.4976551078216374,Healthpeak Properties,Real Estate,SP500,21.024999618530273,0.009846298112915708,-0.025718271878495402,-0.022726194745420814,0.11851041225909942,0.22937839585494624,0.48828125,0.6803118908382066,0.8382066276803118,-0.26304748416179335,,,False,,False,,,,-0.002754580356188474,False,124.98469967472192,False,False,1.0039945645993618,0.7439248359179279,-0.004803092360015082,False,0.6449367119111107
MTB,259,0.4945917854532164,M&T Bank,Financials,SP500,235.4199981689453,0.014653882569934717,-0.01904760451490961,-0.06370331324396394,0.10703750348359997,0.08828355822268041,0.24609375,0.6608187134502924,0.5964912280701754,-0.12629066154970758,,,False,,False,,,,-0.007983075389784822,False,256.2717897881878,False,False,0.8109284809213904,0.9727340598989048,0.006464959798201608,False,0.6846320467124964
SBAC,260,0.4941528082358675,SBA Communications,Real Estate,SP500,186.4199981689453,-0.012658224779155236,0.0023658589714716793,-0.0010315754821589307,-0.045141175789244925,-0.032086960861907876,0.5859375,0.24171539961013644,0.33723196881091616,0.16554352461013644,,,False,,False,,,,0.0004226609459074826,False,181.8328730394941,False,False,0.5070834568619259,0.7740127277924476,-0.0029659317082505465,False,0.7782998120741828
CPRT,261,0.49402183845029235,Copart,Industrials,SP500,32.15999984741211,-0.009547316342364498,-0.015610601472821228,0.09387756002358105,0.05963754343303007,-0.15234578251217634,0.87109375,0.5224171539961013,0.1364522417153996,0.43257340399610134,,,False,,False,,,,-0.012341360891448439,False,354.5716561375217,False,False,1.163178447478737,0.6188927717585451,-0.002925815125702891,False,0.5363910377029758
MMM,262,0.493284371954191,3M,Industrials,SP500,168.59100341796875,-0.009686337065241246,-0.06338331434461808,-0.0668006342740064,0.1165778375552553,0.05789518232083979,0.234375,0.6744639376218323,0.5341130604288499,-0.23764543737816768,,,False,,False,,,,-0.034367852046118474,False,560.7094971716745,False,False,0.44011843354780306,0.7440487554710752,0.004464253303060772,False,0.5091880937348946
RF,263,0.49315568652534114,Regions Financial Corporation,Financials,SP500,29.93000030517578,0.02185043938694986,-0.015193824993148364,-0.05372301295696469,0.10341426170495871,0.09674529873144122,0.294921875,0.6471734892787524,0.6062378167641326,-0.0852483857212476,,,False,,False,,,,-0.0032346947440229368,False,273.29935014272104,False,False,0.8266974742187387,0.8133126740137934,0.007511072259402507,False,0.6505499495153406
BXP,264,0.49296684636939564,"BXP, Inc.",Real Estate,SP500,67.08499908447266,0.0003728232446931212,-0.045732629128310776,-0.050728727569827825,0.11317797562341947,0.2193193763488679,0.31640625,0.6686159844054581,0.8187134502923976,-0.1634152655945419,,,False,,False,,,,-0.018496086596141992,False,92.11004973210393,False,False,1.0637731710053735,0.8041160433935646,0.0010438368233320894,False,0.5969627888371006
LDOS,265,0.49176832054093567,Leidos,Industrials,SP500,133.80999755859375,-0.0385830967077061,-0.026340648403639477,0.024578800191891625,0.07987670052739193,-0.23816859294083548,0.681640625,0.5789473684210527,0.05458089668615984,0.49105674342105265,,,False,,False,,,,-0.03154100789317005,False,181.6465230507389,False,False,1.0056435486226805,0.7026008239323389,-0.006753752206374086,False,0.48511077132676306
PTC,266,0.49083782590155944,PTC Inc.,Information Technology,SP500,149.1300048828125,-0.024082146028241325,-0.0163577317957595,0.052583375156432854,0.06734900930358023,-0.08492358246440534,0.779296875,0.5477582846003899,0.2300194931773879,0.1649457846003899,,,False,,False,,,,-0.02181149890861489,False,197.4867392074641,False,False,0.9392360237286465,0.6973277571993963,-0.007787464566576863,False,0.7102884834555973
LYV,267,0.4893331962719299,Live Nation Entertainment,Communication Services,SP500,179.52000427246094,0.013092592348612708,-0.01708275913060664,-0.022754451525434538,0.09296806254161916,0.13161879074096205,0.484375,0.6120857699805068,0.682261208576998,-0.11642985501949321,,,False,,False,,,,-0.007988410933369328,False,375.99700114896007,False,False,0.9843953228499432,0.8233714003215101,0.0013544328289925023,False,0.6934995014955134
KMI,268,0.48924144127680314,Kinder Morgan,Energy,SP500,31.985000610351562,-0.0035824881381923968,-0.0010930620522093815,0.019279842758612054,0.029134910255599777,-0.03943255937361023,0.666015625,0.4405458089668616,0.31968810916179335,0.19640518396686157,,,False,,False,,,,0.004206560764179912,False,328.2861526174047,False,False,1.193221833341561,0.9711867066393988,-0.0018690829110823426,False,0.5407465915311619
FITB,269,0.4843631974902534,Fifth Third Bancorp,Financials,SP500,54.39500045776367,0.026127186947445535,-0.012794882683863196,-0.05842132548479906,0.10690878949041904,0.11578064964522206,0.271484375,0.6588693957115009,0.6510721247563352,-0.11261497928849906,,,False,,False,,,,-0.0035904457353850283,False,335.98347476765224,False,False,0.8252700256678478,0.7269870162136449,0.007545775109304653,False,0.570870514204381
CSX,270,0.483414427997076,CSX Corporation,Industrials,SP500,48.650001525878906,-0.001026678362982647,-0.060084947768641594,-0.04663917911719695,0.04758834979592108,0.1406998432145552,0.33984375,0.4775828460038986,0.6998050682261209,-0.1962452789961014,,,False,,False,,,,-0.030839716349100876,False,595.4813082263889,False,False,0.6896936805369243,0.9393327658740572,0.002669426408185238,False,0.8025637005116109
EBAY,271,0.48304816946881096,eBay Inc.,Consumer Discretionary,SP500,106.69999694824219,0.016384011586097813,0.027105668844178865,-0.023588984988256456,-0.01650053938039464,0.18290562404877453,0.4765625,0.31968810916179335,0.7758284600389863,-0.016249390838206645,,,False,,False,,,,0.01930266981699824,False,423.7941674466861,False,False,1.0091145328722386,1.1814253283084626,-0.003238749822946141,False,1.0685911955956986
WM,272,0.4826537372076023,Waste Management,Industrials,SP500,219.01499938964844,-0.0034354318975963194,-0.01005697906468539,-0.027680357870595196,0.00900971388666405,-0.09473772441690342,0.451171875,0.391812865497076,0.21442495126705652,0.089078490497076,,,False,,False,,,,-0.008773746596527632,False,468.1194804810034,False,False,0.603241877538152,1.087733610841567,-0.0031851341613223783,False,0.8200886194353022
KIM,273,0.48211957846003906,Kimco Realty,Real Estate,SP500,24.084999084472656,-0.0014511506443983802,0.002288738920332767,-0.03698525133722219,0.02434435752496844,0.04503191998238898,0.396484375,0.4249512670565302,0.5048732943469786,-0.08872060794346981,,,False,,False,,,,0.0014676249738958536,False,107.68075128099714,False,False,0.6578563466233328,1.5049375907901539,0.004560476748574738,False,0.7910812953255859
WRB,274,0.4818808631822612,W. R. Berkley Corporation,Financials,SP500,68.12999725341797,0.006054282713000125,-0.00786370947904802,-0.045664689229611755,0.05290751384088255,-0.02337924614390574,0.341796875,0.5029239766081871,0.36062378167641324,-0.026372898391812893,,,False,,False,,,,-0.0052372052293079285,False,130.6345815236189,False,False,0.5463941301613474,0.9006749339105351,0.006497377930816395,False,0.6358008199540346
MU,275,0.4807539138645225,Micron Technology,Information Technology,SP500,956.0800170898438,0.024254386558560492,0.01884057141496842,0.07103412839419909,-0.11425186630397799,1.386977208278282,0.822265625,0.15009746588693956,0.9902534113060428,-0.8323244091130604,-0.21204799216897863,7.066159914567088,False,0.02526654145751861,True,0.012794141224910627,0.5963711606879745,-0.012632518992889308,0.01410931370257651,False,39269.35719981469,True,True,0.44402480586640813,0.593924736645909,-0.00280145507749352,False,0.48816095693538847
GEV,276,0.48062560916179337,GE Vernova,Industrials,SP500,921.75,0.025842175493339115,-0.0328825462153548,-0.09501931854054957,-0.03871229048625768,0.09688761688968262,0.15625,0.26120857699805067,0.6081871345029239,0.08152107699805067,,,False,,False,,,,-0.016256467333210955,False,2634.562008632992,False,False,0.6477587802606107,0.9432698604244151,0.0,False,0.8540229180239911
PEP,277,0.478445952119883,PepsiCo,Consumer Staples,SP500,140.52000427246094,0.005222197735097467,-0.011744835363045159,0.010208469494160655,-0.003799338420536591,-0.12599399222354446,0.642578125,0.35477582846003897,0.16374269005847952,0.23368207846003897,,,False,,False,,,,-0.002344551428914876,False,1119.6002996088632,False,False,0.6793652901042352,0.7579613391278114,0.0010731036732105625,False,0.7424505676291632
KEY,278,0.4770083302875243,KeyCorp,Financials,SP500,21.799999237060547,0.02781707581589732,-0.003676627304429969,-0.04723885462376598,0.05406055951315114,0.07323990242179246,0.3359375,0.50682261208577,0.5653021442495126,0.004869487085769952,,,False,,False,,,,0.003587161463950439,False,229.75305232164857,False,False,0.9635535955192931,0.9314270988440846,0.006129234970613684,False,0.8556168740969001
D,279,0.4753837719298245,Dominion Energy,Utilities,SP500,66.11000061035156,-0.004067439804729789,-0.01195640424409139,-0.04492921923586135,0.009929751527190112,0.06715637900069571,0.349609375,0.39571150097465885,0.5536062378167641,-0.19217912402534115,,,False,,False,,,,-0.008509577472629926,False,291.10249814110114,False,False,0.5138854199106997,1.1744156287067562,-0.0012050949829774948,False,1.2089902379882214
FCX,280,0.47122624269005847,Freeport-McMoRan,Materials,SP500,73.94000244140625,0.020284272056603436,-0.06405060200751578,0.09866269076602974,0.04925639097117562,0.1266901286627593,0.875,0.4873294346978557,0.6705653021442495,-0.3368893153021443,,,False,,False,,,,-0.008799389001965419,False,972.2122984280608,False,False,0.9064637460176057,0.8716701346193106,0.007865319238622881,False,0.6401488651307842
SYY,281,0.47018267239278755,Sysco,Consumer Staples,SP500,81.7699966430664,-0.004140835035413404,-0.01801369113090867,-0.01232038001185276,0.09399227634965346,-0.053605985993969374,0.5390625,0.6159844054580896,0.2807017543859649,-0.07542184454191037,,,False,,False,,,,-0.007727810361322529,False,267.1393092734216,False,False,0.6156457410736247,0.6751393465591938,0.004749718508701095,False,0.6989004986220793
KR,282,0.46773498416179343,Kroger,Consumer Staples,SP500,58.22999954223633,0.005005193690040155,-0.00478548602510942,0.014527318968293734,-0.04247038975466533,-0.13313134890284195,0.654296875,0.24951267056530213,0.15204678362573099,0.18115329556530213,,,False,,False,,,,0.008763284491422496,False,395.4837819515505,False,False,0.5996565989408975,0.8747512260481528,0.0010355777478971984,False,0.5195304931815998
NVR,283,0.4627177753411306,"NVR, Inc.",Consumer Discretionary,SP500,6325.52978515625,0.007920871269386343,-0.00668805412704121,0.009282980301636101,0.03368292427591757,-0.12766594429410638,0.6328125,0.44639376218323584,0.15984405458089668,0.0010812621832358427,,,False,,False,,,,-0.0014934391817449377,False,204.69885980922155,False,False,0.6982042552187507,1.2179697077359861,0.006587240103948622,False,0.9753770618060459
RTX,284,0.46215925012183234,RTX Corporation,Industrials,SP500,200.75999450683594,-0.021446720007473163,-0.0529742473481386,-0.0757265275969633,0.16735384084673344,-0.03138617788737608,0.20703125,0.7699805068226121,0.3391812865497076,-0.1265038681773879,,,False,,False,,,,-0.03895157081992817,False,979.1615223686987,False,False,0.718245908142428,0.7560369177960707,0.008383706326774654,False,0.716933868132711
MS,285,0.46106961196393764,Morgan Stanley,Financials,SP500,211.80499267578125,0.00362490245444258,-0.010626911135159678,-0.02411998144254479,0.013471628186800366,0.2776909160831347,0.466796875,0.39766081871345027,0.8732943469785575,-0.31522980628654973,,,False,,False,,,,-0.007166484260028416,False,1103.783777387815,False,False,0.7419821974555767,0.6978803396994702,0.004406785273677327,False,0.5118100524738838
BRK-B,286,0.4606005573830409,Berkshire Hathaway,Financials,SP500,505.0899963378906,0.005494415701635447,0.00035648466949700364,-0.023452254460987865,0.06251972469018918,0.0361245280928173,0.478515625,0.5341130604288499,0.49317738791423,-0.03424631457115013,,,False,,False,,,,0.0025987997780050343,False,2182.1274641418254,False,False,1.1379681778893522,1.085371319867722,0.002249527030076859,False,0.5887732006761489
SHW,287,0.45918882492690055,Sherwin-Williams,Materials,SP500,331.2300109863281,0.003879371819794697,-0.04999137409713583,-0.08179438208064493,0.11975316156641203,-0.042608199767394384,0.19140625,0.6900584795321637,0.3157894736842105,-0.054082145467836296,,,False,,False,,,,-0.028269653309568654,False,719.3314055870305,False,False,0.656475162500362,0.708819858738038,0.012183630443842741,False,0.5098206870157788
TSN,288,0.4588945236354776,Tyson Foods,Consumer Staples,SP500,55.81999969482422,0.013803093036279357,-0.0036938462449777054,-0.04083917079517407,-0.01311769261445328,-0.09701245192753005,0.3671875,0.32943469785575047,0.21052631578947367,0.25912219785575047,,,False,,False,,,,-0.0017051583872930154,False,171.86582219460047,False,False,0.7187110901698492,0.8141571930602498,0.001816172750217282,False,0.7119503295724325
GOOGL,289,0.4586143092105263,Alphabet Inc. (Class A),Communication Services,SP500,337.1199951171875,0.006268300914516356,-0.014269020125182719,-0.10732159257072926,-0.06035999912217738,0.11357763043984037,0.12109375,0.2124756335282651,0.6471734892787524,-0.0746337414717349,-0.16218432259195303,0.4657145076738147,False,-0.023311945790710942,False,-0.033293905608369645,0.006004564507199994,0.03444056658122374,-0.011476133855966353,False,10366.034621871138,False,True,0.5326884170852657,0.8400878466236504,-0.0028654751553912616,False,0.654240343686309
PODD,290,0.45808319627192984,Insulet Corporation,Health Care,SP500,148.13999938964844,-0.0016175056292363488,0.033198454071238004,-0.11197702382463792,0.03377527030576877,-0.39009428234219057,0.109375,0.4502923976608187,0.005847953216374269,0.2139642726608187,,,False,,False,,,,0.00901733708413932,False,251.9119897601203,False,False,0.624868354375546,1.5498362241406771,-0.002561024870653017,False,0.5980125815783341
ORLY,291,0.4577020894249512,O'Reilly Automotive,Consumer Discretionary,SP500,86.97000122070312,-0.011142646521247523,-0.02881073973345938,-0.05292388667586878,-0.0046921039780509766,-0.07743710281441063,0.302734375,0.3508771929824561,0.24561403508771928,0.09501781798245612,,,False,,False,,,,-0.020519271707515774,False,640.754016244039,False,False,0.5070658868534025,0.8027798468358732,-0.0006821780633949892,False,1.0249668861099879
GM,292,0.4561137000487329,General Motors,Consumer Discretionary,SP500,84.875,-0.00881697159447048,-0.016853953436744784,-0.03889704057929144,0.04111359216577348,0.0847376184134998,0.38671875,0.4619883040935672,0.5886939571150097,-0.2860585709064328,,,False,,False,,,,-0.01199605934707948,False,538.899053569174,False,False,0.6645571490012301,0.9927298419583649,0.00011680645277700741,False,0.7139972557588189
QCOM,293,0.45528752436647174,Qualcomm,Information Technology,SP500,169.9600067138672,0.020106872884240845,0.03811388618762712,0.04481470847101532,-0.31767630489938903,0.23061427417670854,0.740234375,0.025341130604288498,0.8421052631578947,-0.2012213693957115,,,False,,False,,,,0.025609472577496017,False,2356.2592393264254,False,False,0.3986312734225531,0.7894282057527308,-0.003421207143212368,False,0.4392251289218305
ES,294,0.45507545991715403,Eversource Energy,Utilities,SP500,70.4800033569336,-0.00028364032718308785,-0.01660380692638752,-0.03053636429846196,0.03373427752219027,-0.04314050728715546,0.431640625,0.44834307992202727,0.30994152046783624,-0.0028287950779727344,,,False,,False,,,,-0.005786889004843032,False,160.63539723790538,False,False,0.6907493827095093,0.8775009137868371,-0.0009929034726839925,False,0.5980580884407305
FTNT,295,0.45485197368421054,Fortinet,Information Technology,SP500,154.5399932861328,-0.04516535398032351,-0.01904278359686884,-0.08170420434102543,0.055024561671791705,0.866650459924668,0.193359375,0.5107212475633528,0.9746588693957114,-0.4834193774366472,,,False,,False,,,,-0.036458537467877083,False,822.7704593012604,False,False,1.3770931119402918,1.1580096702680898,0.002100687828662684,False,0.977209255479683
VRSN,296,0.4546437164961014,Verisign,Information Technology,SP500,289.9599914550781,0.00551373709058911,-0.010341646063993681,-0.028037571518154114,-0.021101408745563655,0.2208884102573856,0.44921875,0.3060428849902534,0.8245614035087719,-0.2388789900097466,,,False,,False,,,,0.005177831410789757,False,215.64212927795597,False,False,0.753976644258486,0.9190885424011801,0.0,False,0.9556463751030865
ATO,297,0.45448571515594544,Atmos Energy,Utilities,SP500,167.6699981689453,-0.00017888360073214926,-0.010563014717356323,-0.022988846068489832,0.0022636718969120118,-0.09174383131879227,0.482421875,0.3664717348927875,0.2202729044834308,0.2258467348927875,,,False,,False,,,,-0.0006511866889857831,False,185.1034361766186,False,False,0.8221112112330772,0.7858270345375307,-0.00023848113810731597,False,0.5703564947289156
GOOG,298,0.4540969937865497,Alphabet Inc. (Class C),Communication Services,SP500,333.7799987792969,0.005270608096960672,-0.015688608753945954,-0.11074998440989603,-0.061007414891183886,0.10138791978992345,0.111328125,0.21052631578947367,0.6179337231968811,-0.08244243421052633,-0.16303909479412038,0.4484340573206169,False,-0.025744316133389678,False,-0.03750717684975191,-0.0006234682242882705,0.03896878599779119,-0.011989808852369221,False,6933.158555050784,False,False,0.4808682730548713,0.8695672636188374,-0.004171339248613015,False,0.5890643273295124
NFLX,299,0.45371588693957116,Netflix,Communication Services,SP500,82.7300033569336,0.023759508183968103,0.015590526475994348,0.1245073222795432,0.01484306628673182,-0.16146360950616645,0.91796875,0.40350877192982454,0.12475633528265107,0.36835252192982454,-0.34510187725688457,0.22381664533031942,False,0.05180188702424049,True,0.10194126826478533,-0.05111381606380283,-0.09251061848814413,0.023354333507730862,False,2956.2032168966234,True,False,0.9963895017304124,0.6489402741561587,-0.003341129207071636,False,0.5261465459873372
SNDK,300,0.45336066946881093,Sandisk,Information Technology,SP500,1553.4000244140625,0.010755645792677848,0.03603515441340566,0.08810469853817793,-0.1518427385126604,1.593062515849467,0.86328125,0.10136452241715399,0.9941520467836257,-0.549026102582846,-0.3347323235914079,28.30390631201087,False,0.04354382378699251,True,-0.010157114404464873,0.5689437092550793,0.01026134000887824,0.015903066127248344,False,22573.441251044715,False,True,0.6431599294659225,0.8211461348499673,-0.003416033897909343,False,0.5540575744940744
AEE,301,0.453106344420078,Ameren,Utilities,SP500,105.9000015258789,-0.001790883387408182,-0.017169359388594874,-0.032346498872043106,0.003920493950703818,-0.05258177060172775,0.419921875,0.3723196881091618,0.28654970760233917,0.10474156310916177,,,False,,False,,,,-0.008655611136703878,False,177.68137144851295,False,False,0.6576171815531094,0.7039309501923762,-0.0003769750920288306,False,0.5609619860649523
PH,302,0.45034874512670564,Parker Hannifin,Industrials,SP500,949.3400268554688,-0.0028883823193512903,-0.08672518660673201,-0.04363068200613662,0.11587288537104778,-0.036752917008025965,0.353515625,0.6705653021442495,0.3255360623781676,-0.013028447855750525,,,False,,False,,,,-0.04142280796532771,False,618.1083278454116,False,False,1.543175703600099,1.038112855224118,0.0050099868306023865,False,0.6445606061594037
CHD,303,0.45020292702241715,Church & Dwight,Consumer Staples,SP500,99.29000091552734,-0.0014080196039298887,-0.034707366066892176,-0.033080062552677036,0.07215800016246132,-0.024905844553339884,0.4140625,0.5672514619883041,0.3567251461988304,-0.026498538011695882,,,False,,False,,,,-0.010644602946382586,False,178.04299899766167,False,False,0.8848687176450563,0.9480390221406424,-0.0005028970291093282,False,0.487983249396994
L,304,0.4497430098684211,Loews Corporation,Financials,SP500,108.93000030517578,0.002023744113291537,-0.01829487018787246,-0.0602599252363637,0.04337600009236997,-0.02184913523673604,0.259765625,0.4678362573099415,0.3664717348927875,-0.0966168676900585,,,False,,False,,,,-0.008785519959347843,False,85.0123146545692,False,False,0.628469737204076,1.116861959547212,0.006807081869208087,False,0.5120917233792427
YUM,305,0.4486929672270955,Yum! Brands,Consumer Discretionary,SP500,151.3300018310547,-0.004604334367313778,-0.019946906016494625,0.024715664519883385,0.019469141350824337,-0.0435213121482968,0.68359375,0.41130604288499023,0.3079922027290448,0.20036854288499023,,,False,,False,,,,-0.005242430091714434,False,394.9749607076908,False,False,1.305750883952073,0.6441850432458944,-0.0003289025334427542,False,0.42962528993323607
SW,306,0.44680951510721245,Smurfit Westrock,Materials,SP500,45.36000061035156,-0.001540825321461492,-0.08474577575784581,-0.056602866436517574,0.08674332121154515,0.024485870302144885,0.279296875,0.5964912280701754,0.47173489278752434,-0.3195243969298246,,,False,,False,,,,-0.04074481085993997,False,246.4019769476231,False,False,0.7171716953324723,1.074621503517075,0.001100577519803636,False,0.502080725681729
CASY,307,0.44592318469785575,Casey's,Consumer Staples,SP500,753.5900268554688,-0.01736833103688462,-0.066322193212357,-0.1141113363195353,-0.025878542701773033,0.1035084073701178,0.107421875,0.29434697855750486,0.6198830409356725,-0.020106146442495143,,,False,,False,,,,-0.04361122291615249,False,324.5757720505209,False,False,0.7127186307484015,1.0593968471276676,-0.004237785546945205,False,0.9300069863611845
CVS,308,0.4457290143762183,CVS Health,Health Care,SP500,97.22000122070312,-0.003893414542611162,0.030746411527374562,-0.06895227997028908,0.07061270695682076,0.224779475547076,0.2265625,0.5633528265107213,0.8304093567251462,-0.34094404848927873,,,False,,False,,,,0.020752498635176364,False,773.9613371765355,False,False,1.0626225081981053,0.9053851851255436,0.002254110903100681,False,0.5374663056227161
ASML,309,0.445044849537037,ASML Holding,Information Technology,NDX,1682.300048828125,0.010305460218797524,-0.03628466653422169,-0.01728496899164944,-0.024261555129207024,0.20636788901844216,0.51953125,0.2962962962962963,0.8031189083820662,-0.5552662037037037,,,False,,False,,,,-0.02056910854641769,False,2963.4946162841397,False,False,0.5244682236119292,0.6065883203483222,0.0037173699219263945,False,0.4935389438434409
ALNY,310,0.4438474658869396,Alnylam Pharmaceuticals,Health Care,NDX,267.3999938964844,0.08650600639280692,0.11882842634512292,0.22100453834011136,-0.08606191069587033,-0.1830125149114692,0.9765625,0.1695906432748538,0.09161793372319688,0.1578718932748538,,,False,,False,,,,0.09505750763590237,False,485.59410344794134,False,False,0.7730951948032683,1.0538639143759245,0.0015033729481528368,False,1.7256801562699975
TAP,311,0.44325124878167643,Molson Coors Beverage Company,Consumer Staples,SP500,40.52000045776367,0.019114742663831175,-0.02607964617105396,-0.030685583890549872,0.061426926638150414,-0.11451052084453528,0.4296875,0.5321637426900585,0.18323586744639375,0.0985699926900585,,,False,,False,,,,-0.007750797011389476,False,119.59290941588732,False,False,1.0238479773546993,0.9869682042108224,0.006539289416661154,False,0.7035925795682816
SPG,312,0.4427780062134503,Simon Property Group,Real Estate,SP500,210.16000366210938,-0.008070946780983856,-0.03201140863481178,-0.06967680681561961,0.0438006798285302,0.058186218178937654,0.220703125,0.4697855750487329,0.5360623781676414,-0.17083942495126708,,,False,,False,,,,-0.022546024598661507,False,370.65540284854995,False,False,0.6229538969217875,0.834313746553016,0.0038230876351592613,False,0.3605481608323242
FIS,313,0.4422529848927875,Fidelity National Information Services,Financials,SP500,41.880001068115234,0.02571636517199294,0.030511852782720394,-0.05377309859182855,0.03666800846475349,-0.1469166910075267,0.29296875,0.4522417153996101,0.14035087719298245,0.2764604653996101,,,False,,False,,,,0.017473777258985468,False,248.5176880913714,False,False,0.8982927243121905,0.8608628399787733,0.0056331014431010296,False,0.7213186370211119
HII,314,0.44108453642787526,Huntington Ingalls Industries,Industrials,SP500,288.6499938964844,-0.012892481219250351,-0.021605403755941444,-0.10234585347289382,0.008541885832234808,-0.33357286752798454,0.130859375,0.3898635477582846,0.023391812865497075,0.2902541727582846,,,False,,False,,,,-0.023453200935250718,False,143.90267872405633,False,False,0.5195414465883917,0.7405610187220618,-0.0006156322587128615,False,0.5760867583155236
NUE,315,0.4393293890107212,Nucor,Materials,SP500,263.989990234375,0.04791200441870114,0.044264189270307064,-0.03667354399786271,0.026804455092089174,0.5081554959374199,0.400390625,0.4327485380116959,0.9512670565302144,-0.3973295869883041,,,False,,False,,,,0.03765504650234064,False,365.31171294034374,False,False,1.0264704580856943,0.7651074405548167,0.008693245702302566,False,0.6280265183097146
PPL,316,0.4387476394980507,PPL Corporation,Utilities,SP500,34.56999969482422,0.0029010290275544026,-0.012849821732075162,-0.01733941458385424,-0.004917043826694334,-0.09020489649762253,0.517578125,0.3489278752436647,0.2222222222222222,0.1907247502436647,,,False,,False,,,,-0.0037505870231357985,False,299.5391256695438,False,False,0.9720974227215199,0.9033495755974739,-0.0017406838168307903,False,0.44390726818355164
AZO,317,0.4387324104532163,AutoZone,Consumer Discretionary,SP500,2934.75,-0.010479385975021516,-0.021423807935978645,-0.030805516588134685,-0.04144820812027061,-0.21045197740112997,0.427734375,0.253411306042885,0.07407407407407407,0.17528630604288498,,,False,,False,,,,-0.015051791491270894,False,828.8829501583426,False,False,0.6258478120093007,1.0977316515998194,0.00019887981929600507,False,1.0097437289607993
LIN,318,0.4368912189327485,Linde plc,Materials,SP500,487.45001220703125,0.0014175413500761014,-0.005873543213963606,0.005798112978005143,-0.03660299695541991,-0.017139912676567337,0.61328125,0.2709551656920078,0.37816764132553604,-0.012247959307992218,,,False,,False,,,,0.000917091644149437,False,1071.529774492322,False,False,0.6485954747367689,0.7922426209842812,0.0,False,0.510328339642999
GWW,319,0.43486613669590646,W. W. Grainger,Industrials,SP500,1284.8800048828125,-0.018583693052003136,-0.037824163137031186,-0.0100432427978987,0.002467850654653825,0.12323710808839494,0.556640625,0.3684210526315789,0.6647173489278753,-0.2936883223684211,,,False,,False,,,,-0.01777024362192159,False,387.43305897886194,False,False,0.7524019862446534,0.8398463620265564,-0.0021615754074014726,False,0.6263397926050068
EVRG,320,0.4345398544103314,Evergy,Utilities,SP500,80.7699966430664,-0.009200196649711057,-0.017755158145011607,-0.028573292595878597,0.004618421532098571,-0.01779935605354943,0.447265625,0.3762183235867446,0.3762183235867446,-0.01831292641325538,,,False,,False,,,,-0.009589132953414459,False,172.86470305396642,False,False,0.849266604896491,1.32331036246713,-0.001962659952200241,False,1.1275163786253477
XEL,321,0.4312058357699805,Xcel Energy,Utilities,SP500,75.51000213623047,-0.00500721118031533,-0.027935094753092193,-0.0288102619134345,-0.016933803959024774,-0.07704913385409706,0.4453125,0.31773879142300193,0.24951267056530213,0.09703566642300193,,,False,,False,,,,-0.015273953746091973,False,398.4750336142522,False,False,0.8461897671014204,1.1580324934169555,0.004743716079152582,False,0.9392237982998783
AON,322,0.43116928606237814,Aon plc,Financials,SP500,331.0199890136719,0.014465220341037366,-0.06486248166578834,-0.07186318609681919,0.05125013314032545,-0.025002042694609483,0.212890625,0.49707602339181284,0.35282651072124754,-0.14940835160818716,,,False,,False,,,,-0.025321930193778708,False,463.62710922008966,False,False,0.671206232165677,1.3382489187211546,0.004290605168366657,False,1.1538848448244807
INVH,323,0.43064426474171535,Invitation Homes,Real Estate,SP500,28.84000015258789,-0.009955338706953754,-0.0351287808130295,-0.05349521488345421,0.005344651711340465,0.09915521039850206,0.298828125,0.3820662768031189,0.6159844054580896,-0.12183997319688111,,,False,,False,,,,-0.021225310010298926,False,124.92238166016746,False,False,0.872581824924439,1.1182016059898057,0.0030896036793954806,False,0.48623572941696697
COO,324,0.43021290204678364,Cooper Companies (The),Health Care,SP500,69.7300033569336,0.006495447251237518,-0.040588840614411925,-0.06640780455675765,0.15561821645012008,-0.14942668331769393,0.236328125,0.746588693957115,0.13840155945419103,-0.07958318104288498,,,False,,False,,,,-0.028884511309913097,False,153.49384135911265,False,False,0.7451667242015394,0.7779238350575894,0.0,False,0.7261991696822697
OTIS,325,0.4300625152290448,Otis Worldwide,Industrials,SP500,70.84500122070312,0.003470293935938784,-0.020936973146345017,-0.03212355152794111,0.019370999366693953,-0.21331574113029173,0.421875,0.4093567251461988,0.07017543859649122,0.1593567251461988,,,False,,False,,,,-0.006770959858510062,False,253.728519205004,False,False,0.8657818956485575,1.1225859503074185,0.0021246675512873736,False,0.8616120104665115
PCAR,326,0.4288323891325536,Paccar,Industrials,SP500,122.12999725341797,-0.0026133091286191235,-0.05494079322799261,-0.09934262762604618,0.07058387794406307,-0.016700731573408012,0.1484375,0.5614035087719298,0.38011695906432746,-0.2276589912280702,,,False,,False,,,,-0.02986619962949799,False,415.10516967018845,False,False,0.5352464599385856,0.8140604516435666,0.0012250022835222918,False,0.96670558513798
SO,327,0.42847983674463935,Southern Company,Utilities,SP500,88.31999969482422,0.002611004273985529,-0.016042807566122086,-0.045047889166190846,-0.01592127219883077,-0.08033803594777911,0.34765625,0.3216374269005848,0.24171539961013644,0.05796555190058478,,,False,,False,,,,-0.010119892334572445,False,498.996293415703,False,False,0.7363390517647609,1.055593088796705,-0.001135185359044888,False,0.8131777581763884
PLD,328,0.4283922697368421,Prologis,Real Estate,SP500,136.58999633789062,-0.02212196806927802,-0.0420786882256593,-0.017691525781207695,-0.02988778898203348,-0.005249034954338927,0.515625,0.2884990253411306,0.40350877192982454,-0.06501659965886941,,,False,,False,,,,-0.025882151086136673,False,620.1253049514527,False,False,0.5342585199511742,0.715476511882368,-0.007946630940473653,False,0.6420565546809799
FE,329,0.427547057748538,FirstEnergy,Utilities,SP500,46.29499816894531,0.0029245736997283167,-0.009308824685475225,-0.03160825826660918,0.02665679710003932,-0.07015426484762766,0.42578125,0.43079922027290446,0.25925925925925924,0.01087734527290446,,,False,,False,,,,-0.002519655456171055,False,198.92656554832925,False,False,0.8389070406399085,0.9920613477321061,-0.0004332854815811693,False,0.6124714452769129
ESS,330,0.42711493360136454,Essex Property Trust,Real Estate,SP500,277.2900085449219,-0.006129001631104414,-0.037755506735057676,-0.0345391288788357,0.0070135552029733095,0.10421707223438625,0.408203125,0.3840155945419103,0.621832358674464,-0.1648125304580897,,,False,,False,,,,-0.020872478548266793,False,133.91490751652992,False,False,0.9695078957730067,1.3613892089425288,0.004265241725470492,False,1.2897324560816985
EQIX,331,0.4266512091861599,Equinix,Real Estate,SP500,1019.239990234375,-0.008125785443293787,-0.05591833711831473,-0.026076349112831188,-0.04910858064865864,0.06205647552412685,0.45703125,0.23196881091617932,0.5399610136452242,-0.014124939083820676,,,False,,False,,,,-0.029739804114063517,False,625.3083192204192,False,False,0.849666025231419,1.037946627010011,-0.008914035217557736,False,1.2296272811734945
MSTR,332,0.425666270711501,Strategy (MicroStrategy),Information Technology,NDX,123.19000244140625,-0.013532950425857448,0.0,0.2615463442543706,-0.026550774629198193,-0.15876809350165655,0.98828125,0.29239766081871343,0.1267056530214425,0.29044453581871343,-0.6575106296943185,0.4966590462320375,False,0.10996484149401842,True,0.21562763650737993,-0.1177014945952296,-0.17737967617032768,-0.0005454712282936258,True,2405.9663223763428,True,False,1.1408726860949507,1.1674190208019157,-0.012251752185676756,False,0.6020663767944431
BSX,333,0.4250597740009746,Boston Scientific,Health Care,SP500,48.380001068115234,0.00623958455980711,0.004359620243982176,-0.014463212105637502,0.014468493631279111,-0.33000967066182385,0.52734375,0.3996101364522417,0.025341130604288498,0.3273445114522417,,,False,,False,,,,-0.0061298316034713585,False,936.3456024857921,False,False,0.9228851768853795,0.7616833752431026,-0.0035358148329515116,False,0.693461075707114
COST,334,0.4247018914473684,Costco,Consumer Staples,SP500,928.47998046875,-0.01221332954120069,-0.028908520676894534,-0.02043571832685176,-0.033138743510070956,-0.07492941055134694,0.501953125,0.2787524366471735,0.253411306042885,0.12250243664717347,,,False,,False,,,,-0.01632812076409007,False,2070.49410270172,False,False,0.8659219599892045,0.9365307104313279,-0.0015639300650214238,False,0.9459147157020371
GS,335,0.42374588815789477,Goldman Sachs,Financials,SP500,1004.7166748046875,0.002151170255491497,-0.029623998471098534,-0.0411618352391917,-0.030145978210969204,0.16931337651737888,0.365234375,0.28654970760233917,0.7504873294346979,-0.46540341739766083,,,False,,False,,,,-0.01605902568024653,False,2060.4595690775423,False,False,0.6189025392368703,0.806793306190972,0.007161658846618346,False,0.7365235365467291
F,336,0.4212426139132553,Ford Motor Company,Consumer Discretionary,SP500,14.149999618530273,0.022398805095707797,0.017985612004385976,0.00444165714002942,-0.08954494950520753,0.13064342510199323,0.607421875,0.16569200779727095,0.6783625730994152,-0.721026742202729,-0.17985961376206994,0.29796005418114,False,0.011391664016430214,True,0.01126922103143091,0.07079326834717903,-0.011143640879267447,0.01108670955779334,False,682.1539933695097,True,True,0.640277605836374,0.909113817410932,0.0028901706222559387,False,1.0590184008442525
FAST,337,0.4211249695419103,Fastenal,Industrials,SP500,47.93000030517578,-0.01682050656049683,-0.06295212364898939,-0.03580766067350161,0.03730130116709329,0.043502403502768905,0.404296875,0.45419103313840153,0.5009746588693957,-0.14737146686159847,,,False,,False,,,,-0.03712315528155763,False,383.22255341756704,False,False,0.803507646713723,0.806455085781787,-0.0018461569761618613,False,0.9032062396358875
AEP,338,0.42031250000000003,American Electric Power,Utilities,SP500,123.56999969482422,0.004960967915529135,0.0017023272003375833,-0.02991205426839927,-0.01424438811192108,-0.06070222635239997,0.435546875,0.32748538011695905,0.2709551656920078,0.12240725511695905,,,False,,False,,,,0.0019437040419383322,False,546.0621133424365,False,False,0.8337671198548411,0.7525758377012133,-0.0017078650458380862,False,0.6422853115829199
PKG,339,0.42013546235380117,Packaging Corporation of America,Materials,SP500,233.5850067138672,0.019487655777907786,-0.05308491304815788,-0.08570138319957599,0.047864692473591486,0.017035422908854958,0.177734375,0.47953216374269003,0.4502923976608187,-0.29390533625730997,,,False,,False,,,,-0.027985671276731128,False,149.08539607488797,False,False,0.5634914287356632,0.9135255554350711,0.0021386413390653836,False,0.792297248982024
DAL,340,0.41849110623781677,Delta Air Lines,Industrials,SP500,78.1500015258789,0.0231736624261496,-0.05934039716562678,-0.15759400286967884,-0.005547541318464799,0.2306252201186345,0.056640625,0.3469785575048733,0.8440545808966862,-0.6002870674951267,,,False,,False,,,,-0.030001219583739358,False,538.2855813336165,False,False,0.6647123981771019,0.8760670655495119,0.014663560969582434,False,0.6785688315064168
DUK,341,0.41822802448830404,Duke Energy,Utilities,SP500,120.5999984741211,0.0017443233286593696,-0.010583320387126838,-0.020999909886782464,0.005125047665804683,-0.06952041985557367,0.498046875,0.38011695906432746,0.26120857699805067,0.10277320906432746,,,False,,False,,,,-0.004284012691610606,False,507.5016576110922,False,False,0.9792383103549278,0.804086799165657,-0.0014120622128679372,False,0.6062107803740612
VST,342,0.4177509746588694,Vistra Corp.,Utilities,SP500,143.47000122070312,0.03903533689290706,0.024566182042378593,0.001675665016569683,-0.06585877219659031,-0.119326074100078,0.59765625,0.20077972709551656,0.17738791423001948,0.10507660209551656,-0.3388973360637727,0.06652000922412848,False,0.015361000686378024,True,-0.0459807033962778,-0.09053876668401728,0.048196827422639865,0.02590591741516768,False,641.4836898707428,False,False,0.5800277359174227,0.8663201776384658,-0.001882926588848477,False,0.9606747600555109
ITW,343,0.4155880695662768,Illinois Tool Works,Industrials,SP500,269.1000061035156,-0.002890168834981166,-0.05747610626884969,-0.08798207710254902,0.08179347534383918,-0.051287607327508034,0.173828125,0.580896686159844,0.290448343079922,-0.19644706384015598,,,False,,False,,,,-0.030841851242899843,False,362.74829499386414,False,False,0.5558977042592215,0.7725698939523556,0.002408455182763891,False,0.6619002053567528
META,344,0.41301131518031187,Meta Platforms,Communication Services,SP500,592.8499755859375,0.024734673664881024,0.029003298699356028,0.008351146586629055,-0.04748234681738661,-0.11055739753684046,0.625,0.2378167641325536,0.19103313840155944,0.021019889132553593,-0.23768911494355527,0.12873677287105112,False,0.03174592721164937,True,-0.0001744136897846582,-0.04611516982437247,0.00017444411522649084,0.02941677756839467,False,10628.315728785992,False,False,0.6533801864300128,0.8441243547455483,0.001745790790584234,False,0.8464847299908227
IEX,345,0.41169933296783634,IDEX Corporation,Industrials,SP500,224.61000061035156,0.00785246340845025,-0.04376516159057009,-0.05582411540362864,0.046461331904121383,0.08360273644263638,0.28515625,0.4756335282651072,0.5867446393762183,-0.13960084673489281,,,False,,False,,,,-0.02185386305142234,False,151.01051388153854,False,False,0.9981539306357438,0.8430290704886627,0.002153799363836084,False,0.7192162823071427
PNW,346,0.41053012305068226,Pinnacle West Capital,Utilities,SP500,97.40499877929688,-0.0026111496339359386,-0.013020606245017552,-0.03987184120871878,-0.01106069314461966,-0.03716666211660513,0.37890625,0.3391812865497076,0.3216374269005848,0.0012906615497075835,,,False,,False,,,,-0.007205882106543604,False,120.93091946203488,False,False,0.6823962070571498,0.7068306115625475,-0.007167771363788211,False,0.4100111002811043
AMT,347,0.40775082236842103,American Tower,Real Estate,SP500,172.9499969482422,-0.017441241050458633,-0.0158197168775166,-0.013124125830287103,-0.041917768641392184,-0.07575754857665473,0.537109375,0.25146198830409355,0.25146198830409355,-0.006350511695906447,,,False,,False,,,,-0.011660439391689592,False,501.4603735155493,False,False,0.6160656312036591,0.7934365237241501,-0.0006817996424474115,False,0.6343195220418556
TSLA,348,0.40463001035575047,"Tesla, Inc.",Consumer Discretionary,SP500,357.010009765625,0.002583654236838928,0.03235788041296073,0.09060639410139548,-0.15739910436636884,-0.1205350356740067,0.869140625,0.09746588693957114,0.17543859649122806,0.046684636939571145,-0.2712296762325954,0.1967350529648555,False,0.03684775382058225,True,-0.0037443343253045214,-0.10741372162104745,0.0037584070578597917,0.009616365319703668,False,13988.662773510636,False,False,0.7440475907136392,0.9938775361940853,0.012693389480626927,False,0.8343660477458972
PSA,349,0.4034935428849903,Public Storage,Real Estate,SP500,301.2950134277344,-0.005167311627554572,-0.05065060319743686,-0.07716921669958121,0.007033645257519483,-0.011490055712122027,0.201171875,0.38596491228070173,0.391812865497076,-0.22536321271929827,,,False,,False,,,,-0.03344773542467039,False,330.0439097827584,False,False,0.5643425333938572,0.9922133268702918,-0.00650455919701054,False,0.571556188213581
LNT,350,0.4032038103070176,Alliant Energy,Utilities,SP500,67.73999786376953,-0.002650181243056604,-0.017121304940885484,-0.04132473318715191,-0.03580852254673428,-0.04887861988468478,0.36328125,0.27485380116959063,0.2982456140350877,0.05219755116959063,,,False,,False,,,,-0.009386432421646829,False,175.57687909268034,False,False,0.8225206932954553,0.9220158567009148,-0.000588941646138541,False,0.9208813506841151
REG,351,0.4029449165448343,Regency Centers,Real Estate,SP500,75.80999755859375,-0.003286878885414235,-0.007462682840024715,-0.04557475428268565,0.002831100035565415,-0.029240409387810695,0.345703125,0.37037037037037035,0.341130604288499,0.00708912037037035,,,False,,False,,,,-0.0020028536843588185,False,105.13459933649429,False,False,0.920232401148481,0.9250899831829679,0.0049961201026829105,False,0.7372124164699905
SNA,352,0.3992130391081871,Snap-on,Industrials,SP500,380.57000732421875,-0.0016526885168889338,-0.04254302906993479,-0.08464112155651815,0.014683000404473123,0.005331745292247891,0.181640625,0.4015594541910331,0.4327485380116959,-0.23515929580896688,,,False,,False,,,,-0.022626067511012593,False,134.63267184890063,False,False,0.5141600077836459,0.7740797962815148,0.0025445991333712392,False,0.47861906939997506
CLX,353,0.3988985593323586,Clorox,Consumer Staples,SP500,94.28500366210938,-0.0072127782435410515,-0.09541398229421294,-0.08869340017262883,0.07744791958646924,-0.1774772392504882,0.171875,0.5769980506822612,0.10331384015594541,-0.23940819931773882,,,False,,False,,,,-0.05914319052320871,False,261.02944908774674,False,False,0.5728608310268953,1.9271268658135403,0.005686015674280398,False,0.7633288521678699
MAS,354,0.3986861141569201,Masco,Industrials,SP500,70.94000244140625,0.00982209881005347,-0.036141251193777424,-0.07562145352014993,0.02431137882867196,0.04605888868713781,0.208984375,0.42300194931773877,0.5087719298245614,-0.20981055068226123,,,False,,False,,,,-0.01797520366769234,False,182.59222365722468,False,False,0.6863535081397745,0.7680778026308027,0.00967971964663028,False,0.5813878846274335
VMRK,355,0.39836516203703703,Vivmark Residential,Real Estate,SP500,64.93000030517578,-0.005361496333729954,-0.028430367706439474,-0.04077414738785956,-0.008096991402191445,0.05764566262695259,0.37109375,0.34307992202729043,0.5321637426900585,-0.08270132797270957,,,False,,False,,,,-0.01106701950049338,False,260.8656106284402,False,False,1.308545594340484,1.2133639391582012,0.004595635069971182,False,0.7246626615065123
DTE,356,0.39776018823099407,DTE Energy,Utilities,SP500,136.0399932861328,-0.00014702537718569442,-0.012127030326883337,-0.040079084713841695,-0.033054180748840145,-0.07934834240679389,0.376953125,0.2807017543859649,0.24366471734892786,0.0424205043859649,,,False,,False,,,,-0.004562004131201336,False,185.92479253919018,False,False,0.7716156818675901,0.8881023457637258,0.0008084713532658938,False,0.6585822583670812
RDDT,357,0.3976223653752437,Reddit,Communication Services,SP500,158.11000061035156,0.09312777431930175,0.017700823823354028,-0.011627183822955689,-0.06714263091620165,0.0734605731375062,0.544921875,0.19883040935672514,0.5672514619883041,0.026955409356725135,,,False,,False,,,,0.029679546151915925,False,1029.8926370991082,False,False,0.986878117278771,0.6350831515346081,-0.004286470684483956,False,0.8650083038180899
ARE,358,0.39750091374269003,Alexandria Real Estate Equities,Real Estate,SP500,52.73500061035156,0.021402276183928537,-0.004436484895902093,0.0790874107415851,0.04207108568211759,0.012898921301823352,0.8515625,0.46588693957115007,0.4444444444444444,-0.34270681042884993,,,False,,False,,,,0.016408771528885202,False,97.2109822837297,False,False,1.1364942785169208,0.8452979961744227,0.0029052432322003163,False,0.6084862895461054
AFL,359,0.39704975328947373,Aflac,Financials,SP500,117.2300033569336,0.01042929450851271,-0.001873082988716801,-0.058566448187450826,0.028999221096961403,0.05290282023570447,0.26953125,0.43859649122807015,0.5243664717348928,-0.14734100877192985,,,False,,False,,,,0.0009636296893169582,False,246.4336964757485,False,False,1.2044253243766645,1.2893166458942424,0.002758142596820612,False,0.8295194922223152
TT,360,0.395807443957115,Trane Technologies,Industrials,SP500,438.9549865722656,-0.002715000206270135,-0.05275141917606363,-0.07048323807899004,-0.05557473907729338,-0.009072454041292977,0.216796875,0.22612085769980506,0.3996101364522417,-0.008254142300194944,,,False,,False,,,,-0.024728175119365536,False,551.283875050658,False,False,0.5686223497895141,0.7148087379791441,0.0031353059228647062,False,0.5035281577119314
UAL,361,0.3952470151072125,United Airlines Holdings,Industrials,SP500,108.3499984741211,0.03555386904668589,-0.05643127452412122,-0.18300405320947732,0.03053071241304095,0.07832399337439355,0.02734375,0.442495126705653,0.5789473684210527,-0.5282079982943471,-0.20395270010835076,0.2715643661339402,False,-0.08059925141641655,False,-0.1155333181972591,0.0021967734098735647,0.13062483932325897,-0.02513469288673853,False,502.40895651753726,False,True,0.7069067243715831,0.8439960204364994,0.02121763623223849,False,1.0054379304784726
DOW,362,0.39488304093567256,Dow Inc.,Materials,SP500,31.274999618530273,0.026756420175766626,0.031157260046202673,0.031157260046202673,-0.11652547258601331,-0.023097745948446935,0.708984375,0.1442495126705653,0.36257309941520466,0.1286245126705653,,,False,,False,,,,0.013549437040034418,False,301.4873340432416,False,False,1.0623231581597168,0.7285565488806162,-0.006565950807686405,False,0.5645646122265257
STZ,363,0.39270909478557503,Constellation Brands,Consumer Staples,SP500,129.3699951171875,-0.00964563820353026,-0.037783577139167135,-0.015598866841578074,-0.03700619317912057,-0.1321118903567533,0.521484375,0.2651072124756335,0.1539961013645224,0.1635447124756335,,,False,,False,,,,-0.020181439119777322,False,275.69309210451837,False,False,1.1131574931294204,0.9875673528330738,0.009033090650496511,False,0.7633403553306949
EXC,364,0.39167884990253415,Exelon,Utilities,SP500,43.970001220703125,0.0031941451927852693,-0.010575999561876381,-0.040794042880891945,-0.015450120573806903,-0.0988119362576676,0.369140625,0.3255360623781676,0.20662768031189083,0.026707937378167623,,,False,,False,,,,-0.005256949802475597,False,372.8383878798112,False,False,0.8318839322547898,1.0110538243952176,-0.003194232226714333,False,1.3188609811262586
WEC,365,0.3911283199317739,WEC Energy Group,Utilities,SP500,105.72000122070312,-0.004519733910849255,-0.0167410293765049,-0.023875886164364313,-0.030971781958420097,-0.08502670583566585,0.47265625,0.28460038986354774,0.22807017543859648,0.11077226486354774,,,False,,False,,,,-0.009864783523098497,False,241.87260202757915,False,False,1.0094226748517559,0.862456986452143,-0.002071502802545422,False,0.5722024507123553
EME,366,0.39102666605750486,Emcor,Industrials,SP500,734.1199951171875,-0.0015368988545563234,-0.03859405008161443,-0.10460068455734917,-0.12511702678535908,-0.008105321179722291,0.125,0.1286549707602339,0.4015594541910331,0.01732684576023391,,,False,,False,,,,-0.030500517364027924,False,345.5474358494773,False,False,0.6075610774973496,0.9293500160263221,-0.0003400204012240504,False,0.5546808035714286
NXPI,367,0.3901445236354776,NXP Semiconductors,Information Technology,SP500,228.5,0.027428085750554665,0.023974932779955216,-0.0382996880040104,-0.2877000852478099,0.0651429680215474,0.392578125,0.031189083820662766,0.5458089668615984,-0.015685916179337234,-0.3108032443431238,0.2568233447400201,False,-0.0005423776550951276,False,-0.09709061714866285,-0.05651836736396654,0.1075308541395994,0.012469414324139283,False,991.0623191622778,False,False,0.45038826522186154,0.7394617115887675,0.007927160686442392,False,0.5913597010427583
MCD,368,0.3895208942495127,McDonald's,Consumer Discretionary,SP500,260.82501220703125,-0.0010913912164162154,-0.01592579415384865,-0.021096662694952584,-0.0388271927326741,-0.20280805266362611,0.49609375,0.2573099415204678,0.07797270955165692,0.07566931652046782,,,False,,False,,,,-0.00960608781394856,False,1225.8602243296048,False,False,0.755152022685839,0.9854244586950094,0.0032553565593103073,False,0.6746556553032613
AME,369,0.3885180616471735,Ametek,Industrials,SP500,233.22500610351562,0.00823533943878374,-0.04883764679350422,-0.08197203974840928,0.023417984559510385,-0.003427028214742056,0.189453125,0.4191033138401559,0.4093567251461988,-0.15120918615984408,,,False,,False,,,,-0.023552391680394247,False,288.07912452913996,False,False,0.8265644654807818,1.1327137480340574,0.0073923197342864455,False,0.7798080032198429
EXR,370,0.3872407255116959,Extra Space Storage,Real Estate,SP500,139.8300018310547,-0.002069606738783314,-0.029564817927028475,-0.06692912544005458,-0.011811271557557457,-0.04902198346272102,0.232421875,0.33528265107212474,0.2962962962962963,-0.19792047392787526,,,False,,False,,,,-0.021202645886246763,False,161.43907095319878,False,False,0.5370939935477309,1.0581400077979766,-0.0026405590214163555,False,0.7791247910370099
EMR,371,0.38632584064327485,Emerson Electric,Industrials,SP500,148.9600067138672,0.00900902111403723,-0.05894236507673789,-0.05902055558045627,0.06093958304873315,0.03346350287768285,0.265625,0.5263157894736842,0.4873294346978557,-0.24321546052631582,,,False,,False,,,,-0.02964457935416598,False,407.7016814418821,False,False,0.9264276684823415,0.8240078779687797,0.0025739322052118485,False,0.8441988676159401
CMS,372,0.38618687560916176,CMS Energy,Utilities,SP500,68.06999969482422,0.0016186081788323037,-0.016755793815705466,-0.04336629879843823,-0.022794917916850177,-0.1147940821250647,0.357421875,0.30214424951267055,0.18128654970760233,0.11269112451267055,,,False,,False,,,,-0.008389963079356577,False,257.00102834260684,False,False,0.8167353471446614,0.716425233180296,-0.0030900395424025007,False,0.5484743568946528
FFIV,373,0.3847031859161793,"F5, Inc.",Information Technology,SP500,391.0799865722656,-0.011725499429202868,-0.021296853884272382,-0.051352367320156134,-0.03594147058675279,0.3668390648898521,0.30859375,0.2729044834307992,0.9239766081871345,-0.6079548915692008,,,False,,False,,,,-0.012790227983788482,False,250.25596696634722,False,False,1.1111520529964218,0.8981046958558083,0.007202077465692902,False,0.5613265392836831
FRT,374,0.38441231115984403,Federal Realty Investment Trust,Real Estate,SP500,117.97000122070312,0.00803214945920816,0.0033168853850573665,-0.039488670299398176,-0.003015346246420747,0.0920168233102554,0.3828125,0.3567251461988304,0.5984405458089669,-0.1628061038011696,,,False,,False,,,,0.0053400043904376915,False,98.59667735775882,False,False,1.0189720607345354,0.8234990747365389,0.005126877556006937,False,0.6886698501200696
MPWR,375,0.3839980811403509,Monolithic Power Systems,Information Technology,SP500,1219.3599853515625,-0.005383516424867896,-0.06482193086383459,-0.08664227875550701,-0.2773372637400734,0.11341200971652632,0.17578125,0.037037037037037035,0.645224171539961,-0.019603587962962965,,,False,,False,,,,-0.04509400432091715,False,1190.6715086996248,False,False,0.561014963689575,0.6432317154434539,-0.001460012601731897,False,0.4212299657000312
VRT,376,0.38288598014132547,Vertiv,Industrials,SP500,256.75750732421875,0.003076556236121686,-0.02673321822387953,-0.048799635864786084,-0.22516617830287,0.022254247627189416,0.326171875,0.05263157894736842,0.4619883040935672,0.007709703947368418,,,False,,False,,,,-0.018514583627721626,False,1612.0964939599548,False,False,0.5492056144361361,0.6790523515952863,-0.003906707798691511,False,0.4500693875943768
ROK,377,0.3827085617690059,Rockwell Automation,Industrials,SP500,425.3599853515625,0.018753111381595522,-0.014800265543572722,-0.0416857403220765,-0.07593128547169337,0.11643783003358155,0.361328125,0.1793372319688109,0.6530214424951267,-0.4300377680311891,,,False,,False,,,,-0.007357528270954705,False,389.8425781436693,False,False,0.6369959953115795,0.8876984988000076,0.00625108585436096,False,0.663415767686306
AMD,378,0.3826053849902535,Advanced Micro Devices,Information Technology,SP500,457.05999755859375,-0.005548155771720742,-0.04963299332690907,-0.11863168171517047,-0.1575241814053161,1.261889350185685,0.09765625,0.09551656920077972,0.9883040935672515,-0.8810459307992202,-0.21319994717171686,2.024083627129469,False,-0.04209111558166834,False,-0.08887977812454595,0.34919127691500873,0.09755000052747742,-0.024221605985424333,False,12840.347068481804,False,True,0.5454442443140972,0.566084044805459,-0.0025238205902858857,False,0.4438012104909422
ZTS,379,0.3820487634015594,Zoetis,Health Care,SP500,76.12999725341797,-0.014498417431482613,-0.01793084945615464,0.0011835394109291908,-0.011977060585240396,-0.3887413740253013,0.595703125,0.3333333333333333,0.007797270955165692,0.3274739583333333,,,False,,False,,,,-0.0041631928048515565,False,464.9194873327352,False,False,1.3518133448865581,0.6729076208334057,0.00271843475045519,False,0.4555938352477727
TXN,380,0.38143998233430804,Texas Instruments,Information Technology,SP500,254.8000030517578,0.005763032821394454,-0.026626375270046854,-0.10164651600583086,-0.17008132009498267,0.2718310364412253,0.13671875,0.07992202729044834,0.8635477582846004,-0.28921859770955166,,,False,,False,,,,-0.024293255270225855,False,2187.429028081818,False,False,0.5513858017011722,0.7123821913505054,0.0,False,0.43763371372362747
MRVL,381,0.38021023696393763,Marvell Technology,Information Technology,SP500,206.47999572753906,-0.018584550945636602,-0.15760272851625567,-0.055400525244678867,-0.31532922034533595,1.6461050589048423,0.287109375,0.02729044834307992,0.9980506822612085,-0.9102095516569201,-0.34730925570658777,2.3208138229804582,False,-0.07994761200276035,False,-0.07475632752373906,0.37289893500045923,0.08079636721391048,-0.06468143660382097,False,5937.200342828189,False,True,0.6441676284428182,1.1471390242444994,-0.02300487833039444,False,0.5353703743025063
PDD,382,0.3796353405214425,PDD Holdings,Consumer Discretionary,NDX,82.25,-0.011061659122277412,-0.051763868738172514,-0.09645170709695461,-0.03688526311002882,-0.1871726651293778,0.15234375,0.26705653021442494,0.08771929824561403,0.11861903021442494,,,False,,False,,,,-0.0331995015613481,False,587.09436873935,False,False,0.7717687864657246,1.1405216340097215,-0.007574813842585848,False,0.6810205342006221
VRSK,383,0.3795580531189084,Verisk Analytics,Industrials,SP500,188.16000366210938,-0.031849767157245634,0.0015436661119887507,-0.02406638649483228,0.05800068329769559,-0.12259570845646339,0.46875,0.52046783625731,0.17153996101364521,0.002889711257309968,,,False,,False,,,,-0.00835697084971987,False,325.52185623730907,False,False,1.003455439061276,0.59818058819213,-0.005917206684629139,False,0.4815077106739276
IP,384,0.37933685124269007,International Paper,Materials,SP500,36.29999923706055,-0.004388366742451466,-0.12297656988757744,-0.13227652613959628,0.09920302866204378,-0.12491640758228284,0.068359375,0.6374269005847953,0.16569200779727095,-0.31179184941520466,,,False,,False,,,,-0.06317284243896104,False,190.4759165249812,False,False,0.6782630240902785,0.9975757653574718,0.0065826024271351535,False,0.8131616515929889
CSGP,385,0.3791929367690059,CoStar Group,Real Estate,SP500,31.260000228881836,-0.022514050145735043,-0.027380185982518346,0.04828975683415426,-0.0640718921925485,-0.3432772850638409,0.75390625,0.20662768031189083,0.015594541910331383,0.15194018031189083,,,False,,False,,,,-0.0195475335151436,False,220.20863648775241,False,False,1.2499844718241007,1.7155158626130769,0.0003127025961531249,False,0.688905523245345
ISRG,386,0.3790950901559454,Intuitive Surgical,Health Care,SP500,371.8800048828125,0.0071225589243397724,0.003941448631697542,0.009802633874156363,-0.08694051638687283,-0.25799112032114635,0.634765625,0.16764132553606237,0.04873294346978557,0.12467257553606237,,,False,,False,,,,-0.007063393647621097,False,1199.207125216022,False,False,0.6451885209284104,0.5935316735762862,-0.0006770480704130222,False,0.6210541171323695
HSY,387,0.3784067373294347,Hershey Company (The),Consumer Staples,SP500,177.44500732421875,0.008210268887606453,-0.04264903436195211,-0.0011158709733278815,-0.023797967350344562,-0.22337805791021292,0.583984375,0.2982456140350877,0.06237816764132553,0.0013706140350877027,,,False,,False,,,,-0.0180093336826207,False,285.229825564985,False,False,0.6827831813854603,0.7967964436693924,0.0038068077780983867,False,0.49600209491161545
ADI,388,0.37811472039473687,Analog Devices,Information Technology,SP500,355.7099914550781,0.003356658237288812,-0.04036106626831781,-0.06178512450444695,-0.18478818867635272,0.0476151999634733,0.25390625,0.07602339181286549,0.5126705653021443,-0.1310078581871345,-0.19908021281167398,0.5992844598117506,False,-0.04885737409910862,False,-0.060216528166937455,0.03107823415133759,0.06407489594330085,-0.022989752434893207,False,1575.7440110089021,False,True,0.5331479532811711,0.7801352632666828,0.0028771848213351436,False,0.6221889157627479
MAR,389,0.37714881822612084,Marriott International,Consumer Discretionary,SP500,333.1400146484375,-0.004214536529601687,-0.07117962980878167,-0.03297511271131326,-0.1139561700856967,-0.004358126488093195,0.416015625,0.15204678362573099,0.4074074074074074,-0.15654696637426901,,,False,,False,,,,-0.037770018081138224,False,576.5435415864856,False,False,0.5603308536287757,0.9111507580668514,0.006262147054686418,False,0.7599784375265723
MAA,390,0.3764037372076023,Mid-America Apartment Communities,Real Estate,SP500,128.60499572753906,-0.005836463197667063,-0.022015241615672476,-0.0345695574974304,-0.01845511315954418,-0.015632144493506916,0.40625,0.3138401559454191,0.3840155945419103,-0.10803484405458091,,,False,,False,,,,-0.011654556820713702,False,132.39300791575124,False,False,0.8180367332383394,0.8686285675294303,0.002396394226430898,False,0.5147298605612829
PEG,391,0.3760907803362573,Public Service Enterprise Group,Utilities,SP500,73.33000183105469,-0.0020413924744976386,-0.009455585030185731,-0.03854719996606937,-0.048649621330972614,-0.1114059888113913,0.390625,0.23391812865497075,0.18908382066276802,0.04055875365497075,,,False,,False,,,,-0.005494081505696524,False,223.76023009667222,False,False,0.8605105098742002,1.2267757717856362,0.00013601668997464955,False,0.6179369814873539
VICI,392,0.37601882309941526,Vici Properties,Real Estate,SP500,25.61989974975586,0.003128380241362416,-0.014619240394005417,-0.03648365540673437,-0.04507317711267744,-0.11427328167069029,0.40234375,0.24366471734892786,0.18518518518518517,0.03077409234892786,,,False,,False,,,,-0.010781589176404816,False,256.6551577344477,False,False,0.7804154084258521,0.9111851598556893,0.0,False,0.548467675870265
INTC,393,0.37485836988304094,Intel,Information Technology,SP500,90.05000305175781,0.012138943646584632,0.020512298637888504,-0.10717824205014215,-0.20104690104497192,0.9756472012777477,0.123046875,0.0682261208576998,0.9785575048732943,-0.3692738791423002,-0.36107562443675434,2.7520834604899087,False,-0.04857494178997057,False,-0.11843423616023419,0.22402518898033597,0.13434532171982227,-0.0050731204398462015,False,10950.77706757105,False,True,0.5129287481720396,0.7088942262242259,-0.002472757307908524,False,0.4954697517266588
FDX,394,0.3743322063840156,FedEx,Industrials,SP500,316.4849853515625,-0.025840369998388124,-0.05805233920572006,0.010036985544227939,-0.02091758210945438,0.030567383561590722,0.640625,0.3079922027290448,0.4834307992202729,-0.23302342227095518,,,False,,False,,,,-0.03050965000082284,False,557.845591389347,False,False,0.8712571442137691,0.7908270331585548,0.0017852332047176844,False,0.556071123284441
TTWO,395,0.37407445480019497,Take-Two Interactive,Communication Services,SP500,216.13999938964844,-0.0024921234280306237,-0.07414863047709319,-0.10024145245478988,0.001575515908630809,0.0017147662319192403,0.142578125,0.3645224171539961,0.42300194931773877,-0.09836820784600392,,,False,,False,,,,-0.04669664523557904,False,577.9240305235478,False,False,0.9768087714316513,1.6838802868602571,9.232173314166481e-05,False,0.974367484569718
PWR,396,0.37107585587231967,Quanta Services,Industrials,SP500,610.8099975585938,-0.0009486859057998842,-0.00959898674887949,-0.1186002921232413,-0.146389643719678,0.075026162611453,0.099609375,0.10526315789473684,0.571150097465887,-0.019736842105263164,,,False,,False,,,,-0.02077073798613105,False,812.6987785835297,False,False,0.6890508758674817,0.7958524907772506,-0.0037456271898991256,False,0.47101802877779675
ETN,397,0.3703166879873294,Eaton Corporation,Industrials,SP500,390.75,0.0001023995950881762,-0.06840073019838899,-0.11929446688722656,-0.07003301924546568,0.11160272220818701,0.09375,0.19298245614035087,0.6413255360623782,-0.25037691885964913,,,False,,False,,,,-0.04103925772969308,False,905.1235864838718,False,False,0.6048538508027884,0.8136206189153043,0.0014460916120984102,False,0.6015154411913538
SNPS,398,0.3701506913986355,Synopsys,Information Technology,SP500,415.9700012207031,0.0027722720123901645,0.01456097858708083,0.029985678968909912,-0.16475239870485658,-0.034827623980224875,0.703125,0.08771929824561403,0.3313840155945419,0.04865679824561403,,,False,,False,,,,-0.009100670639820008,False,771.6780450579585,False,False,1.5128215010363448,1.210359091293113,-0.002507132073089724,False,0.6540630663912058
MSCI,399,0.3698784722222222,MSCI,Financials,SP500,560.6300048828125,-0.004368789812162044,-0.006362706048562483,-0.015459938944843987,-0.08302897783772878,-0.013458113522706094,0.5234375,0.17153996101364521,0.3898635477582846,-0.10971003898635479,,,False,,False,,,,-0.008107397766370483,False,406.0154105200021,False,False,0.5729956284197713,0.5720057276320247,7.099757665218753e-05,False,0.4328061253496464
LRCX,400,0.369523254751462,Lam Research,Information Technology,SP500,288.32000732421875,-0.006478307387083437,-0.07849653916936161,-0.09259137601299461,-0.1605623611198852,0.2938835707887091,0.169921875,0.09161793372319688,0.8927875243664717,-0.7521320662768032,,,False,,False,,,,-0.0520672620460898,False,3555.773372086001,False,False,0.5210773459352414,0.6150085958374282,0.004479626941026105,False,0.42829288455498726
SYK,401,0.36586904544346976,Stryker Corporation,Health Care,SP500,312.2149963378906,-0.01633584643446706,-0.05294693596289124,-0.07067804417527646,0.061181291265278936,-0.17804724516993353,0.21484375,0.530214424951267,0.09941520467836257,-0.17681682504873297,,,False,,False,,,,-0.03507244492689554,False,805.7638927407221,False,False,0.6380660688917934,0.8306893082773965,-0.007372389360076004,False,0.7309862249493638
BA,402,0.36472344054580896,Boeing,Industrials,SP500,208.6699981689453,0.014635779700661766,-0.016125221500295384,-0.12012989143715325,-0.009070204414005745,-0.08200254977717647,0.091796875,0.341130604288499,0.2378167641325536,-0.143244395711501,,,False,,False,,,,-0.013236862904634217,False,1238.3187358582547,False,False,0.5349074170835311,0.8972280396606046,0.00651559036287952,False,0.9893853325371676
STX,403,0.3643884015594542,Seagate Technology,Information Technology,SP500,808.5399780273438,-0.009918735888273633,-0.04469678427648638,-0.0435440925317111,-0.13986918233570655,1.1613499219705354,0.35546875,0.11500974658869395,0.9844054580896686,-0.5646777534113061,,,False,,False,,,,-0.029132794968724007,False,4174.994650208828,False,False,0.8754039731745374,0.6897887197558238,-0.013200466672596,False,0.536840529233739
ROST,404,0.36186647173489284,Ross Stores,Consumer Discretionary,SP500,230.85000610351562,0.007023209613383097,-0.02293984877866717,-0.08049865232059283,-0.005663235854414306,0.0855852245464328,0.19921875,0.34502923976608185,0.5925925925925926,-0.25067388523391815,,,False,,False,,,,-0.011251895731154149,False,647.9725363083508,False,False,0.8498750719540683,0.8022468411430589,0.005103813212830266,False,0.7186134569868544
SRE,405,0.3610494334795321,Sempra,Utilities,SP500,83.80000305175781,-0.0054592816616469975,-0.017354546772089696,-0.032890922376613174,-0.057311665249265564,-0.10905461267908101,0.41796875,0.2222222222222222,0.1968810916179337,0.08355034722222221,,,False,,False,,,,-0.004769370527328509,False,329.6274489375623,False,False,1.4027665832329177,1.5614591851759363,-0.007951647060922107,False,1.2905909789498635
CCI,406,0.3594420077972709,Crown Castle,Real Estate,SP500,75.4000015258789,-0.005801619636839228,-0.0018533146406100043,-0.029101236539512687,-0.13924808365507213,-0.15267968079914762,0.439453125,0.11695906432748537,0.13450292397660818,0.032974689327485374,,,False,,False,,,,-0.0025570642304374447,False,296.4841771861499,False,False,0.5335787452377111,0.7079576100740502,-0.0009229918012172433,False,0.6707341288195744
AVGO,407,0.3589931317007798,Broadcom,Information Technology,SP500,367.239990234375,-0.006600309699600682,0.03276243431048109,-0.12177160173568358,-0.23247459354616917,0.160812437130039,0.0859375,0.050682261208576995,0.7407407407407407,-0.289161488791423,-0.23620408335026433,0.2536083488050025,False,-0.04609768459675878,False,-0.0450881735025872,-0.004395397511003041,0.047217106597128744,-0.006387564559005687,False,8088.402783678186,False,False,0.6499218225585659,0.9785066260700718,0.0,False,1.1381749132622467
ON,408,0.35868778935185186,ON Semiconductor,Information Technology,SP500,72.33999633789062,-0.004267105044421182,-0.01201864064656255,-0.1044813390560404,-0.45986709255624436,0.15688465936515827,0.126953125,0.003898635477582846,0.7290448343079922,-0.023445114522417154,-0.45986709255624436,0.6111357211468289,False,-0.060751289073127324,False,-0.15149074116846362,-0.07344081672290403,0.17853752282806923,-0.02112786575229364,False,898.289825836167,False,False,0.4200467989320362,0.6523195514321165,0.002890558569332624,False,0.6500291017634249
PHM,409,0.3578079312865497,PulteGroup,Consumer Discretionary,SP500,123.70999908447266,0.0047104835863918115,-0.048604166378185654,-0.060525471101233186,0.057694721192462106,-0.06009384386429717,0.2578125,0.5185185185185185,0.2729044834307992,-0.1631221064814815,,,False,,False,,,,-0.023052898530927846,False,213.52180427560424,False,False,0.8757177990112052,0.789459620880021,0.006903322687209945,False,0.5104784336672539
AMAT,410,0.35760157772904483,Applied Materials,Information Technology,SP500,438.4599914550781,-0.0076723200217480025,-0.08608474543495814,-0.19701286214031877,-0.12349211061230181,0.22840585573654204,0.021484375,0.13060428849902533,0.834307992202729,-0.8283800865009747,,,False,,False,,,,-0.06453372352414855,False,5059.3436278922345,False,False,0.5168771779246667,0.6998292108825592,0.003734285105108315,False,0.6264168684238237
CNP,411,0.3571618390594542,CenterPoint Energy,Utilities,SP500,39.525001525878906,0.0013934710786613902,-0.0016417940504790396,-0.04374207905422289,-0.042821225241510885,-0.09180154631178006,0.3515625,0.2475633528265107,0.21832358674463936,0.028813352826510708,,,False,,False,,,,-0.0009234992540297915,False,271.94630370425085,False,False,0.8741984897957883,0.8865954784492324,-0.0002534110950375146,False,0.4866007359930857
PPG,412,0.35562979714912285,PPG Industries,Materials,SP500,111.26000213623047,0.01422064932895406,-0.0276175151484358,-0.04964364253923714,0.005045187874236801,-0.042634747206713564,0.32421875,0.37816764132553604,0.3138401559454191,-0.27808235867446396,,,False,,False,,,,-0.010025495946453189,False,203.43932528573032,False,False,0.6289723662792214,0.7151536396771059,0.008295384570873976,False,0.6512927258703567
KEYS,413,0.3537756609405458,Keysight Technologies,Information Technology,SP500,321.614990234375,0.007344884584822964,-0.0007922604985893811,-0.057510844454429,-0.0823585364275714,0.06877235106733948,0.275390625,0.17543859649122806,0.557504873294347,-0.05307702850877194,,,False,,False,,,,-0.005141335740921349,False,467.4186051217838,False,False,0.8590261533979764,0.7300793077325038,-0.0038524775615453866,False,0.36038382749478676
ARM,414,0.35224894919590644,Arm Holdings,Information Technology,NDX,234.86000061035156,0.0001703146447720183,-0.06452639650194114,-0.1628884992369518,-0.42971612493511413,0.8923535529397357,0.046875,0.007797270955165692,0.9766081871345029,-0.9453277290448343,,,False,,False,,,,-0.03932488882177243,False,1541.2023896238709,False,False,0.42065604755021724,0.5669375321781973,-0.006153680602792977,False,0.4246588351010972
MGM,415,0.35131236293859647,MGM Resorts,Consumer Discretionary,SP500,41.459999084472656,0.01692417510330424,-0.04601932908725159,-0.09317589725481978,-0.14161491222839528,0.13031621427283313,0.162109375,0.11306042884990253,0.6764132553606238,-0.6818614461500975,,,False,,False,,,,-0.02033894569623551,False,113.77222806438834,False,False,0.3686395816636019,0.7618719917690916,0.003679119683528853,False,0.5577848371644158
FTV,416,0.3503635934454191,Fortive,Industrials,SP500,56.630001068115234,-0.002992925549801684,-0.06008296982381356,-0.06412158917606892,-0.06459187811603906,-0.021590344459141098,0.244140625,0.2046783625730994,0.3684210526315789,-0.1410247624269006,,,False,,False,,,,-0.03506768474364552,False,156.75238696887698,False,False,0.7253987359281695,1.0502212824723007,0.010915474299517891,False,0.6667452142357233
LOW,417,0.3502451876218324,Lowe's,Consumer Discretionary,SP500,199.83999633789062,-0.0010497711105400542,-0.05000952767606748,-0.0836390560345579,-0.031663670232319974,-0.2187756347638774,0.185546875,0.2826510721247563,0.06432748538011696,0.01311982212475632,,,False,,False,,,,-0.03628365480716944,False,641.3274130476043,False,False,0.7463823893109762,1.0982333827573136,0.004748797469382726,False,0.7571184282766323
FIX,418,0.34714683845029237,Comfort Systems USA,Industrials,SP500,1561.199951171875,0.004394034931285873,-0.03372552420976793,-0.12042139389689976,-0.1556893552631119,0.09301883557751167,0.08984375,0.09941520467836257,0.6023391812865497,-0.06074104532163743,,,False,,False,,,,-0.02435546307563341,False,832.8159660424058,False,False,0.7525027837092694,0.7714313568858582,-0.0008813828892034747,False,0.5635002045706938
DOV,419,0.3468597709551657,Dover Corporation,Industrials,SP500,188.89500427246094,-0.005449315238415631,-0.077030192062716,-0.10020001494406294,-0.11528729739903065,-0.1464192307058484,0.14453125,0.14814814814814814,0.14230019493177387,-0.03739872685185186,,,False,,False,,,,-0.04095854088365902,False,236.05560716354714,False,False,0.4883182638226001,1.138966444503241,0.0031064688013064945,False,0.8540286856395816
AOS,420,0.34646115070662764,A. O. Smith,Industrials,SP500,59.2599983215332,0.013164585757737823,-0.05153651159242423,-0.0648571986685581,0.05092275920640055,-0.18257933735406995,0.2421875,0.4951267056530214,0.09551656920077972,-0.026357669346978585,,,False,,False,,,,-0.022628091244369486,False,97.0728343030176,False,False,0.9116166068747767,0.7997153414088609,0.004958062788649853,False,0.5341883493073413
IR,421,0.3444931773879142,Ingersoll Rand,Industrials,SP500,74.98100280761719,0.004568641757197511,-0.062385873914359236,-0.16165099965588814,0.07033964536016368,-0.18314765314875026,0.052734375,0.5594541910331384,0.08966861598440545,-0.22179580896686157,,,False,,False,,,,-0.037735162699761515,False,333.0173074479364,False,False,0.5913811121767918,0.7327765877486008,0.005091067209610278,False,0.7324301657180703
NOC,422,0.3439224689327485,Northrop Grumman,Industrials,SP500,523.9400024414062,-0.0168320563606571,-0.04729522536283426,-0.05005889939739472,-0.00402994929670808,-0.30191297813779927,0.3203125,0.35282651072124754,0.037037037037037035,0.09892026072124754,,,False,,False,,,,-0.035670719554573016,False,457.9829389650854,False,False,0.9752229543262328,0.7744464306072123,0.0036217256350989935,False,0.6542355102595202
HLT,423,0.3432565789473684,Hilton Worldwide,Consumer Discretionary,SP500,311.489990234375,-0.0016026155186080748,-0.06335701070152444,-0.0014041327210667642,-0.059565439041125434,0.022520404768413993,0.58203125,0.21637426900584794,0.46588693957115007,-0.11175073099415206,,,False,,False,,,,-0.02749388196960456,False,738.7026848077866,False,False,0.9746348738595668,0.657880217728404,0.0040386224079767,False,0.4575555392846683
UDR,424,0.34273688779239764,"UDR, Inc.",Real Estate,SP500,36.584999084472656,-0.007729857761553771,-0.03546008989932936,-0.047331839413594645,-0.020018899597116557,-0.011408469084384643,0.333984375,0.30994152046783624,0.3937621832358674,-0.14904285453216376,,,False,,False,,,,-0.01753708214049543,False,121.35054030418956,False,False,0.8297451144037552,0.7405446104320461,0.0037971085897527956,False,0.49461553326849184
CPT,425,0.3425065484892788,Camden Property Trust,Real Estate,SP500,105.50499725341797,-0.004294090552907193,-0.01956141013840962,-0.049761340057846826,-0.02220806350296367,-0.010226082490327193,0.322265625,0.30409356725146197,0.39571150097465885,-0.18223455774853803,,,False,,False,,,,-0.01214613897913941,False,102.89058026608993,False,False,0.8904501306225386,0.9253412245941908,0.00453004304530924,False,0.6294371846919162
CAT,426,0.34148049159356725,Caterpillar Inc.,Industrials,SP500,792.3400268554688,0.01691572227169913,-0.03600059139341394,-0.09605945339922461,-0.14292049581304112,0.0865488626879074,0.154296875,0.10916179337231968,0.594541910331384,-0.22091633162768032,,,False,,False,,,,-0.018090765717149737,False,2841.3576650379937,False,False,0.6289807864941309,0.7731483972039962,-0.0008341847647578282,False,0.6137378057148785
SMCI,427,0.33931377923976613,Supermicro,Information Technology,SP500,37.0,0.007899779971664689,-0.01043058026249688,0.1675607250380342,-0.21973847683041925,0.13323118746788465,0.9609375,0.056530214424951264,0.6861598440545809,-0.5880010355750487,-0.3694614893051309,0.8022405632001759,False,0.022466637375887277,True,0.1768447879987023,0.18084290147450988,-0.15027027336326804,-0.0004937168558236671,False,1568.0418721463593,True,True,0.7582089335535898,0.625115193173459,0.025606169023410397,False,0.6456600228015935
FISV,428,0.33838138096978554,Fiserv,Financials,SP500,51.97999954223633,0.005999639718921701,-0.008960938300600074,-0.06812476371854892,-0.05628181165147572,-0.1696485493729698,0.23046875,0.22417153996101363,0.1111111111111111,0.13042153996101363,,,False,,False,,,,-0.00834685929729051,False,389.43921357070496,False,False,0.9266546452068082,0.8073250309700643,0.0011612420247206767,False,0.6975110976470458
URI,429,0.3382473653752437,United Rentals,Industrials,SP500,979.5499877929688,-0.01070548539082905,-0.0738517518507733,-0.14684404614893098,-0.0713052333329437,0.15423181372281092,0.0625,0.18908382066276802,0.723196881091618,-0.6898224293372319,,,False,,False,,,,-0.05777150315334356,False,507.8796371120506,False,False,0.7422959360606823,0.8613503839021776,0.0003635664724399579,False,0.615852973501038
CSCO,430,0.336090171174464,Cisco,Information Technology,SP500,109.45500183105469,-0.002597011465852561,-0.025854385577755545,-0.10091174838414319,-0.13150618821740934,0.36589322306272476,0.140625,0.12280701754385964,0.9220272904483431,-0.8107867324561404,,,False,,False,,,,-0.014062388184927777,False,2510.081844047909,False,False,0.8020974772232198,0.6776973998509516,0.0052396991874423815,False,0.48011763312105654
HUBB,431,0.33337711683723203,Hubbell Incorporated,Industrials,SP500,450.04998779296875,0.015203785774048795,-0.0444807847325176,-0.10113766085868459,-0.06901359583102595,-0.07738435083428208,0.138671875,0.1968810916179337,0.2475633528265107,-0.05116578338206629,-0.1883099363196573,0.11827617631701104,False,-0.06582547847894471,False,-0.07457718699534699,-0.06679668296598473,0.08058714994631533,-0.022334576929905814,False,263.5241395635901,False,False,0.6993949899930328,0.7377534067664768,0.002503926992970529,False,0.6305676964893543
DVA,432,0.33096597831384017,DaVita,Health Care,SP500,179.42999267578125,0.018678286008476874,-0.0034435454899621742,-0.21299184897312884,-0.07998772599680504,0.1591834127423266,0.015625,0.17738791423001948,0.7348927875243665,-0.7952683357699806,,,False,,False,,,,0.0061251157190123084,False,176.70382691825398,False,False,0.6158349756596458,0.630603192049887,0.0016463795113981217,False,0.46459228082231
FLEX,433,0.3300750791910331,Flex Ltd.,Information Technology,SP500,105.94999694824219,-0.008515849306678924,-0.05249510608658792,-0.16383870480805995,-0.3457453664879533,0.657022196181043,0.044921875,0.021442495126705652,0.9629629629629629,-0.9297293798732944,,,False,,False,,,,-0.04114780106115201,False,557.1073695586994,False,False,0.6480388585023187,0.6277086431148605,-0.0006550598392700557,False,0.6119561004316487
WMT,434,0.3297845851608187,Walmart,Consumer Staples,SP500,106.08999633789062,0.0016049676348575126,0.016772091828840763,-0.04666985050625383,-0.09022177165432899,-0.16465382770207393,0.337890625,0.16374269005847952,0.12085769980506822,0.09928956505847952,-0.20757093232835566,0.07585699565600801,False,-0.028501114916980264,False,-0.04463431279172447,-0.1015902981364919,0.04671961050030249,0.0019979493358868172,False,2720.5975033196933,False,False,1.3636411232375836,0.984768843143108,0.0004720832007385489,False,0.643610946343487
WYNN,435,0.32877566094054583,Wynn Resorts,Consumer Discretionary,SP500,91.5199966430664,0.010154505347018228,-0.05814553496291608,-0.059999517293811144,-0.12583086705165247,-0.10979342268613956,0.26171875,0.1267056530214425,0.1949317738791423,-0.04321622197855751,,,False,,False,,,,-0.03366467733881684,False,152.79078481508293,False,False,0.7303527967079223,1.3139626770757593,0.0015452471523873523,False,1.1170424452304673
NI,436,0.3284977308723197,NiSource,Utilities,SP500,41.14500045776367,0.004516635191067264,0.0003646824521983394,-0.07601613326580581,-0.09025452999628036,-0.12362836317172332,0.205078125,0.1617933723196881,0.1695906432748538,0.0114027473196881,,,False,,False,,,,-0.0005384450623486803,False,243.3709722060075,False,False,0.7883303886944233,0.9787490645581207,-0.004150346014283879,False,0.7191059686880911
CMI,437,0.3273898178606238,Cummins,Industrials,SP500,550.8400268554688,-0.0005624558556870385,-0.04722037413301983,-0.13062087217820295,-0.1897023632146888,-0.03385203648232493,0.072265625,0.07212475633528265,0.3333333333333333,-0.15834399366471735,,,False,,False,,,,-0.03731798099102823,False,636.2744406818487,False,False,0.49165441951792843,1.125133517609855,-0.011158530602626171,False,1.1269944420957114
ALGN,438,0.3271667123538012,Align Technology,Health Care,SP500,159.14999389648438,0.027039152046204995,6.280323535423626e-05,-0.08149137200789436,-0.015830886841236458,-0.1263175741273399,0.1953125,0.3235867446393762,0.1617933723196881,-0.0201632553606238,,,False,,False,,,,-0.007008491437935471,False,163.7674135581167,False,False,0.8811702297143439,0.8820355846991975,0.0034847267858597597,False,0.7095317128726174
MLM,439,0.32481001766569206,Martin Marietta Materials,Materials,SP500,517.0700073242188,0.024063205207498273,-0.02681664129270178,-0.0682077831172615,-0.11187734547231387,-0.21488209527018753,0.228515625,0.1539961013645224,0.0682261208576998,0.01727735136452241,,,False,,False,,,,-0.010957792238404762,False,349.9601556949226,False,False,0.7655526144385206,1.2242848848254921,0.005406758290718239,False,1.5535695056857741
ALB,440,0.3235410575048733,Albemarle Corporation,Materials,SP500,137.77000427246094,0.016452789558727865,0.02423618986512799,0.1402913807353936,-0.1795076261513744,-0.17752390551061747,0.927734375,0.07797270955165692,0.10136452241715399,0.07406645955165692,,,False,,False,,,,0.015388475285242231,False,287.3959845999348,False,False,1.0595361036473454,0.6865874540764975,-0.011804566356653834,False,0.670103804124946
STLD,441,0.32103968689083817,Steel Dynamics,Materials,SP500,247.63999938964844,0.05788373387899681,0.04976687493394216,-0.06586196270040612,-0.09787511145006256,0.28394504521681196,0.240234375,0.15789473684210525,0.8830409356725146,-0.5471833881578947,,,False,,False,,,,0.040082212595149214,False,291.26002677230053,False,False,1.3094879146400256,0.7300856991321013,0.007689363406882421,False,0.9574600229156298
CRH,442,0.3180681195175439,CRH plc,Materials,SP500,92.66000366210938,0.01600884608248143,-0.04523440753842334,-0.058768040341484085,-0.12143387955752583,-0.17271229507822639,0.267578125,0.13255360623781676,0.10721247563352826,0.029037981237816757,,,False,,False,,,,-0.017258516068942686,False,435.5125510404103,False,False,0.8551822265222393,1.1930548803722607,-0.0016446699726262448,False,1.0830468319559228
FERG,443,0.31762952302631575,Ferguson Enterprises,Industrials,SP500,221.3000030517578,0.010917725776193654,-0.061214070917218755,-0.13065768515364362,-0.01753439363976017,-0.09435696459977772,0.0703125,0.3157894736842105,0.21637426900584794,0.03649259868421051,,,False,,False,,,,-0.03623874479085287,False,627.655222853136,False,False,0.9222109840569921,0.5737503771318123,-0.002923573061723972,False,0.5169023035229273
LVS,444,0.3168037280701755,Las Vegas Sands,Consumer Discretionary,SP500,44.54499816894531,0.016081159076269058,-0.036448223880071184,-0.0320513314677624,-0.11857159916262372,-0.19582151282083415,0.423828125,0.13840155945419103,0.08187134502923976,0.029026559454191025,,,False,,False,,,,-0.011058705180167605,False,224.0572014579418,False,False,0.9773524076373997,1.2488685345202908,-0.0020529231814471194,False,0.9468874133982981
JCI,445,0.31650828460038993,Johnson Controls,Industrials,SP500,139.27999877929688,0.00021543109010324635,-0.03498928142236901,-0.09334719954229587,-0.04963676240382864,0.0006852962138343965,0.16015625,0.2300194931773879,0.42105263157894735,-0.2348242568226121,,,False,,False,,,,-0.01792681167270549,False,540.6341929482322,False,False,0.6717262185254085,0.6701914236614601,0.0053859964093356805,False,0.48827792800156505
HD,446,0.3161854288499026,Home Depot (The),Consumer Discretionary,SP500,318.5,-0.0039715703702812855,-0.0488278506958163,-0.08540084731325426,0.02530255273280857,-0.1248291855985263,0.1796875,0.4269005847953216,0.16764132553606237,-0.2000525402046784,,,False,,False,,,,-0.03137213813388007,False,1366.0016993000913,False,False,0.8065612563739795,0.8330505945281076,0.005410173079920089,False,0.6407797563431242
RL,447,0.3159143518518519,Ralph Lauren Corporation,Consumer Discretionary,SP500,336.5199890136719,-0.012616683933277195,-0.07120782123262648,-0.10954705478168325,-0.061451263898637865,-0.05986988162996665,0.115234375,0.20857699805068225,0.27485380116959063,-0.26603237694931775,,,False,,False,,,,-0.050467700196278886,False,235.4465765099562,False,False,0.6475365954647825,1.212491218600676,0.011061524947640455,False,1.0036533561589298
DHI,448,0.3145349811159844,D. R. Horton,Consumer Discretionary,SP500,142.27000427246094,0.006366337881863693,-0.046767140553025555,-0.051047457056820345,-0.012498339831731542,-0.06269959764813549,0.310546875,0.3313840155945419,0.2651072124756335,-0.10416285940545811,,,False,,False,,,,-0.021505344483766953,False,344.14402022530385,False,False,1.0877339483897073,0.8246862859458608,0.002900216992788973,False,0.5573941771519394
GE,449,0.314511756822612,GE Aerospace,Industrials,SP500,329.6099853515625,-0.004470116894796483,-0.06992304600189514,-0.1263518171701984,0.04888393914980327,-0.027392886029838803,0.078125,0.4853801169590643,0.34502923976608185,-0.4560261330409357,,,False,,False,,,,-0.03551292720600552,False,1454.4074445517153,False,False,0.9984574600849568,0.9040849198461305,0.006856108728078958,False,0.4981590255777388
UPS,450,0.31407620614035087,United Parcel Service,Industrials,SP500,103.02999877929688,0.0036040824468046573,-0.024798889812985614,-0.04066804837028237,-0.036783727998842775,-0.03676785740651434,0.373046875,0.26900584795321636,0.3235867446393762,-0.42435352704678364,,,False,,False,,,,-0.006237614509163603,False,516.8790487465577,False,False,0.6920685351951968,0.7242999652554236,0.006234164882312987,False,0.5248764623953103
HWM,451,0.3138283534356725,Howmet Aerospace,Industrials,SP500,253.02499389648438,-0.007316903360782834,-0.060574005581179535,-0.12162630738385505,0.01816884356229287,-0.02626462754088199,0.087890625,0.40545808966861596,0.3489278752436647,-0.39922941033138404,,,False,,False,,,,-0.032911456163760566,False,766.9693557021335,False,False,1.0279597781970653,1.8442559389000621,0.011298951041311067,False,1.0173102594041337
IRM,452,0.3131320053606238,Iron Mountain,Real Estate,SP500,111.8499984741211,-0.020749454747444496,-0.07889320437271174,-0.1088359766521444,-0.11985392858549404,0.05278947790976618,0.119140625,0.1364522417153996,0.5224171539961013,-0.1487040082846004,,,False,,False,,,,-0.05279597986106377,False,231.1100745329582,False,False,0.9587631954895133,1.0123908821498204,-0.0017510468875784335,False,0.823557436065772
JBHT,453,0.311234466374269,J.B. Hunt,Industrials,SP500,260.2200012207031,0.014581994986636149,-0.012972285077039403,-0.0503537358659345,-0.06924149671670587,0.11163006107396178,0.318359375,0.1949317738791423,0.6432748538011696,-0.5062401011208577,,,False,,False,,,,-0.01464428558625197,False,260.6226841719354,False,False,1.0293547832008239,0.8086102743193528,0.0,False,0.8665012775202338
KLAC,454,0.3110494334795322,KLA Corporation,Information Technology,SP500,172.25999450683594,0.008016824402133471,-0.06293862377726533,-0.11765314137660177,-0.1884905456662228,0.16995481946439983,0.1015625,0.07407407407407407,0.7524366471734892,-0.5919415509259259,-0.42840905328066436,1.052248833487929,False,-0.09064344170229488,False,-0.17339416254599016,0.010281396949681998,0.20976643847574739,-0.037343788994935734,False,2535.4220216937583,False,True,0.46604766202853765,0.6849718912450551,0.0067704235753782704,False,0.5064089175964333
LULU,455,0.3106466252436647,Lululemon Athletica,Consumer Discretionary,SP500,120.06999969482422,0.017542370295120513,0.03197250768791826,-0.024059165356756562,-0.047290320893438875,-0.30679524830702853,0.470703125,0.23976608187134502,0.03508771929824561,0.052266081871345016,-0.4438113906843639,0.13885990085622457,False,-0.0032624190985119927,False,0.013615038791396694,-0.2169302710440668,-0.013432159419843215,0.00782432710358294,False,361.98364207394866,True,False,1.0146117933352934,1.8306402810494546,0.00466104281150681,False,1.211080084292413
TKO,456,0.3096635903996101,TKO Group Holdings,Communication Services,SP500,189.77999877929688,0.04120258040708569,0.01000534829100741,0.028562161559577026,-0.04053929165705594,-0.11535419733013463,0.69921875,0.2553606237816764,0.1793372319688109,-0.0512800012183236,,,False,,False,,,,0.008407341636702537,False,222.70397638516235,False,False,1.0910985548957661,0.611976807409335,0.00482794537442377,False,0.6088043617993378
WDC,457,0.3087654574805068,Western Digital,Information Technology,SP500,448.8999938964844,-0.0034188982696362613,-0.04261220520871167,-0.18167566739400154,-0.24421902547855334,0.7192191727138222,0.029296875,0.042884990253411304,0.9668615984405458,-0.8203962597465887,,,False,,False,,,,-0.01888484865302109,False,4256.784990236352,False,False,0.8309942572214324,0.6967742751633161,-0.013402422679972381,False,0.44787664861192866
VMC,458,0.30502063535575047,Vulcan Materials Company,Materials,SP500,263.8999938964844,0.01621160389502485,-0.03594650649861453,-0.07264002961555016,-0.07329007995823122,-0.10325753595094744,0.2109375,0.18323586744639375,0.2046783625730994,-0.11754538255360625,,,False,,False,,,,-0.02131409226677261,False,300.54195948540826,False,False,0.8000845221013626,1.1493775874411347,0.0022333804413456892,False,0.962535129589151
DDOG,459,0.3040996588693957,Datadog,Information Technology,SP500,209.22999572753906,-0.06526983939142628,-0.08099443312562693,-0.27388512871979,-0.1641833012538929,0.7681905897902932,0.00390625,0.08966861598440545,0.9707602339181286,-0.9064251340155945,,,False,,False,,,,-0.08584413932469392,False,1162.0626902491426,False,False,1.9495914073409302,0.9713359619023102,-0.019567502214446808,False,1.2735645114991614
NRG,460,0.30312614217836253,NRG Energy,Utilities,SP500,111.01000213623047,0.013697378967575835,-0.04417080489390124,-0.051520836740671094,-0.167134721481913,-0.3167101693293126,0.306640625,0.08187134502923976,0.029239766081871343,0.06234009502923976,,,False,,False,,,,-0.018375193331440776,False,363.6999023963237,False,False,0.7470334560377938,0.8345327346269151,0.009040250611427991,False,0.598801557321002
CARR,461,0.30008718628167647,Carrier Global,Industrials,SP500,57.529998779296875,0.004890808371997846,-0.02059929970368879,-0.12421987150004876,-0.14565141800343007,-0.05136661408482879,0.08203125,0.10721247563352826,0.2884990253411306,-0.21505314936647174,,,False,,False,,,,-0.02235546260599719,False,397.2255838202428,False,False,0.3792337214746804,0.8105573074006582,0.0001746431708855578,False,0.627102422407746
PNR,462,0.2993638066520468,Pentair,Industrials,SP500,59.849998474121094,-0.009925596050384344,-0.04788422060140407,-0.12602226138674266,-0.15869160293751117,-0.37795388602240076,0.080078125,0.0935672514619883,0.01364522417153996,-0.004088998538011701,,,False,,False,,,,-0.03294582782497457,False,234.93703461712275,False,False,0.6526012795032509,2.350799377362548,-0.0004963208207688918,False,0.7166926189237617
WY,463,0.29921303910818714,Weyerhaeuser,Real Estate,SP500,23.190000534057617,-0.008126545488838843,-0.036960107660642394,-0.10220671302540418,-0.04418253663528049,-0.049497176847901225,0.1328125,0.24561403508771928,0.29434697855750486,-0.3286047149122807,,,False,,False,,,,-0.02450638053869092,False,129.62062519668973,False,False,0.7227786686889638,0.9430452346505395,0.0008554516031478165,False,0.7541279046470154
MCHP,464,0.2991247106481481,Microchip Technology,Information Technology,SP500,72.76000213623047,0.018904892940614815,-0.017420673360751704,-0.09262714762278901,-0.24186676892976233,0.05243410726446451,0.16796875,0.04483430799220273,0.52046783625731,-0.015712567007797273,-0.28733552774151816,0.5231690441828953,False,-0.04722449832557696,False,-0.09319743971447236,-0.046986236131148384,0.10277588947822003,-0.014250864473748126,False,870.1349691985598,False,False,1.0530071013514632,0.7746383276372594,0.0007001179078471864,False,0.5220445137822532
ROL,465,0.2984850907651072,"Rollins, Inc.",Industrials,SP500,35.71500015258789,-0.013125131034697923,-0.0268392531301046,-0.05080607453421693,-0.21622571893760667,-0.37911292040393685,0.314453125,0.05847953216374269,0.011695906432748537,0.05066703216374269,,,False,,False,,,,-0.014696948924580955,False,213.5603369445595,False,False,0.6309146065205524,0.7007372192057024,-0.002486879137969078,False,0.6494740992693565
JBL,466,0.2973977369639376,Jabil,Information Technology,SP500,299.3900146484375,0.0008357290491338709,-0.03705248746576695,-0.1192508506144292,-0.20996545253952015,0.1737688865959548,0.095703125,0.06237816764132553,0.7621832358674464,-0.25012183235867447,,,False,,False,,,,-0.03503682017741927,False,384.2513359476642,False,False,0.9663853073700894,0.7605399364811922,0.00046795521830778064,False,0.5735924778181467
TDY,467,0.2967337506091618,Teledyne Technologies,Information Technology,SP500,606.5499877929688,-0.006486416126373573,-0.04263212619121681,-0.11421522994519706,-0.018559320694790604,-0.11163353626834627,0.10546875,0.31189083820662766,0.1871345029239766,-0.18029666179337234,,,False,,False,,,,-0.02889919638943883,False,231.72911702187676,False,False,0.6597025209353179,0.6811643247091561,0.002440566428955071,False,0.46472619040889124
CIEN,468,0.29633474963450296,Ciena,Information Technology,SP500,354.3800048828125,-0.01651259098931479,-0.12288689960273447,-0.13803419678934858,-0.4287602436093475,0.03152384652788909,0.06640625,0.009746588693957114,0.4853801169590643,-0.013690911306042886,,,False,,False,,,,-0.07071320429306405,False,928.4504659226673,False,False,0.9715107154034883,0.8768241847097161,-0.00854768319885002,False,1.1157511154686781
HST,469,0.29614590947855746,Host Hotels & Resorts,Real Estate,SP500,22.110000610351562,0.02171909583915932,-0.014266593422666118,-0.11489187287742564,-0.03741922240599527,0.15319587842188165,0.103515625,0.2631578947368421,0.7212475633528265,-0.611842105263158,,,False,,False,,,,-0.011605853944761657,False,226.18094973201158,False,False,1.5332966305821276,0.7448734689675892,0.0018484711948041355,False,0.7585151007659625
LHX,470,0.29496375487329435,L3Harris,Industrials,SP500,261.3800048828125,-0.008271333646892254,-0.006008467537296558,-0.08384151396288897,-0.13514922813313146,-0.2858219705573438,0.18359375,0.1189083820662768,0.042884990253411304,-0.025622867933723203,,,False,,False,,,,-0.017802915317151613,False,439.9446131535744,False,False,0.6932087733932639,1.0761547465017975,0.003566559607351971,False,0.6870067212548405
IBM,471,0.2941055981968811,IBM,Information Technology,SP500,231.73500061035156,0.001447738646082497,0.008113305489101608,-0.007453290066523621,-0.23634019586960553,-0.059765061758891735,0.560546875,0.04873294346978557,0.27680311890838205,-0.3516576815302144,,,False,,False,,,,-0.006006415190606185,False,2160.0045381176806,False,False,0.344948274281404,0.4746287020295032,-0.0036948822389405445,False,0.28655256016240077
LMT,472,0.293249725877193,Lockheed Martin,Industrials,SP500,531.25,-0.024334251606978885,-0.054955776512241816,-0.09297694885948937,0.04395420202660727,-0.1902913100042839,0.1640625,0.47173489278752434,0.08576998050682261,-0.20404635721247566,,,False,,False,,,,-0.0441473144336606,False,643.3819761905593,False,False,0.8820210428243354,0.8113560642857003,0.002112074222337057,False,0.8470026286143447
ECHO,473,0.29293181956627684,EchoStar,Communication Services,SP500,86.69000244140625,0.007554643409605211,0.012615369972606816,-0.05360257766927823,-0.28307969108396835,-0.23976143673215966,0.296875,0.03313840155945419,0.05263157894736842,0.01165402655945419,,,False,,False,,,,-0.0013442706978210595,False,473.23641062046846,False,False,0.5208884829310535,0.36655278133295155,0.00813571525794643,False,0.3576436510682217
FICO,474,0.2924467744883041,Fair Isaac,Information Technology,SP500,1098.6500244140625,-0.0045575067520359225,-0.03091640492846659,0.04934147858292626,-0.06470809217469109,-0.24956112520709706,0.755859375,0.20272904483430798,0.050682261208576995,-0.08828658016569202,,,False,,False,,,,-0.023712383879172627,False,349.6741262422622,False,False,0.8802347900806954,0.6767638089307134,-0.015004401445934956,False,0.44836863624462064
ORCL,475,0.29116144310428854,Oracle Corporation,Information Technology,SP500,145.77000427246094,0.03148879647333258,-0.02082347649898364,0.00020583764351700395,-0.36492364937011446,-0.03663432113819576,0.591796875,0.015594541910331383,0.32748538011695905,-0.021514833089668617,-0.5509656239817837,0.2676755107444819,False,-0.009684371525429003,False,0.04366643708884754,-0.13512990394343327,-0.04183945706891623,-0.004636746527713287,True,4441.79150375886,True,False,0.6829468285316571,0.6675230357183382,-0.007500797922766256,False,0.5423448653234312
APTV,476,0.29032346491228067,Aptiv,Consumer Discretionary,SP500,45.025001525878906,0.0039019633826473665,-0.026907259986332366,-0.056475264582663165,-0.413889589888758,-0.38649677203526966,0.28125,0.011695906432748537,0.009746588693957114,-0.019554093567251463,,,False,,False,,,,-0.02316409732690561,False,200.78882478057363,False,False,0.6541983676383805,2.29777208773708,0.003567443764896261,False,0.4885832498929428
TEL,477,0.28925362451267056,TE Connectivity,Information Technology,SP500,202.22000122070312,-0.027788455669696566,-0.01370529959188338,-0.0636952242181994,-0.07042627349774733,-0.025000820304470484,0.248046875,0.19103313840155944,0.35477582846003897,-0.26209186159844056,,,False,,False,,,,-0.012925125595598552,False,491.4470653445061,False,False,0.8795191648064309,0.9544927941538395,-0.012932704045222398,False,0.801610954823763
TER,478,0.2835503472222222,Teradyne,Information Technology,SP500,341.6199951171875,0.018362856433012942,-0.05915728621663652,-0.15348399944524493,-0.1661093467426824,0.11975431073546128,0.05859375,0.08382066276803118,0.6608187134502924,-0.7150074622319689,-0.29394015025038056,2.048381070644685,False,-0.09806277946355713,False,-0.09144149410033486,0.0865758623820081,0.1006445853586373,-0.04456435140463799,False,1372.555032763213,False,True,0.6417097404589033,0.6104809231705866,-0.0032492588256581856,False,0.450005713295563
AXON,479,0.2776296753167642,Axon Enterprise,Industrials,SP500,506.9800109863281,-0.021840588603606714,-0.1654375003516545,-0.16505269961445923,0.05296170021214874,-0.11026480202430078,0.041015625,0.5048732943469786,0.19298245614035087,-0.4755954556530214,,,False,,False,,,,-0.10815645098707083,False,546.4482105992046,False,False,1.394553883919687,1.0476674392037693,-0.0031834138872588458,False,1.0523792754011592
RCL,480,0.2765099597953216,Royal Caribbean Group,Consumer Discretionary,SP500,265.4800109863281,-0.0008280060617072982,-0.08455168625404097,-0.18499410896613855,-0.07310942482966387,-0.06591635020509201,0.025390625,0.18518518518518517,0.2631578947368421,-0.7093460648148149,,,False,,False,,,,-0.05118426403163878,False,640.6713454566925,False,False,0.5374191346760514,0.8881403124004167,0.00910795182151003,False,0.6684708282835053
XYL,481,0.27629637244152044,Xylem Inc.,Industrials,SP500,106.71499633789062,-0.001637225678333798,-0.05553590268622355,-0.12317985361034733,-0.02341954401173907,-0.1689248982764905,0.083984375,0.3001949317738791,0.11500974658869395,-0.16660194322612087,,,False,,False,,,,-0.03787624812908541,False,219.17742481549632,False,False,0.85188021893242,1.0231369521286982,0.003508279559746308,False,0.8716049166549936
IDXX,482,0.2750753837719298,Idexx Laboratories,Health Care,SP500,538.989990234375,-0.011317747476153217,-0.02610944663068715,-0.08349068064226972,-0.038770871884184155,-0.16912289179615825,0.1875,0.25925925925925924,0.11306042884990253,-0.16456886574074076,,,False,,False,,,,-0.020351529959267034,False,352.42401117188496,False,False,0.7863852094017503,0.844609211570642,0.002879902049966798,False,0.99943669682569
GNRC,483,0.2723303484405458,Generac,Industrials,SP500,180.72000122070312,-0.003858433222947766,-0.12535085910632615,-0.17339799119718013,-0.3665837062594034,-0.18185521426927853,0.03125,0.01364522417153996,0.09746588693957114,-0.04494852582846004,,,False,,False,,,,-0.06723295244737881,False,230.46700066976803,False,False,0.6355482556187578,1.1749860745176794,0.0014882828529714232,False,0.537685056147423
LII,484,0.2719869334795322,Lennox International,Industrials,SP500,374.05999755859375,-0.008455937551772652,-0.04993397236908159,-0.16268969482147966,-0.27235306898553757,-0.31709082829410185,0.048828125,0.03898635477582846,0.02729044834307992,-0.04109177022417154,,,False,,False,,,,-0.04060983089647374,False,250.9909558613742,False,False,0.4815936283952601,0.882405628150732,-0.002306150078694502,False,0.6069106931748816
GLW,485,0.2681739613791423,Corning Inc.,Information Technology,SP500,144.1699981689453,-0.009549322705153962,-0.05635554836460899,-0.09831760135537826,-0.28187884980223843,-0.003100222121213303,0.150390625,0.03508771929824561,0.41130604288499023,-0.2891310307017544,,,False,,False,,,,-0.03454557300871075,False,2369.9174322627946,False,False,0.6084966359636784,0.6299810796271326,-0.012434718253310995,False,0.42668151535476856
TXT,486,0.2671460008528265,Textron,Industrials,SP500,79.2699966430664,-0.005520040728390407,-0.04849359061241021,-0.11052519973012898,-0.13233844996544408,-0.2014476056671437,0.11328125,0.12085769980506822,0.07992202729044834,-0.14476730019493178,,,False,,False,,,,-0.031591415796366706,False,139.74288443866777,False,False,0.5970323076757605,0.8588795110915566,0.005018210142682333,False,0.7140374180108373
FSLR,487,0.2654719480994152,First Solar,Information Technology,SP500,202.60000610351562,0.014775919344935051,-0.016170478758324447,-0.16841110682993476,-0.36339353934480556,0.02701881540841411,0.0390625,0.017543859649122806,0.4756335282651072,-0.6797217653508771,,,False,,False,,,,-0.022670133936332326,False,473.64518999283337,False,False,0.6391894372545516,0.8978756829193085,-0.0015025685055832794,False,0.7843819176749209
CDNS,488,0.2638024640594542,Cadence Design Systems,Information Technology,SP500,306.6700134277344,-0.02034882105580249,-0.08369182461164126,-0.09967113550621975,-0.24835781022614123,0.004059918088232584,0.146484375,0.04093567251461988,0.42884990253411304,-0.20125182748538012,,,False,,False,,,,-0.05264612120089551,False,771.2805731251177,False,False,0.9232627732206726,1.0007029599632598,-0.0013417244322433408,False,1.0693354606788166
LEN,489,0.2620952881335283,Lennar,Consumer Discretionary,SP500,83.58999633789062,0.010151013146714405,-0.040849169542827246,-0.039416231182411554,-0.06004420825149204,-0.20647462579116727,0.384765625,0.21442495126705652,0.07602339181286549,-0.19573129873294348,,,False,,False,,,,-0.016522464889650257,False,207.10820074354646,False,False,0.9587371256191528,1.0251355375719269,0.009184315845685465,False,0.7211537628916542
Q,490,0.2601101821393762,Qnity Electronics,Information Technology,SP500,117.70999908447266,0.019222454426935043,-0.06727415268679837,-0.16912542806628472,-0.24058065106791837,-0.01883475344928076,0.037109375,0.04678362573099415,0.3723196881091618,-0.28720074926900585,,,False,,False,,,,-0.04576876683999331,False,261.27238656045796,False,False,0.7505914174801506,1.005349907576717,0.009438081110460406,False,0.9240243362383299
DD,491,0.2571191977339181,DuPont,Industrials,SP500,133.0,0.0067368055827463635,-0.03609215742673866,-0.06947452028704848,-0.07581129445125512,-0.07426671835421195,0.224609375,0.18128654970760233,0.2553606237816764,-0.25816657529239767,,,False,,False,,,,-0.021820541632851187,False,207.60169681316017,False,False,0.7835474302175086,0.70051676028139,0.00590416149945705,False,0.42299077273754754
TPL,492,0.25388112207602337,Texas Pacific Land Corporation,Energy,SP500,367.2799987792969,-0.007163501064935018,-0.004142870831498446,-0.0699088984488423,-0.09561010954248739,-0.3127675973868904,0.21875,0.15984405458089668,0.03313840155945419,0.03289092958089668,,,False,,False,,,,-0.00684782699794273,False,142.40902578975258,False,False,1.1311762894719934,0.7759746246431597,-0.007920397734144213,False,0.5621865337528698
TDG,493,0.25085739522417155,TransDigm Group,Industrials,SP500,1153.905029296875,-0.0016049875865891128,-0.04403677258512029,-0.0950119719948187,-0.04759520254592842,-0.12258574610596429,0.158203125,0.23586744639376217,0.17348927875243664,-0.34616380360623783,,,False,,False,,,,-0.0241862092128452,False,503.1306154829251,False,False,0.7611751313752342,0.784149186227068,0.004308836113614767,False,0.6598918325200948
HRL,494,0.24996116593567255,Hormel Foods,Consumer Staples,SP500,22.069000244140625,0.0035925636127664973,-0.06921125700956687,-0.12908444706987143,-0.03443106514230909,-0.0731742601201969,0.076171875,0.27680311890838205,0.2573099415204678,-0.588431256091618,,,False,,False,,,,-0.029068987678846137,False,105.76666771053968,False,False,1.1366472541739507,2.0044809609045546,0.005457064141992873,False,0.7554705912114208
CHRW,495,0.23274092348927877,C.H. Robinson,Industrials,SP500,145.1999969482422,-0.018122855329184562,-0.04303696673809154,-0.061712459138984266,-0.19388488388927283,-0.2300224993522717,0.255859375,0.07017543859649122,0.05847953216374269,-0.14466831140350878,,,False,,False,,,,-0.014528458326964033,False,317.2446231059072,False,False,0.6732482326171284,0.6895005174844999,0.00040571785645604486,False,0.5364430538118627
CCL,496,0.22205889071637427,Carnival Corporation,Consumer Discretionary,SP500,23.760000228881836,0.022815355018921624,-0.0715123060880869,-0.19282047201512253,-0.12092596498673636,-0.14206596054879583,0.0234375,0.13450292397660818,0.14619883040935672,-0.5744814510233918,-0.28973778573224596,0.022815355018921624,False,-0.1002385666477662,False,-0.11834693188078838,-0.136956231580472,0.1342329949956984,-0.03983739716649204,False,515.4742469512579,False,False,0.7408812933314194,1.1536974606427213,0.016788691548959234,False,0.9696020178158856
TJX,497,0.21223425316764133,TJX Companies,Consumer Discretionary,SP500,131.32000732421875,-0.014631926808192808,-0.040268906183595465,-0.16385686544889344,-0.16571021752908655,-0.1827995502172285,0.04296875,0.08576998050682261,0.0935672514619883,-0.2931362694931774,,,False,,False,,,,-0.04157727143606971,False,931.2780309426381,False,False,0.8021084675994379,1.2846902149716208,0.0006752932768474551,False,0.9355274984274204
LUV,498,0.2087053027534113,Southwest Airlines,Industrials,SP500,38.599998474121094,0.024416087088485083,-0.050897462208513766,-0.2073922408745511,-0.05141769058790546,-0.17420955339737365,0.01953125,0.22807017543859648,0.10526315789473684,-0.6723204495614035,,,False,,False,,,,-0.029099972628982562,False,248.54363254989093,False,False,0.7486354637284529,0.7647959018278041,0.024946884795536084,False,0.686494581292736
NKE,499,0.20548169468810917,"Nike, Inc.",Consumer Discretionary,SP500,38.23500061035156,0.003016833202757585,0.0013111952296269713,-0.06957378020682914,-0.11799598380144982,-0.33515761745857686,0.22265625,0.14035087719298245,0.021442495126705652,-0.09207099780701755,-0.47583701755982355,0.005218511766373002,False,-0.03861766257747201,False,-0.07188684242760035,-0.24486840221289796,0.07745482524526404,-0.015147559753503681,False,1053.9525938233276,False,False,0.8905080747642946,1.0030565501193205,-0.0017051056802265263,False,0.6886718924231402
FER,500,0.1926375182748538,Ferrovial,Industrials,NDX,57.84000015258789,0.0024263325441471473,-0.03503501038095358,-0.1304870253835657,-0.12878444518247223,-0.15864749102043285,0.07421875,0.12475633528265107,0.1286549707602339,-0.17016553971734893,,,False,,False,,,,-0.035695853782703235,False,92.94586426469172,False,False,0.9947742008509298,0.7435498667000875,0.005719202980832172,False,0.5146552126721
ODFL,501,0.18683829800194932,Old Dominion,Industrials,SP500,187.61000061035156,0.0032084173099833357,-0.05926887880222598,-0.1445832831246927,-0.2052444185771719,-0.1310985667292237,0.064453125,0.06627680311890838,0.15594541910331383,-0.6016919468810916,,,False,,False,,,,-0.048522260982046705,False,351.78053476384594,False,False,0.888305196003473,1.1119193938924268,-0.001283301649240065,False,1.1818774293402747
BLDR,502,0.18550309149610136,Builders FirstSource,Industrials,SP500,63.11000061035156,0.005096347987870287,-0.08096690995847666,-0.1626642124115678,-0.1501481444267151,-0.3425356598099082,0.05078125,0.10331384015594541,0.017543859649122806,-0.2736392848440546,,,False,,False,,,,-0.05452824743307949,False,164.03546281755533,False,False,0.9003206362877169,1.1575517544533094,0.003344466975803595,False,0.8331695078862897
AKAM,503,0.1853389985380117,Akamai Technologies,Information Technology,SP500,105.08999633789062,-0.012868708983314714,-0.027484742622659097,-0.1480340686024526,-0.34466203580753263,0.020489346593276947,0.060546875,0.023391812865497075,0.45614035087719296,-0.7070769371345029,,,False,,False,,,,-0.03439050310045311,False,419.0507877579651,False,False,1.0379323567536798,0.7063329226193804,-0.007326684069177691,False,0.5475965170578334
DECK,504,0.18404414900097466,Deckers Brands,Consumer Discretionary,SP500,83.74500274658203,-0.009872299200708645,-0.06398791098704426,-0.16145989342682643,-0.21996085813632715,-0.22986017664357006,0.0546875,0.05458089668615984,0.06042884990253411,-0.32627847831384016,,,False,,False,,,,-0.04261968466545163,False,237.08027622463072,False,False,0.8581076822794048,1.165847832728316,-0.0012414678961976122,False,1.0011883591366646
HON,505,0.17280892117446395,Honeywell Technologies,Industrials,SP500,206.07000732421875,-0.01862076618190689,-0.0661621016262881,-0.16922574384416755,-0.1172743636615462,-0.19437156705749625,0.03515625,0.14230019493177387,0.08382066276803118,-0.5119966800682261,,,False,,False,,,,-0.043525524100823554,False,902.9271406170683,False,False,0.8755042918749586,0.8020621444108134,0.003095576571574332,False,0.7187991807262166
COHR,506,0.17034828825536064,Coherent Corp.,Information Technology,SP500,268.30499267578125,-0.013693365144400116,-0.08854503812805337,-0.17120753847219805,-0.3572455324642322,-0.023848479317194915,0.033203125,0.01949317738791423,0.3586744639376218,-0.25199119761208577,-0.3714891811260985,2.0327228323016504,False,-0.12763294821149096,False,-0.14054807238293654,-0.024680194826537938,0.16353220915173639,-0.05265812042258167,False,1881.4271480298096,False,False,1.0247183548810732,0.8192795864924334,-0.014373428223560136,False,0.6270747839168199
NCLH,507,0.16587056834795325,Norwegian Cruise Line Holdings,Consumer Discretionary,SP500,15.569999694824219,0.00907319422420727,-0.08894092710312251,-0.22421525004609189,-0.1421487591146834,-0.2624349007745046,0.01171875,0.1111111111111111,0.04483430799220273,-0.6271701388888888,-0.42204902055808846,0.05273831879533453,False,-0.11654563577820665,False,-0.17943800567687618,-0.21640271689759805,0.21867696398112302,-0.054875421003207414,False,287.33413213286104,False,False,0.7116165966176342,1.0063641492328048,0.01296175018208201,False,0.7344588950493269
TPR,508,0.16124512670565302,"Tapestry, Inc.",Consumer Discretionary,SP500,123.12000274658203,0.008023607023340595,-0.05474086183046423,-0.21061741499660036,-0.11559631046535479,-0.21099595230221246,0.017578125,0.14619883040935672,0.07212475633528265,-0.4729417945906433,,,False,,False,,,,-0.030758033997364653,False,407.62822875565513,False,False,2.118108047994165,1.1187847578154944,0.006058603794558692,False,0.6777107971928553
EIX,509,0.1498507553606238,Edison International,Utilities,SP500,55.17300033569336,-0.06168365558551159,-0.25952222850809037,-0.2195077319253832,-0.2121372388398005,-0.23532168176379742,0.013671875,0.06042884990253411,0.056530214424951264,-0.3477742750974659,,,False,,False,,,,-0.14396217346714457,False,266.78526365743863,False,False,1.8444283529840702,3.9890533195810773,-0.03435374972744054,False,2.5493984298565873
APP,510,0.13971963328460038,AppLovin,Communication Services,SP500,319.04998779296875,0.023449020939205978,0.03550680913156179,-0.23981420416164645,-0.44107706630509413,-0.3391810662449075,0.0078125,0.005847953216374269,0.01949317738791423,-0.08594892178362573,,,False,,False,,,,0.01709973454147251,False,2404.6483908636596,False,False,1.2188979281732844,0.697603910458858,-0.013472707451794852,False,0.6340786030787232
TTD,511,0.1352156432748538,Trade Desk (The),Communication Services,SP500,14.550000190734863,0.0558781184822017,0.11665391319367813,-0.2476732122058477,-0.29231514743777487,-0.4219308642577796,0.005859375,0.029239766081871343,0.003898635477582846,-0.003963358918128657,-0.7312026620427059,0.11665391319367813,False,0.05411867842891249,True,-0.12815780154066436,-0.42479489234359913,0.14699655713744608,0.05430817935009746,False,343.5814268188402,False,False,1.697400986137321,0.8892093596186317,-0.009433970751818621,False,0.9792998009533288
PCG,512,0.13022622746101364,PG&E Corporation,Utilities,SP500,13.324999809265137,-0.05227600202102978,-0.2686607952011023,-0.23638972913027312,-0.20689869891261203,-0.2901433270569257,0.009765625,0.06432748538011696,0.04093567251461988,-0.44543813961988304,-0.29868689586217345,0.004144638252012056,False,-0.21595740826882226,False,-0.2255477277947714,-0.20310815694059592,0.29123515533440325,-0.14897977946978946,False,497.8946124238358,False,False,3.224789666773903,3.639370909411285,-0.035561876605806786,False,3.9264272913466463
MNST,513,0.10264604653996101,Monster Beverage,Consumer Staples,SP500,44.41999816894531,-0.012669559641165784,-0.07090573325604466,-0.528349989116488,-0.5011231164396913,-0.434931970181209,0.001953125,0.001949317738791423,0.001949317738791423,-0.8808631822612085,,,False,,False,,,,-0.05771930857012142,False,535.3472510245841,False,False,1.3640410553906135,1.192794789254475,0.007779472350822658,False,1.3326106677583678
